ticker,year,value,source,source_url,retrieved,note
A,2025,82873.0,"SEC EDGAR DEF 14A (pay ratio disclosure, Item 402(u))",https://www.sec.gov/Archives/edgar/data/1090872/000119312526040286/a-20260203.htm,2026-09-13,"DEF 14A filed 2026-02-06; median pay reconciles with the stated pay ratio 155:1 (ratio x median = $12,845,315 found in the proxy); quote: ""ified the median employee, the annual total compensation was then calculated according to the SEC's rules for the Summary Compensation Table. The annual total compensation of our median employee for fiscal year 2025 was $82,873. As disclosed in our Summary Compensati"""
AAPL,2025,139483.0,"SEC EDGAR DEF 14A (pay ratio disclosure, Item 402(u))",https://www.sec.gov/Archives/edgar/data/320193/000130817926000008/aapl014016-def14a.htm,2026-09-13,"DEF 14A filed 2026-01-08; median pay reconciles with the stated pay ratio 533:1 (ratio x median = $74,344,439 found in the proxy); quote: ""pensation in the table entitled “Summary Compensation Table-2025, 2024, and 2023.” The 2025 annual total compensation of our CEO was $74,294,811, the 2025 annual total compensation of our median compensated employee was $139,483, and the ratio of these amounts is 533"""
ABBV,2025,169019.0,"SEC EDGAR DEF 14A (pay ratio disclosure, Item 402(u))",https://www.sec.gov/Archives/edgar/data/1551152/000110465926033387/abbv-20260508xdef14a.htm,2026-09-13,"DEF 14A filed 2026-03-23; median pay reconciles with the stated pay ratio 192:1 (ratio x median = $32,451,648 found in the proxy); quote: ""nsation Table of this proxy statement, to the median employee annual total compensation determined on the same basis was 192:1. For 2025, the annual total compensation of our median employee (other than Mr. Michael) was $169,019. To identify the median employee, we pr"""
ABT,2025,145528.0,"SEC EDGAR DEF 14A (pay ratio disclosure, Item 402(u))",https://www.sec.gov/Archives/edgar/data/1800/000130817926000064/abt-20260311.htm,2026-09-13,"DEF 14A filed 2026-03-13; median pay reconciles with the stated pay ratio 166:1 (ratio x median = $24,157,648 found in the proxy); quote: ""Table on page 55 and then added the cost of medical and dental benefits ($16,795) in the calculation of annual total compensation for the median employee and CEO. The annual total compensation of our median employee was $145,528, resulting in a ratio of 166:1. The abo"""
ACGL,2025,132527.0,"SEC EDGAR DEF 14A (pay ratio disclosure, Item 402(u))",https://www.sec.gov/Archives/edgar/data/947484/000094748426000038/acgl-20260324.htm,2026-09-13,"DEF 14A filed 2026-03-24; median pay reconciles with the stated pay ratio 105:1 (ratio x median = $13,915,335 found in the proxy); quote: ""“2025 Summary Compensation Table,” and then added the estimated value of the median employee's health plan benefits. Based on the foregoing, the annual total compensation calculated for the median employee for 2025 was $132,527 . For purposes of the pay ratio rule, t"""
ACN,2025,64379.0,"SEC EDGAR DEF 14A (pay ratio disclosure, Item 402(u))",https://www.sec.gov/Archives/edgar/data/1467373/000130817925000651/acn-20251210.htm,2026-09-13,"DEF 14A filed 2025-12-12; median pay reconciles with the stated pay ratio 460:1 (ratio x median = $29,614,340 found in the proxy); quote: ""xy Statement Table of Contents Executive Compensation Our Fiscal 2025 Pay Ratio Applying a cost-of-living adjustment, our identified median employee is located in India, with annual total compensation for fiscal 2025 of $64,379. Comparing this to the annual total com"""
ADBE,2025,235989.0,"SEC EDGAR DEF 14A (pay ratio disclosure, Item 402(u))",https://www.sec.gov/Archives/edgar/data/796343/000079634326000043/adbe-20260227.htm,2026-09-13,"DEF 14A filed 2026-02-27; median pay reconciles with the stated pay ratio 217:1 (ratio x median = $51,209,613 found in the proxy); quote: ""nt and Mr. Wadhwani would not receive a severance payment. CEO Pay Ratio The fiscal year 2025 annual total compensation of our CEO was $51,173,935 and the annual total compensation of our median compensated employee was $235,989, based on the methodology presented in"""
ADI,2025,51411.0,"SEC EDGAR DEF 14A (pay ratio disclosure, Item 402(u))",https://www.sec.gov/Archives/edgar/data/6281/000000628126000010/adi-20260122.htm,2026-09-13,"DEF 14A filed 2026-01-23; median pay reconciles with the stated pay ratio 534:1 (ratio x median = $27,453,474 found in the proxy); quote: ""te that we utilize in our accounting system, as of our fiscal year end (November 1, 2025), to convert foreign currency to U.S. dollars. For fiscal year 2025, the annual total compensation of the same median employee was $51,411. The annual total compensation of our C"""
ADM,2025,85460.0,"SEC EDGAR DEF 14A (pay ratio disclosure, Item 402(u))",https://www.sec.gov/Archives/edgar/data/7084/000119312526126218/d911479ddef14a.htm,2026-09-13,"DEF 14A filed 2026-03-26; median pay reconciles with the stated pay ratio 280:1 (ratio x median = $23,928,800 found in the proxy); quote: ""ses over three years ago. Therefore, we completed a review of our global employee population as detailed below to determine a new median employee. Our median employee's annual total compensation for fiscal year 2025 was $85,460. The annual total compensation of our B"""
ADP,2025,67434.0,"SEC EDGAR DEF 14A (pay ratio disclosure, Item 402(u))",https://www.sec.gov/Archives/edgar/data/8670/000130817925000607/adp014341-def14a.htm,2026-09-13,"DEF 14A filed 2025-09-25; median pay reconciles with the stated pay ratio 284:1 (ratio x median = $19,151,256 found in the proxy); quote: ""rkforce (not including Ms. Black). For fiscal year 2025, an estimate of this ratio is 284:1, and is based on Ms. Black's 2025 Summary Compensation Table total of $19,137,192 and the 2025 total of our median associate of $67,434. To arrive at the ratio and calculate t"""
ADSK,2026,147841.0,"SEC EDGAR DEF 14A (pay ratio disclosure, Item 402(u))",https://www.sec.gov/Archives/edgar/data/769397/000076939726000030/adsk-20260429.htm,2026-09-13,"DEF 14A filed 2026-05-06; median pay reconciles with the stated pay ratio 203.5:1 (ratio x median = $30,085,644 found in the proxy); quote: ""l compensation of our median employee (excluding our CEO). The fiscal year 2026 annual total compensation of our CEO was $30,091,165. The fiscal year 2026 annual total compensation of our median compensated employee was $147,841, and the ratio of these amounts was 203"""
AEE,2025,125070.0,"SEC EDGAR DEF 14A (pay ratio disclosure, Item 402(u))",https://www.sec.gov/Archives/edgar/data/1002910/000110465926037756/tm261401-1_def14a.htm,2026-09-13,"DEF 14A filed 2026-03-31; median pay reconciles with the stated pay ratio 112:1 (ratio x median = $14,007,840 found in the proxy); quote: ""the event of retirement during the award period. CEO Pay Ratio We are providing the following information to comply with Item 402(u) of Regulation S-K: For 2025, the annual total compensation of our median employee was $125,070. We calculated the median employee's an"""
AEP,2025,140432.0,"SEC EDGAR DEF 14A (pay ratio disclosure, Item 402(u))",https://www.sec.gov/Archives/edgar/data/4904/000000490426000022/aep-20260318.htm,2026-09-13,"DEF 14A filed 2026-03-18; median pay reconciles with the stated pay ratio 261:1 (ratio x median = $36,652,752 found in the proxy); quote: ""025, had 2025 annual total compensation of $36,601,524, as reflected in the Summary Compensation Table included in this Proxy Statement. The 2025 annual total compensation of our median employee (other than the CEO) was $140,432. The median employee's total compensati"""
AES,2025,76082.0,"SEC EDGAR DEF 14A (pay ratio disclosure, Item 402(u))",https://www.sec.gov/Archives/edgar/data/874761/000087476126000070/aes-20260320.htm,2026-09-13,"DEF 14A filed 2026-03-20; median pay reconciles with the stated pay ratio 120:1 (ratio x median = $9,129,840 found in the proxy); quote: ""ee's annual total compensation are calculated consistent with the disclosure requirements of executive compensation under Item 402(c)(2)(x) of Regulation S-K. In 2025, the median employee's annual total compensation was $76,082, and the total annual compensation of o"""
AFL,2025,63153.0,"SEC EDGAR DEF 14A (pay ratio disclosure, Item 402(u))",https://www.sec.gov/Archives/edgar/data/4977/000162828026019621/afl-20260319.htm,2026-09-13,"DEF 14A filed 2026-03-19; median pay reconciles with the stated pay ratio 149.32:1 (ratio x median = $9,430,006 found in the proxy); quote: ""nnual total compensation of the CEO, as reported in the 2025 Summary Compensation Table included on page 59 , was $25,033,687; and • The annual total compensation of the median employee determined on this same basis was $63,153. Based on this information, the ratio o"""
AIG,2025,93766.0,"SEC EDGAR DEF 14A (pay ratio disclosure, Item 402(u))",https://www.sec.gov/Archives/edgar/data/5272/000000527226000039/aig-20260331.htm,2026-09-13,"DEF 14A filed 2026-03-31; median pay reconciles with the stated pay ratio 346:1 (ratio x median = $32,443,036 found in the proxy); quote: ""ans or programs in which they participated. 96 AIG 2026 PROXY STATEMENT 2025 Executive Compensation Pay Ratio Pay Ratio The 2025 annual total compensation of the median employee identified by us (as described below) was $93,766, and Mr. Zaffino's annualized 2025 tota"""
AIZ,2025,56767.0,"SEC EDGAR DEF 14A (pay ratio disclosure, Item 402(u))",https://www.sec.gov/Archives/edgar/data/1267238/000126723826000018/aiz-20260406.htm,2026-09-13,"DEF 14A filed 2026-04-06; median pay reconciles with the stated pay ratio 268:1 (ratio x median = $15,213,556 found in the proxy); quote: ""our CEO as set forth in the 2025 “Summary Compensation Table” foun d on page 76 . Fo r 2025, we estimate that our CEO to median em ployee pay ratio is 268 to 1, the annual total compensation for the median employee was $56,767 and the annual total compensation for o"""
AJG,2025,59957.0,"SEC EDGAR DEF 14A (pay ratio disclosure, Item 402(u))",https://www.sec.gov/Archives/edgar/data/354190/000035419026000101/ajg-20260323.htm,2026-09-13,"DEF 14A filed 2026-03-23; median pay reconciles with the stated pay ratio 346:1 (ratio x median = $20,745,122 found in the proxy); quote: ""ian compensated of all our other employees who were employed as of December 31, 2025. For 2025, Pat Gallagher's total compensation was $20,745,060 and the annual total compensation of our median compensated employee was $59,957. The ratio between these two amounts wa"""
AKAM,2025,129052.0,"SEC EDGAR DEF 14A (pay ratio disclosure, Item 402(u))",https://www.sec.gov/Archives/edgar/data/1086222/000108622226000042/akam-20260330.htm,2026-09-13,"DEF 14A filed 2026-03-31; median pay reconciles with the stated pay ratio 124:1 (ratio x median = $16,002,448 found in the proxy); quote: ""ief Executive Officer was $15,954,172, as reported in the Summary Compensation Table of this Proxy Statement. The 2025 annual total compensation as determined under Item 402 of Regulation S-K for our median employee was $129,052. Based on the foregoing, our estimate o"""
ALB,2025,71667.0,"SEC EDGAR DEF 14A (pay ratio disclosure, Item 402(u))",https://www.sec.gov/Archives/edgar/data/915913/000091591326000050/alb-20260323.htm,2026-09-13,"DEF 14A filed 2026-03-24; median pay reconciles with the stated pay ratio 216:1 (ratio x median = $15,480,072 found in the proxy); quote: ""cember 31, 2025 (calculated in accordance with Item 402(c)(2)(x) of Regulation S-K) and selected the median employee of this employee subset as our median employee for 2025. That median employee's total compensation was $71,667 for the year ended December 31, 2025 (c"""
ALL,2025,74782.0,"SEC EDGAR DEF 14A (pay ratio disclosure, Item 402(u))",https://www.sec.gov/Archives/edgar/data/899051/000089905126000063/all-20260410.htm,2026-09-13,"DEF 14A filed 2026-04-10; median pay reconciles with the stated pay ratio 306:1 (ratio x median = $22,883,292 found in the proxy); quote: ""ees to the annual total compensation of Mr. Wilson, our CEO. This pay ratio is a reasonable estimate calculated in a manner consistent with SEC rules. For 2025: • The annual total compensation of our median employee was $74,782. • The annual total compensation of our"""
ALLE,2025,71659.0,"SEC EDGAR DEF 14A (pay ratio disclosure, Item 402(u))",https://www.sec.gov/Archives/edgar/data/1579241/000110465926044597/alle-20260604xdef14a.htm,2026-09-13,"DEF 14A filed 2026-04-17; median pay reconciles with the stated pay ratio 128:1 (ratio x median = $9,172,352 found in the proxy); quote: ""Pay Ratio”). In 2025, our CEO's annual total compensation was $9,155,073 as reflected in the 2025 Summary Compensation Table included in this proxy statement. Our median employee's annual total compensation for 2025 was $71,659. As a result, the CEO Pay Ratio for 202"""
AMAT,2025,89744.0,"SEC EDGAR DEF 14A (pay ratio disclosure, Item 402(u))",https://www.sec.gov/Archives/edgar/data/6951/000119312526027307/d71992ddef14a.htm,2026-09-13,"DEF 14A filed 2026-01-28; median pay reconciles with the stated pay ratio 330:1 (ratio x median = $29,615,520 found in the proxy); quote: ""employees (other than the CEO). The fiscal 2025 annual total compensation of our CEO, Mr. Dickerson, was $29,649,352, the fiscal 2025 annual total compensation of our median compensated employee (other than the CEO) was $89,744, and the ratio of these amounts was app"""
AMD,2025,161780.0,"SEC EDGAR DEF 14A (pay ratio disclosure, Item 402(u))",https://www.sec.gov/Archives/edgar/data/2488/000119312526129057/d85856ddef14a.htm,2026-09-13,"DEF 14A filed 2026-03-27; median pay reconciles with the stated pay ratio 341:1 (ratio x median = $55,166,980 found in the proxy); quote: ""able of Contents 2026 NOTICE OF MEETING AND PROXY STATEMENT CHIEF EXECUTIVE OFFICER PAY RATIO For 2025: • the annual total compensation for the median employee of the Company (other than our Chief Executive Officer) was $161,780; and • the annual total compensation of"""
AME,2025,63719.0,"SEC EDGAR DEF 14A (pay ratio disclosure, Item 402(u))",https://www.sec.gov/Archives/edgar/data/1037868/000103786826000062/ame-20260311.htm,2026-09-13,"DEF 14A filed 2026-03-11; median pay reconciles with the stated pay ratio 258:1 (ratio x median = $16,439,502 found in the proxy); quote: ""cers as set forth in the Summary Compensation Table - 2025 on page 36 . The 2025 annual total compensation for our CEO was $16,462,630. The 2025 annual total compensation for our median employee, including overtime, was $63,719. The ratio of our CEO's annual total co"""
AMGN,2025,154123.0,"SEC EDGAR DEF 14A (pay ratio disclosure, Item 402(u))",https://www.sec.gov/Archives/edgar/data/318154/000119312526145588/d13946ddef14a.htm,2026-09-13,"DEF 14A filed 2026-04-07; median pay reconciles with the stated pay ratio 160:1 (ratio x median = $24,659,680 found in the proxy); quote: "". were converted to U.S. dollars using currency exchange rates as of December 31, 2025. No cost-of-living adjustments were made. We then determined the annual total compensation of our median employee for 2025 which was $154,123. As disclosed in the “Summary Compensat"""
AMP,2025,142997.0,"SEC EDGAR DEF 14A (pay ratio disclosure, Item 402(u))",https://www.sec.gov/Archives/edgar/data/820027/000110465926032725/amp-20260429xdef14a.htm,2026-09-13,"DEF 14A filed 2026-03-20; median pay reconciles with the stated pay ratio 232:1 (ratio x median = $33,175,304 found in the proxy); quote: ""CEO's annual total compensation to the annual total compensation of our median employee was 232:1. When excluding our employees based in India, the median annual total compensation for employees, other than our CEO, was $142,997. The ratio of this employee's compensat"""
AMT,2025,90534.0,"SEC EDGAR DEF 14A (pay ratio disclosure, Item 402(u))",https://www.sec.gov/Archives/edgar/data/1053507/000105350726000088/amt-20260406.htm,2026-09-13,"DEF 14A filed 2026-04-08; median pay reconciles with the stated pay ratio 164:1 (ratio x median = $14,847,576 found in the proxy); quote: ""of our median employee and Steven O. Vondran, our CEO: For 2025, our last completed fiscal year: • The annual total compensation of the employee identified as the median employee of our Company (other than our CEO) was $90,534; and • The annual total compensation of"""
AMZN,2025,40206.0,"SEC EDGAR DEF 14A (pay ratio disclosure, Item 402(u))",https://www.sec.gov/Archives/edgar/data/1018724/000110465926041026/tm261382-1_def14a.htm,2026-09-13,"DEF 14A filed 2026-04-09; median pay reconciles with the stated pay ratio 51:1 (ratio x median = $2,050,506 found in the proxy); quote: ""S OTHER INFORMATION Pay Ratio Disclosure The 2025 annual total compensation of our median compensated employee (identified from all full- and part-time permanent and temporary employees worldwide, excluding our CEO) was $40,206; Mr. Jassy's 2025 annual total compensa"""
ANET,2025,190815.0,"SEC EDGAR DEF 14A (pay ratio disclosure, Item 402(u))",https://www.sec.gov/Archives/edgar/data/1596532/000119312526158942/d66465ddef14a.htm,2026-09-13,"DEF 14A filed 2026-04-16; median pay reconciles with the stated pay ratio 15:1 (ratio x median = $2,862,225 found in the proxy); quote: ""pensation of our employees and the annual total compensation of our CEO: For 2025, our last completed fiscal year: 1. the median of the annual total compensation of all employees of our Company (other than our CEO), was $190,815; and 2. the annual total compensation o"""
AON,2025,89327.0,"SEC EDGAR DEF 14A (pay ratio disclosure, Item 402(u))",https://www.sec.gov/Archives/edgar/data/315293/000119312526187428/aon-20260428.htm,2026-09-13,"DEF 14A filed 2026-04-28; median pay reconciles with the stated pay ratio 826:1 (ratio x median = $73,784,102 found in the proxy); quote: ""of our median employee and the annual total compensation of our Chief Executive Officer, Mr. Case. For 2025, our last completed fiscal year, the median annual total compensation of our employees (excluding Mr. Case) was $89,327, and the annual total compensation of M"""
AOS,2025,44976.0,"SEC EDGAR DEF 14A (pay ratio disclosure, Item 402(u))",https://www.sec.gov/Archives/edgar/data/91142/000119312526089938/d79196ddef14a.htm,2026-09-13,"DEF 14A filed 2026-03-04; median pay reconciles with the stated pay ratio 115:1 (ratio x median = $5,172,240 found in the proxy); quote: ""cutive officer to the median annual total compensation of our employees. For the year ended December 31, 2025: • the median of the annual total compensation of all employees of our company was reasonably estimated to be $44,976; • the annual total compensation of our"""
APA,2025,237527.0,"SEC EDGAR DEF 14A (pay ratio disclosure, Item 402(u))",https://www.sec.gov/Archives/edgar/data/1841666/000119312526149453/apa-20260409.htm,2026-09-13,"DEF 14A filed 2026-04-09; median pay reconciles with the stated pay ratio 56:1 (ratio x median = $13,301,512 found in the proxy); quote: ""the following is a reasonable estimate of the ratio of the annual total compensation of our CEO to the annual total compensation of our median employee. The annual total compensation of our median employee for 2025 was $237,527. As disclosed in the Summary Compensati"""
APD,2025,71545.0,"SEC EDGAR DEF 14A (pay ratio disclosure, Item 402(u))",https://www.sec.gov/Archives/edgar/data/2969/000130817925000643/apd-20251210.htm,2026-09-13,"DEF 14A filed 2025-12-11; median pay reconciles with the stated pay ratio 171:1 (ratio x median = $12,234,195 found in the proxy); quote: ""as there has been no meaningful change in the composition of our employee population or pay design that we believe would significantly impact the pay ratio disclosure. • The median employee annual total compensation was $71,545. • The annual total compensation of our"""
APH,2025,18816.0,"SEC EDGAR DEF 14A (pay ratio disclosure, Item 402(u))",https://www.sec.gov/Archives/edgar/data/820313/000110465926040688/tm261344-1_def14a.htm,2026-09-13,"DEF 14A filed 2026-04-08; median pay reconciles with the stated pay ratio 1188:1 (ratio x median = $22,353,408 found in the proxy); quote: "". 58 TABLE OF CONTENTS For 2025, the total annual compensation (determined in accordance with the summary compensation table rules) of our Median Employee, who was a direct labor employee in one of our China plants, was $18,816 (based on the average US dollar to RMB"""
APP,2025,133808.0,"SEC EDGAR DEF 14A (pay ratio disclosure, Item 402(u))",https://www.sec.gov/Archives/edgar/data/1751008/000175100826000028/app-20260420.htm,2026-09-13,"DEF 14A filed 2026-04-21; median pay reconciles with the stated pay ratio 97:1 (ratio x median = $12,979,376 found in the proxy); quote: ""e was identified, we calculated the median employee's annual total compensation in accordance with the requirements of paragraph (c)(2)(x) of Regulation S-K Item 402 . Our median employee's annual total compensation was $133,808 . Our CEO's annual total compensation a"""
APTV,2025,10162.0,"SEC EDGAR DEF 14A (pay ratio disclosure, Item 402(u))",https://www.sec.gov/Archives/edgar/data/1521332/000119312526108328/aptv-20260311.htm,2026-09-13,"DEF 14A filed 2026-03-16; median pay reconciles with the stated pay ratio 1894:1 (ratio x median = $19,246,828 found in the proxy); quote: ""we calculated annual total compensation for the Median Employee using the same methodology as compensation reported in the 2025 Summary Compensation Table for the CEO. The Median Employee's annual total compensation is $10,162. When compared to our CEO's annual tota"""
ARES,2025,197440.0,"SEC EDGAR DEF 14A (pay ratio disclosure, Item 402(u))",https://www.sec.gov/Archives/edgar/data/1176948/000162828026026286/ares-20260420.htm,2026-09-13,"DEF 14A filed 2026-04-21; median pay reconciles with the stated pay ratio 346:1 (ratio x median = $68,314,240 found in the proxy); quote: ""al compensation for that employee using the same methodology we used for our NEOs as set forth in the Summary Compensation Table in this proxy statement. The annual total compensation of our median employee for 2025 was $197,440. • The annual total compensation of our"""
ATO,2025,94123.0,"SEC EDGAR DEF 14A (pay ratio disclosure, Item 402(u))",https://www.sec.gov/Archives/edgar/data/731802/000073180225000076/ato-20251218.htm,2026-09-13,"DEF 14A filed 2025-12-19; median pay reconciles with the stated pay ratio 106:1 (ratio x median = $9,977,038 found in the proxy); quote: ""was $94,123. The ratio of the annual total compensation of our President and Chief Executive Officer to the annual total compensation of our Median Employee was 106 to 1. CEO Pay Ratio Median employee total compensation $94,123 CEO total compensation $9,953,274 Ratio"""
AVGO,2025,378281.0,"SEC EDGAR DEF 14A (pay ratio disclosure, Item 402(u))",https://www.sec.gov/Archives/edgar/data/1730168/000119312526085691/d49254ddef14a.htm,2026-09-13,"DEF 14A filed 2026-03-02; median pay reconciles with the stated pay ratio 543:1 (ratio x median = $205,406,583 found in the proxy); quote: ""EO PAY RATIO For fiscal 2025, the annual total compensation of our CEO, as reported in the “ Fiscal 2025 Summary Compensation Table ,” is $205,278,006. The median of the annual total compensation of all our employees is $378,281. Therefore, the Ratio calculated in acc"""
AVY,2025,17158.0,"SEC EDGAR DEF 14A (pay ratio disclosure, Item 402(u))",https://www.sec.gov/Archives/edgar/data/8818/000119312526102965/d47885ddef14a.htm,2026-09-13,"DEF 14A filed 2026-03-12; median pay reconciles with the stated pay ratio 556:1 (ratio x median = $9,539,848 found in the proxy); quote: ""al minimum wage, and 98% of our employees were paid above the applicable legal minimum wage, at year-end 2025. 2025 PAY RATIO • The 2025 total compensation of our median employee (among all employees except our CEO) was $17,158. • The 2025 total compensation of our C"""
AXP,2025,56827.0,"SEC EDGAR DEF 14A (pay ratio disclosure, Item 402(u))",https://www.sec.gov/Archives/edgar/data/4962/000110465926034163/tm2519434-8_def14a.htm,2026-09-13,"DEF 14A filed 2026-03-25; median pay reconciles with the stated pay ratio 814:1 (ratio x median = $46,257,178 found in the proxy); quote: ""y ratio is 814:1. This reflects Mr. Squeri's compensation as reported in the 2025 Summary Compensation Table of $46,239,805, and the equivalent annual total compensation for the identified median compensated employee of $56,827. Median Total Annual Compensation Metho"""
AZO,2025,29017.0,"SEC EDGAR DEF 14A (pay ratio disclosure, Item 402(u))",https://www.sec.gov/Archives/edgar/data/866787/000110465925103210/azo-20251217xdef14a.htm,2026-09-13,"DEF 14A filed 2025-10-28; median pay reconciles with the stated pay ratio 331:1 (ratio x median = $9,604,627 found in the proxy); quote: ""employee as compared to the total compensation paid to our CEO. The analysis, which is described below, yielded the following results: Total compensation for the median employee for fiscal 2025 (not including the CEO): $ 29,017 Total compensation for the CEO: $ 9,636"""
BAC,2025,123990.0,"SEC EDGAR DEF 14A (pay ratio disclosure, Item 402(u))",https://www.sec.gov/Archives/edgar/data/70858/000119312526118929/d43888ddef14a.htm,2026-09-13,"DEF 14A filed 2026-03-23; median pay reconciles with the stated pay ratio 272:1 (ratio x median = $33,725,280 found in the proxy); quote: ""ompensation of our CEO to that of our median employee; and (iv) the methodology we used to calculate our CEO pay ratio: CEO pay ratio CEO annual total compensation* $ 33,720,446 Median employee annual total compensation $ 123,990 CEO to median employee pay ratio 272:1"""
BDX,2025,45831.0,"SEC EDGAR DEF 14A (pay ratio disclosure, Item 402(u))",https://www.sec.gov/Archives/edgar/data/10795/000162828025057846/bdx-20251217.htm,2026-09-13,"DEF 14A filed 2025-12-18; median pay reconciles with the stated pay ratio 374:1 (ratio x median = $17,140,794 found in the proxy); quote: ""s annual total compensation to the median of the annual total compensation of all our other worldwide employees. For fiscal year 2025, the median annual total compensation of all our employees (other than Mr. Polen) was $45,831 and Mr. Polen's annual total compensati"""
BEN,2025,149010.0,"SEC EDGAR DEF 14A (pay ratio disclosure, Item 402(u))",https://www.sec.gov/Archives/edgar/data/38777/000114036125046314/ny20055304x771_def14a.htm,2026-09-13,"DEF 14A filed 2025-12-22; median pay reconciles with the stated pay ratio 113:1 (ratio x median = $16,838,130 found in the proxy); quote: ""nsation of all employees, other than the CEO. Ms. Johnson had annual total compensation of $16,844,816 as reflected in the fiscal year 2025 Summary Compensation Table. Our median employee's annual total compensation was $149,010. The resulting ratio of our CEO's annua"""
BF.B,2026,57651.0,"SEC EDGAR DEF 14A (pay ratio disclosure, Item 402(u))",https://www.sec.gov/Archives/edgar/data/14693/000119312526275853/d39207ddef14a.htm,2026-09-13,"DEF 14A filed 2026-06-18; median pay reconciles with the stated pay ratio 439:1 (ratio x median = $25,308,789 found in the proxy); quote: ""In identifying our median employee, we did not utilize material estimates, statistical sampling, or assumptions. Following the above methodology, our median employee for fiscal 2026 received annual total compensation of $57,651 in fiscal 2026. Consequently, the ratio"""
BIIB,2025,208335.0,"SEC EDGAR DEF 14A (pay ratio disclosure, Item 402(u))",https://www.sec.gov/Archives/edgar/data/875045/000119312526187303/d788083ddef14a.htm,2026-09-13,"DEF 14A filed 2026-04-28; median pay reconciles with the stated pay ratio 113:1 (ratio x median = $23,541,855 found in the proxy); quote: ""the Summary Compensation Table, which results in an annual total compensation for 2025 of $23,646,004. The annual total compensation of the median employee, as determined in accordance with the SEC's rules, for 2025 was $208,335. Based on the foregoing, our estimate o"""
BKNG,2025,101004.0,"SEC EDGAR DEF 14A (pay ratio disclosure, Item 402(u))",https://www.sec.gov/Archives/edgar/data/1075531/000130817926000310/bkng-20260420.htm,2026-09-13,"DEF 14A filed 2026-04-21; median pay reconciles with the stated pay ratio 351:1 (ratio x median = $35,452,404 found in the proxy); quote: ""wards because we do not distribute equity awards to all employees. Mr. Fogel's annual total compensation for 2025 was $35,418,102. Calculated in the same manner, the total compensation of our median employee in 2025 was $101,004, and the ratio of these two amounts is"""
BKR,2025,68720.0,"SEC EDGAR DEF 14A (pay ratio disclosure, Item 402(u))",https://www.sec.gov/Archives/edgar/data/1701605/000119312526130309/d939028ddef14a.htm,2026-09-13,"DEF 14A filed 2026-03-30; median pay reconciles with the stated pay ratio 310:1 (ratio x median = $21,303,200 found in the proxy); quote: ""tio calculations was used for the fiscal year 2025 pay ratio calculation, as permitted by the Pay Ratio Rule. We have estimated the median of the 2025 annual total compensation of our employees, excluding our CEO, to be $68,720. The 2025 annualized total compensation"""
BLDR,2025,74761.0,"SEC EDGAR DEF 14A (pay ratio disclosure, Item 402(u))",https://www.sec.gov/Archives/edgar/data/1316835/000119312526140509/bldr-20260402.htm,2026-09-13,"DEF 14A filed 2026-04-02; median pay reconciles with the stated pay ratio 109:1 (ratio x median = $8,148,949 found in the proxy); quote: ""compensation of our CEO to that of our median employee; and (iv) the methodology we used to calculate our CEO pay ratio: CEO Pay Ratio CEO Annual Total Compensation $ 8,153,385 Median Employee Annual Total Compensation $ 74,761 Median Employee Pay Ratio 109:1 To dete"""
BLK,2025,153770.0,"SEC EDGAR DEF 14A (pay ratio disclosure, Item 402(u))",https://www.sec.gov/Archives/edgar/data/2012383/000130817926000262/ny-20260410.htm,2026-09-13,"DEF 14A filed 2026-04-10; median pay reconciles with the stated pay ratio 245:1 (ratio x median = $37,673,650 found in the proxy); quote: ""r 2025, we calculated that employee's annual total compensation in accordance with the same methodology as used for the Summary Compensation Table. On that basis, the annual total compensation of our median employee was $153,770. 3. Annual Total Compensation of CEO. F"""
BMY,2025,167191.0,"SEC EDGAR DEF 14A (pay ratio disclosure, Item 402(u))",https://www.sec.gov/Archives/edgar/data/14272/000001427226000006/bmy-20260325.htm,2026-09-13,"DEF 14A filed 2026-03-25; median pay reconciles with the stated pay ratio 131:1 (ratio x median = $21,902,021 found in the proxy); quote: ""would require us to change our methodology for 2025. We calculated that the median employee's 2025 total compensation, as determined in the same manner as “Total Compensation” in the 2025 Summary Compensation Table, as $167,191. Dr. Boerner had an annual total compen"""
BNY,2025,81987.0,"SEC EDGAR DEF 14A (pay ratio disclosure, Item 402(u))",https://www.sec.gov/Archives/edgar/data/1390777/000119312526092500/d52987ddef14a.htm,2026-09-13,"DEF 14A filed 2026-03-05; median pay reconciles with the stated pay ratio 1018:1 (ratio x median = $83,462,766 found in the proxy); quote: ""nnual total compensation of our median employee, the annual total compensation of Mr. Vince, and the ratio of those two values: • The 2025 annual total compensation of the median employee of BNY (other than our CEO) was $81,987 1. ; • The 2025 annual total compensati"""
BR,2025,79503.0,"SEC EDGAR DEF 14A (pay ratio disclosure, Item 402(u))",https://www.sec.gov/Archives/edgar/data/1383312/000114036125037069/ny20050521x1_def14a.htm,2026-09-13,"DEF 14A filed 2025-10-02; median pay reconciles with the stated pay ratio 216:1 (ratio x median = $17,172,648 found in the proxy); quote: ""s for Mr. Gokey to the “Total” compensation shown for our CEO in the “Summary Compensation” table on page 59 of this Proxy Statement. The fiscal year 2025 annual total compensation of our median compensated employee was $79,503 including the Company's cost of benefit"""
BRK.B,2025,93709.0,"SEC EDGAR DEF 14A (pay ratio disclosure, Item 402(u))",https://www.sec.gov/Archives/edgar/data/1067983/000119312526106253/d882687ddef14a.htm,2026-09-13,"DEF 14A filed 2026-03-13; median pay reconciles with the stated pay ratio 4.16:1 (ratio x median = $389,829 found in the proxy); quote: ""disclosure. Based on the information obtained as described in the preceding paragraphs, the ratio of Mr. Buffett's annual total compensation ($ 389,488 ) to the annual total compensation of the median employee in 2025 ($93,709) was 4.16 to 1. Insider Trading Policy"""
BRO,2026,74010.0,"SEC EDGAR DEF 14A (pay ratio disclosure, Item 402(u))",https://www.sec.gov/Archives/edgar/data/79282/000119312526122172/d30704ddef14a.htm,2026-09-13,"DEF 14A filed 2026-03-24; median pay reconciles with the stated pay ratio 117:1 (ratio x median = $8,659,170 found in the proxy); quote: ""nt and Chief Executive Officer: Chief Executive Officer Pay Ratio For 2025, our last completed fiscal year: • the median of the annual total compensation of all employees of our company, other than Mr. Powell Brown, was $74,010 and • the annual total compensation of"""
C,2025,73145.0,"SEC EDGAR DEF 14A (pay ratio disclosure, Item 402(u))",https://www.sec.gov/Archives/edgar/data/831001/000120677426000185/citi4583461-def14a.htm,2026-09-13,"DEF 14A filed 2026-04-02; median pay reconciles with the stated pay ratio 577:1 (ratio x median = $42,204,665 found in the proxy); quote: ""n this information is a reasonable estimate calculated in a manner consistent with Item 402(u) of Regulation S-K. ● For 2025, the median annual total compensation of all employees of our Company (other than the CEO) was $73,145, and the annual total compensation of o"""
CAH,2025,72657.0,"SEC EDGAR DEF 14A (pay ratio disclosure, Item 402(u))",https://www.sec.gov/Archives/edgar/data/721371/000072137125000114/cah-20250916.htm,2026-09-13,"DEF 14A filed 2025-09-16; median pay reconciles with the stated pay ratio 261:1 (ratio x median = $18,963,477 found in the proxy); quote: ""ratio of the annual total compensation of Mr. Hollar, our CEO, to the annual total compensation of our median employee. For fiscal 2025, the median annual total compensation of all our employees (other than the CEO) was $72,657. Mr. Hollar's annual total compensation"""
CARR,2025,46976.0,"SEC EDGAR DEF 14A (pay ratio disclosure, Item 402(u))",https://www.sec.gov/Archives/edgar/data/1783180/000178318026000016/carr-20260303.htm,2026-09-13,"DEF 14A filed 2026-03-03; median pay reconciles with the stated pay ratio 319:1 (ratio x median = $14,985,344 found in the proxy); quote: ""de employee fringe benefits, such as company contributions to healthcare and retirement plans. Results The 2025 total annual compensation value for Mr. Gitlin was $14,962,913 and for Carrier's global median employee was $46,976, resulting in a ratio of 319:1 . Compar"""
CASY,2026,20065.0,"SEC EDGAR DEF 14A (pay ratio disclosure, Item 402(u))",https://www.sec.gov/Archives/edgar/data/726958/000114036126029280/ny20072699x1_def14a.htm,2026-09-13,"DEF 14A filed 2026-07-22; median pay reconciles with the stated pay ratio 735:1 (ratio x median = $14,747,775 found in the proxy); quote: ""al compensation of our CEO, Mr. Rebelez, as provided in the Summary Compensation Table, was $14,741,268. The annual total compensation of our median employee, a part-time store team member located in rural Missouri, was $20,065, which was calculated using the same me"""
CAT,2025,89253.0,"SEC EDGAR DEF 14A (pay ratio disclosure, Item 402(u))",https://www.sec.gov/Archives/edgar/data/18230/000130817926000358/cat014496-def14a.htm,2026-09-13,"DEF 14A filed 2026-04-30; median pay reconciles with the stated pay ratio 196:1 (ratio x median = $17,493,588 found in the proxy); quote: ""result, the company's compensation programs vary among each local market to provide for a competitive compensation package. ■ The median annual total compensation of all Caterpillar employees, other than Mr. Creed, was $89,253. ■ Mr. Creed's annualized total compens"""
CBOE,2025,197994.0,"SEC EDGAR DEF 14A (pay ratio disclosure, Item 402(u))",https://www.sec.gov/Archives/edgar/data/1374310/000162828026022939/cboe-20260401.htm,2026-09-13,"DEF 14A filed 2026-04-02; median pay reconciles with the stated pay ratio 102:1 (ratio x median = $20,195,388 found in the proxy); quote: ""formation is a reasonable estimate calculated in a manner consistent with Item 402(u) of Regulation S-K. For 2025, the median of the annual total compensation of all employees of the Company (other than Mr. Donohue) was $197,994 and the annual total compensation of Mr"""
CBRE,2025,71351.0,"SEC EDGAR DEF 14A (pay ratio disclosure, Item 402(u))",https://www.sec.gov/Archives/edgar/data/1138118/000119312526141285/cbre-20260402.htm,2026-09-13,"DEF 14A filed 2026-04-03; median pay reconciles with the stated pay ratio 341:1 (ratio x median = $24,330,691 found in the proxy); quote: ""covenants through all applicable vesting dates. Table of Contents CBRE 2026 PROXY STATEMENT EXECUTIVE COMPENSATION - CEO PAY RATIO 87 CEO P ay Ratio In 2025, the ratio of CEO pay of $24,343,379 to median employee pay of $71,351 was 341:1. As is permitted under SEC ru"""
CCL,2025,17773.0,"SEC EDGAR DEF 14A (pay ratio disclosure, Item 402(u))",https://www.sec.gov/Archives/edgar/data/815097/000110465926021074/tm2529359-1_def14a.htm,2026-09-13,"DEF 14A filed 2026-02-27; median pay reconciles with the stated pay ratio 1063:1 (ratio x median = $18,892,699 found in the proxy); quote: ""compensation of our median employee. The 2025 annual total compensation of our CEO as set forth in the Summary Compensation Table is $18,887,776, the 2025 annual total compensation of our median compensated employee is $17,773, and the ratio of these amounts is 1,06"""
CDNS,2025,95689.0,"SEC EDGAR DEF 14A (pay ratio disclosure, Item 402(u))",https://www.sec.gov/Archives/edgar/data/813672/000119312526124264/d932644ddef14a.htm,2026-09-13,"DEF 14A filed 2026-03-25; median pay reconciles with the stated pay ratio 592:1 (ratio x median = $56,647,888 found in the proxy); quote: ""ompensation Table with respect to each of Cadence's NEOs. PAY RATIO For 2025, Cadence's last completed fiscal year: • The median of the annual total compensation of all of Cadence's employees, other than Dr. Devgan, was $95,689. • Dr. Devgan's annual total compensati"""
CFG,2025,80559.0,"SEC EDGAR DEF 14A (pay ratio disclosure, Item 402(u))",https://www.sec.gov/Archives/edgar/data/759944/000075994426000064/cfg-20260309.htm,2026-09-13,"DEF 14A filed 2026-03-09; median pay reconciles with the stated pay ratio 155:1 (ratio x median = $12,486,645 found in the proxy); quote: ""tion. For the year ended December 31, 2025: • The annual total compensation for Mr. Van Saun as reported in the 2025 Summary Compensation Table was $12,513,920. • The annual total compensation of our median employee was $80,559. • The resulting ratio of Mr. Van Saun'"""
CHRW,2025,62176.0,"SEC EDGAR DEF 14A (pay ratio disclosure, Item 402(u))",https://www.sec.gov/Archives/edgar/data/1043277/000104327726000011/chrw-20260323.htm,2026-09-13,"DEF 14A filed 2026-03-24; median pay reconciles with the stated pay ratio 178:1 (ratio x median = $11,067,328 found in the proxy); quote: ""nual total compensation of our median employee and the annual compensation of David P. Bozeman, our President and CEO. For 2025, our last completed fiscal year: à the annual total compensation of our median employee was $62,176; and à the annual total compensation of"""
CI,2025,73674.0,"SEC EDGAR DEF 14A (pay ratio disclosure, Item 402(u))",https://www.sec.gov/Archives/edgar/data/1739940/000173994026000023/ci-20260312.htm,2026-09-13,"DEF 14A filed 2026-03-13; median pay reconciles with the stated pay ratio 310:1 (ratio x median = $22,838,940 found in the proxy); quote: ""e with the requirements of the Summary Compensation Table. Based on our calculation for 2025, our CEO's annual total compensation for 2025 was $22,866,134 and our median employee's annual total compensation for 2025 was $73,674. Accordingly, we estimated our CEO Pay"""
CIEN,2025,111613.0,"SEC EDGAR DEF 14A (pay ratio disclosure, Item 402(u))",https://www.sec.gov/Archives/edgar/data/936395/000119312526047977/cien-20260212.htm,2026-09-13,"DEF 14A filed 2026-02-12; median pay reconciles with the stated pay ratio 166:1 (ratio x median = $18,527,758 found in the proxy); quote: ""elationship between the annual total compensation of our median employee and the annual total compensation of our CEO. CEO Pay Ratio CEO Annual Total Compensation * $ 18,530,396 Median Employee Annual Total Compensation $ 111,613 CEO to Median Employee Pay Ratio 166:1"""
CINF,2025,128245.0,"SEC EDGAR DEF 14A (pay ratio disclosure, Item 402(u))",https://www.sec.gov/Archives/edgar/data/20286/000002028626000015/cinf-20260316.htm,2026-09-13,"DEF 14A filed 2026-03-18; median pay reconciles with the stated pay ratio 46.3:1 (ratio x median = $5,937,744 found in the proxy); quote: ""ology we use for our named executive officers as set forth in the 2025 Summary Compensation Table. Using this formula, the total annual compensation calculated for our CEO was $5,943,492, and for our median employee was $128,245. The resulting ratio for our CEO's pay"""
CMG,2025,17446.0,"SEC EDGAR DEF 14A (pay ratio disclosure, Item 402(u))",https://www.sec.gov/Archives/edgar/data/1058090/000114036126017294/ny20063214x1_def14a.htm,2026-09-13,"DEF 14A filed 2026-04-28; median pay reconciles with the stated pay ratio 886:1 (ratio x median = $15,457,156 found in the proxy); quote: ""our median employee is not necessarily representative of the compensation of other restaurant employees or of our overall compensation practices. Based on an annual total compensation of our median employee for 2025 of $17,446, and the annual total compensation of $"""
CMS,2025,182851.0,"SEC EDGAR DEF 14A (pay ratio disclosure, Item 402(u))",https://www.sec.gov/Archives/edgar/data/811156/000081115626000015/cms-20260326.htm,2026-09-13,"DEF 14A filed 2026-03-26; median pay reconciles with the stated pay ratio 57.6:1 (ratio x median = $10,532,218 found in the proxy); quote: ""e company or industry experience. Consumers Median Employee For the fiscal year ended December 31, 2025, the median of the annual total compensation of all Consumers employees (other than Rochow, President and CEO), was $182,851; and the annual total compensation of t"""
CNP,2025,130189.0,"SEC EDGAR DEF 14A (pay ratio disclosure, Item 402(u))",https://www.sec.gov/Archives/edgar/data/1130310/000110465926023457/tm261341-3_def14a.htm,2026-09-13,"DEF 14A filed 2026-03-04; median pay reconciles with the stated pay ratio 93:1 (ratio x median = $12,107,577 found in the proxy); quote: ""• Using the median employee identified in 2025, we combined all of the elements of this employee's compensation for 2025 in accordance with Item 402(c)(2)(x) of Regulation S-K, resulting in total annual compensation of $130,189. With respect to the annual total compe"""
COF,2025,123454.0,"SEC EDGAR DEF 14A (pay ratio disclosure, Item 402(u))",https://www.sec.gov/Archives/edgar/data/927628/000119312526124131/d701179ddef14a.htm,2026-09-13,"DEF 14A filed 2026-03-25; median pay reconciles with the stated pay ratio 283:1 (ratio x median = $34,937,482 found in the proxy); quote: ""“Annual Total Compensation”) of our median employee and the Annual Total Compensation of our CEO, Richard D. Fairbank. For 2025, our last completed fiscal year: ∎ The Annual Total Compensation of our median employee was $123,454 ∎ The Annual Total Compensation of Mr."""
COHR,2025,22791.0,"SEC EDGAR DEF 14A (pay ratio disclosure, Item 402(u))",https://www.sec.gov/Archives/edgar/data/820318/000110465925096170/tm2513374-4_def14a.htm,2026-09-13,"DEF 14A filed 2025-10-02; median pay reconciles with the stated pay ratio 163:1 (ratio x median = $3,714,933 found in the proxy); quote: ""annual total compensation of James Anderson was $3,722,935 as reported in the Summary Compensation Table and the annual total compensation of our median compensated employee, also referred to as our median employee, was $22,791, and the ratio of these amounts is 1 to"""
COIN,2025,217526.0,"SEC EDGAR DEF 14A (pay ratio disclosure, Item 402(u))",https://www.sec.gov/Archives/edgar/data/1679788/000167978826000045/coin-20260424.htm,2026-09-13,"DEF 14A filed 2026-04-24; median pay reconciles with the stated pay ratio 45:1 (ratio x median = $9,788,670 found in the proxy); quote: ""ive Officer of the Company was Mr. Armstrong. The 2025 total compensation for Mr. Armstrong, as reported in the 2025 Summary Compensation Table, was $9,713,000 and the 2025 total compensation for our median employee was $217,526, resulting in a pay ratio of approximat"""
COO,2025,48540.0,"SEC EDGAR DEF 14A (pay ratio disclosure, Item 402(u))",https://www.sec.gov/Archives/edgar/data/711404/000162828026011110/coo-20260224.htm,2026-09-13,"DEF 14A filed 2026-02-24; median pay reconciles with the stated pay ratio 331:1 (ratio x median = $16,066,740 found in the proxy); quote: ""n employee's total annual compensation in accordance with the requirements of the Summary Compensation Table. As calculated, we determined: • The annual total compensation of our median-paid employee for fiscal 2025 was $48,540. • The annual total compensation of our"""
COP,2025,212063.0,"SEC EDGAR DEF 14A (pay ratio disclosure, Item 402(u))",https://www.sec.gov/Archives/edgar/data/1163165/000110465926036366/tm2523177-3_def14a.htm,2026-09-13,"DEF 14A filed 2026-03-30; median pay reconciles with the stated pay ratio 111:1 (ratio x median = $23,538,993 found in the proxy); quote: ""ompensation of the CEO was $23,469,730. The estimated median of the annual total compensation of all ConocoPhillips employees other than the CEO, as represented by the annual total compensation of a median employee, was $212,063. The compensation of the CEO and the me"""
COR,2025,92438.0,"SEC EDGAR DEF 14A (pay ratio disclosure, Item 402(u))",https://www.sec.gov/Archives/edgar/data/1140859/000162828026003061/cor-20260122.htm,2026-09-13,"DEF 14A filed 2026-01-22; median pay reconciles with the stated pay ratio 198:1 (ratio x median = $18,302,724 found in the proxy); quote: ""ion Measure (“CACM”), as more fully set forth below, we determined that the annual total compensation of our median employee of those employed as of August 1, 2024, other than the CEO and certain non-U.S. employees, was $92,438. Our CEO's fiscal 2025 total compensati"""
COST,2025,66262.0,"SEC EDGAR DEF 14A (pay ratio disclosure, Item 402(u))",https://www.sec.gov/Archives/edgar/data/909832/000090983225000159/cost-20251204.htm,2026-09-13,"DEF 14A filed 2025-12-04; median pay reconciles with the stated pay ratio 210:1 (ratio x median = $13,915,020 found in the proxy); quote: ""it is appropriate to present a supplemental calculation using the same methodology as above except that it includes only workers who are full-time. Using this methodology, the median employee has a total compensation of $66,262, resulting in a pay ratio of 210:1. PAY"""
CPAY,2025,52527.0,"SEC EDGAR DEF 14A (pay ratio disclosure, Item 402(u))",https://www.sec.gov/Archives/edgar/data/1175454/000117545426000022/cpay-20260410.htm,2026-09-13,"DEF 14A filed 2026-04-10; median pay reconciles with the stated pay ratio 65:1 (ratio x median = $3,414,255 found in the proxy); quote: ""gn currency based on average rates for 2025 . The annual total compensation for fiscal year 2025 for our CEO was $3,406,867 , as set forth in the 2025 Summary Compensation Table above, and for our median employee it was $52,527, making the resulting ratio approximate"""
CPRT,2025,44620.0,"SEC EDGAR DEF 14A (pay ratio disclosure, Item 402(u))",https://www.sec.gov/Archives/edgar/data/900075/000119312525249664/d84887ddef14a.htm,2026-09-13,"DEF 14A filed 2025-10-24; median pay reconciles with the stated pay ratio 46:1 (ratio x median = $2,052,520 found in the proxy); quote: ""e, and at all levels of the organization. For fiscal year 2025, our last completed fiscal year: • the median of the annual total compensation of all employees of our company (other than our chief executive officer), was $44,620; and • the annual total compensation of"""
CRL,2025,61430.0,"SEC EDGAR DEF 14A (pay ratio disclosure, Item 402(u))",https://www.sec.gov/Archives/edgar/data/1100682/000110465926037367/tm261421-1_def14a.htm,2026-09-13,"DEF 14A filed 2026-03-31; median pay reconciles with the stated pay ratio 251:1 (ratio x median = $15,418,930 found in the proxy); quote: ""we collectively refer to as the Pay Ratio Rule), we are providing the following estimated information for 2025: • the median of the annual total compensation of all our employees (except our Chief Executive Officer) was $61,430; • the annual total compensation of our"""
CRWD,2026,178015.0,"SEC EDGAR DEF 14A (pay ratio disclosure, Item 402(u))",https://www.sec.gov/Archives/edgar/data/1535527/000110465926055599/tm2532333-4_def14a.htm,2026-09-13,"DEF 14A filed 2026-05-05; median pay reconciles with the stated pay ratio 1391:1 (ratio x median = $247,618,865 found in the proxy); quote: ""(which we collectively refer to as the “Pay Ratio Rule”), we are providing the following estimated information for fiscal 2026: • the median of the annual total compensation of all our employees (excluding our CEO) was $178,015; • the annual total compensation of our"""
CSX,2025,122362.0,"SEC EDGAR DEF 14A (pay ratio disclosure, Item 402(u))",https://www.sec.gov/Archives/edgar/data/277948/000162828026021944/csx-20260326.htm,2026-09-13,"DEF 14A filed 2026-03-30; median pay reconciles with the stated pay ratio 123:1 (ratio x median = $15,050,526 found in the proxy); quote: ""in a manner consistent with Item 402(u) of Regulation S-K. For 2025, the last completed fiscal year: u The annual total compensation of the individual identified as the Company's median employee, other than the CEO, was $122,362. This represents a decrease of $1,573 o"""
CTSH,2025,45138.0,"SEC EDGAR DEF 14A (pay ratio disclosure, Item 402(u))",https://www.sec.gov/Archives/edgar/data/1058290/000130817926000290/ctsh014861-def14a.htm,2026-09-13,"DEF 14A filed 2026-04-17; median pay reconciles with the stated pay ratio 153:1 (ratio x median = $6,906,114 found in the proxy); quote: ""ear ended December 31, 2025. Category Median Employee Annual Total Compensation CEO Annual Total Compensation Pay Ratio (CEO: median employee) CEO Pay to Worldwide Median Employee Pay (SEC-required pay ratio disclosure) $ 45,138 $ 21,532,448 477 : 1 CEO Pay to U.S. Me"""
CTVA,2025,85012.0,"SEC EDGAR DEF 14A (pay ratio disclosure, Item 402(u))",https://www.sec.gov/Archives/edgar/data/1755672/000119312526116069/ctva-20260319.htm,2026-09-13,"DEF 14A filed 2026-03-19; median pay reconciles with the stated pay ratio 206:1 (ratio x median = $17,512,472 found in the proxy); quote: ""and compared it to the total compensation of our CEO. The Company's CEO compensation for 2025, as reported in the ""2025 Summary Compensation Table"", was $17,499,399. The compensation of our median employee for 2025 was $85,012. Based upon the total CEO compensation"""
CVS,2025,63262.0,"SEC EDGAR DEF 14A (pay ratio disclosure, Item 402(u))",https://www.sec.gov/Archives/edgar/data/64803/000130817926000201/cvs014969-def14a.htm,2026-09-13,"DEF 14A filed 2026-04-03; median pay reconciles with the stated pay ratio 336:1 (ratio x median = $21,256,032 found in the proxy); quote: ""and Bermuda (1). Consistent with our historical methodology, we also excluded employees who joined CVS Health through acquisitions completed during 2025. The annual total compensation of the median employee for 2025 was $63,262, calculated in accordance with the rule"""
CVX,2025,152970.0,"SEC EDGAR DEF 14A (pay ratio disclosure, Item 402(u))",https://www.sec.gov/Archives/edgar/data/93410/000119312526145617/d77994ddef14a.htm,2026-09-13,"DEF 14A filed 2026-04-07; median pay reconciles with the stated pay ratio 175:1 (ratio x median = $26,769,750 found in the proxy); quote: ""EO to the annual total compensation of our median employee was 175:1 for 2025, calculated by dividing our CEO 2025 annual total compensation of $26,828,240 by the 2025 annual total compensation of our median employee of $152,970. 1 The SEC's rules for identifying the"""
D,2025,149396.0,"SEC EDGAR DEF 14A (pay ratio disclosure, Item 402(u))",https://www.sec.gov/Archives/edgar/data/715957/000119312526115180/d-20260319.htm,2026-09-13,"DEF 14A filed 2026-03-19; median pay reconciles with the stated pay ratio 107:1 (ratio x median = $15,985,372 found in the proxy); quote: ""to as the “CEO pay ratio.” Mr. Blue had 2025 annual total compensation of $16,037,850 as reflected in the SEC Total column of the Summary Compensation Table . Our median employee's annual total compensation for 2025 was $149,396. As a result, we estimate that the rati"""
DASH,2025,36373.0,"SEC EDGAR DEF 14A (pay ratio disclosure, Item 402(u))",https://www.sec.gov/Archives/edgar/data/1792789/000179278926000018/dash-20260420.htm,2026-09-13,"DEF 14A filed 2026-04-20; median pay reconciles with the stated pay ratio 12:1 (ratio x median = $436,476 found in the proxy); quote: ""of our median employee and the total annual compensation of our CEO is a reasonable estimate calculated in accordance with Item 402(u) of Regulation S-K. In 2025, the total annual compensation of our median employee was $36,373 and the total annual compensation of ou"""
DD,2025,85492.0,"SEC EDGAR DEF 14A (pay ratio disclosure, Item 402(u))",https://www.sec.gov/Archives/edgar/data/1666700/000119312526151204/d11932ddef14a.htm,2026-09-13,"DEF 14A filed 2026-04-10; median pay reconciles with the stated pay ratio 189:1 (ratio x median = $16,157,988 found in the proxy); quote: ""ition from Executive Chairman to non-executive Chairman. We calculated the estimated ratio of CEO pay to median employee pay for 2025 using the following data: • The annual total compensation for the median employee was $85,492, determined in the same manner used to"""
DDOG,2025,206250.0,"SEC EDGAR DEF 14A (pay ratio disclosure, Item 402(u))",https://www.sec.gov/Archives/edgar/data/1561550/000162828026028118/ddog-20260429.htm,2026-09-13,"DEF 14A filed 2026-04-29; median pay reconciles with the stated pay ratio 131:1 (ratio x median = $27,018,750 found in the proxy); quote: ""r our Chief Executive Officer was $27,055,481, as reported in the 2025 Summary Compensation Table. The annual total compensation as determined under Item 402 of Regulation S-K of our median employee for fiscal 2025 was $$206,250. The ratio of our Chief Executive Offic"""
DECK,2026,51638.0,"SEC EDGAR DEF 14A (pay ratio disclosure, Item 402(u))",https://www.sec.gov/Archives/edgar/data/910521/000091052126000018/deck-20260724.htm,2026-09-13,"DEF 14A filed 2026-07-24; median pay reconciles with the stated pay ratio 231:1 (ratio x median = $11,928,378 found in the proxy); quote: ""utive Officer and President. Annual Total Compensation For fiscal year 2026, the annual total compensation of our principal executive officer was $11,904,992, and the annual total compensation of our median employee was $51,638. The annual total compensation for our"""
DGX,2025,56427.0,"SEC EDGAR DEF 14A (pay ratio disclosure, Item 402(u))",https://www.sec.gov/Archives/edgar/data/1022079/000114036126013356/ny20064122x1_def14a.htm,2026-09-13,"DEF 14A filed 2026-04-06; median pay reconciles with the stated pay ratio 275:1 (ratio x median = $15,517,425 found in the proxy); quote: ""io reported by other companies may not be comparable to the ratio we report. For 2025, the annual total compensation of the individual identified as the median paid employee of all our employees (other than our CEO) was $56,427, and the annual total compensation of o"""
DHI,2025,129775.0,"SEC EDGAR DEF 14A (pay ratio disclosure, Item 402(u))",https://www.sec.gov/Archives/edgar/data/882184/000088218425000114/dhi-20251210.htm,2026-09-13,"DEF 14A filed 2025-12-10; median pay reconciles with the stated pay ratio 194:1 (ratio x median = $25,176,350 found in the proxy); quote: ""nual compensation for both our median employee and Mr. Romanowski to better reflect our employee compensation practices. For the fiscal year ended September 30, 2025 : • The total compensation of our median employee was $129,775 . • The total compensation of Mr. Roman"""
DIS,2025,56932.0,"SEC EDGAR DEF 14A (pay ratio disclosure, Item 402(u))",https://www.sec.gov/Archives/edgar/data/1744489/000174448926000013/dis-20260122.htm,2026-09-13,"DEF 14A filed 2026-01-22; median pay reconciles with the stated pay ratio 805:1 (ratio x median = $45,830,260 found in the proxy); quote: ""y or commissions/tips, etc.). The median Disney employee works in a full-time hourly role in parks and has been with the Company for over eight years. For fiscal 2025, the median employee's total annual compensation was $56,932. Mr. Iger was Chief Executive Officer o"""
DLTR,2026,16214.0,"SEC EDGAR DEF 14A (pay ratio disclosure, Item 402(u))",https://www.sec.gov/Archives/edgar/data/935703/000110465926053500/tm261374-1_def14a.htm,2026-09-13,"DEF 14A filed 2026-05-01; median pay reconciles with the stated pay ratio 911:1 (ratio x median = $14,770,954 found in the proxy); quote: ""er's total annual compensation for fiscal year 2025, as reported in the Summary Compensation Table on page 44 of this proxy statement, was $14,775,215. The median employee's total annual compensation for fiscal 2025 was $16,214, resulting in an estimated pay ratio of"""
DOV,2025,55766.0,"SEC EDGAR DEF 14A (pay ratio disclosure, Item 402(u))",https://www.sec.gov/Archives/edgar/data/29905/000119312526120708/d935769ddef14a.htm,2026-09-13,"DEF 14A filed 2026-03-24; median pay reconciles with the stated pay ratio 336:1 (ratio x median = $18,737,376 found in the proxy); quote: ""ple of employees who were paid within a 0.5% range of that median and selected an employee from within that group as our median employee. We determined that employee's (Summary Compensation Table) total compensation was $55,766 for 2025. We calculated 2025 annual tot"""
DOW,2025,91995.0,"SEC EDGAR DEF 14A (pay ratio disclosure, Item 402(u))",https://www.sec.gov/Archives/edgar/data/1751788/000119312526082583/dow-20260227.htm,2026-09-13,"DEF 14A filed 2026-02-27; median pay reconciles with the stated pay ratio 207:1 (ratio x median = $19,042,965 found in the proxy); quote: ""f the median. The Company selected the representative employee from that group for purposes of calculating the ratio of CEO pay to median employee pay. For 2025, the annual total compensation for the median employee was $91,995, and the annual total compensation of t"""
DTE,2025,134340.0,"SEC EDGAR DEF 14A (pay ratio disclosure, Item 402(u))",https://www.sec.gov/Archives/edgar/data/936340/000093634026000062/dte-20260312.htm,2026-09-13,"DEF 14A filed 2026-03-12; median pay reconciles with the stated pay ratio 53:1 (ratio x median = $7,120,020 found in the proxy); quote: ""nnualize the compensation for any full-time employees who were not employed by us for all of 2025. ■ The resulting median employee is a senior engineer supporting DTE Electric; ■ The median employee had a 2025 salary of $134,340; ■ The annual total compensation of the"""
DUK,2025,132604.0,"SEC EDGAR DEF 14A (pay ratio disclosure, Item 402(u))",https://www.sec.gov/Archives/edgar/data/1326160/000110465926032443/tm261356-4_def14a.htm,2026-09-13,"DEF 14A filed 2026-03-20; median pay reconciles with the stated pay ratio 106:1 (ratio x median = $14,056,024 found in the proxy); quote: ""eris, our CEO, to the annual total compensation of our median employee. We estimated the median of the 2025 annual total compensation of our employees, using the rules applicable to the Summary Compensation Table, to be $132,604. The annual total compensation of Mr. S"""
DXCM,2025,58663.0,"SEC EDGAR DEF 14A (pay ratio disclosure, Item 402(u))",https://www.sec.gov/Archives/edgar/data/1093557/000109355726000061/dxcm-20260415.htm,2026-09-13,"DEF 14A filed 2026-04-15; median pay reconciles with the stated pay ratio 136:1 (ratio x median = $7,978,168 found in the proxy); quote: ""nual total compensation of Mr. Sayer and Mr. Leach, our principal executive officers during fiscal 2025. For 2025, the median of the annual total compensation of all our employees (excluding Mr. Sayer and Mr. Leach) was $58,663 (ii) the annual total compensation for"""
EBAY,2025,180276.0,"SEC EDGAR DEF 14A (pay ratio disclosure, Item 402(u))",https://www.sec.gov/Archives/edgar/data/1065088/000155278126000285/e26002_ebay-def14a.htm,2026-09-13,"DEF 14A filed 2026-04-30; median pay reconciles with the stated pay ratio 158:1 (ratio x median = $28,483,608 found in the proxy); quote: ""a result, our compensation program varies by local market in order to allow us to provide a competitive total compensation package. 2025 Ratio Calculation • This year, the median employee's annual total compensation was $180,276. • Mr. Iannone's annual total compensat"""
ECHO,2024,85048.0,"SEC EDGAR DEF 14A (pay ratio disclosure, Item 402(u))",https://www.sec.gov/Archives/edgar/data/1415404/000155837025003470/tmb-20250502xdef14a.htm,2026-09-13,"DEF 14A filed 2025-03-21; median pay reconciles with the stated pay ratio 105:1 (ratio x median = $8,930,040 found in the proxy); quote: ""annual total compensation of our Chief Executive Officer, Mr. Akhavan. For 2024, our last completed fiscal year, the median of the annual total compensation of our employees (other than our Chief Executive Officer) was $85,048; and the annual total compensation of o"""
ED,2025,207199.0,"SEC EDGAR DEF 14A (pay ratio disclosure, Item 402(u))",https://www.sec.gov/Archives/edgar/data/1047862/000104786226000078/ed-20260408.htm,2026-09-13,"DEF 14A filed 2026-04-08; median pay reconciles with the stated pay ratio 96:1 (ratio x median = $19,891,104 found in the proxy); quote: ""mpany's median employee. The Company is using the same median employee for 2025. For 2025, the annual total compensation of the Company's median employee, as calculated using Summary Compensation Table requirements, was $207,199 and the annual total compensation of th"""
EFX,2025,79492.0,"SEC EDGAR DEF 14A (pay ratio disclosure, Item 402(u))",https://www.sec.gov/Archives/edgar/data/33185/000119312526127556/d947238ddef14a.htm,2026-09-13,"DEF 14A filed 2026-03-27; median pay reconciles with the stated pay ratio 294:1 (ratio x median = $23,370,648 found in the proxy); quote: ""roviding the following information concerning the ratio of the pay of our CEO to the median pay of all other employees. • For fiscal 2025: (i) the annual total compensation of our median employee (excluding our CEO) was $79,492 (comprised of base salary, paid time of"""
EG,2025,187057.0,"SEC EDGAR DEF 14A (pay ratio disclosure, Item 402(u))",https://www.sec.gov/Archives/edgar/data/1095073/000162828026024596/eg-20260406.htm,2026-09-13,"DEF 14A filed 2026-04-10; median pay reconciles with the stated pay ratio 49:1 (ratio x median = $9,165,793 found in the proxy); quote: ""djusted Operating ROE Combined Ratio TSR (1) Gross Written Premium Annual Growth Rate 80 2026 Proxy Statement CEO Pay Ratio Disclosure CEO Pay Ratio Disclosure In 2025 , the Total Compensation of the median employee was $187,057 and our CEO's Total Compensation, as de"""
EOG,2025,225792.0,"SEC EDGAR DEF 14A (pay ratio disclosure, Item 402(u))",https://www.sec.gov/Archives/edgar/data/821189/000110465926036125/eog-20260520xdef14a.htm,2026-09-13,"DEF 14A filed 2026-03-27; median pay reconciles with the stated pay ratio 78:1 (ratio x median = $17,611,776 found in the proxy); quote: ""our last completed fiscal year: ● the annual total compensation of our CEO (determined as described below) was $17,576,636 ; and ● the annual total compensation of our Median Employee (determined as described below) was $225,792. Based on this information, for 2025 th"""
EQIX,2025,126952.0,"SEC EDGAR DEF 14A (pay ratio disclosure, Item 402(u))",https://www.sec.gov/Archives/edgar/data/1101239/000110123926000073/eqix-20260401.htm,2026-09-13,"DEF 14A filed 2026-04-02; median pay reconciles with the stated pay ratio 178:1 (ratio x median = $22,597,456 found in the proxy); quote: ""tement. As disclosed in the 2025 Summary Compensation Table, Ms. Fox‑Martin's annual total compensation for fiscal year 2025 was $22,654,885. The annual total compensation of the median employee for fiscal year 2025 was $126,952. Based on these amounts, the resulting"""
EQT,2025,155823.0,"SEC EDGAR DEF 14A (pay ratio disclosure, Item 402(u))",https://www.sec.gov/Archives/edgar/data/33213/000110465926020027/tm261383-1_def14a.htm,2026-09-13,"DEF 14A filed 2026-02-26; median pay reconciles with the stated pay ratio 103:1 (ratio x median = $16,049,769 found in the proxy); quote: ""S-K. Mr. Rice's annual total compensation for 2025, calculated pursuant to SEC rules, was $16,087,233. The annual total compensation of the median employee of the Company for 2025, calculated pursuant to SEC rules, was $155,823. Accordingly, the ratio of the annual t"""
ES,2025,144330.0,"SEC EDGAR DEF 14A (pay ratio disclosure, Item 402(u))",https://www.sec.gov/Archives/edgar/data/72741/000110465926036077/tm261423-1_def14a.htm,2026-09-13,"DEF 14A filed 2026-03-27; median pay reconciles with the stated pay ratio 104:1 (ratio x median = $15,010,320 found in the proxy); quote: ""methodology we use for our named executive officers as set forth in the 2025 Summary Compensation Table. Mr. Nolan had 2025 total compensation of $14,987,168. Our median employee's annual total compensation for 2025 was $144,330. Our 2025 Chief Executive Officer to me"""
ETN,2025,61945.0,"SEC EDGAR DEF 14A (pay ratio disclosure, Item 402(u))",https://www.sec.gov/Archives/edgar/data/1551182/000119312526105117/etn-20260312.htm,2026-09-13,"DEF 14A filed 2026-03-13; median pay reconciles with the stated pay ratio 128:1 (ratio x median = $7,928,960 found in the proxy); quote: ""converted to United States Dollars by applying the applicable exchange rates in effect on the measurement date. No cost of living adjustments were applied in our methodology. Our median employee's total compensation of $61,945 was calculated in the same manner as we"""
ETR,2025,189374.0,"SEC EDGAR DEF 14A (pay ratio disclosure, Item 402(u))",https://www.sec.gov/Archives/edgar/data/65984/000006598426000211/etr-20260327.htm,2026-09-13,"DEF 14A filed 2026-03-27; median pay reconciles with the stated pay ratio 88:1 (ratio x median = $16,664,912 found in the proxy); quote: ""e annual total compensation of our employees to the annual total compensation of Andrew S. Marsh, our CEO. Ratio For 2025: • The median of the annual total compensation of all of our employees, other than Mr. Marsh, was $189,374. • Mr. Marsh's annual total compensatio"""
EXC,2025,150905.0,"SEC EDGAR DEF 14A (pay ratio disclosure, Item 402(u))",https://www.sec.gov/Archives/edgar/data/1109357/000110935726000040/exc-20260318.htm,2026-09-13,"DEF 14A filed 2026-03-18; median pay reconciles with the stated pay ratio 103:1 (ratio x median = $15,543,215 found in the proxy); quote: ""r ended December 31, 2025, the total compensation for Mr. Butler was $15,601,905 as reported in the “Total” column of the Summary Compensation Table on page 54 . The total annual compensation for the median employee was $150,905. Based on these values, the ratio of an"""
EXE,2025,158503.0,"SEC EDGAR DEF 14A (pay ratio disclosure, Item 402(u))",https://www.sec.gov/Archives/edgar/data/895126/000110465926048155/tm261495d1_def14a.htm,2026-09-13,"DEF 14A filed 2026-04-24; median pay reconciles with the stated pay ratio 62:1 (ratio x median = $9,827,186 found in the proxy); quote: ""overtime), per- formance bonuses, equity grant values, and 401(k) contributions for all full- and part-time employees on our payroll. In 2025, our CEO's total compensation was $9,879,106 while our median employee's was $158,503 - yielding a ratio of approximately 62-"""
EXPD,2025,52350.0,"SEC EDGAR DEF 14A (pay ratio disclosure, Item 402(u))",https://www.sec.gov/Archives/edgar/data/746515/000119312526121388/expd-20260323.htm,2026-09-13,"DEF 14A filed 2026-03-24; median pay reconciles with the stated pay ratio 186:1 (ratio x median = $9,737,100 found in the proxy); quote: ""tal compensation for Daniel R. Wall, current President and Chief Executive Officer (the CEO). For the year ended December 31, 2025, the annual total compensation of the estimated median employee (other than our CEO) was $52,350. The annualized total compensation of M"""
EXR,2025,52643.0,"SEC EDGAR DEF 14A (pay ratio disclosure, Item 402(u))",https://www.sec.gov/Archives/edgar/data/1289490/000128949026000027/exr-20260330.htm,2026-09-13,"DEF 14A filed 2026-04-01; median pay reconciles with the stated pay ratio 269:1 (ratio x median = $14,160,967 found in the proxy); quote: ""tribute annual equity awards to employees. Approximately 7% of our employees receive annual equity awards. For 2025: • the median of the annual total compensation of all employees of our Company (other than our CEO) was $52,643; and • the annual total compensation of"""
F,2025,93397.0,"SEC EDGAR DEF 14A (pay ratio disclosure, Item 402(u))",https://www.sec.gov/Archives/edgar/data/37996/000155278126000164/e26003_f-def14a.htm,2026-09-13,"DEF 14A filed 2026-03-27; median pay reconciles with the stated pay ratio 295:1 (ratio x median = $27,552,115 found in the proxy); quote: ""tive Plan. PAY RATIO As required by proxy rules, we are providing the following pay ratio information for the 2025 fiscal year: • the median of the annual total compensation of all our employees (other than the CEO) was $93,397; • the total compensation of our Chief"""
FANG,2025,168095.0,"SEC EDGAR DEF 14A (pay ratio disclosure, Item 402(u))",https://www.sec.gov/Archives/edgar/data/1539838/000130817926000242/fang015366-def14a.htm,2026-09-13,"DEF 14A filed 2026-04-09; median pay reconciles with the stated pay ratio 89:1 (ratio x median = $14,960,455 found in the proxy); quote: ""with Item 402(u) of Regulation S-K. For the year ended December 31, 2025, our last completed fiscal year: • The median of the annual total compensation of all of our employees, other than our Chief Executive Officer, is $168,095. • The annual total compensation of our"""
FAST,2025,47287.0,"SEC EDGAR DEF 14A (pay ratio disclosure, Item 402(u))",https://www.sec.gov/Archives/edgar/data/815556/000081555626000017/fast-20260225.htm,2026-09-13,"DEF 14A filed 2026-02-25; median pay reconciles with the stated pay ratio 88:1 (ratio x median = $4,161,256 found in the proxy); quote: ""es and the annual total compensation of Daniel L. Florness, our chief executive officer (our CEO): For 2025, our last completed fiscal year: • the total compensation amount for the median employee identified in 2023 was $47,287 for 2025; and • the annual total compen"""
FCX,2025,115935.0,"SEC EDGAR DEF 14A (pay ratio disclosure, Item 402(u))",https://www.sec.gov/Archives/edgar/data/831259/000119312526173666/d30227ddef14a.htm,2026-09-13,"DEF 14A filed 2026-04-23; median pay reconciles with the stated pay ratio 128:1 (ratio x median = $14,839,680 found in the proxy); quote: ""ethodology we use for our named executive officers as set forth in the “Executive Compensation Tables - Summary Compensation Table.” The annual total compensation of our median employee (other than our CEO) for 2025 was $115,935. As disclosed in the “Summary Compensat"""
FDS,2025,17636.0,"SEC EDGAR DEF 14A (pay ratio disclosure, Item 402(u))",https://www.sec.gov/Archives/edgar/data/1013237/000162828025046442/fds-20251027.htm,2026-09-13,"DEF 14A filed 2025-10-27; median pay reconciles with the stated pay ratio 536:1 (ratio x median = $9,452,896 found in the proxy); quote: ""d the annual total compensation of our CEO during fiscal 2025, Mr. Snow. For the fiscal year completed August 31, 2025 , the median of the annual total compensation of all employees at FactSet (other than our CEO), wa s $17,636 and the annual total compensation of ou"""
FDX,2026,50373.0,"SEC EDGAR DEF 14A (pay ratio disclosure, Item 402(u))",https://www.sec.gov/Archives/edgar/data/1048911/000110465926097836/tm2531093-3_def14a.htm,2026-09-13,"DEF 14A filed 2026-08-17; median pay reconciles with the stated pay ratio 547:1 (ratio x median = $27,554,031 found in the proxy); quote: ""total compensation of our CEO was $27,575,017 (including $20,999 in employer-provided health benefits not included in the Summary Compensation Table), the fiscal 2026 annual total compensation of our median employee was $50,373 (including $7,098 in employer-provided"""
FE,2025,160003.0,"SEC EDGAR DEF 14A (pay ratio disclosure, Item 402(u))",https://www.sec.gov/Archives/edgar/data/1031296/000119312526138029/fe-20260401.htm,2026-09-13,"DEF 14A filed 2026-04-01; median pay reconciles with the stated pay ratio 84:1 (ratio x median = $13,440,252 found in the proxy); quote: ""employee for 2024. We calculated the median employee's annual total compensation for 2025 using the same calculation method as in the Summary Compensation Table, which resulted in median employee annual compensation of $160,003. As shown on the Summary Compensation T"""
FERG,2025,32046.0,"SEC EDGAR DEF 14A (pay ratio disclosure, Item 402(u))",https://www.sec.gov/Archives/edgar/data/2011641/000201164126000016/ferg-20260315.htm,2026-09-13,"DEF 14A filed 2026-03-16; median pay reconciles with the stated pay ratio 239:1 (ratio x median = $7,658,994 found in the proxy); quote: ""ransition Period Summary Compensation Table on page 56 . • The Transition Period Total Compensation of our CEO was $7,660,469 and the Transition Period Total Compensation of our median associate, other than our CEO, was $32,046. For the transition period, the ratio o"""
FICO,2025,98000.0,"SEC EDGAR DEF 14A (pay ratio disclosure, Item 402(u))",https://www.sec.gov/Archives/edgar/data/814547/000119312526024403/d27709ddef14a.htm,2026-09-13,"DEF 14A filed 2026-01-27; median pay reconciles with the stated pay ratio 368:1 (ratio x median = $36,064,000 found in the proxy); quote: ""l our employees and the annual total compensation of our Chief Executive Officer, William Lansing (our “CEO”): For fiscal 2025: • the median of the annual total compensation of all our employees, other than our CEO, was $98,000; • the annual total compensation of our"""
FIS,2025,44229.0,"SEC EDGAR DEF 14A (pay ratio disclosure, Item 402(u))",https://www.sec.gov/Archives/edgar/data/1136893/000113689326000026/fis-20260428.htm,2026-09-13,"DEF 14A filed 2026-04-28; median pay reconciles with the stated pay ratio 518:1 (ratio x median = $22,910,622 found in the proxy); quote: ""year 2025. We then calculated the median employee's compensation for the fiscal year 2025 in the same manner as the NEOs in the 2025 Summary Compensation Table. For fiscal year 2025, our median employee compensation was $44,229. The total compensation of Ms. Ferris,"""
FISV,2025,88295.0,"SEC EDGAR DEF 14A (pay ratio disclosure, Item 402(u))",https://www.sec.gov/Archives/edgar/data/798354/000114036126013003/ny20062579x1_def14a.htm,2026-09-13,"DEF 14A filed 2026-04-02; median pay reconciles with the stated pay ratio 232:1 (ratio x median = $20,484,440 found in the proxy); quote: ""Proxy Statement | 75 TABLE OF CONTENTS OUR EXECUTIVE PAY Pay Ratio Pay Ratio For the year ended December 31, 2025: • The median annual total compensation of all our employees, other than the chief executive officer, was $88,295 • The annual total compensation of Mr."""
FITB,2025,75501.0,"SEC EDGAR DEF 14A (pay ratio disclosure, Item 402(u))",https://www.sec.gov/Archives/edgar/data/35527/000119312526098679/d47600ddef14a.htm,2026-09-13,"DEF 14A filed 2026-03-09; median pay reconciles with the stated pay ratio 146:1 (ratio x median = $11,023,146 found in the proxy); quote: ""ion is a reasonable estimate calculated in a manner consistent with Item 402(u) of Regulation S-K. As of December 31, 2025: • The median annual total compensation of all employees of our company (other than the CEO) was $75,501 and • The annual total compensation of"""
FIX,2025,67118.0,"SEC EDGAR DEF 14A (pay ratio disclosure, Item 402(u))",https://www.sec.gov/Archives/edgar/data/1035983/000130817926000245/fix014562-def14a.htm,2026-09-13,"DEF 14A filed 2026-04-09; median pay reconciles with the stated pay ratio 158.2:1 (ratio x median = $10,618,068 found in the proxy); quote: ""may not be comparable to the pay ratio reported below. For 2025, our last completed fiscal year: ● The median of the annual total compensation of all employees of the Company (other than our Chief Executive Officer) was $67,118; and ● The annual total compensation of"""
FLEX,2026,12939.0,"SEC EDGAR DEF 14A (pay ratio disclosure, Item 402(u))",https://www.sec.gov/Archives/edgar/data/866374/000130817926000365/flex015484-def14a.htm,2026-09-13,"DEF 14A filed 2026-06-24; median pay reconciles with the stated pay ratio 1492:1 (ratio x median = $19,304,988 found in the proxy); quote: ""2026, our CEO's annual total compensation, as reported in the Summary Compensation Table, was $44,391,138. The annual total compensation of our median employee among all non-contractor employees (excluding the CEO) was $12,939. Based on this information, the ratio o"""
FOX,2025,100889.0,"SEC EDGAR DEF 14A (pay ratio disclosure, Item 402(u))",https://www.sec.gov/Archives/edgar/data/1754301/000162828025042772/fox-20250925.htm,2026-09-13,"DEF 14A filed 2025-09-25; median pay reconciles with the stated pay ratio 327:1 (ratio x median = $32,990,703 found in the proxy); quote: ""anies in calculating their respective pay ratios. For fiscal 2025, the annual total compensation of the Chief Executive Officer was $32,980,954 and the annual total compensation of the median employee of the Company was $100,889, which resulted in a ratio of 327 to 1."""
FOXA,2025,100889.0,"SEC EDGAR DEF 14A (pay ratio disclosure, Item 402(u))",https://www.sec.gov/Archives/edgar/data/1754301/000162828025042772/fox-20250925.htm,2026-09-13,"DEF 14A filed 2025-09-25; median pay reconciles with the stated pay ratio 327:1 (ratio x median = $32,990,703 found in the proxy); quote: ""anies in calculating their respective pay ratios. For fiscal 2025, the annual total compensation of the Chief Executive Officer was $32,980,954 and the annual total compensation of the median employee of the Company was $100,889, which resulted in a ratio of 327 to 1."""
FRT,2025,130520.0,"SEC EDGAR DEF 14A (pay ratio disclosure, Item 402(u))",https://www.sec.gov/Archives/edgar/data/34903/000119312526127642/d33770ddef14a.htm,2026-09-13,"DEF 14A filed 2026-03-27; median pay reconciles with the stated pay ratio 76:1 (ratio x median = $9,919,520 found in the proxy); quote: ""Based on this methodology, we have determined that the total annual compensation paid to our Chief Executive Officer in 2025 was $9,929,147 and the total annual compensation paid to our median paid employee in 2025 was $130,520 resulting in a ratio of 76:1. We calcul"""
FTNT,2025,152084.0,"SEC EDGAR DEF 14A (pay ratio disclosure, Item 402(u))",https://www.sec.gov/Archives/edgar/data/1262039/000207709626000106/ea0287420-01.htm,2026-09-13,"DEF 14A filed 2026-04-29; median pay reconciles with the stated pay ratio 75.34:1 (ratio x median = $11,458,009 found in the proxy); quote: ""nsation our Chief Executive Officer, Mr. Ken Xie (our “CEO”), and the median of the annual total compensation of all our employees, excluding our CEO. For 2025: • the annual total compensation of our median employee was $152,084; • the annual total compensation of our"""
GD,2025,107485.0,"SEC EDGAR DEF 14A (pay ratio disclosure, Item 402(u))",https://www.sec.gov/Archives/edgar/data/40533/000130817926000168/gd014595-def14a.htm,2026-09-13,"DEF 14A filed 2026-03-27; median pay reconciles with the stated pay ratio 241:1 (ratio x median = $25,903,885 found in the proxy); quote: ""for the same median employee identified for 2024, which median employee was identified under the process described in our 2024 pay ratio calculation. Total 2025 annual compensation for the median employee was valued at $107,485 and total annual compensation for the C"""
GE,2025,93873.0,"SEC EDGAR DEF 14A (pay ratio disclosure, Item 402(u))",https://www.sec.gov/Archives/edgar/data/40545/000004054526000018/ge-20260312.htm,2026-09-13,"DEF 14A filed 2026-03-12; median pay reconciles with the stated pay ratio 486:1 (ratio x median = $45,622,278 found in the proxy); quote: ""les to use as the basis for the pay ratio. Foreign exchange rates were translated to the U.S. dollar equivalent based on rates as of December 31, 2024. RATIO OF CEO PAY TO MEDIAN EMPLOYEE PAY. Our median employee earned $93,873 in total compensation for 2025. The tot"""
GEHC,2025,76951.0,"SEC EDGAR DEF 14A (pay ratio disclosure, Item 402(u))",https://www.sec.gov/Archives/edgar/data/1932393/000193239326000021/gehc-20260318.htm,2026-09-13,"DEF 14A filed 2026-03-19; median pay reconciles with the stated pay ratio 241:1 (ratio x median = $18,545,191 found in the proxy); quote: ""tified in accordance with the process outlined below as our median paid employee excluding our CEO (the “Median Employee”) and the annual total compensation of our CEO, Mr. Arduini. Pay Ratio. Our Median Employee earned $76,951 in total compensation for 2025. The tot"""
GEN,2026,92823.0,"SEC EDGAR DEF 14A (pay ratio disclosure, Item 402(u))",https://www.sec.gov/Archives/edgar/data/849399/000114036126029830/ny20070898x1_def14a.htm,2026-09-13,"DEF 14A filed 2026-07-28; median pay reconciles with the stated pay ratio 225:1 (ratio x median = $20,885,175 found in the proxy); quote: ""ted in the same manner as the amounts reported in the “Total” column of the “2026 Summary Compensation Table” in this proxy statement. • The FY26 annual total compensation of our median employee (other than our CEO) was $92,823.04. • Based on this information, the pay r"""
GEV,2025,63902.0,"SEC EDGAR DEF 14A (pay ratio disclosure, Item 402(u))",https://www.sec.gov/Archives/edgar/data/1996810/000199681026000049/gev-20260402.htm,2026-09-13,"DEF 14A filed 2026-04-03; median pay reconciles with the stated pay ratio 282:1 (ratio x median = $18,020,364 found in the proxy); quote: ""uding our CEO) based on annualized base salary for all full and part-time employees employed as of October 1, 2025 converted to USD. The annual total compensation of our median employee (other than the CEO) for 2025 was $63,902. As disclosed in the Summary Compensati"""
GILD,2025,238979.0,"SEC EDGAR DEF 14A (pay ratio disclosure, Item 402(u))",https://www.sec.gov/Archives/edgar/data/882095/000130817926000106/gild014721-def14a.htm,2026-09-13,"DEF 14A filed 2026-03-20; median pay reconciles with the stated pay ratio 119:1 (ratio x median = $28,438,501 found in the proxy); quote: ""the Summary Compensation Table. The 2025 annual total compensation for Mr. O'Day was $28,437,198 as reported in the Summary Compensation Table. The 2025 annual total compensation for our median compensated employee was $238,979. The ratio of Mr. O'Day's total compens"""
GIS,2026,63212.0,"SEC EDGAR DEF 14A (pay ratio disclosure, Item 402(u))",https://www.sec.gov/Archives/edgar/data/40704/000162828026056619/gis-20260810.htm,2026-09-13,"DEF 14A filed 2026-08-13; median pay reconciles with the stated pay ratio 222:1 (ratio x median = $14,033,064 found in the proxy); quote: ""he median employee of the company (the “Pay Ratio Disclosure”). For fiscal 2026: • The total compensation of our median employee, calculated in accordance with the rules applicable to the Summary Compensation Table, was $63,212; • The total compensation of our CEO, a"""
GL,2025,62339.0,"SEC EDGAR DEF 14A (pay ratio disclosure, Item 402(u))",https://www.sec.gov/Archives/edgar/data/320335/000032033526000135/gl-20260318.htm,2026-09-13,"DEF 14A filed 2026-03-19; median pay reconciles with the stated pay ratio 152:1 (ratio x median = $9,475,528 found in the proxy); quote: ""included in this Proxy Statement plus non-cash compensation in the form of Company-paid healthcare benefits; and • The median of the annual total compensation of all employees of the Company (other than the Co-CEOs) was $62,339. Based on this information, for 2025, t"""
GLW,2025,57059.0,"SEC EDGAR DEF 14A (pay ratio disclosure, Item 402(u))",https://www.sec.gov/Archives/edgar/data/24741/000120677426000148/glw4500541-def14a.htm,2026-09-13,"DEF 14A filed 2026-03-20; median pay reconciles with the stated pay ratio 451:1 (ratio x median = $25,733,609 found in the proxy); quote: "". See footnote (4) to the “Termination Scenarios” on page 88. 90 CORNING 2026 PROXY STATEMENT Table of Contents Pay Ratio Disclosure For 2025, the annual total compensation of the median employee, excluding our CEO, was $57,059 and the annual total compensation of ou"""
GM,2025,89785.0,"SEC EDGAR DEF 14A (pay ratio disclosure, Item 402(u))",https://www.sec.gov/Archives/edgar/data/1467858/000146785826000022/gm-20260420.htm,2026-09-13,"DEF 14A filed 2026-04-20; median pay reconciles with the stated pay ratio 333:1 (ratio x median = $29,898,405 found in the proxy); quote: ""benefits. We compensate our employees to create alignment with the short-term and long-term goals tied to the success of the Company. Based on our calculation, we can reasonably estimate that our median employee earned $89,785 in 2025. The ratio of our CEO's compens"""
GNRC,2025,72040.0,"SEC EDGAR DEF 14A (pay ratio disclosure, Item 402(u))",https://www.sec.gov/Archives/edgar/data/1474735/000110465926051499/tm261388-1_def14a.htm,2026-09-13,"DEF 14A filed 2026-04-29; median pay reconciles with the stated pay ratio 122:1 (ratio x median = $8,788,880 found in the proxy); quote: ""alue of health and welfare benefits in the annual total compensation of both our CEO and our median employee. The results of the 2025 ratio calculation are as follows: • Annual total compensation of our median employee: $72,040 • Annual total compensation of CEO: $8,"""
GOOG,2025,310826.0,"SEC EDGAR DEF 14A (pay ratio disclosure, Item 402(u))",https://www.sec.gov/Archives/edgar/data/1652044/000130817926000342/goog-20260424.htm,2026-09-13,"DEF 14A filed 2026-04-24; median pay reconciles with the stated pay ratio 35:1 (ratio x median = $10,878,910 found in the proxy); quote: ""atement Summary & Highlights Corporate Governance Director and Executive Compensation Audit Matters Proposals Q&A Appendix Alphabet CEO Pay Ratio The 2025 annual total compensation of our median compensated employee was $310,826, and the 2025 annual total compensation"""
GOOGL,2025,310826.0,"SEC EDGAR DEF 14A (pay ratio disclosure, Item 402(u))",https://www.sec.gov/Archives/edgar/data/1652044/000130817926000342/goog-20260424.htm,2026-09-13,"DEF 14A filed 2026-04-24; median pay reconciles with the stated pay ratio 35:1 (ratio x median = $10,878,910 found in the proxy); quote: ""atement Summary & Highlights Corporate Governance Director and Executive Compensation Audit Matters Proposals Q&A Appendix Alphabet CEO Pay Ratio The 2025 annual total compensation of our median compensated employee was $310,826, and the 2025 annual total compensation"""
GPC,2025,38901.0,"SEC EDGAR DEF 14A (pay ratio disclosure, Item 402(u))",https://www.sec.gov/Archives/edgar/data/40987/000004098726000011/gpc-20260226.htm,2026-09-13,"DEF 14A filed 2026-02-27; median pay reconciles with the stated pay ratio 331:1 (ratio x median = $12,876,231 found in the proxy); quote: ""ology we use for our named executive officers as set forth in the 2025 Summary Compensation Table above. For fiscal year 2025, the annual total compensation for our CEO was $12,863,479 and for our median employee it was $38,901. The resulting ratio of our CEO's pay t"""
GPN,2025,61011.0,"SEC EDGAR DEF 14A (pay ratio disclosure, Item 402(u))",https://www.sec.gov/Archives/edgar/data/1123360/000110465926029453/tm261348-1_def14a.htm,2026-09-13,"DEF 14A filed 2026-03-17; median pay reconciles with the stated pay ratio 333:1 (ratio x median = $20,316,663 found in the proxy); quote: ""timate of their pay ratio, the estimated ratio reported below should not be used as a basis for comparison between companies. For 2025, our last completed year: • The annual total compensation of the median employee was $61,011, which includes $16,269 in employer-pro"""
GRMN,2025,46356.0,"SEC EDGAR DEF 14A (pay ratio disclosure, Item 402(u))",https://www.sec.gov/Archives/edgar/data/1121788/000130817926000318/grmn015328-def14a.htm,2026-09-13,"DEF 14A filed 2026-04-22; median pay reconciles with the stated pay ratio 167:1 (ratio x median = $7,741,452 found in the proxy); quote: ""ion for our median employee and for Mr. Pemble, and the ratio of Mr. Pemble's annual total compensation to the median employee's annual total compensation, are set forth below. Median employee annual total compensation: $46,356. Mr. Pemble (PEO) annual total compensa"""
GWW,2025,67858.0,"SEC EDGAR DEF 14A (pay ratio disclosure, Item 402(u))",https://www.sec.gov/Archives/edgar/data/277135/000110465926025575/tm261342-1_def14a.htm,2026-09-13,"DEF 14A filed 2026-03-10; median pay reconciles with the stated pay ratio 172:1 (ratio x median = $11,671,576 found in the proxy); quote: "", which differs from the total compensation described in the Summary Compensation Table on page 58 by the amount of his estimated health and wellness benefits. The median employee's estimated 2025 total compensation was $67,858 (which includes compensation of $54,449"""
HAS,2025,113241.0,"SEC EDGAR DEF 14A (pay ratio disclosure, Item 402(u))",https://www.sec.gov/Archives/edgar/data/46080/000119312526160426/d36474ddef14a.htm,2026-09-13,"DEF 14A filed 2026-04-17; median pay reconciles with the stated pay ratio 165:1 (ratio x median = $18,684,765 found in the proxy); quote: ""nada), 19% in Europe, 18% in Asia Pacific, and 5% in Latin America (includes Mexico). We determined that the median employee's total compensation (as would be computed for purposes of the Summary Compensation Table) was $113,241. The 2025 total compensation for our CE"""
HBAN,2025,89658.0,"SEC EDGAR DEF 14A (pay ratio disclosure, Item 402(u))",https://www.sec.gov/Archives/edgar/data/49196/000119312526103196/hban-20260312.htm,2026-09-13,"DEF 14A filed 2026-03-12; median pay reconciles with the stated pay ratio 135:1 (ratio x median = $12,103,830 found in the proxy); quote: ""compensation for 2025 was determined for purposes of this disclosure. This ratio is a reasonable estimate calculated in a manner consistent with SEC Regulation S-K Item 402(u). Median Employee Annual Total Compensation $89,658 CEO Annual Total Compensation $12,124,3"""
HCA,2025,62955.0,"SEC EDGAR DEF 14A (pay ratio disclosure, Item 402(u))",https://www.sec.gov/Archives/edgar/data/860730/000119312526106142/d939252ddef14a.htm,2026-09-13,"DEF 14A filed 2026-03-13; median pay reconciles with the stated pay ratio 420:1 (ratio x median = $26,441,100 found in the proxy); quote: ""as of December 31, 2025. The 2025 annual total compensation of the median compensated employee (of all our employees who were employed as of December 31, 2025 and received compensation in 2025, other than Mr. Hazen) was $62,955; and the 2025 annual total compensation"""
HII,2025,85536.0,"SEC EDGAR DEF 14A (pay ratio disclosure, Item 402(u))",https://www.sec.gov/Archives/edgar/data/1501585/000150158526000014/hii-20260320.htm,2026-09-13,"DEF 14A filed 2026-03-20; median pay reconciles with the stated pay ratio 161:1 (ratio x median = $13,771,296 found in the proxy); quote: ""em 402(u) of Regulation S-K; as such, the information provided should not be used as a basis for comparisons between different companies. For 2025, the annual total compensation of the median employee of our Company was $85,536 and the annual total compensation of ou"""
HLT,2025,50461.0,"SEC EDGAR DEF 14A (pay ratio disclosure, Item 402(u))",https://www.sec.gov/Archives/edgar/data/1585689/000158568926000023/hlt-20260401.htm,2026-09-13,"DEF 14A filed 2026-04-02; median pay reconciles with the stated pay ratio 549:1 (ratio x median = $27,703,089 found in the proxy); quote: ""r the fiscal year ended December 31, 2025, we estimate that the ratio of the 2025 annual total compensation of our CEO, which was $27,692,276 (1) , to the 2025 annual total compensation of our median employee, which was $50,461 (2) , was 549:1. In accordance with SEC"""
HON,2025,85048.0,"SEC EDGAR DEF 14A (pay ratio disclosure, Item 402(u))",https://www.sec.gov/Archives/edgar/data/773840/000077384026000029/hon-20260409.htm,2026-09-13,"DEF 14A filed 2026-04-10; median pay reconciles with the stated pay ratio 239:1 (ratio x median = $20,326,472 found in the proxy); quote: ""ing this methodology, our median employee was determined to be a full-time employee based in the United States. The annual total compensation for our median employee in calendar 2025, our last completed fiscal year, was $ 85,048, calculated in accordance with the rule"""
HPE,2025,74276.0,"SEC EDGAR DEF 14A (pay ratio disclosure, Item 402(u))",https://www.sec.gov/Archives/edgar/data/1645590/000164559026000019/hpe-20260210.htm,2026-09-13,"DEF 14A filed 2026-02-11; median pay reconciles with the stated pay ratio 316:1 (ratio x median = $23,471,216 found in the proxy); quote: ""ving matching credits. HPE 2026 PROXY STATEMENT 103 Executive compensation Chief Executive Officer (“CEO”) pay ratio For fiscal 2025, the median annual total compensation of all employees of HPE (other than our CEO) was $74,276. The annual total compensation of our C"""
HPQ,2025,77679.0,"SEC EDGAR DEF 14A (pay ratio disclosure, Item 402(u))",https://www.sec.gov/Archives/edgar/data/47217/000004721726000015/hpq-20260225.htm,2026-09-13,"DEF 14A filed 2026-02-25; median pay reconciles with the stated pay ratio 297:1 (ratio x median = $23,070,663 found in the proxy); quote: ""rth in the “Fiscal 2025 summary compensation table”, the annual total compensation for fiscal 2025 received by Enrique Lores, our CEO for fiscal 2025, was $23,103,812. Our median employee's annual total compensation was $77,679, resulting in a CEO pay ratio of 297:1."""
HRL,2025,57789.0,"SEC EDGAR DEF 14A (pay ratio disclosure, Item 402(u))",https://www.sec.gov/Archives/edgar/data/48465/000004846525000074/hrl-20251216.htm,2026-09-13,"DEF 14A filed 2025-12-17; median pay reconciles with the stated pay ratio 141:1 (ratio x median = $8,148,249 found in the proxy); quote: ""E We determined that the Fiscal 2025 annual total compensation of the median compensated employee of our adjusted employee population employed as of October 26, 2025, other than our Interim CEO, Jeffrey M. Ettinger, was $57,789. Mr. Ettinger was appointed Interim CEO"""
HSIC,2025,78954.0,"SEC EDGAR DEF 14A (pay ratio disclosure, Item 402(u))",https://www.sec.gov/Archives/edgar/data/1000228/000119312526146317/d904292ddef14a.htm,2026-09-13,"DEF 14A filed 2026-04-08; median pay reconciles with the stated pay ratio 152:1 (ratio x median = $12,001,008 found in the proxy); quote: ""ts represent a significant component of our employees' total compensation. The median employee's total annual compensation (including health and welfare benefits and employer retirement contributions) in fiscal 2025 was $78,954. Mr. Bergman's total annual compensatio"""
HST,2025,243291.0,"SEC EDGAR DEF 14A (pay ratio disclosure, Item 402(u))",https://www.sec.gov/Archives/edgar/data/1070750/000107075026000062/hst-20260407.htm,2026-09-13,"DEF 14A filed 2026-04-08; median pay reconciles with the stated pay ratio 61:1 (ratio x median = $14,840,751 found in the proxy); quote: ""ithin the CD&A. Mr. Risoleo had 2025 annual total compensation of $14,835,223 as reflected in the Summary Compensation Table included in this proxy statement. Our median employee's annual total compensation for 2025 was $243,291, as determined in the same manner as th"""
IBKR,2025,111200.0,"SEC EDGAR DEF 14A (pay ratio disclosure, Item 402(u))",https://www.sec.gov/Archives/edgar/data/1381197/000138119726000066/ibkr-20260311.htm,2026-09-13,"DEF 14A filed 2026-03-11; median pay reconciles with the stated pay ratio 177:1 (ratio x median = $19,682,400 found in the proxy); quote: ""sation of our median employee. For the year ended December 31, 2025: • The median of the annual total compensation of all employees of our Company (other than our Chief Executive Officer and President) was approximately $111,200; • The annual total compensation of our"""
IDXX,2025,66956.0,"SEC EDGAR DEF 14A (pay ratio disclosure, Item 402(u))",https://www.sec.gov/Archives/edgar/data/874716/000087471626000064/idxx-20260327.htm,2026-09-13,"DEF 14A filed 2026-03-27; median pay reconciles with the stated pay ratio 218:1 (ratio x median = $14,596,408 found in the proxy); quote: ""total annual compensation of our median employee. For fiscal year 2025: + the total annual compensation of our CEO was $14,580,122; + the total annual compensation for the employee identified as our median employee was $66,956; and + the ratio of our CEO's annual to"""
IFF,2025,62828.0,"SEC EDGAR DEF 14A (pay ratio disclosure, Item 402(u))",https://www.sec.gov/Archives/edgar/data/51253/000114036126009960/ny20055514x1_def14a.htm,2026-09-13,"DEF 14A filed 2026-03-18; median pay reconciles with the stated pay ratio 239:1 (ratio x median = $15,015,892 found in the proxy); quote: ""accordance with the requirements of the executive compensation rules for the Summary Compensation Table (Item 402(c)(2)(x) of Regulation S-K). Under this calculation, the median employee's annual total compensation was $62,828. Mr. Fyrwald's 2025 annualized total co"""
INTC,2025,114900.0,"SEC EDGAR DEF 14A (pay ratio disclosure, Item 402(u))",https://www.sec.gov/Archives/edgar/data/50863/000005086326000061/proxy2026.htm,2026-09-13,"DEF 14A filed 2026-03-23; median pay reconciles with the stated pay ratio 346:1 (ratio x median = $39,755,400 found in the proxy); quote: ""ard target value he received in 2026. For purposes of this ratio, our CEO's 2025 annual total compensation would be $39,723,900, which when compared to the annual total compensation of our median compensated employee of $114,900, results in a pay ratio of 346 to 1. CE"""
INTU,2025,242190.0,"SEC EDGAR DEF 14A (pay ratio disclosure, Item 402(u))",https://www.sec.gov/Archives/edgar/data/896878/000089687825000057/intu-20251126.htm,2026-09-13,"DEF 14A filed 2025-11-26; median pay reconciles with the stated pay ratio 152:1 (ratio x median = $36,812,880 found in the proxy); quote: ""'s annual total compensation for fiscal 2025 was $36,845,552, as reported in the Fiscal Year 2025 Summary Compensation Table of this proxy statement. The fiscal 2025 annual total compensation for our median employee was $242,190 as determined under Item 402(u) of Regu"""
INVH,2025,76233.0,"SEC EDGAR DEF 14A (pay ratio disclosure, Item 402(u))",https://www.sec.gov/Archives/edgar/data/1687229/000119312526126310/d96989ddef14a.htm,2026-09-13,"DEF 14A filed 2026-03-26; median pay reconciles with the stated pay ratio 185:1 (ratio x median = $14,103,105 found in the proxy); quote: ""h is the amount set forth in the “Total” column of our Summary Compensation Table, was $14,096,355. The 2025 annual total compensation as determined under Item 402(c)(2)(x) of Regulation S-K for our median associate was $76,233. Our CEO Pay Ratio was, therefore, 185"""
IP,2025,90506.0,"SEC EDGAR DEF 14A (pay ratio disclosure, Item 402(u))",https://www.sec.gov/Archives/edgar/data/51434/000162828026021729/ipc-20260327.htm,2026-09-13,"DEF 14A filed 2026-03-27; median pay reconciles with the stated pay ratio 164:1 (ratio x median = $14,842,984 found in the proxy); quote: ""nail, our Chairman and CEO as detailed in the Summary Compensation Table for 2025, to arrive at the pay ratio disclosed below. • Our CEO's 2025 compensation was $14,838,324. • Our median employee's 2025 compensation was $90,506, including the change in pension value."""
IR,2025,75422.0,"SEC EDGAR DEF 14A (pay ratio disclosure, Item 402(u))",https://www.sec.gov/Archives/edgar/data/1699150/000114036126016726/ny20063676x1_def14a.htm,2026-09-13,"DEF 14A filed 2026-04-24; median pay reconciles with the stated pay ratio 164:1 (ratio x median = $12,369,208 found in the proxy); quote: ""employees (except Mr. Reynal), calculated in a manner consistent with Item 402(u). For 2025, our last completed fiscal year: • The median of the annual total compensation of all of our employees, excluding our CEO, was $75,422. • The annual total compensation of our"""
IRM,2025,37949.0,"SEC EDGAR DEF 14A (pay ratio disclosure, Item 402(u))",https://www.sec.gov/Archives/edgar/data/1020569/000102056926000026/irm-20260323.htm,2026-09-13,"DEF 14A filed 2026-03-24; median pay reconciles with the stated pay ratio 449:1 (ratio x median = $17,039,101 found in the proxy); quote: ""ur pay ratio disclosure; therefore, we used the median employee identified as of December 31, 2023 to complete the calculation for the year ended December 31, 2025: ▲ The median employee's annual to tal compensation was $37,949; ▲ The annual total compensation of our"""
ISRG,2025,124131.0,"SEC EDGAR DEF 14A (pay ratio disclosure, Item 402(u))",https://www.sec.gov/Archives/edgar/data/1035267/000103526726000023/isrg-20260313.htm,2026-09-13,"DEF 14A filed 2026-03-13; median pay reconciles with the stated pay ratio 147:1 (ratio x median = $18,247,257 found in the proxy); quote: ""Internal Revenue Code, whichever of the foregoing amounts is greater on an after-tax basis. Pay Ratio Annual total compensation of the CEO for 2025 $ 18,275,861 Annual total compensation of the median employee for 2025 $ 124,131 Ratio of annual total compensation of t"""
ITW,2025,73094.0,"SEC EDGAR DEF 14A (pay ratio disclosure, Item 402(u))",https://www.sec.gov/Archives/edgar/data/49826/000119312526127599/itw-20260325.htm,2026-09-13,"DEF 14A filed 2026-03-27; median pay reconciles with the stated pay ratio 208:1 (ratio x median = $15,203,552 found in the proxy); quote: ""ployees and then gathered other elements of compensation (variable pay, health and welfare, and retirement contributions) in order to determine the final median employee. The 2025 compensation for the median employee is $73,094, which is calculated in accordance with"""
IVZ,2025,122418.0,"SEC EDGAR DEF 14A (pay ratio disclosure, Item 402(u))",https://www.sec.gov/Archives/edgar/data/914208/000119312526140019/d931607ddef14a.htm,2026-09-13,"DEF 14A filed 2026-04-02; median pay reconciles with the stated pay ratio 133:1 (ratio x median = $16,281,594 found in the proxy); quote: ""t the relationship of the annual total compensation of our CEO, and our employees (other than our CEO): For 2025, our last completed year: • the annual total compensation of our median employee (other than our CEO), was $122,418, and • the annual total compensation of"""
J,2025,87962.0,"SEC EDGAR DEF 14A (pay ratio disclosure, Item 402(u))",https://www.sec.gov/Archives/edgar/data/52988/000119312525325103/d76905ddef14a.htm,2026-09-13,"DEF 14A filed 2025-12-18; median pay reconciles with the stated pay ratio 160:1 (ratio x median = $14,073,920 found in the proxy); quote: ""CEO Pay Ratio The following table sets forth the ratio of our CEO's total compensation to that of our median employee for fiscal 2025. CEO total annual compensation $14,038,363 Median Employee total annual compensation $87,962 Ratio of CEO to Median Employee total a"""
JBHT,2025,76432.0,"SEC EDGAR DEF 14A (pay ratio disclosure, Item 402(u))",https://www.sec.gov/Archives/edgar/data/728535/000143774926007732/jbht20260304_def14a.htm,2026-09-13,"DEF 14A filed 2026-03-11; median pay reconciles with the stated pay ratio 118:1 (ratio x median = $9,018,976 found in the proxy); quote: ""n of our “median employee” and the annual total compensation of our CEO. For 2025, our last completed fiscal year: • The median of the annual total compensation of all of the Company's employees, other than our CEO, was $76,432. • The annualized total compensation of"""
JBL,2025,12144.0,"SEC EDGAR DEF 14A (pay ratio disclosure, Item 402(u))",https://www.sec.gov/Archives/edgar/data/898293/000119312525316927/d946966ddef14a.htm,2026-09-13,"DEF 14A filed 2025-12-12; median pay reconciles with the stated pay ratio 1325:1 (ratio x median = $16,090,800 found in the proxy); quote: ""erate in to help ensure we are competitive with local market practices. Reflecting this geographic concentration in Mexico and China, the annual total compensation for our median compensated associate in fiscal 2025 was $12,144. The fiscal 2025 annual total compensat"""
JCI,2025,66795.0,"SEC EDGAR DEF 14A (pay ratio disclosure, Item 402(u))",https://www.sec.gov/Archives/edgar/data/833444/000110465926004565/tm2524665-5_def14a.htm,2026-09-13,"DEF 14A filed 2026-01-16; median pay reconciles with the stated pay ratio 338:1 (ratio x median = $22,576,710 found in the proxy); quote: ""25 Median Employee's total compensation for fiscal 2025 in accordance with the requirements of the Summary Compensation Table. Based on such calculation, our 2025 Median Employee's total compensation for fiscal 2025 was $66,795, while our CEO's annualized compensatio"""
JKHY,2025,93193.0,"SEC EDGAR DEF 14A (pay ratio disclosure, Item 402(u))",https://www.sec.gov/Archives/edgar/data/779152/000077915225000079/jkhy-20251001.htm,2026-09-13,"DEF 14A filed 2025-10-02; median pay reconciles with the stated pay ratio 75:1 (ratio x median = $6,989,475 found in the proxy); quote: ""e use for our Named Executives as set forth in the fiscal 2025 Summary Compensation Table included in this Proxy Statement. Based on this calculation, this median employee's annual total compensation for fiscal 2025 was $93,193 The annual total compensation of the Ch"""
JPM,2025,111905.0,"SEC EDGAR DEF 14A (pay ratio disclosure, Item 402(u))",https://www.sec.gov/Archives/edgar/data/19617/000001961726000096/jpm-20260402.htm,2026-09-13,"DEF 14A filed 2026-04-06; median pay reconciles with the stated pay ratio 363:1 (ratio x median = $40,621,515 found in the proxy); quote: ""pay ratio For the year ended December 31, 2025: • The annual total compensation of Mr. Dimon was $40,644,723 1 , including Firm-paid employee benefits • The annual total compensation of our estimated median employee was $111,905 2 , including Firm-paid employee benefi"""
KEY,2025,91077.0,"SEC EDGAR DEF 14A (pay ratio disclosure, Item 402(u))",https://www.sec.gov/Archives/edgar/data/91576/000119312526127600/d944221ddef14a.htm,2026-09-13,"DEF 14A filed 2026-03-27; median pay reconciles with the stated pay ratio 127:1 (ratio x median = $11,566,779 found in the proxy); quote: ""tio information provided below is a reasonable estimate calculated in a manner consistent with Item 402(u) of Regulation S-K. For 2025, the median of the annual total compensation of all employees, excluding the CEO, is $91,077. The annual total compensation of the C"""
KEYS,2025,85838.0,"SEC EDGAR DEF 14A (pay ratio disclosure, Item 402(u))",https://www.sec.gov/Archives/edgar/data/1601046/000114036126002381/ny20058135x3_def14a.htm,2026-09-13,"DEF 14A filed 2026-01-26; median pay reconciles with the stated pay ratio 210:1 (ratio x median = $18,025,980 found in the proxy); quote: ""loyees based on position, geographic location, and consideration of local competitive market practices. PAY RATIO FY2025 CEO Pay Ratio CEO Annual Total Compensation* $18,020,109 Median Employee Annual Total Compensation $ 85,838 CEO to Median Employee Pay Ratio 210:1"""
KLAC,2025,97645.0,"SEC EDGAR DEF 14A (pay ratio disclosure, Item 402(u))",https://www.sec.gov/Archives/edgar/data/319201/000119312525213294/d913108ddef14a.htm,2026-09-13,"DEF 14A filed 2025-09-23; median pay reconciles with the stated pay ratio 257:1 (ratio x median = $25,094,765 found in the proxy); quote: ""otal compensation as determined under Item 402 of Regulation S-K for Mr. Wallace was $25,092,254. The fiscal year 2025 annual total compensation as determined under Item 402 of Regulation S-K for the median employee was $97,645. Based on the foregoing, our estimate o"""
KMB,2025,56552.0,"SEC EDGAR DEF 14A (pay ratio disclosure, Item 402(u))",https://www.sec.gov/Archives/edgar/data/55785/000162828026020404/kmb-20260323.htm,2026-09-13,"DEF 14A filed 2026-03-23; median pay reconciles with the stated pay ratio 271:1 (ratio x median = $15,325,592 found in the proxy); quote: ""d applicable SEC rules, we are providing the following information about the relationship of our CEO's compensation to the compensation of all our employees. For 2025: • the total compensation of our median employee was $56,552 • the total compensation of our CEO, as"""
KMI,2025,135175.0,"SEC EDGAR DEF 14A (pay ratio disclosure, Item 402(u))",https://www.sec.gov/Archives/edgar/data/1506307/000150630726000024/kmi-20260401.htm,2026-09-13,"DEF 14A filed 2026-04-02; median pay reconciles with the stated pay ratio 91:1 (ratio x median = $12,300,925 found in the proxy); quote: ""he annual total compensation of our CEO, Ms. Dang. For 2025, our last completed fiscal year: a reasonable estimate of the median of the annual total compensation of all employees of our company (other than our CEO), was $135,175; and the annual total compensation of o"""
KO,2025,17947.0,"SEC EDGAR DEF 14A (pay ratio disclosure, Item 402(u))",https://www.sec.gov/Archives/edgar/data/21344/000110465926028215/ko-20260429xdef14a.htm,2026-09-13,"DEF 14A filed 2026-03-16; median pay reconciles with the stated pay ratio 1739:1 (ratio x median = $31,209,833 found in the proxy); quote: ""actice. For more information regarding our compensation philosophy, see page 50 . For 2025, the median annual total compensation of all employees (other than the CEO) of the Company and its consolidated subsidiaries was $17,947. Mr. Quincey's annual total compensatio"""
KR,2026,34552.0,"SEC EDGAR DEF 14A (pay ratio disclosure, Item 402(u))",https://www.sec.gov/Archives/edgar/data/56873/000110465926060250/tm261573d1_def14a.htm,2026-09-13,"DEF 14A filed 2026-05-13; median pay reconciles with the stated pay ratio 417:1 (ratio x median = $14,408,184 found in the proxy); quote: "". We then annualized Mr. Sargent's annual total compensation. Using this methodology, the annual total compensation for our Interim CEO was $14,400,108. The annual total compensation of our median associate for 2025 was $34,552. As a result, we estimate that the rati"""
KVUE,2026,70244.0,"SEC EDGAR DEF 14A (pay ratio disclosure, Item 402(u))",https://www.sec.gov/Archives/edgar/data/1944048/000194404826000085/kvue-20260408.htm,2026-09-13,"DEF 14A filed 2026-04-08; median pay reconciles with the stated pay ratio 116:1 (ratio x median = $8,148,304 found in the proxy); quote: ""rdance with SEC rules, we calculated the ratio of the total annual compensation of our CEO as compared to the total annual compensation of our median employee. • The annual total compensation for our median employee was $70,244 . The median employee was originally id"""
LDOS,2026,120427.0,"SEC EDGAR DEF 14A (pay ratio disclosure, Item 402(u))",https://www.sec.gov/Archives/edgar/data/1336920/000133692026000138/ldos-20260319.htm,2026-09-13,"DEF 14A filed 2026-03-19; median pay reconciles with the stated pay ratio 122:1 (ratio x median = $14,692,094 found in the proxy); quote: ""llectively refer to as the “Pay Ratio Rule”), we are providing the following estimated information for 2025: u The median of the annual total compensation of all of our employees (except our Chief Executive Officer) was $120,427; u The annual total compensation of our"""
LH,2025,62929.0,"SEC EDGAR DEF 14A (pay ratio disclosure, Item 402(u))",https://www.sec.gov/Archives/edgar/data/920148/000119312526150752/lh-20260410.htm,2026-09-13,"DEF 14A filed 2026-04-10; median pay reconciles with the stated pay ratio 292:1 (ratio x median = $18,375,268 found in the proxy); quote: ""resent a significant component of our employees' total compensation. Using this methodology, the 2025 annual total compensation for our CEO was $18,355,030. The 2025 annual total compensation for our median employee was $62,929. The ratio of our CEO's annual total co"""
LHX,2026,111832.0,"SEC EDGAR DEF 14A (pay ratio disclosure, Item 402(u))",https://www.sec.gov/Archives/edgar/data/202058/000110465926038170/tmb-20260511xdef14a.htm,2026-09-13,"DEF 14A filed 2026-04-01; median pay reconciles with the stated pay ratio 229:1 (ratio x median = $25,609,528 found in the proxy); quote: ""sed since there has not been a change in our employee population or employee compensation arrangements that would significantly change the pay ratio disclosure. We calculated such median employee's total compensation of $111,832 for fiscal 2025 in the same manner we c"""
LII,2025,63587.0,"SEC EDGAR DEF 14A (pay ratio disclosure, Item 402(u))",https://www.sec.gov/Archives/edgar/data/1069202/000106920226000046/lii-20260406.htm,2026-09-13,"DEF 14A filed 2026-04-08; median pay reconciles with the stated pay ratio 133:1 (ratio x median = $8,457,071 found in the proxy); quote: ""ees used for purposes of identifying our median employee. Compensation Used to Identify Median Employee Total gross wages as derived from the Company's payroll records. Median Employee Annual Total Compensation for 2025 $63,587, which includes the value of the median"""
LIN,2025,50860.0,"SEC EDGAR DEF 14A (pay ratio disclosure, Item 402(u))",https://www.sec.gov/Archives/edgar/data/1707925/000119312526192209/lin-20260429.htm,2026-09-13,"DEF 14A filed 2026-04-29; median pay reconciles with the stated pay ratio 428:1 (ratio x median = $21,768,080 found in the proxy); quote: ""employee, the Company calculated 2025 annual total compensation for both the median employee and the CEO in accordance with SEC rules to arrive at the Pay Ratio. The median employee's 2025 annual total compensation was $50,860 and the CEO's 2025 annual total compens"""
LITE,2025,9595.0,"SEC EDGAR DEF 14A (pay ratio disclosure, Item 402(u))",https://www.sec.gov/Archives/edgar/data/1633978/000130817925000615/lite014752-def14a.htm,2026-09-13,"DEF 14A filed 2025-10-07; median pay reconciles with the stated pay ratio 2884:1 (ratio x median = $27,671,980 found in the proxy); quote: ""Year 2025 Equity Awards for Mr. Hurlston” in “Compensation Discussion and Analysis” above. CEO annual total compensation as reported in Summary Compensation Table: $ 27,670,076 Median employee annual total compensation: $ 9,595 Ratio of our CEO to median employee: 2,"""
LLY,2025,125100.0,"SEC EDGAR DEF 14A (pay ratio disclosure, Item 402(u))",https://www.sec.gov/Archives/edgar/data/59478/000005947826000029/lly-20260317.htm,2026-09-13,"DEF 14A filed 2026-03-20; median pay reconciles with the stated pay ratio 293:1 (ratio x median = $36,654,300 found in the proxy); quote: ""d complex workforce. The table below discloses the 2025 annual total compensation for our CEO and median paid employee: CEO Pay Ratio: CEO Annual Total Compensation* $36,698,337 Median Employee Annual Total Compensation $125,100 CEO to Median Employee Pay Ratio 293:1"""
LMT,2025,130614.0,"SEC EDGAR DEF 14A (pay ratio disclosure, Item 402(u))",https://www.sec.gov/Archives/edgar/data/936468/000093646826000004/lmt-20260326.htm,2026-09-13,"DEF 14A filed 2026-03-26; median pay reconciles with the stated pay ratio 180:1 (ratio x median = $23,510,520 found in the proxy); quote: ""tal annual compensation for our CEO for fiscal year 2025 was $23,453,308 as set forth in the Total column in the Summary Compensation Table. The total annual compensation for the median employee for fiscal year 2025 was $130,614 encompassing base salary, incentives/re"""
LNT,2025,177645.0,"SEC EDGAR DEF 14A (pay ratio disclosure, Item 402(u))",https://www.sec.gov/Archives/edgar/data/352541/000035254126000025/lnt-20260330.htm,2026-09-13,"DEF 14A filed 2026-03-31; median pay reconciles with the stated pay ratio 51:1 (ratio x median = $9,059,895 found in the proxy); quote: ""EO Pay Ratio As required by SEC rules, we are providing the following information based on reasonable estimates. For 2025, the median of the annual total compensation of all employees (other than CEO) of the Company was $177,645. The annual total compensation of Allia"""
LRCX,2025,91230.0,"SEC EDGAR DEF 14A (pay ratio disclosure, Item 402(u))",https://www.sec.gov/Archives/edgar/data/707549/000114036125036012/ny20050572x2_def14a.htm,2026-09-13,"DEF 14A filed 2025-09-24; median pay reconciles with the stated pay ratio 310:1 (ratio x median = $28,281,300 found in the proxy); quote: ""es (other than our CEO). The fiscal year 2025 annual total compensation of our CEO, Mr. Archer, was $28,298,161, the fiscal year 2025 annual total compensation of our median compensated employee (other than our CEO) was $91,230, and the ratio of these amounts was 310"""
LULU,2025,20536.0,"SEC EDGAR DEF 14A (pay ratio disclosure, Item 402(u))",https://www.sec.gov/Archives/edgar/data/1397187/000139718725000017/lulu-20250429.htm,2026-09-13,"DEF 14A filed 2025-04-29; median pay reconciles with the stated pay ratio 709:1 (ratio x median = $14,560,024 found in the proxy); quote: ""s, and all unvested equity awards were forfeited in connection with the termination of her employment. 79 CEO Pay Ratio For 2024, the annual total compensation of our median compensated employee (other than our CEO) was $20,536 and the annual total compensation of ou"""
LUV,2025,95715.0,"SEC EDGAR DEF 14A (pay ratio disclosure, Item 402(u))",https://www.sec.gov/Archives/edgar/data/92380/000119312526127237/d121727ddef14a.htm,2026-09-13,"DEF 14A filed 2026-03-27; median pay reconciles with the stated pay ratio 173.3:1 (ratio x median = $16,587,410 found in the proxy); quote: ""loyees of the Company and the total annual compensation of Mr. Jordan, the Company's CEO for 2025. For 2025, the Company's last completed fiscal year: • the total annual compensation of the Company's median Employee was $95,715; • the total annual compensation of the"""
LVS,2025,40215.0,"SEC EDGAR DEF 14A (pay ratio disclosure, Item 402(u))",https://www.sec.gov/Archives/edgar/data/1300514/000130051426000031/lvs-20260401.htm,2026-09-13,"DEF 14A filed 2026-04-01; median pay reconciles with the stated pay ratio 535:1 (ratio x median = $21,515,025 found in the proxy); quote: ""he annual total compensation of our Team Members and the annual total compensation of Mr. Goldstein, our CEO for 2025 : CEO PAY RATIO CEO Annual Total Compensation* $ 31,109,661 Median Employee Annual Total Compensation $ 40,215 CEO to Median Employee Pay Ratio 774 :1"""
LYB,2025,110140.0,"SEC EDGAR DEF 14A (pay ratio disclosure, Item 402(u))",https://www.sec.gov/Archives/edgar/data/1489393/000130817926000250/lyb014791-def14a.htm,2026-09-13,"DEF 14A filed 2026-04-10; median pay reconciles with the stated pay ratio 141:1 (ratio x median = $15,529,740 found in the proxy); quote: ""rsuant to SEC rules, we are required to provide the following information with respect to fiscal 2025: ● The annual total compensation of the global median employee of our company (other than Mr. Vanacker, our CEO), was $110,140; ● The annual total compensation of Mr."""
MA,2025,124650.0,"SEC EDGAR DEF 14A (pay ratio disclosure, Item 402(u))",https://www.sec.gov/Archives/edgar/data/1141391/000114139126000021/ma-20260427.htm,2026-09-13,"DEF 14A filed 2026-04-27; median pay reconciles with the stated pay ratio 284:1 (ratio x median = $35,400,600 found in the proxy); quote: ""total compensation of all our employees except our CEO. For 2025, the annual total compensation of our identified median employee (that is, the median employee across all employees of the company other than the CEO) was $124,650, calculated in accordance with the requ"""
MAA,2025,65112.0,"SEC EDGAR DEF 14A (pay ratio disclosure, Item 402(u))",https://www.sec.gov/Archives/edgar/data/912595/000114036126013212/ny20062832x1_def14a.htm,2026-09-13,"DEF 14A filed 2026-04-06; median pay reconciles with the stated pay ratio 84:1 (ratio x median = $5,469,408 found in the proxy); quote: ""tch the required disclosures in the Summary Compensation Table , to provide a comparable value to the amount of total compensation disclosed for our CEO. The total annual compensation for our median employee in 2025 was $65,112. 2026 PROXY STATEMENT 66 CEO PAY RATIO"""
MAR,2025,48486.0,"SEC EDGAR DEF 14A (pay ratio disclosure, Item 402(u))",https://www.sec.gov/Archives/edgar/data/1048286/000114036126011590/ny20062722x771_def14a.htm,2026-09-13,"DEF 14A filed 2026-03-27; median pay reconciles with the stated pay ratio 474:1 (ratio x median = $22,982,364 found in the proxy); quote: ""d significantly change our pay ratio disclosure. Accordingly, we are using the same median employee in our 2025 fiscal year pay ratio disclosure. The 2025 annual total compensation of the median compensated employee was $48,486; Mr. Capuano's 2025 annual total compen"""
MAS,2025,52107.0,"SEC EDGAR DEF 14A (pay ratio disclosure, Item 402(u))",https://www.sec.gov/Archives/edgar/data/62996/000119312526151241/d44594ddef14a.htm,2026-09-13,"DEF 14A filed 2026-04-10; median pay reconciles with the stated pay ratio 249:1 (ratio x median = $12,974,643 found in the proxy); quote: ""nnual total compensation for our median employee using the same methodology we used for our executive officers as set forth in the above 2025 Summary Compensation Table. The total compensation of the median employee was $52,107, including wages, overtime pay, non-equ"""
MCD,2025,19020.0,"SEC EDGAR DEF 14A (pay ratio disclosure, Item 402(u))",https://www.sec.gov/Archives/edgar/data/63908/000119312526145548/mcd-20260407.htm,2026-09-13,"DEF 14A filed 2026-04-07; median pay reconciles with the stated pay ratio 1082:1 (ratio x median = $20,579,640 found in the proxy); quote: ""date. We believe that our methodology is straightforward and transparent; we did not exclude employees. Our median employee for 2025 is a restaurant crew employee located in Poland and in 2025 had total compensation of $19,020 as calculated in accordance with the Su"""
MCHP,2026,58020.0,"SEC EDGAR DEF 14A (pay ratio disclosure, Item 402(u))",https://www.sec.gov/Archives/edgar/data/827054/000082705426000026/mchp-20260701.htm,2026-09-13,"DEF 14A filed 2026-07-06; median pay reconciles with the stated pay ratio 698:1 (ratio x median = $40,497,960 found in the proxy); quote: ""reported in the ""Summary Compensation Table"" presented on page 62 of this proxy statement, was $40,501,951. • The estimated median of the annual total compensation of all our worldwide employees, excluding our CEO, was $58,020. The ratio of the annual total compensa"""
MCK,2026,67803.0,"SEC EDGAR DEF 14A (pay ratio disclosure, Item 402(u))",https://www.sec.gov/Archives/edgar/data/927653/000092765326000169/mck-20260612.htm,2026-09-13,"DEF 14A filed 2026-06-12; median pay reconciles with the stated pay ratio 357:1 (ratio x median = $24,205,671 found in the proxy); quote: ""dentified as of January 1, 2026. We used annual base pay as our consistently applied compensation measure. For purposes of our CEO pay ratio, our CEO's compensation is $24,213,044 and our median employee compensation is $67,803. Accordingly, our CEO to median employe"""
MCO,2025,123561.0,"SEC EDGAR DEF 14A (pay ratio disclosure, Item 402(u))",https://www.sec.gov/Archives/edgar/data/1059556/000105955626000019/mco-20260304.htm,2026-09-13,"DEF 14A filed 2026-03-04; median pay reconciles with the stated pay ratio 146:1 (ratio x median = $18,039,906 found in the proxy); quote: ""n & Human Resources Committee reviewed a comparison of the 2025 CEO pay to the pay of the median compensated employee. 146:1 CEO Pay Ratio For 2025: • The annual total compensation of the median compensated employee was $123,561; • The annual total compensation of the"""
MDLZ,2025,38024.0,"SEC EDGAR DEF 14A (pay ratio disclosure, Item 402(u))",https://www.sec.gov/Archives/edgar/data/1103982/000162828026023640/mdlz-20260403.htm,2026-09-13,"DEF 14A filed 2026-04-03; median pay reconciles with the stated pay ratio 645:1 (ratio x median = $24,525,480 found in the proxy); quote: ""sents a reasonable estimate. For 2025 , the annual total compensation for Dirk Van de Put, our CEO, as reported in the SCT was $ 24,516,114 . The annual total compensation for our median employee (“Median Employee”) was $38,024 . Therefore, the ratio of our CEO's ann"""
MET,2025,80510.0,"SEC EDGAR DEF 14A (pay ratio disclosure, Item 402(u))",https://www.sec.gov/Archives/edgar/data/1099219/000109921926000026/met-20260429.htm,2026-09-13,"DEF 14A filed 2026-04-29; median pay reconciles with the stated pay ratio 278:1 (ratio x median = $22,381,780 found in the proxy); quote: ""rformance ratings, were considered for AVIP awards, had Company-provided medical coverage, and participated in broadly-available retirement plans. The total compensation of the median employee for calendar year 2025 was $80,510. This amount was calculated in accordan"""
META,2025,388200.0,"SEC EDGAR DEF 14A (pay ratio disclosure, Item 402(u))",https://www.sec.gov/Archives/edgar/data/1326801/000162828026025532/meta-20260416.htm,2026-09-13,"DEF 14A filed 2026-04-16; median pay reconciles with the stated pay ratio 65:1 (ratio x median = $25,233,000 found in the proxy); quote: ""expressed in the Securities Act and is therefore unenforceable. CEO PAY RATIO For the year ended December 31, 2025: • the median of the annual total compensation of all employees of our company (other than our CEO) was $388,200; and • the annual total compensation of"""
MGM,2025,46713.0,"SEC EDGAR DEF 14A (pay ratio disclosure, Item 402(u))",https://www.sec.gov/Archives/edgar/data/789570/000119312526129074/d899213ddef14a.htm,2026-09-13,"DEF 14A filed 2026-03-27; median pay reconciles with the stated pay ratio 542:1 (ratio x median = $25,318,446 found in the proxy); quote: ""ly believe would result in a significant change to our pay ratio disclosure. Based on this, we determined that the median of the annual total compensation of all our employees, excluding the Chief Executive Officer, was $46,713 and the annual total compensation of Mr"""
MKC,2025,41468.0,"SEC EDGAR DEF 14A (pay ratio disclosure, Item 402(u))",https://www.sec.gov/Archives/edgar/data/63754/000006375426000140/mkc-20260217.htm,2026-09-13,"DEF 14A filed 2026-02-18; median pay reconciles with the stated pay ratio 261:1 (ratio x median = $10,823,148 found in the proxy); quote: ""ose the ratio of the annual total compensation of their CEO to the median of the annual total compensation of their other employees. The annual total compensation of our median employee (other than the CEO) for 2025 was $41,468. As disclosed in the Summary Compensati"""
MNST,2025,88521.0,"SEC EDGAR DEF 14A (pay ratio disclosure, Item 402(u))",https://www.sec.gov/Archives/edgar/data/865752/000110465926035990/tm261427d1_def14a.htm,2026-09-13,"DEF 14A filed 2026-03-27; median pay reconciles with the stated pay ratio 218:1 (ratio x median = $19,297,578 found in the proxy); quote: ""mary Compensation Table, Mr. Schlosberg's annual total compensation for 2025 was $19,282,630, and the median annual total compensation of all employees of the Company and its subsidiaries (other than Mr. Schlosberg) was $88,521. Based on this information, for 2025, t"""
MPC,2025,186132.0,"SEC EDGAR DEF 14A (pay ratio disclosure, Item 402(u))",https://www.sec.gov/Archives/edgar/data/1510295/000151029526000023/mpc-20260316.htm,2026-09-13,"DEF 14A filed 2026-03-16; median pay reconciles with the stated pay ratio 102:1 (ratio x median = $18,985,464 found in the proxy); quote: "". . . . . . . . . . . . . . . . . $19,016,261 Median employee's annual total compensation . . . . . . . . . . . . . . . . . . . . . . . . . . . . . . . . . . . . . . . . . . . . . . . . . . . . . . . . . . . . . . . . . $186,132 Ratio of CEO to median employee annual"""
MPWR,2025,53601.0,"SEC EDGAR DEF 14A (pay ratio disclosure, Item 402(u))",https://www.sec.gov/Archives/edgar/data/1280452/000143774926014084/mpwr20260403_def14a.htm,2026-09-13,"DEF 14A filed 2026-04-30; median pay reconciles with the stated pay ratio 372:1 (ratio x median = $19,939,572 found in the proxy); quote: ""l compensation of our CEO was $19,930,736 as reported in the “Total” column in the 2025 Summary Compensation Table disclosed above. ● The median of the annual total compensation of all employees (other than our CEO) was $53,601. The median employee was located in Chi"""
MRK,2025,108614.0,"SEC EDGAR DEF 14A (pay ratio disclosure, Item 402(u))",https://www.sec.gov/Archives/edgar/data/310158/000119312526147704/d85708ddef14a.htm,2026-09-13,"DEF 14A filed 2026-04-08; median pay reconciles with the stated pay ratio 191:1 (ratio x median = $20,745,274 found in the proxy); quote: ""172 Thailand 322 Honduras 5 Uruguay 92 India 2,043 Vietnam 413 Indonesia 199 Total 3,996 The Ratio The total annual compensation of our median employee as calculated under the Summary Compensation table requirements was $108,614. This calculation is comprised of base"""
MRVL,2026,158857.0,"SEC EDGAR DEF 14A (pay ratio disclosure, Item 402(u))",https://www.sec.gov/Archives/edgar/data/1835632/000110465926060253/tm261486-1_def14a.htm,2026-09-13,"DEF 14A filed 2026-05-13; median pay reconciles with the stated pay ratio 158:1 (ratio x median = $25,099,406 found in the proxy); quote: ""hief Executive Officer, Matthew J. Murphy. For fiscal 2026, Mr. Murphy's annual total compensation, as disclosed in the Summary Compensation Table, was $25,064,348 and our median employee's annual total compensation was $158,857, resulting in a pay ratio of approximat"""
MS,2025,136396.0,"SEC EDGAR DEF 14A (pay ratio disclosure, Item 402(u))",https://www.sec.gov/Archives/edgar/data/895421/000114036126012975/ny20058185x1_def14a.htm,2026-09-13,"DEF 14A filed 2026-04-02; median pay reconciles with the stated pay ratio 273:1 (ratio x median = $37,236,108 found in the proxy); quote: ""ted by other companies may not be comparable to the ratio reported by the Firm. For 2025, our last completed fiscal year, the median of the annual total compensation of all employees of the Firm (other than the CEO) was $136,396 and the annual total compensation of ou"""
MSFT,2025,200972.0,"SEC EDGAR DEF 14A (pay ratio disclosure, Item 402(u))",https://www.sec.gov/Archives/edgar/data/789019/000119312525245150/d908201ddef14a.htm,2026-09-13,"DEF 14A filed 2025-10-21; median pay reconciles with the stated pay ratio 480:1 (ratio x median = $96,466,560 found in the proxy); quote: ""al value associated with retirement-based stock vesting of SAs: $6,254,433 for Mr. Smith. CEO Pay Ratio For fiscal year 2025, the annual total compensation for the median employee of the Company (other than our CEO) was $200,972 and the annual total compensation of ou"""
MSI,2025,106940.0,"SEC EDGAR DEF 14A (pay ratio disclosure, Item 402(u))",https://www.sec.gov/Archives/edgar/data/68505/000119312526139004/d50373ddef14a.htm,2026-09-13,"DEF 14A filed 2026-04-02; median pay reconciles with the stated pay ratio 322:1 (ratio x median = $34,434,680 found in the proxy); quote: ""Board's decision to increase Mr. Brown's 2025 LTI opportunity by 20% from $22.865 million in 2024 to $27.365 million in 2025.  The median of the annual total compensation of all our employees (other than Mr. Brown) was $106,940 in 2025. In order to determine this num"""
MTB,2025,83428.0,"SEC EDGAR DEF 14A (pay ratio disclosure, Item 402(u))",https://www.sec.gov/Archives/edgar/data/36270/000119312526099298/d74790ddef14a.htm,2026-09-13,"DEF 14A filed 2026-03-10; median pay reconciles with the stated pay ratio 144:1 (ratio x median = $12,013,632 found in the proxy); quote: ""methodology required for the 2025 Summary Compensation Table, the annual total compensation of Mr. Jones for 2025 was $12,015,250 and the annual total compensation of the median employee for the corresponding period was $83,428, which yields a ratio of approximately"""
MTD,2025,56972.0,"SEC EDGAR DEF 14A (pay ratio disclosure, Item 402(u))",https://www.sec.gov/Archives/edgar/data/1037646/000117494726000389/mtol-def14a.htm,2026-09-13,"DEF 14A filed 2026-03-18; median pay reconciles with the stated pay ratio 118:1 (ratio x median = $6,722,696 found in the proxy); quote: ""Incentives section above, was $6,741,212, as disclosed in the Summary Compensation Table below. Our median employee's annual total compensation, calculated consistent with Summary Compensation Table rules, for 2025 was $56,972. Accordingly, the ratio of our CEO's pa"""
MU,2025,58461.0,"SEC EDGAR DEF 14A (pay ratio disclosure, Item 402(u))",https://www.sec.gov/Archives/edgar/data/723125/000072312525000038/mu-20251125.htm,2026-09-13,"DEF 14A filed 2025-11-25; median pay reconciles with the stated pay ratio 529:1 (ratio x median = $30,925,869 found in the proxy); quote: ""of the annual total compensation of our Chief Executive Officer to the annual total compensation of our median compensated employee. • The annual total compensation of our median compensated employee for Fiscal 2025 was $58,461. • The annual total compensation of our"""
NCLH,2025,25954.0,"SEC EDGAR DEF 14A (pay ratio disclosure, Item 402(u))",https://www.sec.gov/Archives/edgar/data/1513761/000110465926052146/tm261503-1_def14a.htm,2026-09-13,"DEF 14A filed 2026-04-30; median pay reconciles with the stated pay ratio 530:1 (ratio x median = $13,755,620 found in the proxy); quote: ""substitute median employee as our original median employee was on leave during a significant portion of 2025. The median employee was a full-time employee located on one of our ships with an annual total compensation of $25,954 for the year ended December 31, 2025, c"""
NDAQ,2025,101885.0,"SEC EDGAR DEF 14A (pay ratio disclosure, Item 402(u))",https://www.sec.gov/Archives/edgar/data/1120193/000162828026027245/ndaq-20260424.htm,2026-09-13,"DEF 14A filed 2026-04-24; median pay reconciles with the stated pay ratio 246:1 (ratio x median = $25,063,710 found in the proxy); quote: ""ompensation of Ms. Friedman was $25,014,550 . • Based on the same methodology used in calculating the total reflected in the 2025 Summary Compensation Table, the 2025 annual total compensation of the median employee was $101,885 . • The ratio of the 2025 annual total"""
NDSN,2025,62650.0,"SEC EDGAR DEF 14A (pay ratio disclosure, Item 402(u))",https://www.sec.gov/Archives/edgar/data/72331/000119312526014662/d895414ddef14a.htm,2026-09-13,"DEF 14A filed 2026-01-16; median pay reconciles with the stated pay ratio 130:1 (ratio x median = $8,144,500 found in the proxy); quote: ""used to determine the annual total compensation of our CEO, as reported in the 2025 Summary Compensation Table. Using this calculation method, the annual total compensation of our median employee, excluding the CEO, was $62,650 and the annual total compensation of Mr"""
NEE,2025,164555.0,"SEC EDGAR DEF 14A (pay ratio disclosure, Item 402(u))",https://www.sec.gov/Archives/edgar/data/753308/000110465926038551/tm261592-1_def14a.htm,2026-09-13,"DEF 14A filed 2026-04-01; median pay reconciles with the stated pay ratio 147:1 (ratio x median = $24,189,585 found in the proxy); quote: ""ratio of the annual total compensation of Mr. Ketchum, the principal executive officer (“PEO”), to NextEra Energy's median employee's annual compensation was 147 to 1. The median employee's annual total compensation was $164,555. The total annual compensation of the P"""
NEM,2025,83771.0,"SEC EDGAR DEF 14A (pay ratio disclosure, Item 402(u))",https://www.sec.gov/Archives/edgar/data/1164727/000110465926035211/nem-20260512xdef14a.htm,2026-09-13,"DEF 14A filed 2026-03-26; median pay reconciles with the stated pay ratio 187:1 (ratio x median = $15,665,177 found in the proxy); quote: ""and selected the single median employee for purposes of calculating the ratio of CEO pay to median employee pay. The Company has determined that the 2025 annual total compensation of the median compensated employee was $83,771. For 2025, the total compensation for t"""
NFLX,2025,211201.0,"SEC EDGAR DEF 14A (pay ratio disclosure, Item 402(u))",https://www.sec.gov/Archives/edgar/data/1065280/000119312526159286/d20613ddef14a.htm,2026-09-13,"DEF 14A filed 2026-04-16; median pay reconciles with the stated pay ratio 252:1 (ratio x median = $53,222,652 found in the proxy); quote: ""determined under Item 402 of Regulation S-K was $53,905,972 for Mr. Sarandos and $53,187,307 for Mr. Peters. The 2025 annual total compensation as determined under Item 402 of Regulation S-K for our median employee was $211,201. Based on the foregoing, our estimate o"""
NKE,2026,48695.0,"SEC EDGAR DEF 14A (pay ratio disclosure, Item 402(u))",https://www.sec.gov/Archives/edgar/data/320187/000032018726000089/nke-20260715.htm,2026-09-13,"DEF 14A filed 2026-07-15; median pay reconciles with the stated pay ratio 746:1 (ratio x median = $36,326,470 found in the proxy); quote: ""our last completed fiscal year: • The employee identified at the median of all NIKE employees (other than our CEO) was a retail employee in the United Kingdom; • The annual total compensation of the median employee was $48,695; • The annual total compensation of our"""
NOC,2025,112998.0,"SEC EDGAR DEF 14A (pay ratio disclosure, Item 402(u))",https://www.sec.gov/Archives/edgar/data/1133421/000113342126000007/noc-20260401.htm,2026-09-13,"DEF 14A filed 2026-04-03; median pay reconciles with the stated pay ratio 224:1 (ratio x median = $25,311,552 found in the proxy); quote: ""the median employee's annual total compensation in the same manner as the CEO's annual total compensation as calculated in the Summary Compensation Table on page 70 . The median employee's annual total compensation was $112,998, which includes other forms of compensa"""
NOW,2025,205259.0,"SEC EDGAR DEF 14A (pay ratio disclosure, Item 402(u))",https://www.sec.gov/Archives/edgar/data/1373715/000137371526000039/now-20260406.htm,2026-09-13,"DEF 14A filed 2026-04-06; median pay reconciles with the stated pay ratio 251:1 (ratio x median = $51,520,009 found in the proxy); quote: ""such plans. 94 Chief Executive Officer Pay Ratio Our CEO to median employee pay ratio for 2025 is 251: 1 . The total 2025 compensation of our CEO was $ 51,550,957 . The total 2025 compensation of our median employee was $205,259. In selecting the median employee under"""
NRG,2025,93161.0,"SEC EDGAR DEF 14A (pay ratio disclosure, Item 402(u))",https://www.sec.gov/Archives/edgar/data/1013871/000110465926030844/tm261406-2_def14a.htm,2026-09-13,"DEF 14A filed 2026-03-18; median pay reconciles with the stated pay ratio 234:1 (ratio x median = $21,799,674 found in the proxy); quote: ""loyees. For 2025, the ratio of the total compensation of Dr. Coben, our CEO, of $21,788,422, as shown in the Summary Compensation Table (CEO Compensation), as compared to the total compensation of our median employee of $ 93,161 , calculated in the same manner, was 23"""
NTAP,2026,136143.0,"SEC EDGAR DEF 14A (pay ratio disclosure, Item 402(u))",https://www.sec.gov/Archives/edgar/data/1002047/000119312526321210/ntap-20260727.htm,2026-09-13,"DEF 14A filed 2026-07-28; median pay reconciles with the stated pay ratio 163:1 (ratio x median = $22,191,309 found in the proxy); quote: ""it is assumed that Mr. Cernuda has signed the release of claims. 68 Pay R atio We determined, based on reasonable estimates, that the median of the annual total compensation of all of our employees, except our CEO, was $136,143 for fiscal 2026. Our CEO's annual total"""
NTRS,2025,73867.0,"SEC EDGAR DEF 14A (pay ratio disclosure, Item 402(u))",https://www.sec.gov/Archives/edgar/data/73124/000007312426000022/ntrs-20260311.htm,2026-09-13,"DEF 14A filed 2026-03-11; median pay reconciles with the stated pay ratio 136:1 (ratio x median = $10,045,912 found in the proxy); quote: ""total compensation of all of our employees, other than the CEO, for the year ended December 31, 2025. Annual total compensation of the CEO for 2025 $ 10,059,154 Annual total compensation of the median employee for 2025 $ 73,867 CEO to median employee pay ratio for 20"""
NUE,2025,133886.0,"SEC EDGAR DEF 14A (pay ratio disclosure, Item 402(u))",https://www.sec.gov/Archives/edgar/data/73309/000119312526127739/d21430ddef14a.htm,2026-09-13,"DEF 14A filed 2026-03-27; median pay reconciles with the stated pay ratio 112:1 (ratio x median = $14,995,232 found in the proxy); quote: ""ian's annual total compensation to that of the median employee. For 2025, our last completed fiscal year: • Mr. Topalian's annual total compensation was $14,945,471. • Our median employee's annual total compensation was $133,886. • The ratio of Mr. Topalian's annual t"""
NVDA,2026,282050.0,"SEC EDGAR DEF 14A (pay ratio disclosure, Item 402(u))",https://www.sec.gov/Archives/edgar/data/1045810/000104581026000036/nvda-20260512.htm,2026-09-13,"DEF 14A filed 2026-05-12; median pay reconciles with the stated pay ratio 129:1 (ratio x median = $36,384,450 found in the proxy); quote: ""ased awards. Compensation paid in foreign currencies was converted to U.S. dollars based on exchange rates in effect on January 28, 2024. 54 Table of Contents Our median employee's total compensation for Fiscal 2026 was $282,050. Our CEO's Fiscal 2026 total compensati"""
NVR,2025,88431.0,"SEC EDGAR DEF 14A (pay ratio disclosure, Item 402(u))",https://www.sec.gov/Archives/edgar/data/906163/000090616326000029/nvr-20260316.htm,2026-09-13,"DEF 14A filed 2026-03-17; median pay reconciles with the stated pay ratio 20:1 (ratio x median = $1,768,620 found in the proxy); quote: ""ses of this calculation. The 2025 annual total compensation as determined under Item 402 of Regulation S-K (“Item 402 Compensation”) for our CEO was $1,748,227. The 2025 Item 402 Compensation for our median employee was $88,431. The ratio of our CEO's Item 402 Compen"""
NWS,2025,93321.0,"SEC EDGAR DEF 14A (pay ratio disclosure, Item 402(u))",https://www.sec.gov/Archives/edgar/data/1564708/000114036125037696/ny20055386x3_def14a.htm,2026-09-13,"DEF 14A filed 2025-10-08; median pay reconciles with the stated pay ratio 221:1 (ratio x median = $20,623,941 found in the proxy); quote: ""sed on rules governing calculation of total compensation reported in the “Summary Compensation Table” for fiscal 2025. ■ Annual total compensation of the median compensated employee, other than the CEO, for fiscal 2025: $93,321 ■ Annual total compensation of the CEO"""
NWSA,2025,93321.0,"SEC EDGAR DEF 14A (pay ratio disclosure, Item 402(u))",https://www.sec.gov/Archives/edgar/data/1564708/000114036125037696/ny20055386x3_def14a.htm,2026-09-13,"DEF 14A filed 2025-10-08; median pay reconciles with the stated pay ratio 221:1 (ratio x median = $20,623,941 found in the proxy); quote: ""sed on rules governing calculation of total compensation reported in the “Summary Compensation Table” for fiscal 2025. ■ Annual total compensation of the median compensated employee, other than the CEO, for fiscal 2025: $93,321 ■ Annual total compensation of the CEO"""
O,2025,154939.0,"SEC EDGAR DEF 14A (pay ratio disclosure, Item 402(u))",https://www.sec.gov/Archives/edgar/data/726728/000072672826000021/o-20260325.htm,2026-09-13,"DEF 14A filed 2026-03-25; median pay reconciles with the stated pay ratio 105:1 (ratio x median = $16,268,595 found in the proxy); quote: ""5 measurement period, healthcare costs paid by the Company, matching 401(k) contributions, and the cost of group term life insurance paid by the Company. The annual total compensation of our median employee for 2025 was $154,939. The annual total compensation for 2025"""
ODFL,2025,79034.0,"SEC EDGAR DEF 14A (pay ratio disclosure, Item 402(u))",https://www.sec.gov/Archives/edgar/data/878927/000087892726000006/odfl-20260417.htm,2026-09-13,"DEF 14A filed 2026-04-20; median pay reconciles with the stated pay ratio 147:1 (ratio x median = $11,617,998 found in the proxy); quote: ""the “Total” column of the Summary Compensation Table. The pay ratio included below is a reasonable estimate calculated in a manner consistent with Item 402(u) of Regulation S-K: Median Employee annual total compensation $ 79,034 CEO annual total compensation $ 11,615,"""
OKE,2025,174009.0,"SEC EDGAR DEF 14A (pay ratio disclosure, Item 402(u))",https://www.sec.gov/Archives/edgar/data/1039684/000103968426000010/oke-20260331.htm,2026-09-13,"DEF 14A filed 2026-04-01; median pay reconciles with the stated pay ratio 69:1 (ratio x median = $12,006,621 found in the proxy); quote: ""ian employee annual total compensation. Using the methodology described below, (i) the annual total compensation for our CEO in 2025 was $12,003,335 (ii) the annual total compensation for our median employee in 2025 was $174,009; and (iii) the resulting ratio of our C"""
ON,2025,14060.0,"SEC EDGAR DEF 14A (pay ratio disclosure, Item 402(u))",https://www.sec.gov/Archives/edgar/data/1097864/000109786426000010/on-20260401.htm,2026-09-13,"DEF 14A filed 2026-04-02; median pay reconciles with the stated pay ratio 1257:1 (ratio x median = $17,673,420 found in the proxy); quote: ""es and a second, supplemental ratio comparing CEO pay to that of our median U.S.-based non-manufacturing employee. For 2025: • the annual total compensation of our median employee (other than Mr. El-Khoury, our CEO) was $14,060; • the annual total compensation of our"""
ORLY,2025,33054.0,"SEC EDGAR DEF 14A (pay ratio disclosure, Item 402(u))",https://www.sec.gov/Archives/edgar/data/898173/000089817326000014/orly-20251231xdef14a.htm,2026-09-13,"DEF 14A filed 2026-03-27; median pay reconciles with the stated pay ratio 128:1 (ratio x median = $4,230,912 found in the proxy); quote: ""December 31, 2025 Annual total compensation, as determined under the Rule, for the Company's Chief Executive Officer $ 4,231,108 Annual total compensation, as determined under the Rule, for the Company's median employee $ 33,054 CEO-to-median employee pay ratio 128 to"""
OTIS,2025,59408.0,"SEC EDGAR DEF 14A (pay ratio disclosure, Item 402(u))",https://www.sec.gov/Archives/edgar/data/1781335/000114036126015389/ny20061782x1_def14a.htm,2026-09-13,"DEF 14A filed 2026-04-17; median pay reconciles with the stated pay ratio 286:1 (ratio x median = $16,990,688 found in the proxy); quote: ""io disclosure. We used the same median colleague as last year, as permitted by the SEC rules. For 2025, Ms. Marks' annual total compensation was $16,977,877, and the annual total compensation of our median colleague was $59,408, resulting in a ratio of 286:1. We beli"""
OXY,2025,225637.0,"SEC EDGAR DEF 14A (pay ratio disclosure, Item 402(u))",https://www.sec.gov/Archives/edgar/data/797468/000162828026019816/oxy-20260319.htm,2026-09-13,"DEF 14A filed 2026-03-19; median pay reconciles with the stated pay ratio 80:1 (ratio x median = $18,050,960 found in the proxy); quote: ""ually Paid and CROCE CAP to CEO ($M) Average CAP to Other NEOs ($M) CROCE 2026 Proxy Statement 61 Table of Contents Pay Ratio For 2025 , the annual total compensation of the median compensated employee of Occidental was $225,637 ; the annual total compensation of Ms."""
PANW,2025,225828.0,"SEC EDGAR DEF 14A (pay ratio disclosure, Item 402(u))",https://www.sec.gov/Archives/edgar/data/1327567/000130817925000624/panw-20251107.htm,2026-09-13,"DEF 14A filed 2025-11-07; median pay reconciles with the stated pay ratio 442:1 (ratio x median = $99,815,976 found in the proxy); quote: ""io results. For our last completed fiscal year, which ended July 31, 2025: • The median of the annual total compensation of all employees of our Company and our consolidated subsidiaries in fiscal 2025 was approximately $225,828, excluding our Chief Executive Officer."""
PAYX,2026,71890.0,"SEC EDGAR DEF 14A (pay ratio disclosure, Item 402(u))",https://www.sec.gov/Archives/edgar/data/723531/000119312526382805/d111983ddef14a.htm,2026-09-13,"DEF 14A filed 2026-09-04; median pay reconciles with the stated pay ratio 143:1 (ratio x median = $10,280,270 found in the proxy); quote: ""nnual compensation of all other employees, excluding employees of certain non-U.S. jurisdictions and our CEO: Mr. Gibson, our CEO, total annual compensation (A) $ 10,274,543 Median employee total annual compensation (B) $ 71,890 Ratio of CEO to median employee compens"""
PCG,2025,198261.0,"SEC EDGAR DEF 14A (pay ratio disclosure, Item 402(u))",https://www.sec.gov/Archives/edgar/data/1004980/000100498026000020/pcg-20260409.htm,2026-09-13,"DEF 14A filed 2026-04-09; median pay reconciles with the stated pay ratio 22:1 (ratio x median = $4,361,742 found in the proxy); quote: ""d Electric Company 2026 Joint Proxy Statement 94 Principal Executive Officers' (PEO) Pay Ratio - 2025 The PG&E Corporation PEO's 2025 total compensation was $19,812,481. The total compensation of the median employee was $198,261. The ratio of PEO pay to median worker"""
PEG,2025,174510.0,"SEC EDGAR DEF 14A (pay ratio disclosure, Item 402(u))",https://www.sec.gov/Archives/edgar/data/788784/000119312526104270/peg-20260310.htm,2026-09-13,"DEF 14A filed 2026-03-12; median pay reconciles with the stated pay ratio 79:1 (ratio x median = $13,786,290 found in the proxy); quote: ""s of our employee compensation package, such as health insurance and other benefits generally applicable to all employees. For 2025, for purposes of this pay ratio disclosure, the compensation of our median employee was $174,510 and the compensation paid to our CEO wa"""
PEP,2025,53296.0,"SEC EDGAR DEF 14A (pay ratio disclosure, Item 402(u))",https://www.sec.gov/Archives/edgar/data/77476/000130817926000169/pep015012_def14a.htm,2026-09-13,"DEF 14A filed 2026-03-27; median pay reconciles with the stated pay ratio 449:1 (ratio x median = $23,929,904 found in the proxy); quote: ""annual total compensation to the median employee's for our last completed fiscal year is a reasonable estimate calculated in a manner consistent with applicable SEC rules. ■ The median employee's total compensation was $53,296. ■ The total compensation was calculate"""
PFG,2025,87867.0,"SEC EDGAR DEF 14A (pay ratio disclosure, Item 402(u))",https://www.sec.gov/Archives/edgar/data/1126328/000110465926039920/tm2529976-1_def14a.htm,2026-09-13,"DEF 14A filed 2026-04-06; median pay reconciles with the stated pay ratio 155:1 (ratio x median = $13,619,385 found in the proxy); quote: ""ion resulted in a total of $13,638,611.82, which differs from her Total Compensation reported in the Summary Compensation Table due to the inclusion of these benefits. The median employee's annual total compensation was $87,867.76. Based on this information, for 2025, t"""
PG,2026,68595.0,"SEC EDGAR DEF 14A (pay ratio disclosure, Item 402(u))",https://www.sec.gov/Archives/edgar/data/80424/000119312526372211/pg-20260826.htm,2026-09-13,"DEF 14A filed 2026-08-28; median pay reconciles with the stated pay ratio 278:1 (ratio x median = $19,069,410 found in the proxy); quote: ""consistent with Item 402(u) of Regulation S-K and based upon our reasonable judgment and assumptions. For FY 2025-26, the median of the annual total compensation of all employees of the Company (other than our CEO) was $68,595, and the annual total compensation of t"""
PGR,2025,86906.0,"SEC EDGAR DEF 14A (pay ratio disclosure, Item 402(u))",https://www.sec.gov/Archives/edgar/data/80661/000008066126000099/pgr-20260318.htm,2026-09-13,"DEF 14A filed 2026-03-23; median pay reconciles with the stated pay ratio 204:1 (ratio x median = $17,728,824 found in the proxy); quote: ""ntive payments described in “- Narrative Disclosure to Summary Compensation Table and Grants of Plan-Based Awards Table - Non-Equity Incentive Compensation.” For 2025, our median employee's total annual compensation was $86,906 and our CEO's total annual compensation"""
PH,2025,66034.0,"SEC EDGAR DEF 14A (pay ratio disclosure, Item 402(u))",https://www.sec.gov/Archives/edgar/data/76334/000130817925000603/ph-20250919.htm,2026-09-13,"DEF 14A filed 2025-09-19; median pay reconciles with the stated pay ratio 293:1 (ratio x median = $19,347,962 found in the proxy); quote: ""hief Executive Officer had annual total compensation for fiscal year 2025 of $19,317,705. Using the Summary Compensation Table methodology, the annual total compensation of our median team member for fiscal year 2025 is $66,034. As a result, we estimate that the rati"""
PHM,2025,108122.0,"SEC EDGAR DEF 14A (pay ratio disclosure, Item 402(u))",https://www.sec.gov/Archives/edgar/data/822416/000082241626000016/phm-20260312.htm,2026-09-13,"DEF 14A filed 2026-03-13; median pay reconciles with the stated pay ratio 142:1 (ratio x median = $15,353,324 found in the proxy); quote: ""ur employees to the annual total compensation of Mr. Marshall, our President and Chief Executive Officer. Ratio For 2025, The median of the annual total compensation of all of our employees, other than Mr. Marshall, was $108,122. Mr. Marshall's annual total compensati"""
PKG,2025,89867.0,"SEC EDGAR DEF 14A (pay ratio disclosure, Item 402(u))",https://www.sec.gov/Archives/edgar/data/75677/000119312526127602/d176963ddef14a.htm,2026-09-13,"DEF 14A filed 2026-03-27; median pay reconciles with the stated pay ratio 189.1:1 (ratio x median = $16,993,850 found in the proxy); quote: ""of our chief executive officer, Mark W. Kowlzan, was $16,992,255. The 2025 annual total compensation of our median employee, as calculated in accordance with the requirements of Item 402 (c)(2)(x) of Regulation S-K, was $89,867. Our median employee was identified as"""
PLTR,2025,235115.0,"SEC EDGAR DEF 14A (pay ratio disclosure, Item 402(u))",https://www.sec.gov/Archives/edgar/data/1321655/000132165526000019/pltr-20260423.htm,2026-09-13,"DEF 14A filed 2026-04-24; median pay reconciles with the stated pay ratio 37:1 (ratio x median = $8,699,255 found in the proxy); quote: ""December 31, 2025. • The CEO's total annual compensation in 2025 was $8,623,000. 49 Table of Content s • The median employee's total annual compensation in 2025 (as determined using the methodology described below) was $235,115. • Based on the above, for fiscal 2025,"""
PNC,2025,130900.0,"SEC EDGAR DEF 14A (pay ratio disclosure, Item 402(u))",https://www.sec.gov/Archives/edgar/data/713676/000119312526102189/d62941ddef14a.htm,2026-09-13,"DEF 14A filed 2026-03-11; median pay reconciles with the stated pay ratio 226:1 (ratio x median = $29,583,400 found in the proxy); quote: ""pensation of our median employee (other than Mr. Demchak). For the year ended December 31, 2025: ∎ The annual total compensation of Mr. Demchak was $29,530,103. ∎ The annual total compensation of our median employee was $130,900 (see below for an explanation of how we"""
PNR,2025,54012.0,"SEC EDGAR DEF 14A (pay ratio disclosure, Item 402(u))",https://www.sec.gov/Archives/edgar/data/77360/000007736026000014/pnr-20260317.htm,2026-09-13,"DEF 14A filed 2026-03-20; median pay reconciles with the stated pay ratio 210:1 (ratio x median = $11,342,520 found in the proxy); quote: ""of our Chief Executive Officer. For the year ended December 31, 2025: u the median of the annual total compensation of all employees of our company (other than our Chief Executive Officer) was reasonably estimated to be $54,012; and u the annual total compensation of"""
PNW,2025,182127.0,"SEC EDGAR DEF 14A (pay ratio disclosure, Item 402(u))",https://www.sec.gov/Archives/edgar/data/764622/000162828026023516/pnw-20260403.htm,2026-09-13,"DEF 14A filed 2026-04-03; median pay reconciles with the stated pay ratio 42:1 (ratio x median = $7,649,334 found in the proxy); quote: "", our former CEO and Mr. Geisler, our current CEO, who each served as our CEO during 2025, non-concurrently. For 2025, the median of the annual total compensation of all employees of our Company (other than our CEO) was $182,127, and the combined prorated total annual"""
PPL,2025,178625.0,"SEC EDGAR DEF 14A (pay ratio disclosure, Item 402(u))",https://www.sec.gov/Archives/edgar/data/922224/000119312526135991/ppl-20260331.htm,2026-09-13,"DEF 14A filed 2026-04-01; median pay reconciles with the stated pay ratio 74:1 (ratio x median = $13,218,250 found in the proxy); quote: ""tive payments, change in pension value and company matching contributions to the applicable 401(k) savings plan. For 2025, our CEO's total compensation was $13,221,331, while our median employee's total compensation was $178,625. Accordingly, our CEO Pay Ratio was 74"""
PRU,2025,100551.0,"SEC EDGAR DEF 14A (pay ratio disclosure, Item 402(u))",https://www.sec.gov/Archives/edgar/data/1137774/000110465926035162/tm2524217-6_def14a.htm,2026-09-13,"DEF 14A filed 2026-03-26; median pay reconciles with the stated pay ratio 198:1 (ratio x median = $19,909,098 found in the proxy); quote: ""er described in the CD&A. NOTICE OF ANNUAL MEETING OF SHAREHOLDERS AND 2026 PROXY STATEMENT 53 TABLE OF CONTENTS The ratio of our CEO's annual total compensation ($19,913,520) to that of our median compensated employee ($100,551) for 2025 was: This ratio is a reasonab"""
PSA,2025,38819.0,"SEC EDGAR DEF 14A (pay ratio disclosure, Item 402(u))",https://www.sec.gov/Archives/edgar/data/1393311/000119312526128991/psa-20260325.htm,2026-09-13,"DEF 14A filed 2026-03-27; median pay reconciles with the stated pay ratio 255:1 (ratio x median = $9,898,845 found in the proxy); quote: ""6 employees who work at one of our self-storage facilities serving our customers. This employee is paid on an hourly basis. The 2025 annual total compensation for our median employee as determined based on SEC rules was $38,819. The 2025 annual total compensation for"""
PTC,2025,90135.0,"SEC EDGAR DEF 14A (pay ratio disclosure, Item 402(u))",https://www.sec.gov/Archives/edgar/data/857005/000110465925124170/tm2526581-1_def14a.htm,2026-09-13,"DEF 14A filed 2025-12-23; median pay reconciles with the stated pay ratio 270:1 (ratio x median = $24,336,450 found in the proxy); quote: ""thered the annualized base salary and annual target incentive compensation for all employees worldwide, other than our CEO, to identify the median employee. We then calculated the 2025 median employee compensation to be $90,135 based on the methodology used for the S"""
PWR,2025,102192.0,"SEC EDGAR DEF 14A (pay ratio disclosure, Item 402(u))",https://www.sec.gov/Archives/edgar/data/1050915/000119312526150293/d118470ddef14a.htm,2026-09-13,"DEF 14A filed 2026-04-10; median pay reconciles with the stated pay ratio 154:1 (ratio x median = $15,737,568 found in the proxy); quote: ""ompany and the annual total compensation of Mr. Austin, Quanta's CEO. For 2025, Quanta's last completed fiscal year: • the median of the annual total compensation of all employees of Quanta (other than Quanta's CEO) was $102,192; • the annual total compensation of Qua"""
PYPL,2025,114331.0,"SEC EDGAR DEF 14A (pay ratio disclosure, Item 402(u))",https://www.sec.gov/Archives/edgar/data/1633917/000119312526145721/d59508ddef14a.htm,2026-09-13,"DEF 14A filed 2026-04-07; median pay reconciles with the stated pay ratio 221:1 (ratio x median = $25,267,151 found in the proxy); quote: ""asonable estimate calculated in a manner consistent with Item 402(u) of Regulation S-K. For 2025, our last completed fiscal year, the median of the annual total compensation of all our employees (other than our CEO) was $114,331. The total compensation of our CEO was"""
RDDT,2025,274953.0,"SEC EDGAR DEF 14A (pay ratio disclosure, Item 402(u))",https://www.sec.gov/Archives/edgar/data/1713445/000171344526000060/rddt-20260423.htm,2026-09-13,"DEF 14A filed 2026-04-23; median pay reconciles with the stated pay ratio 11.3:1 (ratio x median = $3,106,969 found in the proxy); quote: ""disclosures. For 2025, our Chief Executive Officer was Mr. Huffman. His total compensation for 2025, as reported in the Summary Compensation Table, was $3,101,009. The 2025 total compensation for our median employee was $274,953. Based on these amounts, our resulting"""
REGN,2025,174138.0,"SEC EDGAR DEF 14A (pay ratio disclosure, Item 402(u))",https://www.sec.gov/Archives/edgar/data/872589/000130817926000340/regn-20260424.htm,2026-09-13,"DEF 14A filed 2026-04-24; median pay reconciles with the stated pay ratio 42:1 (ratio x median = $7,313,796 found in the proxy); quote: ""officer, Dr. Schleifer, and the ratio of these two amounts. We have determined the total compensation of our median employee (based on the 2025 annual total compensation of our employees, excluding Dr. Schleifer) to be $174,138. The total 2025 compensation of Dr. Sch"""
RL,2026,34214.0,"SEC EDGAR DEF 14A (pay ratio disclosure, Item 402(u))",https://www.sec.gov/Archives/edgar/data/1037038/000114036126025788/ny20071304x1_def14a.htm,2026-09-13,"DEF 14A filed 2026-06-18; median pay reconciles with the stated pay ratio 680:1 (ratio x median = $23,265,520 found in the proxy); quote: ""er consistent with SEC rules which permit the use of estimates, assumptions, and adjustments, and is based on the following methodology. • The annual total compensation of the median employee, other than Mr. Louvet, was $34,214. • Mr. Louvet's annual total compensati"""
RMD,2025,78354.0,"SEC EDGAR DEF 14A (pay ratio disclosure, Item 402(u))",https://www.sec.gov/Archives/edgar/data/943819/000094381925000079/rmd-20251001.htm,2026-09-13,"DEF 14A filed 2025-10-02; median pay reconciles with the stated pay ratio 187:1 (ratio x median = $14,652,198 found in the proxy); quote: ""w median employee using total target cash including base salary or wages and target incentive payments, due to turnover. The annual total compensation of the median employee for the fiscal year ending June 30, 2025, was $78,354; and the annual total compensation of o"""
ROK,2025,55692.0,"SEC EDGAR DEF 14A (pay ratio disclosure, Item 402(u))",https://www.sec.gov/Archives/edgar/data/1024478/000130817925000665/rok014559-def14a.htm,2026-09-13,"DEF 14A filed 2025-12-22; median pay reconciles with the stated pay ratio 277:1 (ratio x median = $15,426,684 found in the proxy); quote: ""e 2025 annual total compensation of our CEO to the annual total compensation of our median employee was 277 to 1, calculated as follows: Blake Moret, Chairman and CEO, 2025 total compensation $15,401,707 Median employee $55,692 Ratio 277:1 Rockwell Automation is a gl"""
ROL,2025,65116.0,"SEC EDGAR DEF 14A (pay ratio disclosure, Item 402(u))",https://www.sec.gov/Archives/edgar/data/84839/000008483926000014/rol-20260317.htm,2026-09-13,"DEF 14A filed 2026-03-17; median pay reconciles with the stated pay ratio 137:1 (ratio x median = $8,920,892 found in the proxy); quote: ""red disclosure is to provide a measure of the equitability of pay within the organization. We believe our compensation philosophy and process yield an equitable result. Median Employee annual total compensation for 2025 $ 65,116 PEO annual total compensation for 2025"""
ROP,2025,100901.0,"SEC EDGAR DEF 14A (pay ratio disclosure, Item 402(u))",https://www.sec.gov/Archives/edgar/data/882835/000119312526145481/d204543ddef14a.htm,2026-09-13,"DEF 14A filed 2026-04-07; median pay reconciles with the stated pay ratio 260:1 (ratio x median = $26,234,260 found in the proxy); quote: ""d have had no impact on the determination of the median employee). We annualized the compensation for our full-time and part-time employees who were newly-hired in 2025. Our median employee's total 2025 compensation was $100,901 and our CEO's was $26,227,020 ($21,255"""
ROST,2026,10059.0,"SEC EDGAR DEF 14A (pay ratio disclosure, Item 402(u))",https://www.sec.gov/Archives/edgar/data/745732/000074573226000013/rost-20260406.htm,2026-09-13,"DEF 14A filed 2026-04-07; median pay reconciles with the stated pay ratio 1730:1 (ratio x median = $17,402,070 found in the proxy); quote: ""n for our CEO as set forth in the 2025 Summary Compensation Table (previously disclosed in this Proxy Statement). The annual total compensation for fiscal 2025 for our CEO was $17,406,705 and for the median employee was $10,059. The resulting ratio of our CEO's pay t"""
RSG,2025,79734.0,"SEC EDGAR DEF 14A (pay ratio disclosure, Item 402(u))",https://www.sec.gov/Archives/edgar/data/1060391/000119312526121796/d896469ddef14a.htm,2026-09-13,"DEF 14A filed 2026-03-24; median pay reconciles with the stated pay ratio 186:1 (ratio x median = $14,830,524 found in the proxy); quote: ""nnual cash incentive award for Ms. Ellingsen and Messrs. Bales and Brummer. CEO Pay Ratio We determined that the 2025 annual total compensation of the individual identified in 2023 as our median compensated employee was $79,734; our CEO's 2025 annual total compensati"""
RTX,2025,120092.0,"SEC EDGAR DEF 14A (pay ratio disclosure, Item 402(u))",https://www.sec.gov/Archives/edgar/data/101829/000130817926000036/rtx014050-def14a.htm,2026-09-13,"DEF 14A filed 2026-03-09; median pay reconciles with the stated pay ratio 207:1 (ratio x median = $24,859,044 found in the proxy); quote: ""fits, such as Company contributions to healthcare and retirement plans. RESULTS The 2025 total annual compensation value for Mr. Calio was $24,846,826 and for RTX's global median employee (as of October 1, 2025), it was $120,092, resulting in a ratio of 207:1. With ap"""
RVTY,2025,57745.0,"SEC EDGAR DEF 14A (pay ratio disclosure, Item 402(u))",https://www.sec.gov/Archives/edgar/data/31791/000119312526107266/d21831ddef14a.htm,2026-09-13,"DEF 14A filed 2026-03-16; median pay reconciles with the stated pay ratio 239:1 (ratio x median = $13,801,055 found in the proxy); quote: ""he 2025 annual total compensation as determined under Item 402 of Regulation S-K for our CEO was $13,809,549. The 2025 annual total compensation as determined under Item 402 of Regulation S-K for our median employee was $57,745. Based on the foregoing, our estimate o"""
SBAC,2025,86943.0,"SEC EDGAR DEF 14A (pay ratio disclosure, Item 402(u))",https://www.sec.gov/Archives/edgar/data/1034054/000119312526149656/d98181ddef14a.htm,2026-09-13,"DEF 14A filed 2026-04-09; median pay reconciles with the stated pay ratio 131:1 (ratio x median = $11,389,533 found in the proxy); quote: ""accordance with the requirements of the executive compensation rules for the Summary Compensation Table (Item 402(c)(2)(x) of Regulation S-K). Under this calculation, the median employee's annual total compensation was $86,943. Utilizing the same executive compensat"""
SCHW,2025,131480.0,"SEC EDGAR DEF 14A (pay ratio disclosure, Item 402(u))",https://www.sec.gov/Archives/edgar/data/316709/000119312526142826/d930509ddef14a.htm,2026-09-13,"DEF 14A filed 2026-04-06; median pay reconciles with the stated pay ratio 143:1 (ratio x median = $18,801,640 found in the proxy); quote: ""mpensation of the company's median employee to the 2025 annual total compensation of Mr. Wurster, the CEO during 2025: § the annual total compensation of the median employee, calculated in accordance with SCT rules, was $131,480; § the annual total compensation of the"""
SHW,2025,60049.0,"SEC EDGAR DEF 14A (pay ratio disclosure, Item 402(u))",https://www.sec.gov/Archives/edgar/data/89800/000008980026000025/shw-20260310.htm,2026-09-13,"DEF 14A filed 2026-03-11; median pay reconciles with the stated pay ratio 248:1 (ratio x median = $14,892,152 found in the proxy); quote: ""both Ms. Petz and our median employee using the same methodology that is used for the Summary Compensation Table. • Ms. Petz's annual total compensation - $14,914,317 • Our median employee's annual total compensation - $60,049 • Ratio of Ms. Petz's annual total comp"""
SJM,2026,77698.0,"SEC EDGAR DEF 14A (pay ratio disclosure, Item 402(u))",https://www.sec.gov/Archives/edgar/data/91419/000119312526283858/d227901ddef14a.htm,2026-09-13,"DEF 14A filed 2026-06-26; median pay reconciles with the stated pay ratio 141:1 (ratio x median = $10,955,418 found in the proxy); quote: ""to the Summary Compensation Table. The values are as follows for fiscal year 2026, our last completed fiscal year: Mark Smucker's annual total compensation: $10,935,216; Our median employee's annual total compensation: $77,698; and Ratio of Mark Smucker's annual tot"""
SNPS,2025,93538.0,"SEC EDGAR DEF 14A (pay ratio disclosure, Item 402(u))",https://www.sec.gov/Archives/edgar/data/883241/000088324126000007/snps-20260219.htm,2026-09-13,"DEF 14A filed 2026-02-19; median pay reconciles with the stated pay ratio 210:1 (ratio x median = $19,642,980 found in the proxy); quote: ""executive officer compensation program to be competitive based on an employee's position and geographic location. CEO Pay Ratio For fiscal 2025: • The annual total compensation of our median employee in fiscal 2025 was $93,538, which amount was calculated in accorda"""
SO,2025,173100.0,"SEC EDGAR DEF 14A (pay ratio disclosure, Item 402(u))",https://www.sec.gov/Archives/edgar/data/92122/000009212226000028/so-20260402.htm,2026-09-13,"DEF 14A filed 2026-04-03; median pay reconciles with the stated pay ratio 163:1 (ratio x median = $28,215,300 found in the proxy); quote: ""4 The annual total compensation of the median employee, calculated in accordance with the Summary Compensation Table requirements and including amounts paid under nondiscriminatory health and welfare benefit plans, was $173,100. The median employee is an Electrical a"""
SOLV,2025,82152.0,"SEC EDGAR DEF 14A (pay ratio disclosure, Item 402(u))",https://www.sec.gov/Archives/edgar/data/1964738/000196473826000017/solv-20260327.htm,2026-09-13,"DEF 14A filed 2026-03-27; median pay reconciles with the stated pay ratio 245:1 (ratio x median = $20,127,240 found in the proxy); quote: ""nnual total compensation of our median employee, calculated pursuant to Item 402(u) of Regulation S-K. Annual total compensation of the CEO for 2025 $ 20,139,981 Annual total compensation of the median employee for 2025 $ 82,152 CEO Pay Ratio for 2025 245:1 The ratio"""
SPG,2025,78989.0,"SEC EDGAR DEF 14A (pay ratio disclosure, Item 402(u))",https://www.sec.gov/Archives/edgar/data/1063761/000110465926038320/spg-20260513xdef14a.htm,2026-09-13,"DEF 14A filed 2026-04-01; median pay reconciles with the stated pay ratio 148:1 (ratio x median = $11,690,372 found in the proxy); quote: ""n accordance with the rules of the SEC: ● The total annual compensation of our median employee, who is a Senior Analyst located at our corporate headquarters in Indianapolis, Indiana, other than our CEO during 2025, was $78,989. ● The total annual compensation of our"""
SPGI,2025,40158.0,"SEC EDGAR DEF 14A (pay ratio disclosure, Item 402(u))",https://www.sec.gov/Archives/edgar/data/64040/000110465926037380/tm261443-1_def14a.htm,2026-09-13,"DEF 14A filed 2026-03-31; median pay reconciles with the stated pay ratio 320:1 (ratio x median = $12,850,560 found in the proxy); quote: ""hat the pay ratio included in this information is a reasonable estimate calculated in a manner consistent with SEC rules. • For 2025, the median annual total compensation of all of our employees (other than our CEO) was $40,158. • The annual total compensation of our"""
SRE,2025,171317.0,"SEC EDGAR DEF 14A (pay ratio disclosure, Item 402(u))",https://www.sec.gov/Archives/edgar/data/1032208/000119312526127603/d90144ddef14a.htm,2026-09-13,"DEF 14A filed 2026-03-27; median pay reconciles with the stated pay ratio 130:1 (ratio x median = $22,271,210 found in the proxy); quote: ""Summary Compensation Table plus health and welfare and other nondiscriminatory benefits, which are a key part of our total rewards program. Using this methodology, the 2025 total compensation of our median employee was $171,317 and the 2025 total compensation of our"""
STT,2025,43491.0,"SEC EDGAR DEF 14A (pay ratio disclosure, Item 402(u))",https://www.sec.gov/Archives/edgar/data/93751/000114036126013817/ny20058931x1_def14a.htm,2026-09-13,"DEF 14A filed 2026-04-08; median pay reconciles with the stated pay ratio 449:1 (ratio x median = $19,527,459 found in the proxy); quote: ""ancial services companies, and so the information may not be comparable across companies. For 2025: • the estimated median of the annual total compensation of all employees of State Street (other than Mr. O'Hanley), was $43,491; and • the annual total compensation of"""
STX,2026,12550.0,"SEC EDGAR DEF 14A (pay ratio disclosure, Item 402(u))",https://www.sec.gov/Archives/edgar/data/1137789/000113778926000207/stx-20260908.htm,2026-09-13,"DEF 14A filed 2026-09-08; median pay reconciles with the stated pay ratio 2145:1 (ratio x median = $26,919,750 found in the proxy); quote: ""lar, intern, and fixed-term employees, of whom approximately 25,000 were located in our Asia operations. For Fiscal Year 2026, the median annual total compensation of all employees of the Company, excluding our CEO, was $12,550 and the annual total compensation of ou"""
STZ,2026,48558.0,"SEC EDGAR DEF 14A (pay ratio disclosure, Item 402(u))",https://www.sec.gov/Archives/edgar/data/16918/000001691826000023/stz-20260603.htm,2026-09-13,"DEF 14A filed 2026-06-08; median pay reconciles with the stated pay ratio 293:1 (ratio x median = $14,227,494 found in the proxy); quote: ""REACHINGFOR I 66 EXECUTIVE COMPENSATION CEO Pay Ratio Table of Contents CEO PAY RATIO For Fiscal 2026, the annual total compensation of our CEO is $14,209,126, and the annual total compensation of our median employee is $48,558. The ratio of the annual total compensa"""
SW,2025,60554.0,"SEC EDGAR DEF 14A (pay ratio disclosure, Item 402(u))",https://www.sec.gov/Archives/edgar/data/2005951/000110465926026094/sw-20260501xdef14a.htm,2026-09-13,"DEF 14A filed 2026-03-11; median pay reconciles with the stated pay ratio 271:1 (ratio x median = $16,410,134 found in the proxy); quote: ""gether with a description of the methodology used to identify the median employee and calculate the respective compensation amounts. For 2025, the annual total compensation of our median employee (excluding our CEO) was $60,554, while the annual total compensation as"""
SWK,2026,47897.0,"SEC EDGAR DEF 14A (pay ratio disclosure, Item 402(u))",https://www.sec.gov/Archives/edgar/data/93556/000114036126008170/ny20055502x771_def14a.htm,2026-09-13,"DEF 14A filed 2026-03-06; median pay reconciles with the stated pay ratio 179:1 (ratio x median = $8,573,563 found in the proxy); quote: ""enefits provided to the median employee during 2025 to more accurately represent our overall compensation programs. Based on this, our median employee's total annual compensation, inclusive of benefits, was an estimated $47,897. Annual Total Compensation of CEO Our C"""
SYF,2025,63465.0,"SEC EDGAR DEF 14A (pay ratio disclosure, Item 402(u))",https://www.sec.gov/Archives/edgar/data/1601712/000160171226000017/synchronyfinancialproxy202.htm,2026-09-13,"DEF 14A filed 2026-04-29; median pay reconciles with the stated pay ratio 337:1 (ratio x median = $21,387,705 found in the proxy); quote: ""used to calculate the amount set forth in the “total” column of the Summary Compensation Table, and adding the value of benefits. Accordingly, our median employee's estimated annual total compensation was calculated as $63,465 including benefits. With respect to the"""
SYK,2025,81018.0,"SEC EDGAR DEF 14A (pay ratio disclosure, Item 402(u))",https://www.sec.gov/Archives/edgar/data/310764/000031076426000013/syk-20260323.htm,2026-09-13,"DEF 14A filed 2026-03-23; median pay reconciles with the stated pay ratio 264:1 (ratio x median = $21,388,752 found in the proxy); quote: ""y not be comparable to the pay ratios of other companies. • The 2025 annual total compensation of our Chief Executive Officer was $ 21,401,495 . • The 2025 annual total compensation of our identified median employee was $81,018. • The ratio of the annual total compen"""
SYY,2025,83909.0,"SEC EDGAR DEF 14A (pay ratio disclosure, Item 402(u))",https://www.sec.gov/Archives/edgar/data/96021/000009602125000147/syy-20251001.htm,2026-09-13,"DEF 14A filed 2025-10-02; median pay reconciles with the stated pay ratio 193:1 (ratio x median = $16,194,437 found in the proxy); quote: ""the requirements of Item 402(c)(2)(x) of Regulation S-K (the “Annual Total Compensation”). For fiscal year 2025: The Annual Total Compensation of our CEO $ 16,228,599 The Annual Total Compensation of our Median Employee $ 83,909.84 The Ratio of the CEO's to the Median Em"""
T,2025,139026.0,"SEC EDGAR DEF 14A (pay ratio disclosure, Item 402(u))",https://www.sec.gov/Archives/edgar/data/732717/000119312526119888/d919223ddef14a.htm,2026-09-13,"DEF 14A filed 2026-03-23; median pay reconciles with the stated pay ratio 215:1 (ratio x median = $29,890,590 found in the proxy); quote: ""ensation of our median employee is $139,026. The final pay ratio calculation is 215:1. Determination of CEO Pay Ratio Step 1 Total compensation of the CEO 1 $29,906,872 Step 2 Total compensation of the median employee 2 $139,026 Step 3 Divide compensation of the CEO b"""
TAP,2025,97029.0,"SEC EDGAR DEF 14A (pay ratio disclosure, Item 402(u))",https://www.sec.gov/Archives/edgar/data/24545/000110465926034154/tap-20260506xdef14a.htm,2026-09-13,"DEF 14A filed 2026-03-25; median pay reconciles with the stated pay ratio 97:1 (ratio x median = $9,411,813 found in the proxy); quote: ""an employee to the annual total compensation of our CEO (the CEO Pay Ratio). 2025 CEO Pay Ratio Annual total compensation of our CEO in 2025 $ 9,402,624 Annual total compensation of our estimated median employee in 2025 $ 97,029 RESULTING CEO PAY RATIO 97 to 1 Methodo"""
TDG,2025,68247.0,"SEC EDGAR DEF 14A (pay ratio disclosure, Item 402(u))",https://www.sec.gov/Archives/edgar/data/1260221/000126022126000009/tdg-20260122.htm,2026-09-13,"DEF 14A filed 2026-01-23; median pay reconciles with the stated pay ratio 369:1 (ratio x median = $25,183,143 found in the proxy); quote: ""n calculated in accordance with SEC rules applicable to the Fiscal 2025 Summary Compensation Table). In FY 2025, Mr. Stein's annual total compensation was $25,188,430. Our median employee's annual total compensation was $68,247. The ratio of Mr. Stein's annual total"""
TDY,2026,65616.0,"SEC EDGAR DEF 14A (pay ratio disclosure, Item 402(u))",https://www.sec.gov/Archives/edgar/data/1094285/000119312526104187/d70991ddef14a.htm,2026-09-13,"DEF 14A filed 2026-03-12; median pay reconciles with the stated pay ratio 65:1 (ratio x median = $4,265,040 found in the proxy); quote: ""e demographic profile or compensation policies between 2024 and 2025. Our median compensated employee's total annual compensation for 2025 as calculated using the methodology governing the Summary Compensation Table was $65,616. The total annual compensation of our P"""
TEL,2025,29529.0,"SEC EDGAR DEF 14A (pay ratio disclosure, Item 402(u))",https://www.sec.gov/Archives/edgar/data/1385157/000110465926003934/tel-20260311xdef14a.htm,2026-09-13,"DEF 14A filed 2026-01-15; median pay reconciles with the stated pay ratio 621:1 (ratio x median = $18,337,509 found in the proxy); quote: ""been used for three consecutive years, a new median employee was selected for fiscal year 2025. ● Using a measurement date of September 26, 2025, the newly identified median employee had an annual total compensation of $29,529, which includes base salary, cash allow"""
TER,2025,117600.0,"SEC EDGAR DEF 14A (pay ratio disclosure, Item 402(u))",https://www.sec.gov/Archives/edgar/data/97210/000119312526127504/ter-20260325.htm,2026-09-13,"DEF 14A filed 2026-03-27; median pay reconciles with the stated pay ratio 120:1 (ratio x median = $14,112,000 found in the proxy); quote: ""manner consistent with Item 402(u) of Regulation S-K. For 2025, Teradyne's last completed fiscal year: • the median of the annual total compensation of all Teradyne employees (other than the Chief Executive Officer) was $117,600; • the annual total compensation of the"""
TGT,2026,27506.0,"SEC EDGAR DEF 14A (pay ratio disclosure, Item 402(u))",https://www.sec.gov/Archives/edgar/data/27419/000162828026027508/tgt-20260426.htm,2026-09-13,"DEF 14A filed 2026-04-27; median pay reconciles with the stated pay ratio 794:1 (ratio x median = $21,839,764 found in the proxy); quote: ""isclosed in the “Summary compensation table” on page 58 , the Fiscal 2025 total annual compensation for our CEO was $21,830,088 . We estimate that the Fiscal 2025 total annual compensation for the median Team Member was $27,506 . The median Team Member is employed pa"""
TJX,2026,14994.0,"SEC EDGAR DEF 14A (pay ratio disclosure, Item 402(u))",https://www.sec.gov/Archives/edgar/data/109198/000010919826000015/tjx-20260430.htm,2026-09-13,"DEF 14A filed 2026-04-30; median pay reconciles with the stated pay ratio 1774:1 (ratio x median = $26,599,356 found in the proxy); quote: ""eported in the “Total” column of the Summary Compensation Table above, was $26,603,537. In accordance with SEC rules, the median of the annual total compensation of all employees (other than the CEO) was estimated to be $14,994 for FY26, which resulted in an estimate"""
TKO,2025,82428.0,"SEC EDGAR DEF 14A (pay ratio disclosure, Item 402(u))",https://www.sec.gov/Archives/edgar/data/1973266/000119312526173833/d913980ddef14a.htm,2026-09-13,"DEF 14A filed 2026-04-23; median pay reconciles with the stated pay ratio 813:1 (ratio x median = $67,013,964 found in the proxy); quote: ""our CEO) as set forth in the 2025 Summary Compensation Table. For 2025: • The annual total compensation of our Median Employee, calculated in accordance with the requirements of Item 402(c)(2)(x) of Regulation S-K, was $82,428 and the annual total compensation of ou"""
TMO,2025,71333.0,"SEC EDGAR DEF 14A (pay ratio disclosure, Item 402(u))",https://www.sec.gov/Archives/edgar/data/97745/000119312526144585/d66426ddef14a.htm,2026-09-13,"DEF 14A filed 2026-04-07; median pay reconciles with the stated pay ratio 1120:1 (ratio x median = $79,892,960 found in the proxy); quote: ""get cash incentive for each employee as of October 3, 2025 (annualized in the case of employees who joined the company during 2025). The annual total compensation of our median employee (other than the CEO) for 2025 was $71,333. As disclosed in the Summary Compensati"""
TMUS,2025,76141.0,"SEC EDGAR DEF 14A (pay ratio disclosure, Item 402(u))",https://www.sec.gov/Archives/edgar/data/1283699/000119312526181884/d11985ddef14a.htm,2026-09-13,"DEF 14A filed 2026-04-27; median pay reconciles with the stated pay ratio 499:1 (ratio x median = $37,994,359 found in the proxy); quote: ""onship of the annual total compensation of our employees and the annual total compensation of Mr. Gopalan, our Chief Executive Officer. We have calculated the 2025 total annual compensation for our median employee to be $76,141. We experienced a Chief Executive Offic"""
TPR,2025,26657.0,"SEC EDGAR DEF 14A (pay ratio disclosure, Item 402(u))",https://www.sec.gov/Archives/edgar/data/1116132/000114036125036303/ny20053837x1_def14a.htm,2026-09-13,"DEF 14A filed 2025-09-26; median pay reconciles with the stated pay ratio 651:1 (ratio x median = $17,353,707 found in the proxy); quote: ""ificantly impact our pay ratio disclosure. We determined the following in compliance with the requirements set forth in Item 402(u) of Regulation S-K: • The total fiscal year 2025 compensation of our median employee was $26,657; • The total fiscal year 2025 compensat"""
TRGP,2025,147880.0,"SEC EDGAR DEF 14A (pay ratio disclosure, Item 402(u))",https://www.sec.gov/Archives/edgar/data/1389170/000119312526126280/trgp-20260326.htm,2026-09-13,"DEF 14A filed 2026-03-26; median pay reconciles with the stated pay ratio 145:1 (ratio x median = $21,442,600 found in the proxy); quote: ""total compensation of Mr. Meloy, our Chief Executive Officer (our “CEO”). For 2025, our last completed fiscal year: ▪ The median of the annual total compensation of all employees of our company (other than the CEO) was $147,880. ▪ The annual total compensation of Mr."""
TRMB,2026,116683.0,"SEC EDGAR DEF 14A (pay ratio disclosure, Item 402(u))",https://www.sec.gov/Archives/edgar/data/864749/000086474926000042/trmb-20260409.htm,2026-09-13,"DEF 14A filed 2026-04-09; median pay reconciles with the stated pay ratio 163.9:1 (ratio x median = $19,124,344 found in the proxy); quote: ""ur President and Chief Executive Officer, Robert G. Painter, and the ratio of these two amounts. We have determined the median of the annual total compensation of all our employees, excluding Mr. Painter, for 2025 to be $116,683. The annual total compensation of Mr. P"""
TRV,2025,132067.0,"SEC EDGAR DEF 14A (pay ratio disclosure, Item 402(u))",https://www.sec.gov/Archives/edgar/data/86312/000008631226000103/trv-20260406.htm,2026-09-13,"DEF 14A filed 2026-04-07; median pay reconciles with the stated pay ratio 204:1 (ratio x median = $26,941,668 found in the proxy); quote: ""l total compensation of Mr. Schnitzer, our Chief Executive Officer. For 2025 , our last completed fiscal year: • The median of the annual total compensation of all employees of our company (other than Mr. Schnitzer) was $132,067; • The annual total compensation of Mr."""
TSCO,2025,24376.0,"SEC EDGAR DEF 14A (pay ratio disclosure, Item 402(u))",https://www.sec.gov/Archives/edgar/data/916365/000119312526126620/d16327ddef14a.htm,2026-09-13,"DEF 14A filed 2026-03-26; median pay reconciles with the stated pay ratio 1324:1 (ratio x median = $32,273,824 found in the proxy); quote: ""94, as reflected in the 2025 Summary Compensation Table included in this Proxy Statement. The median team member's annual total compensation for fiscal 2025 that would be reportable in the Summary Compensation Table was $24,376. As a result, the fiscal 2025 CEO pay r"""
TT,2025,67812.0,"SEC EDGAR DEF 14A (pay ratio disclosure, Item 402(u))",https://www.sec.gov/Archives/edgar/data/1466258/000162828026026679/tt-20260421.htm,2026-09-13,"DEF 14A filed 2026-04-23; median pay reconciles with the stated pay ratio 402:1 (ratio x median = $27,260,424 found in the proxy); quote: ""our employees. We calculated the median employee's total annual compensation in accordance with the requirements of the Summary Compensation Table. Based on such calculation, our median employee's total compensation was $67,812, while our CEO's compensation was $27,2"""
TTD,2025,218847.0,"SEC EDGAR DEF 14A (pay ratio disclosure, Item 402(u))",https://www.sec.gov/Archives/edgar/data/1671933/000167193326000034/ttd-20260408.htm,2026-09-13,"DEF 14A filed 2026-04-09; median pay reconciles with the stated pay ratio 125:1 (ratio x median = $27,355,875 found in the proxy); quote: ""d based on this approach, we calculated the median employee's annual total compensation in accordance with the requirements of the Summary Compensation Table. Our median employee's annual total compensation for 2025 was $218,847. Our CEO's annual total compensation fo"""
TTWO,2026,86683.0,"SEC EDGAR DEF 14A (pay ratio disclosure, Item 402(u))",https://www.sec.gov/Archives/edgar/data/946581/000162828026049813/ttwo-20260727.htm,2026-09-13,"DEF 14A filed 2026-07-27; median pay reconciles with the stated pay ratio 4.65:1 (ratio x median = $403,076 found in the proxy); quote: ""um amount of compensation Mr. Zelnick was eligible to receive was $40,493,819 . • The annual total compensation of the median employee (excluding Mr. Zelnick) of the Company (including our consolidated subsidiaries) was $ 86,683 . • Based on the above, for fiscal 2026"""
TXT,2026,111269.0,"SEC EDGAR DEF 14A (pay ratio disclosure, Item 402(u))",https://www.sec.gov/Archives/edgar/data/217346/000155278126000084/e26011_txt-def14a.htm,2026-09-13,"DEF 14A filed 2026-03-05; median pay reconciles with the stated pay ratio 190:1 (ratio x median = $21,141,110 found in the proxy); quote: ""). Using this methodology for 2025, we determined that the “median employee” was a full-time, salaried employee located in the U.S. Total compensation for the median employee in the 2025 fiscal year was in the amount of $111,269. “Annual total compensation” of the med"""
TYL,2025,102461.0,"SEC EDGAR DEF 14A (pay ratio disclosure, Item 402(u))",https://www.sec.gov/Archives/edgar/data/860731/000086073126000022/tyl-20260323.htm,2026-09-13,"DEF 14A filed 2026-03-23; median pay reconciles with the stated pay ratio 86.5:1 (ratio x median = $8,862,876 found in the proxy); quote: ""for our Named Executive Officers as set forth in the 2025 Summary Compensation Table included in this Proxy Statement. The total annual compensation calculated for our CEO was $8,858,370 and for our median employee was $102,461. The resulting ratio for our CEO's pay"""
UAL,2025,96670.0,"SEC EDGAR DEF 14A (pay ratio disclosure, Item 402(u))",https://www.sec.gov/Archives/edgar/data/100517/000110465926040467/tmb-20260519xdef14a.htm,2026-09-13,"DEF 14A filed 2026-04-07; median pay reconciles with the stated pay ratio 334:1 (ratio x median = $32,287,780 found in the proxy); quote: ""the SEC rules. Ratio. For the fiscal year that ended December 31, 2025, the estimated median annual total compensation of all employees of the Company (including our consolidated subsidiaries but excluding our CEO) was $96,670 and the 2025 annual total compensation"""
UBER,2025,98826.0,"SEC EDGAR DEF 14A (pay ratio disclosure, Item 402(u))",https://www.sec.gov/Archives/edgar/data/1543151/000130817926000125/uber014597-def14a.htm,2026-09-13,"DEF 14A filed 2026-03-23; median pay reconciles with the stated pay ratio 360:1 (ratio x median = $35,577,360 found in the proxy); quote: ""converted employee compensation from local currency to U.S. dollars using the exchange rate on the Determination Date. For fiscal year 2025, the annual total compensation for the median employee (excluding our CEO) was $98,826 and annual total compensation of our CE"""
UDR,2025,86140.0,"SEC EDGAR DEF 14A (pay ratio disclosure, Item 402(u))",https://www.sec.gov/Archives/edgar/data/74208/000007420826000037/udr-20260521xdef14a.htm,2026-09-13,"DEF 14A filed 2026-04-02; median pay reconciles with the stated pay ratio 109:1 (ratio x median = $9,389,260 found in the proxy); quote: ""our median employee, we combined all of the elements of such employee's compensation for fiscal 2025 in accordance with the requirements of Item 402(c)(2)(x) of Regulation S-K, resulting in annual total compensation of $86,140. ● For the annual total compensation of"""
UHS,2025,57048.0,"SEC EDGAR DEF 14A (pay ratio disclosure, Item 402(u))",https://www.sec.gov/Archives/edgar/data/352915/000119312526148814/uhs-20260403.htm,2026-09-13,"DEF 14A filed 2026-04-09; median pay reconciles with the stated pay ratio 283:1 (ratio x median = $16,144,584 found in the proxy); quote: ""vices, Inc. 2026 Proxy Statement Potential Payments Upon Termination or Change-in-Control exist in the healthcare industry, we recalculated the median employee in 2025 and determined that person's total compensation was $57,048. The ratio of CEO pay to median worker"""
ULTA,2026,11883.0,"SEC EDGAR DEF 14A (pay ratio disclosure, Item 402(u))",https://www.sec.gov/Archives/edgar/data/1403568/000110465926046308/tmb-20260609xdef14a.htm,2026-09-13,"DEF 14A filed 2026-04-22; median pay reconciles with the stated pay ratio 1296:1 (ratio x median = $15,400,368 found in the proxy); quote: ""same methodology we used to calculate Ms. Steelman's total annual compensation as reported in the Summary Compensation Table. Using this methodology for fiscal 2025, our median associate's total annual compensation was $11,883 and our CEO's total annual compensation"""
UNH,2025,81474.0,"SEC EDGAR DEF 14A (pay ratio disclosure, Item 402(u))",https://www.sec.gov/Archives/edgar/data/731766/000110465926046125/tm261387-6_def14a.htm,2026-09-13,"DEF 14A filed 2026-04-21; median pay reconciles with the stated pay ratio 748:1 (ratio x median = $60,942,552 found in the proxy); quote: ""nsation were calculated consistent with the Summary Compensation Table executive compensation disclosure requirements, plus the value of employer-paid health insurance contributions. The median employee compensation was $81,474 and the CEO's compensation was $60,950,"""
UPS,2025,66268.0,"SEC EDGAR DEF 14A (pay ratio disclosure, Item 402(u))",https://www.sec.gov/Archives/edgar/data/1090727/000162828026019856/ups-20260319.htm,2026-09-13,"DEF 14A filed 2026-03-19; median pay reconciles with the stated pay ratio 345:1 (ratio x median = $22,862,460 found in the proxy); quote: ""owing ratio of the annual total compensation of our CEO to the annual total compensation of our median employee. For purposes of this disclosure, the 2025 annual total compensation of the median compensated employee was $66,268; our CEO's 2025 annual total compensati"""
URI,2025,88098.0,"SEC EDGAR DEF 14A (pay ratio disclosure, Item 402(u))",https://www.sec.gov/Archives/edgar/data/1067701/000119312526124113/uri-20260324.htm,2026-09-13,"DEF 14A filed 2026-03-25; median pay reconciles with the stated pay ratio 137:1 (ratio x median = $12,069,426 found in the proxy); quote: ""the annual total compensation of Mr. Flannery and the ratio of those two values for 2025: • The annual total compensation of the employee identified as the median paid employee of United Rentals (other than our CEO) was $88,098; • The 2025 total compensation of our C"""
V,2025,154909.0,"SEC EDGAR DEF 14A (pay ratio disclosure, Item 402(u))",https://www.sec.gov/Archives/edgar/data/1403161/000130817925000635/v-20251208.htm,2026-09-13,"DEF 14A filed 2025-12-08; median pay reconciles with the stated pay ratio 204:1 (ratio x median = $31,601,436 found in the proxy); quote: ""al compensation of our Chief Executive Officer, was 204:1. This ratio was calculated using annual total compensation for our Chief Executive Officer of $31,560,660 and annual total compensation of the median employee of $154,909. To identify the median of the annual t"""
VICI,2025,468119.0,"SEC EDGAR DEF 14A (pay ratio disclosure, Item 402(u))",https://www.sec.gov/Archives/edgar/data/1705696/000110465926028592/tm261334-1_def14a.htm,2026-09-13,"DEF 14A filed 2026-03-16; median pay reconciles with the stated pay ratio 30:1 (ratio x median = $14,043,570 found in the proxy); quote: ""nnual total compensation for such employee using the same methodology we use for our named executive officers as set forth in the Summary Compensation Table. The 2025 annual total compensation of our median employee was $468,119. The 2025 annual total compensation of"""
VMC,2025,115931.0,"SEC EDGAR DEF 14A (pay ratio disclosure, Item 402(u))",https://www.sec.gov/Archives/edgar/data/1396009/000162828026020812/vmc-20260324.htm,2026-09-13,"DEF 14A filed 2026-03-24; median pay reconciles with the stated pay ratio 127:1 (ratio x median = $14,723,237 found in the proxy); quote: ""ments since that median employee was identified that we believe would significantly impact our pay ratio disclosure. • The median of the annual total compensation of all employees of the company (other than our CEO) was $115,931. • The annual total compensation of our"""
VMRK,2025,77311.0,"SEC EDGAR DEF 14A (pay ratio disclosure, Item 402(u))",https://www.sec.gov/Archives/edgar/data/906107/000119312526155007/eqr-20260410.htm,2026-09-13,"DEF 14A filed 2026-04-14; median pay reconciles with the stated pay ratio 165:1 (ratio x median = $12,756,315 found in the proxy); quote: ""or such employee using the same methodology as used for Mr. Parrell's Total Compensation as reflected in the Summary Compensation Table. Based on this calculation, the 2025 total compensation for our median employee was $77,311 and the 2025 total compensation for Mr."""
VRSK,2025,68933.0,"SEC EDGAR DEF 14A (pay ratio disclosure, Item 402(u))",https://www.sec.gov/Archives/edgar/data/1442145/000119312526141398/d23242ddef14a.htm,2026-09-13,"DEF 14A filed 2026-04-03; median pay reconciles with the stated pay ratio 196:1 (ratio x median = $13,510,868 found in the proxy); quote: ""lation S-K (which we collectively refer to as the “Pay Ratio Rule”), we are providing the following estimated information for 2025: • the median of the annual total compensation of all our employees (except our CEO) was $68,933; • the annual total compensation of our"""
VRSN,2025,233491.0,"SEC EDGAR DEF 14A (pay ratio disclosure, Item 402(u))",https://www.sec.gov/Archives/edgar/data/1014473/000101447326000013/vrsn-20260409.htm,2026-09-13,"DEF 14A filed 2026-04-10; median pay reconciles with the stated pay ratio 67:1 (ratio x median = $15,643,897 found in the proxy); quote: ""n S-K requires disclosure of the ratio of the annual total compensation of our CEO, Mr. Bidzos, to the annual total compensation of our median employee. For 2025, the annual total compensation of the median employee was $233,491 and the annual total compensation of ou"""
VRT,2025,27811.0,"SEC EDGAR DEF 14A (pay ratio disclosure, Item 402(u))",https://www.sec.gov/Archives/edgar/data/1674101/000119312526174898/d18663ddef14a.htm,2026-09-13,"DEF 14A filed 2026-04-24; median pay reconciles with the stated pay ratio 658:1 (ratio x median = $18,299,638 found in the proxy); quote: ""employees who worked a partial year. • Foreign currencies were converted into U.S. dollars. Total compensation for 2025 for Mr. Albertazzi was $18,311,719. Our median employee's estimated total compensation for 2025 was $27,811. Therefore, the ratio of our 2025 princ"""
VRTX,2025,264487.0,"SEC EDGAR DEF 14A (pay ratio disclosure, Item 402(u))",https://www.sec.gov/Archives/edgar/data/875320/000087532026000153/vrtx-20260402.htm,2026-09-13,"DEF 14A filed 2026-04-02; median pay reconciles with the stated pay ratio 80:1 (ratio x median = $21,158,960 found in the proxy); quote: ""ni's annual total compensation, as reported in the Summary Compensation Table, was $21,144,261 and the median of the annual total compensation of all employees of the company (other than our Chief Executive Officer) was $264,487 . The ratio of annual total compensatio"""
VST,2025,137164.0,"SEC EDGAR DEF 14A (pay ratio disclosure, Item 402(u))",https://www.sec.gov/Archives/edgar/data/1692819/000162828026019029/vistra-20260318.htm,2026-09-13,"DEF 14A filed 2026-03-18; median pay reconciles with the stated pay ratio 117:1 (ratio x median = $16,048,188 found in the proxy); quote: ""ur non-managerial employees. For 2025, the total compensation of Mr. Burke, our CEO, was $15,989,188 as reported in the “Total” column of the Summary Compensation Table. The total compensation of our median employee was $137,164. The ratio of CEO pay to median worker"""
VTR,2025,123420.0,"SEC EDGAR DEF 14A (pay ratio disclosure, Item 402(u))",https://www.sec.gov/Archives/edgar/data/740260/000074026026000010/vtr-20260401.htm,2026-09-13,"DEF 14A filed 2026-04-01; median pay reconciles with the stated pay ratio 142:1 (ratio x median = $17,525,640 found in the proxy); quote: ""relationship of the annual total compensation of our employees and the annual total compensation of our CEO. For 2025, the median of the annual total compensation of all employees of the Company (other than our CEO) was $123,420 and the annual total compensation of ou"""
VTRS,2025,46729.0,"SEC EDGAR DEF 14A (pay ratio disclosure, Item 402(u))",https://www.sec.gov/Archives/edgar/data/1792044/000114036126013002/ny20062029x771_def14a.htm,2026-09-13,"DEF 14A filed 2026-04-02; median pay reconciles with the stated pay ratio 327:1 (ratio x median = $15,280,383 found in the proxy); quote: ""methodology we use for our NEOs as disclosed in the Summary Compensation Table on page 61 . 68 | 2026 Proxy Statement TABLE OF CONTENTS Executive Compensation Tables Total annual compensation for the median employee was $46,729 and is calculated according to the disc"""
WAB,2025,51471.0,"SEC EDGAR DEF 14A (pay ratio disclosure, Item 402(u))",https://www.sec.gov/Archives/edgar/data/943452/000162828026022197/wab-20260330.htm,2026-09-13,"DEF 14A filed 2026-03-31; median pay reconciles with the stated pay ratio 509:1 (ratio x median = $26,198,739 found in the proxy); quote: ""ees and the annual total compensation of Mr. Santana, our Chief Executive Officer. For 2025, our last completed fiscal year: • the annual total compensation of our median employee of our company (other than our CEO) was $51,471; and • the annual total compensation of"""
WAT,2025,92793.0,"SEC EDGAR DEF 14A (pay ratio disclosure, Item 402(u))",https://www.sec.gov/Archives/edgar/data/1000697/000119312526149657/d71187ddef14a.htm,2026-09-13,"DEF 14A filed 2026-04-09; median pay reconciles with the stated pay ratio 153:1 (ratio x median = $14,197,329 found in the proxy); quote: ""“Total” column of our 2025 Summary Compensation Table in the Proxy Statement above. We determined that, for fiscal year 2025, (1) the median of the annual total compensation of all our employees, other than our CEO, was $92,793, and (2) the 2025 annual total compensa"""
WBD,2025,119748.0,"SEC EDGAR DEF 14A (pay ratio disclosure, Item 402(u))",https://www.sec.gov/Archives/edgar/data/1437107/000143710726000046/wbd-20260429.htm,2026-09-13,"DEF 14A filed 2026-04-30; median pay reconciles with the stated pay ratio 463:1 (ratio x median = $55,443,324 found in the proxy); quote: ""dentified our Median Employee. Using the same methodology we used for our NEOs (including our CEO) as set forth in the 2025 Summary Compensation Table resulted in our Median Employee having annual total compensation o f $119,748 . The 2025 annual total compensation fo"""
WDAY,2026,218717.0,"SEC EDGAR DEF 14A (pay ratio disclosure, Item 402(u))",https://www.sec.gov/Archives/edgar/data/1327811/000110465926055687/tm261347-2_def14a.htm,2026-09-13,"DEF 14A filed 2026-05-05; median pay reconciles with the stated pay ratio 119:1 (ratio x median = $26,027,323 found in the proxy); quote: ""ibed below. As disclosed in the Summary Compensation Table above, the total annual compensation of Mr. Eschenbach for fiscal 2026 was $26,031,706. The total annual compensation of our median employee for fiscal 2026 was $218,717, calculated in the same manner as the c"""
WDC,2025,8740.0,"SEC EDGAR DEF 14A (pay ratio disclosure, Item 402(u))",https://www.sec.gov/Archives/edgar/data/106040/000162828025044298/wdc-20251006.htm,2026-09-13,"DEF 14A filed 2025-10-06; median pay reconciles with the stated pay ratio 1321:1 (ratio x median = $11,545,540 found in the proxy); quote: ""nner as our CEO's total compensation is calculated and reported above in the “Fiscal 2023-2025 Summary Compensation Table.” The fiscal 2025 annual total compensation for the Median Compensated Employee was calculated at $8,740, and our CEO's annual total compensatio"""
WELL,2025,124995.0,"SEC EDGAR DEF 14A (pay ratio disclosure, Item 402(u))",https://www.sec.gov/Archives/edgar/data/766704/000076670426000014/well-20260409.htm,2026-09-13,"DEF 14A filed 2026-04-10; median pay reconciles with the stated pay ratio 6569:1 (ratio x median = $821,092,155 found in the proxy); quote: ""e identified the median employee, we calculated all elements of such employee's compensation for 2025 in accordance with the requirements of Item 402(c)(2)(x) of Regulation S-K, resulting in annual total compensation of $124,995. • With respect to the annual total com"""
WFC,2025,82044.0,"SEC EDGAR DEF 14A (pay ratio disclosure, Item 402(u))",https://www.sec.gov/Archives/edgar/data/72971/000007297126000200/wfc-20260318.htm,2026-09-13,"DEF 14A filed 2026-03-18; median pay reconciles with the stated pay ratio 1152:1 (ratio x median = $94,514,688 found in the proxy); quote: ""ion was approximately 1,152 times that of the estimated annual total compensation of the median Wells Fargo employee in 2025. CEO annual total compensation $94,522,642 Median Employee estimated annual total compensation $82,044 Ratio of CEO annual total compensation"""
WM,2025,100067.0,"SEC EDGAR DEF 14A (pay ratio disclosure, Item 402(u))",https://www.sec.gov/Archives/edgar/data/823768/000110465926037381/tm261369-1_def14a.htm,2026-09-13,"DEF 14A filed 2026-03-31; median pay reconciles with the stated pay ratio 190:1 (ratio x median = $19,012,730 found in the proxy); quote: ""these individuals are full-time employees. Any temporary or seasonal employees are included; any subcontracted workers are not employees and are excluded. For 2025, total annual compensation for the Median Employee was $100,067.27. The annual compensation of our Chief E"""
WMB,2025,143269.0,"SEC EDGAR DEF 14A (pay ratio disclosure, Item 402(u))",https://www.sec.gov/Archives/edgar/data/107263/000119312526112643/wmb-20260317.htm,2026-09-13,"DEF 14A filed 2026-03-18; median pay reconciles with the stated pay ratio 61:1 (ratio x median = $8,739,409 found in the proxy); quote: ""pose of identifying our median employee. We then calculated the median employee's compensation in the same manner as the named executive officers in the Summary Compensation Table. Our median employee's compensation was $143,269. Our CEO's disclosed compensation amoun"""
WMT,2026,30520.0,"SEC EDGAR DEF 14A (pay ratio disclosure, Item 402(u))",https://www.sec.gov/Archives/edgar/data/104169/000119312526173673/wmt-20260423.htm,2026-09-13,"DEF 14A filed 2026-04-23; median pay reconciles with the stated pay ratio 958:1 (ratio x median = $29,238,160 found in the proxy); quote: ""group. Based upon the estimates, assumptions, and methodology described above, the fiscal 2026 annual total compensation of our CEO was $29,240,930, the fiscal 2026 annual total compensation of our median associate was $30,520, and the ratio of these amounts was 958"""
WSM,2026,24943.0,"SEC EDGAR DEF 14A (pay ratio disclosure, Item 402(u))",https://www.sec.gov/Archives/edgar/data/719955/000071995526000109/wsm-20260506.htm,2026-09-13,"DEF 14A filed 2026-05-06; median pay reconciles with the stated pay ratio 620:1 (ratio x median = $15,464,660 found in the proxy); quote: ""l compensation of our Chief Executive Officer was $33,297,422 in fiscal 2025, as reflected in the Summary Compensation Table above. Based on reasonable estimates, the annual total compensation of the Median Employee was $24,943 for fiscal 2025. Accordingly, for fisca"""
WST,2025,64635.0,"SEC EDGAR DEF 14A (pay ratio disclosure, Item 402(u))",https://www.sec.gov/Archives/edgar/data/105770/000110465926026778/wst-20260504xdef14a.htm,2026-09-13,"DEF 14A filed 2026-03-12; median pay reconciles with the stated pay ratio 111:1 (ratio x median = $7,174,485 found in the proxy); quote: ""rs totaling 4,768 and foreign team members totaling 5,540. Mr. Green's 2025 pay, as indicated in our 2025 Summary Compensation Table was $7,190,876 and our median team member's 2025 pay calculated in the same manner was $64,635. The ratio of Mr. Green's pay to our me"""
WTW,2025,63007.0,"SEC EDGAR DEF 14A (pay ratio disclosure, Item 402(u))",https://www.sec.gov/Archives/edgar/data/1140536/000119312526127613/wtw-20260327.htm,2026-09-13,"DEF 14A filed 2026-03-27; median pay reconciles with the stated pay ratio 203:1 (ratio x median = $12,790,421 found in the proxy); quote: ""an employee's total annual compensation including all elements of compensation required to be included in the Summary Compensation Table. Our estimated median employee's Summary Compensation Table total compensation was $63,007. Our CEO's compensation as reported in"""
WY,2025,114304.0,"SEC EDGAR DEF 14A (pay ratio disclosure, Item 402(u))",https://www.sec.gov/Archives/edgar/data/106535/000114036126012453/ny20063863x1_def14a.htm,2026-09-13,"DEF 14A filed 2026-04-01; median pay reconciles with the stated pay ratio 122:1 (ratio x median = $13,945,088 found in the proxy); quote: ""l compensation using the same methodology we use for our NEOs, as set forth in the Summary Compensation Table. Based on this information, we estimate that the total annual compensation of our median employee for 2025 is $114,304. As reported in the Summary Compensatio"""
WYNN,2025,63081.0,"SEC EDGAR DEF 14A (pay ratio disclosure, Item 402(u))",https://www.sec.gov/Archives/edgar/data/1174922/000119312526124077/d26334ddef14a.htm,2026-09-13,"DEF 14A filed 2026-03-25; median pay reconciles with the stated pay ratio 239:1 (ratio x median = $15,076,359 found in the proxy); quote: ""Using this methodology, we determined that the median employee for 2025 was a full-time, salaried employee located in Macau. The 2025 annual total compensation of our median compensated employee, other than our CEO, was $63,081; the 2025 annual total compensation of"""
YUM,2025,15346.0,"SEC EDGAR DEF 14A (pay ratio disclosure, Item 402(u))",https://www.sec.gov/Archives/edgar/data/1041061/000119312526142078/yum-20260402.htm,2026-09-13,"DEF 14A filed 2026-04-03; median pay reconciles with the stated pay ratio 1167:1 (ratio x median = $17,908,782 found in the proxy); quote: ""ober 1, 2025 to December 31, 2025 was $2,301,377, which when combined, results in a total aggregate compensation amount of $17,904,655 for the 2025 year. The total compensation of our median employee was estimated to be $15,346. As a result, we estimate that our CEO"""
ZBH,2025,80380.0,"SEC EDGAR DEF 14A (pay ratio disclosure, Item 402(u))",https://www.sec.gov/Archives/edgar/data/1136869/000119312526135661/zbh-20260331.htm,2026-09-13,"DEF 14A filed 2026-04-01; median pay reconciles with the stated pay ratio 200:1 (ratio x median = $16,076,000 found in the proxy); quote: ""following: • the annual total compensation of Mr. Tornos for 2025 as reported in column (j) of the 2025 Summary Compensation Table was $16,106,550; and • the annual total compensation of the median employee for 2025 was $80,380. This pay ratio is a reasonable good fa"""
ZTS,2025,80592.0,"SEC EDGAR DEF 14A (pay ratio disclosure, Item 402(u))",https://www.sec.gov/Archives/edgar/data/1555280/000155528026000015/zts-20260406.htm,2026-09-13,"DEF 14A filed 2026-04-08; median pay reconciles with the stated pay ratio 236:1 (ratio x median = $19,019,712 found in the proxy); quote: ""whose base pay as of October 12, 2023 was at or near that value. For 2025, our median employee's annual total compensation (determined in a manner consistent with that of Ms. Peck in the Summary Compensation Table) was $80,592. Ms. Peck's total annual compensation f"""
