ticker,year,value,source,source_url,retrieved,note
A,2025,1,"SEC EDGAR 10-K, Item 1 Human Capital Resources",https://www.sec.gov/Archives/edgar/data/1090872/000109087225000087/a-20251031.htm,2026-09-12,"heading ""Human Capital""; headcount: ""Management As of October 31, 2025, we employed approximately 18,100 persons, of whom approximately 7,100 were based in the Americas, 4,"""
AAPL,2025,1,"SEC EDGAR 10-K, Item 1 Human Capital Resources",https://www.sec.gov/Archives/edgar/data/320193/000032019325000079/aapl-20250927.htm,2026-09-12,"heading ""Human Capital""; headcount: ""As of September 27, 2025, the Company had approximately 166,000 full-time equivalent employees."""
ABBV,2025,1,"SEC EDGAR 10-K, Item 1 Human Capital Resources",https://www.sec.gov/Archives/edgar/data/1551152/000155115226000008/abbv-20251231.htm,2026-09-12,"heading ""Employees""; headcount: ""AbbVie employed approximately 57,000 employees in over 70 countries as of December 31, 2025."""
ABNB,2025,1,"SEC EDGAR 10-K, Item 1 Human Capital Resources",https://www.sec.gov/Archives/edgar/data/1559720/000155972026000004/abnb-20251231.htm,2026-09-12,"heading ""Our Human Capital""; headcount: ""As of December 31, 2025, we had approximately 8,200 employees."""
ABT,2025,2,"SEC EDGAR 10-K, Item 1 Human Capital Resources",https://www.sec.gov/Archives/edgar/data/1800/000162828026010185/abt-20251231.htm,2026-09-12,"heading ""Human Capital""; headcount: ""As of December 31, 2025, Abbott employed approximately 115,000 people, 69% of whom were employed outside of the U."" | representation_pct: ""Women represented 47% of Abbott's U."""
ACGL,2025,1,"SEC EDGAR 10-K, Item 1 Human Capital Resources",https://www.sec.gov/Archives/edgar/data/947484/000094748426000017/acgl-20251231.htm,2026-09-12,"heading ""HUMAN CAPITAL""; headcount: ""As of February 19, 2026, we had approximately 8,000 employees globally, compared to around 7,200 last year, which directl"""
ACN,2025,2,"SEC EDGAR 10-K, Item 1 Human Capital Resources",https://www.sec.gov/Archives/edgar/data/1467373/000146737325000217/acn-20250831.htm,2026-09-12,"heading ""People Metrics""; headcount: ""Our workforce, the majority of which serves our clients, increased to approximately 779,000 as of August 31, 2025, compared to approximately 774,000 as of August 31, 2024."" | turnover_retention: ""Utilization Workforce Voluntary Attrition 92% 779,000+ 14% consistent with fiscal 2024 compared to approx"""
ADBE,2025,4,"SEC EDGAR 10-K, Item 1 Human Capital Resources",https://www.sec.gov/Archives/edgar/data/796343/000079634326000003/adbe-20251128.htm,2026-09-12,"heading ""HUMAN CAPITAL""; engagement_score: ""In fiscal 2025, 78% of our employees participated in our most recent engagement survey."" | headcount: ""As of November 28, 2025, we employed 31,360 people, of which 50% were in the United States and 50% were in our"" | training: ""Through Adobe's Learning Fund, employees are eligible to receive up to $11,000 per year toward university and short-term learning opportuni"" | turnover_retention: ""During fiscal 2025, our total attrition rate was 9.9%."""
ADI,2025,3,"SEC EDGAR 10-K, Item 1 Human Capital Resources",https://www.sec.gov/Archives/edgar/data/6281/000000628125000153/adi-20251101.htm,2026-09-12,"heading ""Human Capital""; headcount: ""As of November 1, 2025, we had approximately 24,500 employees, of whom approximately 13,000 are in engineering roles."" | representation_pct: ""Approximately 60% of our workforce is male and 40% female."" | turnover_retention: ""For fiscal 2025, our voluntary employee turnover rate was approximately 7.2%."""
ADM,2025,0,"SEC EDGAR 10-K, Item 1 Human Capital Resources",https://www.sec.gov/Archives/edgar/data/7084/000000708426000011/adm-20251231.htm,2026-09-12,"heading ""Human Capital""; section found, no quantified disclosure type in it"
ADP,2026,1,"SEC EDGAR 10-K, Item 1 Human Capital Resources",https://www.sec.gov/Archives/edgar/data/8670/000000867026000030/adp-20260630.htm,2026-09-12,"heading ""OUR PEOPLE""; headcount: ""Our Associates As of June 30, 2026, our global team of associates consisted of approximately 67,000 persons."""
ADSK,2026,1,"SEC EDGAR 10-K, Item 1 Human Capital Resources",https://www.sec.gov/Archives/edgar/data/769397/000076939726000015/adsk-20260131.htm,2026-09-12,"heading ""TALENT AND HUMAN CAPITAL MANAGEMENT""; headcount: ""As of January 31, 2026, we employed approximately 14,300 people, a decrease from approximately 15,300 employees as of the e"""
AEE,2025,2,"SEC EDGAR 10-K, Item 1 Human Capital Resources",https://www.sec.gov/Archives/edgar/data/1002910/000100291026000009/aee-20251231.htm,2026-09-12,"heading ""HUMAN CAPITAL""; turnover_retention: ""Our workforce has been stable, with a total attrition rate of 6% in 2025."" | union_coverage: ""As of December 31, 2025, these labor unions collectively represented 46%, 58%, 54%, and 10% of the employees at Ameren, Ameren Missouri, Ameren Illinoi"""
AEP,2025,2,"SEC EDGAR 10-K, Item 1 Human Capital Resources",https://www.sec.gov/Archives/edgar/data/4904/000000490426000013/aep-20251231.htm,2026-09-12,"heading ""HUMAN CAPITAL""; safety: ""Safety Metric 2025 2024 DART 0.436 0."" | union_coverage: ""(b) Approximately 24% of AEP's total workforce was represented by labor unions."""
AES,2025,1,"SEC EDGAR 10-K, Item 1 Human Capital Resources",https://www.sec.gov/Archives/edgar/data/874761/000087476126000063/aes-20251231.htm,2026-09-12,"heading ""Human Capital""; union_coverage: ""locations were subject to collective bargaining agreements, representing approximately 48% of the non-U."""
AFL,2025,1,"SEC EDGAR 10-K, Item 1 Human Capital Resources",https://www.sec.gov/Archives/edgar/data/4977/000162828026011402/afl-20251231.htm,2026-09-12,"heading ""Workforce Demographics""; representation_pct: ""were people of color and 65% were women."""
AIG,2025,1,"SEC EDGAR 10-K, Item 1 Human Capital Resources",https://www.sec.gov/Archives/edgar/data/5272/000000527226000023/aig-20251231.htm,2026-09-12,"heading ""Human Capital""; headcount: ""At December 31, 2025, we had approximately 22,100 employees based in approximately 45 countries, of which 27 percent ar"""
AIZ,2025,2,"SEC EDGAR 10-K, Item 1 Human Capital Resources",https://www.sec.gov/Archives/edgar/data/1267238/000126723826000010/aiz-20251231.htm,2026-09-12,"heading ""Human Capital""; headcount: ""As of December 31, 2025, Assurant had approximately 14,800 employees, representing more than 80 nationalities, with a presence i"" | turnover_retention: ""1 For full-year 2025, our global turnover rate was 11%, reflecting our blended workforce of frontline and manageri"""
AJG,2025,2,"SEC EDGAR 10-K, Item 1 Human Capital Resources",https://www.sec.gov/Archives/edgar/data/354190/000162828026008662/ajg-20251231.htm,2026-09-12,"heading ""Human Capital""; headcount: ""As of December 31, 2025, we had approximately 72,000 employees, with approximately 47% in the U."" | representation_pct: ""As of December 31, 2025, approximately 58% of our employees were women, including 50% of managers and 39% of producers."""
AKAM,2025,1,"SEC EDGAR 10-K, Item 1 Human Capital Resources",https://www.sec.gov/Archives/edgar/data/1086222/000108622226000022/akam-20251231.htm,2026-09-12,"heading ""Human Capital""; headcount: ""As of December 31, 2025, we had over 11,000 employees located in more than 30 countries (with approximately 65% o"""
ALB,2025,3,"SEC EDGAR 10-K, Item 1 Human Capital Resources",https://www.sec.gov/Archives/edgar/data/915913/000091591326000018/alb-20251231.htm,2026-09-12,"heading ""Human Capital""; headcount: ""As of December 31, 2025, we had approximately 7,800 employees, including employees of our consolidated joint ventures, of whom 3,100, or 40%,"" | safety: ""ur Occupational Safety and Health Act (""OSHA"") occupational injury and illness incident rate of 0.16 for our employees and nested contractors, compared to 0."" | union_coverage: ""Approximately 26% of these employees are represented by unions or works councils."""
ALGN,2025,1,"SEC EDGAR 10-K, Item 1 Human Capital Resources",https://www.sec.gov/Archives/edgar/data/1097149/000109714926000014/algn-20251231.htm,2026-09-12,"heading ""Human Capital""; headcount: ""As of December 31, 2025, we had approximately 20,290 employees, a decrease of approximately 3."""
ALL,2025,2,"SEC EDGAR 10-K, Item 1 Human Capital Resources",https://www.sec.gov/Archives/edgar/data/899051/000089905126000031/all-20251231.htm,2026-09-12,"heading ""Human Capital""; headcount: ""As of December 31, 2025, Allstate had approximately 53,000 full-time employees and 300 part-time employees."" | turnover_retention: ""nalysis from 2025 shows that EIG members at Allstate have a 15% lower turnover than non-members."""
ALLE,2025,2,"SEC EDGAR 10-K, Item 1 Human Capital Resources",https://www.sec.gov/Archives/edgar/data/1579241/000157924126000007/alle-20251231.htm,2026-09-12,"heading ""Human Capital""; headcount: ""As of December 31, 2025, we had approximately 13,300 employees worldwide."" | union_coverage: ""based employees, approximately 16% were subject to collective bargaining agreements with various labor unions."""
AMAT,2025,1,"SEC EDGAR 10-K, Item 1 Human Capital Resources",https://www.sec.gov/Archives/edgar/data/6951/000162828025056742/amat-20251026.htm,2026-09-12,"heading ""Our People""; headcount: ""As of October 26, 2025, we employed approximately 36,500 regular full-time employees spanning 25 countries, of whom approximately 46%, 42% and 1"""
AMCR,2026,2,"SEC EDGAR 10-K, Item 1 Human Capital Resources",https://www.sec.gov/Archives/edgar/data/1748790/000174879026000022/amcr-20260630.htm,2026-09-12,"heading ""Human Capital""; headcount: ""As of June 30, 2026, Amcor employed approximately 75,000 employees globally, including part-time and temporary workers."" | union_coverage: ""Approximately 37% of our workforce is covered by collective bargaining agreements."""
AMD,2025,1,"SEC EDGAR 10-K, Item 1 Human Capital Resources",https://www.sec.gov/Archives/edgar/data/2488/000000248826000018/amd-20251227.htm,2026-09-12,"heading ""Human Capital""; headcount: ""As of December 27, 2025, we had approximately 31,000 employees in our global workforce."""
AME,2025,1,"SEC EDGAR 10-K, Item 1 Human Capital Resources",https://www.sec.gov/Archives/edgar/data/1037868/000103786826000016/ame-20251231.htm,2026-09-12,"heading ""Investing in Our People""; headcount: ""As of December 31, 2025, we have approximately 22,500 employees."""
AMGN,2025,1,"SEC EDGAR 10-K, Item 1 Human Capital Resources",https://www.sec.gov/Archives/edgar/data/318154/000031815426000010/amgn-20251231.htm,2026-09-12,"heading ""Human Capital Resources""; headcount: ""As of December 31, 2025, Amgen had approximately 31,500 staff members in over 50 countries, including approximately 13,000 staff"""
AMP,2025,2,"SEC EDGAR 10-K, Item 1 Human Capital Resources",https://www.sec.gov/Archives/edgar/data/820027/000082002726000011/amp-20251231.htm,2026-09-12,"heading ""Human Capital""; engagement_score: ""2025 Highlights •Our overall employee engagement remains strong at 83% favorable with key strengths in integrity, leader effective"" | headcount: ""Our 13 global Business Resource Networks, with approximately 4,900 members, are open to all employees and support engagement, cultural awareness, community invol"""
AMT,2025,1,"SEC EDGAR 10-K, Item 1 Human Capital Resources",https://www.sec.gov/Archives/edgar/data/1053507/000105350726000035/amt-20251231.htm,2026-09-12,"heading ""Human Capital""; headcount: ""Resources As of December 31, 2025, we employed 4,866 full-time individuals, including 2,388 employees based in the United States and 2,478 employees based intern"""
AMZN,2025,1,"SEC EDGAR 10-K, Item 1 Human Capital Resources",https://www.sec.gov/Archives/edgar/data/1018724/000101872426000004/amzn-20251231.htm,2026-09-12,"heading ""Human Capital""; headcount: ""As of December 31, 2025, we employed approximately 1,576,000 full-time and part-time employees."""
ANET,2025,1,"SEC EDGAR 10-K, Item 1 Human Capital Resources",https://www.sec.gov/Archives/edgar/data/1596532/000159653226000013/anet-20251231.htm,2026-09-12,"heading ""Human Capital""; headcount: ""As of December 31, 2025, Arista employed approximately 5,115 full-time employees worldwide."""
AON,2025,0,"SEC EDGAR 10-K, Item 1 Human Capital Resources",https://www.sec.gov/Archives/edgar/data/315293/000162828026008116/aon-20251231.htm,2026-09-12,"heading ""Human Capital""; section found, no quantified disclosure type in it"
AOS,2025,2,"SEC EDGAR 10-K, Item 1 Human Capital Resources",https://www.sec.gov/Archives/edgar/data/91142/000009114226000008/aos-20251231.htm,2026-09-12,"heading ""HUMAN CAPITAL""; headcount: ""We employed approximately 11,500 employees as of December 31, 2025 with approximately 6,500 in North A"" | representation_pct: ""ive starts at the top with our Board of Directors, which is 40 percent diverse from either a gender or ethnic/racial perspective."""
APA,2025,1,"SEC EDGAR 10-K, Item 1 Human Capital Resources",https://www.sec.gov/Archives/edgar/data/1841666/000184166626000015/apa-20251231.htm,2026-09-12,"heading ""HUMAN CAPITAL""; headcount: ""As of December 31, 2025, APA employed approximately 1,791 full-time equivalent employees: Employees United States 1,061 United Kingdom 486 Egypt 242"""
APD,2025,1,"SEC EDGAR 10-K, Item 1 Human Capital Resources",https://www.sec.gov/Archives/edgar/data/2969/000000296925000055/apd-20250930.htm,2026-09-12,"heading ""Human Capital""; headcount: ""As of 30 September 2025, we had approximately 21,300 employees, with over 99% working full-time and approximately 75% base"""
APH,2025,1,"SEC EDGAR 10-K, Item 1 Human Capital Resources",https://www.sec.gov/Archives/edgar/data/820313/000110465926013549/aph-20251231x10k.htm,2026-09-12,"heading ""Human Capital""; headcount: ""​ As of December 31, 2025, the Company had approximately 170,000 employees worldwide, of which approximately 15,000 were located in th"""
APO,2025,0,"SEC EDGAR 10-K, Item 1 Human Capital Resources",https://www.sec.gov/Archives/edgar/data/1858681/000185868126000013/apo-20251231.htm,2026-09-12,"heading ""Human Capital""; section found, no quantified disclosure type in it"
APP,2025,2,"SEC EDGAR 10-K, Item 1 Human Capital Resources",https://www.sec.gov/Archives/edgar/data/1751008/000175100826000010/app-20251231.htm,2026-09-12,"heading ""Employees and Human Capital Resources""; headcount: ""As of December 31, 2025, we had a total of 898 employees, comprised of 876 full-time and 22 part-time/intern employe"" | representation_pct: ""dentify as being from one or more diverse groups, including Asian, Hispanic or Latino, Black or African American, Native Hawaiian or Other Pacific Islander, American Indian or Alaska Native, or Two or More Races and approximately 36% of our U."""
APTV,2025,4,"SEC EDGAR 10-K, Item 1 Human Capital Resources",https://www.sec.gov/Archives/edgar/data/1521332/000152133226000009/aptv-20251231.htm,2026-09-12,"heading ""People""; engagement_score: ""Aptiv achieved an engagement score of 8.0, an improvement of approximately 0."" | headcount: ""As of December 31, 2025, we employed approximately 140,000 people; 30,000 salaried employees and 110,000 hourly employees."" | representation_pct: ""As of December 31, 2025, approximately 50% of our total workforce were women, and approximately 25% of management roles were held by women."" | safety: ""remain an industry leader in workplace safety, achieving a lost time injury frequency rate of 0.21 cases per million hours worked and our lost workday case ra"""
ARE,2025,2,"SEC EDGAR 10-K, Item 1 Human Capital Resources",https://www.sec.gov/Archives/edgar/data/1035443/000103544326000013/are-20251231.htm,2026-09-12,"heading ""Human capital""; headcount: ""Human capital As of December 31, 2025, we had 514 employees."" | turnover_retention: ""From 2021 to 2025, our voluntary and total turnover rates averaged 4.6% and 9."""
ARES,2025,1,"SEC EDGAR 10-K, Item 1 Human Capital Resources",https://www.sec.gov/Archives/edgar/data/1176948/000162828026011413/ares-20251231.htm,2026-09-12,"heading ""Human Capital""; headcount: "", including: Talent Management: As of December 31, 2025, we had over 4,250 employees, comprised of over 1,650 professionals in our investment groups and over 2,550 operations manageme"""
ATO,2025,1,"SEC EDGAR 10-K, Item 1 Human Capital Resources",https://www.sec.gov/Archives/edgar/data/731802/000073180225000056/ato-20250930.htm,2026-09-12,"heading ""Employees""; headcount: ""At September 30, 2025, we had 5,487 employees."""
AVGO,2025,2,"SEC EDGAR 10-K, Item 1 Human Capital Resources",https://www.sec.gov/Archives/edgar/data/1730168/000173016825000121/avgo-20251102.htm,2026-09-12,"heading ""Employees""; headcount: ""As of November 2, 2025, we had approximately 33,000 employees worldwide, with approximately 57% in research and developme"" | turnover_retention: ""Our global voluntary attrition rate in fiscal year 2025 was approximately 4.1%, which is below the technology industry benchmark (AON, 202"""
AVY,2025,2,"SEC EDGAR 10-K, Item 1 Human Capital Resources",https://www.sec.gov/Archives/edgar/data/8818/000000881826000015/avy-20251231.htm,2026-09-12,"heading ""Human Capital""; headcount: ""Nearly 20,000 of our approximately 35,000 employees at year-end 2025, representing approximately 58% of our glo"" | safety: ""Our global Recordable Incident Rate of 0.17 in 2025 was significantly lower than the Occupational Safet"""
AWK,2025,4,"SEC EDGAR 10-K, Item 1 Human Capital Resources",https://www.sec.gov/Archives/edgar/data/1410636/000141063626000034/awk-20251231.htm,2026-09-12,"heading ""Human Capital""; headcount: ""Workforce Data As of December 31, 2025, the Company had approximately 7,000 employees."" | safety: ""ompany had an Occupational Safety and Health Administration Recordable Incident Rate (""ORIR"") of 0.36 (not including the non-preventable fatality)."" | training: ""to safety, the Company's employees completed approximately 188,000 hours of safety training, including physical security and cybersecurity, in 2025."" | union_coverage: ""As of December 31, 2025, approximately 44% of the Company's workforce was represented under 74 collective bargaining agreements with 14 different unions."""
AXON,2025,3,"SEC EDGAR 10-K, Item 1 Human Capital Resources",https://www.sec.gov/Archives/edgar/data/1069183/000162828026011360/axon-20251231.htm,2026-09-12,"heading ""Human Capital""; engagement_score: ""for feeling proud to work at Axon during our 2025 employee engagement survey and an 84% satisfaction score on recommending Axon as a great place to"" | headcount: ""As of December 31, 2025, we had more than 5,100 full-time employees and more than 1,200 temporary employees (which include cont"" | turnover_retention: ""ve benefits, enabled us to close the year with a regrettable attrition rate2 of less than 1.0%, below our annual goal of 1."""
AXP,2025,2,"SEC EDGAR 10-K, Item 1 Human Capital Resources",https://www.sec.gov/Archives/edgar/data/4962/000000496226000080/axp-20251231.htm,2026-09-12,"heading ""Our Colleagues""; engagement_score: ""In 2025, 91 percent of colleagues who participated in the survey said they would recommend American Express as a great place to w"" | headcount: ""As of December 31, 2025, we employed approximately 76,800 people, whom we refer to as colleagues, with approximately 25,900"""
AZO,2025,1,"SEC EDGAR 10-K, Item 1 Human Capital Resources",https://www.sec.gov/Archives/edgar/data/866787/000110465925102611/azo-20250830x10k.htm,2026-09-12,"heading ""Human Capital""; headcount: ""​ As of August 30, 2025, we employed approximately 130,000 AutoZoners, approximately 60 percent of whom were employed"""
BA,2025,2,"SEC EDGAR 10-K, Item 1 Human Capital Resources",https://www.sec.gov/Archives/edgar/data/12927/000162828026004357/ba-20251231.htm,2026-09-12,"heading ""Human Capital""; headcount: ""As of December 31, 2025, Boeing's total workforce was approximately 182,000 with 14% located outside of the U."" | training: ""In 2025, Boeing employees completed approximately 5.8 million hours of learning and approximately 12,000 Boeing employees leveraged our tui"""
BAC,2025,5,"SEC EDGAR 10-K, Item 1 Human Capital Resources",https://www.sec.gov/Archives/edgar/data/70858/000007085826000157/bac-20251231.htm,2026-09-12,"heading ""Human Capital""; engagement_score: ""r Employee Engagement Index, an overall measure of employee satisfaction with the Corporation, was 86 percent."" | headcount: ""erica 2 At both December 31, 2025 and 2024, the Corporation employed approximately 213,000 employees, of which 77 percent and 78 percent, respectively, were loc"" | representation_pct: ""e Management Levels Managers at All Levels Global employees Women 50 % 42 % 43 % Men 50 58 57 U."" | training: ""ew roles within the Corporation, and we delivered more than 7.6 million hours of training and development to our teammates through Bank of America Academy."" | turnover_retention: ""Our turnover among employees was stable at 8 percent in both 2025 and 2024."""
BALL,2025,3,"SEC EDGAR 10-K, Item 1 Human Capital Resources",https://www.sec.gov/Archives/edgar/data/9389/000110465926017410/ball-20251231x10k.htm,2026-09-12,"heading ""Human Capital""; engagement_score: ""Through the active engagement of employees worldwide, we achieved a 19 percent reduction in our total recordable incident rate (""TRIR""), l"" | headcount: ""At the end of 2025, the company and its subsidiaries employed approximately 16,000 employees, including approximately 5,000 employees in the U."" | safety: ""loyees worldwide, we achieved a 19 percent reduction in our total recordable incident rate (""TRIR""), lowering it to 0.98 and surpassing our 2030 target."""
BAX,2025,1,"SEC EDGAR 10-K, Item 1 Human Capital Resources",https://www.sec.gov/Archives/edgar/data/10456/000162828026007733/bax-20251231.htm,2026-09-12,"heading ""Human Capital""; headcount: ""r 31, 2025, after giving effect to the Kidney Care sale, we employed approximately 37,500 people globally, with approximately 15,100 employees in the United States and approximately 22,400 employees out"""
BBY,2026,1,"SEC EDGAR 10-K, Item 1 Human Capital Resources",https://www.sec.gov/Archives/edgar/data/764478/000076447826000009/bby-20260131.htm,2026-09-12,"heading ""Human Capital""; headcount: ""At the end of fiscal 2026, we employed approximately 82,000 employees in the U."""
BDX,2025,1,"SEC EDGAR 10-K, Item 1 Human Capital Resources",https://www.sec.gov/Archives/edgar/data/10795/000001079525000099/bdx-20250930.htm,2026-09-12,"heading ""Human Capital""; headcount: ""associates with the goal of being an employer of choice for our approximately 72,000 associates located in 61 countries (as of September 30, 2025)."""
BEN,2025,1,"SEC EDGAR 10-K, Item 1 Human Capital Resources",https://www.sec.gov/Archives/edgar/data/38777/000003877725000238/ben-20250930.htm,2026-09-12,"heading ""HUMAN CAPITAL""; headcount: ""RESOURCES As of September 30, 2025, we employed approximately 9,800 employees and operated offices in over 30 countries."""
BF.B,2026,1,"SEC EDGAR 10-K, Item 1 Human Capital Resources",https://www.sec.gov/Archives/edgar/data/14693/000001469326000024/bfb-20260430.htm,2026-09-12,"heading ""Human Capital""; headcount: ""We rely on a diverse global team of 4,900 dedicated employees (excluding individuals who work on a pa"""
BG,2025,1,"SEC EDGAR 10-K, Item 1 Human Capital Resources",https://www.sec.gov/Archives/edgar/data/1996862/000162828026009842/bg-20251231.htm,2026-09-12,"heading ""Human Capital""; headcount: ""Resources As of December 31, 2025, we employed approximately 34,000 people. Many of our employees are represented by labor unions and their employment is gov"""
BIIB,2025,2,"SEC EDGAR 10-K, Item 1 Human Capital Resources",https://www.sec.gov/Archives/edgar/data/875045/000087504526000013/biib-20251231.htm,2026-09-12,"heading ""HUMAN CAPITAL""; headcount: ""As of December 31, 2025, we had approximately 7,500 employees worldwide. Approximately 4,200 employees were employed in the U."" | representation_pct: ""Globally, 50.0% of Biogen's positions at the director-level and above were held by women as of December 31, 2025."""
BKNG,2025,1,"SEC EDGAR 10-K, Item 1 Human Capital Resources",https://www.sec.gov/Archives/edgar/data/1075531/000107553126000009/bkng-20251231.htm,2026-09-12,"heading ""Human Capital Resources""; headcount: ""Workforce As of December 31, 2025, we employed approximately 24,300 employees, of which approximately 2,900 were based in the United Stat"""
BKR,2025,1,"SEC EDGAR 10-K, Item 1 Human Capital Resources",https://www.sec.gov/Archives/edgar/data/1701605/000170160526000007/bkr-20251231.htm,2026-09-12,"heading ""Social & Human Capital""; headcount: ""As of December 31, 2025, we had approximately 56,000 employees."""
BLDR,2025,2,"SEC EDGAR 10-K, Item 1 Human Capital Resources",https://www.sec.gov/Archives/edgar/data/1316835/000119312526054643/bldr-20251231.htm,2026-09-12,"heading ""HUMAN CAPITAL""; headcount: ""HUMAN CAPITAL At December 31, 2025, we had approximately 28,000 employees."" | union_coverage: ""Less than 1% of employees are covered by collective bargaining agreements, and we believe we have generally good relations"""
BLK,2025,1,"SEC EDGAR 10-K, Item 1 Human Capital Resources",https://www.sec.gov/Archives/edgar/data/2012383/000119312526071966/blk-20251231.htm,2026-09-12,"heading ""HUMAN CAPITAL""; headcount: ""With approximately 24,900 employees in more than 30 countries as of December 31, 2025, BlackRoc"""
BMY,2025,1,"SEC EDGAR 10-K, Item 1 Human Capital Resources",https://www.sec.gov/Archives/edgar/data/14272/000001427226000004/bmy-20251231.htm,2026-09-12,"heading ""Human Capital""; headcount: ""Demographics: As of December 31, 2025, we had approximately 32,500 employees in 43 countries."""
BNY,2025,1,"SEC EDGAR 10-K, Item 1 Human Capital Resources",https://www.sec.gov/Archives/edgar/data/1390777/000139077726000033/bk-20251231.htm,2026-09-12,"heading ""Human Capital""; headcount: ""31, 2025, BNY and its subsidiaries had approximately 48,100 full-time employees."""
BR,2026,2,"SEC EDGAR 10-K, Item 1 Human Capital Resources",https://www.sec.gov/Archives/edgar/data/1383312/000162828026052243/br-20260630.htm,2026-09-12,"heading ""Human Capital""; engagement_score: ""In fiscal year 2026, we received an 82% overall favorable rating in the annual Great Place to Work survey."" | headcount: ""Management As of June 30, 2026, we had approximately 16,000 full-time associates in 28 countries."""
BRK.B,2025,2,"SEC EDGAR 10-K, Item 1 Human Capital Resources",https://www.sec.gov/Archives/edgar/data/1067983/000119312526083899/brka-20251231.htm,2026-09-12,"heading ""Human capital""; headcount: ""Berkshire and its operating subsidiaries employed approximately 387,800 people worldwide at the end of 2025, of which approximately 80% we"" | union_coverage: """") and 19% were represented by unions."""
BRO,2025,1,"SEC EDGAR 10-K, Item 1 Human Capital Resources",https://www.sec.gov/Archives/edgar/data/79282/000119312526046984/bro-20251231.htm,2026-09-12,"heading ""Human Capital""; headcount: ""As of December 31, 2025, Brown & Brown employed 22,888 individuals worldwide."""
BSX,2025,1,"SEC EDGAR 10-K, Item 1 Human Capital Resources",https://www.sec.gov/Archives/edgar/data/885725/000088572526000010/bsx-20251231.htm,2026-09-12,"heading ""Human Capital""; headcount: ""As of December 31, 2025, we had approximately 59,000 employees, of which approximately 60 percent were outside the U."""
BX,2025,0,"SEC EDGAR 10-K, Item 1 Human Capital Resources",https://www.sec.gov/Archives/edgar/data/1393818/000119312526082531/d48618d10k.htm,2026-09-12,"heading ""Human Capital""; section found, no quantified disclosure type in it"
BXP,2025,3,"SEC EDGAR 10-K, Item 1 Human Capital Resources",https://www.sec.gov/Archives/edgar/data/1037540/000103754026000006/bxp-20251231.htm,2026-09-12,"heading ""Human Capital""; engagement_score: ""Based on the most recent employee engagement survey conducted in 2025, with a 93% response rate, the overall company-wide result was a ""favor"" | headcount: ""Management As of December 31, 2025, we had 714 non-union employees and 112 union employees."" | turnover_retention: ""In 2025, our voluntary workforce turnover rate was 7.6%."""
C,2025,3,"SEC EDGAR 10-K, Item 1 Human Capital Resources",https://www.sec.gov/Archives/edgar/data/831001/000083100126000011/c-20251231.htm,2026-09-12,"heading ""HUMAN CAPITAL""; headcount: ""RESOURCES AND MANAGEMENT At December 31, 2025, Citi had approximately 226,000 full-time employees, compared to approximately 229,000 at December 31, 2024."" | pay_equity: ""racial base pay gaps are in each case less than 1%."" | representation_pct: ""aw pay gap analysis determined that the median base pay for women globally is 81% of the median for men globally and the U."""
CAH,2026,2,"SEC EDGAR 10-K, Item 1 Human Capital Resources",https://www.sec.gov/Archives/edgar/data/721371/000072137126000038/cah-20260630.htm,2026-09-12,"heading ""Human Capital""; headcount: ""Management Employees As of June 30, 2026, we had approximately 63,900 employees globally, of which approximately: •18,100 are based outside"" | union_coverage: ""ians, nurse anesthetists, and Advance Level Providers; and •7% are covered by collective bargaining agreements or similar representation."""
CARR,2025,3,"SEC EDGAR 10-K, Item 1 Human Capital Resources",https://www.sec.gov/Archives/edgar/data/1783180/000178318026000008/carr-20251231.htm,2026-09-12,"heading ""Human Capital""; headcount: ""As of December 31, 2025, we had approximately 47,000 employees worldwide, of which 34% are located in the Americas, 36% ar"" | safety: ""For 2025, our total recordable incident rate (""TRIR""), based upon the number of employee injuries per 200,000 hours worked, was 0.35 and our lost time incident rate (""LTIR"") was 0."" | union_coverage: "", 78% of our approximately 3,800 production and maintenance employees were covered under six collective bargaining agreements with expiration dates ranging from 2026 to 2029."""
CASY,2026,1,"SEC EDGAR 10-K, Item 1 Human Capital Resources",https://www.sec.gov/Archives/edgar/data/726958/000072695826000046/casy-20260430.htm,2026-09-12,"heading ""Human Capital""; headcount: ""As of April 30, 2026, we had 23,490 full-time, and 26,358 part-time, Team Members."""
CAT,2025,3,"SEC EDGAR 10-K, Item 1 Human Capital Resources",https://www.sec.gov/Archives/edgar/data/18230/000001823026000008/cat-20251231.htm,2026-09-12,"heading ""Human Capital""; headcount: ""As of December 31, 2025, we employed about 118,000 full-time persons of whom approximately 66,400 were located outside the Unite"" | safety: ""In 2025, the Company achieved a recordable injury frequency rate of 0.41, compared to the 2024 recordable injury frequency rate of 0"" | union_coverage: ""0 Total 118,000 112,900 As of December 31, 2025, there were 7,972 hourly production employees in the United States who were covered by collective bargaining agreements with various labor unions, including The United Automobile, Aerospace and Agricultur"""
CB,2025,2,"SEC EDGAR 10-K, Item 1 Human Capital Resources",https://www.sec.gov/Archives/edgar/data/896159/000089615926000005/cb-20251231.htm,2026-09-12,"heading ""Human Capital""; headcount: ""Workforce Demographics and Metrics Chubb employs approximately 45,000 people."" | turnover_retention: ""For 2025, our annual voluntary turnover rate was 10.9 percent, including retirements."""
CBOE,2025,1,"SEC EDGAR 10-K, Item 1 Human Capital Resources",https://www.sec.gov/Archives/edgar/data/1374310/000162828026010013/cboe-20251231.htm,2026-09-12,"heading ""Human Capital""; headcount: ""Employees As of December 31, 2025, we employed 1,661 individuals in the following locations: Location Number of Employees Un"""
CBRE,2025,2,"SEC EDGAR 10-K, Item 1 Human Capital Resources",https://www.sec.gov/Archives/edgar/data/1138118/000113811826000005/cbre-20251231.htm,2026-09-12,"heading ""Human Capital""; headcount: ""At December 31, 2025, we had more than 155,000 employees (including Turner & Townsend employees) worldwide."" | union_coverage: ""At December 31, 2025, approximately 18% of employees worldwide (excluding Turner & Townsend employees) were subject to collective bargaining agreements."""
CCI,2025,1,"SEC EDGAR 10-K, Item 1 Human Capital Resources",https://www.sec.gov/Archives/edgar/data/1051470/000105147026000016/cci-20251231.htm,2026-09-12,"heading ""Human Capital""; headcount: ""As of January 31, 2026, we employed approximately 4,000 people, including approximately 2,500 people recorded in our discontinued operations."""
CCL,2025,1,"SEC EDGAR 10-K, Item 1 Human Capital Resources",https://www.sec.gov/Archives/edgar/data/815097/000081509726000007/ccl-20251130.htm,2026-09-12,"heading ""Human Capital Management and Employees""; union_coverage: ""r shipboard and shoreside employees that are represented by collective bargaining agreements are 48% and 21%, respectively."""
CDNS,2025,1,"SEC EDGAR 10-K, Item 1 Human Capital Resources",https://www.sec.gov/Archives/edgar/data/813672/000081367226000016/cdns-20251231.htm,2026-09-12,"heading ""Human Capital""; headcount: ""Employees As of December 31, 2025, we had approximately 13,800 employees."""
CDW,2025,1,"SEC EDGAR 10-K, Item 1 Human Capital Resources",https://www.sec.gov/Archives/edgar/data/1402057/000140205726000011/cdw-20251231.htm,2026-09-12,"heading ""Human Capital""; headcount: ""We have approximately 14,800 coworkers across the globe, with 11,200 coworkers in the US and 3,600"""
CEG,2025,3,"SEC EDGAR 10-K, Item 1 Human Capital Resources",https://www.sec.gov/Archives/edgar/data/1868275/000186827526000032/ceg-20251231.htm,2026-09-12,"heading ""Employees""; headcount: ""nd executives as of December 31, 2025: Metric All Employees Full-Time 15,291 Part-Time 48 Total Employees 15,339 Metric All Employees Re"" | turnover_retention: ""for regular employees for the year ended December 31, 2025: Involuntary Termination 1.3 % Retirement(a) 2."" | union_coverage: ""Bargaining Agreements As of December 31, 2025 approximately 23% of all employees participate in CBAs."""
CF,2025,3,"SEC EDGAR 10-K, Item 1 Human Capital Resources",https://www.sec.gov/Archives/edgar/data/1324404/000132440426000007/cf-20251231.htm,2026-09-12,"heading ""Human Capital""; headcount: ""We employed approximately 2,900 employees as of December 31, 2025, of which 80% were located in the U"" | safety: ""As of December 31, 2025, our employee 12-month rolling recordable incident rate (RIR) was 0.26 incidents per 200,000 work hours, and during the year ended"" | union_coverage: ""Full-time employees represented nearly 100% of our workforce as of December 31, 2025, and approximately 5% were covered by collective bargaining agreements."""
CFG,2025,1,"SEC EDGAR 10-K, Item 1 Human Capital Resources",https://www.sec.gov/Archives/edgar/data/759944/000075994426000028/cfg-20251231.htm,2026-09-12,"heading ""Human Capital""; headcount: ""As of December 31, 2025, Citizens had 17,398 full-time equivalent employees, primarily across New England and the Mid-Atlantic."""
CHD,2025,2,"SEC EDGAR 10-K, Item 1 Human Capital Resources",https://www.sec.gov/Archives/edgar/data/313927/000119312526048139/chd-20251231.htm,2026-09-12,"heading ""Employees and Communities""; headcount: ""Our Employees As of December 31, 2025, we had approximately 5,550 global employees, a decrease of approximately 200 compared to December 31, 2"" | turnover_retention: ""During fiscal 2025, our overall turnover rate was approximately 17%."""
CHRW,2025,3,"SEC EDGAR 10-K, Item 1 Human Capital Resources",https://www.sec.gov/Archives/edgar/data/1043277/000104327726000009/chrw-20251231.htm,2026-09-12,"heading ""Human Capital""; engagement_score: ""Our 2025 engagement survey generated a 76 percent engagement score."" | headcount: ""As of December 31, 2025, we had a total of 11,855 employees in 37 countries. Our employees speak 70 languages and encompass four generations in the wo"" | turnover_retention: ""This has enabled us to maintain a voluntary turnover rate of 11 percent, lower than companies of similar size and industry."""
CHTR,2025,2,"SEC EDGAR 10-K, Item 1 Human Capital Resources",https://www.sec.gov/Archives/edgar/data/1091667/000109166726000017/chtr-20251231.htm,2026-09-12,"heading ""Human Capital""; headcount: ""Resources As of December 31, 2025, we had approximately 91,900 active full-time equivalent employees."" | training: ""•We also provide traditional tuition reimbursement of up to $10,000 per year for employees who want to pursue other outside prog"""
CI,2025,4,"SEC EDGAR 10-K, Item 1 Human Capital Resources",https://www.sec.gov/Archives/edgar/data/1739940/000173994026000006/ci-20251231.htm,2026-09-12,"heading ""HUMAN CAPITAL""; headcount: ""As of the end of 2025, The Cigna Group employed approximately 67,700 employees worldwide, with about 88% of our employees based in the Uni"" | representation_pct: ""At year-end 2025, our global workforce was approximately 69% women and 31% men, and about 40% of our U."" | training: ""25, based on internal data, employees on average engaged in 45 hours of learning through these resources."" | turnover_retention: ""In 2025, the voluntary turnover rate was approximately 9% for all employees."""
CIEN,2025,2,"SEC EDGAR 10-K, Item 1 Human Capital Resources",https://www.sec.gov/Archives/edgar/data/936395/000162828025056698/cien-20251101.htm,2026-09-12,"heading ""People and Culture""; engagement_score: ""gularly seek input from employees, our fiscal 2025 employee engagement survey had a participation rate of approximately 86%, and our surveys have consistently resulted in an engagemen"" | headcount: ""are developed, marketed, sold, and supported by our global workforce of 9,080 employees as of November 1, 2025, approximately 98% of whom"""
CINF,2025,2,"SEC EDGAR 10-K, Item 1 Human Capital Resources",https://www.sec.gov/Archives/edgar/data/20286/000002028626000008/cinf-20251231.htm,2026-09-12,"heading ""Human Capital""; headcount: ""At the end of 2025, we employed 5,705 associates, including 3,400 headquarters associates who provide support to 2,195 field associates and 110 assoc"" | turnover_retention: ""The associate voluntary turnover rate was 5% in 2025, 4% in 2024 and 6% in 2023."""
CL,2025,1,"SEC EDGAR 10-K, Item 1 Human Capital Resources",https://www.sec.gov/Archives/edgar/data/21665/000002166526000006/cl-20251231.htm,2026-09-12,"heading ""Human Capital""; headcount: ""As of December 31, 2025, we had approximately 33,600 employees based in over 100 countries."""
CLX,2026,2,"SEC EDGAR 10-K, Item 1 Human Capital Resources",https://www.sec.gov/Archives/edgar/data/21076/000002107626000034/clx-20260630.htm,2026-09-12,"heading ""HUMAN CAPITAL""; headcount: ""Workforce As of June 30, 2026, the Company employed about 9,200 people worldwide, with 77% in the United States and 23% working ou"" | safety: ""In fiscal year 2026, the Company's recordable incident rate (RIR)1 was 0.63."""
CMCSA,2025,1,"SEC EDGAR 10-K, Item 1 Human Capital Resources",https://www.sec.gov/Archives/edgar/data/1166691/000162828026004994/cmcsa-20251231.htm,2026-09-12,"heading ""Human Capital""; headcount: ""Resources As of December 31, 2025, we had approximately 179,000 full-time and part-time employees calculated on a full-time equivalent basis."""
CME,2025,3,"SEC EDGAR 10-K, Item 1 Human Capital Resources",https://www.sec.gov/Archives/edgar/data/1156375/000115637526000009/cme-20251231.htm,2026-09-12,"heading ""Human Capital""; engagement_score: ""Our 2025 engagement survey had a 74% participation rate and an overall engagement score of 82%, indicating employees feel very positively about a number o"" | headcount: ""As of December 31, 2025, our global employee population consisted of approximately 3,875 employees, with 58% (approximately 2,230) working in the U."" | turnover_retention: ""1% voluntary turnover •35.9% of open roles filled with internal candidates •14."""
CMG,2025,1,"SEC EDGAR 10-K, Item 1 Human Capital Resources",https://www.sec.gov/Archives/edgar/data/1058090/000105809026000009/cmg-20251231.htm,2026-09-12,"heading ""Human Capital""; headcount: ""As of December 31, 2025, Chipotle employed 130,301 people worldwide and 1,233 contract workers."""
CMI,2025,2,"SEC EDGAR 10-K, Item 1 Human Capital Resources",https://www.sec.gov/Archives/edgar/data/26172/000002617226000009/cmi-20251231.htm,2026-09-12,"heading ""HUMAN CAPITAL""; headcount: ""RESOURCES At December 31, 2025, we employed approximately 67,400 persons worldwide."" | union_coverage: ""Approximately 20,000 of our employees worldwide were represented by various unions under collective bargaining agreements that expire between 2026 and 2030."""
CMS,2025,5,"SEC EDGAR 10-K, Item 1 Human Capital Resources",https://www.sec.gov/Archives/edgar/data/811156/000081115626000004/cms-20251231.htm,2026-09-12,"heading ""Human Capital""; engagement_score: ""nies attained scores of: ◦75-percent positive sentiment for engagement, up 3 percentage points from 2024 ◦65-percent positive sentiment for empo"" | headcount: ""December 31 2025 2024 2023 CMS Energy, including Consumers Full-time and part-time employees 8,350 8,324 8,356 Consumers Full-time and part-time employees 8,095 8,0"" | representation_pct: ""December 31, 2025 CMS Energy, including Consumers Consumers Percent female employees 26 % 26 % Percent racially or ethnically diverse employees 13 13 Percent employees with disabilities 5 5 Percent veteran employees 10 10 35 Table of Contents Co-workers are"" | safety: ""The companies' OSHA recordable incident rate was 2.34 in 2025 and 1."" | union_coverage: ""part-time employees 8,095 8,090 8,144 At December 31, 2025, unions represented 44 percent of CMS Energy's employees and 45 percent of Consumers' employees."""
CNC,2025,1,"SEC EDGAR 10-K, Item 1 Human Capital Resources",https://www.sec.gov/Archives/edgar/data/1071739/000107173926000049/cnc-20251231.htm,2026-09-12,"heading ""HUMAN CAPITAL""; headcount: ""RESOURCES As of December 31, 2025, we had approximately 61,100 team members. Our team members are guided by our mission-driven culture."""
CNP,2025,2,"SEC EDGAR 10-K, Item 1 Human Capital Resources",https://www.sec.gov/Archives/edgar/data/1130310/000113031026000008/cnp-20251231.htm,2026-09-12,"heading ""HUMAN CAPITAL""; headcount: ""CenterPoint Energy's workforce includes 3,712 employees represented by collective bargaining agreements."" | union_coverage: ""CenterPoint Energy's workforce includes 3,712 employees represented by collective bargaining agreements."""
COF,2025,1,"SEC EDGAR 10-K, Item 1 Human Capital Resources",https://www.sec.gov/Archives/edgar/data/927628/000092762826000024/cof-20251231.htm,2026-09-12,"heading ""HUMAN CAPITAL""; headcount: ""As of December 31, 2025, Capital One had approximately 76,300 employees worldwide, whom we refer to as ""associates."""
COHR,2026,2,"SEC EDGAR 10-K, Item 1 Human Capital Resources",https://www.sec.gov/Archives/edgar/data/820318/000082031826000020/iivi-20260630.htm,2026-09-12,"heading ""Human Capital""; headcount: ""As of June 30, 2026, the Company employed approximately 51,000 employees worldwide. Number of employees Percent of total Manufacturing 45,775 89% Research and deve"" | representation_pct: ""evelopment 3,344 6% Sales, general and administrative 2,359 5% Total: 51,478 100% Globally, as of June 30, 2026, approximately 47% of the workforce are women."""
COIN,2025,1,"SEC EDGAR 10-K, Item 1 Human Capital Resources",https://www.sec.gov/Archives/edgar/data/1679788/000167978826000015/coin-20251231.htm,2026-09-12,"heading ""Human Capital""; headcount: ""As of December 31, 2025, we had 4,951 employees."""
COO,2025,1,"SEC EDGAR 10-K, Item 1 Human Capital Resources",https://www.sec.gov/Archives/edgar/data/711404/000162828025055615/coo-20251031.htm,2026-09-12,"heading ""HUMAN CAPITAL""; headcount: ""RESOURCES As of October 31, 2025, we had a workforce of more than 15,000."""
COP,2025,1,"SEC EDGAR 10-K, Item 1 Human Capital Resources",https://www.sec.gov/Archives/edgar/data/1163165/000116316526000009/cop-20251231.htm,2026-09-12,"heading ""Human Capital""; headcount: ""At year-end 2025, we had approximately 9,900 employees in 14 countries."""
COR,2025,2,"SEC EDGAR 10-K, Item 1 Human Capital Resources",https://www.sec.gov/Archives/edgar/data/1140859/000114085925000131/cor-20250930.htm,2026-09-12,"heading ""Human Capital""; headcount: ""Workforce As of September 30, 2025, we had more than 51,000 employees globally, of which approximately 47,000 were full-time empl"" | union_coverage: ""5 Table of Contents As of September 30, 2025, approximately 24% of our global employees were covered by collective bargaining agreements, nearly all of whom were employees located outsi"""
COST,2025,2,"SEC EDGAR 10-K, Item 1 Human Capital Resources",https://www.sec.gov/Archives/edgar/data/909832/000090983225000101/cost-20250831.htm,2026-09-12,"heading ""Human Capital""; headcount: ""Employee Base At the end of 2025, we employed 341,000 employees worldwide."" | union_coverage: ""Around 5% are represented by unions."""
CPAY,2025,2,"SEC EDGAR 10-K, Item 1 Human Capital Resources",https://www.sec.gov/Archives/edgar/data/1175454/000117545426000018/flt-20251231.htm,2026-09-12,"heading ""Human Capital""; headcount: ""As of December 31, 2025, Corpay employed approximately 11,800 associates located in 34 countries around the world, with approximatel"" | representation_pct: ""As of December 31, 2025, females represented approximately 50% of our global workforce and approximately 17% of our senior leadership team, while minorities comprised approximately 32% of our domestic workforce and a"""
CPRT,2025,2,"SEC EDGAR 10-K, Item 1 Human Capital Resources",https://www.sec.gov/Archives/edgar/data/900075/000162828025042946/cprt-20250731.htm,2026-09-12,"heading ""Employees and Human Capital""; headcount: ""As of July 31, 2025, we had approximately 11,600 full and part-time employees, of which approximately 64% were located in the U."" | representation_pct: ""S, approximately 54% of them identify as male, 45% as female, and 1% are undisclosed."""
CPT,2025,1,"SEC EDGAR 10-K, Item 1 Human Capital Resources",https://www.sec.gov/Archives/edgar/data/906345/000162828026007697/cpt-20251231.htm,2026-09-12,"heading ""Human Capital""; headcount: ""At December 31, 2025, we had approximately 1,640 employees including executive, community, and administrative personne"""
CRH,2025,2,"SEC EDGAR 10-K, Item 1 Human Capital Resources",https://www.sec.gov/Archives/edgar/data/849395/000162828026009043/crh-20251231.htm,2026-09-12,"heading ""Human Capital""; headcount: ""In 2025, we employed 83,032 people at 3,961 locations in 28 countries, of which 49,828 were in"" | safety: "", 93% of our locations had zero accidents and we achieved a lost-time incident rate of 0.31 based on the number of incidents per 200,000 work hours for"""
CRL,2025,2,"SEC EDGAR 10-K, Item 1 Human Capital Resources",https://www.sec.gov/Archives/edgar/data/1100682/000110068226000022/crl-20251227.htm,2026-09-12,"heading ""Human Capital""; headcount: ""Resources Employees As of December 27, 2025, we had approximately 19,700 employees (including approximately 2,400 science professionals with a"" | turnover_retention: ""In fiscal 2025, we hired over 2,600 people and our voluntary turnover for all employees was approximately 10.1%."""
CRM,2026,1,"SEC EDGAR 10-K, Item 1 Human Capital Resources",https://www.sec.gov/Archives/edgar/data/1108524/000110852426000060/crm-20260131.htm,2026-09-12,"heading ""Human Capital""; headcount: ""As of January 31, 2026, we had 83,334 employees. None of our employees in the United States are represented by a labor union."""
CRWD,2026,1,"SEC EDGAR 10-K, Item 1 Human Capital Resources",https://www.sec.gov/Archives/edgar/data/1535527/000153552726000010/crwd-20260131.htm,2026-09-12,"heading ""Human Capital""; headcount: ""Resources As of January 31, 2026, we had 10,698 full-time employees."""
CSCO,2026,1,"SEC EDGAR 10-K, Item 1 Human Capital Resources",https://www.sec.gov/Archives/edgar/data/858877/000085887726000132/csco-20260725.htm,2026-09-12,"heading ""Talent and Culture""; headcount: ""As of July 25, 2026, we had approximately 82,400 employees and they are categorized as follows: Compensation and Benef"""
CSGP,2025,1,"SEC EDGAR 10-K, Item 1 Human Capital Resources",https://www.sec.gov/Archives/edgar/data/1057352/000105735226000020/csgp-20251231.htm,2026-09-12,"heading ""Human Capital""; headcount: ""With over 8,000 employees in 20 countries, our business is built on delivering excell"""
CSX,2025,3,"SEC EDGAR 10-K, Item 1 Human Capital Resources",https://www.sec.gov/Archives/edgar/data/277948/000027794826000006/csx-20251231.htm,2026-09-12,"heading ""CSX's Committed Workforce""; headcount: ""The Company had approximately 23,000 employees as of December 2025, which includes approximately 16,900 em"" | safety: ""The FRA Personal Injury Frequency Index, a measure of the number of FRA-reportable injuries per 200,000 man-hours, was 0.94 in 2025 and 1."" | union_coverage: ""ave been fully ratified by most unions, representing nearly 75% of the Company's unionized workforce."""
CTAS,2026,1,"SEC EDGAR 10-K, Item 1 Human Capital Resources",https://www.sec.gov/Archives/edgar/data/723254/000072325426000028/ctas-20260531.htm,2026-09-12,"heading ""Human Capital""; headcount: ""At May 31, 2026, Cintas employed approximately 48,100 employee-partners in our global workforce, of which approxi"""
CTSH,2025,3,"SEC EDGAR 10-K, Item 1 Human Capital Resources",https://www.sec.gov/Archives/edgar/data/1058290/000105829026000008/ctsh-20251231.htm,2026-09-12,"heading ""Our People""; headcount: ""As of December 31, 2025, we had approximately 351,600 employees, with 256,900 in India, 41,600 in North America, 14,600 in"" | representation_pct: ""ember 31, 2025, our workforce is comprised of approximately 39% women and 61% men."" | turnover_retention: ""-For the years ended December 31, 2025 and 2024, our Voluntary Attrition - Tech Services was 13.9% and 15."""
CTVA,2025,2,"SEC EDGAR 10-K, Item 1 Human Capital Resources",https://www.sec.gov/Archives/edgar/data/1755672/000175567226000004/ctva-20251231.htm,2026-09-12,"heading ""Human Capital""; headcount: ""As of December 31, 2025, the company globally employs approximately 21,500 employees."" | union_coverage: ""Approximately 2 percent of the United States workforce is unionized and another 13 percent of our global workforce particip"""
CVNA,2025,1,"SEC EDGAR 10-K, Item 1 Human Capital Resources",https://www.sec.gov/Archives/edgar/data/1690820/000169082026000009/cvna-20251231.htm,2026-09-12,"heading ""Human Capital""; headcount: ""As of December 31, 2025, we had over 23,100 full-time and part-time employees."""
CVS,2025,2,"SEC EDGAR 10-K, Item 1 Human Capital Resources",https://www.sec.gov/Archives/edgar/data/64803/000006480326000010/cvs-20251231.htm,2026-09-12,"heading ""Human Capital""; headcount: ""As of December 31, 2025, we employed over 300,000 colleagues primarily in the U."" | training: ""ed December 31, 2025, our colleagues invested approximately 16 million hours in learning and development courses."""
CVX,2025,1,"SEC EDGAR 10-K, Item 1 Human Capital Resources",https://www.sec.gov/Archives/edgar/data/93410/000009341026000078/cvx-20251231.htm,2026-09-12,"heading ""Human Capital""; representation_pct: ""At December 31, 2025 Female Male Data not available* Total Employees Number of Employees Percentage Number of Employees Percentage Number of Employees Percentage Number of Employees Percentage Non-Service Station Employees U.S. 4,645 24 % 14,703 76 % 18 - % 19,366 45 % Other Americas 1,305 33 % 2,632 67 % 8 - % 3,945 9 % Africa 531 16 % 2,779 84 % 1 - % 3,311 8 % Asia 2,732 35 % 5,161 65 % 12 - % 7,905 18 % Australia 480"""
D,2025,3,"SEC EDGAR 10-K, Item 1 Human Capital Resources",https://www.sec.gov/Archives/edgar/data/715957/000119312526063120/d-20251231.htm,2026-09-12,"heading ""Human Capital""; headcount: ""At December 31, 2025, Dominion Energy had approximately 15,200 full-time employees, of which approximately 3,400 are subject to collective bar"" | safety: ""In 2025, Dominion Energy experienced an OSHA Recordable Rate of 0.26 compared to 0."" | union_coverage: ""At December 31, 2025, Dominion Energy had approximately 15,200 full-time employees, of which approximately 3,400 are subject to collective bargaining agreements, including approximately 6,700 full-time employe"""
DAL,2025,1,"SEC EDGAR 10-K, Item 1 Human Capital Resources",https://www.sec.gov/Archives/edgar/data/27904/000002790426000013/dal-20251231.htm,2026-09-12,"heading ""Human Capital""; headcount: ""As of December 31, 2025, we had approximately 103,000 full-time employee equivalents, of which approximately 100,000 were based in the U."""
DASH,2025,1,"SEC EDGAR 10-K, Item 1 Human Capital Resources",https://www.sec.gov/Archives/edgar/data/1792789/000179278926000013/dash-20251231.htm,2026-09-12,"heading ""HUMAN CAPITAL""; headcount: ""Employees As of December 31, 2025, we had over 31,400 employees worldwide."""
DD,2025,1,"SEC EDGAR 10-K, Item 1 Human Capital Resources",https://www.sec.gov/Archives/edgar/data/1666700/000166670026000013/dd-20251231.htm,2026-09-12,"heading ""HUMAN CAPITAL""; headcount: ""As of December 31, 2025, the Company employed approximately 15,000 people worldwide, approximately 1,700 of which are dedicated to th"""
DDOG,2025,1,"SEC EDGAR 10-K, Item 1 Human Capital Resources",https://www.sec.gov/Archives/edgar/data/1561550/000162828026008819/ddog-20251231.htm,2026-09-12,"heading ""Human Capital""; headcount: ""Management As of December 31, 2025, we had approximately 8,100 employees operating across 35 countries."""
DE,2025,3,"SEC EDGAR 10-K, Item 1 Human Capital Resources",https://www.sec.gov/Archives/edgar/data/315189/000110465925122321/de-20251102x10k.htm,2026-09-12,"heading ""Human Capital""; headcount: ""Employees At November 2, 2025, we had approximately 73,100 employees, of which approximately 32,500 were full-time production em"" | safety: ""In fiscal year 2025, we reported a total recordable incident rate of 1.45, a safety metric used to measure the number of recordable i"" | union_coverage: ""Unions are certified as bargaining agents for approximately 77% of our U."""
DECK,2026,2,"SEC EDGAR 10-K, Item 1 Human Capital Resources",https://www.sec.gov/Archives/edgar/data/910521/000162828026037664/deck-20260331.htm,2026-09-12,"heading ""Human Capital""; headcount: ""As of March 31, 2026, we employed approximately 6,000 global employees, reflecting an increase of 9."" | training: ""We provide tuition reimbursement for eligible US employees up to $5 thousand per calendar year."""
DELL,2026,1,"SEC EDGAR 10-K, Item 1 Human Capital Resources",https://www.sec.gov/Archives/edgar/data/1571996/000157199626000008/dell-20260130.htm,2026-09-12,"heading ""Human Capital""; headcount: ""As of January 30, 2026, we had approximately 97,000 employees."""
DG,2026,1,"SEC EDGAR 10-K, Item 1 Human Capital Resources",https://www.sec.gov/Archives/edgar/data/29534/000110465926032325/dg-20260130x10k.htm,2026-09-12,"heading ""Human Capital""; headcount: ""As of February 27, 2026, we employed approximately 194,000 full-time and part-time employees, including divisional and regional managers, district manag"""
DGX,2025,2,"SEC EDGAR 10-K, Item 1 Human Capital Resources",https://www.sec.gov/Archives/edgar/data/1022079/000102207926000015/dgx-20251231.htm,2026-09-12,"heading ""Human Capital""; headcount: ""As of December 31, 2025, we have nearly 57,000 employees globally (including LifeLabs' approximately 6,800), of whom"" | representation_pct: ""Approximately 70% of our employees globally are women (including approximately 75% at LifeLabs)."""
DHI,2025,1,"SEC EDGAR 10-K, Item 1 Human Capital Resources",https://www.sec.gov/Archives/edgar/data/882184/000088218425000081/dhi-20250930.htm,2026-09-12,"heading ""Human Capital""; headcount: ""Resources People and Culture As of September 30, 2025, we employed 14,341 people, of whom 9,972 work in our homebuilding operations, 2,967 i"""
DHR,2025,1,"SEC EDGAR 10-K, Item 1 Human Capital Resources",https://www.sec.gov/Archives/edgar/data/313616/000031361626000062/dhr-20251231.htm,2026-09-12,"heading ""Human Capital""; headcount: ""As of December 31, 2025, the Company had approximately 60,000 employees (whom we refer to as ""associates""), of whom approximately 2"""
DIS,2025,1,"SEC EDGAR 10-K, Item 1 Human Capital Resources",https://www.sec.gov/Archives/edgar/data/1744489/000174448925000155/dis-20250927.htm,2026-09-12,"heading ""HUMAN CAPITAL""; headcount: ""The Company employed approximately 231,000 people as of fiscal year end 2025, of which approximately 172,000"""
DLR,2025,1,"SEC EDGAR 10-K, Item 1 Human Capital Resources",https://www.sec.gov/Archives/edgar/data/1297996/000110465926015365/dlr-20251231x10k.htm,2026-09-12,"heading ""Human Capital""; headcount: ""Resource Management ​ As of December 31, 2025, we had 4,282 full-time employees."""
DLTR,2026,1,"SEC EDGAR 10-K, Item 1 Human Capital Resources",https://www.sec.gov/Archives/edgar/data/935703/000093570326000025/dltr-20260131.htm,2026-09-12,"heading ""Our People""; headcount: ""ion Center Associates Store Support Center Associates Total Full-time Associates 33,755 1,426 35,181 Part-time Associates 117,851 - 117,851 Total 151,606 1,426"""
DOC,2025,1,"SEC EDGAR 10-K, Item 1 Human Capital Resources",https://www.sec.gov/Archives/edgar/data/765880/000162828026005044/peak-20251231.htm,2026-09-12,"heading ""Human Capital""; headcount: ""present our greatest asset, and as of December 31, 2025, we had 411 full-time employees."""
DOV,2025,1,"SEC EDGAR 10-K, Item 1 Human Capital Resources",https://www.sec.gov/Archives/edgar/data/29905/000002990526000009/dov-20251231.htm,2026-09-12,"heading ""Human Capital""; headcount: ""We had approximately 24,000 employees worldwide as of December 31, 2025."""
DOW,2025,3,"SEC EDGAR 10-K, Item 1 Human Capital Resources",https://www.sec.gov/Archives/edgar/data/1751788/000175178826000018/dow-20251231.htm,2026-09-12,"heading ""HUMAN CAPITAL""; engagement_score: ""In 2025, 64 percent of employees responded to the annual survey."" | headcount: ""At December 31, 2025, the Company permanently employed approximately 34,600 people on a full-time basis."" | safety: ""y achieved an Occupational Safety and Health Administration Total Recordable Injury and Illness Rate of 0.20, based upon the number of incidents per 200,000 work hours"""
DPZ,2025,1,"SEC EDGAR 10-K, Item 1 Human Capital Resources",https://www.sec.gov/Archives/edgar/data/1286681/000119312526062321/dpz-20251228.htm,2026-09-12,"heading ""Human Capital""; headcount: ""As of December 28, 2025, we had approximately 10,200 employees, including approximately 6,000 employees supporting our U."""
DRI,2026,2,"SEC EDGAR 10-K, Item 1 Human Capital Resources",https://www.sec.gov/Archives/edgar/data/940944/000094094426000025/dri-20260531.htm,2026-09-12,"heading ""Human Capital""; representation_pct: ""laried) 209,931 Total number of hourly team members 198,111 Percent of hourly team members - female 58% Percent of hourly team members - members of racial or ethnic minority groups 56% Total number of new hires of hourly team members during fiscal 2026 146,934 Percent of hourly new hires - female 57% Percent of hourly new hire"" | turnover_retention: ""Darden's consolidated turnover rate for hourly team members during fiscal 2026 was 67 percent, which is one of the lowest rates in the restaurant industr"""
DTE,2025,3,"SEC EDGAR 10-K, Item 1 Human Capital Resources",https://www.sec.gov/Archives/edgar/data/936340/000093634026000054/dte-20251231.htm,2026-09-12,"heading ""HUMAN CAPITAL""; headcount: ""MANAGEMENT DTE Energy and its subsidiaries had approximately 9,650 employees as of December 31, 2025, of which approximately 4,850 were"" | representation_pct: ""December 31, 2025, DTE Energy's workforce was comprised of 26% women and 29% minorities."" | union_coverage: ""ANAGEMENT DTE Energy and its subsidiaries had approximately 9,650 employees as of December 31, 2025, of which approximately 4,850 were represented by unions."""
DUK,2025,3,"SEC EDGAR 10-K, Item 1 Human Capital Resources",https://www.sec.gov/Archives/edgar/data/1326160/000132616026000014/duk-20251231.htm,2026-09-12,"heading ""Human Capital""; headcount: ""Employees On December 31, 2025, Duke Energy had a total of 26,441 full-time, part-time and temporary employees, the majority of which were full-time employees."" | representation_pct: ""Our workforce consisted of approximately 23.2% women and 21."" | union_coverage: ""The total includes 5,027 employees who are represented by labor unions under various collective bargaining agreements that generally cover wages, benefits, working pr"""
DVA,2025,3,"SEC EDGAR 10-K, Item 1 Human Capital Resources",https://www.sec.gov/Archives/edgar/data/927066/000092706626000012/dva-20251231.htm,2026-09-12,"heading ""Human capital""; engagement_score: ""Based on our most recent internal engagement surveys, 85% of our U."" | headcount: ""As of December 31, 2025, we employed approximately 78,000 teammates, including our international teammates, with approximately 72% of our teammates located within the"" | representation_pct: ""was composed of 78% women and 59% people of color."""
DVN,2025,1,"SEC EDGAR 10-K, Item 1 Human Capital Resources",https://www.sec.gov/Archives/edgar/data/1090012/000119312526056485/dvn-20251231.htm,2026-09-12,"heading ""Human Capital""; headcount: ""December 31, 2025, Devon and its consolidated subsidiaries had approximately 2,200 employees, all located in the U."""
DXCM,2025,1,"SEC EDGAR 10-K, Item 1 Human Capital Resources",https://www.sec.gov/Archives/edgar/data/1093557/000109355726000027/dxcm-20251231.htm,2026-09-12,"heading ""Human Capital""; headcount: ""As of December 31, 2025, we have approximately 11,100 employees around the globe, including 11,000 full-time employees."""
EBAY,2025,1,"SEC EDGAR 10-K, Item 1 Human Capital Resources",https://www.sec.gov/Archives/edgar/data/1065088/000106508826000027/ebay-20251231.htm,2026-09-12,"heading ""Human Capital""; headcount: ""Management As of December 31, 2025, we employed approximately 12,300 people globally, of which, approximately 7,200 were located in the"""
ECHO,2025,2,"SEC EDGAR 10-K, Item 1 Human Capital Resources",https://www.sec.gov/Archives/edgar/data/1415404/000110465926021817/tmb-20251231x10k.htm,2026-09-12,"heading ""HUMAN CAPITAL""; headcount: ""​ We had approximately 12,100 employees at December 31, 2025, the majority of whom were located in"" | union_coverage: ""Approximately 170 of our employees located in Italy and Brazil are represented by a union."""
ECL,2025,1,"SEC EDGAR 10-K, Item 1 Human Capital Resources",https://www.sec.gov/Archives/edgar/data/31462/000110465926018357/ecl-20251231x10k.htm,2026-09-12,"heading ""Human Capital""; headcount: ""​ As of December 31, 2025, Ecolab employed approximately 48,000 employees."""
ED,2025,4,"SEC EDGAR 10-K, Item 1 Human Capital Resources",https://www.sec.gov/Archives/edgar/data/1047862/000104786226000031/ed-20251231.htm,2026-09-12,"heading ""Human Capital""; headcount: ""On December 31, 2025, Con Edison and its subsidiaries had 15,407 employees, based entirely in the United States including 14,166 at CE"" | training: ""During 2025, employees spent over 670,000 hours in instructor-led, leadership and skill-based training."" | turnover_retention: ""The company's turnover rate in 2025 was approximately 5.4 percent, 36 percent of which is attributed to retirements."" | union_coverage: ""Of the total CECONY and O&R employees, 7,942 and 599 employees, respectively, were covered by a collective bargaining agreement."""
EFX,2025,1,"SEC EDGAR 10-K, Item 1 Human Capital Resources",https://www.sec.gov/Archives/edgar/data/33185/000003318526000010/efx-20251231.htm,2026-09-12,"heading ""Our People""; headcount: ""Equifax employed approximately 15,000 employees in 22 countries as of December 31, 2025."""
EG,2025,1,"SEC EDGAR 10-K, Item 1 Human Capital Resources",https://www.sec.gov/Archives/edgar/data/1095073/000109507326000006/eg-20251231.htm,2026-09-12,"heading ""Human Capital""; headcount: ""As of February 1, 2026, the Company employed 3,064 persons."""
EIX,2025,2,"SEC EDGAR 10-K, Item 1 Human Capital Resources",https://www.sec.gov/Archives/edgar/data/827052/000082705226000012/eix-20251231.htm,2026-09-12,"heading ""Human Capital""; representation_pct: ""30 % 29 % 41 % Racially/ethnically diverse5 65 % 57 % 39 % Racially/ethnically or gender diverse5 73 % 67 % 64 % 1Calculated using the guidelines SCE uses to calculate the"" | turnover_retention: ""Edison International Parent and SCE's combined Turnover Rate was 6.7% and 7."""
EL,2026,2,"SEC EDGAR 10-K, Item 1 Human Capital Resources",https://www.sec.gov/Archives/edgar/data/1001250/000100125026000041/el-20260630.htm,2026-09-12,"heading ""Human Capital""; headcount: ""As of June 30, 2026 and 2025, we had approximately 55,000 and 57,000 employees worldwide, respectively, including approximately 35,000 dem"" | representation_pct: ""As of June 30, 2026, approximately 81% of our employees were female and 19% were male, and approximately 63% of our employees at the level of Vice President and above were female and 37% were male."""
ELV,2025,2,"SEC EDGAR 10-K, Item 1 Human Capital Resources",https://www.sec.gov/Archives/edgar/data/1156039/000115603926000013/elv-20251231.htm,2026-09-12,"heading ""Human Capital""; headcount: ""As of December 31, 2025, our employee population, including all full-time, part-time and temporary workers, consisted of approximately 97,100 individuals, 71,900 in the United States and 25,200 interna"" | training: ""mount in human capital development, averaging approximately 26 hours of training and development per associate."""
EME,2025,4,"SEC EDGAR 10-K, Item 1 Human Capital Resources",https://www.sec.gov/Archives/edgar/data/105634/000010563426000025/eme-20251231.htm,2026-09-12,"heading ""Human Capital""; headcount: ""At December 31, 2025, we employed approximately 44,000 people, all of whom were located within the United States."" | representation_pct: ""ity Commission, the gender demographic of our employees was 90% male and 10% female."" | safety: ""h our people worked nearly 100 million hours, the Company's Total Recordable Incident Rate in 2025 was just under 1.0, which was approximately 60% lower than the U."" | union_coverage: ""and Pacific Islander 3 % 5 Table of Contents Approximately 62% of our employees are represented by various unions pursuant to approximately 450 collective bargaining agreements between our individual subsidiaries or trade ass"""
EMR,2025,3,"SEC EDGAR 10-K, Item 1 Human Capital Resources",https://www.sec.gov/Archives/edgar/data/32604/000003260425000087/emr-20250930.htm,2026-09-12,"heading ""HUMAN CAPITAL""; engagement_score: ""icipated (up from 89 percent in 2024) and Emerson's overall engagement score held steady at 79 percent."" | headcount: ""The Company and its subsidiaries had approximately 71,000 employees at September 30, 2025."" | safety: ""In 2025, the Company's total recordable rate of injuries was 0.25, and its lost or restricted workday case rate was 0."""
EOG,2025,1,"SEC EDGAR 10-K, Item 1 Human Capital Resources",https://www.sec.gov/Archives/edgar/data/821189/000082118926000054/eog-20251231.htm,2026-09-12,"heading ""Human Capital""; headcount: ""Management As of December 31, 2025, EOG employed approximately 3,400 persons, including foreign national employees."""
EQIX,2025,3,"SEC EDGAR 10-K, Item 1 Human Capital Resources",https://www.sec.gov/Archives/edgar/data/1101239/000110123926000032/eqix-20251231.htm,2026-09-12,"heading ""Human Capital""; engagement_score: ""In 2025, employee satisfaction scores resulted in an average score of 78 for Equinix, followed by our average belonging score of 81"" | headcount: ""As of December 31, 2025, we had 13,716 employees worldwide with 5,917 based in the Americas, 4,706 based in"" | representation_pct: ""As of December 31, 2025, approximately 71% of our workforce identified as men, 28% identified as women and less than 1% declined to identify."""
EQT,2025,2,"SEC EDGAR 10-K, Item 1 Human Capital Resources",https://www.sec.gov/Archives/edgar/data/33213/000003321326000018/eqt-20251231.htm,2026-09-12,"heading ""Human Capital""; headcount: ""Resources As of December 31, 2025, we had 1,523 full-time equivalent employees (i."" | representation_pct: ""Of our employee base, 76% are male and 24% are female."""
ERIE,2025,2,"SEC EDGAR 10-K, Item 1 Human Capital Resources",https://www.sec.gov/Archives/edgar/data/922621/000162828026010666/erie-20251231.htm,2026-09-12,"heading ""Human Capital""; headcount: ""Workforce Metrics As of December 31, 2025, our total workforce consists of 6,667 full-time employees, which includes approximately 50% of employees who provide claims and life insurance managem"" | turnover_retention: ""9 years with an overall voluntary turnover rate of 6.3%."""
ES,2025,2,"SEC EDGAR 10-K, Item 1 Human Capital Resources",https://www.sec.gov/Archives/edgar/data/72741/000162828026008461/es-20251231.htm,2026-09-12,"heading ""HUMAN CAPITAL""; headcount: ""As of December 31, 2025, Eversource Energy employed a total of 10,731 employees, excluding temporary employees, of which 1,554 were employed by CL&P, 2,164 were employed"" | safety: ""hin the top half of the industry, albeit slightly below our DART metric from the prior year, from 0.76 in 2024 to 0."""
ESS,2025,2,"SEC EDGAR 10-K, Item 1 Human Capital Resources",https://www.sec.gov/Archives/edgar/data/920522/000092052226000003/ess-20251231.htm,2026-09-12,"heading ""HUMAN CAPITAL""; headcount: ""As of December 31, 2025, the Company had 1,689 employees, 99."" | training: ""s associates via Workday Learning, and its associates spent 16,708 hours learning in 2025."""
ETN,2025,4,"SEC EDGAR 10-K, Item 1 Human Capital Resources",https://www.sec.gov/Archives/edgar/data/1551182/000155118226000007/etn-20251231.htm,2026-09-12,"heading ""Human Capital""; engagement_score: ""Of those who responded to the survey, 86% had favorable engagement indicating they were proud to work at Eaton, felt personal"" | headcount: ""Management Eaton has approximately 97,000 employees globally. The number of persons employed by our reportable segments and corporate at Decemb"" | representation_pct: ""ber 31, 2025, Eaton's workforce distribution is as follows: Total Global Number of women (Global) Percentage of women (Global) U.S. total Number of minorities (U.S. only)1 Percentage of minorities (U.S. only)1 Board of directors 12 4 33.3 % 9 5 55.6 % Executive leadership team 19 2 10."" | safety: ""Our 2024 Total Recordable Case Rate (TRCR) was 0.39 and our Days Away Case Rate (DACR) was 0."""
ETR,2025,1,"SEC EDGAR 10-K, Item 1 Human Capital Resources",https://www.sec.gov/Archives/edgar/data/65984/000006598426000174/etr-20251231.htm,2026-09-12,"heading ""Human Capital""; headcount: ""As of December 31, 2025, Entergy subsidiaries employed 12,233 people."""
EVRG,2025,2,"SEC EDGAR 10-K, Item 1 Human Capital Resources",https://www.sec.gov/Archives/edgar/data/1711269/000171126926000017/evrg-20251231.htm,2026-09-12,"heading ""Human Capital""; headcount: ""Resources As of December 31, 2025, the Evergy Companies had 4,691 employees, including 2,479 represented by five local unions of the In"" | union_coverage: ""Resources As of December 31, 2025, the Evergy Companies had 4,691 employees, including 2,479 represented by five local unions of the International Brotherhood of Electrical Workers (IBE"""
EW,2025,1,"SEC EDGAR 10-K, Item 1 Human Capital Resources",https://www.sec.gov/Archives/edgar/data/1099800/000109980026000009/ew-20251231.htm,2026-09-12,"heading ""Human Capital""; headcount: ""dcount and Labor Representation As of December 31, 2025, we had approximately 16,000 employees worldwide, the majority of whom were located in the United"""
EXC,2025,1,"SEC EDGAR 10-K, Item 1 Human Capital Resources",https://www.sec.gov/Archives/edgar/data/1109357/000110935726000018/exc-20251231.htm,2026-09-12,"heading ""Employees""; union_coverage: ""Approximately 42% of Exelon's employees participate in CBAs."""
EXE,2025,1,"SEC EDGAR 10-K, Item 1 Human Capital Resources",https://www.sec.gov/Archives/edgar/data/895126/000089512626000011/exe-20251231.htm,2026-09-12,"heading ""Human Capital""; headcount: ""Resources Employees We had approximately 1,600 employees as of December 31, 2025."""
EXPD,2025,1,"SEC EDGAR 10-K, Item 1 Human Capital Resources",https://www.sec.gov/Archives/edgar/data/746515/000119312526071569/expd-20251231.htm,2026-09-12,"heading ""Human Capital Management""; headcount: ""phically diverse workforce At December 31, 2025, Expeditors employed approximately 20,000 people, of which approximately 13,000 were employed in internation"""
EXPE,2025,1,"SEC EDGAR 10-K, Item 1 Human Capital Resources",https://www.sec.gov/Archives/edgar/data/1324424/000132442426000008/expe-20251231.htm,2026-09-12,"heading ""Human Capital""; headcount: ""As of December 31, 2025, we have a team of approximately 16,000 employees across nearly 50 countries focused on using our extensive d"""
EXR,2025,3,"SEC EDGAR 10-K, Item 1 Human Capital Resources",https://www.sec.gov/Archives/edgar/data/1289490/000128949026000011/exr-20251231.htm,2026-09-12,"heading ""Human Capital""; engagement_score: ""025, we invited our employees to participate in an employee satisfaction survey and achieved an overall satisfaction score of 76% with 93% of our employees participating in our survey."" | headcount: ""8 As of December 31, 2025, we had 8,393 employees and believe our relationship with our employees is good."" | training: ""Our field employees received an average of 48 hours of training and each new hire received an average of 82 hours of training in 2025."""
F,2025,1,"SEC EDGAR 10-K, Item 1 Human Capital Resources",https://www.sec.gov/Archives/edgar/data/37996/000003799626000015/f-20251231.htm,2026-09-12,"heading ""HUMAN CAPITAL""; representation_pct: ""e statistics include the following as of December 31, 2025: 27.9% of our salaried employees worldwide are women; 25."""
FANG,2025,4,"SEC EDGAR 10-K, Item 1 Human Capital Resources",https://www.sec.gov/Archives/edgar/data/1539838/000153983826000010/fang-20251231.htm,2026-09-12,"heading ""Human Capital""; headcount: ""We ended the year 2025 with 1,762 full-time employees."" | representation_pct: ""As of December 31, 2025, approximately 25% of our employees are women and 40% self-identify as ethnic minorities."" | safety: ""Our employee total recordable incident rate (TRIR) was 0.62 in 2025, down from 0."" | turnover_retention: ""In 2025, our total attrition rate was approximately 19%, which includes our remaining Endeavor Energy Resources int"""
FAST,2025,3,"SEC EDGAR 10-K, Item 1 Human Capital Resources",https://www.sec.gov/Archives/edgar/data/815556/000081555626000009/fast-20251231.htm,2026-09-12,"heading ""Human Capital""; engagement_score: ""n 2025, there were over 288,000 completed health and safety engagements, which is an increase of 17% compared to 2024."" | headcount: ""Resources Employees At the end of 2025, we employed 24,489 full- and part-time employees."" | representation_pct: "", females and minorities constitute 23.9% and 25."""
FCX,2025,3,"SEC EDGAR 10-K, Item 1 Human Capital Resources",https://www.sec.gov/Archives/edgar/data/831259/000083125926000012/fcx-20251231.htm,2026-09-12,"heading ""HUMAN CAPITAL""; headcount: ""Workforce At December 31, 2025, we had approximately 29,000 employees (13,900 in the U."" | safety: ""Our TRIR per 200,000 man-hours worked was 0.55 in 2025 and 0."" | union_coverage: ""Approximately 28% of our global employee population is covered by collective labor agreements (CLAs)."""
FDS,2025,4,"SEC EDGAR 10-K, Item 1 Human Capital Resources",https://www.sec.gov/Archives/edgar/data/1013237/000162828025045769/fds-20250831.htm,2026-09-12,"heading ""Human Capital""; engagement_score: ""In fiscal 2025, our engagement survey achieved an 88% response rate, significantly outpacing typical third-party"" | headcount: ""es As of August 31, 2025, we had 35 offices in 19 countries with 12,800 employees, representing an increase of 3."" | training: ""dy Skills: In fiscal 2025, 94% of employees participated in learning programs, completing 339,000 hours globally."" | union_coverage: ""As of August 31, 2025, 434 of our employees were represented by mandatory works councils in our French and German locations and 25 of our employees"""
FDX,2026,2,"SEC EDGAR 10-K, Item 1 Human Capital Resources",https://www.sec.gov/Archives/edgar/data/1048911/000104891126000105/fdx-20260531.htm,2026-09-12,"heading ""Talent Acquisition, Engagement, and Turnover""; headcount: ""Other Information As of May 31, 2026, FedEx employed approximately 300,000 permanent full-time and approximately 230,000 permanent par"" | turnover_retention: ""our sorting locations, was 78%, while full-time team member turnover was 18%, in 2026."""
FDXF,2026,3,"SEC EDGAR 10-K, Item 1 Human Capital Resources",https://www.sec.gov/Archives/edgar/data/2082247/000162828026053359/fdxf-20260531.htm,2026-09-12,"heading ""Our people""; engagement_score: """" We recently conducted an employee engagement survey with 85% participation to understand our key cultural drivers, stren"" | headcount: ""As of June 1, 2026, we had approximately 40,000 employees, and our exceptional network shapes our identity, reputatio"" | turnover_retention: ""is approach fosters loyalty, and we have maintained a driver turnover rate average of approximately 10% over the last three fiscal years."""
FE,2025,2,"SEC EDGAR 10-K, Item 1 Human Capital Resources",https://www.sec.gov/Archives/edgar/data/1031296/000103129626000046/fe-20251231.htm,2026-09-12,"heading ""Human Capital""; headcount: ""Bargaining Agreements As of December 31, 2025, FirstEnergy had 11,186 employees, all of whom were located in the United States as follows:"" | union_coverage: ""ica and the Office and Professional Employees International Union collectively represented approximately 44% of FirstEnergy's employees."""
FERG,2025,1,"SEC EDGAR 10-K, Item 1 Human Capital Resources",https://www.sec.gov/Archives/edgar/data/2011641/000201164125000027/ferg-20250731.htm,2026-09-12,"heading ""Human capital""; headcount: ""As of July 31, 2025, Ferguson employed approximately 35,000 associates worldwide, including those employed on a full-time, part-ti"""
FFIV,2025,2,"SEC EDGAR 10-K, Item 1 Human Capital Resources",https://www.sec.gov/Archives/edgar/data/1048695/000104869525000157/ffiv-20250930.htm,2026-09-12,"heading ""Human Capital""; engagement_score: ""h satisfaction with F5's culture on several key questions: •85% of employees favorably rate ""I am proud to work for F5."" | headcount: ""As of September 30, 2025, we had 6,578 employees - over 99% of whom were full-time employees."""
FICO,2025,2,"SEC EDGAR 10-K, Item 1 Human Capital Resources",https://www.sec.gov/Archives/edgar/data/814547/000081454725000030/fico-20250930.htm,2026-09-12,"heading ""HUMAN CAPITAL""; headcount: ""RESOURCES Our People As of September 30, 2025, we employed 3,811 persons across 28 countries."" | representation_pct: ""workforce, as of September 30, 2025, 46% were racially/ethnically diverse employees who are members of a protected class."""
FIS,2025,1,"SEC EDGAR 10-K, Item 1 Human Capital Resources",https://www.sec.gov/Archives/edgar/data/1136893/000113689326000013/fis-20251231.htm,2026-09-12,"heading ""Human Capital""; headcount: ""Management Employee Population As of December 31, 2025, we had more than 44,000 employees, including over 27,000 employees principally employed outside of the U."""
FISV,2025,2,"SEC EDGAR 10-K, Item 1 Human Capital Resources",https://www.sec.gov/Archives/edgar/data/798354/000079835426000009/fi-20251231.htm,2026-09-12,"heading ""Human Capital""; engagement_score: ""In 2025, 90% of our employees participated in our engagement survey."" | headcount: ""As of December 31, 2025, we had over 38,000 employees worldwide."""
FITB,2025,3,"SEC EDGAR 10-K, Item 1 Human Capital Resources",https://www.sec.gov/Archives/edgar/data/35527/000003552726000124/fitb-20251231.htm,2026-09-12,"heading ""Human Capital""; headcount: ""As of December 31, 2025, the Bancorp had 18,676 full-time equivalent employees, compared to 18,616 as of December 31, 2024."" | training: ""In 2025, employees engaged in over 550,000 hours of discretionary learning."" | turnover_retention: ""Full year turnover was 16.4% in 2025 compared to 16."""
FIX,2025,2,"SEC EDGAR 10-K, Item 1 Human Capital Resources",https://www.sec.gov/Archives/edgar/data/1035983/000110465926017530/fix-20251231x10k.htm,2026-09-12,"heading ""Human Capital""; headcount: ""Resources Employees-As of December 31, 2025, we had approximately 22,700 employees as compared to approximately 18,300 employees as of Decembe"" | safety: ""per one hundred employees per year, also known as the OSHA recordable rate, was 0.93 during 2025."""
FLEX,2026,1,"SEC EDGAR 10-K, Item 1 Human Capital Resources",https://www.sec.gov/Archives/edgar/data/866374/000086637426000012/flex-20260331.htm,2026-09-12,"heading ""HUMAN CAPITAL""; headcount: ""As of March 31, 2026, our global workforce totaled approximately 150,000 employees including our contractor workforce."""
FOX,2026,1,"SEC EDGAR 10-K, Item 1 Human Capital Resources",https://www.sec.gov/Archives/edgar/data/1754301/000162828026053960/fox-20260630.htm,2026-09-12,"heading ""Human Capital""; headcount: ""As of June 30, 2026, we had approximately 10,550 full-time employees."""
FOXA,2026,1,"SEC EDGAR 10-K, Item 1 Human Capital Resources",https://www.sec.gov/Archives/edgar/data/1754301/000162828026053960/fox-20260630.htm,2026-09-12,"heading ""Human Capital""; headcount: ""As of June 30, 2026, we had approximately 10,550 full-time employees."""
FRT,2025,1,"SEC EDGAR 10-K, Item 1 Human Capital Resources",https://www.sec.gov/Archives/edgar/data/34903/000003490326000017/frt-20251231.htm,2026-09-12,"heading ""Human Capital""; headcount: ""At February 9, 2026, we had 314 full-time employees and 6 part-time employees."""
FSLR,2025,1,"SEC EDGAR 10-K, Item 1 Human Capital Resources",https://www.sec.gov/Archives/edgar/data/1274494/000127449426000021/fslr-20251231.htm,2026-09-12,"heading ""Human Capital""; headcount: ""As of December 31, 2025, we had approximately 7,900 associates (our term for full and part-time employees), the majority o"""
FTNT,2025,2,"SEC EDGAR 10-K, Item 1 Human Capital Resources",https://www.sec.gov/Archives/edgar/data/1262039/000126203926000007/ftnt-20251231.htm,2026-09-12,"heading ""Human Capital""; headcount: ""Management As of December 31, 2025, our total headcount was 15,109 employees, approximately 30% of whom were employed in the U"" | representation_pct: ""As of December 31, 2025, women represented approximately 40% of the members of our board of directors, and approximately 60% of our board of directors was from underrepresented communities."""
FTV,2025,0,"SEC EDGAR 10-K, Item 1 Human Capital Resources",https://www.sec.gov/Archives/edgar/data/1659166/000165916626000007/ftv-20251231.htm,2026-09-12,"heading ""People Strategy""; section found, no quantified disclosure type in it"
GD,2025,3,"SEC EDGAR 10-K, Item 1 Human Capital Resources",https://www.sec.gov/Archives/edgar/data/40533/000004053326000006/gd-20251231.htm,2026-09-12,"heading ""HUMAN CAPITAL""; headcount: ""•Our global workforce is 77% male and 23% female, and our senior leadership teams acros"" | representation_pct: ""18 2025 WORKFORCE STATISTICS •Approximately 84% of our employees are based in the United States, of which roughly 69% are white, 31% are people of color, 20% are veterans of the U."" | union_coverage: ""Approximately 23% of our workforce is represented by collective bargaining agreements."""
GDDY,2025,2,"SEC EDGAR 10-K, Item 1 Human Capital Resources",https://www.sec.gov/Archives/edgar/data/1609711/000160971126000010/gddy-20251231.htm,2026-09-12,"heading ""Human Capital""; engagement_score: ""Approximately 79% of our employees participated in the survey in 2025."" | headcount: ""As of December 31, 2025, we employed 5,845 people worldwide, made up of 2,414 in technology and development,"""
GE,2025,1,"SEC EDGAR 10-K, Item 1 Human Capital Resources",https://www.sec.gov/Archives/edgar/data/40545/000004054526000008/ge-20251231.htm,2026-09-12,"heading ""HUMAN CAPITAL""; headcount: ""December 31, 2025, GE Aerospace and consolidated affiliates employed approximately 57,000 people, of whom approximately 30,000 were employed in the United S"""
GEHC,2025,1,"SEC EDGAR 10-K, Item 1 Human Capital Resources",https://www.sec.gov/Archives/edgar/data/1932393/000193239326000007/gehc-20251231.htm,2026-09-12,"heading ""HUMAN CAPITAL""; headcount: ""Of our approximately 54,000 colleagues, 32% are located in the United States."""
GEN,2026,1,"SEC EDGAR 10-K, Item 1 Human Capital Resources",https://www.sec.gov/Archives/edgar/data/849399/000084939926000017/gen-20260403.htm,2026-09-12,"heading ""Human Capital""; headcount: ""•General Employee Demographics: As of April 3, 2026, we employed approximately 3,900 team members across more than 20 countries."""
GEV,2025,1,"SEC EDGAR 10-K, Item 1 Human Capital Resources",https://www.sec.gov/Archives/edgar/data/1996810/000199681026000015/gev-20251231.htm,2026-09-12,"heading ""HUMAN CAPITAL""; headcount: ""In addition, we have over 3,000 employees in quality or environmental, health, and safety (EHS) roles"""
GILD,2025,1,"SEC EDGAR 10-K, Item 1 Human Capital Resources",https://www.sec.gov/Archives/edgar/data/882095/000088209526000006/gild-20251231.htm,2026-09-12,"heading ""Human Capital""; headcount: ""As of December 31, 2025, Gilead had approximately 17,000 employees."""
GIS,2026,1,"SEC EDGAR 10-K, Item 1 Human Capital Resources",https://www.sec.gov/Archives/edgar/data/40704/000162828026046466/gis-20260531.htm,2026-09-12,"heading ""HUMAN CAPITAL""; headcount: ""As of May 31, 2026, we had approximately 30,000 employees around the globe, with approximately 15,000 in the U."""
GL,2025,1,"SEC EDGAR 10-K, Item 1 Human Capital Resources",https://www.sec.gov/Archives/edgar/data/320335/000032033526000090/gl-20251231.htm,2026-09-12,"heading ""Human Capital""; headcount: ""As of December 31, 2025, the Company had 3,695 full-time, part-time, and temporary employees, a 1% decrease over the prior year."""
GLW,2025,6,"SEC EDGAR 10-K, Item 1 Human Capital Resources",https://www.sec.gov/Archives/edgar/data/24741/000002474126000124/glw-20251231.htm,2026-09-12,"heading ""Human Capital""; engagement_score: ""In 2025, we had an 87% response rate with survey participation worldwide."" | headcount: ""Each of our approximately 67,200 full- and part-time employees in 44 countries make an important contribution, whether in"" | representation_pct: ""Our global workforce is comprised of 59% men and 41% women."" | safety: ""Corning continued managing Total Recordable Incident Rate (""TRIR"") performance to world class levels with an annual TRIR of just 0.26 in 2025."" | turnover_retention: ""Salaried talent retention in 2025 remained strong at 96.9%."" | union_coverage: ""oyees are in production and maintenance roles and more than 66% of all employees are represented by a union, works council or other representative group."""
GM,2025,1,"SEC EDGAR 10-K, Item 1 Human Capital Resources",https://www.sec.gov/Archives/edgar/data/1467858/000146785826000013/gm-20251231.htm,2026-09-12,"heading ""Human Capital""; headcount: ""Employees At December 31, 2025, we employed approximately 88,000 (56%) hourly employees and approximately 68,000 (44%) salar"""
GNRC,2025,1,"SEC EDGAR 10-K, Item 1 Human Capital Resources",https://www.sec.gov/Archives/edgar/data/1474735/000143774926004568/gnrc20251231_10k.htm,2026-09-12,"heading ""Human Capital""; headcount: ""As of December 31, 2025, we employed 9,400, including part-time and temporary employees."""
GOOG,2025,1,"SEC EDGAR 10-K, Item 1 Human Capital Resources",https://www.sec.gov/Archives/edgar/data/1652044/000165204426000018/goog-20251231.htm,2026-09-12,"heading ""Culture and Workforce""; headcount: ""As of December 31, 2025, Alphabet had 190,820 employees."""
GOOGL,2025,1,"SEC EDGAR 10-K, Item 1 Human Capital Resources",https://www.sec.gov/Archives/edgar/data/1652044/000165204426000018/goog-20251231.htm,2026-09-12,"heading ""Culture and Workforce""; headcount: ""As of December 31, 2025, Alphabet had 190,820 employees."""
GPC,2025,1,"SEC EDGAR 10-K, Item 1 Human Capital Resources",https://www.sec.gov/Archives/edgar/data/40987/000004098726000003/gpc-20251231.htm,2026-09-12,"heading ""HUMAN CAPITAL""; headcount: ""As of December 31, 2025, we employed more than 65,000 people worldwide and operated within 17 countries."""
GPN,2025,1,"SEC EDGAR 10-K, Item 1 Human Capital Resources",https://www.sec.gov/Archives/edgar/data/1123360/000112336026000008/gpn-20251231.htm,2026-09-12,"heading ""Human Capital""; headcount: ""December 31, 2025, we conducted business around the world, with approximately 26,000 team members living and working in 37 countries."""
GRMN,2025,1,"SEC EDGAR 10-K, Item 1 Human Capital Resources",https://www.sec.gov/Archives/edgar/data/1121788/000119312526056028/grmn-20251227.htm,2026-09-12,"heading ""Human Capital""; headcount: ""As of December 27, 2025, the Company had approximately 23,000 full and part-time employees worldwide, of whom approximately 8,100 were in the Americas"""
GS,2025,1,"SEC EDGAR 10-K, Item 1 Human Capital Resources",https://www.sec.gov/Archives/edgar/data/886982/000088698226000091/gs-20251231.htm,2026-09-12,"heading ""Human Capital""; headcount: "",000 hours of service globally through Community TeamWorks, with approximately 20,000 employees partnering with approximately 700 nonprofit organizations o"""
GWW,2025,3,"SEC EDGAR 10-K, Item 1 Human Capital Resources",https://www.sec.gov/Archives/edgar/data/277135/000027713526000011/gww-20251231.htm,2026-09-12,"heading ""Human Capital""; headcount: ""ber and Workplace Profile As of December 31, 2025, Grainger had approximately 25,000 team members worldwide, of whom approximately 22,100 were full-time and"" | representation_pct: ""Company's Board of Directors is comprised of approximately 33% female and 25% racially and ethnically diverse directors."" | safety: ""was 1.3 and the Company's Lost Time Incident Rate in the U."""
HAL,2025,3,"SEC EDGAR 10-K, Item 1 Human Capital Resources",https://www.sec.gov/Archives/edgar/data/45012/000004501226000015/hal-20251231.htm,2026-09-12,"heading ""Our workforce""; headcount: ""As of December 31, 2025, we employed over 46,000 people worldwide representing 146 nationalities and operated in mo"" | turnover_retention: "", we hired about 6,400 new employees and experienced modest voluntary turnover of 9%."" | union_coverage: ""and operated in more than 70 countries, with approximately 22% of our employees subject to collective bargaining agreements."""
HAS,2025,2,"SEC EDGAR 10-K, Item 1 Human Capital Resources",https://www.sec.gov/Archives/edgar/data/46080/000004608026000011/has-20251228.htm,2026-09-12,"heading ""Human Capital""; headcount: ""Employees In 2025, we employed approximately 4,520 people worldwide, with approximately 58% of our employees in North"" | union_coverage: ""Approximately 2% of our employees globally are covered by unions or collective bargaining agreements."""
HBAN,2025,3,"SEC EDGAR 10-K, Item 1 Human Capital Resources",https://www.sec.gov/Archives/edgar/data/49196/000004919626000015/hban-20251231.htm,2026-09-12,"heading ""Human Capital""; engagement_score: ""In 2025, 85%, 83%, and 83% of colleagues responded favorably on trust, culture, and engagement, respectively."" | headcount: ""Huntington had 20,424 average full-time equivalent colleagues during 2025, whom we encourage to support a shared purpose"" | training: ""During 2025, colleagues at Huntington completed over 500,000 training hours."""
HCA,2025,2,"SEC EDGAR 10-K, Item 1 Human Capital Resources",https://www.sec.gov/Archives/edgar/data/860730/000119312526044769/hca-20251231.htm,2026-09-12,"heading ""Human Capital""; headcount: ""Resources Our workforce consists of approximately 320,000 employees (as of December 31, 2025), including approximatel"" | union_coverage: ""As of December 31, 2025, certain employees at 35 of our domestic hospitals are represented by various labor unions."""
HD,2026,1,"SEC EDGAR 10-K, Item 1 Human Capital Resources",https://www.sec.gov/Archives/edgar/data/354950/000162828026019436/hd-20260201.htm,2026-09-12,"heading ""SUSTAINABILITY AND HUMAN CAPITAL MANAGEMENT""; headcount: ""At the end of fiscal 2025, we employed approximately 472,400 associates, of whom approximately 53,400 were salaried, with the remai"""
HIG,2025,1,"SEC EDGAR 10-K, Item 1 Human Capital Resources",https://www.sec.gov/Archives/edgar/data/874766/000087476626000012/hig-20251231.htm,2026-09-12,"heading ""Human Capital""; headcount: ""Resources The Hartford has approximately 19,200 employees as of December 31, 2025."""
HII,2025,2,"SEC EDGAR 10-K, Item 1 Human Capital Resources",https://www.sec.gov/Archives/edgar/data/1501585/000150158526000006/hii-20251231.htm,2026-09-12,"heading ""Human Capital""; headcount: ""We have approximately 44,000 employees."" | union_coverage: ""Approximately 45% of our employees are covered by a total of 13 collective bargaining agreements."""
HLT,2025,1,"SEC EDGAR 10-K, Item 1 Human Capital Resources",https://www.sec.gov/Archives/edgar/data/1585689/000158568926000007/hlt-20251231.htm,2026-09-12,"heading ""Our People""; headcount: ""Building Opportunities for All As of December 31, 2025, we employed or managed approximately 182,000 individuals at our leased and managed hotels and corporate offices."""
HON,2025,1,"SEC EDGAR 10-K, Item 1 Human Capital Resources",https://www.sec.gov/Archives/edgar/data/773840/000077384026000013/hon-20251231.htm,2026-09-12,"heading ""HUMAN CAPITAL""; headcount: ""As of December 31, 2025, we employed approximately 101,000 EMPLOYEES1 across 79 COUNTRIES ~36,0001 of whom are in the"""
HOOD,2025,1,"SEC EDGAR 10-K, Item 1 Human Capital Resources",https://www.sec.gov/Archives/edgar/data/1783879/000178387926000023/hood-20251231.htm,2026-09-12,"heading ""Human Capital""; headcount: ""As of December 31, 2025, we had approximately 2,900 full-time employees."""
HPE,2025,1,"SEC EDGAR 10-K, Item 1 Human Capital Resources",https://www.sec.gov/Archives/edgar/data/1645590/000164559025000130/hpe-20251031.htm,2026-09-12,"heading ""Human Capital""; headcount: ""Our company strives to be an engine of innovation, and our approximately 67,000 employees as of October 31, 2025, are proud of the ways our technolog"""
HPQ,2025,1,"SEC EDGAR 10-K, Item 1 Human Capital Resources",https://www.sec.gov/Archives/edgar/data/47217/000004721725000071/hpq-20251031.htm,2026-09-12,"heading ""Human Capital""; headcount: ""HP employs approximately 55,000 employees worldwide."""
HRL,2025,2,"SEC EDGAR 10-K, Item 1 Human Capital Resources",https://www.sec.gov/Archives/edgar/data/48465/000004846525000059/hrl-20251026.htm,2026-09-12,"heading ""Human Capital""; headcount: ""As of October 26, 2025, the Company had approximately 20,000 active employees, with over 90 percent located within the U."" | union_coverage: ""At fiscal year end, approximately 20 percent of the Company's employees were covered by collective bargaining agreements."""
HSIC,2025,2,"SEC EDGAR 10-K, Item 1 Human Capital Resources",https://www.sec.gov/Archives/edgar/data/1000228/000100022826000013/hsic-20251227.htm,2026-09-12,"heading ""Employees and Human Capital""; headcount: ""We employ more than 25,000 people, with approximately 48% of our workforce based in the Unite"" | union_coverage: ""Approximately 14% of our employees are subject to collective bargaining agreements."""
HST,2025,3,"SEC EDGAR 10-K, Item 1 Human Capital Resources",https://www.sec.gov/Archives/edgar/data/1070750/000107075026000054/hst-20251231.htm,2026-09-12,"heading ""Human Capital""; headcount: ""Resources As of February 20, 2026, we had 162 employees, all of whom work in the United States."" | representation_pct: ""As of December 31, 2025, our total workforce consists of 45% men and 55% women, with 54% of management positions held by men and 46% of management positions held by women."" | turnover_retention: ""employees is approximately 14 years, and the voluntary and total turnover rates in 2025 were 4% and 5%, respectively."""
HSY,2025,2,"SEC EDGAR 10-K, Item 1 Human Capital Resources",https://www.sec.gov/Archives/edgar/data/47111/000162828026008586/hsy-20251231.htm,2026-09-12,"heading ""Human Capital""; headcount: ""As of December 31, 2025, the Company employed approximately 17,550 full-time and 2,045 part-time employees worldwide."" | union_coverage: ""which is within the United States, comprising approximately 76% of total employees under collective bargaining agreements."""
HUBB,2025,2,"SEC EDGAR 10-K, Item 1 Human Capital Resources",https://www.sec.gov/Archives/edgar/data/48898/000162828026007500/hubb-20251231.htm,2026-09-12,"heading ""Human Capital""; engagement_score: ""In 2025, Hubbell saw continued strong engagement with over 87% of Hubbell's employees participating worldwide."" | headcount: ""As of December 31, 2025, Hubbell had approximately 18,000 salaried and hourly employees of whom approximately 10,900, or 61% are located in the Uni"""
HUM,2025,1,"SEC EDGAR 10-K, Item 1 Human Capital Resources",https://www.sec.gov/Archives/edgar/data/49071/000004907126000009/hum-20251231.htm,2026-09-12,"heading ""Human Capital""; headcount: ""As of December 31, 2025, we had approximately 67,060 associates."""
HWM,2025,1,"SEC EDGAR 10-K, Item 1 Human Capital Resources",https://www.sec.gov/Archives/edgar/data/4281/000000428126000012/hwm-20251231.htm,2026-09-12,"heading ""Human Capital""; headcount: ""The second largest workforce of approximately 730 employees within our Engineered Structures and Forged Wheel"""
IBKR,2025,1,"SEC EDGAR 10-K, Item 1 Human Capital Resources",https://www.sec.gov/Archives/edgar/data/1381197/000138119726000062/ibkr-20251231.htm,2026-09-12,"heading ""Human Capital""; headcount: ""As of December 31, 2025, we had 3,182 employees in 24 cities across 16 countries."""
ICE,2025,2,"SEC EDGAR 10-K, Item 1 Human Capital Resources",https://www.sec.gov/Archives/edgar/data/1571949/000157194926000004/ice-20251231.htm,2026-09-12,"heading ""Human Capital""; headcount: ""Resources Employees As of December 31, 2025, we had a total of 12,844 employees."" | union_coverage: ""Of our total employee base, less than 1% is subject to collective bargaining agreements, and such relations are considered to be good."""
IDXX,2025,2,"SEC EDGAR 10-K, Item 1 Human Capital Resources",https://www.sec.gov/Archives/edgar/data/874716/000087471626000038/idxx-20251231.htm,2026-09-12,"heading ""HUMAN CAPITAL""; headcount: ""As of December 31, 2025, we had approximately 11,000 regular full-time and part-time employees in approximately 34 countries around the world, and men and"" | representation_pct: ""in approximately 34 countries around the world, and men and women represented 41% and 59%, respectively, of our global employee population."""
IEX,2025,2,"SEC EDGAR 10-K, Item 1 Human Capital Resources",https://www.sec.gov/Archives/edgar/data/832101/000083210126000003/iex-20251231.htm,2026-09-12,"heading ""Employees""; headcount: ""At December 31, 2025, the Company had approximately 8,700 employees."" | union_coverage: ""Approximately 4% of its employees are covered by various collective bargaining agreements in the U."""
IFF,2025,1,"SEC EDGAR 10-K, Item 1 Human Capital Resources",https://www.sec.gov/Archives/edgar/data/51253/000005125326000006/iff-20251231.htm,2026-09-12,"heading ""Our People""; headcount: ""As of December 31, 2025, we had approximately 21,500 employees worldwide, of whom approximately 5,500 are employed in the"""
INCY,2025,1,"SEC EDGAR 10-K, Item 1 Human Capital Resources",https://www.sec.gov/Archives/edgar/data/879169/000087916926000010/incy-20251231.htm,2026-09-12,"heading ""Human Capital""; headcount: ""As of December 31, 2025, we had 2,844 employees, representing an increase of approximately 9% over our 2,61"""
INTC,2025,2,"SEC EDGAR 10-K, Item 1 Human Capital Resources",https://www.sec.gov/Archives/edgar/data/50863/000005086326000011/intc-20251227.htm,2026-09-12,"heading ""People""; headcount: ""We invest in our highly skilled workforce, which was comprised of 85,1001 people as of December 27, 2025, by creating practices, prog"" | turnover_retention: ""Our undesired turnover rate2 was 7.9% in 2025 and 5."""
INTU,2026,1,"SEC EDGAR 10-K, Item 1 Human Capital Resources",https://www.sec.gov/Archives/edgar/data/896878/000089687826000037/intu-20260731.htm,2026-09-12,"heading ""HUMAN CAPITAL""; headcount: ""As of July 31, 2026, we had approximately 18,600 employees in seven countries."""
INVH,2025,3,"SEC EDGAR 10-K, Item 1 Human Capital Resources",https://www.sec.gov/Archives/edgar/data/1687229/000168722926000016/invh-20251231.htm,2026-09-12,"heading ""Human Capital""; engagement_score: ""have resulted, and will continue to result, in ongoing high engagement with our associates as evidenced by our strong associate Net Promoter Score of 47 at the end of 2025, compared to a benchmark of 29."" | headcount: ""Human Capital As of December 31, 2025, we had 1,725 dedicated full-time associates, which we supplement with temporary and contract resources"" | safety: ""Our 2025 incident rate was 3.07, compared to 3."""
IP,2025,2,"SEC EDGAR 10-K, Item 1 Human Capital Resources",https://www.sec.gov/Archives/edgar/data/51434/000005143426000055/ip-20251231.htm,2026-09-12,"heading ""HUMAN CAPITAL""; headcount: ""EMPLOYEES As of December 31, 2025, we have approximately 62,602 employees, nearly 30,421 of whom are in the United States."" | representation_pct: ""g Standards (the ""Standards"") Result Further notes At least 40% of the Board are women."""
IQV,2025,2,"SEC EDGAR 10-K, Item 1 Human Capital Resources",https://www.sec.gov/Archives/edgar/data/1478242/000162828026008322/iqv-20251231.htm,2026-09-12,"heading ""Human Capital""; engagement_score: ""ge across our two surveys in 2025, equivalent to an average 84% response rate and maintained employee engagement across the organization."" | headcount: ""Our approximately 93,000 employees drive our vision to power smarter healthcare for everyone,"""
IR,2025,4,"SEC EDGAR 10-K, Item 1 Human Capital Resources",https://www.sec.gov/Archives/edgar/data/1699150/000162828026008617/iri-20251231.htm,2026-09-12,"heading ""Human Capital""; engagement_score: ""In May 2025, our Connections Engagement survey achieved an 88% participation rate, resulting in an engagement score of 81."" | headcount: ""As of December 31, 2025, we had over 21,000 employees, with approximately 6,100 of them working in the United Sta"" | turnover_retention: ""In 2025, the voluntary turnover rate was 8.1% and 7."" | union_coverage: ""of employees outside the United States, while approximately 370 employees in the United States are represented by labor unions."""
IRM,2025,2,"SEC EDGAR 10-K, Item 1 Human Capital Resources",https://www.sec.gov/Archives/edgar/data/1020569/000102056926000013/irm-20251231.htm,2026-09-12,"heading ""HUMAN CAPITAL""; headcount: ""MANAGEMENT EMPLOYEES As of December 31, 2025, we employed approximately 11,700 employees in the United States and approximately 17,700 employees out"" | union_coverage: ""As of December 31, 2025, approximately 400 employees were represented by unions in North America and approximately 1,100 employees were rep"""
ISRG,2025,5,"SEC EDGAR 10-K, Item 1 Human Capital Resources",https://www.sec.gov/Archives/edgar/data/1035267/000103526726000010/isrg-20251231.htm,2026-09-12,"heading ""Human Capital""; engagement_score: ""In 2025, Intuitive achieved a 92% employee engagement score, signaling a strong employee commitment to our missio"" | headcount: ""As of December 31, 2025, we had approximately 17,021 full-time employees, with approximately 2,288 in research and development, 7,62"" | pay_equity: ""The data from our 2025 pay equity audit revealed an adjusted pay gap deviation of approximately 0.5% or less for each gender and race, which we consider to fall"" | representation_pct: ""Currently, five of our 11 Board members (45%) are women, and five of our 11 Board members (45%) self-identify as individuals from underrepresented communities (defined as an individual who self-identifies as Black, African American, Hispanic, Latino, Asian, Pacific Islander, Native American, Native Hawaiian, or Ala"" | turnover_retention: ""During 2025, our turnover rate was approximately 9.3%."""
IT,2025,1,"SEC EDGAR 10-K, Item 1 Human Capital Resources",https://www.sec.gov/Archives/edgar/data/749251/000074925126000112/it-20251231.htm,2026-09-12,"heading ""HUMAN CAPITAL""; headcount: ""At December 31, 2025, we had 20,244 employees globally, 9,994 of which were outside of the U."""
ITW,2025,1,"SEC EDGAR 10-K, Item 1 Human Capital Resources",https://www.sec.gov/Archives/edgar/data/49826/000004982626000008/itw-20251231.htm,2026-09-12,"heading ""Human Capital""; headcount: ""Management As of December 31, 2025, the Company employed approximately 43,000 people, with approximately 16,000 people located in the United States and the remainder in multiple"""
IVZ,2025,0,"SEC EDGAR 10-K, Item 1 Human Capital Resources",https://www.sec.gov/Archives/edgar/data/914208/000091420826000079/ivz-20251231.htm,2026-09-12,"heading ""Corporate Responsibility and Human Capital""; section found, no quantified disclosure type in it"
J,2025,3,"SEC EDGAR 10-K, Item 1 Human Capital Resources",https://www.sec.gov/Archives/edgar/data/52988/000162828025053316/jec-20250926.htm,2026-09-12,"heading ""Our People""; headcount: ""As of September 26, 2025, we had a workforce of approximately 43,000 people worldwide, including a contingent workforce of approximately 1,800 people."" | safety: ""eved another year of zero employee fatalities at work and a total recordable incident rate2 of 0.11, compared to the North American Industry Classification Sys"" | turnover_retention: ""Our voluntary employee turnover rate of 8.2% reflects a strong culture and the commitment of our people."""
JBHT,2025,1,"SEC EDGAR 10-K, Item 1 Human Capital Resources",https://www.sec.gov/Archives/edgar/data/728535/000143774926005294/jbht20251231_10k.htm,2026-09-12,"heading ""Human Capital""; headcount: ""5 As of December 31, 2025, we had 31,750 employees, which consisted of 21,554 company drivers, 8,481 office pe"""
JBL,2025,0,"SEC EDGAR 10-K, Item 1 Human Capital Resources",https://www.sec.gov/Archives/edgar/data/898293/000162828025045293/jbl-20250831.htm,2026-09-12,"heading ""Human Capital""; section found, no quantified disclosure type in it"
JCI,2025,4,"SEC EDGAR 10-K, Item 1 Human Capital Resources",https://www.sec.gov/Archives/edgar/data/833444/000083344425000097/jci-20250930.htm,2026-09-12,"heading ""Human Capital""; headcount: ""tion and Demographics As of September 30, 2025, the Company employed approximately 87,000 people worldwide, of which approximately 31,000 were employed in t"" | safety: ""In fiscal 2025, the Company had a TRIR of 0.34 and a LTIR of 0."" | training: ""The total learning hours consumed by employees was 1.3 million hours, averaging over 17 hours per employee including time invested in formal learning and standard time invested in self-paced reading or video c"" | union_coverage: ""Approximately 18,000 employees are covered by collective bargaining agreements or works councils, and the Company believes that its relations with its labo"""
JKHY,2026,1,"SEC EDGAR 10-K, Item 1 Human Capital Resources",https://www.sec.gov/Archives/edgar/data/779152/000077915226000067/jkhy-20260630.htm,2026-09-12,"heading ""Human Capital""; headcount: ""Our Associates As of June 30, 2026, Jack Henry had approximately 7,300 full-time and part-time associates. Our associates are not covered by a collective bargaining agreement and th"""
JNJ,2025,2,"SEC EDGAR 10-K, Item 1 Human Capital Resources",https://www.sec.gov/Archives/edgar/data/200406/000020040626000016/jnj-20251228.htm,2026-09-12,"heading ""Employees and human capital management""; headcount: ""s was approximately: 2025 2024 Employees(1) 140,800 139,800 Full-time equivalent (FTE) positions(2) 138,200 138,100 (1)""Employee"" is defined as an individual working f"" | turnover_retention: ""In 2025, the Company's voluntary turnover rate was 5.8%."""
JPM,2025,2,"SEC EDGAR 10-K, Item 1 Human Capital Resources",https://www.sec.gov/Archives/edgar/data/19617/000162828026008131/jpm-20251231.htm,2026-09-12,"heading ""Human capital""; headcount: ""Global workforce As of December 31, 2025, JPMorganChase had 318,512 employees globally."" | representation_pct: ""evel employees(e) Operating Committee Board of Directors(f) Race/Ethnicity:(a) White 42 % 74 % 100 % 82 % Hispanic 22 % 6 % - % - % Asian 20 % 14 % - % - % Black 13 % 5 % - % 18 % Other(b) 3 % 1 % - % - % Gender:(c) Men 52 % 71 % 46 % 45 %"""
KDP,2025,2,"SEC EDGAR 10-K, Item 1 Human Capital Resources",https://www.sec.gov/Archives/edgar/data/1418135/000141813526000016/kdp-20251231.htm,2026-09-12,"heading ""HUMAN CAPITAL""; headcount: ""RESOURCES Our Employees We have approximately 30,600 employees, primarily located in North America."" | union_coverage: "", we have approximately 23,200 employees, of which approximately 5,700 employees are covered by union collective bargaining agreements."""
KEY,2025,2,"SEC EDGAR 10-K, Item 1 Human Capital Resources",https://www.sec.gov/Archives/edgar/data/91576/000162828026010546/key-20251231.htm,2026-09-12,"heading ""Human Capital""; headcount: ""Key's Workforce Key had an average of 17,226 full time equivalent employees in 2025."" | turnover_retention: ""Key's annualized rate for voluntary turnover as of December 31, 2025, was 12.7%, lower than our annualized voluntary turnover rate for 2024"""
KEYS,2025,2,"SEC EDGAR 10-K, Item 1 Human Capital Resources",https://www.sec.gov/Archives/edgar/data/1601046/000160104625000127/keys-20251031.htm,2026-09-12,"heading ""Human Capital""; headcount: ""As of October 31, 2025, Keysight employed approximately 16,800 people worldwide."" | turnover_retention: ""Our three-year average employee turnover rate was approximately 6.2 percent."""
KHC,2025,2,"SEC EDGAR 10-K, Item 1 Human Capital Resources",https://www.sec.gov/Archives/edgar/data/1637459/000163745926000009/khc-20251227.htm,2026-09-12,"heading ""Human Capital""; headcount: ""As of December 27, 2025, Kraft Heinz had approximately 35,000 employees globally based in 40 countries, of whom approximately 16,00"" | safety: ""Our TRIR globally was 0.40 in 2025 and 0."""
KIM,2025,1,"SEC EDGAR 10-K, Item 1 Human Capital Resources",https://www.sec.gov/Archives/edgar/data/879101/000119312526060760/kim-20251231.htm,2026-09-12,"heading ""Human Capital""; headcount: ""As of December 31, 2025, a total of 710 persons were employed by the Company, of which 32% were located in"""
KKR,2025,1,"SEC EDGAR 10-K, Item 1 Human Capital Resources",https://www.sec.gov/Archives/edgar/data/1404912/000140491226000007/kkr-20251231.htm,2026-09-12,"heading ""Human Capital""; headcount: ""As of December 31, 2025, we employed 5,043 people worldwide(1): Asset Management 2,705"""
KLAC,2026,3,"SEC EDGAR 10-K, Item 1 Human Capital Resources",https://www.sec.gov/Archives/edgar/data/319201/000031920126000027/klac-20260630.htm,2026-09-12,"heading ""Human Capital""; engagement_score: ""e Eastern countries and 50% in Asia, with approximately 21% engaged in manufacturing, 27% in R&D, 27% in customer service, 4% in sales and marketing and 21% in other roles."" | headcount: ""Our Workforce As of June 30, 2026, we had approximately 17,000 regular full-time employees and approximately 200 part-time and temporary employees in"" | turnover_retention: ""In fiscal year 2026, our overall employee voluntary turnover rate was under 3.4%."""
KMB,2025,1,"SEC EDGAR 10-K, Item 1 Human Capital Resources",https://www.sec.gov/Archives/edgar/data/55785/000162828026007567/kmb-20251231.htm,2026-09-12,"heading ""Human Capital""; headcount: ""Management As of December 31, 2025, we had approximately 36,000 employees in our consolidated operations, including employees of our"""
KMI,2025,3,"SEC EDGAR 10-K, Item 1 Human Capital Resources",https://www.sec.gov/Archives/edgar/data/1506307/000150630726000011/kmi-20251231.htm,2026-09-12,"heading ""Human Capital""; headcount: ""We employed 11,028 full-time personnel at December 31, 2025, including approximately 867 full-time"" | safety: ""Company-wide TRIR(a) Outperform the annual industry average total recordable incident rate (TRIR) 0.9 Outperform our own three-year TRIR average (a)TRIR is an OS"" | union_coverage: ""ime personnel at December 31, 2025, including approximately 867 full-time hourly personnel at certain terminals and pipelines covered by collective bargaining agreements that expire between 2026 and 2029."""
KO,2025,2,"SEC EDGAR 10-K, Item 1 Human Capital Resources",https://www.sec.gov/Archives/edgar/data/21344/000162828026010047/ko-20251231.htm,2026-09-12,"heading ""Human Capital""; headcount: ""As of December 31, 2025 and 2024, our Company had approximately 65,900 and 69,700 employees, respectively, of which approximately 8,900 were located in"" | union_coverage: ""As of December 31, 2025, approximately 400 employees in North America were covered by collective bargaining agreements."""
KR,2026,2,"SEC EDGAR 10-K, Item 1 Human Capital Resources",https://www.sec.gov/Archives/edgar/data/56873/000110465926037723/kr-20260131x10k.htm,2026-09-12,"heading ""HUMAN CAPITAL""; headcount: ""As of January 31, 2026, Kroger employed more than 403,000 full- and part-time employees. Our people are essential to our success, and we focus intentionally on"" | training: ""In 2025, we spent approximately $183 million on training our associates through onboarding, leadership development programs and programs designed to upskill associates across the Comp"""
KVUE,2025,1,"SEC EDGAR 10-K, Item 1 Human Capital Resources",https://www.sec.gov/Archives/edgar/data/1944048/000194404826000030/kvue-20251228.htm,2026-09-12,"heading ""Human Capital""; headcount: ""Our People As of December 28, 2025, we had approximately 22,000 employees, with approximately 23% located in North America, 28% in EM"""
L,2025,1,"SEC EDGAR 10-K, Item 1 Human Capital Resources",https://www.sec.gov/Archives/edgar/data/60086/000006008626000008/l-20251231.htm,2026-09-12,"heading ""HUMAN CAPITAL""; headcount: ""Including our consolidated subsidiaries, we employed approximately 13,100 persons at December 31, 2025."""
LDOS,2026,1,"SEC EDGAR 10-K, Item 1 Human Capital Resources",https://www.sec.gov/Archives/edgar/data/1336920/000133692026000030/ldos-20260102.htm,2026-09-12,"heading ""HUMAN CAPITAL""; headcount: ""As of January 2, 2026, we employed approximately 47,000 full and part-time employees of whom approximately 41,900 are located in the United Stat"""
LEN,2025,1,"SEC EDGAR 10-K, Item 1 Human Capital Resources",https://www.sec.gov/Archives/edgar/data/920760/000162828026003870/len-20251130.htm,2026-09-12,"heading ""Human Capital""; headcount: ""At November 30, 2025, we employed 12,532 individuals of whom 10,182 were involved in the Homebuilding operations"""
LH,2025,2,"SEC EDGAR 10-K, Item 1 Human Capital Resources",https://www.sec.gov/Archives/edgar/data/920148/000092014826000111/lh-20251231.htm,2026-09-12,"heading ""Human Capital""; representation_pct: ""Approximately 71% of the Company's employees globally are women."" | union_coverage: ""Approximately 3% of the Company's global workforce is employed under a collective bargaining agreement."""
LHX,2026,1,"SEC EDGAR 10-K, Item 1 Human Capital Resources",https://www.sec.gov/Archives/edgar/data/202058/000020205826000015/hrs-20260102.htm,2026-09-12,"heading ""Human Capital""; headcount: ""We had approximately 45,000 employees as of January 2, 2026, including approximately 18,000 engin"""
LII,2025,2,"SEC EDGAR 10-K, Item 1 Human Capital Resources",https://www.sec.gov/Archives/edgar/data/1069202/000106920226000028/lii-20251231.htm,2026-09-12,"heading ""Human Capital""; headcount: ""As of December 31, 2025, we employed approximately 12,900 people, primarily in the U."" | union_coverage: ""Approximately 3,400 of our employees, including international locations, are represented by unions."""
LIN,2025,2,"SEC EDGAR 10-K, Item 1 Human Capital Resources",https://www.sec.gov/Archives/edgar/data/1707925/000162828026011430/lin-20251231.htm,2026-09-12,"heading ""Employees""; headcount: ""As of December 31, 2025, Linde had 65,177 employees worldwide comprised of approximately 28 percent women and 7"" | representation_pct: ""e had 65,177 employees worldwide comprised of approximately 28 percent women and 72 percent men."""
LITE,2026,2,"SEC EDGAR 10-K, Item 1 Human Capital Resources",https://www.sec.gov/Archives/edgar/data/1633978/000162828026057358/lite-20260627.htm,2026-09-12,"heading ""Human Capital""; headcount: ""Resources As of June 27, 2026, we employed approximately 13,757 full-time employees, including approximately 11,916 employees in manufacturing, 1,085 employees in R&D and 756 employees"" | union_coverage: ""Of the 13,757 employees, approximately 1% are represented by two national collective bargaining agreements with local chapters in Slovenia and two labor un"""
LLY,2025,1,"SEC EDGAR 10-K, Item 1 Human Capital Resources",https://www.sec.gov/Archives/edgar/data/59478/000005947826000013/lly-20251231.htm,2026-09-12,"heading ""Human Capital Management""; headcount: ""At the end of 2025, we employed approximately 50,000 people, including approximately 27,000 employees outside the U."""
LMT,2025,2,"SEC EDGAR 10-K, Item 1 Human Capital Resources",https://www.sec.gov/Archives/edgar/data/936468/000162828026004195/lmt-20251231.htm,2026-09-12,"heading ""Human Capital""; headcount: ""As of December 31, 2025, we had a highly skilled workforce made up of approximately 123,000 employees, including approximately 72,000 engineers, scient"" | union_coverage: ""and approximately 19% of our employees were covered by collective bargaining agreements with various unions."""
LNT,2025,0,"SEC EDGAR 10-K, Item 1 Human Capital Resources",https://www.sec.gov/Archives/edgar/data/352541/000035254126000007/lnt-20251231.htm,2026-09-12,"heading ""HUMAN CAPITAL""; section found, no quantified disclosure type in it"
LOW,2026,2,"SEC EDGAR 10-K, Item 1 Human Capital Resources",https://www.sec.gov/Archives/edgar/data/60667/000006066726000029/low-20260130.htm,2026-09-12,"heading ""Human Capital""; engagement_score: ""In fiscal 2025, more than 90% of our associates participated in our survey, and our people leaders use the feedback to improve our ass"" | headcount: ""Table of Contents Our People As of January 30, 2026, Lowe's employed approximately 167,000 full-time associates and 109,000 part-time associates, primarily in the United States and India."""
LRCX,2026,1,"SEC EDGAR 10-K, Item 1 Human Capital Resources",https://www.sec.gov/Archives/edgar/data/707549/000070754926000037/lrcx-20260628.htm,2026-09-12,"heading ""Human Capital""; headcount: ""As of August 4, 2026, we had approximately 23,300 regular full-time employees, of which over 26% were engaged in research and development"""
LULU,2026,1,"SEC EDGAR 10-K, Item 1 Human Capital Resources",https://www.sec.gov/Archives/edgar/data/1397187/000139718726000020/lulu-20260201.htm,2026-09-12,"heading ""Human Capital""; headcount: ""7 Table of Contents As of February 1, 2026, we had approximately 39,000 employees worldwide."""
LUV,2025,2,"SEC EDGAR 10-K, Item 1 Human Capital Resources",https://www.sec.gov/Archives/edgar/data/92380/000009238026000004/luv-20251231.htm,2026-09-12,"heading ""Human Capital""; headcount: ""Resources Employees As of December 31, 2025, the Company had 72,790 active full-time equivalent Employees, consisting of 32,214 air operations (including Pilots, Fli"" | union_coverage: ""Labor Union Activity Approximately 84 percent of Company Employees as of December 31, 2025, were represented by labor unions."""
LVS,2025,2,"SEC EDGAR 10-K, Item 1 Human Capital Resources",https://www.sec.gov/Archives/edgar/data/1300514/000130051426000013/lvs-20251231.htm,2026-09-12,"heading ""Human Capital""; headcount: ""Talent Management We directly employ approximately 41,500 employees worldwide, including approximately 41,000 full-time employe"" | representation_pct: ""Of our full-time employees, approximately 49% are female."""
LYB,2025,2,"SEC EDGAR 10-K, Item 1 Human Capital Resources",https://www.sec.gov/Archives/edgar/data/1489393/000148939326000012/lyb-20251231.htm,2026-09-12,"heading ""Human Capital""; headcount: ""Demographics-As of December 31, 2025, we had approximately 18,970 employees, a decrease of approximately 7% when compared to 2024, driv"" | representation_pct: ""We currently have an aspirational goal to have at least 33% male senior leaders and at least 33% female senior leaders, globally, by 2032."""
LYV,2025,1,"SEC EDGAR 10-K, Item 1 Human Capital Resources",https://www.sec.gov/Archives/edgar/data/1335258/000133525826000009/lyv-20251231.htm,2026-09-12,"heading ""Our People""; headcount: ""As of December 31, 2025, we had approximately 17,700 full-time employees."""
MA,2025,2,"SEC EDGAR 10-K, Item 1 Human Capital Resources",https://www.sec.gov/Archives/edgar/data/1141391/000114139126000013/ma-20251231.htm,2026-09-12,"heading ""Our People""; headcount: ""As of December 31, 2025, we employed approximately 39,800 persons globally, of which approximately 70% were employed outside"" | turnover_retention: ""Our voluntary workforce turnover (rolling 12-month attrition) was approximately 6% as of December 31, 2025."""
MAA,2025,2,"SEC EDGAR 10-K, Item 1 Human Capital Resources",https://www.sec.gov/Archives/edgar/data/912595/000119312526041208/maa-20251231.htm,2026-09-12,"heading ""Human Capital""; headcount: ""As of December 31, 2025, we employed 2,507 associates. Our associates' time, energy, creativity and passion are essential to our"" | representation_pct: ""As of December 31, 2025, ethnic/cultural minorities represented approximately 55% of our workforce, 44% of our collective corporate, regional and property leadership positions and 49% of our associates promoted during the year ended December 3"""
MAR,2025,1,"SEC EDGAR 10-K, Item 1 Human Capital Resources",https://www.sec.gov/Archives/edgar/data/1048286/000104828626000007/mar-20251231.htm,2026-09-12,"heading ""Human Capital""; headcount: ""rs, and above-property operations, as well as approximately 266,000 associates who are employed by our hotel owners but whose employment is managed by Marr"""
MAS,2025,1,"SEC EDGAR 10-K, Item 1 Human Capital Resources",https://www.sec.gov/Archives/edgar/data/62996/000006299626000005/mas-20251231.htm,2026-09-12,"heading ""Human Capital""; headcount: ""At December 31, 2025, we employed approximately 18,000 people."""
MCD,2025,1,"SEC EDGAR 10-K, Item 1 Human Capital Resources",https://www.sec.gov/Archives/edgar/data/63908/000006390826000035/mcd-20251231.htm,2026-09-12,"heading ""HUMAN CAPITAL""; headcount: ""People Company employees, which include those in the Company's corporate and other offices as well as in Company-owned and operated restaurants, totaled over 150,000 worldwide as of year-end 2025, of which approximately 70% w"""
MCHP,2026,1,"SEC EDGAR 10-K, Item 1 Human Capital Resources",https://www.sec.gov/Archives/edgar/data/827054/000082705426000016/mchp-20260331.htm,2026-09-12,"heading ""Human Capital""; headcount: ""ources Our Employees We invest in our highly-skilled global workforce of approximately 17,900 people in accordance with our Guiding Value: employees are"""
MCK,2026,1,"SEC EDGAR 10-K, Item 1 Human Capital Resources",https://www.sec.gov/Archives/edgar/data/927653/000092765326000069/mck-20260331.htm,2026-09-12,"heading ""Human Capital""; headcount: ""As of March 31, 2026, we had more than 43,000 employees worldwide, which includes 1,400 part-time employees."""
MCO,2025,1,"SEC EDGAR 10-K, Item 1 Human Capital Resources",https://www.sec.gov/Archives/edgar/data/1059556/000162828026009136/mco-20251231.htm,2026-09-12,"heading ""HUMAN CAPITAL""; headcount: ""These groups are open to all Moody's employees, with more than 5,300 employees participating globally as of December 31, 2025."""
MDLZ,2025,4,"SEC EDGAR 10-K, Item 1 Human Capital Resources",https://www.sec.gov/Archives/edgar/data/1103982/000162828026005345/mdlz-20251231.htm,2026-09-12,"heading ""Human Capital""; headcount: ""Workforce Profile: At December 31, 2025, we had approximately 91,000 employees."" | pay_equity: ""From this analysis, our pay gap between male and female employees was less than 1% when performing substantially similar work at Mondelēz."" | representation_pct: ""From this analysis, our pay gap between male and female employees was less than 1% when performing substantially similar work at Mondelēz."" | union_coverage: ""side the United States, with employees represented by labor unions or workers' councils representing approximately 22% of our U."""
MDT,2026,4,"SEC EDGAR 10-K, Item 1 Human Capital Resources",https://www.sec.gov/Archives/edgar/data/1613103/000162828026044354/mdt-20260424.htm,2026-09-12,"heading ""HUMAN CAPITAL""; engagement_score: ""nt survey ending in the fourth quarter of fiscal year 2026, 87% of our employees responded."" | headcount: ""Medtronic has over 95,000 full-time employees, of which 43% are based in the U."" | pay_equity: ""ed period available, in the United States, we have achieved 100% pay equity for gender and ethnically diverse employees."" | representation_pct: ""ed period available, in the United States, we have achieved 100% pay equity for gender and ethnically diverse employees."""
MET,2025,1,"SEC EDGAR 10-K, Item 1 Human Capital Resources",https://www.sec.gov/Archives/edgar/data/1099219/000109921926000013/met-20251231.htm,2026-09-12,"heading ""Human Capital""; headcount: ""Resources At December 31, 2025, we had approximately 46,000 employees."""
META,2025,1,"SEC EDGAR 10-K, Item 1 Human Capital Resources",https://www.sec.gov/Archives/edgar/data/1326801/000162828026003942/meta-20251231.htm,2026-09-12,"heading ""Human Capital""; headcount: ""We had a global workforce of 78,865 employees as of December 31, 2025, and we have offices in m"""
MGM,2025,1,"SEC EDGAR 10-K, Item 1 Human Capital Resources",https://www.sec.gov/Archives/edgar/data/789570/000078957026000018/mgm-20251231.htm,2026-09-12,"heading ""Human Capital""; headcount: ""Employees and Labor Relations As of December 31, 2025, we had approximately 44,000 full-time and 18,000 part-time employees in the U."""
MKC,2025,2,"SEC EDGAR 10-K, Item 1 Human Capital Resources",https://www.sec.gov/Archives/edgar/data/63754/000006375426000037/mkc-20251130.htm,2026-09-12,"heading ""Human Capital""; headcount: ""As of November 30, 2025, we had approximately 14,100 full-time employees worldwide."" | union_coverage: ""In the United States, approximately 400 employees are covered by a collective bargaining contract and at our subsidiaries outside the U."""
MLM,2025,2,"SEC EDGAR 10-K, Item 1 Human Capital Resources",https://www.sec.gov/Archives/edgar/data/916076/000119312526059193/mlm-20251231.htm,2026-09-12,"heading ""Human Capital""; headcount: ""Resources As of January 31, 2026, the Company has approximately 9,600 employees, of which approximately 7,100 are hourly employees and appr"" | union_coverage: ""Approximately 1,200 hourly employees (13% of the Company's employees) are represented by labor unions, representing 13% of the Building Materials business' hour"""
MMM,2025,1,"SEC EDGAR 10-K, Item 1 Human Capital Resources",https://www.sec.gov/Archives/edgar/data/66740/000006674026000014/mmm-20251231.htm,2026-09-12,"heading ""Human Capital""; headcount: ""On December 31, 2025, the Company employed approximately 60,500 people (full-time equivalents), with approximately 22,500 employed"""
MNST,2025,1,"SEC EDGAR 10-K, Item 1 Human Capital Resources",https://www.sec.gov/Archives/edgar/data/865752/000110465926020831/mnst-20251231x10k.htm,2026-09-12,"heading ""Human Capital""; headcount: ""As of December 31, 2025, we have employees in 80 countries, with a total of 6,891 employees working worldwide."""
MO,2025,0,"SEC EDGAR 10-K, Item 1 Human Capital Resources",https://www.sec.gov/Archives/edgar/data/764180/000076418026000017/mo-20251231.htm,2026-09-12,"heading ""Supply Chain Human Capital Matters""; section found, no quantified disclosure type in it"
MOS,2025,2,"SEC EDGAR 10-K, Item 1 Human Capital Resources",https://www.sec.gov/Archives/edgar/data/1285785/000128578526000017/mos-20251231.htm,2026-09-12,"heading ""Employees""; headcount: ""We had 13,249 employees as of December 31, 2025, consisting of approximately 9,914"" | representation_pct: ""5% outliers, both men and women, who did not have adequate business justifications that wil"""
MPC,2025,2,"SEC EDGAR 10-K, Item 1 Human Capital Resources",https://www.sec.gov/Archives/edgar/data/1510295/000151029526000009/mpc-20251231.htm,2026-09-12,"heading ""HUMAN CAPITAL""; headcount: ""Employee Profile As of December 31, 2025, we employed approximately 18,500 people in full-time and part-time roles."" | union_coverage: ""Approximately 3,800 of our employees are covered by collective bargaining agreements."""
MPWR,2025,1,"SEC EDGAR 10-K, Item 1 Human Capital Resources",https://www.sec.gov/Archives/edgar/data/1280452/000143774926006113/mpwr20251231_10k.htm,2026-09-12,"heading ""Human Capital""; headcount: ""As of December 31, 2025, we employed 4,501 employees in various locations in Asia, Europe and the U."""
MRK,2025,3,"SEC EDGAR 10-K, Item 1 Human Capital Resources",https://www.sec.gov/Archives/edgar/data/310158/000031015826000063/mrk-20251231.htm,2026-09-12,"heading ""Human Capital""; headcount: ""As of December 31, 2025, the Company had approximately 75,000 employees worldwide, including approximately 30,000 people in the U."" | turnover_retention: ""For 2025, the voluntary turnover rate was approximately 4.8%."" | union_coverage: ""Approximately 21% of employees worldwide are covered by collective bargaining agreements."""
MRNA,2025,3,"SEC EDGAR 10-K, Item 1 Human Capital Resources",https://www.sec.gov/Archives/edgar/data/1682852/000168285226000033/mrna-20251231.htm,2026-09-12,"heading ""HUMAN CAPITAL""; headcount: ""We had approximately 4,700 full-time employees in 18 countries as of December 31, 2025."" | representation_pct: ""Among our employees, as of December 31, 2025, 49% are female."" | turnover_retention: ""In 2025, our voluntary turnover rate was approximately 11%."""
MRSH,2025,1,"SEC EDGAR 10-K, Item 1 Human Capital Resources",https://www.sec.gov/Archives/edgar/data/62709/000006270926000022/mrsh-20251231.htm,2026-09-12,"heading ""HUMAN CAPITAL""; headcount: ""ber 31, 2025, the Company and its consolidated subsidiaries employed more than 95,000 colleagues worldwide, including approximately 55,700 in Risk and Insur"""
MRVL,2026,2,"SEC EDGAR 10-K, Item 1 Human Capital Resources",https://www.sec.gov/Archives/edgar/data/1835632/000183563226000011/mrvl-20260131.htm,2026-09-12,"heading ""Human Capital""; headcount: ""The Company employed 7,480 people as of January 31, 2026."" | turnover_retention: ""Our global voluntary turnover rate for fiscal 2026 was approximately 7%."""
MS,2025,3,"SEC EDGAR 10-K, Item 1 Human Capital Resources",https://www.sec.gov/Archives/edgar/data/895421/000089542126000086/ms-20251231.htm,2026-09-12,"heading ""Human Capital""; engagement_score: ""hy (thousands) Americas 54 Asia 19 EMEA 10 Culture Employee engagement1 % Proud to work at Morgan Stanley 93 % Employee Representatio"" | headcount: ""As of December 31, 2025, we had approximately 83 thousand employees across 42 countries, whom we depend upon to drive the value"" | representation_pct: ""roud to work at Morgan Stanley 93 % Employee Representation Global gender representation % Women 40 % % Women officer2 30 % U.S. ethnic diversity representation % Ethnically diverse3 36 % % Ethnically diverse officer2,3 29 % Retention Voluntary at"""
MSCI,2025,2,"SEC EDGAR 10-K, Item 1 Human Capital Resources",https://www.sec.gov/Archives/edgar/data/1408198/000140819826000011/msci-20251231.htm,2026-09-12,"heading ""Human Capital""; headcount: ""As of December 31, 2025, we employed 6,268 people, of which 51% of MSCI employees were located in the Asia Pa"" | turnover_retention: ""For the one-year period ended December 31, 2025, voluntary turnover was 7% and involuntary turnover was 5%."""
MSFT,2026,1,"SEC EDGAR 10-K, Item 1 Human Capital Resources",https://www.sec.gov/Archives/edgar/data/789019/000119312526323660/msft-20260630.htm,2026-09-12,"heading ""HUMAN CAPITAL""; headcount: ""RESOURCES As of June 30, 2026, we employed approximately 223,000 people on a full-time basis, 121,000 in the U."""
MSI,2025,1,"SEC EDGAR 10-K, Item 1 Human Capital Resources",https://www.sec.gov/Archives/edgar/data/68505/000006850526000010/msi-20251231.htm,2026-09-12,"heading ""Human Capital Management""; headcount: ""As of December 31, 2025, we employed approximately 23,000 people globally, with 51% in the North America region and 49% in t"""
MTB,2025,2,"SEC EDGAR 10-K, Item 1 Human Capital Resources",https://www.sec.gov/Archives/edgar/data/36270/000003627026000010/mtb-20251231.htm,2026-09-12,"heading ""Human Capital Resources""; engagement_score: ""The Company conducts ""Annual Engagement Surveys,"" with average participation rates around 90%, demonstrating a commitment to fostering candid, open and h"" | headcount: ""As of December 31, 2025, the Company employed 21,839 full-time and 439 part-time employees."""
MTD,2025,3,"SEC EDGAR 10-K, Item 1 Human Capital Resources",https://www.sec.gov/Archives/edgar/data/1037646/000103764626000011/mtd-20251231.htm,2026-09-12,"heading ""Employees""; headcount: ""Our total global workforce was approximately 18,100, consisting of 16,600 employees and 1,500 temporary personnel, as of December 31, 2025, and includes approximately 6,200 in Europe, 5,200 in North and South America, and 6,700 in A"" | representation_pct: ""As of December 31, 2025, approximately 36% of our global employee headcount was female, with approximately 30% holding management positions."" | union_coverage: ""Approximately 9,500 employees are represented by collective bargaining or another arrangement organized to represent employee inte"""
MU,2025,1,"SEC EDGAR 10-K, Item 1 Human Capital Resources",https://www.sec.gov/Archives/edgar/data/723125/000072312525000028/mu-20250828.htm,2026-09-12,"heading ""Human Capital""; headcount: ""As of August 28, 2025, we had approximately 53,000 employees located primarily in Asia, North America, and Europe."""
NCLH,2025,1,"SEC EDGAR 10-K, Item 1 Human Capital Resources",https://www.sec.gov/Archives/edgar/data/1513761/000110465926022067/nclh-20251231x10k.htm,2026-09-12,"heading ""Human Capital""; headcount: ""Team Members As of December 31, 2025, we employed approximately 5,300 full-time employees worldwide in our shoreside operations and approximately 39,"""
NDAQ,2025,3,"SEC EDGAR 10-K, Item 1 Human Capital Resources",https://www.sec.gov/Archives/edgar/data/1120193/000162828026007703/ndaq-20251231.htm,2026-09-12,"heading ""HUMAN CAPITAL""; engagement_score: ""a 94% participation rate, reached its record high rating of 81% favorable, with 14% neutral, placing us in the top 10% of tech compan"" | headcount: ""As of December 31, 2025, Nasdaq had 9,525 full and part- time employees, including employees of non-wholly owned consolidated subsi"" | representation_pct: ""Workplace Demographics Our global female employee base in 2025 was approximately 36%. Our minority representation in the U.S., which includes Asian, Black/African American, Hispanic/Latino, Multiracial, Native American, Native Hawaiian, and Pacific Islander employees, was approximately 33% in 2025."""
NDSN,2025,1,"SEC EDGAR 10-K, Item 1 Human Capital Resources",https://www.sec.gov/Archives/edgar/data/72331/000007233125000144/ndsn-20251031.htm,2026-09-12,"heading ""Human Capital""; headcount: ""Resources Employee Profile As of October 31, 2025, we had approximately 8,000 employees."""
NEE,2025,1,"SEC EDGAR 10-K, Item 1 Human Capital Resources",https://www.sec.gov/Archives/edgar/data/753308/000075330826000015/nee-20251231.htm,2026-09-12,"heading ""NEER HUMAN CAPITAL""; headcount: ""NEER had approximately 7,900 employees as of December 31, 2025."""
NEM,2025,3,"SEC EDGAR 10-K, Item 1 Human Capital Resources",https://www.sec.gov/Archives/edgar/data/1164727/000116472726000010/nem-20251231.htm,2026-09-12,"heading ""Our People""; headcount: ""At December 31, 2025, approximately 17,500 people were employed by Newmont and Newmont subsidiaries, and approximately 26,6"" | representation_pct: ""cutive directors and one executive director) with more than 55% of the independent directors with a form of ethnic or gender diversity to the Board of Directors, with 36% female representation among independent directors."" | union_coverage: ""Additionally, at December 31, 2025, approximately 27% of our workforce were members of a union or participated in collective bargaining."""
NFLX,2025,1,"SEC EDGAR 10-K, Item 1 Human Capital Resources",https://www.sec.gov/Archives/edgar/data/1065280/000106528026000034/nflx-20251231.htm,2026-09-12,"heading ""HUMAN CAPITAL""; headcount: ""As of December 31, 2025, we had approximately 16,000 full-time employees."""
NI,2025,2,"SEC EDGAR 10-K, Item 1 Human Capital Resources",https://www.sec.gov/Archives/edgar/data/1111711/000111171126000027/nix-20251231.htm,2026-09-12,"heading ""Human Capital""; headcount: ""As of December 31, 2025, we had 7,668 full-time and 70 part-time active employees (i."" | union_coverage: ""Of our total workforce, 32% were subject to collective bargaining agreements with various labor unions."""
NKE,2026,1,"SEC EDGAR 10-K, Item 1 Human Capital Resources",https://www.sec.gov/Archives/edgar/data/320187/000032018726000088/nke-20260531.htm,2026-09-12,"heading ""HUMAN CAPITAL""; headcount: ""EMPLOYEE BASE As of May 31, 2026, we had approximately 73,000 employees worldwide, including retail and part-time employees."""
NOC,2025,1,"SEC EDGAR 10-K, Item 1 Human Capital Resources",https://www.sec.gov/Archives/edgar/data/1133421/000113342126000003/noc-20251231.htm,2026-09-12,"heading ""HUMAN CAPITAL""; headcount: "",500 new employees in 2025, and as of December 31, 2025, we have approximately 95,000 employees."""
NOW,2025,1,"SEC EDGAR 10-K, Item 1 Human Capital Resources",https://www.sec.gov/Archives/edgar/data/1373715/000137371526000007/now-20251231.htm,2026-09-12,"heading ""Human Capital""; headcount: ""20 Table of Contents Part I Workforce Metrics As of December 31, 2025, we employed: 29,187 EMPLOYEES on a full-time basis 14,601 of whom are in the Un"""
NRG,2025,2,"SEC EDGAR 10-K, Item 1 Human Capital Resources",https://www.sec.gov/Archives/edgar/data/1013871/000101387126000004/nrg-20251231.htm,2026-09-12,"heading ""Human Capital""; headcount: ""of December 31, 2025, NRG and its consolidated subsidiaries had 16,702 employees, including 7,929 active smart home direct sales and install"" | safety: ""ured against relevant, industry-specific benchmarks, with a recordable injury rate of 2.07 compared to the Bureau of Labor Statistics median of 2."""
NSC,2025,2,"SEC EDGAR 10-K, Item 1 Human Capital Resources",https://www.sec.gov/Archives/edgar/data/702165/000162828026006268/nsc-20251231.htm,2026-09-12,"heading ""HUMAN CAPITAL""; headcount: ""MANAGEMENT Workforce - We employed an average of 19,400 employees during 2025 and 19,300 employees at the end of 2025."" | union_coverage: ""Approximately 80% of our railroad employees are covered by collective bargaining agreements with various labor unions and referred to as ""cr"""
NTAP,2026,1,"SEC EDGAR 10-K, Item 1 Human Capital Resources",https://www.sec.gov/Archives/edgar/data/1002047/000119312526259683/ntap-20260424.htm,2026-09-12,"heading ""Human Capital""; headcount: ""Employees As of April 24, 2026, we had approximately 11,700 employees worldwide. None of our employees are represented by a labor union and we consider relations"""
NTRS,2025,2,"SEC EDGAR 10-K, Item 1 Human Capital Resources",https://www.sec.gov/Archives/edgar/data/73124/000007312426000016/ntrs-20251231.htm,2026-09-12,"heading ""Human Capital""; engagement_score: ""In 2025, over 87% of our employees participated in our annual employee engagement survey which is a crucial tool for understanding and meetin"" | headcount: ""Northern Trust employed approximately 23,800 full-time equivalent employees as of December 31, 2025."""
NUE,2025,3,"SEC EDGAR 10-K, Item 1 Human Capital Resources",https://www.sec.gov/Archives/edgar/data/73309/000119312526071575/nue-20251231.htm,2026-09-12,"heading ""Human Capital""; engagement_score: ""recent survey, we had a 93% participation rate and teammate satisfaction with Nucor as a place to work remained high at 85%."" | headcount: ""Resources We employ approximately 33,000 teammates."" | safety: ""In 2025, we achieved an annual Injury/Illness Rate of 0.71, the lowest injury and illness rate in our history, marking"""
NVDA,2026,2,"SEC EDGAR 10-K, Item 1 Human Capital Resources",https://www.sec.gov/Archives/edgar/data/1045810/000104581026000021/nvda-20260125.htm,2026-09-12,"heading ""Human Capital""; headcount: ""Management As of the end of fiscal year 2026, we had approximately 42,000 employees in 38 countries; 31,000 were engaged in research and develo"" | turnover_retention: ""In fiscal year 2026, our turnover rate was 3.7 percent."""
NVR,2025,1,"SEC EDGAR 10-K, Item 1 Human Capital Resources",https://www.sec.gov/Archives/edgar/data/906163/000090616326000018/nvr-20251231.htm,2026-09-12,"heading ""Human Capital""; headcount: ""As of December 31, 2025, we had approximately 6,300 full time employees, of whom approximately 5,320 worked in our homebuilding ope"""
NWS,2026,1,"SEC EDGAR 10-K, Item 1 Human Capital Resources",https://www.sec.gov/Archives/edgar/data/1564708/000156470826000175/nws-20260630.htm,2026-09-12,"heading ""Human Capital""; headcount: ""As of June 30, 2026, the Company had approximately 21,700 employees, of whom approximately 7,900 were located in the U."""
NWSA,2026,1,"SEC EDGAR 10-K, Item 1 Human Capital Resources",https://www.sec.gov/Archives/edgar/data/1564708/000156470826000175/nws-20260630.htm,2026-09-12,"heading ""Human Capital""; headcount: ""As of June 30, 2026, the Company had approximately 21,700 employees, of whom approximately 7,900 were located in the U."""
NXPI,2025,2,"SEC EDGAR 10-K, Item 1 Human Capital Resources",https://www.sec.gov/Archives/edgar/data/1413447/000141344726000008/nxpi-20251231.htm,2026-09-12,"heading ""Human Capital""; headcount: ""As of December 31, 2025, we employed approximately 32,169 employees worldwide, including approximately 1,439 employees within our SSMC joint venture."" | turnover_retention: ""During 2025, the company's voluntary attrition rate was 5.1%."""
O,2025,1,"SEC EDGAR 10-K, Item 1 Human Capital Resources",https://www.sec.gov/Archives/edgar/data/726728/000072672826000011/o-20251231.htm,2026-09-12,"heading ""Human Capital""; headcount: ""As of December 31, 2025, our workforce comprises 544 professionals."""
ODFL,2025,2,"SEC EDGAR 10-K, Item 1 Human Capital Resources",https://www.sec.gov/Archives/edgar/data/878927/000119312526067161/odfl-20251231.htm,2026-09-12,"heading ""Human Capital""; headcount: ""Human Capital Employee Profile As of December 31, 2025, we employed 20,591 active full-time employees, none of which were represented under a collective bargaini"" | turnover_retention: ""The 10-year average turnover rate for our driver graduates is approximately 7.7%, which is below our 10-year average turnover rate for our C"""
OKE,2025,3,"SEC EDGAR 10-K, Item 1 Human Capital Resources",https://www.sec.gov/Archives/edgar/data/1039684/000103968426000006/oke-20251231.htm,2026-09-12,"heading ""HUMAN CAPITAL""; engagement_score: ""In 2025, the annual employee engagement participation rate increased to 95% compared with 93% in 2024."" | headcount: ""As of December 31, 2025, we had 6,326 employees."" | training: ""ist eligible employees with the expense of furthering their education in job-related fields, including up to $5,250 per year in qualifying tuition expenses."""
OMC,2025,1,"SEC EDGAR 10-K, Item 1 Human Capital Resources",https://www.sec.gov/Archives/edgar/data/29989/000002998926000006/omc-20251231.htm,2026-09-12,"heading ""Human Capital""; headcount: ""At December 31, 2025, we employed approximately 120,000 people worldwide, including 55,300 people in the Americas, 38,000 people in EMEA, and 26,700 people i"""
ON,2025,1,"SEC EDGAR 10-K, Item 1 Human Capital Resources",https://www.sec.gov/Archives/edgar/data/1097864/000109786426000006/on-20251231.htm,2026-09-12,"heading ""Human Capital""; headcount: ""Headcount As of December 31, 2025, we had approximately 22,600 regular full-time employees and about 70 part-time or temporary employees across 33 cou"""
ORCL,2026,2,"SEC EDGAR 10-K, Item 1 Human Capital Resources",https://www.sec.gov/Archives/edgar/data/1341439/000119312526277521/orcl-20260531.htm,2026-09-12,"heading ""Human Capital""; headcount: ""Workforce As of May 31, 2026, we employed approximately 141,000 full-time employees, of which approximately 49,000 were employed in the U."" | training: ""Oracle employees received more than 4.2 million hours of training in fiscal 2026 and accessed online learning content at an average rate of approximately 2."""
ORLY,2025,1,"SEC EDGAR 10-K, Item 1 Human Capital Resources",https://www.sec.gov/Archives/edgar/data/898173/000089817326000009/orly-20251231x10k.htm,2026-09-12,"heading ""Team Members and Human Capital Management""; headcount: ""As of January 31, 2026, we employed 92,923 Team Members (78,258 full-time Team Members and 14,665 part-time Team Me"""
OTIS,2025,1,"SEC EDGAR 10-K, Item 1 Human Capital Resources",https://www.sec.gov/Archives/edgar/data/1781335/000178133526000011/otis-20251231.htm,2026-09-12,"heading ""Human Capital""; headcount: ""As of December 31, 2025, our global workforce consists of approximately 72,000 colleagues (including approximately 45,000 field profession"""
OXY,2025,0,"SEC EDGAR 10-K, Item 1 Human Capital Resources",https://www.sec.gov/Archives/edgar/data/797468/000162828026009059/oxy-20251231.htm,2026-09-12,"heading ""HUMAN CAPITAL""; section found, no quantified disclosure type in it"
PANW,2026,1,"SEC EDGAR 10-K, Item 1 Human Capital Resources",https://www.sec.gov/Archives/edgar/data/1327567/000132756726000023/panw-20260731.htm,2026-09-12,"heading ""HUMAN CAPITAL""; headcount: ""With a global workforce of 21,921 as of July 31, 2026, our People Strategy is a critical elem"""
PAYX,2026,1,"SEC EDGAR 10-K, Item 1 Human Capital Resources",https://www.sec.gov/Archives/edgar/data/723531/000119312526307785/payx-20260531.htm,2026-09-12,"heading ""Human Capital""; headcount: ""Our Employees: As of May 31, 2026, we employed approximately 17,600 people, primarily in the U."""
PCAR,2025,1,"SEC EDGAR 10-K, Item 1 Human Capital Resources",https://www.sec.gov/Archives/edgar/data/75362/000119312526057025/pcar-20251231.htm,2026-09-12,"heading ""HUMAN CAPITAL""; headcount: ""On December 31, 2025, the Company had approximately 25,900 employees."""
PCG,2025,2,"SEC EDGAR 10-K, Item 1 Human Capital Resources",https://www.sec.gov/Archives/edgar/data/1004980/000100498026000009/pcg-20251231.htm,2026-09-12,"heading ""Human Capital""; headcount: ""1, 2025, PG&E Corporation had 10 employees, and the Utility had approximately 29,000 regular employees."" | turnover_retention: ""The Utility's turnover rate for 2025 was 3.8%."""
PEG,2025,1,"SEC EDGAR 10-K, Item 1 Human Capital Resources",https://www.sec.gov/Archives/edgar/data/788784/000119312526077446/peg-20251231.htm,2026-09-12,"heading ""HUMAN CAPITAL""; representation_pct: ""presented by a labor organization: As of December 31, 2025, women constituted approximately 28% of our non-represented employees and 19% of our total workforce."""
PEP,2025,2,"SEC EDGAR 10-K, Item 1 Human Capital Resources",https://www.sec.gov/Archives/edgar/data/77476/000007747626000007/pep-20251227.htm,2026-09-12,"heading ""Human Capital""; headcount: ""We employed approximately 306,000 people worldwide as of December 27, 2025, including approximately"" | training: ""o employees, including front-line employees, completed over 2.8 million hours of training."""
PFE,2025,1,"SEC EDGAR 10-K, Item 1 Human Capital Resources",https://www.sec.gov/Archives/edgar/data/78003/000007800326000026/pfe-20251231.htm,2026-09-12,"heading ""OUR PEOPLE""; headcount: ""As of December 31, 2025, we employed approximately 75,000 people worldwide."""
PFG,2025,1,"SEC EDGAR 10-K, Item 1 Human Capital Resources",https://www.sec.gov/Archives/edgar/data/1126328/000110465926017031/pfg-20251231x10k.htm,2026-09-12,"heading ""Human Capital""; headcount: ""As of December 31, 2025, we employed approximately 19,700 people across the globe, including approximately 11,600 employees"""
PG,2026,2,"SEC EDGAR 10-K, Item 1 Human Capital Resources",https://www.sec.gov/Archives/edgar/data/80424/000008042426000103/pg-20260630.htm,2026-09-12,"heading ""Human Capital""; headcount: ""Employees As of June 30, 2026, the Company had approximately 104,000 employees, a decrease of 4% versus the prior year due to the ongoing"" | representation_pct: ""42% of our global employees are women and 33% of our U."""
PGR,2025,3,"SEC EDGAR 10-K, Item 1 Human Capital Resources",https://www.sec.gov/Archives/edgar/data/80661/000008066126000086/pgr-20251231.htm,2026-09-12,"heading ""Human Capital""; engagement_score: ""Our 2025 engagement and culture survey results placed us in the top 1% of all companies using the survey, which is designed by a n"" | headcount: ""As of December 31, 2025, we had about 70,000 employees."" | turnover_retention: ""As of December 31, 2025, our annualized retention rate was 90%, up 1% from the prior year, and more than 18,000 employees had ove"""
PH,2026,2,"SEC EDGAR 10-K, Item 1 Human Capital Resources",https://www.sec.gov/Archives/edgar/data/76334/000007633426000105/ph-20260630.htm,2026-09-12,"heading ""Human Capital""; engagement_score: ""cal year 2025, achieved a 92% response rate with an overall engagement score of 75%."" | headcount: ""As of June 30, 2026, we employed approximately 59,850 persons that we refer to as ""team members,"" of whom approximately 3"""
PHM,2025,1,"SEC EDGAR 10-K, Item 1 Human Capital Resources",https://www.sec.gov/Archives/edgar/data/822416/000082241626000007/phm-20251231.htm,2026-09-12,"heading ""Human Capital""; headcount: ""Resources Workforce At December 31, 2025, we employed 6,506 people, of which 1,034 were employed in our Financial Services ope"""
PKG,2025,2,"SEC EDGAR 10-K, Item 1 Human Capital Resources",https://www.sec.gov/Archives/edgar/data/75677/000119312526074129/pkg-20251231.htm,2026-09-12,"heading ""Human Capital""; headcount: ""As of December 31, 2025, we had approximately 16,800 employees, including 4,600 salaried and 12,200 hourly employees."" | union_coverage: ""Approximately 57% of our hourly employees worked pursuant to collective bargaining agreements."""
PLD,2025,2,"SEC EDGAR 10-K, Item 1 Human Capital Resources",https://www.sec.gov/Archives/edgar/data/1045609/000119312526051453/pld-20251231.htm,2026-09-12,"heading ""Our People""; engagement_score: ""Our most recent employee engagement survey, completed in September 2025, had a participation rate of 92%, with an engagement level of 85% based on respondents' posi"" | training: ""In 2025, more than 1,800 employees completed more than 14,400 hours of company-provided or company-sponsored learning and development training."""
PLTR,2025,1,"SEC EDGAR 10-K, Item 1 Human Capital Resources",https://www.sec.gov/Archives/edgar/data/1321655/000132165526000011/pltr-20251231.htm,2026-09-12,"heading ""Employees and Human Capital""; headcount: ""As of December 31, 2025, we had 4,429 full-time employees, 28% of whom are employed outside of the United States."""
PM,2025,1,"SEC EDGAR 10-K, Item 1 Human Capital Resources",https://www.sec.gov/Archives/edgar/data/1413329/000162828026005939/pm-20251231.htm,2026-09-12,"heading ""Human Capital""; headcount: ""At December 31, 2025, we employed approximately 84,900 people worldwide, including full-time, temporary and part-time sta"""
PNC,2025,1,"SEC EDGAR 10-K, Item 1 Human Capital Resources",https://www.sec.gov/Archives/edgar/data/713676/000071367626000020/pnc-20251231.htm,2026-09-12,"heading ""Human Capital""; headcount: ""Employees totaled 55,333 at December 31, 2025."""
PNR,2025,1,"SEC EDGAR 10-K, Item 1 Human Capital Resources",https://www.sec.gov/Archives/edgar/data/77360/000007736026000007/pnr-20251231.htm,2026-09-12,"heading ""Human capital resources""; headcount: ""As of December 31, 2025, we had approximately 9,000 employees worldwide, of which approximately 49% are located in the U."""
PNW,2025,1,"SEC EDGAR 10-K, Item 1 Human Capital Resources",https://www.sec.gov/Archives/edgar/data/764622/000076462226000011/pnw-20251231.htm,2026-09-12,"heading ""Human Capital""; engagement_score: ""In 2025, we had 83% participation in these surveys, and our Employee Experience Index was 86%."""
PODD,2025,1,"SEC EDGAR 10-K, Item 1 Human Capital Resources",https://www.sec.gov/Archives/edgar/data/1145197/000114519726000028/podd-20251231.htm,2026-09-12,"heading ""Human Capital""; headcount: ""As of December 31, 2025, we had approximately 5,400 full-time employees, representing a 38% increase over the prior year."""
PPG,2025,2,"SEC EDGAR 10-K, Item 1 Human Capital Resources",https://www.sec.gov/Archives/edgar/data/79879/000007987926000046/ppg-20251231.htm,2026-09-12,"heading ""Human Capital""; headcount: ""As of December 31, 2025, PPG employed approximately 43,500 people, of which approximately 11,000 were in the United States an"" | safety: ""For 2025, our injury and illness rate was 0.22."""
PPL,2025,1,"SEC EDGAR 10-K, Item 1 Human Capital Resources",https://www.sec.gov/Archives/edgar/data/922224/000092222426000008/ppl-20251231.htm,2026-09-12,"heading ""HUMAN CAPITAL""; turnover_retention: ""PPL had a turnover rate of 10.83% for the year ended December 31, 2025."""
PRU,2025,1,"SEC EDGAR 10-K, Item 1 Human Capital Resources",https://www.sec.gov/Archives/edgar/data/1137774/000113777426000048/pru-20251231.htm,2026-09-12,"heading ""Human Capital""; turnover_retention: ""workforce (including voluntary and involuntary terminations) in 2025 was 10.3%."""
PSA,2025,1,"SEC EDGAR 10-K, Item 1 Human Capital Resources",https://www.sec.gov/Archives/edgar/data/1393311/000162828026007696/psa-20251231.htm,2026-09-12,"heading ""Human Capital""; headcount: ""We have approximately 5,770 employees, including 4,920 customer facing roles (such as property le"""
PSKY,2025,1,"SEC EDGAR 10-K, Item 1 Human Capital Resources",https://www.sec.gov/Archives/edgar/data/2041610/000204161026000011/psky-20251231.htm,2026-09-12,"heading ""Human Capital""; headcount: ""I-6 As of December 31, 2025, we employed approximately 17,600 full- and part-time employees in 30 countries worldwide and had approximately 3,600 proje"""
PSX,2025,1,"SEC EDGAR 10-K, Item 1 Human Capital Resources",https://www.sec.gov/Archives/edgar/data/1534701/000153470126000006/psx-20251231.htm,2026-09-12,"heading ""HUMAN CAPITAL""; headcount: ""At December 31, 2025, we had approximately 12,600 employees working toward our mission of providing energy and improvin"""
PTC,2025,1,"SEC EDGAR 10-K, Item 1 Human Capital Resources",https://www.sec.gov/Archives/edgar/data/857005/000119312525291326/ptc-20250930.htm,2026-09-12,"heading ""People and Culture""; headcount: ""PTC at-a-Glance As of September 30, 2025, PTC had 7,642 full-time employees."""
PWR,2025,2,"SEC EDGAR 10-K, Item 1 Human Capital Resources",https://www.sec.gov/Archives/edgar/data/1050915/000105091526000006/pwr-20251231.htm,2026-09-12,"heading ""Human Capital Resources""; headcount: ""Employee Profile As of December 31, 2025, we had approximately 69,500 employees, consisting of approximately 13,800 salaried employees, inc"" | union_coverage: ""Additionally, approximately 36% of our employees as of December 31, 2025 were covered by collective bargaining agreements, which require the payment of specified wages, t"""
PYPL,2025,2,"SEC EDGAR 10-K, Item 1 Human Capital Resources",https://www.sec.gov/Archives/edgar/data/1633917/000163391726000024/pypl-20251231.htm,2026-09-12,"heading ""HUMAN CAPITAL""; headcount: ""As of December 31, 2025, we employed approximately 23,800 people globally, with 46% in the Americas, 42% in Asia-Pacific, an"" | representation_pct: ""Across our workforce, we reached approximately 42% global gender diversity and 58% U."""
Q,2025,1,"SEC EDGAR 10-K, Item 1 Human Capital Resources",https://www.sec.gov/Archives/edgar/data/2058873/000205887326000010/q-20251231.htm,2026-09-12,"heading ""Employees""; headcount: ""As of December 31, 2025, of our more than 10,000 employees, approximately 60% are located in Asia Pacific; 32% are loc"""
QCOM,2025,2,"SEC EDGAR 10-K, Item 1 Human Capital Resources",https://www.sec.gov/Archives/edgar/data/804328/000080432825000085/qcom-20250928.htm,2026-09-12,"heading ""Human Capital""; headcount: ""At September 28, 2025, we had approximately 52,000 full-time, part-time and temporary workers, the overwhelming majority of which were full-time employee"" | turnover_retention: ""During fiscal 2025, our voluntary turnover rate was approximately 6%."""
RCL,2025,4,"SEC EDGAR 10-K, Item 1 Human Capital Resources",https://www.sec.gov/Archives/edgar/data/884887/000088488726000007/rcl-20251231.htm,2026-09-12,"heading ""Human Capital""; headcount: ""As of December 31, 2025, our three global cruise brands employed approximately 108,000 employees spanning across our shipboard fleet and shoreside locations"" | representation_pct: ""our workforce by employee location as of December 31, 2025: Employee Location Male Female Shoreside - U.S. 46% 54% Shoreside - International 41% 59% Shipboard 78% 22% Private Destinations (1) 73% 27% __________________________"" | training: ""In 2025, our workforce invested approximately 1.8 million hours in learning programs across a variety of areas ranging from Ethics, Com"" | union_coverage: ""6,500 employees, and as of December 31, 2025, approximately 87% were covered by collective bargaining agreements."""
REG,2025,1,"SEC EDGAR 10-K, Item 1 Human Capital Resources",https://www.sec.gov/Archives/edgar/data/910606/000119312526051668/reg-20251231.htm,2026-09-12,"heading ""Corporate Responsibility and Human Capital""; headcount: ""As of December 31, 2025, we had 507 employees, including 4 part-time employees."""
REGN,2025,3,"SEC EDGAR 10-K, Item 1 Human Capital Resources",https://www.sec.gov/Archives/edgar/data/872589/000087258926000008/regn-20251231.htm,2026-09-12,"heading ""Human Capital""; engagement_score: ""The success of our employee engagement efforts is demonstrated by our employee retention rate of nearly 93% in 2025, as well as the fact that 81% of our employees who"" | headcount: ""Workforce Profile As of December 31, 2025, we had 15,410 full-time employees, consisting of 11,961 employed in the United States, 2,149"" | turnover_retention: ""s of our employee engagement efforts is demonstrated by our employee retention rate of nearly 93% in 2025, as well as the fact that 81% of our employees who responded to our annual engagement sur"""
RF,2025,1,"SEC EDGAR 10-K, Item 1 Human Capital Resources",https://www.sec.gov/Archives/edgar/data/1281761/000128176126000019/rf-20251231.htm,2026-09-12,"heading ""Human Capital""; headcount: ""As of December 31, 2025, Regions and its subsidiaries had 19,969 full-time equivalent employees supporting our consumer and commercial banking, wealth mana"""
RJF,2025,2,"SEC EDGAR 10-K, Item 1 Human Capital Resources",https://www.sec.gov/Archives/edgar/data/720005/000072000525000093/rjf-20250930.htm,2026-09-12,"heading ""HUMAN CAPITAL""; headcount: ""As of September 30, 2025, we had approximately 19,500 associates (including 3,878 employee financial advisors) and 5,065 ind"" | representation_pct: ""Of our global associates, 44% self-identify as women, and among our U."""
RL,2026,2,"SEC EDGAR 10-K, Item 1 Human Capital Resources",https://www.sec.gov/Archives/edgar/data/1037038/000162828026037074/rl-20260328.htm,2026-09-12,"heading ""Human Capital""; headcount: ""Our Employees As of March 28, 2026, we had approximately 23,600 employees, comprised of approximately 15,600 full-time and 8,000 part"" | representation_pct: ""As of March 28, 2026, approximately 65% and 35% of our global workforce self-identified as female and male, respectively."""
RMD,2026,2,"SEC EDGAR 10-K, Item 1 Human Capital Resources",https://www.sec.gov/Archives/edgar/data/943819/000094381926000047/rmd-20260630.htm,2026-09-12,"heading ""Human Capital""; headcount: ""As of June 30, 2026, we had approximately 11,370 employees, of which approximately 4,590 were employed in cost of sale"" | turnover_retention: ""Resmed's average global turnover rate for fiscal year 2026 was approximately 13%."""
ROK,2025,2,"SEC EDGAR 10-K, Item 1 Human Capital Resources",https://www.sec.gov/Archives/edgar/data/1024478/000102447825000116/rok-20250930.htm,2026-09-12,"heading ""Our talent""; engagement_score: ""ed in March 2025, showed a resilient EEI of 70 and a global inclusion index score of 74."" | representation_pct: ""n America 5,000 Total employees 26,000 20 Table of Contents Our employees had the following global gender demographics based on voluntary disclosure: September 30, 2025 Women Men Undisclosed All employees 33% 67% -% Individual Contributors 34% 66% -% People Managers 27% 73% -% Technical Talent 20% 80% -% Manufacturing Associates 46%"""
ROL,2025,2,"SEC EDGAR 10-K, Item 1 Human Capital Resources",https://www.sec.gov/Archives/edgar/data/84839/000008483926000008/rol-20251231.htm,2026-09-12,"heading ""Human Capital""; headcount: ""As of December 31, 2025, the Company had 21,946 employees. Approximately 19,700 of our employees were located in the United States, with approximately 17,56"" | union_coverage: ""employees, less than 2% are represented by a labor union or covered by a collective bargaining agreement."""
ROP,2025,1,"SEC EDGAR 10-K, Item 1 Human Capital Resources",https://www.sec.gov/Archives/edgar/data/882835/000088283526000009/rop-20251231.htm,2026-09-12,"heading ""Human Capital""; headcount: ""As of December 31, 2025, we employed approximately 19,400 people worldwide on a consolidated basis, of which approximately 1"""
ROST,2026,1,"SEC EDGAR 10-K, Item 1 Human Capital Resources",https://www.sec.gov/Archives/edgar/data/745732/000074573226000006/rost-20260131.htm,2026-09-12,"heading ""Human Capital""; headcount: ""As of January 31, 2026, we had approximately 111,000 total associates, which includes both full- and part-time associates in our"""
RSG,2025,2,"SEC EDGAR 10-K, Item 1 Human Capital Resources",https://www.sec.gov/Archives/edgar/data/1060391/000106039126000094/rsg-20251231.htm,2026-09-12,"heading ""People and Talent Focus""; engagement_score: ""Approximately 99% of our employees participated in the engagement survey process in March 2025 and 97% in September 2025, which are 24% and 22% higher than the national benchmark, respectively."" | headcount: ""Our approximately 42,000 full-time employees are a critical component in successfully executing our stra"""
RTX,2025,2,"SEC EDGAR 10-K, Item 1 Human Capital Resources",https://www.sec.gov/Archives/edgar/data/101829/000010182926000006/rtx-20251231.htm,2026-09-12,"heading ""People""; headcount: ""As of December 31, 2025, our global employee population consisted of a total of approximately 180,000 employees, including approximately 54,000 engineering profe"" | union_coverage: ""of approximately 180,000 employees, including approximately 54,000 engineering professionals and approximately 32,000 employees represented by labor unions and other employee representative bodies."""
RVTY,2025,1,"SEC EDGAR 10-K, Item 1 Human Capital Resources",https://www.sec.gov/Archives/edgar/data/31791/000003179126000012/revv-20251228.htm,2026-09-12,"heading ""Human Capital""; headcount: ""Management As of December 28, 2025, we employed approximately 11,000 employees on a worldwide basis."""
SBAC,2025,1,"SEC EDGAR 10-K, Item 1 Human Capital Resources",https://www.sec.gov/Archives/edgar/data/1034054/000103405426000002/sbac-20251231x10k.htm,2026-09-12,"heading ""Human Capital""; headcount: ""As of December 31, 2025, we had 1,844 employees of which 663 were based outside of the U."""
SBUX,2025,1,"SEC EDGAR 10-K, Item 1 Human Capital Resources",https://www.sec.gov/Archives/edgar/data/829224/000082922425000114/sbux-20250928.htm,2026-09-12,"heading ""Human Capital""; headcount: ""As of September 28, 2025, Starbucks employed approximately 381,000 people worldwide."""
SCHW,2025,0,"SEC EDGAR 10-K, Item 1 Human Capital Resources",https://www.sec.gov/Archives/edgar/data/316709/000031670926000009/schw-20251231.htm,2026-09-12,"heading ""Human Capital""; section found, no quantified disclosure type in it"
SHW,2025,1,"SEC EDGAR 10-K, Item 1 Human Capital Resources",https://www.sec.gov/Archives/edgar/data/89800/000008980026000008/shw-20251231.htm,2026-09-12,"heading ""Human Capital""; headcount: ""At December 31, 2025, we employed 64,249 people worldwide, of which approximately 73% were in the United St"""
SJM,2026,1,"SEC EDGAR 10-K, Item 1 Human Capital Resources",https://www.sec.gov/Archives/edgar/data/91419/000009141926000050/sjm-20260430.htm,2026-09-12,"heading ""Human Capital""; training: ""ugh these tools and resources, in 2026, we coordinated over 22,700 hours of professional development training for our employees."""
SLB,2025,2,"SEC EDGAR 10-K, Item 1 Human Capital Resources",https://www.sec.gov/Archives/edgar/data/87347/000119312526021017/slb-20251231.htm,2026-09-12,"heading ""Human Capital""; headcount: ""ogy company that operates in more than 100 countries with a workforce of approximately 109,000 people from diverse backgrounds, cultures, and nationalitie"" | representation_pct: ""egard, a number of years ago we established goals of having women represent 25% of our salaried workforce by 2025 and 30% of our salaried workforce by 2030."""
SMCI,2026,1,"SEC EDGAR 10-K, Item 1 Human Capital Resources",https://www.sec.gov/Archives/edgar/data/1375365/000137536526000022/smci-20260630.htm,2026-09-12,"heading ""Human Capital""; headcount: ""Demographics As of June 30, 2026, we employed over 7,000 employees, consisting of approximately 3,500 employees engaged in research and development, approximately 800 enga"""
SNA,2026,3,"SEC EDGAR 10-K, Item 1 Human Capital Resources",https://www.sec.gov/Archives/edgar/data/91440/000009144026000045/sna-20260103.htm,2026-09-12,"heading ""Human Capital""; headcount: ""Management As of January 3, 2026, Snap-on employed approximately 13,000 people worldwide, of which approximately 7,300 were employed in th"" | safety: ""For 2025, Snap-on had an overall safety incident rate of 0.92 (number of injuries and illnesses multiplied by 200,000, di"" | union_coverage: ""Additionally, on a global basis, approximately 2,300 employees are represented by unions and/or covered under collective bargaining agreements with varying expiration dates through 2029."""
SNDK,2026,1,"SEC EDGAR 10-K, Item 1 Human Capital Resources",https://www.sec.gov/Archives/edgar/data/2023554/000162828026057406/sndk-20260703.htm,2026-09-12,"heading ""Human Capital""; headcount: ""As of July 2026, our global team includes approximately 11,100 employees across 33 countries- 74% in Asia Pacific, 19% in"""
SNPS,2025,3,"SEC EDGAR 10-K, Item 1 Human Capital Resources",https://www.sec.gov/Archives/edgar/data/883241/000088324125000028/snps-20251031.htm,2026-09-12,"heading ""Human Capital""; engagement_score: ""We received an engagement score of 81, which was calculated by averaging favorable responses to jo"" | headcount: ""As of fiscal 2025 year-end, Synopsys had approximately 28,000 employees, with about 23% in the United States and 77% in other locat"" | turnover_retention: ""As of our fiscal 2025 year-end, our voluntary turnover rate was 5.7%."""
SO,2025,3,"SEC EDGAR 10-K, Item 1 Human Capital Resources",https://www.sec.gov/Archives/edgar/data/92122/000009212226000006/so-20251231.htm,2026-09-12,"heading ""Human Capital""; headcount: ""The Southern Company system had approximately 29,800 employees on its payroll at December 31, 2025 comprised of the follow"" | safety: ""In 2025, the Southern Company system had a serious injury rate of 0.03 and no fatal injuries."" | union_coverage: ""At December 31, 2025, approximately 32% of Southern Company system employees were covered by agreements with unions, with agreements expiring between 2026 and 2030."""
SOLV,2025,1,"SEC EDGAR 10-K, Item 1 Human Capital Resources",https://www.sec.gov/Archives/edgar/data/1964738/000196473826000007/solv-20251231.htm,2026-09-12,"heading ""Human Capital""; headcount: ""We have approximately 10,000 employees in the United States and approximately 2,000 in Germany."""
SPG,2025,1,"SEC EDGAR 10-K, Item 1 Human Capital Resources",https://www.sec.gov/Archives/edgar/data/1063761/000110465926019419/spg-20251231x10k.htm,2026-09-12,"heading ""Human Capital""; headcount: ""At December 31, 2025, we and our affiliates employed approximately 3,600 persons at various properties and offices throughout the United Sta"""
SPGI,2025,1,"SEC EDGAR 10-K, Item 1 Human Capital Resources",https://www.sec.gov/Archives/edgar/data/64040/000006404026000013/spgi-20251231.htm,2026-09-12,"heading ""Human Capital""; headcount: ""As of December 31, 2025, we had approximately 44,500 permanent employees located worldwide, including around 26,200 in Asia, 11,050"""
SRE,2025,0,"SEC EDGAR 10-K, Item 1 Human Capital Resources",https://www.sec.gov/Archives/edgar/data/1032208/000103220826000010/sre-20251231.htm,2026-09-12,"heading ""Senior Vice President, Chief Talent, Culture, and Operations Support""; section found, no quantified disclosure type in it"
STE,2026,3,"SEC EDGAR 10-K, Item 1 Human Capital Resources",https://www.sec.gov/Archives/edgar/data/1757898/000162828026039136/ste-20260331.htm,2026-09-12,"heading ""EMPLOYEES AND HUMAN CAPITAL MANAGEMENT""; representation_pct: ""own in the table below: March 31, 2026 March 31, 2025 White Minority (1) White Minority (1) Non-Executive Directors 62% 38% 67% 33% Senior Managers 86% 14% 86% 14% Other employees of the Company 60% 40% 60% 40% (1) A minority person is defined as a person who identifies"" | turnover_retention: ""Our employee turnover rate was 13% and 16% for fiscal 2026 and 2025, respectively, and we are continuo"" | union_coverage: ""ly 18,000 employees throughout the world of which less than 12% are represented by work councils or labor unions."""
STLD,2025,1,"SEC EDGAR 10-K, Item 1 Human Capital Resources",https://www.sec.gov/Archives/edgar/data/1022671/000110465926021395/stld-20251231x10k.htm,2026-09-12,"heading ""Human Capital /""; turnover_retention: ""In 2025, our companywide team retention was approximately 83%, with U."""
STT,2025,1,"SEC EDGAR 10-K, Item 1 Human Capital Resources",https://www.sec.gov/Archives/edgar/data/93751/000009375126000124/stt-20251231.htm,2026-09-12,"heading ""HUMAN CAPITAL""; headcount: ""Our employee population at December 31, 2025 decreased approximately 2% to approximately 52,000 employees, compared to December 31, 2024, primarily driven"""
STX,2026,1,"SEC EDGAR 10-K, Item 1 Human Capital Resources",https://www.sec.gov/Archives/edgar/data/1137789/000113778926000159/stx-20260703.htm,2026-09-12,"heading ""Human Capital""; headcount: ""As of July 3, 2026, we employed approximately 30,000 full-time employees worldwide, including approximately 25,000 employees located"""
STZ,2026,2,"SEC EDGAR 10-K, Item 1 Human Capital Resources",https://www.sec.gov/Archives/edgar/data/16918/000001691826000011/stz-20260228.htm,2026-09-12,"heading ""HUMAN CAPITAL""; headcount: ""RESOURCES As of February 28, 2026, we had approximately 9,400 employees, including approximately 1,100 employees through our equally-owned joint venture with Owens-Illinois"" | union_coverage: ""Employee geographic data is as follows: Approximately 20% of the employees are covered by collective bargaining agreements."""
SW,2025,2,"SEC EDGAR 10-K, Item 1 Human Capital Resources",https://www.sec.gov/Archives/edgar/data/2005951/000162828026012555/smur-20251231.htm,2026-09-12,"heading ""Human Capital Resources""; headcount: ""As of December 31, 2025, we employed approximately 97,000 people across the 40 countries in which we operate, of which appro"" | safety: ""In 2025, we achieved a lost time incident rate of 0.56, and a total recordable incident rate of 1."""
SWK,2026,2,"SEC EDGAR 10-K, Item 1 Human Capital Resources",https://www.sec.gov/Archives/edgar/data/93556/000009355626000009/swk-20260103.htm,2026-09-12,"heading ""Human Capital Management""; headcount: ""As of January 3, 2026, the Company had approximately 43,500 employees in 59 countries."" | training: ""ed more than 89,500 courses and programs, resulting in over 67,000 hours of training, through a combination of in-person and online learning."""
SWKS,2025,2,"SEC EDGAR 10-K, Item 1 Human Capital Resources",https://www.sec.gov/Archives/edgar/data/4127/000000412725000085/swks-20251003.htm,2026-09-12,"heading ""Employees""; headcount: ""Our workforce consists of approximately 10,000 employees located around the world, more than 99% of whom a"" | union_coverage: ""•Approximately 3,260 of our employees in Mexico, 550 of our employees in Singapore, and 460 of our employees in Japan were covered by collective bargaining and other union agreements."""
SYF,2025,3,"SEC EDGAR 10-K, Item 1 Human Capital Resources",https://www.sec.gov/Archives/edgar/data/1601712/000160171226000006/syf-20251231.htm,2026-09-12,"heading ""Human Capital""; engagement_score: ""25, 91% of Synchrony employees participated in our employee engagement survey globally and 95% of the participants responded, ""Taking all things into acco"" | headcount: ""At December 31, 2025 we had over 20,000 full-time employees."" | representation_pct: ""At December 31, 2025, our global workforce was 61% female and 38% male."""
SYK,2025,1,"SEC EDGAR 10-K, Item 1 Human Capital Resources",https://www.sec.gov/Archives/edgar/data/310764/000031076426000010/syk-20251231.htm,2026-09-12,"heading ""Employees""; headcount: ""On December 31, 2025 we had approximately 56,000 employees globally, with approximately 28,000 employees in the United States."""
SYY,2026,2,"SEC EDGAR 10-K, Item 1 Human Capital Resources",https://www.sec.gov/Archives/edgar/data/96021/000009602126000033/syy-20260627.htm,2026-09-12,"heading ""Human Capital""; headcount: ""As of June 27, 2026, we employed approximately 75,000 employees, including 52,000 U.S. employees and 23,000 employees outside the U."" | union_coverage: ""Approximately 14% of our employees were represented by unions, primarily the International Brotherhood of Teamsters and"""
T,2025,1,"SEC EDGAR 10-K, Item 1 Human Capital Resources",https://www.sec.gov/Archives/edgar/data/732717/000073271726000120/t-20251231.htm,2026-09-12,"heading ""HUMAN CAPITAL""; headcount: ""Number of Employees As of December 31, 2025, we employed approximately 133,030 persons."""
TAP,2025,1,"SEC EDGAR 10-K, Item 1 Human Capital Resources",https://www.sec.gov/Archives/edgar/data/24545/000002454526000006/tap-20251231.htm,2026-09-12,"heading ""Putting People First""; headcount: ""As of December 31, 2025, we employed approximately 16,200 employees within our business globally with approximately 9,900 emplo"""
TDG,2025,2,"SEC EDGAR 10-K, Item 1 Human Capital Resources",https://www.sec.gov/Archives/edgar/data/1260221/000126022125000081/tdg-20250930.htm,2026-09-12,"heading ""Human Capital""; headcount: ""Resources As of September 30, 2025, we had approximately 16,500 full-time, part-time and temporary employees."" | union_coverage: ""Approximately 15% of our full-time and part-time employees are represented by labor unions."""
TDY,2025,3,"SEC EDGAR 10-K, Item 1 Human Capital Resources",https://www.sec.gov/Archives/edgar/data/1094285/000109428526000017/tdy-20251228.htm,2026-09-12,"heading ""Human Capital""; headcount: ""At December 28, 2025, our total workforce consisted of approximately 15,800 employees in 38 countries."" | representation_pct: ""kforce demographics for various regions are provided below: Gender (Self-Reported) Percent of Total Employees Average Age Average Years of Service Male Female Not Specified Americas 64% 48.9 10.1 65% 33% 2% Europe, the Middle East and Africa 33% 44.6 10.4 70% 24% 6% Asia-Pacific Region 3% 43.7 8.5 67% 25% 8% We have a stable and long-tenured workforce. In 2025, our voluntary employee turnover was approximately 8%."" | turnover_retention: ""In 2025, our voluntary employee turnover was approximately 8%."""
TECH,2026,3,"SEC EDGAR 10-K, Item 1 Human Capital Resources",https://www.sec.gov/Archives/edgar/data/842023/000110465926100322/tech-20260630x10k.htm,2026-09-12,"heading ""HUMAN CAPITAL""; engagement_score: ""26, three-fourths of our global workforce participated, and 77% of those who responded provided favorable feedback."" | headcount: ""Through its subsidiaries, Bio-Techne employed approximately 3,000 full-time and part-time employees as of June 30, 2026, of whom approximately 2,200 were emplo"" | representation_pct: ""As of June 30, 2026, 48% of our total employee population was female, and 44% of our managerial employees were female."""
TEL,2025,4,"SEC EDGAR 10-K, Item 1 Human Capital Resources",https://www.sec.gov/Archives/edgar/data/1385157/000110465925109150/tel-20250926x10k.htm,2026-09-12,"heading ""Human Capital""; engagement_score: ""In fiscal 2025, we had a participation rate of 88% and year over year improvement in all four indices of engagement, inclusion, well-being, and leadership effectiveness."" | headcount: ""As of fiscal year end 2025, we employed approximately 93,000 people worldwide, including 13,000 contract employees."" | representation_pct: ""50 nationalities, and our total employee population is over 40% women."" | safety: ""our Occupational Safety and Health Administration (""OSHA"") total recordable incident rate-a rate equivalent to the number of incidents per 100 employees or 200,000 work hours-to 0.06, with no employee or contractor fatalities."""
TER,2025,1,"SEC EDGAR 10-K, Item 1 Human Capital Resources",https://www.sec.gov/Archives/edgar/data/97210/000119312526059002/ter-20251231.htm,2026-09-12,"heading ""Human Capital""; headcount: ""As of December 31, 2025, we employed approximately 6,600 employees, of whom approximately 2,200 were employed in the United St"""
TFC,2025,1,"SEC EDGAR 10-K, Item 1 Human Capital Resources",https://www.sec.gov/Archives/edgar/data/92230/000009223026000030/tfc-20251231.htm,2026-09-12,"heading ""Human Capital""; headcount: ""5: Table 2: Teammate Summary # of Teammates % of Population Full-Time 37,086 95."""
TGT,2026,1,"SEC EDGAR 10-K, Item 1 Human Capital Resources",https://www.sec.gov/Archives/edgar/data/27419/000002741926000016/tgt-20260131.htm,2026-09-12,"heading ""Human Capital""; headcount: ""As of January 31, 2026, we employed approximately 415,000 full-time, part-time, and seasonal team members."""
TJX,2026,1,"SEC EDGAR 10-K, Item 1 Human Capital Resources",https://www.sec.gov/Archives/edgar/data/109198/000010919826000008/tjx-20260131.htm,2026-09-12,"heading ""Human Capital""; headcount: ""As of January 31, 2026, we had approximately 377,000 Associates, many of whom worked less than 40 hours per week."""
TKO,2025,1,"SEC EDGAR 10-K, Item 1 Human Capital Resources",https://www.sec.gov/Archives/edgar/data/1973266/000119312526071651/tko-20251231.htm,2026-09-12,"heading ""Human Capital""; headcount: ""As of December 31, 2025, we had over 4,000 employees in more than 30 countries."""
TMO,2025,1,"SEC EDGAR 10-K, Item 1 Human Capital Resources",https://www.sec.gov/Archives/edgar/data/97745/000009774526000018/tmo-20251231.htm,2026-09-12,"heading ""Human Capital""; headcount: ""As of December 31, 2025, we employed approximately 125,000 colleagues globally, with an approximate regional distribution as foll"""
TMUS,2025,1,"SEC EDGAR 10-K, Item 1 Human Capital Resources",https://www.sec.gov/Archives/edgar/data/1283699/000128369926000010/tmus-20251231.htm,2026-09-12,"heading ""Human Capital""; headcount: ""Employees As of December 31, 2025, we employed approximately 75,000 full-time and part-time employees, including network, retail, administrative and customer sup"""
TPL,2025,1,"SEC EDGAR 10-K, Item 1 Human Capital Resources",https://www.sec.gov/Archives/edgar/data/1811074/000181107426000018/tpl-20251231.htm,2026-09-12,"heading ""Human Capital""; headcount: ""As of December 31, 2025, we had 114 full-time employees, of which 35 were employees of TPWR."""
TPR,2026,1,"SEC EDGAR 10-K, Item 1 Human Capital Resources",https://www.sec.gov/Archives/edgar/data/1116132/000111613226000018/tpr-20260627.htm,2026-09-12,"heading ""Power of Our People""; headcount: ""Employees As of June 27, 2026, the Company employed approximately 20,600 employees globally. Of these employees, approximately 16,800 employees worked in retail locations,"""
TRGP,2025,1,"SEC EDGAR 10-K, Item 1 Human Capital Resources",https://www.sec.gov/Archives/edgar/data/1389170/000119312526059296/trgp-20251231.htm,2026-09-12,"heading ""Human Capital""; headcount: ""As of December 31, 2025, we employed approximately 3,570 people that primarily support our operations through a wholly-owne"""
TRMB,2026,1,"SEC EDGAR 10-K, Item 1 Human Capital Resources",https://www.sec.gov/Archives/edgar/data/864749/000086474926000015/trmb-20260102.htm,2026-09-12,"heading ""Human Capital""; headcount: ""At the end of 2025, we employed over 11,500 full-time and part-time employees, the overwhelming majority of which were full-time employee"""
TROW,2025,1,"SEC EDGAR 10-K, Item 1 Human Capital Resources",https://www.sec.gov/Archives/edgar/data/1113169/000162828026008002/trow-20251231.htm,2026-09-12,"heading ""HUMAN CAPITAL""; headcount: ""As of December 31, 2025, we employed 7,773 associates, a decrease of 4."""
TRV,2025,2,"SEC EDGAR 10-K, Item 1 Human Capital Resources",https://www.sec.gov/Archives/edgar/data/86312/000008631226000065/trv-20251231.htm,2026-09-12,"heading ""Human Capital""; headcount: ""Management As of December 31, 2025, the Company had approximately 34,000 employees, approximately 90% of whom are located in the United States"" | turnover_retention: ""The Company's average global voluntary turnover rate over the past three years was approximately 8%."""
TSCO,2025,1,"SEC EDGAR 10-K, Item 1 Human Capital Resources",https://www.sec.gov/Archives/edgar/data/916365/000091636526000014/tsco-20251227.htm,2026-09-12,"heading ""Human Capital""; headcount: ""rs: Management and Team Members As of December 27, 2025, we employed approximately 26,000 full-time and 26,000 part-time team members and use contractors on an as-needed basis."""
TSLA,2025,2,"SEC EDGAR 10-K, Item 1 Human Capital Resources",https://www.sec.gov/Archives/edgar/data/1318605/000162828026003952/tsla-20251231.htm,2026-09-12,"heading ""Human Capital""; engagement_score: ""Engagement efforts, such as Tesla's Pulse survey with 86% global participation, ensure employee feedback shapes compa"" | headcount: ""nd promotion decisions are based on skills and performance, with over 29,000 employees globally advancing their careers in 2025, and 69% of manage"""
TSN,2025,4,"SEC EDGAR 10-K, Item 1 Human Capital Resources",https://www.sec.gov/Archives/edgar/data/100493/000010049325000095/tsn-20250927.htm,2026-09-12,"heading ""HUMAN CAPITAL""; headcount: ""Employees and Labor Relations As of September 27, 2025, we employed approximately 133,000 team members globally. Approximately 116,000 team members were employed in the United States, of whom approximately 1"" | training: ""ions within the Company through college degrees, job skills training and workforce certifications at no cost up to $5,250 per year."" | turnover_retention: ""For fiscal 2025, our domestic workforce experienced a 3.5% increased retention rate from fiscal 2024."" | union_coverage: ""ly 31,000 team members in the United States were subject to collective bargaining agreements with various labor unions, with approximately 47% of those team members at locations either under negotiation"""
TT,2025,4,"SEC EDGAR 10-K, Item 1 Human Capital Resources",https://www.sec.gov/Archives/edgar/data/1466258/000162828026005731/tt-20251231.htm,2026-09-12,"heading ""Human Capital""; engagement_score: ""In 2025, 91% of our workforce participated in our annual engagement survey, and our overall employee engagement score remains h"" | headcount: ""As of December 31, 2025, we employed approximately, 44,000 people in 62 countries including over 16,000 employees outside of"" | safety: ""continued our multi-year, world class safety record with a Lost-time Incident Rate of 0.06 and Recordable Rate below 0."" | turnover_retention: ""Our company-wide (all employees) voluntary retention rate excluding retirements was 92.1%."""
TTD,2025,2,"SEC EDGAR 10-K, Item 1 Human Capital Resources",https://www.sec.gov/Archives/edgar/data/1671933/000167193326000014/ttd-20251231.htm,2026-09-12,"heading ""Our Human Capital""; headcount: ""As of December 31, 2025, we had 3,843 full-time employees in 21 countries."" | representation_pct: ""As of December 31, 2025, our global leadership team is 68% male and 32% female."""
TTWO,2026,1,"SEC EDGAR 10-K, Item 1 Human Capital Resources",https://www.sec.gov/Archives/edgar/data/946581/000162828026037434/ttwo-20260331.htm,2026-09-12,"heading ""Human Capital""; headcount: ""Our headcount includes 12,909 full-time employees as of March 31, 2026."""
TXN,2025,2,"SEC EDGAR 10-K, Item 1 Human Capital Resources",https://www.sec.gov/Archives/edgar/data/97476/000009747626000059/txn-20251231.htm,2026-09-12,"heading ""Human capital""; headcount: ""management At December 31, 2025, we had about 33,000 employees worldwide."" | turnover_retention: ""In 2025, our turnover rate was 10.1%."""
TXT,2026,1,"SEC EDGAR 10-K, Item 1 Human Capital Resources",https://www.sec.gov/Archives/edgar/data/217346/000021734626000006/txt-20260103.htm,2026-09-12,"heading ""Human Capital""; headcount: ""Resources At January 3, 2026, we employed approximately 34,000 employees worldwide, with approximately 80% located in the U."""
TYL,2025,4,"SEC EDGAR 10-K, Item 1 Human Capital Resources",https://www.sec.gov/Archives/edgar/data/860731/000086073126000016/tyl-20251231.htm,2026-09-12,"heading ""HUMAN CAPITAL RESOURCES""; headcount: ""As of December 31, 2025, we had approximately 7,800 team members."" | representation_pct: ""oup (ERG) footprint with the launch of two new ERGs - Tyler Black and New@Tyler; •Increased the participation in our equity compensation grant program with over 13% of 2025 recipients representing first-time grantees; and •R"" | training: ""Tyler Manager Development program which includes more than 50 hours of interactive, experiential learning focused on developing skills managers need to lead high performing teams."" | turnover_retention: ""Voluntary workforce turnover (rolling 12-month attrition) was 7% and 8% as of December 31, 2025 and 2024, respectively, and consist"""
UAL,2025,1,"SEC EDGAR 10-K, Item 1 Human Capital Resources",https://www.sec.gov/Archives/edgar/data/100517/000010051726000023/ual-20251231.htm,2026-09-12,"heading ""Human Capital""; headcount: "": As of December 31, 2025, UAL, including its subsidiaries, had approximately 113,200 employees, of whom approximately 83% were represented by various U."""
UBER,2025,1,"SEC EDGAR 10-K, Item 1 Human Capital Resources",https://www.sec.gov/Archives/edgar/data/1543151/000154315126000015/uber-20251231.htm,2026-09-12,"heading ""Human Capital""; headcount: ""ompany and as of December 31, 2025, we and our subsidiaries had approximately 34,000 employees globally and operations in over 70 countries and more than"""
UDR,2025,4,"SEC EDGAR 10-K, Item 1 Human Capital Resources",https://www.sec.gov/Archives/edgar/data/74208/000007420826000013/udr-20251231x10k.htm,2026-09-12,"heading ""Human Capital""; headcount: ""​ As of December 31, 2025, our Company had approximately 1,420 full-time associates and 6 part-time associates, all of whom are dedicated to the success of our organizati"" | representation_pct: ""As of December 31, 2025, our workforce is comprised of 62% male and 38% female associates, with an ethnic composition of 49% White, 30% Hispanic/Latino, 13% Black, 3% Asian, and 6% Other."" | training: ""In 2025, our associates collectively invested 32,508 hours in training, averaging 23 hours per full time associate."" | turnover_retention: ""Turnover continued to trend downward, reaching 19.4%, which outperformed the industry benchmark of 34% and impro"""
UHS,2025,2,"SEC EDGAR 10-K, Item 1 Human Capital Resources",https://www.sec.gov/Archives/edgar/data/352915/000119312526071676/uhs-20251231.htm,2026-09-12,"heading ""Human Capital""; engagement_score: ""We conducted an Employee Pulse Engagement Survey and had an overall participation rate of 68% across the organization."" | headcount: ""ent Employees and Medical Staff As of December 31, 2025, we had approximately 101,500 total employees consisting of: (i) approximately 88,100 employees located i"""
ULTA,2026,1,"SEC EDGAR 10-K, Item 1 Human Capital Resources",https://www.sec.gov/Archives/edgar/data/1403568/000110465926035243/ulta-20260131x10k.htm,2026-09-12,"heading ""Human capital""; headcount: ""As of January 31, 2026, the Company employed approximately 65,000 associates in the U."""
UNH,2025,1,"SEC EDGAR 10-K, Item 1 Human Capital Resources",https://www.sec.gov/Archives/edgar/data/731766/000073176626000062/unh-20251231.htm,2026-09-12,"heading ""HUMAN CAPITAL""; headcount: ""RESOURCES As of December 31, 2025, we had more than 390,000 employees, of whom nearly 165,000 were clinical professionals."""
UNP,2025,3,"SEC EDGAR 10-K, Item 1 Human Capital Resources",https://www.sec.gov/Archives/edgar/data/100885/000010088526000037/unp-20251231.htm,2026-09-12,"heading ""Our people""; safety: ""Our 2025 personal injury rate of 0.68 improved 24%, and our derailment incident rate of 1."" | turnover_retention: ""rectly tied to our railroad's success, as proven by our 2025 retention rate of 89%, our robust benefit offerings, and work environment that cr"" | union_coverage: ""Union Pacific works with 13 major rail unions, representing approximately 83% of our workforce."""
UPS,2025,1,"SEC EDGAR 10-K, Item 1 Human Capital Resources",https://www.sec.gov/Archives/edgar/data/1090727/000162828026008432/ups-20251231.htm,2026-09-12,"heading ""Human Capital""; headcount: ""We have approximately 460,000 employees (excluding temporary seasonal employees), of which 370,000"""
URI,2025,1,"SEC EDGAR 10-K, Item 1 Human Capital Resources",https://www.sec.gov/Archives/edgar/data/1067701/000106770126000007/uri-20251231.htm,2026-09-12,"heading ""Human Capital""; training: "", our employees enhanced their skills through approximately 1.1 million hours of training, including safety training, sales and leadership training and equipment-related training from our suppliers."""
USB,2025,2,"SEC EDGAR 10-K, Item 1 Human Capital Resources",https://www.sec.gov/Archives/edgar/data/36104/000003610426000011/usb-20251231.htm,2026-09-12,"heading ""Human Capital""; headcount: ""As of December 31, 2025, the Company employed a total of 68,520 employees globally."" | training: ""During 2025, employees completed over 1.7 million hours of training through the Company's enterprise learning programs to better support their professional development a"""
V,2025,3,"SEC EDGAR 10-K, Item 1 Human Capital Resources",https://www.sec.gov/Archives/edgar/data/1403161/000140316125000089/v-20250930.htm,2026-09-12,"heading ""Talent and People""; engagement_score: ""Based on our latest employee engagement survey, 85% of employees would recommend Visa as a great place to work."" | headcount: ""This year, we grew our total workforce from approximately 31,600 in fiscal 2024 to approximately 34,100 employees in fiscal 2025, an increase of 8% year-over-year."" | turnover_retention: ""As of September 30, 2025, our voluntary workforce turnover (rolling 12-month attrition) was approximately 6%."""
VEEV,2026,1,"SEC EDGAR 10-K, Item 1 Human Capital Resources",https://www.sec.gov/Archives/edgar/data/1393052/000139305226000014/veev-20260131.htm,2026-09-12,"heading ""Our Human Capital Resources""; headcount: ""As of January 31, 2026, we had 7,928 employees worldwide, up by 637 from the previous year."""
VICI,2025,1,"SEC EDGAR 10-K, Item 1 Human Capital Resources",https://www.sec.gov/Archives/edgar/data/1705696/000170569626000034/vici-20251231.htm,2026-09-12,"heading ""Human Capital""; representation_pct: ""As of December 31, 2025, 43% of our directors (and 50% of our independent directors), 46% of our employees and 25% of our executive officers were female."""
VLO,2025,3,"SEC EDGAR 10-K, Item 1 Human Capital Resources",https://www.sec.gov/Archives/edgar/data/1035002/000162828026011499/vlo-20251231.htm,2026-09-12,"heading ""HUMAN CAPITAL""; headcount: ""Headcount On December 31, 2025, we had 9,811 employees. These employees were located in the following countries: Country Number of"" | safety: ""Our refinery employee and contractor TRIR for 2025 was 0.13 and 0."" | union_coverage: ""and Ireland 821 Mexico and Peru 170 Total 9,811 Of our total employees as of December 31, 2025, 1,782 were covered by collective bargaining or similar agreements and 9,785 were in permanent full-time"""
VLTO,2025,1,"SEC EDGAR 10-K, Item 1 Human Capital Resources",https://www.sec.gov/Archives/edgar/data/1967680/000196768026000011/vlto-20251231.htm,2026-09-12,"heading ""Human Capital""; headcount: ""As of December 31, 2025, Veralto had nearly 17,000 employees (whom we refer to as ""associates""), of whom approximately 6"""
VMC,2025,1,"SEC EDGAR 10-K, Item 1 Human Capital Resources",https://www.sec.gov/Archives/edgar/data/1396009/000162828026009546/vmc-20251231.htm,2026-09-12,"heading ""HUMAN CAPITAL""; headcount: ""As of January 1, 2026, we employed 11,172 people in the United States."""
VMRK,2025,3,"SEC EDGAR 10-K, Item 1 Human Capital Resources",https://www.sec.gov/Archives/edgar/data/906107/000119312526051433/eqr-20251231.htm,2026-09-12,"heading ""Human Capital""; engagement_score: ""• In 2025, we achieved our highest levels of employee engagement in more than a decade, with an outstanding 87% engagement score and 90% survey participation."" | headcount: ""At Equity Residential, our approximately 2,400 employees bring that strategy to life every day."" | training: ""hosted more than 500 leaders at Elevate Summits, delivering 16 hours of focused leadership training, and convened a two-day management meeting for 75 officers"""
VRSK,2025,1,"SEC EDGAR 10-K, Item 1 Human Capital Resources",https://www.sec.gov/Archives/edgar/data/1442145/000143774926004452/vrsk20251231_10k.htm,2026-09-12,"heading ""Human Capital""; engagement_score: ""Our employee engagement score for 2025 is 80%, improving by 2% points since 2024."""
VRSN,2025,2,"SEC EDGAR 10-K, Item 1 Human Capital Resources",https://www.sec.gov/Archives/edgar/data/1014473/000101447326000006/vrsn-20251231.htm,2026-09-12,"heading ""Human Capital""; headcount: ""As of December 31, 2025, we had 928 employees, of which 926 were full-time."" | representation_pct: ""As of December 31, 2025, approximately 30% of our global workforce was female, and approximately 46% of our U."""
VRT,2025,1,"SEC EDGAR 10-K, Item 1 Human Capital Resources",https://www.sec.gov/Archives/edgar/data/1674101/000167410126000008/vrt-20251231.htm,2026-09-12,"heading ""Human Capital""; headcount: ""Resources As of December 31, 2025, we employed approximately 34,000 full-time and part-time employees."""
VRTX,2025,1,"SEC EDGAR 10-K, Item 1 Human Capital Resources",https://www.sec.gov/Archives/edgar/data/875320/000087532026000056/vrtx-20251231.htm,2026-09-12,"heading ""EMPLOYEES AND HUMAN CAPITAL MANAGEMENT""; headcount: ""ES AND HUMAN CAPITAL MANAGEMENT As of December 31, 2025, we had approximately 6,400 employees. Of these employees, approximately 5,200 were based in the U."""
VST,2025,2,"SEC EDGAR 10-K, Item 1 Human Capital Resources",https://www.sec.gov/Archives/edgar/data/1692819/000169281926000006/vistra-20251231.htm,2026-09-12,"heading ""Human Capital""; headcount: ""As of December 31, 2025, we had approximately 6,390 full-time employees, including approximately 1,860 employees under collective bargaining agreements."" | safety: ""Although we do not focus on recordable incidents, our Total Recordable Incident rate (TRIR) for company employees was 0.52, in the top quartile as compared to the Edison Electric Ins"""
VTR,2025,2,"SEC EDGAR 10-K, Item 1 Human Capital Resources",https://www.sec.gov/Archives/edgar/data/740260/000074026026000006/vtr-20251231.htm,2026-09-12,"heading ""Human Capital""; headcount: ""As of December 31, 2025, we had 542 employees, none of which are subject to a collective bargaining agree"" | union_coverage: ""As of December 31, 2025, we had 542 employees, none of which are subject to a collective bargaining agreement."""
VTRS,2025,1,"SEC EDGAR 10-K, Item 1 Human Capital Resources",https://www.sec.gov/Archives/edgar/data/1792044/000179204426000013/vtrs-20251231.htm,2026-09-12,"heading ""Human Capital""; headcount: ""Our people Our more than 30,000 colleagues are passionate about our mission, and together we are build"""
VZ,2025,2,"SEC EDGAR 10-K, Item 1 Human Capital Resources",https://www.sec.gov/Archives/edgar/data/732712/000073271226000007/vz-20251231.htm,2026-09-12,"heading ""Human Capital""; headcount: ""Resources Verizon has approximately 89,900 employees on a full-time equivalent basis as of December 31, 2025, 89% of whom are based in the"" | union_coverage: ""e International Brotherhood of Electrical Workers - the two unions that in total represented approximately 27% of our employees as of December 31, 2025."""
WAB,2025,1,"SEC EDGAR 10-K, Item 1 Human Capital Resources",https://www.sec.gov/Archives/edgar/data/943452/000162828026008067/wab-20251231.htm,2026-09-12,"heading ""Human Capital""; headcount: ""As of December 31, 2025, we have a global workforce of approximately 31,000 employees, excluding contingent workers."""
WAT,2025,1,"SEC EDGAR 10-K, Item 1 Human Capital Resources",https://www.sec.gov/Archives/edgar/data/1000697/000119312526062604/d778470d10k.htm,2026-09-12,"heading ""Human Capital""; headcount: ""Employees The Company employed approximately 7,900, 7,600 and 7,900 employees at December 31, 2025, 2024 and 2023, respectively, with app"""
WBD,2025,1,"SEC EDGAR 10-K, Item 1 Human Capital Resources",https://www.sec.gov/Archives/edgar/data/1437107/000143710726000020/wbd-20251231.htm,2026-09-12,"heading ""HUMAN CAPITAL""; headcount: ""As of December 31, 2025, we had approximately 35,500 employees, including full-time and part-time employees of our wholly-owned subsidiaries and consolidated ventures,"""
WDAY,2026,1,"SEC EDGAR 10-K, Item 1 Human Capital Resources",https://www.sec.gov/Archives/edgar/data/1327811/000132781126000014/wday-20260131.htm,2026-09-12,"heading ""Human Capital""; headcount: ""As of January 31, 2026, our global workforce consisted of over 21,000 employees in 36 countries, of which approximately 58% were"""
WDC,2026,1,"SEC EDGAR 10-K, Item 1 Human Capital Resources",https://www.sec.gov/Archives/edgar/data/106040/000162828026057139/wdc-20260703.htm,2026-09-12,"heading ""Human Capital""; headcount: ""At the end of 2026, we employed approximately 40,000 people worldwide."""
WEC,2025,0,"SEC EDGAR 10-K, Item 1 Human Capital Resources",https://www.sec.gov/Archives/edgar/data/783325/000078332526000018/wec-20251231.htm,2026-09-12,"heading ""Workforce""; section found, no quantified disclosure type in it"
WELL,2025,1,"SEC EDGAR 10-K, Item 1 Human Capital Resources",https://www.sec.gov/Archives/edgar/data/766704/000076670426000010/well-20251231.htm,2026-09-12,"heading ""Human Capital""; headcount: ""As of December 31, 2025, we had 712 employees (642 located in U."""
WFC,2025,3,"SEC EDGAR 10-K, Item 1 Human Capital Resources",https://www.sec.gov/Archives/edgar/data/72971/000007297126000133/wfc-20251231_d2.htm,2026-09-12,"heading ""Human Capital""; headcount: ""At December 31, 2025, we had approximately 205,000 active employees, with approximately 76% based in the United States."" | representation_pct: ""Our global workforce was 50% female and 50% male."" | training: ""During 2025, we invested approximately $200 million in a variety of employee learning and development programs, including functional training, required risk and regulator"""
WM,2025,3,"SEC EDGAR 10-K, Item 1 Human Capital Resources",https://www.sec.gov/Archives/edgar/data/823768/000110465926012049/wm-20251231x10k.htm,2026-09-12,"heading ""Human Capital""; headcount: ""Resources Employees As of December 31, 2025, we had approximately 60,500 full-time employees across the U."" | safety: ""Company announced a safety goal focused on reduction of our Total Recordable Incident Rate (""TRIR""), targeting 2.0 annually by 2030, and continued focus on prevention of seri"" | union_coverage: ""Approximately 9,200 of our employees are covered by collective bargaining agreements."""
WMB,2025,2,"SEC EDGAR 10-K, Item 1 Human Capital Resources",https://www.sec.gov/Archives/edgar/data/107263/000010726326000006/wmb-20251231.htm,2026-09-12,"heading ""Human Capital""; headcount: ""Employees As of February 1, 2026, Williams had 5,987 full-time employees located throughout the United States."" | turnover_retention: ""During 2025, Williams' voluntary turnover rate was 6.3 percent."""
WMT,2026,1,"SEC EDGAR 10-K, Item 1 Human Capital Resources",https://www.sec.gov/Archives/edgar/data/104169/000010416926000055/wmt-20260131.htm,2026-09-12,"heading ""Human Capital""; headcount: ""iness is focused on serving people and this is delivered by our approximately 2.1 million associates around the world with approximately 1."""
WRB,2025,1,"SEC EDGAR 10-K, Item 1 Human Capital Resources",https://www.sec.gov/Archives/edgar/data/11544/000001154426000005/wrb-20251231.htm,2026-09-12,"heading ""Human Capital""; headcount: ""Resources As of January 15, 2026, we employed 8,804 individuals."""
WSM,2026,1,"SEC EDGAR 10-K, Item 1 Human Capital Resources",https://www.sec.gov/Archives/edgar/data/719955/000071995526000059/wsm-20260201.htm,2026-09-12,"heading ""People First""; headcount: ""As of February 1, 2026, we had approximately 19,800 employees, who we refer to as associates, who are a mix of full-time,"""
WST,2025,2,"SEC EDGAR 10-K, Item 1 Human Capital Resources",https://www.sec.gov/Archives/edgar/data/105770/000010577026000010/wst-20251231.htm,2026-09-12,"heading ""Human Capital""; headcount: ""Management Our People As of December 31, 2025, we employed approximately 10,800 people, excluding contractors and temporary workers, in our operations throughout the world."" | representation_pct: ""y Products 73% Contract-Manufactured Products 17% Corporate 10% Total 100% As of December 31, 2025, approximately 37% of our full-time employees were female."""
WTW,2025,1,"SEC EDGAR 10-K, Item 1 Human Capital Resources",https://www.sec.gov/Archives/edgar/data/1140536/000119312526069307/wtw-20251231.htm,2026-09-12,"heading ""Our colleagues""; turnover_retention: ""Total Colleagues 46,900 Voluntary turnover (rolling 12-month attrition) has remained well within target range throughout 2025 (9.8% compared to 10."""
WY,2025,4,"SEC EDGAR 10-K, Item 1 Human Capital Resources",https://www.sec.gov/Archives/edgar/data/106535/000119312526051422/wy-20251231.htm,2026-09-12,"heading ""OUR PEOPLE""; engagement_score: ""In 2025, we conducted an engagement survey of all employees and our response rate was 82 percent."" | headcount: ""BY THE NUMBERS In 2025, we employed 9,517 employees, including 8,198 in the United States, 1,310 in Canada and"" | training: ""In 2025, our employees logged more than 40,000 hours of training in our online learning management system, which tracks both virtual and classroom"" | turnover_retention: ""we monitor to assess the strength of our company culture is voluntary turnover, which was 10 percent in 2025."""
WYNN,2025,1,"SEC EDGAR 10-K, Item 1 Human Capital Resources",https://www.sec.gov/Archives/edgar/data/1174922/000117492226000013/wynn-20251231.htm,2026-09-12,"heading ""Human Capital""; headcount: ""As of December 31, 2025, we had approximately 28,500 employees (including approximately 12,000 in Macau and 16,500 in the"""
XEL,2025,3,"SEC EDGAR 10-K, Item 1 Human Capital Resources",https://www.sec.gov/Archives/edgar/data/72903/000007290326000009/xel-20251231.htm,2026-09-12,"heading ""OUR PEOPLE""; headcount: ""Xcel Energy had 11,534 full-time employees and workforce demographics as of December 2025 were as foll"" | representation_pct: ""workforce demographics as of December 2025 were as follows: Female Ethnically Diverse Board of Directors 33 % 8 % CEO direct reports 25 13 Management 24 12 Employees 23 19 N"" | union_coverage: ""31, 2025, approximately 44% of our employees (5,036) were covered by collective bargaining agreements."""
XOM,2025,1,"SEC EDGAR 10-K, Item 1 Human Capital Resources",https://www.sec.gov/Archives/edgar/data/34088/000003408826000045/xom-20251231.htm,2026-09-12,"heading ""(no heading)""; headcount: ""The number of regular employees was 58 thousand, 61 thousand, and 62 thousand at years ended 2025,"""
XYL,2025,1,"SEC EDGAR 10-K, Item 1 Human Capital Resources",https://www.sec.gov/Archives/edgar/data/1524472/000152447226000012/xyl-20251231.htm,2026-09-12,"heading ""Human Capital""; headcount: ""As of December 31, 2025, Xylem employed approximately 22,000 employees worldwide."""
XYZ,2025,1,"SEC EDGAR 10-K, Item 1 Human Capital Resources",https://www.sec.gov/Archives/edgar/data/1512673/000162828026012254/xyz-20251231.htm,2026-09-12,"heading ""Human Capital""; headcount: ""As of December 31, 2025, we had 10,205 full-time employees worldwide with 2,472 full-time employees outside the US."""
YUM,2025,1,"SEC EDGAR 10-K, Item 1 Human Capital Resources",https://www.sec.gov/Archives/edgar/data/1041061/000104106126000084/yum-20251231.htm,2026-09-12,"heading ""Human Capital""; headcount: ""t As of December 31, 2025, the Company and its subsidiaries employed approximately 49,000 persons (collectively referred to throughout this filing as ""our em"""
ZBH,2025,2,"SEC EDGAR 10-K, Item 1 Human Capital Resources",https://www.sec.gov/Archives/edgar/data/1136869/000119312526059853/zbh-20251231.htm,2026-09-12,"heading ""Human Capital""; headcount: ""As of December 31, 2025, we employed approximately 17,000 employees worldwide, including approximately 2,000 employees dedicated to research and development."" | safety: ""In 2025, our Total Recordable Incident Rate was 0.22 and our Lost Time Incident Rate was 0."""
ZBRA,2025,1,"SEC EDGAR 10-K, Item 1 Human Capital Resources",https://www.sec.gov/Archives/edgar/data/877212/000162828026007668/zbra-20251231.htm,2026-09-12,"heading ""Human Capital""; headcount: ""As of December 31, 2025, the Company had approximately 10,700 employees globally, with a majority in sales and technical roles."""
ZTS,2025,2,"SEC EDGAR 10-K, Item 1 Human Capital Resources",https://www.sec.gov/Archives/edgar/data/1555280/000155528026000011/zts-20251231.htm,2026-09-12,"heading ""Human Capital""; headcount: ""Management As of December 31, 2025, we had approximately 14,500 employees worldwide, which included approximately 6,800 employees in"" | turnover_retention: ""Our global voluntary attrition rate decreased to 7% in 2025 from 8% in 2024."""
