ticker,year,value,source,source_url,retrieved,note
A,2022,0.715,OSHA ITA Form 300A summary data,https://www.osha.gov/sites/default/files/ITA-data-cy2022.zip,2026-09-12,"34 recordable cases (10 days-away, 10 restricted) / 9516000 hours at 19 establishments, 4758 avg employees; matched by ein 17, sec name 2, ex-21 subsidiary 0; sites listed in social/raw/osha_establishments.csv"
A,2023,1.029,OSHA ITA Form 300A summary data,https://www.osha.gov/sites/default/files/ITA_300A_Summary_Data_2023_through_12-31-2024.zip,2026-09-12,"49 recordable cases (16 days-away, 19 restricted) / 9520000 hours at 17 establishments, 4759 avg employees; matched by ein 16, sec name 1, ex-21 subsidiary 0; sites listed in social/raw/osha_establishments.csv"
A,2024,0.869,OSHA ITA Form 300A summary data,https://www.osha.gov/sites/default/files/ITA_300A_Summary_Data_2024_through_12-31-2025.zip,2026-09-12,"36 recordable cases (18 days-away, 6 restricted) / 8282000 hours at 15 establishments, 4141 avg employees; matched by ein 14, sec name 1, ex-21 subsidiary 0; sites listed in social/raw/osha_establishments.csv"
AAPL,2022,4.888,OSHA ITA Form 300A summary data,https://www.osha.gov/sites/default/files/ITA-data-cy2022.zip,2026-09-12,"24 recordable cases (21 days-away, 2 restricted) / 982000 hours at 11 establishments, 491 avg employees; matched by ein 11, sec name 0, ex-21 subsidiary 0; sites listed in social/raw/osha_establishments.csv"
AAPL,2023,0.768,OSHA ITA Form 300A summary data,https://www.osha.gov/sites/default/files/ITA_300A_Summary_Data_2023_through_12-31-2024.zip,2026-09-12,"7 recordable cases (3 days-away, 2 restricted) / 1824000 hours at 16 establishments, 912 avg employees; matched by ein 0, sec name 16, ex-21 subsidiary 0; sites listed in social/raw/osha_establishments.csv"
ABBV,2022,0.587,OSHA ITA Form 300A summary data,https://www.osha.gov/sites/default/files/ITA-data-cy2022.zip,2026-09-12,"40 recordable cases (6 days-away, 17 restricted) / 13628463 hours at 12 establishments, 6480 avg employees; matched by ein 1, sec name 11, ex-21 subsidiary 0; sites listed in social/raw/osha_establishments.csv"
ABBV,2023,0.21,OSHA ITA Form 300A summary data,https://www.osha.gov/sites/default/files/ITA_300A_Summary_Data_2023_through_12-31-2024.zip,2026-09-12,"81 recordable cases (28 days-away, 7 restricted) / 77303043 hours at 10 establishments, 38038 avg employees; matched by ein 2, sec name 8, ex-21 subsidiary 0; sites listed in social/raw/osha_establishments.csv"
ABBV,2024,0.229,OSHA ITA Form 300A summary data,https://www.osha.gov/sites/default/files/ITA_300A_Summary_Data_2024_through_12-31-2025.zip,2026-09-12,"72 recordable cases (20 days-away, 16 restricted) / 62887640 hours at 19 establishments, 31281 avg employees; matched by ein 1, sec name 18, ex-21 subsidiary 0; sites listed in social/raw/osha_establishments.csv"
ABT,2022,0.539,OSHA ITA Form 300A summary data,https://www.osha.gov/sites/default/files/ITA-data-cy2022.zip,2026-09-12,"112 recordable cases (33 days-away, 48 restricted) / 41593393 hours at 20 establishments, 20770 avg employees; matched by ein 15, sec name 2, ex-21 subsidiary 3; sites listed in social/raw/osha_establishments.csv"
ABT,2023,0.489,OSHA ITA Form 300A summary data,https://www.osha.gov/sites/default/files/ITA_300A_Summary_Data_2023_through_12-31-2024.zip,2026-09-12,"73 recordable cases (27 days-away, 14 restricted) / 29826813 hours at 13 establishments, 14495 avg employees; matched by ein 13, sec name 0, ex-21 subsidiary 0; sites listed in social/raw/osha_establishments.csv"
ABT,2024,0.594,OSHA ITA Form 300A summary data,https://www.osha.gov/sites/default/files/ITA_300A_Summary_Data_2024_through_12-31-2025.zip,2026-09-12,"85 recordable cases (23 days-away, 31 restricted) / 28615101 hours at 13 establishments, 13722 avg employees; matched by ein 12, sec name 0, ex-21 subsidiary 1; sites listed in social/raw/osha_establishments.csv"
ADI,2022,0.646,OSHA ITA Form 300A summary data,https://www.osha.gov/sites/default/files/ITA-data-cy2022.zip,2026-09-12,"36 recordable cases (20 days-away, 5 restricted) / 11137563 hours at 24 establishments, 5563 avg employees; matched by ein 18, sec name 6, ex-21 subsidiary 0; sites listed in social/raw/osha_establishments.csv"
ADI,2023,0.514,OSHA ITA Form 300A summary data,https://www.osha.gov/sites/default/files/ITA_300A_Summary_Data_2023_through_12-31-2024.zip,2026-09-12,"35 recordable cases (21 days-away, 5 restricted) / 13608566 hours at 27 establishments, 6851 avg employees; matched by ein 10, sec name 17, ex-21 subsidiary 0; sites listed in social/raw/osha_establishments.csv"
ADI,2024,0.574,OSHA ITA Form 300A summary data,https://www.osha.gov/sites/default/files/ITA_300A_Summary_Data_2024_through_12-31-2025.zip,2026-09-12,"32 recordable cases (19 days-away, 4 restricted) / 11158435 hours at 21 establishments, 6326 avg employees; matched by ein 7, sec name 14, ex-21 subsidiary 0; sites listed in social/raw/osha_establishments.csv"
ADM,2022,1.34,OSHA ITA Form 300A summary data,https://www.osha.gov/sites/default/files/ITA-data-cy2022.zip,2026-09-12,"222 recordable cases (46 days-away, 88 restricted) / 33133044 hours at 351 establishments, 15381 avg employees; matched by ein 177, sec name 1, ex-21 subsidiary 173; sites listed in social/raw/osha_establishments.csv"
ADM,2023,1.071,OSHA ITA Form 300A summary data,https://www.osha.gov/sites/default/files/ITA_300A_Summary_Data_2023_through_12-31-2024.zip,2026-09-12,"156 recordable cases (44 days-away, 42 restricted) / 29135100 hours at 146 establishments, 14035 avg employees; matched by ein 74, sec name 1, ex-21 subsidiary 71; sites listed in social/raw/osha_establishments.csv"
ADM,2024,1.117,OSHA ITA Form 300A summary data,https://www.osha.gov/sites/default/files/ITA_300A_Summary_Data_2024_through_12-31-2025.zip,2026-09-12,"187 recordable cases (40 days-away, 51 restricted) / 33475681 hours at 152 establishments, 15389 avg employees; matched by ein 73, sec name 3, ex-21 subsidiary 76; sites listed in social/raw/osha_establishments.csv"
ADP,2022,0.235,OSHA ITA Form 300A summary data,https://www.osha.gov/sites/default/files/ITA-data-cy2022.zip,2026-09-12,"55 recordable cases (2 days-away, 0 restricted) / 46807299 hours at 100 establishments, 33959 avg employees; matched by ein 0, sec name 100, ex-21 subsidiary 0; sites listed in social/raw/osha_establishments.csv"
ADP,2023,0.315,OSHA ITA Form 300A summary data,https://www.osha.gov/sites/default/files/ITA_300A_Summary_Data_2023_through_12-31-2024.zip,2026-09-12,"73 recordable cases (5 days-away, 0 restricted) / 46390265 hours at 110 establishments, 33786 avg employees; matched by ein 0, sec name 110, ex-21 subsidiary 0; sites listed in social/raw/osha_establishments.csv"
ADP,2024,0.339,OSHA ITA Form 300A summary data,https://www.osha.gov/sites/default/files/ITA_300A_Summary_Data_2024_through_12-31-2025.zip,2026-09-12,"75 recordable cases (8 days-away, 0 restricted) / 44196290 hours at 106 establishments, 35048 avg employees; matched by ein 0, sec name 106, ex-21 subsidiary 0; sites listed in social/raw/osha_establishments.csv"
AEE,2022,1.032,OSHA ITA Form 300A summary data,https://www.osha.gov/sites/default/files/ITA-data-cy2022.zip,2026-09-12,"3 recordable cases (2 days-away, 1 restricted) / 581327 hours at 4 establishments, 289 avg employees; matched by ein 0, sec name 0, ex-21 subsidiary 4; sites listed in social/raw/osha_establishments.csv"
AEE,2023,2.071,OSHA ITA Form 300A summary data,https://www.osha.gov/sites/default/files/ITA_300A_Summary_Data_2023_through_12-31-2024.zip,2026-09-12,"6 recordable cases (4 days-away, 1 restricted) / 579490 hours at 4 establishments, 287 avg employees; matched by ein 0, sec name 0, ex-21 subsidiary 4; sites listed in social/raw/osha_establishments.csv"
AEE,2024,0.17,OSHA ITA Form 300A summary data,https://www.osha.gov/sites/default/files/ITA_300A_Summary_Data_2024_through_12-31-2025.zip,2026-09-12,"4 recordable cases (2 days-away, 1 restricted) / 4693535 hours at 126 establishments, 2291 avg employees; matched by ein 0, sec name 0, ex-21 subsidiary 126; sites listed in social/raw/osha_establishments.csv"
AEP,2022,2.914,OSHA ITA Form 300A summary data,https://www.osha.gov/sites/default/files/ITA-data-cy2022.zip,2026-09-12,"12 recordable cases (5 days-away, 1 restricted) / 823738 hours at 2 establishments, 437 avg employees; matched by ein 0, sec name 0, ex-21 subsidiary 2; sites listed in social/raw/osha_establishments.csv"
AEP,2023,3.459,OSHA ITA Form 300A summary data,https://www.osha.gov/sites/default/files/ITA_300A_Summary_Data_2023_through_12-31-2024.zip,2026-09-12,"16 recordable cases (2 days-away, 1 restricted) / 925139 hours at 3 establishments, 464 avg employees; matched by ein 0, sec name 0, ex-21 subsidiary 3; sites listed in social/raw/osha_establishments.csv"
AEP,2024,1.2,OSHA ITA Form 300A summary data,https://www.osha.gov/sites/default/files/ITA_300A_Summary_Data_2024_through_12-31-2025.zip,2026-09-12,"6 recordable cases (2 days-away, 1 restricted) / 999882 hours at 3 establishments, 532 avg employees; matched by ein 0, sec name 0, ex-21 subsidiary 3; sites listed in social/raw/osha_establishments.csv"
AES,2022,1.0,OSHA ITA Form 300A summary data,https://www.osha.gov/sites/default/files/ITA-data-cy2022.zip,2026-09-12,"10 recordable cases (1 days-away, 0 restricted) / 2000533 hours at 6 establishments, 970 avg employees; matched by ein 3, sec name 0, ex-21 subsidiary 3; sites listed in social/raw/osha_establishments.csv"
AES,2023,0.655,OSHA ITA Form 300A summary data,https://www.osha.gov/sites/default/files/ITA_300A_Summary_Data_2023_through_12-31-2024.zip,2026-09-12,"6 recordable cases (1 days-away, 2 restricted) / 1830688 hours at 4 establishments, 888 avg employees; matched by ein 1, sec name 0, ex-21 subsidiary 3; sites listed in social/raw/osha_establishments.csv"
AES,2024,0.317,OSHA ITA Form 300A summary data,https://www.osha.gov/sites/default/files/ITA_300A_Summary_Data_2024_through_12-31-2025.zip,2026-09-12,"4 recordable cases (0 days-away, 3 restricted) / 2527535 hours at 7 establishments, 1210 avg employees; matched by ein 5, sec name 0, ex-21 subsidiary 2; sites listed in social/raw/osha_establishments.csv"
AIZ,2022,3.825,OSHA ITA Form 300A summary data,https://www.osha.gov/sites/default/files/ITA-data-cy2022.zip,2026-09-12,"37 recordable cases (7 days-away, 16 restricted) / 1934552 hours at 2 establishments, 825 avg employees; matched by ein 1, sec name 0, ex-21 subsidiary 1; sites listed in social/raw/osha_establishments.csv"
ALB,2022,0.0,OSHA ITA Form 300A summary data,https://www.osha.gov/sites/default/files/ITA-data-cy2022.zip,2026-09-12,"0 recordable cases (0 days-away, 0 restricted) / 3604967 hours at 10 establishments, 1782 avg employees; matched by ein 5, sec name 3, ex-21 subsidiary 2; sites listed in social/raw/osha_establishments.csv"
ALB,2023,0.335,OSHA ITA Form 300A summary data,https://www.osha.gov/sites/default/files/ITA_300A_Summary_Data_2023_through_12-31-2024.zip,2026-09-12,"8 recordable cases (3 days-away, 1 restricted) / 4772448 hours at 11 establishments, 2161 avg employees; matched by ein 5, sec name 3, ex-21 subsidiary 3; sites listed in social/raw/osha_establishments.csv"
ALB,2024,0.053,OSHA ITA Form 300A summary data,https://www.osha.gov/sites/default/files/ITA_300A_Summary_Data_2024_through_12-31-2025.zip,2026-09-12,"1 recordable cases (0 days-away, 0 restricted) / 3799786 hours at 9 establishments, 1896 avg employees; matched by ein 4, sec name 1, ex-21 subsidiary 4; sites listed in social/raw/osha_establishments.csv"
ALGN,2023,0.088,OSHA ITA Form 300A summary data,https://www.osha.gov/sites/default/files/ITA_300A_Summary_Data_2023_through_12-31-2024.zip,2026-09-12,"1 recordable cases (0 days-away, 1 restricted) / 2276432 hours at 3 establishments, 1539 avg employees; matched by ein 1, sec name 2, ex-21 subsidiary 0; sites listed in social/raw/osha_establishments.csv"
ALLE,2022,1.894,OSHA ITA Form 300A summary data,https://www.osha.gov/sites/default/files/ITA-data-cy2022.zip,2026-09-12,"71 recordable cases (22 days-away, 16 restricted) / 7498924 hours at 35 establishments, 3676 avg employees; matched by ein 0, sec name 6, ex-21 subsidiary 29; sites listed in social/raw/osha_establishments.csv"
ALLE,2023,2.414,OSHA ITA Form 300A summary data,https://www.osha.gov/sites/default/files/ITA_300A_Summary_Data_2023_through_12-31-2024.zip,2026-09-12,"78 recordable cases (22 days-away, 30 restricted) / 6462763 hours at 35 establishments, 3069 avg employees; matched by ein 0, sec name 6, ex-21 subsidiary 29; sites listed in social/raw/osha_establishments.csv"
ALLE,2024,2.013,OSHA ITA Form 300A summary data,https://www.osha.gov/sites/default/files/ITA_300A_Summary_Data_2024_through_12-31-2025.zip,2026-09-12,"43 recordable cases (10 days-away, 18 restricted) / 4271220 hours at 10 establishments, 2231 avg employees; matched by ein 0, sec name 6, ex-21 subsidiary 4; sites listed in social/raw/osha_establishments.csv"
AMAT,2022,0.609,OSHA ITA Form 300A summary data,https://www.osha.gov/sites/default/files/ITA-data-cy2022.zip,2026-09-12,"108 recordable cases (25 days-away, 45 restricted) / 35446400 hours at 21 establishments, 16172 avg employees; matched by ein 20, sec name 1, ex-21 subsidiary 0; sites listed in social/raw/osha_establishments.csv"
AMAT,2023,0.566,OSHA ITA Form 300A summary data,https://www.osha.gov/sites/default/files/ITA_300A_Summary_Data_2023_through_12-31-2024.zip,2026-09-12,"84 recordable cases (27 days-away, 39 restricted) / 29699800 hours at 24 establishments, 14285 avg employees; matched by ein 0, sec name 24, ex-21 subsidiary 0; sites listed in social/raw/osha_establishments.csv"
AMAT,2024,0.527,OSHA ITA Form 300A summary data,https://www.osha.gov/sites/default/files/ITA_300A_Summary_Data_2024_through_12-31-2025.zip,2026-09-12,"93 recordable cases (29 days-away, 43 restricted) / 35264670 hours at 32 establishments, 15828 avg employees; matched by ein 32, sec name 0, ex-21 subsidiary 0; sites listed in social/raw/osha_establishments.csv"
AMCR,2022,1.128,OSHA ITA Form 300A summary data,https://www.osha.gov/sites/default/files/ITA-data-cy2022.zip,2026-09-12,"72 recordable cases (25 days-away, 20 restricted) / 12766219 hours at 26 establishments, 5999 avg employees; matched by ein 0, sec name 18, ex-21 subsidiary 8; sites listed in social/raw/osha_establishments.csv"
AMCR,2023,1.118,OSHA ITA Form 300A summary data,https://www.osha.gov/sites/default/files/ITA_300A_Summary_Data_2023_through_12-31-2024.zip,2026-09-12,"56 recordable cases (19 days-away, 12 restricted) / 10020110 hours at 23 establishments, 4853 avg employees; matched by ein 0, sec name 15, ex-21 subsidiary 8; sites listed in social/raw/osha_establishments.csv"
AMCR,2024,1.171,OSHA ITA Form 300A summary data,https://www.osha.gov/sites/default/files/ITA_300A_Summary_Data_2024_through_12-31-2025.zip,2026-09-12,"57 recordable cases (18 days-away, 11 restricted) / 9737545 hours at 21 establishments, 4817 avg employees; matched by ein 0, sec name 12, ex-21 subsidiary 9; sites listed in social/raw/osha_establishments.csv"
AME,2022,1.402,OSHA ITA Form 300A summary data,https://www.osha.gov/sites/default/files/ITA-data-cy2022.zip,2026-09-12,"117 recordable cases (33 days-away, 42 restricted) / 16684809 hours at 87 establishments, 8640 avg employees; matched by ein 14, sec name 73, ex-21 subsidiary 0; sites listed in social/raw/osha_establishments.csv"
AME,2023,2.117,OSHA ITA Form 300A summary data,https://www.osha.gov/sites/default/files/ITA_300A_Summary_Data_2023_through_12-31-2024.zip,2026-09-12,"55 recordable cases (11 days-away, 22 restricted) / 5195206 hours at 28 establishments, 2612 avg employees; matched by ein 12, sec name 10, ex-21 subsidiary 6; sites listed in social/raw/osha_establishments.csv"
AME,2024,1.656,OSHA ITA Form 300A summary data,https://www.osha.gov/sites/default/files/ITA_300A_Summary_Data_2024_through_12-31-2025.zip,2026-09-12,"24 recordable cases (6 days-away, 9 restricted) / 2898030 hours at 16 establishments, 1501 avg employees; matched by ein 10, sec name 0, ex-21 subsidiary 6; sites listed in social/raw/osha_establishments.csv"
AMGN,2022,0.235,OSHA ITA Form 300A summary data,https://www.osha.gov/sites/default/files/ITA-data-cy2022.zip,2026-09-12,"23 recordable cases (6 days-away, 8 restricted) / 19571868 hours at 5 establishments, 9786 avg employees; matched by ein 0, sec name 4, ex-21 subsidiary 1; sites listed in social/raw/osha_establishments.csv"
AMGN,2023,0.29,OSHA ITA Form 300A summary data,https://www.osha.gov/sites/default/files/ITA_300A_Summary_Data_2023_through_12-31-2024.zip,2026-09-12,"28 recordable cases (12 days-away, 4 restricted) / 19304138 hours at 6 establishments, 9652 avg employees; matched by ein 0, sec name 5, ex-21 subsidiary 1; sites listed in social/raw/osha_establishments.csv"
AMGN,2024,0.165,OSHA ITA Form 300A summary data,https://www.osha.gov/sites/default/files/ITA_300A_Summary_Data_2024_through_12-31-2025.zip,2026-09-12,"25 recordable cases (7 days-away, 8 restricted) / 30269596 hours at 10 establishments, 15134 avg employees; matched by ein 0, sec name 9, ex-21 subsidiary 1; sites listed in social/raw/osha_establishments.csv"
AMT,2022,0.256,OSHA ITA Form 300A summary data,https://www.osha.gov/sites/default/files/ITA-data-cy2022.zip,2026-09-12,"5 recordable cases (1 days-away, 0 restricted) / 3912473 hours at 13 establishments, 2195 avg employees; matched by ein 13, sec name 0, ex-21 subsidiary 0; sites listed in social/raw/osha_establishments.csv"
AMT,2023,0.054,OSHA ITA Form 300A summary data,https://www.osha.gov/sites/default/files/ITA_300A_Summary_Data_2023_through_12-31-2024.zip,2026-09-12,"1 recordable cases (1 days-away, 0 restricted) / 3729894 hours at 1 establishments, 1725 avg employees; matched by ein 1, sec name 0, ex-21 subsidiary 0; sites listed in social/raw/osha_establishments.csv"
AMT,2024,0.378,OSHA ITA Form 300A summary data,https://www.osha.gov/sites/default/files/ITA_300A_Summary_Data_2024_through_12-31-2025.zip,2026-09-12,"7 recordable cases (3 days-away, 2 restricted) / 3701396 hours at 1 establishments, 1896 avg employees; matched by ein 1, sec name 0, ex-21 subsidiary 0; sites listed in social/raw/osha_establishments.csv"
AMZN,2022,6.908,OSHA ITA Form 300A summary data,https://www.osha.gov/sites/default/files/ITA-data-cy2022.zip,2026-09-12,"38840 recordable cases (9388 days-away, 27308 restricted) / 1124556272 hours at 1102 establishments, 722317 avg employees; matched by ein 0, sec name 10, ex-21 subsidiary 1092; sites listed in social/raw/osha_establishments.csv"
AMZN,2023,6.474,OSHA ITA Form 300A summary data,https://www.osha.gov/sites/default/files/ITA_300A_Summary_Data_2023_through_12-31-2024.zip,2026-09-12,"38442 recordable cases (8092 days-away, 28155 restricted) / 1187572298 hours at 1053 establishments, 738273 avg employees; matched by ein 0, sec name 7, ex-21 subsidiary 1046; sites listed in social/raw/osha_establishments.csv"
AMZN,2024,5.995,OSHA ITA Form 300A summary data,https://www.osha.gov/sites/default/files/ITA_300A_Summary_Data_2024_through_12-31-2025.zip,2026-09-12,"39163 recordable cases (7645 days-away, 29141 restricted) / 1306537905 hours at 1111 establishments, 815763 avg employees; matched by ein 0, sec name 4, ex-21 subsidiary 1107; sites listed in social/raw/osha_establishments.csv"
AOS,2022,2.349,OSHA ITA Form 300A summary data,https://www.osha.gov/sites/default/files/ITA-data-cy2022.zip,2026-09-12,"60 recordable cases (10 days-away, 21 restricted) / 5107726 hours at 5 establishments, 2589 avg employees; matched by ein 1, sec name 4, ex-21 subsidiary 0; sites listed in social/raw/osha_establishments.csv"
AOS,2023,2.793,OSHA ITA Form 300A summary data,https://www.osha.gov/sites/default/files/ITA_300A_Summary_Data_2023_through_12-31-2024.zip,2026-09-12,"69 recordable cases (16 days-away, 28 restricted) / 4941128 hours at 4 establishments, 2644 avg employees; matched by ein 1, sec name 2, ex-21 subsidiary 1; sites listed in social/raw/osha_establishments.csv"
AOS,2024,2.138,OSHA ITA Form 300A summary data,https://www.osha.gov/sites/default/files/ITA_300A_Summary_Data_2024_through_12-31-2025.zip,2026-09-12,"68 recordable cases (14 days-away, 32 restricted) / 6360955 hours at 8 establishments, 3154 avg employees; matched by ein 1, sec name 6, ex-21 subsidiary 1; sites listed in social/raw/osha_establishments.csv"
APD,2022,0.839,OSHA ITA Form 300A summary data,https://www.osha.gov/sites/default/files/ITA-data-cy2022.zip,2026-09-12,"25 recordable cases (6 days-away, 7 restricted) / 5955938 hours at 43 establishments, 2758 avg employees; matched by ein 43, sec name 0, ex-21 subsidiary 0; sites listed in social/raw/osha_establishments.csv"
APD,2023,0.979,OSHA ITA Form 300A summary data,https://www.osha.gov/sites/default/files/ITA_300A_Summary_Data_2023_through_12-31-2024.zip,2026-09-12,"27 recordable cases (6 days-away, 10 restricted) / 5514177 hours at 41 establishments, 2384 avg employees; matched by ein 41, sec name 0, ex-21 subsidiary 0; sites listed in social/raw/osha_establishments.csv"
APD,2024,0.97,OSHA ITA Form 300A summary data,https://www.osha.gov/sites/default/files/ITA_300A_Summary_Data_2024_through_12-31-2025.zip,2026-09-12,"26 recordable cases (5 days-away, 7 restricted) / 5362522 hours at 44 establishments, 2545 avg employees; matched by ein 40, sec name 3, ex-21 subsidiary 1; sites listed in social/raw/osha_establishments.csv"
APH,2022,2.196,OSHA ITA Form 300A summary data,https://www.osha.gov/sites/default/files/ITA-data-cy2022.zip,2026-09-12,"98 recordable cases (39 days-away, 18 restricted) / 8923812 hours at 30 establishments, 4607 avg employees; matched by ein 5, sec name 1, ex-21 subsidiary 24; sites listed in social/raw/osha_establishments.csv"
APH,2023,2.018,OSHA ITA Form 300A summary data,https://www.osha.gov/sites/default/files/ITA_300A_Summary_Data_2023_through_12-31-2024.zip,2026-09-12,"130 recordable cases (57 days-away, 26 restricted) / 12881946 hours at 42 establishments, 6154 avg employees; matched by ein 5, sec name 5, ex-21 subsidiary 32; sites listed in social/raw/osha_establishments.csv"
APH,2024,2.5,OSHA ITA Form 300A summary data,https://www.osha.gov/sites/default/files/ITA_300A_Summary_Data_2024_through_12-31-2025.zip,2026-09-12,"114 recordable cases (46 days-away, 43 restricted) / 9119711 hours at 30 establishments, 4692 avg employees; matched by ein 3, sec name 2, ex-21 subsidiary 25; sites listed in social/raw/osha_establishments.csv"
APTV,2022,2.903,OSHA ITA Form 300A summary data,https://www.osha.gov/sites/default/files/ITA-data-cy2022.zip,2026-09-12,"30 recordable cases (17 days-away, 8 restricted) / 2066482 hours at 6 establishments, 1121 avg employees; matched by ein 0, sec name 3, ex-21 subsidiary 3; sites listed in social/raw/osha_establishments.csv"
APTV,2023,4.611,OSHA ITA Form 300A summary data,https://www.osha.gov/sites/default/files/ITA_300A_Summary_Data_2023_through_12-31-2024.zip,2026-09-12,"33 recordable cases (13 days-away, 12 restricted) / 1431225 hours at 5 establishments, 810 avg employees; matched by ein 0, sec name 4, ex-21 subsidiary 1; sites listed in social/raw/osha_establishments.csv"
APTV,2024,4.438,OSHA ITA Form 300A summary data,https://www.osha.gov/sites/default/files/ITA_300A_Summary_Data_2024_through_12-31-2025.zip,2026-09-12,"29 recordable cases (14 days-away, 6 restricted) / 1306766 hours at 5 establishments, 681 avg employees; matched by ein 0, sec name 3, ex-21 subsidiary 2; sites listed in social/raw/osha_establishments.csv"
ARE,2022,0.0,OSHA ITA Form 300A summary data,https://www.osha.gov/sites/default/files/ITA-data-cy2022.zip,2026-09-12,"0 recordable cases (0 days-away, 0 restricted) / 749399 hours at 7 establishments, 554 avg employees; matched by ein 7, sec name 0, ex-21 subsidiary 0; sites listed in social/raw/osha_establishments.csv"
ARE,2023,0.615,OSHA ITA Form 300A summary data,https://www.osha.gov/sites/default/files/ITA_300A_Summary_Data_2023_through_12-31-2024.zip,2026-09-12,"3 recordable cases (1 days-away, 0 restricted) / 975352 hours at 7 establishments, 543 avg employees; matched by ein 7, sec name 0, ex-21 subsidiary 0; sites listed in social/raw/osha_establishments.csv"
ARE,2024,1.074,OSHA ITA Form 300A summary data,https://www.osha.gov/sites/default/files/ITA_300A_Summary_Data_2024_through_12-31-2025.zip,2026-09-12,"5 recordable cases (1 days-away, 0 restricted) / 931367 hours at 7 establishments, 521 avg employees; matched by ein 7, sec name 0, ex-21 subsidiary 0; sites listed in social/raw/osha_establishments.csv"
ATO,2022,2.9,OSHA ITA Form 300A summary data,https://www.osha.gov/sites/default/files/ITA-data-cy2022.zip,2026-09-12,"129 recordable cases (76 days-away, 8 restricted) / 8897621 hours at 148 establishments, 4515 avg employees; matched by ein 148, sec name 0, ex-21 subsidiary 0; sites listed in social/raw/osha_establishments.csv"
ATO,2023,3.156,OSHA ITA Form 300A summary data,https://www.osha.gov/sites/default/files/ITA_300A_Summary_Data_2023_through_12-31-2024.zip,2026-09-12,"145 recordable cases (75 days-away, 9 restricted) / 9187603 hours at 148 establishments, 4960 avg employees; matched by ein 148, sec name 0, ex-21 subsidiary 0; sites listed in social/raw/osha_establishments.csv"
ATO,2024,2.904,OSHA ITA Form 300A summary data,https://www.osha.gov/sites/default/files/ITA_300A_Summary_Data_2024_through_12-31-2025.zip,2026-09-12,"154 recordable cases (89 days-away, 23 restricted) / 10605010 hours at 147 establishments, 5655 avg employees; matched by ein 147, sec name 0, ex-21 subsidiary 0; sites listed in social/raw/osha_establishments.csv"
AVGO,2022,0.309,OSHA ITA Form 300A summary data,https://www.osha.gov/sites/default/files/ITA-data-cy2022.zip,2026-09-12,"23 recordable cases (9 days-away, 2 restricted) / 14870000 hours at 19 establishments, 7435 avg employees; matched by ein 0, sec name 19, ex-21 subsidiary 0; sites listed in social/raw/osha_establishments.csv"
AVGO,2023,0.226,OSHA ITA Form 300A summary data,https://www.osha.gov/sites/default/files/ITA_300A_Summary_Data_2023_through_12-31-2024.zip,2026-09-12,"17 recordable cases (6 days-away, 1 restricted) / 15046000 hours at 19 establishments, 7523 avg employees; matched by ein 0, sec name 19, ex-21 subsidiary 0; sites listed in social/raw/osha_establishments.csv"
AVGO,2024,0.21,OSHA ITA Form 300A summary data,https://www.osha.gov/sites/default/files/ITA_300A_Summary_Data_2024_through_12-31-2025.zip,2026-09-12,"15 recordable cases (7 days-away, 1 restricted) / 14278000 hours at 18 establishments, 7139 avg employees; matched by ein 0, sec name 18, ex-21 subsidiary 0; sites listed in social/raw/osha_establishments.csv"
AVY,2022,1.364,OSHA ITA Form 300A summary data,https://www.osha.gov/sites/default/files/ITA-data-cy2022.zip,2026-09-12,"48 recordable cases (12 days-away, 16 restricted) / 7039948 hours at 31 establishments, 3666 avg employees; matched by ein 23, sec name 7, ex-21 subsidiary 1; sites listed in social/raw/osha_establishments.csv"
AVY,2023,0.639,OSHA ITA Form 300A summary data,https://www.osha.gov/sites/default/files/ITA_300A_Summary_Data_2023_through_12-31-2024.zip,2026-09-12,"23 recordable cases (8 days-away, 8 restricted) / 7201757 hours at 30 establishments, 3682 avg employees; matched by ein 21, sec name 7, ex-21 subsidiary 2; sites listed in social/raw/osha_establishments.csv"
AVY,2024,0.87,OSHA ITA Form 300A summary data,https://www.osha.gov/sites/default/files/ITA_300A_Summary_Data_2024_through_12-31-2025.zip,2026-09-12,"22 recordable cases (11 days-away, 5 restricted) / 5058343 hours at 27 establishments, 2605 avg employees; matched by ein 18, sec name 5, ex-21 subsidiary 4; sites listed in social/raw/osha_establishments.csv"
AWK,2022,1.346,OSHA ITA Form 300A summary data,https://www.osha.gov/sites/default/files/ITA-data-cy2022.zip,2026-09-12,"46 recordable cases (17 days-away, 8 restricted) / 6836339 hours at 59 establishments, 3530 avg employees; matched by ein 0, sec name 2, ex-21 subsidiary 57; sites listed in social/raw/osha_establishments.csv"
AWK,2023,1.428,OSHA ITA Form 300A summary data,https://www.osha.gov/sites/default/files/ITA_300A_Summary_Data_2023_through_12-31-2024.zip,2026-09-12,"36 recordable cases (16 days-away, 2 restricted) / 5042970 hours at 51 establishments, 2590 avg employees; matched by ein 0, sec name 1, ex-21 subsidiary 50; sites listed in social/raw/osha_establishments.csv"
AWK,2024,0.62,OSHA ITA Form 300A summary data,https://www.osha.gov/sites/default/files/ITA_300A_Summary_Data_2024_through_12-31-2025.zip,2026-09-12,"15 recordable cases (4 days-away, 1 restricted) / 4835488 hours at 58 establishments, 2532 avg employees; matched by ein 0, sec name 4, ex-21 subsidiary 54; sites listed in social/raw/osha_establishments.csv"
BA,2022,2.797,OSHA ITA Form 300A summary data,https://www.osha.gov/sites/default/files/ITA-data-cy2022.zip,2026-09-12,"3575 recordable cases (1616 days-away, 1219 restricted) / 255671419 hours at 113 establishments, 130209 avg employees; matched by ein 102, sec name 1, ex-21 subsidiary 10; sites listed in social/raw/osha_establishments.csv"
BA,2023,2.07,OSHA ITA Form 300A summary data,https://www.osha.gov/sites/default/files/ITA_300A_Summary_Data_2023_through_12-31-2024.zip,2026-09-12,"2652 recordable cases (751 days-away, 1260 restricted) / 256238476 hours at 85 establishments, 126963 avg employees; matched by ein 76, sec name 0, ex-21 subsidiary 9; sites listed in social/raw/osha_establishments.csv"
BA,2024,2.097,OSHA ITA Form 300A summary data,https://www.osha.gov/sites/default/files/ITA_300A_Summary_Data_2024_through_12-31-2025.zip,2026-09-12,"2546 recordable cases (764 days-away, 1213 restricted) / 242828381 hours at 92 establishments, 123462 avg employees; matched by ein 77, sec name 1, ex-21 subsidiary 14; sites listed in social/raw/osha_establishments.csv"
BALL,2022,2.453,OSHA ITA Form 300A summary data,https://www.osha.gov/sites/default/files/ITA-data-cy2022.zip,2026-09-12,"142 recordable cases (44 days-away, 45 restricted) / 11578418 hours at 23 establishments, 5681 avg employees; matched by ein 1, sec name 22, ex-21 subsidiary 0; sites listed in social/raw/osha_establishments.csv"
BALL,2023,1.583,OSHA ITA Form 300A summary data,https://www.osha.gov/sites/default/files/ITA_300A_Summary_Data_2023_through_12-31-2024.zip,2026-09-12,"86 recordable cases (28 days-away, 27 restricted) / 10867865 hours at 22 establishments, 5355 avg employees; matched by ein 2, sec name 20, ex-21 subsidiary 0; sites listed in social/raw/osha_establishments.csv"
BALL,2024,2.083,OSHA ITA Form 300A summary data,https://www.osha.gov/sites/default/files/ITA_300A_Summary_Data_2024_through_12-31-2025.zip,2026-09-12,"107 recordable cases (27 days-away, 27 restricted) / 10274032 hours at 22 establishments, 5100 avg employees; matched by ein 2, sec name 19, ex-21 subsidiary 1; sites listed in social/raw/osha_establishments.csv"
BAX,2022,0.937,OSHA ITA Form 300A summary data,https://www.osha.gov/sites/default/files/ITA-data-cy2022.zip,2026-09-12,"102 recordable cases (27 days-away, 32 restricted) / 21770016 hours at 26 establishments, 11132 avg employees; matched by ein 20, sec name 1, ex-21 subsidiary 5; sites listed in social/raw/osha_establishments.csv"
BAX,2023,0.446,OSHA ITA Form 300A summary data,https://www.osha.gov/sites/default/files/ITA_300A_Summary_Data_2023_through_12-31-2024.zip,2026-09-12,"47 recordable cases (8 days-away, 16 restricted) / 21073290 hours at 16 establishments, 11769 avg employees; matched by ein 4, sec name 2, ex-21 subsidiary 10; sites listed in social/raw/osha_establishments.csv"
BAX,2024,0.412,OSHA ITA Form 300A summary data,https://www.osha.gov/sites/default/files/ITA_300A_Summary_Data_2024_through_12-31-2025.zip,2026-09-12,"27 recordable cases (9 days-away, 10 restricted) / 13113375 hours at 10 establishments, 8539 avg employees; matched by ein 6, sec name 0, ex-21 subsidiary 4; sites listed in social/raw/osha_establishments.csv"
BBY,2022,6.714,OSHA ITA Form 300A summary data,https://www.osha.gov/sites/default/files/ITA-data-cy2022.zip,2026-09-12,"766 recordable cases (542 days-away, 80 restricted) / 22819129 hours at 56 establishments, 13758 avg employees; matched by ein 0, sec name 56, ex-21 subsidiary 0; sites listed in social/raw/osha_establishments.csv"
BDX,2022,1.053,OSHA ITA Form 300A summary data,https://www.osha.gov/sites/default/files/ITA-data-cy2022.zip,2026-09-12,"76 recordable cases (37 days-away, 22 restricted) / 14437617 hours at 18 establishments, 7257 avg employees; matched by ein 9, sec name 6, ex-21 subsidiary 3; sites listed in social/raw/osha_establishments.csv"
BDX,2023,0.667,OSHA ITA Form 300A summary data,https://www.osha.gov/sites/default/files/ITA_300A_Summary_Data_2023_through_12-31-2024.zip,2026-09-12,"43 recordable cases (15 days-away, 15 restricted) / 12888815 hours at 18 establishments, 6514 avg employees; matched by ein 10, sec name 7, ex-21 subsidiary 1; sites listed in social/raw/osha_establishments.csv"
BDX,2024,0.516,OSHA ITA Form 300A summary data,https://www.osha.gov/sites/default/files/ITA_300A_Summary_Data_2024_through_12-31-2025.zip,2026-09-12,"25 recordable cases (12 days-away, 4 restricted) / 9699279 hours at 14 establishments, 4883 avg employees; matched by ein 6, sec name 6, ex-21 subsidiary 2; sites listed in social/raw/osha_establishments.csv"
BEN,2022,6.354,OSHA ITA Form 300A summary data,https://www.osha.gov/sites/default/files/ITA-data-cy2022.zip,2026-09-12,"88 recordable cases (25 days-away, 26 restricted) / 2770033 hours at 16 establishments, 1500 avg employees; matched by ein 0, sec name 0, ex-21 subsidiary 16; sites listed in social/raw/osha_establishments.csv"
BEN,2023,5.623,OSHA ITA Form 300A summary data,https://www.osha.gov/sites/default/files/ITA_300A_Summary_Data_2023_through_12-31-2024.zip,2026-09-12,"65 recordable cases (10 days-away, 18 restricted) / 2312114 hours at 13 establishments, 1248 avg employees; matched by ein 0, sec name 0, ex-21 subsidiary 13; sites listed in social/raw/osha_establishments.csv"
BEN,2024,4.778,OSHA ITA Form 300A summary data,https://www.osha.gov/sites/default/files/ITA_300A_Summary_Data_2024_through_12-31-2025.zip,2026-09-12,"63 recordable cases (14 days-away, 18 restricted) / 2637153 hours at 3 establishments, 1098 avg employees; matched by ein 0, sec name 0, ex-21 subsidiary 3; sites listed in social/raw/osha_establishments.csv"
BF.B,2022,3.837,OSHA ITA Form 300A summary data,https://www.osha.gov/sites/default/files/ITA-data-cy2022.zip,2026-09-12,"27 recordable cases (7 days-away, 11 restricted) / 1407335 hours at 7 establishments, 767 avg employees; matched by ein 6, sec name 1, ex-21 subsidiary 0; sites listed in social/raw/osha_establishments.csv"
BF.B,2023,2.243,OSHA ITA Form 300A summary data,https://www.osha.gov/sites/default/files/ITA_300A_Summary_Data_2023_through_12-31-2024.zip,2026-09-12,"9 recordable cases (2 days-away, 2 restricted) / 802426 hours at 4 establishments, 450 avg employees; matched by ein 3, sec name 1, ex-21 subsidiary 0; sites listed in social/raw/osha_establishments.csv"
BF.B,2024,3.939,OSHA ITA Form 300A summary data,https://www.osha.gov/sites/default/files/ITA_300A_Summary_Data_2024_through_12-31-2025.zip,2026-09-12,"10 recordable cases (3 days-away, 5 restricted) / 507691 hours at 3 establishments, 309 avg employees; matched by ein 3, sec name 0, ex-21 subsidiary 0; sites listed in social/raw/osha_establishments.csv"
BG,2022,3.026,OSHA ITA Form 300A summary data,https://www.osha.gov/sites/default/files/ITA-data-cy2022.zip,2026-09-12,"60 recordable cases (17 days-away, 24 restricted) / 3966176 hours at 21 establishments, 1899 avg employees; matched by ein 0, sec name 0, ex-21 subsidiary 21; sites listed in social/raw/osha_establishments.csv"
BG,2023,3.961,OSHA ITA Form 300A summary data,https://www.osha.gov/sites/default/files/ITA_300A_Summary_Data_2023_through_12-31-2024.zip,2026-09-12,"86 recordable cases (31 days-away, 36 restricted) / 4342848 hours at 22 establishments, 2132 avg employees; matched by ein 0, sec name 0, ex-21 subsidiary 22; sites listed in social/raw/osha_establishments.csv"
BG,2024,4.556,OSHA ITA Form 300A summary data,https://www.osha.gov/sites/default/files/ITA_300A_Summary_Data_2024_through_12-31-2025.zip,2026-09-12,"104 recordable cases (36 days-away, 35 restricted) / 4565579 hours at 22 establishments, 2350 avg employees; matched by ein 0, sec name 0, ex-21 subsidiary 22; sites listed in social/raw/osha_establishments.csv"
BIIB,2022,0.227,OSHA ITA Form 300A summary data,https://www.osha.gov/sites/default/files/ITA-data-cy2022.zip,2026-09-12,"12 recordable cases (2 days-away, 8 restricted) / 10553034 hours at 6 establishments, 5285 avg employees; matched by ein 3, sec name 2, ex-21 subsidiary 1; sites listed in social/raw/osha_establishments.csv"
BIIB,2023,0.293,OSHA ITA Form 300A summary data,https://www.osha.gov/sites/default/files/ITA_300A_Summary_Data_2023_through_12-31-2024.zip,2026-09-12,"15 recordable cases (6 days-away, 5 restricted) / 10231450 hours at 7 establishments, 5116 avg employees; matched by ein 4, sec name 2, ex-21 subsidiary 1; sites listed in social/raw/osha_establishments.csv"
BIIB,2024,0.362,OSHA ITA Form 300A summary data,https://www.osha.gov/sites/default/files/ITA_300A_Summary_Data_2024_through_12-31-2025.zip,2026-09-12,"16 recordable cases (5 days-away, 5 restricted) / 8851171 hours at 5 establishments, 4417 avg employees; matched by ein 2, sec name 3, ex-21 subsidiary 0; sites listed in social/raw/osha_establishments.csv"
BKR,2022,0.197,OSHA ITA Form 300A summary data,https://www.osha.gov/sites/default/files/ITA-data-cy2022.zip,2026-09-12,"9 recordable cases (4 days-away, 4 restricted) / 9114635 hours at 9 establishments, 4041 avg employees; matched by ein 0, sec name 9, ex-21 subsidiary 0; sites listed in social/raw/osha_establishments.csv"
BKR,2023,0.213,OSHA ITA Form 300A summary data,https://www.osha.gov/sites/default/files/ITA_300A_Summary_Data_2023_through_12-31-2024.zip,2026-09-12,"11 recordable cases (4 days-away, 7 restricted) / 10352792 hours at 12 establishments, 4576 avg employees; matched by ein 0, sec name 12, ex-21 subsidiary 0; sites listed in social/raw/osha_establishments.csv"
BKR,2024,0.68,OSHA ITA Form 300A summary data,https://www.osha.gov/sites/default/files/ITA_300A_Summary_Data_2024_through_12-31-2025.zip,2026-09-12,"23 recordable cases (4 days-away, 8 restricted) / 6765170 hours at 7 establishments, 2860 avg employees; matched by ein 0, sec name 7, ex-21 subsidiary 0; sites listed in social/raw/osha_establishments.csv"
BLDR,2022,2.275,OSHA ITA Form 300A summary data,https://www.osha.gov/sites/default/files/ITA-data-cy2022.zip,2026-09-12,"675 recordable cases (111 days-away, 185 restricted) / 59338489 hours at 517 establishments, 31558 avg employees; matched by ein 0, sec name 517, ex-21 subsidiary 0; sites listed in social/raw/osha_establishments.csv"
BLDR,2023,1.562,OSHA ITA Form 300A summary data,https://www.osha.gov/sites/default/files/ITA_300A_Summary_Data_2023_through_12-31-2024.zip,2026-09-12,"482 recordable cases (102 days-away, 165 restricted) / 61715030 hours at 829 establishments, 32609 avg employees; matched by ein 829, sec name 0, ex-21 subsidiary 0; sites listed in social/raw/osha_establishments.csv"
BLDR,2024,1.441,OSHA ITA Form 300A summary data,https://www.osha.gov/sites/default/files/ITA_300A_Summary_Data_2024_through_12-31-2025.zip,2026-09-12,"426 recordable cases (108 days-away, 164 restricted) / 59123308 hours at 778 establishments, 30149 avg employees; matched by ein 778, sec name 0, ex-21 subsidiary 0; sites listed in social/raw/osha_establishments.csv"
BMY,2022,1.253,OSHA ITA Form 300A summary data,https://www.osha.gov/sites/default/files/ITA-data-cy2022.zip,2026-09-12,"129 recordable cases (87 days-away, 27 restricted) / 20583743 hours at 13 establishments, 10629 avg employees; matched by ein 2, sec name 9, ex-21 subsidiary 2; sites listed in social/raw/osha_establishments.csv"
BMY,2023,0.6,OSHA ITA Form 300A summary data,https://www.osha.gov/sites/default/files/ITA_300A_Summary_Data_2023_through_12-31-2024.zip,2026-09-12,"55 recordable cases (15 days-away, 21 restricted) / 18346721 hours at 13 establishments, 9313 avg employees; matched by ein 4, sec name 8, ex-21 subsidiary 1; sites listed in social/raw/osha_establishments.csv"
BMY,2024,0.575,OSHA ITA Form 300A summary data,https://www.osha.gov/sites/default/files/ITA_300A_Summary_Data_2024_through_12-31-2025.zip,2026-09-12,"66 recordable cases (31 days-away, 16 restricted) / 22950338 hours at 14 establishments, 11280 avg employees; matched by ein 4, sec name 9, ex-21 subsidiary 1; sites listed in social/raw/osha_establishments.csv"
BR,2022,6.003,OSHA ITA Form 300A summary data,https://www.osha.gov/sites/default/files/ITA-data-cy2022.zip,2026-09-12,"53 recordable cases (14 days-away, 29 restricted) / 1765673 hours at 2 establishments, 725 avg employees; matched by ein 0, sec name 2, ex-21 subsidiary 0; sites listed in social/raw/osha_establishments.csv"
BR,2023,4.074,OSHA ITA Form 300A summary data,https://www.osha.gov/sites/default/files/ITA_300A_Summary_Data_2023_through_12-31-2024.zip,2026-09-12,"58 recordable cases (28 days-away, 24 restricted) / 2847283 hours at 3 establishments, 1418 avg employees; matched by ein 0, sec name 2, ex-21 subsidiary 1; sites listed in social/raw/osha_establishments.csv"
BR,2024,2.815,OSHA ITA Form 300A summary data,https://www.osha.gov/sites/default/files/ITA_300A_Summary_Data_2024_through_12-31-2025.zip,2026-09-12,"61 recordable cases (29 days-away, 24 restricted) / 4334469 hours at 5 establishments, 1992 avg employees; matched by ein 2, sec name 2, ex-21 subsidiary 1; sites listed in social/raw/osha_establishments.csv"
BRK.B,2022,4.057,OSHA ITA Form 300A summary data,https://www.osha.gov/sites/default/files/ITA-data-cy2022.zip,2026-09-12,"1158 recordable cases (271 days-away, 578 restricted) / 57082043 hours at 116 establishments, 32221 avg employees; matched by ein 0, sec name 2, ex-21 subsidiary 114; sites listed in social/raw/osha_establishments.csv"
BRK.B,2023,2.598,OSHA ITA Form 300A summary data,https://www.osha.gov/sites/default/files/ITA_300A_Summary_Data_2023_through_12-31-2024.zip,2026-09-12,"923 recordable cases (242 days-away, 431 restricted) / 71067206 hours at 168 establishments, 38474 avg employees; matched by ein 0, sec name 1, ex-21 subsidiary 167; sites listed in social/raw/osha_establishments.csv"
BRK.B,2024,3.07,OSHA ITA Form 300A summary data,https://www.osha.gov/sites/default/files/ITA_300A_Summary_Data_2024_through_12-31-2025.zip,2026-09-12,"972 recordable cases (248 days-away, 392 restricted) / 63323262 hours at 226 establishments, 36317 avg employees; matched by ein 0, sec name 0, ex-21 subsidiary 226; sites listed in social/raw/osha_establishments.csv"
BRO,2022,2.557,OSHA ITA Form 300A summary data,https://www.osha.gov/sites/default/files/ITA-data-cy2022.zip,2026-09-12,"13 recordable cases (7 days-away, 3 restricted) / 1016834 hours at 7 establishments, 433 avg employees; matched by ein 0, sec name 0, ex-21 subsidiary 7; sites listed in social/raw/osha_establishments.csv"
BRO,2023,1.553,OSHA ITA Form 300A summary data,https://www.osha.gov/sites/default/files/ITA_300A_Summary_Data_2023_through_12-31-2024.zip,2026-09-12,"8 recordable cases (2 days-away, 5 restricted) / 1030276 hours at 8 establishments, 526 avg employees; matched by ein 0, sec name 0, ex-21 subsidiary 8; sites listed in social/raw/osha_establishments.csv"
BRO,2024,1.829,OSHA ITA Form 300A summary data,https://www.osha.gov/sites/default/files/ITA_300A_Summary_Data_2024_through_12-31-2025.zip,2026-09-12,"9 recordable cases (4 days-away, 3 restricted) / 984238 hours at 8 establishments, 488 avg employees; matched by ein 0, sec name 0, ex-21 subsidiary 8; sites listed in social/raw/osha_establishments.csv"
BSX,2022,0.656,OSHA ITA Form 300A summary data,https://www.osha.gov/sites/default/files/ITA-data-cy2022.zip,2026-09-12,"98 recordable cases (40 days-away, 4 restricted) / 29867493 hours at 11 establishments, 15784 avg employees; matched by ein 5, sec name 6, ex-21 subsidiary 0; sites listed in social/raw/osha_establishments.csv"
BSX,2023,0.697,OSHA ITA Form 300A summary data,https://www.osha.gov/sites/default/files/ITA_300A_Summary_Data_2023_through_12-31-2024.zip,2026-09-12,"145 recordable cases (67 days-away, 23 restricted) / 41627568 hours at 9 establishments, 21245 avg employees; matched by ein 5, sec name 4, ex-21 subsidiary 0; sites listed in social/raw/osha_establishments.csv"
BSX,2024,0.802,OSHA ITA Form 300A summary data,https://www.osha.gov/sites/default/files/ITA_300A_Summary_Data_2024_through_12-31-2025.zip,2026-09-12,"180 recordable cases (48 days-away, 25 restricted) / 44860075 hours at 8 establishments, 23207 avg employees; matched by ein 4, sec name 4, ex-21 subsidiary 0; sites listed in social/raw/osha_establishments.csv"
CAH,2022,4.05,OSHA ITA Form 300A summary data,https://www.osha.gov/sites/default/files/ITA-data-cy2022.zip,2026-09-12,"532 recordable cases (225 days-away, 232 restricted) / 26272507 hours at 98 establishments, 14204 avg employees; matched by ein 6, sec name 89, ex-21 subsidiary 3; sites listed in social/raw/osha_establishments.csv"
CAH,2023,2.969,OSHA ITA Form 300A summary data,https://www.osha.gov/sites/default/files/ITA_300A_Summary_Data_2023_through_12-31-2024.zip,2026-09-12,"379 recordable cases (132 days-away, 187 restricted) / 25529098 hours at 86 establishments, 13811 avg employees; matched by ein 7, sec name 77, ex-21 subsidiary 2; sites listed in social/raw/osha_establishments.csv"
CAH,2024,2.249,OSHA ITA Form 300A summary data,https://www.osha.gov/sites/default/files/ITA_300A_Summary_Data_2024_through_12-31-2025.zip,2026-09-12,"286 recordable cases (113 days-away, 142 restricted) / 25430730 hours at 88 establishments, 13899 avg employees; matched by ein 7, sec name 78, ex-21 subsidiary 3; sites listed in social/raw/osha_establishments.csv"
CASY,2024,6.729,OSHA ITA Form 300A summary data,https://www.osha.gov/sites/default/files/ITA_300A_Summary_Data_2024_through_12-31-2025.zip,2026-09-12,"124 recordable cases (69 days-away, 26 restricted) / 3685292 hours at 7 establishments, 2229 avg employees; matched by ein 4, sec name 3, ex-21 subsidiary 0; sites listed in social/raw/osha_establishments.csv"
CAT,2022,1.024,OSHA ITA Form 300A summary data,https://www.osha.gov/sites/default/files/ITA-data-cy2022.zip,2026-09-12,"327 recordable cases (121 days-away, 115 restricted) / 63865626 hours at 70 establishments, 29840 avg employees; matched by ein 41, sec name 9, ex-21 subsidiary 20; sites listed in social/raw/osha_establishments.csv"
CAT,2023,0.882,OSHA ITA Form 300A summary data,https://www.osha.gov/sites/default/files/ITA_300A_Summary_Data_2023_through_12-31-2024.zip,2026-09-12,"289 recordable cases (111 days-away, 107 restricted) / 65531106 hours at 76 establishments, 30068 avg employees; matched by ein 39, sec name 8, ex-21 subsidiary 29; sites listed in social/raw/osha_establishments.csv"
CAT,2024,0.865,OSHA ITA Form 300A summary data,https://www.osha.gov/sites/default/files/ITA_300A_Summary_Data_2024_through_12-31-2025.zip,2026-09-12,"256 recordable cases (97 days-away, 101 restricted) / 59211941 hours at 80 establishments, 27151 avg employees; matched by ein 34, sec name 4, ex-21 subsidiary 42; sites listed in social/raw/osha_establishments.csv"
CBRE,2022,2.544,OSHA ITA Form 300A summary data,https://www.osha.gov/sites/default/files/ITA-data-cy2022.zip,2026-09-12,"46 recordable cases (17 days-away, 16 restricted) / 3616047 hours at 2 establishments, 2341 avg employees; matched by ein 0, sec name 1, ex-21 subsidiary 1; sites listed in social/raw/osha_establishments.csv"
CBRE,2023,0.793,OSHA ITA Form 300A summary data,https://www.osha.gov/sites/default/files/ITA_300A_Summary_Data_2023_through_12-31-2024.zip,2026-09-12,"304 recordable cases (113 days-away, 80 restricted) / 76711223 hours at 322 establishments, 37838 avg employees; matched by ein 0, sec name 321, ex-21 subsidiary 1; sites listed in social/raw/osha_establishments.csv"
CBRE,2024,0.683,OSHA ITA Form 300A summary data,https://www.osha.gov/sites/default/files/ITA_300A_Summary_Data_2024_through_12-31-2025.zip,2026-09-12,"331 recordable cases (129 days-away, 92 restricted) / 96866685 hours at 1910 establishments, 48341 avg employees; matched by ein 0, sec name 1909, ex-21 subsidiary 1; sites listed in social/raw/osha_establishments.csv"
CCL,2022,5.623,OSHA ITA Form 300A summary data,https://www.osha.gov/sites/default/files/ITA-data-cy2022.zip,2026-09-12,"103 recordable cases (78 days-away, 9 restricted) / 3663594 hours at 36 establishments, 1939 avg employees; matched by ein 0, sec name 0, ex-21 subsidiary 36; sites listed in social/raw/osha_establishments.csv"
CEG,2022,0.31,OSHA ITA Form 300A summary data,https://www.osha.gov/sites/default/files/ITA-data-cy2022.zip,2026-09-12,"29 recordable cases (6 days-away, 16 restricted) / 18701289 hours at 22 establishments, 8720 avg employees; matched by ein 0, sec name 3, ex-21 subsidiary 19; sites listed in social/raw/osha_establishments.csv"
CEG,2023,0.323,OSHA ITA Form 300A summary data,https://www.osha.gov/sites/default/files/ITA_300A_Summary_Data_2023_through_12-31-2024.zip,2026-09-12,"39 recordable cases (14 days-away, 10 restricted) / 24156544 hours at 34 establishments, 10611 avg employees; matched by ein 0, sec name 4, ex-21 subsidiary 30; sites listed in social/raw/osha_establishments.csv"
CEG,2024,0.315,OSHA ITA Form 300A summary data,https://www.osha.gov/sites/default/files/ITA_300A_Summary_Data_2024_through_12-31-2025.zip,2026-09-12,"40 recordable cases (17 days-away, 7 restricted) / 25387221 hours at 33 establishments, 10696 avg employees; matched by ein 0, sec name 3, ex-21 subsidiary 30; sites listed in social/raw/osha_establishments.csv"
CF,2022,0.0,OSHA ITA Form 300A summary data,https://www.osha.gov/sites/default/files/ITA-data-cy2022.zip,2026-09-12,"0 recordable cases (0 days-away, 0 restricted) / 1025024 hours at 2 establishments, 470 avg employees; matched by ein 0, sec name 2, ex-21 subsidiary 0; sites listed in social/raw/osha_establishments.csv"
CF,2023,0.366,OSHA ITA Form 300A summary data,https://www.osha.gov/sites/default/files/ITA_300A_Summary_Data_2023_through_12-31-2024.zip,2026-09-12,"2 recordable cases (0 days-away, 0 restricted) / 1092942 hours at 2 establishments, 469 avg employees; matched by ein 0, sec name 2, ex-21 subsidiary 0; sites listed in social/raw/osha_establishments.csv"
CF,2024,0.0,OSHA ITA Form 300A summary data,https://www.osha.gov/sites/default/files/ITA_300A_Summary_Data_2024_through_12-31-2025.zip,2026-09-12,"0 recordable cases (0 days-away, 0 restricted) / 1213878 hours at 3 establishments, 585 avg employees; matched by ein 0, sec name 3, ex-21 subsidiary 0; sites listed in social/raw/osha_establishments.csv"
CHD,2022,1.441,OSHA ITA Form 300A summary data,https://www.osha.gov/sites/default/files/ITA-data-cy2022.zip,2026-09-12,"37 recordable cases (21 days-away, 7 restricted) / 5134740 hours at 10 establishments, 2504 avg employees; matched by ein 4, sec name 5, ex-21 subsidiary 1; sites listed in social/raw/osha_establishments.csv"
CHD,2023,1.357,OSHA ITA Form 300A summary data,https://www.osha.gov/sites/default/files/ITA_300A_Summary_Data_2023_through_12-31-2024.zip,2026-09-12,"42 recordable cases (15 days-away, 14 restricted) / 6188316 hours at 13 establishments, 3016 avg employees; matched by ein 5, sec name 7, ex-21 subsidiary 1; sites listed in social/raw/osha_establishments.csv"
CHD,2024,2.075,OSHA ITA Form 300A summary data,https://www.osha.gov/sites/default/files/ITA_300A_Summary_Data_2024_through_12-31-2025.zip,2026-09-12,"65 recordable cases (23 days-away, 12 restricted) / 6264141 hours at 13 establishments, 3018 avg employees; matched by ein 6, sec name 6, ex-21 subsidiary 1; sites listed in social/raw/osha_establishments.csv"
CHRW,2022,0.917,OSHA ITA Form 300A summary data,https://www.osha.gov/sites/default/files/ITA-data-cy2022.zip,2026-09-12,"5 recordable cases (0 days-away, 1 restricted) / 1090869 hours at 1 establishments, 565 avg employees; matched by ein 0, sec name 0, ex-21 subsidiary 1; sites listed in social/raw/osha_establishments.csv"
CHRW,2023,2.485,OSHA ITA Form 300A summary data,https://www.osha.gov/sites/default/files/ITA_300A_Summary_Data_2023_through_12-31-2024.zip,2026-09-12,"38 recordable cases (13 days-away, 13 restricted) / 3058026 hours at 14 establishments, 1681 avg employees; matched by ein 0, sec name 5, ex-21 subsidiary 9; sites listed in social/raw/osha_establishments.csv"
CHRW,2024,9.451,OSHA ITA Form 300A summary data,https://www.osha.gov/sites/default/files/ITA_300A_Summary_Data_2024_through_12-31-2025.zip,2026-09-12,"61 recordable cases (9 days-away, 43 restricted) / 1290900 hours at 4 establishments, 617 avg employees; matched by ein 0, sec name 0, ex-21 subsidiary 4; sites listed in social/raw/osha_establishments.csv"
CHTR,2022,1.355,OSHA ITA Form 300A summary data,https://www.osha.gov/sites/default/files/ITA-data-cy2022.zip,2026-09-12,"599 recordable cases (194 days-away, 6 restricted) / 88406000 hours at 72 establishments, 44203 avg employees; matched by ein 0, sec name 72, ex-21 subsidiary 0; sites listed in social/raw/osha_establishments.csv"
CHTR,2023,0.957,OSHA ITA Form 300A summary data,https://www.osha.gov/sites/default/files/ITA_300A_Summary_Data_2023_through_12-31-2024.zip,2026-09-12,"535 recordable cases (266 days-away, 1 restricted) / 111830000 hours at 98 establishments, 55915 avg employees; matched by ein 0, sec name 98, ex-21 subsidiary 0; sites listed in social/raw/osha_establishments.csv"
CHTR,2024,1.215,OSHA ITA Form 300A summary data,https://www.osha.gov/sites/default/files/ITA_300A_Summary_Data_2024_through_12-31-2025.zip,2026-09-12,"538 recordable cases (294 days-away, 4 restricted) / 88534000 hours at 76 establishments, 44267 avg employees; matched by ein 0, sec name 76, ex-21 subsidiary 0; sites listed in social/raw/osha_establishments.csv"
CI,2022,1.855,OSHA ITA Form 300A summary data,https://www.osha.gov/sites/default/files/ITA-data-cy2022.zip,2026-09-12,"92 recordable cases (42 days-away, 31 restricted) / 9919497 hours at 13 establishments, 6585 avg employees; matched by ein 0, sec name 13, ex-21 subsidiary 0; sites listed in social/raw/osha_establishments.csv"
CI,2024,0.0,OSHA ITA Form 300A summary data,https://www.osha.gov/sites/default/files/ITA_300A_Summary_Data_2024_through_12-31-2025.zip,2026-09-12,"0 recordable cases (0 days-away, 0 restricted) / 1153108 hours at 2 establishments, 676 avg employees; matched by ein 0, sec name 0, ex-21 subsidiary 2; sites listed in social/raw/osha_establishments.csv"
CIEN,2022,0.0,OSHA ITA Form 300A summary data,https://www.osha.gov/sites/default/files/ITA-data-cy2022.zip,2026-09-12,"0 recordable cases (0 days-away, 0 restricted) / 3813886 hours at 4 establishments, 2783 avg employees; matched by ein 0, sec name 0, ex-21 subsidiary 4; sites listed in social/raw/osha_establishments.csv"
CIEN,2023,0.0,OSHA ITA Form 300A summary data,https://www.osha.gov/sites/default/files/ITA_300A_Summary_Data_2023_through_12-31-2024.zip,2026-09-12,"0 recordable cases (0 days-away, 0 restricted) / 3929411 hours at 6 establishments, 1734 avg employees; matched by ein 0, sec name 0, ex-21 subsidiary 6; sites listed in social/raw/osha_establishments.csv"
CL,2022,0.775,OSHA ITA Form 300A summary data,https://www.osha.gov/sites/default/files/ITA-data-cy2022.zip,2026-09-12,"16 recordable cases (4 days-away, 7 restricted) / 4127266 hours at 6 establishments, 1871 avg employees; matched by ein 4, sec name 1, ex-21 subsidiary 1; sites listed in social/raw/osha_establishments.csv"
CL,2023,1.265,OSHA ITA Form 300A summary data,https://www.osha.gov/sites/default/files/ITA_300A_Summary_Data_2023_through_12-31-2024.zip,2026-09-12,"38 recordable cases (6 days-away, 18 restricted) / 6009672 hours at 9 establishments, 2514 avg employees; matched by ein 4, sec name 3, ex-21 subsidiary 2; sites listed in social/raw/osha_establishments.csv"
CL,2024,1.219,OSHA ITA Form 300A summary data,https://www.osha.gov/sites/default/files/ITA_300A_Summary_Data_2024_through_12-31-2025.zip,2026-09-12,"33 recordable cases (8 days-away, 8 restricted) / 5415160 hours at 9 establishments, 2519 avg employees; matched by ein 3, sec name 5, ex-21 subsidiary 1; sites listed in social/raw/osha_establishments.csv"
CLX,2022,0.584,OSHA ITA Form 300A summary data,https://www.osha.gov/sites/default/files/ITA-data-cy2022.zip,2026-09-12,"17 recordable cases (6 days-away, 3 restricted) / 5822214 hours at 14 establishments, 3006 avg employees; matched by ein 1, sec name 8, ex-21 subsidiary 5; sites listed in social/raw/osha_establishments.csv"
CLX,2023,0.377,OSHA ITA Form 300A summary data,https://www.osha.gov/sites/default/files/ITA_300A_Summary_Data_2023_through_12-31-2024.zip,2026-09-12,"9 recordable cases (5 days-away, 2 restricted) / 4775540 hours at 8 establishments, 2536 avg employees; matched by ein 0, sec name 1, ex-21 subsidiary 7; sites listed in social/raw/osha_establishments.csv"
CLX,2024,0.946,OSHA ITA Form 300A summary data,https://www.osha.gov/sites/default/files/ITA_300A_Summary_Data_2024_through_12-31-2025.zip,2026-09-12,"54 recordable cases (21 days-away, 4 restricted) / 11420188 hours at 32 establishments, 5845 avg employees; matched by ein 2, sec name 30, ex-21 subsidiary 0; sites listed in social/raw/osha_establishments.csv"
CMCSA,2022,3.881,OSHA ITA Form 300A summary data,https://www.osha.gov/sites/default/files/ITA-data-cy2022.zip,2026-09-12,"2833 recordable cases (1845 days-away, 625 restricted) / 145981793 hours at 455 establishments, 88029 avg employees; matched by ein 0, sec name 0, ex-21 subsidiary 455; sites listed in social/raw/osha_establishments.csv"
CMCSA,2023,3.231,OSHA ITA Form 300A summary data,https://www.osha.gov/sites/default/files/ITA_300A_Summary_Data_2023_through_12-31-2024.zip,2026-09-12,"2777 recordable cases (1433 days-away, 891 restricted) / 171907250 hours at 427 establishments, 92411 avg employees; matched by ein 0, sec name 0, ex-21 subsidiary 427; sites listed in social/raw/osha_establishments.csv"
CMCSA,2024,2.81,OSHA ITA Form 300A summary data,https://www.osha.gov/sites/default/files/ITA_300A_Summary_Data_2024_through_12-31-2025.zip,2026-09-12,"2080 recordable cases (1148 days-away, 621 restricted) / 148061142 hours at 1204 establishments, 78398 avg employees; matched by ein 0, sec name 0, ex-21 subsidiary 1204; sites listed in social/raw/osha_establishments.csv"
CMI,2022,1.37,OSHA ITA Form 300A summary data,https://www.osha.gov/sites/default/files/ITA-data-cy2022.zip,2026-09-12,"201 recordable cases (82 days-away, 49 restricted) / 29343365 hours at 38 establishments, 14571 avg employees; matched by ein 16, sec name 18, ex-21 subsidiary 4; sites listed in social/raw/osha_establishments.csv"
CMI,2023,1.526,OSHA ITA Form 300A summary data,https://www.osha.gov/sites/default/files/ITA_300A_Summary_Data_2023_through_12-31-2024.zip,2026-09-12,"214 recordable cases (86 days-away, 57 restricted) / 28046846 hours at 27 establishments, 13732 avg employees; matched by ein 6, sec name 17, ex-21 subsidiary 4; sites listed in social/raw/osha_establishments.csv"
CMI,2024,1.269,OSHA ITA Form 300A summary data,https://www.osha.gov/sites/default/files/ITA_300A_Summary_Data_2024_through_12-31-2025.zip,2026-09-12,"135 recordable cases (42 days-away, 42 restricted) / 21276007 hours at 24 establishments, 10871 avg employees; matched by ein 6, sec name 14, ex-21 subsidiary 4; sites listed in social/raw/osha_establishments.csv"
CNP,2022,1.438,OSHA ITA Form 300A summary data,https://www.osha.gov/sites/default/files/ITA-data-cy2022.zip,2026-09-12,"234 recordable cases (126 days-away, 55 restricted) / 32536730 hours at 244 establishments, 17252 avg employees; matched by ein 0, sec name 244, ex-21 subsidiary 0; sites listed in social/raw/osha_establishments.csv"
CNP,2023,1.779,OSHA ITA Form 300A summary data,https://www.osha.gov/sites/default/files/ITA_300A_Summary_Data_2023_through_12-31-2024.zip,2026-09-12,"154 recordable cases (98 days-away, 29 restricted) / 17315074 hours at 121 establishments, 8765 avg employees; matched by ein 0, sec name 121, ex-21 subsidiary 0; sites listed in social/raw/osha_establishments.csv"
CNP,2024,2.131,OSHA ITA Form 300A summary data,https://www.osha.gov/sites/default/files/ITA_300A_Summary_Data_2024_through_12-31-2025.zip,2026-09-12,"191 recordable cases (109 days-away, 35 restricted) / 17926583 hours at 119 establishments, 8988 avg employees; matched by ein 0, sec name 119, ex-21 subsidiary 0; sites listed in social/raw/osha_establishments.csv"
COHR,2022,1.172,OSHA ITA Form 300A summary data,https://www.osha.gov/sites/default/files/ITA-data-cy2022.zip,2026-09-12,"42 recordable cases (14 days-away, 10 restricted) / 7169652 hours at 25 establishments, 3697 avg employees; matched by ein 3, sec name 20, ex-21 subsidiary 2; sites listed in social/raw/osha_establishments.csv"
COHR,2023,1.427,OSHA ITA Form 300A summary data,https://www.osha.gov/sites/default/files/ITA_300A_Summary_Data_2023_through_12-31-2024.zip,2026-09-12,"48 recordable cases (11 days-away, 21 restricted) / 6728699 hours at 24 establishments, 3433 avg employees; matched by ein 2, sec name 19, ex-21 subsidiary 3; sites listed in social/raw/osha_establishments.csv"
COHR,2024,1.174,OSHA ITA Form 300A summary data,https://www.osha.gov/sites/default/files/ITA_300A_Summary_Data_2024_through_12-31-2025.zip,2026-09-12,"33 recordable cases (12 days-away, 11 restricted) / 5620763 hours at 24 establishments, 2962 avg employees; matched by ein 3, sec name 18, ex-21 subsidiary 3; sites listed in social/raw/osha_establishments.csv"
COO,2022,2.686,OSHA ITA Form 300A summary data,https://www.osha.gov/sites/default/files/ITA-data-cy2022.zip,2026-09-12,"26 recordable cases (6 days-away, 11 restricted) / 1936007 hours at 5 establishments, 1027 avg employees; matched by ein 0, sec name 3, ex-21 subsidiary 2; sites listed in social/raw/osha_establishments.csv"
COO,2023,2.193,OSHA ITA Form 300A summary data,https://www.osha.gov/sites/default/files/ITA_300A_Summary_Data_2023_through_12-31-2024.zip,2026-09-12,"19 recordable cases (8 days-away, 9 restricted) / 1732473 hours at 5 establishments, 962 avg employees; matched by ein 0, sec name 1, ex-21 subsidiary 4; sites listed in social/raw/osha_establishments.csv"
COO,2024,3.442,OSHA ITA Form 300A summary data,https://www.osha.gov/sites/default/files/ITA_300A_Summary_Data_2024_through_12-31-2025.zip,2026-09-12,"32 recordable cases (19 days-away, 6 restricted) / 1859252 hours at 8 establishments, 873 avg employees; matched by ein 0, sec name 4, ex-21 subsidiary 4; sites listed in social/raw/osha_establishments.csv"
COP,2022,1.049,OSHA ITA Form 300A summary data,https://www.osha.gov/sites/default/files/ITA-data-cy2022.zip,2026-09-12,"15 recordable cases (15 days-away, 0 restricted) / 2858616 hours at 5 establishments, 1393 avg employees; matched by ein 0, sec name 1, ex-21 subsidiary 4; sites listed in social/raw/osha_establishments.csv"
COP,2023,0.478,OSHA ITA Form 300A summary data,https://www.osha.gov/sites/default/files/ITA_300A_Summary_Data_2023_through_12-31-2024.zip,2026-09-12,"14 recordable cases (5 days-away, 0 restricted) / 5851655 hours at 13 establishments, 2833 avg employees; matched by ein 0, sec name 8, ex-21 subsidiary 5; sites listed in social/raw/osha_establishments.csv"
COP,2024,0.233,OSHA ITA Form 300A summary data,https://www.osha.gov/sites/default/files/ITA_300A_Summary_Data_2024_through_12-31-2025.zip,2026-09-12,"6 recordable cases (2 days-away, 0 restricted) / 5148281 hours at 22 establishments, 2475 avg employees; matched by ein 0, sec name 19, ex-21 subsidiary 3; sites listed in social/raw/osha_establishments.csv"
COR,2022,2.061,OSHA ITA Form 300A summary data,https://www.osha.gov/sites/default/files/ITA-data-cy2022.zip,2026-09-12,"336 recordable cases (140 days-away, 155 restricted) / 32598131 hours at 63 establishments, 16466 avg employees; matched by ein 8, sec name 55, ex-21 subsidiary 0; sites listed in social/raw/osha_establishments.csv"
COR,2023,0.994,OSHA ITA Form 300A summary data,https://www.osha.gov/sites/default/files/ITA_300A_Summary_Data_2023_through_12-31-2024.zip,2026-09-12,"10 recordable cases (3 days-away, 5 restricted) / 2012004 hours at 7 establishments, 1032 avg employees; matched by ein 7, sec name 0, ex-21 subsidiary 0; sites listed in social/raw/osha_establishments.csv"
COR,2024,2.977,OSHA ITA Form 300A summary data,https://www.osha.gov/sites/default/files/ITA_300A_Summary_Data_2024_through_12-31-2025.zip,2026-09-12,"223 recordable cases (96 days-away, 95 restricted) / 14979122 hours at 65 establishments, 7849 avg employees; matched by ein 10, sec name 55, ex-21 subsidiary 0; sites listed in social/raw/osha_establishments.csv"
COST,2022,6.079,OSHA ITA Form 300A summary data,https://www.osha.gov/sites/default/files/ITA-data-cy2022.zip,2026-09-12,"7941 recordable cases (3992 days-away, 2840 restricted) / 261250083 hours at 593 establishments, 169499 avg employees; matched by ein 593, sec name 0, ex-21 subsidiary 0; sites listed in social/raw/osha_establishments.csv"
COST,2023,6.247,OSHA ITA Form 300A summary data,https://www.osha.gov/sites/default/files/ITA_300A_Summary_Data_2023_through_12-31-2024.zip,2026-09-12,"9293 recordable cases (4719 days-away, 3312 restricted) / 297540032 hours at 693 establishments, 197397 avg employees; matched by ein 693, sec name 0, ex-21 subsidiary 0; sites listed in social/raw/osha_establishments.csv"
COST,2024,6.426,OSHA ITA Form 300A summary data,https://www.osha.gov/sites/default/files/ITA_300A_Summary_Data_2024_through_12-31-2025.zip,2026-09-12,"10066 recordable cases (5198 days-away, 3613 restricted) / 313283396 hours at 711 establishments, 206066 avg employees; matched by ein 711, sec name 0, ex-21 subsidiary 0; sites listed in social/raw/osha_establishments.csv"
CPRT,2022,4.444,OSHA ITA Form 300A summary data,https://www.osha.gov/sites/default/files/ITA-data-cy2022.zip,2026-09-12,"106 recordable cases (59 days-away, 10 restricted) / 4770957 hours at 77 establishments, 2362 avg employees; matched by ein 11, sec name 0, ex-21 subsidiary 66; sites listed in social/raw/osha_establishments.csv"
CPRT,2023,3.978,OSHA ITA Form 300A summary data,https://www.osha.gov/sites/default/files/ITA_300A_Summary_Data_2023_through_12-31-2024.zip,2026-09-12,"113 recordable cases (62 days-away, 17 restricted) / 5681725 hours at 88 establishments, 2842 avg employees; matched by ein 9, sec name 4, ex-21 subsidiary 75; sites listed in social/raw/osha_establishments.csv"
CPT,2022,8.364,OSHA ITA Form 300A summary data,https://www.osha.gov/sites/default/files/ITA-data-cy2022.zip,2026-09-12,"90 recordable cases (37 days-away, 40 restricted) / 2152036 hours at 183 establishments, 1565 avg employees; matched by ein 0, sec name 0, ex-21 subsidiary 183; sites listed in social/raw/osha_establishments.csv"
CPT,2023,0.512,OSHA ITA Form 300A summary data,https://www.osha.gov/sites/default/files/ITA_300A_Summary_Data_2023_through_12-31-2024.zip,2026-09-12,"2 recordable cases (0 days-away, 0 restricted) / 780630 hours at 2 establishments, 392 avg employees; matched by ein 0, sec name 0, ex-21 subsidiary 2; sites listed in social/raw/osha_establishments.csv"
CPT,2024,7.69,OSHA ITA Form 300A summary data,https://www.osha.gov/sites/default/files/ITA_300A_Summary_Data_2024_through_12-31-2025.zip,2026-09-12,"119 recordable cases (26 days-away, 69 restricted) / 3094949 hours at 189 establishments, 1551 avg employees; matched by ein 0, sec name 0, ex-21 subsidiary 189; sites listed in social/raw/osha_establishments.csv"
CRH,2022,2.042,OSHA ITA Form 300A summary data,https://www.osha.gov/sites/default/files/ITA-data-cy2022.zip,2026-09-12,"100 recordable cases (13 days-away, 27 restricted) / 9796439 hours at 109 establishments, 5252 avg employees; matched by ein 0, sec name 0, ex-21 subsidiary 109; sites listed in social/raw/osha_establishments.csv"
CRH,2023,1.683,OSHA ITA Form 300A summary data,https://www.osha.gov/sites/default/files/ITA_300A_Summary_Data_2023_through_12-31-2024.zip,2026-09-12,"74 recordable cases (16 days-away, 19 restricted) / 8793850 hours at 90 establishments, 4678 avg employees; matched by ein 0, sec name 0, ex-21 subsidiary 90; sites listed in social/raw/osha_establishments.csv"
CRH,2024,1.55,OSHA ITA Form 300A summary data,https://www.osha.gov/sites/default/files/ITA_300A_Summary_Data_2024_through_12-31-2025.zip,2026-09-12,"72 recordable cases (11 days-away, 30 restricted) / 9292121 hours at 99 establishments, 5094 avg employees; matched by ein 0, sec name 0, ex-21 subsidiary 99; sites listed in social/raw/osha_establishments.csv"
CRL,2022,4.618,OSHA ITA Form 300A summary data,https://www.osha.gov/sites/default/files/ITA-data-cy2022.zip,2026-09-12,"99 recordable cases (18 days-away, 39 restricted) / 4287216 hours at 3 establishments, 2374 avg employees; matched by ein 0, sec name 3, ex-21 subsidiary 0; sites listed in social/raw/osha_establishments.csv"
CRL,2023,5.663,OSHA ITA Form 300A summary data,https://www.osha.gov/sites/default/files/ITA_300A_Summary_Data_2023_through_12-31-2024.zip,2026-09-12,"144 recordable cases (25 days-away, 55 restricted) / 5085967 hours at 5 establishments, 2965 avg employees; matched by ein 0, sec name 5, ex-21 subsidiary 0; sites listed in social/raw/osha_establishments.csv"
CRL,2024,4.517,OSHA ITA Form 300A summary data,https://www.osha.gov/sites/default/files/ITA_300A_Summary_Data_2024_through_12-31-2025.zip,2026-09-12,"90 recordable cases (7 days-away, 48 restricted) / 3984802 hours at 3 establishments, 2216 avg employees; matched by ein 0, sec name 3, ex-21 subsidiary 0; sites listed in social/raw/osha_establishments.csv"
CTAS,2022,1.703,OSHA ITA Form 300A summary data,https://www.osha.gov/sites/default/files/ITA-data-cy2022.zip,2026-09-12,"649 recordable cases (149 days-away, 227 restricted) / 76201614 hours at 455 establishments, 38105 avg employees; matched by ein 0, sec name 455, ex-21 subsidiary 0; sites listed in social/raw/osha_establishments.csv"
CTAS,2023,1.428,OSHA ITA Form 300A summary data,https://www.osha.gov/sites/default/files/ITA_300A_Summary_Data_2023_through_12-31-2024.zip,2026-09-12,"566 recordable cases (126 days-away, 173 restricted) / 79273707 hours at 459 establishments, 39635 avg employees; matched by ein 0, sec name 459, ex-21 subsidiary 0; sites listed in social/raw/osha_establishments.csv"
CTAS,2024,1.457,OSHA ITA Form 300A summary data,https://www.osha.gov/sites/default/files/ITA_300A_Summary_Data_2024_through_12-31-2025.zip,2026-09-12,"590 recordable cases (186 days-away, 212 restricted) / 80971275 hours at 458 establishments, 40491 avg employees; matched by ein 0, sec name 458, ex-21 subsidiary 0; sites listed in social/raw/osha_establishments.csv"
CTVA,2022,0.538,OSHA ITA Form 300A summary data,https://www.osha.gov/sites/default/files/ITA-data-cy2022.zip,2026-09-12,"22 recordable cases (7 days-away, 2 restricted) / 8185344 hours at 44 establishments, 4434 avg employees; matched by ein 25, sec name 2, ex-21 subsidiary 17; sites listed in social/raw/osha_establishments.csv"
CTVA,2023,0.594,OSHA ITA Form 300A summary data,https://www.osha.gov/sites/default/files/ITA_300A_Summary_Data_2023_through_12-31-2024.zip,2026-09-12,"26 recordable cases (5 days-away, 7 restricted) / 8751590 hours at 43 establishments, 4586 avg employees; matched by ein 25, sec name 2, ex-21 subsidiary 16; sites listed in social/raw/osha_establishments.csv"
CTVA,2024,0.58,OSHA ITA Form 300A summary data,https://www.osha.gov/sites/default/files/ITA_300A_Summary_Data_2024_through_12-31-2025.zip,2026-09-12,"26 recordable cases (6 days-away, 2 restricted) / 8965134 hours at 44 establishments, 4215 avg employees; matched by ein 22, sec name 2, ex-21 subsidiary 20; sites listed in social/raw/osha_establishments.csv"
CVNA,2022,7.712,OSHA ITA Form 300A summary data,https://www.osha.gov/sites/default/files/ITA-data-cy2022.zip,2026-09-12,"634 recordable cases (177 days-away, 326 restricted) / 16442843 hours at 36 establishments, 9075 avg employees; matched by ein 36, sec name 0, ex-21 subsidiary 0; sites listed in social/raw/osha_establishments.csv"
CVNA,2023,6.061,OSHA ITA Form 300A summary data,https://www.osha.gov/sites/default/files/ITA_300A_Summary_Data_2023_through_12-31-2024.zip,2026-09-12,"290 recordable cases (78 days-away, 171 restricted) / 9568660 hours at 53 establishments, 5659 avg employees; matched by ein 30, sec name 23, ex-21 subsidiary 0; sites listed in social/raw/osha_establishments.csv"
CVNA,2024,7.024,OSHA ITA Form 300A summary data,https://www.osha.gov/sites/default/files/ITA_300A_Summary_Data_2024_through_12-31-2025.zip,2026-09-12,"433 recordable cases (87 days-away, 275 restricted) / 12328559 hours at 29 establishments, 8477 avg employees; matched by ein 14, sec name 15, ex-21 subsidiary 0; sites listed in social/raw/osha_establishments.csv"
CVS,2022,6.253,OSHA ITA Form 300A summary data,https://www.osha.gov/sites/default/files/ITA-data-cy2022.zip,2026-09-12,"639 recordable cases (442 days-away, 99 restricted) / 20439675 hours at 85 establishments, 14120 avg employees; matched by ein 0, sec name 85, ex-21 subsidiary 0; sites listed in social/raw/osha_establishments.csv"
CVX,2022,0.499,OSHA ITA Form 300A summary data,https://www.osha.gov/sites/default/files/ITA-data-cy2022.zip,2026-09-12,"8 recordable cases (6 days-away, 0 restricted) / 3204217 hours at 4 establishments, 1649 avg employees; matched by ein 0, sec name 2, ex-21 subsidiary 2; sites listed in social/raw/osha_establishments.csv"
CVX,2023,0.385,OSHA ITA Form 300A summary data,https://www.osha.gov/sites/default/files/ITA_300A_Summary_Data_2023_through_12-31-2024.zip,2026-09-12,"7 recordable cases (2 days-away, 4 restricted) / 3635893 hours at 2 establishments, 1893 avg employees; matched by ein 0, sec name 2, ex-21 subsidiary 0; sites listed in social/raw/osha_establishments.csv"
CVX,2024,0.437,OSHA ITA Form 300A summary data,https://www.osha.gov/sites/default/files/ITA_300A_Summary_Data_2024_through_12-31-2025.zip,2026-09-12,"18 recordable cases (9 days-away, 5 restricted) / 8231040 hours at 4 establishments, 3913 avg employees; matched by ein 0, sec name 3, ex-21 subsidiary 1; sites listed in social/raw/osha_establishments.csv"
D,2022,0.462,OSHA ITA Form 300A summary data,https://www.osha.gov/sites/default/files/ITA-data-cy2022.zip,2026-09-12,"89 recordable cases (35 days-away, 24 restricted) / 38523322 hours at 191 establishments, 19009 avg employees; matched by ein 0, sec name 150, ex-21 subsidiary 41; sites listed in social/raw/osha_establishments.csv"
D,2023,0.408,OSHA ITA Form 300A summary data,https://www.osha.gov/sites/default/files/ITA_300A_Summary_Data_2023_through_12-31-2024.zip,2026-09-12,"88 recordable cases (38 days-away, 11 restricted) / 43174192 hours at 329 establishments, 21528 avg employees; matched by ein 0, sec name 288, ex-21 subsidiary 41; sites listed in social/raw/osha_establishments.csv"
D,2024,0.474,OSHA ITA Form 300A summary data,https://www.osha.gov/sites/default/files/ITA_300A_Summary_Data_2024_through_12-31-2025.zip,2026-09-12,"99 recordable cases (52 days-away, 17 restricted) / 41741047 hours at 323 establishments, 22717 avg employees; matched by ein 0, sec name 282, ex-21 subsidiary 41; sites listed in social/raw/osha_establishments.csv"
DAL,2022,3.952,OSHA ITA Form 300A summary data,https://www.osha.gov/sites/default/files/ITA-data-cy2022.zip,2026-09-12,"4121 recordable cases (2791 days-away, 330 restricted) / 208558738 hours at 123 establishments, 104320 avg employees; matched by ein 0, sec name 103, ex-21 subsidiary 20; sites listed in social/raw/osha_establishments.csv"
DAL,2023,4.276,OSHA ITA Form 300A summary data,https://www.osha.gov/sites/default/files/ITA_300A_Summary_Data_2023_through_12-31-2024.zip,2026-09-12,"4446 recordable cases (3270 days-away, 518 restricted) / 207950861 hours at 117 establishments, 103932 avg employees; matched by ein 0, sec name 105, ex-21 subsidiary 12; sites listed in social/raw/osha_establishments.csv"
DAL,2024,3.88,OSHA ITA Form 300A summary data,https://www.osha.gov/sites/default/files/ITA_300A_Summary_Data_2024_through_12-31-2025.zip,2026-09-12,"4137 recordable cases (2685 days-away, 645 restricted) / 213247315 hours at 108 establishments, 106569 avg employees; matched by ein 0, sec name 99, ex-21 subsidiary 9; sites listed in social/raw/osha_establishments.csv"
DASH,2022,0.022,OSHA ITA Form 300A summary data,https://www.osha.gov/sites/default/files/ITA-data-cy2022.zip,2026-09-12,"2 recordable cases (1 days-away, 0 restricted) / 18545500 hours at 2 establishments, 9274 avg employees; matched by ein 1, sec name 0, ex-21 subsidiary 1; sites listed in social/raw/osha_establishments.csv"
DASH,2023,0.006,OSHA ITA Form 300A summary data,https://www.osha.gov/sites/default/files/ITA_300A_Summary_Data_2023_through_12-31-2024.zip,2026-09-12,"1 recordable cases (0 days-away, 1 restricted) / 31786000 hours at 1 establishments, 15893 avg employees; matched by ein 1, sec name 0, ex-21 subsidiary 0; sites listed in social/raw/osha_establishments.csv"
DASH,2024,0.004,OSHA ITA Form 300A summary data,https://www.osha.gov/sites/default/files/ITA_300A_Summary_Data_2024_through_12-31-2025.zip,2026-09-12,"1 recordable cases (0 days-away, 0 restricted) / 55176000 hours at 1 establishments, 27588 avg employees; matched by ein 1, sec name 0, ex-21 subsidiary 0; sites listed in social/raw/osha_establishments.csv"
DD,2022,0.921,OSHA ITA Form 300A summary data,https://www.osha.gov/sites/default/files/ITA-data-cy2022.zip,2026-09-12,"28 recordable cases (12 days-away, 8 restricted) / 6077643 hours at 24 establishments, 3175 avg employees; matched by ein 0, sec name 12, ex-21 subsidiary 12; sites listed in social/raw/osha_establishments.csv"
DD,2023,0.657,OSHA ITA Form 300A summary data,https://www.osha.gov/sites/default/files/ITA_300A_Summary_Data_2023_through_12-31-2024.zip,2026-09-12,"28 recordable cases (9 days-away, 13 restricted) / 8521985 hours at 26 establishments, 4276 avg employees; matched by ein 0, sec name 11, ex-21 subsidiary 15; sites listed in social/raw/osha_establishments.csv"
DD,2024,0.662,OSHA ITA Form 300A summary data,https://www.osha.gov/sites/default/files/ITA_300A_Summary_Data_2024_through_12-31-2025.zip,2026-09-12,"29 recordable cases (11 days-away, 11 restricted) / 8757178 hours at 25 establishments, 4199 avg employees; matched by ein 0, sec name 12, ex-21 subsidiary 13; sites listed in social/raw/osha_establishments.csv"
DE,2022,4.213,OSHA ITA Form 300A summary data,https://www.osha.gov/sites/default/files/ITA-data-cy2022.zip,2026-09-12,"1124 recordable cases (176 days-away, 652 restricted) / 53354875 hours at 36 establishments, 25720 avg employees; matched by ein 6, sec name 15, ex-21 subsidiary 15; sites listed in social/raw/osha_establishments.csv"
DE,2023,4.132,OSHA ITA Form 300A summary data,https://www.osha.gov/sites/default/files/ITA_300A_Summary_Data_2023_through_12-31-2024.zip,2026-09-12,"1082 recordable cases (200 days-away, 551 restricted) / 52376775 hours at 37 establishments, 25541 avg employees; matched by ein 7, sec name 16, ex-21 subsidiary 14; sites listed in social/raw/osha_establishments.csv"
DE,2024,3.288,OSHA ITA Form 300A summary data,https://www.osha.gov/sites/default/files/ITA_300A_Summary_Data_2024_through_12-31-2025.zip,2026-09-12,"757 recordable cases (161 days-away, 368 restricted) / 46047846 hours at 39 establishments, 23964 avg employees; matched by ein 10, sec name 17, ex-21 subsidiary 12; sites listed in social/raw/osha_establishments.csv"
DELL,2022,0.691,OSHA ITA Form 300A summary data,https://www.osha.gov/sites/default/files/ITA-data-cy2022.zip,2026-09-12,"5 recordable cases (2 days-away, 3 restricted) / 1447834 hours at 3 establishments, 702 avg employees; matched by ein 0, sec name 0, ex-21 subsidiary 3; sites listed in social/raw/osha_establishments.csv"
DELL,2023,1.385,OSHA ITA Form 300A summary data,https://www.osha.gov/sites/default/files/ITA_300A_Summary_Data_2023_through_12-31-2024.zip,2026-09-12,"8 recordable cases (2 days-away, 4 restricted) / 1155320 hours at 3 establishments, 556 avg employees; matched by ein 0, sec name 0, ex-21 subsidiary 3; sites listed in social/raw/osha_establishments.csv"
DELL,2024,1.531,OSHA ITA Form 300A summary data,https://www.osha.gov/sites/default/files/ITA_300A_Summary_Data_2024_through_12-31-2025.zip,2026-09-12,"12 recordable cases (5 days-away, 4 restricted) / 1567188 hours at 3 establishments, 828 avg employees; matched by ein 0, sec name 0, ex-21 subsidiary 3; sites listed in social/raw/osha_establishments.csv"
DG,2022,3.376,OSHA ITA Form 300A summary data,https://www.osha.gov/sites/default/files/ITA-data-cy2022.zip,2026-09-12,"326 recordable cases (69 days-away, 70 restricted) / 19315432 hours at 15 establishments, 11678 avg employees; matched by ein 0, sec name 13, ex-21 subsidiary 2; sites listed in social/raw/osha_establishments.csv"
DG,2023,3.822,OSHA ITA Form 300A summary data,https://www.osha.gov/sites/default/files/ITA_300A_Summary_Data_2023_through_12-31-2024.zip,2026-09-12,"400 recordable cases (84 days-away, 207 restricted) / 20933062 hours at 16 establishments, 11700 avg employees; matched by ein 0, sec name 14, ex-21 subsidiary 2; sites listed in social/raw/osha_establishments.csv"
DG,2024,2.964,OSHA ITA Form 300A summary data,https://www.osha.gov/sites/default/files/ITA_300A_Summary_Data_2024_through_12-31-2025.zip,2026-09-12,"318 recordable cases (35 days-away, 108 restricted) / 21456921 hours at 16 establishments, 11190 avg employees; matched by ein 0, sec name 14, ex-21 subsidiary 2; sites listed in social/raw/osha_establishments.csv"
DHI,2022,1.433,OSHA ITA Form 300A summary data,https://www.osha.gov/sites/default/files/ITA-data-cy2022.zip,2026-09-12,"115 recordable cases (49 days-away, 4 restricted) / 16055357 hours at 106 establishments, 8062 avg employees; matched by ein 41, sec name 37, ex-21 subsidiary 28; sites listed in social/raw/osha_establishments.csv"
DHI,2023,1.157,OSHA ITA Form 300A summary data,https://www.osha.gov/sites/default/files/ITA_300A_Summary_Data_2023_through_12-31-2024.zip,2026-09-12,"102 recordable cases (48 days-away, 4 restricted) / 17631409 hours at 104 establishments, 8958 avg employees; matched by ein 44, sec name 36, ex-21 subsidiary 24; sites listed in social/raw/osha_establishments.csv"
DHI,2024,1.056,OSHA ITA Form 300A summary data,https://www.osha.gov/sites/default/files/ITA_300A_Summary_Data_2024_through_12-31-2025.zip,2026-09-12,"99 recordable cases (38 days-away, 4 restricted) / 18741616 hours at 142 establishments, 9647 avg employees; matched by ein 45, sec name 39, ex-21 subsidiary 58; sites listed in social/raw/osha_establishments.csv"
DHR,2022,0.736,OSHA ITA Form 300A summary data,https://www.osha.gov/sites/default/files/ITA-data-cy2022.zip,2026-09-12,"84 recordable cases (24 days-away, 25 restricted) / 22834250 hours at 37 establishments, 11327 avg employees; matched by ein 0, sec name 3, ex-21 subsidiary 34; sites listed in social/raw/osha_establishments.csv"
DHR,2023,0.851,OSHA ITA Form 300A summary data,https://www.osha.gov/sites/default/files/ITA_300A_Summary_Data_2023_through_12-31-2024.zip,2026-09-12,"74 recordable cases (20 days-away, 27 restricted) / 17393118 hours at 36 establishments, 8943 avg employees; matched by ein 0, sec name 1, ex-21 subsidiary 35; sites listed in social/raw/osha_establishments.csv"
DHR,2024,1.035,OSHA ITA Form 300A summary data,https://www.osha.gov/sites/default/files/ITA_300A_Summary_Data_2024_through_12-31-2025.zip,2026-09-12,"89 recordable cases (25 days-away, 36 restricted) / 17197312 hours at 35 establishments, 8996 avg employees; matched by ein 0, sec name 0, ex-21 subsidiary 35; sites listed in social/raw/osha_establishments.csv"
DIS,2022,6.01,OSHA ITA Form 300A summary data,https://www.osha.gov/sites/default/files/ITA-data-cy2022.zip,2026-09-12,"2977 recordable cases (1189 days-away, 1328 restricted) / 99072126 hours at 31 establishments, 67081 avg employees; matched by ein 0, sec name 21, ex-21 subsidiary 10; sites listed in social/raw/osha_establishments.csv"
DIS,2023,7.201,OSHA ITA Form 300A summary data,https://www.osha.gov/sites/default/files/ITA_300A_Summary_Data_2023_through_12-31-2024.zip,2026-09-12,"3092 recordable cases (1100 days-away, 1638 restricted) / 85874618 hours at 26 establishments, 55537 avg employees; matched by ein 0, sec name 23, ex-21 subsidiary 3; sites listed in social/raw/osha_establishments.csv"
DIS,2024,6.233,OSHA ITA Form 300A summary data,https://www.osha.gov/sites/default/files/ITA_300A_Summary_Data_2024_through_12-31-2025.zip,2026-09-12,"2530 recordable cases (1093 days-away, 1124 restricted) / 81180041 hours at 24 establishments, 54883 avg employees; matched by ein 0, sec name 17, ex-21 subsidiary 7; sites listed in social/raw/osha_establishments.csv"
DLR,2024,0.227,OSHA ITA Form 300A summary data,https://www.osha.gov/sites/default/files/ITA_300A_Summary_Data_2024_through_12-31-2025.zip,2026-09-12,"4 recordable cases (1 days-away, 0 restricted) / 3524602 hours at 1 establishments, 1637 avg employees; matched by ein 0, sec name 0, ex-21 subsidiary 1; sites listed in social/raw/osha_establishments.csv"
DLTR,2022,4.661,OSHA ITA Form 300A summary data,https://www.osha.gov/sites/default/files/ITA-data-cy2022.zip,2026-09-12,"1101 recordable cases (502 days-away, 292 restricted) / 47240700 hours at 1429 establishments, 43268 avg employees; matched by ein 1204, sec name 225, ex-21 subsidiary 0; sites listed in social/raw/osha_establishments.csv"
DLTR,2023,5.552,OSHA ITA Form 300A summary data,https://www.osha.gov/sites/default/files/ITA_300A_Summary_Data_2023_through_12-31-2024.zip,2026-09-12,"444 recordable cases (250 days-away, 117 restricted) / 15993700 hours at 457 establishments, 15261 avg employees; matched by ein 457, sec name 0, ex-21 subsidiary 0; sites listed in social/raw/osha_establishments.csv"
DLTR,2024,3.8,OSHA ITA Form 300A summary data,https://www.osha.gov/sites/default/files/ITA_300A_Summary_Data_2024_through_12-31-2025.zip,2026-09-12,"638 recordable cases (339 days-away, 140 restricted) / 33580742 hours at 1402 establishments, 50984 avg employees; matched by ein 1402, sec name 0, ex-21 subsidiary 0; sites listed in social/raw/osha_establishments.csv"
DOC,2023,7.413,OSHA ITA Form 300A summary data,https://www.osha.gov/sites/default/files/ITA_300A_Summary_Data_2023_through_12-31-2024.zip,2026-09-12,"28 recordable cases (18 days-away, 8 restricted) / 755479 hours at 3 establishments, 574 avg employees; matched by ein 0, sec name 0, ex-21 subsidiary 3; sites listed in social/raw/osha_establishments.csv"
DOC,2024,4.997,OSHA ITA Form 300A summary data,https://www.osha.gov/sites/default/files/ITA_300A_Summary_Data_2024_through_12-31-2025.zip,2026-09-12,"13 recordable cases (3 days-away, 8 restricted) / 520287 hours at 3 establishments, 390 avg employees; matched by ein 0, sec name 0, ex-21 subsidiary 3; sites listed in social/raw/osha_establishments.csv"
DOV,2022,1.539,OSHA ITA Form 300A summary data,https://www.osha.gov/sites/default/files/ITA-data-cy2022.zip,2026-09-12,"64 recordable cases (28 days-away, 15 restricted) / 8316597 hours at 24 establishments, 4081 avg employees; matched by ein 0, sec name 9, ex-21 subsidiary 15; sites listed in social/raw/osha_establishments.csv"
DOV,2023,1.243,OSHA ITA Form 300A summary data,https://www.osha.gov/sites/default/files/ITA_300A_Summary_Data_2023_through_12-31-2024.zip,2026-09-12,"63 recordable cases (25 days-away, 13 restricted) / 10134826 hours at 29 establishments, 5085 avg employees; matched by ein 0, sec name 10, ex-21 subsidiary 19; sites listed in social/raw/osha_establishments.csv"
DOV,2024,0.965,OSHA ITA Form 300A summary data,https://www.osha.gov/sites/default/files/ITA_300A_Summary_Data_2024_through_12-31-2025.zip,2026-09-12,"41 recordable cases (17 days-away, 12 restricted) / 8499558 hours at 23 establishments, 4116 avg employees; matched by ein 0, sec name 9, ex-21 subsidiary 14; sites listed in social/raw/osha_establishments.csv"
DOW,2022,0.289,OSHA ITA Form 300A summary data,https://www.osha.gov/sites/default/files/ITA-data-cy2022.zip,2026-09-12,"30 recordable cases (7 days-away, 9 restricted) / 20763329 hours at 18 establishments, 9981 avg employees; matched by ein 1, sec name 0, ex-21 subsidiary 17; sites listed in social/raw/osha_establishments.csv"
DOW,2023,0.324,OSHA ITA Form 300A summary data,https://www.osha.gov/sites/default/files/ITA_300A_Summary_Data_2023_through_12-31-2024.zip,2026-09-12,"36 recordable cases (7 days-away, 6 restricted) / 22189730 hours at 25 establishments, 10655 avg employees; matched by ein 1, sec name 0, ex-21 subsidiary 24; sites listed in social/raw/osha_establishments.csv"
DOW,2024,0.289,OSHA ITA Form 300A summary data,https://www.osha.gov/sites/default/files/ITA_300A_Summary_Data_2024_through_12-31-2025.zip,2026-09-12,"38 recordable cases (11 days-away, 6 restricted) / 26292188 hours at 24 establishments, 12442 avg employees; matched by ein 1, sec name 0, ex-21 subsidiary 23; sites listed in social/raw/osha_establishments.csv"
DPZ,2022,7.131,OSHA ITA Form 300A summary data,https://www.osha.gov/sites/default/files/ITA-data-cy2022.zip,2026-09-12,"185 recordable cases (39 days-away, 122 restricted) / 5188482 hours at 23 establishments, 2643 avg employees; matched by ein 0, sec name 23, ex-21 subsidiary 0; sites listed in social/raw/osha_establishments.csv"
DPZ,2023,5.555,OSHA ITA Form 300A summary data,https://www.osha.gov/sites/default/files/ITA_300A_Summary_Data_2023_through_12-31-2024.zip,2026-09-12,"148 recordable cases (30 days-away, 102 restricted) / 5328233 hours at 26 establishments, 2698 avg employees; matched by ein 0, sec name 26, ex-21 subsidiary 0; sites listed in social/raw/osha_establishments.csv"
DPZ,2024,5.647,OSHA ITA Form 300A summary data,https://www.osha.gov/sites/default/files/ITA_300A_Summary_Data_2024_through_12-31-2025.zip,2026-09-12,"160 recordable cases (57 days-away, 93 restricted) / 5666899 hours at 26 establishments, 3569 avg employees; matched by ein 0, sec name 22, ex-21 subsidiary 4; sites listed in social/raw/osha_establishments.csv"
DTE,2022,0.653,OSHA ITA Form 300A summary data,https://www.osha.gov/sites/default/files/ITA-data-cy2022.zip,2026-09-12,"62 recordable cases (18 days-away, 20 restricted) / 18989493 hours at 39 establishments, 10101 avg employees; matched by ein 2, sec name 37, ex-21 subsidiary 0; sites listed in social/raw/osha_establishments.csv"
DTE,2023,0.616,OSHA ITA Form 300A summary data,https://www.osha.gov/sites/default/files/ITA_300A_Summary_Data_2023_through_12-31-2024.zip,2026-09-12,"56 recordable cases (19 days-away, 23 restricted) / 18174617 hours at 44 establishments, 9169 avg employees; matched by ein 2, sec name 42, ex-21 subsidiary 0; sites listed in social/raw/osha_establishments.csv"
DTE,2024,0.857,OSHA ITA Form 300A summary data,https://www.osha.gov/sites/default/files/ITA_300A_Summary_Data_2024_through_12-31-2025.zip,2026-09-12,"77 recordable cases (17 days-away, 23 restricted) / 17973118 hours at 52 establishments, 8521 avg employees; matched by ein 2, sec name 50, ex-21 subsidiary 0; sites listed in social/raw/osha_establishments.csv"
DUK,2022,0.526,OSHA ITA Form 300A summary data,https://www.osha.gov/sites/default/files/ITA-data-cy2022.zip,2026-09-12,"122 recordable cases (52 days-away, 14 restricted) / 46398866 hours at 310 establishments, 23124 avg employees; matched by ein 0, sec name 310, ex-21 subsidiary 0; sites listed in social/raw/osha_establishments.csv"
DUK,2023,0.365,OSHA ITA Form 300A summary data,https://www.osha.gov/sites/default/files/ITA_300A_Summary_Data_2023_through_12-31-2024.zip,2026-09-12,"76 recordable cases (27 days-away, 10 restricted) / 41596376 hours at 184 establishments, 20727 avg employees; matched by ein 0, sec name 184, ex-21 subsidiary 0; sites listed in social/raw/osha_establishments.csv"
DUK,2024,0.466,OSHA ITA Form 300A summary data,https://www.osha.gov/sites/default/files/ITA_300A_Summary_Data_2024_through_12-31-2025.zip,2026-09-12,"79 recordable cases (34 days-away, 14 restricted) / 33923877 hours at 181 establishments, 16906 avg employees; matched by ein 0, sec name 181, ex-21 subsidiary 0; sites listed in social/raw/osha_establishments.csv"
DVN,2022,1.282,OSHA ITA Form 300A summary data,https://www.osha.gov/sites/default/files/ITA-data-cy2022.zip,2026-09-12,"9 recordable cases (2 days-away, 1 restricted) / 1404501 hours at 8 establishments, 754 avg employees; matched by ein 0, sec name 8, ex-21 subsidiary 0; sites listed in social/raw/osha_establishments.csv"
DVN,2023,0.806,OSHA ITA Form 300A summary data,https://www.osha.gov/sites/default/files/ITA_300A_Summary_Data_2023_through_12-31-2024.zip,2026-09-12,"15 recordable cases (4 days-away, 3 restricted) / 3723050 hours at 9 establishments, 1930 avg employees; matched by ein 0, sec name 9, ex-21 subsidiary 0; sites listed in social/raw/osha_establishments.csv"
DVN,2024,0.781,OSHA ITA Form 300A summary data,https://www.osha.gov/sites/default/files/ITA_300A_Summary_Data_2024_through_12-31-2025.zip,2026-09-12,"17 recordable cases (4 days-away, 3 restricted) / 4355459 hours at 9 establishments, 2052 avg employees; matched by ein 0, sec name 9, ex-21 subsidiary 0; sites listed in social/raw/osha_establishments.csv"
DXCM,2022,1.769,OSHA ITA Form 300A summary data,https://www.osha.gov/sites/default/files/ITA-data-cy2022.zip,2026-09-12,"74 recordable cases (24 days-away, 43 restricted) / 8365576 hours at 2 establishments, 5021 avg employees; matched by ein 2, sec name 0, ex-21 subsidiary 0; sites listed in social/raw/osha_establishments.csv"
DXCM,2023,2.701,OSHA ITA Form 300A summary data,https://www.osha.gov/sites/default/files/ITA_300A_Summary_Data_2023_through_12-31-2024.zip,2026-09-12,"138 recordable cases (27 days-away, 100 restricted) / 10218288 hours at 3 establishments, 6158 avg employees; matched by ein 3, sec name 0, ex-21 subsidiary 0; sites listed in social/raw/osha_establishments.csv"
DXCM,2024,1.56,OSHA ITA Form 300A summary data,https://www.osha.gov/sites/default/files/ITA_300A_Summary_Data_2024_through_12-31-2025.zip,2026-09-12,"78 recordable cases (16 days-away, 55 restricted) / 9997706 hours at 3 establishments, 5981 avg employees; matched by ein 3, sec name 0, ex-21 subsidiary 0; sites listed in social/raw/osha_establishments.csv"
ECHO,2022,0.444,OSHA ITA Form 300A summary data,https://www.osha.gov/sites/default/files/ITA-data-cy2022.zip,2026-09-12,"30 recordable cases (10 days-away, 13 restricted) / 13500786 hours at 7 establishments, 6869 avg employees; matched by ein 0, sec name 0, ex-21 subsidiary 7; sites listed in social/raw/osha_establishments.csv"
ECHO,2023,0.536,OSHA ITA Form 300A summary data,https://www.osha.gov/sites/default/files/ITA_300A_Summary_Data_2023_through_12-31-2024.zip,2026-09-12,"35 recordable cases (6 days-away, 23 restricted) / 13065271 hours at 7 establishments, 6860 avg employees; matched by ein 0, sec name 0, ex-21 subsidiary 7; sites listed in social/raw/osha_establishments.csv"
ECHO,2024,0.572,OSHA ITA Form 300A summary data,https://www.osha.gov/sites/default/files/ITA_300A_Summary_Data_2024_through_12-31-2025.zip,2026-09-12,"30 recordable cases (2 days-away, 13 restricted) / 10494059 hours at 8 establishments, 5919 avg employees; matched by ein 0, sec name 1, ex-21 subsidiary 7; sites listed in social/raw/osha_establishments.csv"
ECL,2022,1.086,OSHA ITA Form 300A summary data,https://www.osha.gov/sites/default/files/ITA-data-cy2022.zip,2026-09-12,"25 recordable cases (8 days-away, 6 restricted) / 4605926 hours at 23 establishments, 2313 avg employees; matched by ein 11, sec name 11, ex-21 subsidiary 1; sites listed in social/raw/osha_establishments.csv"
ECL,2023,0.925,OSHA ITA Form 300A summary data,https://www.osha.gov/sites/default/files/ITA_300A_Summary_Data_2023_through_12-31-2024.zip,2026-09-12,"35 recordable cases (19 days-away, 7 restricted) / 7571311 hours at 25 establishments, 3785 avg employees; matched by ein 11, sec name 12, ex-21 subsidiary 2; sites listed in social/raw/osha_establishments.csv"
ECL,2024,1.335,OSHA ITA Form 300A summary data,https://www.osha.gov/sites/default/files/ITA_300A_Summary_Data_2024_through_12-31-2025.zip,2026-09-12,"57 recordable cases (27 days-away, 9 restricted) / 8537337 hours at 26 establishments, 4479 avg employees; matched by ein 5, sec name 20, ex-21 subsidiary 1; sites listed in social/raw/osha_establishments.csv"
EIX,2022,2.051,OSHA ITA Form 300A summary data,https://www.osha.gov/sites/default/files/ITA-data-cy2022.zip,2026-09-12,"238 recordable cases (110 days-away, 28 restricted) / 23210554 hours at 92 establishments, 12178 avg employees; matched by ein 0, sec name 0, ex-21 subsidiary 92; sites listed in social/raw/osha_establishments.csv"
EIX,2023,2.049,OSHA ITA Form 300A summary data,https://www.osha.gov/sites/default/files/ITA_300A_Summary_Data_2023_through_12-31-2024.zip,2026-09-12,"253 recordable cases (137 days-away, 49 restricted) / 24696560 hours at 90 establishments, 12815 avg employees; matched by ein 0, sec name 0, ex-21 subsidiary 90; sites listed in social/raw/osha_establishments.csv"
EIX,2024,2.354,OSHA ITA Form 300A summary data,https://www.osha.gov/sites/default/files/ITA_300A_Summary_Data_2024_through_12-31-2025.zip,2026-09-12,"327 recordable cases (170 days-away, 42 restricted) / 27786764 hours at 115 establishments, 14273 avg employees; matched by ein 0, sec name 0, ex-21 subsidiary 115; sites listed in social/raw/osha_establishments.csv"
EL,2022,0.341,OSHA ITA Form 300A summary data,https://www.osha.gov/sites/default/files/ITA-data-cy2022.zip,2026-09-12,"14 recordable cases (11 days-away, 0 restricted) / 8216566 hours at 14 establishments, 5011 avg employees; matched by ein 0, sec name 6, ex-21 subsidiary 8; sites listed in social/raw/osha_establishments.csv"
EL,2023,0.442,OSHA ITA Form 300A summary data,https://www.osha.gov/sites/default/files/ITA_300A_Summary_Data_2023_through_12-31-2024.zip,2026-09-12,"16 recordable cases (11 days-away, 2 restricted) / 7237101 hours at 14 establishments, 3481 avg employees; matched by ein 0, sec name 6, ex-21 subsidiary 8; sites listed in social/raw/osha_establishments.csv"
EL,2024,0.577,OSHA ITA Form 300A summary data,https://www.osha.gov/sites/default/files/ITA_300A_Summary_Data_2024_through_12-31-2025.zip,2026-09-12,"20 recordable cases (11 days-away, 4 restricted) / 6928025 hours at 14 establishments, 3767 avg employees; matched by ein 0, sec name 6, ex-21 subsidiary 8; sites listed in social/raw/osha_establishments.csv"
EME,2022,1.359,OSHA ITA Form 300A summary data,https://www.osha.gov/sites/default/files/ITA-data-cy2022.zip,2026-09-12,"26 recordable cases (8 days-away, 1 restricted) / 3825838 hours at 8 establishments, 2025 avg employees; matched by ein 0, sec name 6, ex-21 subsidiary 2; sites listed in social/raw/osha_establishments.csv"
EME,2023,2.169,OSHA ITA Form 300A summary data,https://www.osha.gov/sites/default/files/ITA_300A_Summary_Data_2023_through_12-31-2024.zip,2026-09-12,"100 recordable cases (42 days-away, 20 restricted) / 9220291 hours at 11 establishments, 4762 avg employees; matched by ein 0, sec name 7, ex-21 subsidiary 4; sites listed in social/raw/osha_establishments.csv"
EME,2024,1.848,OSHA ITA Form 300A summary data,https://www.osha.gov/sites/default/files/ITA_300A_Summary_Data_2024_through_12-31-2025.zip,2026-09-12,"22 recordable cases (13 days-away, 0 restricted) / 2380656 hours at 5 establishments, 1130 avg employees; matched by ein 0, sec name 4, ex-21 subsidiary 1; sites listed in social/raw/osha_establishments.csv"
EMR,2022,0.535,OSHA ITA Form 300A summary data,https://www.osha.gov/sites/default/files/ITA-data-cy2022.zip,2026-09-12,"33 recordable cases (9 days-away, 12 restricted) / 12344641 hours at 36 establishments, 6028 avg employees; matched by ein 2, sec name 4, ex-21 subsidiary 30; sites listed in social/raw/osha_establishments.csv"
EMR,2023,0.764,OSHA ITA Form 300A summary data,https://www.osha.gov/sites/default/files/ITA_300A_Summary_Data_2023_through_12-31-2024.zip,2026-09-12,"40 recordable cases (16 days-away, 14 restricted) / 10474352 hours at 40 establishments, 5103 avg employees; matched by ein 2, sec name 6, ex-21 subsidiary 32; sites listed in social/raw/osha_establishments.csv"
EMR,2024,0.399,OSHA ITA Form 300A summary data,https://www.osha.gov/sites/default/files/ITA_300A_Summary_Data_2024_through_12-31-2025.zip,2026-09-12,"19 recordable cases (8 days-away, 2 restricted) / 9521526 hours at 38 establishments, 4743 avg employees; matched by ein 1, sec name 4, ex-21 subsidiary 33; sites listed in social/raw/osha_establishments.csv"
EOG,2022,0.286,OSHA ITA Form 300A summary data,https://www.osha.gov/sites/default/files/ITA-data-cy2022.zip,2026-09-12,"2 recordable cases (0 days-away, 1 restricted) / 1398677 hours at 2 establishments, 649 avg employees; matched by ein 2, sec name 0, ex-21 subsidiary 0; sites listed in social/raw/osha_establishments.csv"
EOG,2023,0.0,OSHA ITA Form 300A summary data,https://www.osha.gov/sites/default/files/ITA_300A_Summary_Data_2023_through_12-31-2024.zip,2026-09-12,"0 recordable cases (0 days-away, 0 restricted) / 1489961 hours at 2 establishments, 691 avg employees; matched by ein 2, sec name 0, ex-21 subsidiary 0; sites listed in social/raw/osha_establishments.csv"
EOG,2024,0.261,OSHA ITA Form 300A summary data,https://www.osha.gov/sites/default/files/ITA_300A_Summary_Data_2024_through_12-31-2025.zip,2026-09-12,"2 recordable cases (0 days-away, 1 restricted) / 1532086 hours at 2 establishments, 711 avg employees; matched by ein 2, sec name 0, ex-21 subsidiary 0; sites listed in social/raw/osha_establishments.csv"
EQIX,2023,0.24,OSHA ITA Form 300A summary data,https://www.osha.gov/sites/default/files/ITA_300A_Summary_Data_2023_through_12-31-2024.zip,2026-09-12,"10 recordable cases (4 days-away, 1 restricted) / 8330325 hours at 41 establishments, 4460 avg employees; matched by ein 13, sec name 28, ex-21 subsidiary 0; sites listed in social/raw/osha_establishments.csv"
EQIX,2024,0.565,OSHA ITA Form 300A summary data,https://www.osha.gov/sites/default/files/ITA_300A_Summary_Data_2024_through_12-31-2025.zip,2026-09-12,"20 recordable cases (5 days-away, 0 restricted) / 7074813 hours at 78 establishments, 3985 avg employees; matched by ein 0, sec name 78, ex-21 subsidiary 0; sites listed in social/raw/osha_establishments.csv"
EQT,2022,0.135,OSHA ITA Form 300A summary data,https://www.osha.gov/sites/default/files/ITA-data-cy2022.zip,2026-09-12,"1 recordable cases (0 days-away, 0 restricted) / 1480933 hours at 2 establishments, 829 avg employees; matched by ein 1, sec name 0, ex-21 subsidiary 1; sites listed in social/raw/osha_establishments.csv"
EQT,2023,0.128,OSHA ITA Form 300A summary data,https://www.osha.gov/sites/default/files/ITA_300A_Summary_Data_2023_through_12-31-2024.zip,2026-09-12,"1 recordable cases (0 days-away, 0 restricted) / 1560757 hours at 2 establishments, 862 avg employees; matched by ein 1, sec name 0, ex-21 subsidiary 1; sites listed in social/raw/osha_establishments.csv"
EQT,2024,0.0,OSHA ITA Form 300A summary data,https://www.osha.gov/sites/default/files/ITA_300A_Summary_Data_2024_through_12-31-2025.zip,2026-09-12,"0 recordable cases (0 days-away, 0 restricted) / 1916547 hours at 2 establishments, 1141 avg employees; matched by ein 1, sec name 0, ex-21 subsidiary 1; sites listed in social/raw/osha_establishments.csv"
ETN,2022,1.123,OSHA ITA Form 300A summary data,https://www.osha.gov/sites/default/files/ITA-data-cy2022.zip,2026-09-12,"311 recordable cases (90 days-away, 86 restricted) / 55407498 hours at 118 establishments, 27503 avg employees; matched by ein 0, sec name 112, ex-21 subsidiary 6; sites listed in social/raw/osha_establishments.csv"
ETN,2023,1.047,OSHA ITA Form 300A summary data,https://www.osha.gov/sites/default/files/ITA_300A_Summary_Data_2023_through_12-31-2024.zip,2026-09-12,"316 recordable cases (106 days-away, 81 restricted) / 60338360 hours at 124 establishments, 29814 avg employees; matched by ein 0, sec name 117, ex-21 subsidiary 7; sites listed in social/raw/osha_establishments.csv"
ETN,2024,0.988,OSHA ITA Form 300A summary data,https://www.osha.gov/sites/default/files/ITA_300A_Summary_Data_2024_through_12-31-2025.zip,2026-09-12,"305 recordable cases (80 days-away, 81 restricted) / 61730236 hours at 119 establishments, 30977 avg employees; matched by ein 0, sec name 117, ex-21 subsidiary 2; sites listed in social/raw/osha_establishments.csv"
ETR,2022,0.314,OSHA ITA Form 300A summary data,https://www.osha.gov/sites/default/files/ITA-data-cy2022.zip,2026-09-12,"18 recordable cases (3 days-away, 2 restricted) / 11449082 hours at 53 establishments, 5033 avg employees; matched by ein 0, sec name 24, ex-21 subsidiary 29; sites listed in social/raw/osha_establishments.csv"
ETR,2023,0.531,OSHA ITA Form 300A summary data,https://www.osha.gov/sites/default/files/ITA_300A_Summary_Data_2023_through_12-31-2024.zip,2026-09-12,"45 recordable cases (2 days-away, 7 restricted) / 16956404 hours at 98 establishments, 8186 avg employees; matched by ein 1, sec name 76, ex-21 subsidiary 21; sites listed in social/raw/osha_establishments.csv"
ETR,2024,0.108,OSHA ITA Form 300A summary data,https://www.osha.gov/sites/default/files/ITA_300A_Summary_Data_2024_through_12-31-2025.zip,2026-09-12,"5 recordable cases (1 days-away, 1 restricted) / 9292857 hours at 35 establishments, 4460 avg employees; matched by ein 1, sec name 19, ex-21 subsidiary 15; sites listed in social/raw/osha_establishments.csv"
EVRG,2022,0.732,OSHA ITA Form 300A summary data,https://www.osha.gov/sites/default/files/ITA-data-cy2022.zip,2026-09-12,"35 recordable cases (16 days-away, 6 restricted) / 9556638 hours at 75 establishments, 5849 avg employees; matched by ein 75, sec name 0, ex-21 subsidiary 0; sites listed in social/raw/osha_establishments.csv"
EVRG,2023,1.305,OSHA ITA Form 300A summary data,https://www.osha.gov/sites/default/files/ITA_300A_Summary_Data_2023_through_12-31-2024.zip,2026-09-12,"60 recordable cases (23 days-away, 18 restricted) / 9196178 hours at 79 establishments, 5997 avg employees; matched by ein 79, sec name 0, ex-21 subsidiary 0; sites listed in social/raw/osha_establishments.csv"
EVRG,2024,1.492,OSHA ITA Form 300A summary data,https://www.osha.gov/sites/default/files/ITA_300A_Summary_Data_2024_through_12-31-2025.zip,2026-09-12,"71 recordable cases (26 days-away, 28 restricted) / 9515466 hours at 80 establishments, 4675 avg employees; matched by ein 80, sec name 0, ex-21 subsidiary 0; sites listed in social/raw/osha_establishments.csv"
EW,2022,2.918,OSHA ITA Form 300A summary data,https://www.osha.gov/sites/default/files/ITA-data-cy2022.zip,2026-09-12,"156 recordable cases (114 days-away, 38 restricted) / 10692778 hours at 2 establishments, 5627 avg employees; matched by ein 0, sec name 2, ex-21 subsidiary 0; sites listed in social/raw/osha_establishments.csv"
EW,2023,1.058,OSHA ITA Form 300A summary data,https://www.osha.gov/sites/default/files/ITA_300A_Summary_Data_2023_through_12-31-2024.zip,2026-09-12,"75 recordable cases (37 days-away, 29 restricted) / 14183935 hours at 2 establishments, 6786 avg employees; matched by ein 0, sec name 2, ex-21 subsidiary 0; sites listed in social/raw/osha_establishments.csv"
EW,2024,1.072,OSHA ITA Form 300A summary data,https://www.osha.gov/sites/default/files/ITA_300A_Summary_Data_2024_through_12-31-2025.zip,2026-09-12,"54 recordable cases (13 days-away, 23 restricted) / 10077854 hours at 1 establishments, 5390 avg employees; matched by ein 0, sec name 1, ex-21 subsidiary 0; sites listed in social/raw/osha_establishments.csv"
EXC,2022,1.828,OSHA ITA Form 300A summary data,https://www.osha.gov/sites/default/files/ITA-data-cy2022.zip,2026-09-12,"74 recordable cases (40 days-away, 19 restricted) / 8094526 hours at 23 establishments, 3749 avg employees; matched by ein 0, sec name 0, ex-21 subsidiary 23; sites listed in social/raw/osha_establishments.csv"
EXC,2023,1.743,OSHA ITA Form 300A summary data,https://www.osha.gov/sites/default/files/ITA_300A_Summary_Data_2023_through_12-31-2024.zip,2026-09-12,"71 recordable cases (39 days-away, 17 restricted) / 8144981 hours at 22 establishments, 3847 avg employees; matched by ein 0, sec name 0, ex-21 subsidiary 22; sites listed in social/raw/osha_establishments.csv"
EXC,2024,1.49,OSHA ITA Form 300A summary data,https://www.osha.gov/sites/default/files/ITA_300A_Summary_Data_2024_through_12-31-2025.zip,2026-09-12,"65 recordable cases (41 days-away, 15 restricted) / 8726962 hours at 23 establishments, 4042 avg employees; matched by ein 0, sec name 0, ex-21 subsidiary 23; sites listed in social/raw/osha_establishments.csv"
EXE,2024,0.272,OSHA ITA Form 300A summary data,https://www.osha.gov/sites/default/files/ITA_300A_Summary_Data_2024_through_12-31-2025.zip,2026-09-12,"6 recordable cases (1 days-away, 2 restricted) / 4418545 hours at 10 establishments, 1933 avg employees; matched by ein 0, sec name 2, ex-21 subsidiary 8; sites listed in social/raw/osha_establishments.csv"
EXPD,2022,1.058,OSHA ITA Form 300A summary data,https://www.osha.gov/sites/default/files/ITA-data-cy2022.zip,2026-09-12,"24 recordable cases (16 days-away, 6 restricted) / 4535529 hours at 23 establishments, 2559 avg employees; matched by ein 17, sec name 4, ex-21 subsidiary 2; sites listed in social/raw/osha_establishments.csv"
EXPD,2023,1.078,OSHA ITA Form 300A summary data,https://www.osha.gov/sites/default/files/ITA_300A_Summary_Data_2023_through_12-31-2024.zip,2026-09-12,"43 recordable cases (25 days-away, 9 restricted) / 7979542 hours at 57 establishments, 4477 avg employees; matched by ein 29, sec name 13, ex-21 subsidiary 15; sites listed in social/raw/osha_establishments.csv"
EXPD,2024,0.713,OSHA ITA Form 300A summary data,https://www.osha.gov/sites/default/files/ITA_300A_Summary_Data_2024_through_12-31-2025.zip,2026-09-12,"32 recordable cases (17 days-away, 9 restricted) / 8978152 hours at 56 establishments, 4807 avg employees; matched by ein 29, sec name 10, ex-21 subsidiary 17; sites listed in social/raw/osha_establishments.csv"
F,2022,8.667,OSHA ITA Form 300A summary data,https://www.osha.gov/sites/default/files/ITA-data-cy2022.zip,2026-09-12,"4507 recordable cases (521 days-away, 2571 restricted) / 103998203 hours at 49 establishments, 59293 avg employees; matched by ein 48, sec name 1, ex-21 subsidiary 0; sites listed in social/raw/osha_establishments.csv"
F,2023,8.77,OSHA ITA Form 300A summary data,https://www.osha.gov/sites/default/files/ITA_300A_Summary_Data_2023_through_12-31-2024.zip,2026-09-12,"4552 recordable cases (533 days-away, 2415 restricted) / 103810448 hours at 46 establishments, 60618 avg employees; matched by ein 45, sec name 1, ex-21 subsidiary 0; sites listed in social/raw/osha_establishments.csv"
F,2024,8.683,OSHA ITA Form 300A summary data,https://www.osha.gov/sites/default/files/ITA_300A_Summary_Data_2024_through_12-31-2025.zip,2026-09-12,"4912 recordable cases (584 days-away, 2760 restricted) / 113139347 hours at 52 establishments, 60625 avg employees; matched by ein 51, sec name 0, ex-21 subsidiary 1; sites listed in social/raw/osha_establishments.csv"
FANG,2022,0.675,OSHA ITA Form 300A summary data,https://www.osha.gov/sites/default/files/ITA-data-cy2022.zip,2026-09-12,"6 recordable cases (2 days-away, 1 restricted) / 1777328 hours at 1 establishments, 961 avg employees; matched by ein 0, sec name 0, ex-21 subsidiary 1; sites listed in social/raw/osha_establishments.csv"
FANG,2023,0.304,OSHA ITA Form 300A summary data,https://www.osha.gov/sites/default/files/ITA_300A_Summary_Data_2023_through_12-31-2024.zip,2026-09-12,"3 recordable cases (1 days-away, 1 restricted) / 1974241 hours at 1 establishments, 1017 avg employees; matched by ein 0, sec name 0, ex-21 subsidiary 1; sites listed in social/raw/osha_establishments.csv"
FANG,2024,0.823,OSHA ITA Form 300A summary data,https://www.osha.gov/sites/default/files/ITA_300A_Summary_Data_2024_through_12-31-2025.zip,2026-09-12,"11 recordable cases (6 days-away, 2 restricted) / 2673927 hours at 1 establishments, 1974 avg employees; matched by ein 0, sec name 0, ex-21 subsidiary 1; sites listed in social/raw/osha_establishments.csv"
FAST,2022,3.459,OSHA ITA Form 300A summary data,https://www.osha.gov/sites/default/files/ITA-data-cy2022.zip,2026-09-12,"207 recordable cases (118 days-away, 56 restricted) / 11968183 hours at 94 establishments, 6872 avg employees; matched by ein 91, sec name 3, ex-21 subsidiary 0; sites listed in social/raw/osha_establishments.csv"
FAST,2023,2.797,OSHA ITA Form 300A summary data,https://www.osha.gov/sites/default/files/ITA_300A_Summary_Data_2023_through_12-31-2024.zip,2026-09-12,"187 recordable cases (130 days-away, 26 restricted) / 13369662 hours at 116 establishments, 7675 avg employees; matched by ein 112, sec name 4, ex-21 subsidiary 0; sites listed in social/raw/osha_establishments.csv"
FAST,2024,2.501,OSHA ITA Form 300A summary data,https://www.osha.gov/sites/default/files/ITA_300A_Summary_Data_2024_through_12-31-2025.zip,2026-09-12,"178 recordable cases (104 days-away, 42 restricted) / 14233363 hours at 131 establishments, 8233 avg employees; matched by ein 128, sec name 3, ex-21 subsidiary 0; sites listed in social/raw/osha_establishments.csv"
FCX,2022,2.789,OSHA ITA Form 300A summary data,https://www.osha.gov/sites/default/files/ITA-data-cy2022.zip,2026-09-12,"46 recordable cases (33 days-away, 1 restricted) / 3298931 hours at 5 establishments, 1518 avg employees; matched by ein 0, sec name 4, ex-21 subsidiary 1; sites listed in social/raw/osha_establishments.csv"
FCX,2023,2.727,OSHA ITA Form 300A summary data,https://www.osha.gov/sites/default/files/ITA_300A_Summary_Data_2023_through_12-31-2024.zip,2026-09-12,"52 recordable cases (30 days-away, 6 restricted) / 3813076 hours at 5 establishments, 1486 avg employees; matched by ein 0, sec name 4, ex-21 subsidiary 1; sites listed in social/raw/osha_establishments.csv"
FCX,2024,2.013,OSHA ITA Form 300A summary data,https://www.osha.gov/sites/default/files/ITA_300A_Summary_Data_2024_through_12-31-2025.zip,2026-09-12,"38 recordable cases (24 days-away, 2 restricted) / 3774843 hours at 4 establishments, 1335 avg employees; matched by ein 0, sec name 4, ex-21 subsidiary 0; sites listed in social/raw/osha_establishments.csv"
FDX,2022,7.391,OSHA ITA Form 300A summary data,https://www.osha.gov/sites/default/files/ITA-data-cy2022.zip,2026-09-12,"83 recordable cases (53 days-away, 27 restricted) / 2245880 hours at 47 establishments, 1632 avg employees; matched by ein 3, sec name 0, ex-21 subsidiary 44; sites listed in social/raw/osha_establishments.csv"
FDX,2023,14.688,OSHA ITA Form 300A summary data,https://www.osha.gov/sites/default/files/ITA_300A_Summary_Data_2023_through_12-31-2024.zip,2026-09-12,"991 recordable cases (198 days-away, 674 restricted) / 13493748 hours at 53 establishments, 11281 avg employees; matched by ein 33, sec name 0, ex-21 subsidiary 20; sites listed in social/raw/osha_establishments.csv"
FDX,2024,11.688,OSHA ITA Form 300A summary data,https://www.osha.gov/sites/default/files/ITA_300A_Summary_Data_2024_through_12-31-2025.zip,2026-09-12,"18509 recordable cases (6819 days-away, 8943 restricted) / 316709317 hours at 1411 establishments, 295477 avg employees; matched by ein 0, sec name 0, ex-21 subsidiary 1411; sites listed in social/raw/osha_establishments.csv"
FE,2022,0.372,OSHA ITA Form 300A summary data,https://www.osha.gov/sites/default/files/ITA-data-cy2022.zip,2026-09-12,"1 recordable cases (0 days-away, 0 restricted) / 537394 hours at 1 establishments, 253 avg employees; matched by ein 0, sec name 1, ex-21 subsidiary 0; sites listed in social/raw/osha_establishments.csv"
FE,2023,1.444,OSHA ITA Form 300A summary data,https://www.osha.gov/sites/default/files/ITA_300A_Summary_Data_2023_through_12-31-2024.zip,2026-09-12,"4 recordable cases (2 days-away, 0 restricted) / 554197 hours at 1 establishments, 304 avg employees; matched by ein 0, sec name 1, ex-21 subsidiary 0; sites listed in social/raw/osha_establishments.csv"
FE,2024,1.588,OSHA ITA Form 300A summary data,https://www.osha.gov/sites/default/files/ITA_300A_Summary_Data_2024_through_12-31-2025.zip,2026-09-12,"5 recordable cases (2 days-away, 2 restricted) / 629893 hours at 1 establishments, 321 avg employees; matched by ein 0, sec name 1, ex-21 subsidiary 0; sites listed in social/raw/osha_establishments.csv"
FERG,2022,2.532,OSHA ITA Form 300A summary data,https://www.osha.gov/sites/default/files/ITA-data-cy2022.zip,2026-09-12,"177 recordable cases (60 days-away, 68 restricted) / 13979219 hours at 105 establishments, 7327 avg employees; matched by ein 0, sec name 105, ex-21 subsidiary 0; sites listed in social/raw/osha_establishments.csv"
FERG,2023,1.341,OSHA ITA Form 300A summary data,https://www.osha.gov/sites/default/files/ITA_300A_Summary_Data_2023_through_12-31-2024.zip,2026-09-12,"281 recordable cases (108 days-away, 77 restricted) / 41903804 hours at 312 establishments, 22037 avg employees; matched by ein 0, sec name 312, ex-21 subsidiary 0; sites listed in social/raw/osha_establishments.csv"
FERG,2024,1.691,OSHA ITA Form 300A summary data,https://www.osha.gov/sites/default/files/ITA_300A_Summary_Data_2024_through_12-31-2025.zip,2026-09-12,"538 recordable cases (194 days-away, 197 restricted) / 63624754 hours at 507 establishments, 33689 avg employees; matched by ein 0, sec name 507, ex-21 subsidiary 0; sites listed in social/raw/osha_establishments.csv"
FIX,2022,1.213,OSHA ITA Form 300A summary data,https://www.osha.gov/sites/default/files/ITA-data-cy2022.zip,2026-09-12,"137 recordable cases (43 days-away, 42 restricted) / 22597148 hours at 63 establishments, 10613 avg employees; matched by ein 1, sec name 12, ex-21 subsidiary 50; sites listed in social/raw/osha_establishments.csv"
FIX,2023,1.342,OSHA ITA Form 300A summary data,https://www.osha.gov/sites/default/files/ITA_300A_Summary_Data_2023_through_12-31-2024.zip,2026-09-12,"164 recordable cases (46 days-away, 42 restricted) / 24449456 hours at 65 establishments, 11494 avg employees; matched by ein 1, sec name 11, ex-21 subsidiary 53; sites listed in social/raw/osha_establishments.csv"
FIX,2024,1.188,OSHA ITA Form 300A summary data,https://www.osha.gov/sites/default/files/ITA_300A_Summary_Data_2024_through_12-31-2025.zip,2026-09-12,"173 recordable cases (51 days-away, 45 restricted) / 29119415 hours at 60 establishments, 13762 avg employees; matched by ein 1, sec name 7, ex-21 subsidiary 52; sites listed in social/raw/osha_establishments.csv"
FLEX,2022,1.606,OSHA ITA Form 300A summary data,https://www.osha.gov/sites/default/files/ITA-data-cy2022.zip,2026-09-12,"94 recordable cases (29 days-away, 56 restricted) / 11708777 hours at 10 establishments, 6733 avg employees; matched by ein 0, sec name 5, ex-21 subsidiary 5; sites listed in social/raw/osha_establishments.csv"
FLEX,2023,0.599,OSHA ITA Form 300A summary data,https://www.osha.gov/sites/default/files/ITA_300A_Summary_Data_2023_through_12-31-2024.zip,2026-09-12,"20 recordable cases (8 days-away, 12 restricted) / 6682537 hours at 4 establishments, 3482 avg employees; matched by ein 0, sec name 3, ex-21 subsidiary 1; sites listed in social/raw/osha_establishments.csv"
FLEX,2024,0.499,OSHA ITA Form 300A summary data,https://www.osha.gov/sites/default/files/ITA_300A_Summary_Data_2024_through_12-31-2025.zip,2026-09-12,"35 recordable cases (17 days-away, 14 restricted) / 14014987 hours at 9 establishments, 6858 avg employees; matched by ein 0, sec name 5, ex-21 subsidiary 4; sites listed in social/raw/osha_establishments.csv"
FOX,2023,0.323,OSHA ITA Form 300A summary data,https://www.osha.gov/sites/default/files/ITA_300A_Summary_Data_2023_through_12-31-2024.zip,2026-09-12,"16 recordable cases (5 days-away, 4 restricted) / 9900887 hours at 1 establishments, 7325 avg employees; matched by ein 0, sec name 0, ex-21 subsidiary 1; sites listed in social/raw/osha_establishments.csv"
FOXA,2023,0.323,OSHA ITA Form 300A summary data,https://www.osha.gov/sites/default/files/ITA_300A_Summary_Data_2023_through_12-31-2024.zip,2026-09-12,"16 recordable cases (5 days-away, 4 restricted) / 9900887 hours at 1 establishments, 7325 avg employees; matched by ein 0, sec name 0, ex-21 subsidiary 1; sites listed in social/raw/osha_establishments.csv"
FRT,2022,0.338,OSHA ITA Form 300A summary data,https://www.osha.gov/sites/default/files/ITA-data-cy2022.zip,2026-09-12,"1 recordable cases (0 days-away, 1 restricted) / 592419 hours at 6 establishments, 374 avg employees; matched by ein 6, sec name 0, ex-21 subsidiary 0; sites listed in social/raw/osha_establishments.csv"
FRT,2023,0.68,OSHA ITA Form 300A summary data,https://www.osha.gov/sites/default/files/ITA_300A_Summary_Data_2023_through_12-31-2024.zip,2026-09-12,"2 recordable cases (2 days-away, 0 restricted) / 588403 hours at 6 establishments, 300 avg employees; matched by ein 6, sec name 0, ex-21 subsidiary 0; sites listed in social/raw/osha_establishments.csv"
FRT,2024,0.923,OSHA ITA Form 300A summary data,https://www.osha.gov/sites/default/files/ITA_300A_Summary_Data_2024_through_12-31-2025.zip,2026-09-12,"3 recordable cases (3 days-away, 0 restricted) / 649928 hours at 21 establishments, 344 avg employees; matched by ein 21, sec name 0, ex-21 subsidiary 0; sites listed in social/raw/osha_establishments.csv"
FSLR,2022,0.892,OSHA ITA Form 300A summary data,https://www.osha.gov/sites/default/files/ITA-data-cy2022.zip,2026-09-12,"19 recordable cases (6 days-away, 1 restricted) / 4258568 hours at 3 establishments, 2052 avg employees; matched by ein 3, sec name 0, ex-21 subsidiary 0; sites listed in social/raw/osha_establishments.csv"
FSLR,2023,1.298,OSHA ITA Form 300A summary data,https://www.osha.gov/sites/default/files/ITA_300A_Summary_Data_2023_through_12-31-2024.zip,2026-09-12,"37 recordable cases (10 days-away, 11 restricted) / 5699200 hours at 3 establishments, 2740 avg employees; matched by ein 3, sec name 0, ex-21 subsidiary 0; sites listed in social/raw/osha_establishments.csv"
FSLR,2024,0.955,OSHA ITA Form 300A summary data,https://www.osha.gov/sites/default/files/ITA_300A_Summary_Data_2024_through_12-31-2025.zip,2026-09-12,"35 recordable cases (7 days-away, 6 restricted) / 7330875 hours at 4 establishments, 3536 avg employees; matched by ein 4, sec name 0, ex-21 subsidiary 0; sites listed in social/raw/osha_establishments.csv"
FTV,2022,0.518,OSHA ITA Form 300A summary data,https://www.osha.gov/sites/default/files/ITA-data-cy2022.zip,2026-09-12,"2 recordable cases (1 days-away, 1 restricted) / 772314 hours at 1 establishments, 419 avg employees; matched by ein 0, sec name 0, ex-21 subsidiary 1; sites listed in social/raw/osha_establishments.csv"
FTV,2023,0.583,OSHA ITA Form 300A summary data,https://www.osha.gov/sites/default/files/ITA_300A_Summary_Data_2023_through_12-31-2024.zip,2026-09-12,"6 recordable cases (2 days-away, 1 restricted) / 2057941 hours at 4 establishments, 994 avg employees; matched by ein 0, sec name 1, ex-21 subsidiary 3; sites listed in social/raw/osha_establishments.csv"
FTV,2024,0.584,OSHA ITA Form 300A summary data,https://www.osha.gov/sites/default/files/ITA_300A_Summary_Data_2024_through_12-31-2025.zip,2026-09-12,"4 recordable cases (1 days-away, 1 restricted) / 1368956 hours at 2 establishments, 700 avg employees; matched by ein 0, sec name 1, ex-21 subsidiary 1; sites listed in social/raw/osha_establishments.csv"
GD,2022,5.141,OSHA ITA Form 300A summary data,https://www.osha.gov/sites/default/files/ITA-data-cy2022.zip,2026-09-12,"1986 recordable cases (917 days-away, 547 restricted) / 77257517 hours at 62 establishments, 40423 avg employees; matched by ein 0, sec name 8, ex-21 subsidiary 54; sites listed in social/raw/osha_establishments.csv"
GD,2023,3.095,OSHA ITA Form 300A summary data,https://www.osha.gov/sites/default/files/ITA_300A_Summary_Data_2023_through_12-31-2024.zip,2026-09-12,"1798 recordable cases (656 days-away, 613 restricted) / 116199378 hours at 79 establishments, 58086 avg employees; matched by ein 1, sec name 6, ex-21 subsidiary 72; sites listed in social/raw/osha_establishments.csv"
GD,2024,2.348,OSHA ITA Form 300A summary data,https://www.osha.gov/sites/default/files/ITA_300A_Summary_Data_2024_through_12-31-2025.zip,2026-09-12,"832 recordable cases (376 days-away, 220 restricted) / 70876740 hours at 71 establishments, 40231 avg employees; matched by ein 1, sec name 7, ex-21 subsidiary 63; sites listed in social/raw/osha_establishments.csv"
GE,2022,1.519,OSHA ITA Form 300A summary data,https://www.osha.gov/sites/default/files/ITA-data-cy2022.zip,2026-09-12,"320 recordable cases (126 days-away, 19 restricted) / 42144740 hours at 36 establishments, 21657 avg employees; matched by ein 27, sec name 1, ex-21 subsidiary 8; sites listed in social/raw/osha_establishments.csv"
GE,2023,0.94,OSHA ITA Form 300A summary data,https://www.osha.gov/sites/default/files/ITA_300A_Summary_Data_2023_through_12-31-2024.zip,2026-09-12,"295 recordable cases (112 days-away, 40 restricted) / 62779291 hours at 48 establishments, 30532 avg employees; matched by ein 32, sec name 1, ex-21 subsidiary 15; sites listed in social/raw/osha_establishments.csv"
GE,2024,1.352,OSHA ITA Form 300A summary data,https://www.osha.gov/sites/default/files/ITA_300A_Summary_Data_2024_through_12-31-2025.zip,2026-09-12,"127 recordable cases (62 days-away, 11 restricted) / 18791000 hours at 23 establishments, 9363 avg employees; matched by ein 6, sec name 3, ex-21 subsidiary 14; sites listed in social/raw/osha_establishments.csv"
GEHC,2022,0.699,OSHA ITA Form 300A summary data,https://www.osha.gov/sites/default/files/ITA-data-cy2022.zip,2026-09-12,"25 recordable cases (5 days-away, 11 restricted) / 7151645 hours at 14 establishments, 3251 avg employees; matched by ein 0, sec name 2, ex-21 subsidiary 12; sites listed in social/raw/osha_establishments.csv"
GEHC,2023,0.721,OSHA ITA Form 300A summary data,https://www.osha.gov/sites/default/files/ITA_300A_Summary_Data_2023_through_12-31-2024.zip,2026-09-12,"27 recordable cases (7 days-away, 11 restricted) / 7486595 hours at 14 establishments, 3600 avg employees; matched by ein 0, sec name 1, ex-21 subsidiary 13; sites listed in social/raw/osha_establishments.csv"
GEHC,2024,0.515,OSHA ITA Form 300A summary data,https://www.osha.gov/sites/default/files/ITA_300A_Summary_Data_2024_through_12-31-2025.zip,2026-09-12,"17 recordable cases (8 days-away, 5 restricted) / 6602192 hours at 13 establishments, 3363 avg employees; matched by ein 0, sec name 0, ex-21 subsidiary 13; sites listed in social/raw/osha_establishments.csv"
GEV,2022,0.713,OSHA ITA Form 300A summary data,https://www.osha.gov/sites/default/files/ITA-data-cy2022.zip,2026-09-12,"22 recordable cases (9 days-away, 3 restricted) / 6167325 hours at 4 establishments, 3471 avg employees; matched by ein 0, sec name 0, ex-21 subsidiary 4; sites listed in social/raw/osha_establishments.csv"
GEV,2023,0.945,OSHA ITA Form 300A summary data,https://www.osha.gov/sites/default/files/ITA_300A_Summary_Data_2023_through_12-31-2024.zip,2026-09-12,"25 recordable cases (6 days-away, 5 restricted) / 5289535 hours at 7 establishments, 3501 avg employees; matched by ein 0, sec name 0, ex-21 subsidiary 7; sites listed in social/raw/osha_establishments.csv"
GEV,2024,0.711,OSHA ITA Form 300A summary data,https://www.osha.gov/sites/default/files/ITA_300A_Summary_Data_2024_through_12-31-2025.zip,2026-09-12,"37 recordable cases (10 days-away, 7 restricted) / 10402799 hours at 10 establishments, 8722 avg employees; matched by ein 0, sec name 1, ex-21 subsidiary 9; sites listed in social/raw/osha_establishments.csv"
GILD,2022,2.115,OSHA ITA Form 300A summary data,https://www.osha.gov/sites/default/files/ITA-data-cy2022.zip,2026-09-12,"61 recordable cases (45 days-away, 8 restricted) / 5769088 hours at 6 establishments, 2936 avg employees; matched by ein 1, sec name 2, ex-21 subsidiary 3; sites listed in social/raw/osha_establishments.csv"
GILD,2023,1.509,OSHA ITA Form 300A summary data,https://www.osha.gov/sites/default/files/ITA_300A_Summary_Data_2023_through_12-31-2024.zip,2026-09-12,"35 recordable cases (16 days-away, 7 restricted) / 4638132 hours at 4 establishments, 2393 avg employees; matched by ein 1, sec name 1, ex-21 subsidiary 2; sites listed in social/raw/osha_establishments.csv"
GILD,2024,0.792,OSHA ITA Form 300A summary data,https://www.osha.gov/sites/default/files/ITA_300A_Summary_Data_2024_through_12-31-2025.zip,2026-09-12,"22 recordable cases (7 days-away, 11 restricted) / 5553556 hours at 6 establishments, 2787 avg employees; matched by ein 1, sec name 1, ex-21 subsidiary 4; sites listed in social/raw/osha_establishments.csv"
GIS,2022,3.576,OSHA ITA Form 300A summary data,https://www.osha.gov/sites/default/files/ITA-data-cy2022.zip,2026-09-12,"293 recordable cases (92 days-away, 131 restricted) / 16388099 hours at 19 establishments, 7933 avg employees; matched by ein 2, sec name 16, ex-21 subsidiary 1; sites listed in social/raw/osha_establishments.csv"
GIS,2023,3.491,OSHA ITA Form 300A summary data,https://www.osha.gov/sites/default/files/ITA_300A_Summary_Data_2023_through_12-31-2024.zip,2026-09-12,"421 recordable cases (148 days-away, 163 restricted) / 24116670 hours at 21 establishments, 12150 avg employees; matched by ein 4, sec name 16, ex-21 subsidiary 1; sites listed in social/raw/osha_establishments.csv"
GIS,2024,3.685,OSHA ITA Form 300A summary data,https://www.osha.gov/sites/default/files/ITA_300A_Summary_Data_2024_through_12-31-2025.zip,2026-09-12,"529 recordable cases (118 days-away, 264 restricted) / 28713586 hours at 25 establishments, 14274 avg employees; matched by ein 4, sec name 20, ex-21 subsidiary 1; sites listed in social/raw/osha_establishments.csv"
GLW,2022,2.143,OSHA ITA Form 300A summary data,https://www.osha.gov/sites/default/files/ITA-data-cy2022.zip,2026-09-12,"240 recordable cases (88 days-away, 102 restricted) / 22397714 hours at 20 establishments, 9908 avg employees; matched by ein 5, sec name 5, ex-21 subsidiary 10; sites listed in social/raw/osha_establishments.csv"
GLW,2023,1.554,OSHA ITA Form 300A summary data,https://www.osha.gov/sites/default/files/ITA_300A_Summary_Data_2023_through_12-31-2024.zip,2026-09-12,"180 recordable cases (50 days-away, 75 restricted) / 23161301 hours at 23 establishments, 10802 avg employees; matched by ein 8, sec name 5, ex-21 subsidiary 10; sites listed in social/raw/osha_establishments.csv"
GLW,2024,1.093,OSHA ITA Form 300A summary data,https://www.osha.gov/sites/default/files/ITA_300A_Summary_Data_2024_through_12-31-2025.zip,2026-09-12,"98 recordable cases (28 days-away, 24 restricted) / 17940184 hours at 18 establishments, 9111 avg employees; matched by ein 4, sec name 5, ex-21 subsidiary 9; sites listed in social/raw/osha_establishments.csv"
GM,2022,3.365,OSHA ITA Form 300A summary data,https://www.osha.gov/sites/default/files/ITA-data-cy2022.zip,2026-09-12,"2044 recordable cases (516 days-away, 1081 restricted) / 121470926 hours at 36 establishments, 64441 avg employees; matched by ein 0, sec name 33, ex-21 subsidiary 3; sites listed in social/raw/osha_establishments.csv"
GM,2023,2.989,OSHA ITA Form 300A summary data,https://www.osha.gov/sites/default/files/ITA_300A_Summary_Data_2023_through_12-31-2024.zip,2026-09-12,"2344 recordable cases (505 days-away, 1199 restricted) / 156834925 hours at 77 establishments, 81980 avg employees; matched by ein 0, sec name 45, ex-21 subsidiary 32; sites listed in social/raw/osha_establishments.csv"
GM,2024,2.768,OSHA ITA Form 300A summary data,https://www.osha.gov/sites/default/files/ITA_300A_Summary_Data_2024_through_12-31-2025.zip,2026-09-12,"2080 recordable cases (384 days-away, 1214 restricted) / 150268686 hours at 73 establishments, 77199 avg employees; matched by ein 1, sec name 40, ex-21 subsidiary 32; sites listed in social/raw/osha_establishments.csv"
GNRC,2022,4.094,OSHA ITA Form 300A summary data,https://www.osha.gov/sites/default/files/ITA-data-cy2022.zip,2026-09-12,"56 recordable cases (14 days-away, 27 restricted) / 2735931 hours at 4 establishments, 1270 avg employees; matched by ein 0, sec name 0, ex-21 subsidiary 4; sites listed in social/raw/osha_establishments.csv"
GNRC,2023,1.941,OSHA ITA Form 300A summary data,https://www.osha.gov/sites/default/files/ITA_300A_Summary_Data_2023_through_12-31-2024.zip,2026-09-12,"66 recordable cases (22 days-away, 25 restricted) / 6801059 hours at 6 establishments, 3362 avg employees; matched by ein 0, sec name 1, ex-21 subsidiary 5; sites listed in social/raw/osha_establishments.csv"
GNRC,2024,0.939,OSHA ITA Form 300A summary data,https://www.osha.gov/sites/default/files/ITA_300A_Summary_Data_2024_through_12-31-2025.zip,2026-09-12,"23 recordable cases (9 days-away, 10 restricted) / 4898643 hours at 4 establishments, 2792 avg employees; matched by ein 0, sec name 0, ex-21 subsidiary 4; sites listed in social/raw/osha_establishments.csv"
GPC,2022,4.767,OSHA ITA Form 300A summary data,https://www.osha.gov/sites/default/files/ITA-data-cy2022.zip,2026-09-12,"376 recordable cases (159 days-away, 152 restricted) / 15776584 hours at 149 establishments, 8328 avg employees; matched by ein 89, sec name 13, ex-21 subsidiary 47; sites listed in social/raw/osha_establishments.csv"
GPC,2023,4.022,OSHA ITA Form 300A summary data,https://www.osha.gov/sites/default/files/ITA_300A_Summary_Data_2023_through_12-31-2024.zip,2026-09-12,"326 recordable cases (120 days-away, 161 restricted) / 16211611 hours at 159 establishments, 7874 avg employees; matched by ein 102, sec name 3, ex-21 subsidiary 54; sites listed in social/raw/osha_establishments.csv"
GPC,2024,5.747,OSHA ITA Form 300A summary data,https://www.osha.gov/sites/default/files/ITA_300A_Summary_Data_2024_through_12-31-2025.zip,2026-09-12,"307 recordable cases (109 days-away, 156 restricted) / 10684733 hours at 142 establishments, 4958 avg employees; matched by ein 141, sec name 1, ex-21 subsidiary 0; sites listed in social/raw/osha_establishments.csv"
GRMN,2022,0.186,OSHA ITA Form 300A summary data,https://www.osha.gov/sites/default/files/ITA-data-cy2022.zip,2026-09-12,"11 recordable cases (1 days-away, 2 restricted) / 11813237 hours at 1 establishments, 7649 avg employees; matched by ein 0, sec name 0, ex-21 subsidiary 1; sites listed in social/raw/osha_establishments.csv"
GRMN,2024,0.431,OSHA ITA Form 300A summary data,https://www.osha.gov/sites/default/files/ITA_300A_Summary_Data_2024_through_12-31-2025.zip,2026-09-12,"29 recordable cases (5 days-away, 18 restricted) / 13458367 hours at 5 establishments, 7303 avg employees; matched by ein 0, sec name 0, ex-21 subsidiary 5; sites listed in social/raw/osha_establishments.csv"
GWW,2022,1.361,OSHA ITA Form 300A summary data,https://www.osha.gov/sites/default/files/ITA-data-cy2022.zip,2026-09-12,"231 recordable cases (74 days-away, 72 restricted) / 33940422 hours at 181 establishments, 17124 avg employees; matched by ein 175, sec name 0, ex-21 subsidiary 6; sites listed in social/raw/osha_establishments.csv"
GWW,2023,1.349,OSHA ITA Form 300A summary data,https://www.osha.gov/sites/default/files/ITA_300A_Summary_Data_2023_through_12-31-2024.zip,2026-09-12,"229 recordable cases (76 days-away, 79 restricted) / 33961253 hours at 194 establishments, 18470 avg employees; matched by ein 188, sec name 0, ex-21 subsidiary 6; sites listed in social/raw/osha_establishments.csv"
GWW,2024,1.39,OSHA ITA Form 300A summary data,https://www.osha.gov/sites/default/files/ITA_300A_Summary_Data_2024_through_12-31-2025.zip,2026-09-12,"233 recordable cases (83 days-away, 50 restricted) / 33529672 hours at 197 establishments, 18213 avg employees; matched by ein 192, sec name 0, ex-21 subsidiary 5; sites listed in social/raw/osha_establishments.csv"
HAL,2022,0.796,OSHA ITA Form 300A summary data,https://www.osha.gov/sites/default/files/ITA-data-cy2022.zip,2026-09-12,"93 recordable cases (30 days-away, 25 restricted) / 23358813 hours at 19 establishments, 8394 avg employees; matched by ein 0, sec name 5, ex-21 subsidiary 14; sites listed in social/raw/osha_establishments.csv"
HAL,2023,0.645,OSHA ITA Form 300A summary data,https://www.osha.gov/sites/default/files/ITA_300A_Summary_Data_2023_through_12-31-2024.zip,2026-09-12,"77 recordable cases (17 days-away, 23 restricted) / 23878508 hours at 18 establishments, 8756 avg employees; matched by ein 0, sec name 4, ex-21 subsidiary 14; sites listed in social/raw/osha_establishments.csv"
HAL,2024,0.221,OSHA ITA Form 300A summary data,https://www.osha.gov/sites/default/files/ITA_300A_Summary_Data_2024_through_12-31-2025.zip,2026-09-12,"9 recordable cases (1 days-away, 5 restricted) / 8138053 hours at 10 establishments, 3422 avg employees; matched by ein 0, sec name 2, ex-21 subsidiary 8; sites listed in social/raw/osha_establishments.csv"
HCA,2022,4.431,OSHA ITA Form 300A summary data,https://www.osha.gov/sites/default/files/ITA-data-cy2022.zip,2026-09-12,"1329 recordable cases (240 days-away, 240 restricted) / 59992557 hours at 27 establishments, 32806 avg employees; matched by ein 0, sec name 10, ex-21 subsidiary 17; sites listed in social/raw/osha_establishments.csv"
HCA,2023,3.526,OSHA ITA Form 300A summary data,https://www.osha.gov/sites/default/files/ITA_300A_Summary_Data_2023_through_12-31-2024.zip,2026-09-12,"1925 recordable cases (326 days-away, 423 restricted) / 109200253 hours at 57 establishments, 62635 avg employees; matched by ein 0, sec name 17, ex-21 subsidiary 40; sites listed in social/raw/osha_establishments.csv"
HCA,2024,5.135,OSHA ITA Form 300A summary data,https://www.osha.gov/sites/default/files/ITA_300A_Summary_Data_2024_through_12-31-2025.zip,2026-09-12,"2032 recordable cases (223 days-away, 499 restricted) / 79138942 hours at 69 establishments, 48873 avg employees; matched by ein 0, sec name 19, ex-21 subsidiary 50; sites listed in social/raw/osha_establishments.csv"
HD,2022,5.59,OSHA ITA Form 300A summary data,https://www.osha.gov/sites/default/files/ITA-data-cy2022.zip,2026-09-12,"10168 recordable cases (2852 days-away, 5373 restricted) / 363824957 hours at 2050 establishments, 185616 avg employees; matched by ein 0, sec name 2050, ex-21 subsidiary 0; sites listed in social/raw/osha_establishments.csv"
HD,2023,3.625,OSHA ITA Form 300A summary data,https://www.osha.gov/sites/default/files/ITA_300A_Summary_Data_2023_through_12-31-2024.zip,2026-09-12,"7428 recordable cases (2192 days-away, 3875 restricted) / 409853072 hours at 1883 establishments, 209118 avg employees; matched by ein 0, sec name 1883, ex-21 subsidiary 0; sites listed in social/raw/osha_establishments.csv"
HD,2024,3.634,OSHA ITA Form 300A summary data,https://www.osha.gov/sites/default/files/ITA_300A_Summary_Data_2024_through_12-31-2025.zip,2026-09-12,"6847 recordable cases (1993 days-away, 3553 restricted) / 376846692 hours at 1909 establishments, 192261 avg employees; matched by ein 0, sec name 1909, ex-21 subsidiary 0; sites listed in social/raw/osha_establishments.csv"
HIG,2024,1.879,OSHA ITA Form 300A summary data,https://www.osha.gov/sites/default/files/ITA_300A_Summary_Data_2024_through_12-31-2025.zip,2026-09-12,"5 recordable cases (2 days-away, 1 restricted) / 532087 hours at 1 establishments, 220 avg employees; matched by ein 1, sec name 0, ex-21 subsidiary 0; sites listed in social/raw/osha_establishments.csv"
HII,2022,5.67,OSHA ITA Form 300A summary data,https://www.osha.gov/sites/default/files/ITA-data-cy2022.zip,2026-09-12,"1469 recordable cases (881 days-away, 376 restricted) / 51815723 hours at 2 establishments, 25698 avg employees; matched by ein 0, sec name 1, ex-21 subsidiary 1; sites listed in social/raw/osha_establishments.csv"
HII,2023,5.573,OSHA ITA Form 300A summary data,https://www.osha.gov/sites/default/files/ITA_300A_Summary_Data_2023_through_12-31-2024.zip,2026-09-12,"2149 recordable cases (1057 days-away, 450 restricted) / 77119822 hours at 3 establishments, 37925 avg employees; matched by ein 0, sec name 1, ex-21 subsidiary 2; sites listed in social/raw/osha_establishments.csv"
HII,2024,4.77,OSHA ITA Form 300A summary data,https://www.osha.gov/sites/default/files/ITA_300A_Summary_Data_2024_through_12-31-2025.zip,2026-09-12,"1307 recordable cases (744 days-away, 285 restricted) / 54804741 hours at 2 establishments, 27095 avg employees; matched by ein 0, sec name 1, ex-21 subsidiary 1; sites listed in social/raw/osha_establishments.csv"
HLT,2022,5.93,OSHA ITA Form 300A summary data,https://www.osha.gov/sites/default/files/ITA-data-cy2022.zip,2026-09-12,"1664 recordable cases (898 days-away, 437 restricted) / 56119570 hours at 197 establishments, 36535 avg employees; matched by ein 0, sec name 194, ex-21 subsidiary 3; sites listed in social/raw/osha_establishments.csv"
HON,2022,0.373,OSHA ITA Form 300A summary data,https://www.osha.gov/sites/default/files/ITA-data-cy2022.zip,2026-09-12,"114 recordable cases (30 days-away, 25 restricted) / 61137491 hours at 71 establishments, 29103 avg employees; matched by ein 39, sec name 11, ex-21 subsidiary 21; sites listed in social/raw/osha_establishments.csv"
HON,2023,0.336,OSHA ITA Form 300A summary data,https://www.osha.gov/sites/default/files/ITA_300A_Summary_Data_2023_through_12-31-2024.zip,2026-09-12,"93 recordable cases (31 days-away, 21 restricted) / 55426573 hours at 75 establishments, 26333 avg employees; matched by ein 35, sec name 15, ex-21 subsidiary 25; sites listed in social/raw/osha_establishments.csv"
HON,2024,0.226,OSHA ITA Form 300A summary data,https://www.osha.gov/sites/default/files/ITA_300A_Summary_Data_2024_through_12-31-2025.zip,2026-09-12,"69 recordable cases (20 days-away, 17 restricted) / 61106250 hours at 70 establishments, 29753 avg employees; matched by ein 28, sec name 17, ex-21 subsidiary 25; sites listed in social/raw/osha_establishments.csv"
HONA,2022,0.411,OSHA ITA Form 300A summary data,https://www.osha.gov/sites/default/files/ITA-data-cy2022.zip,2026-09-12,"9 recordable cases (4 days-away, 0 restricted) / 4382382 hours at 3 establishments, 2132 avg employees; matched by ein 0, sec name 3, ex-21 subsidiary 0; sites listed in social/raw/osha_establishments.csv"
HONA,2023,0.331,OSHA ITA Form 300A summary data,https://www.osha.gov/sites/default/files/ITA_300A_Summary_Data_2023_through_12-31-2024.zip,2026-09-12,"7 recordable cases (1 days-away, 1 restricted) / 4224511 hours at 2 establishments, 2107 avg employees; matched by ein 0, sec name 2, ex-21 subsidiary 0; sites listed in social/raw/osha_establishments.csv"
HONA,2024,0.286,OSHA ITA Form 300A summary data,https://www.osha.gov/sites/default/files/ITA_300A_Summary_Data_2024_through_12-31-2025.zip,2026-09-12,"8 recordable cases (2 days-away, 0 restricted) / 5597029 hours at 3 establishments, 2620 avg employees; matched by ein 0, sec name 3, ex-21 subsidiary 0; sites listed in social/raw/osha_establishments.csv"
HOOD,2022,0.052,OSHA ITA Form 300A summary data,https://www.osha.gov/sites/default/files/ITA-data-cy2022.zip,2026-09-12,"2 recordable cases (1 days-away, 0 restricted) / 7629026 hours at 1 establishments, 3800 avg employees; matched by ein 1, sec name 0, ex-21 subsidiary 0; sites listed in social/raw/osha_establishments.csv"
HPE,2022,1.535,OSHA ITA Form 300A summary data,https://www.osha.gov/sites/default/files/ITA-data-cy2022.zip,2026-09-12,"7 recordable cases (1 days-away, 2 restricted) / 912000 hours at 3 establishments, 456 avg employees; matched by ein 3, sec name 0, ex-21 subsidiary 0; sites listed in social/raw/osha_establishments.csv"
HPE,2023,2.134,OSHA ITA Form 300A summary data,https://www.osha.gov/sites/default/files/ITA_300A_Summary_Data_2023_through_12-31-2024.zip,2026-09-12,"10 recordable cases (2 days-away, 1 restricted) / 937000 hours at 4 establishments, 470 avg employees; matched by ein 3, sec name 1, ex-21 subsidiary 0; sites listed in social/raw/osha_establishments.csv"
HPE,2024,0.891,OSHA ITA Form 300A summary data,https://www.osha.gov/sites/default/files/ITA_300A_Summary_Data_2024_through_12-31-2025.zip,2026-09-12,"11 recordable cases (3 days-away, 5 restricted) / 2469500 hours at 6 establishments, 1963 avg employees; matched by ein 3, sec name 3, ex-21 subsidiary 0; sites listed in social/raw/osha_establishments.csv"
HPQ,2022,0.16,OSHA ITA Form 300A summary data,https://www.osha.gov/sites/default/files/ITA-data-cy2022.zip,2026-09-12,"15 recordable cases (4 days-away, 0 restricted) / 18736582 hours at 12 establishments, 9369 avg employees; matched by ein 12, sec name 0, ex-21 subsidiary 0; sites listed in social/raw/osha_establishments.csv"
HPQ,2023,0.109,OSHA ITA Form 300A summary data,https://www.osha.gov/sites/default/files/ITA_300A_Summary_Data_2023_through_12-31-2024.zip,2026-09-12,"10 recordable cases (4 days-away, 3 restricted) / 18377684 hours at 18 establishments, 9226 avg employees; matched by ein 18, sec name 0, ex-21 subsidiary 0; sites listed in social/raw/osha_establishments.csv"
HPQ,2024,0.079,OSHA ITA Form 300A summary data,https://www.osha.gov/sites/default/files/ITA_300A_Summary_Data_2024_through_12-31-2025.zip,2026-09-12,"7 recordable cases (4 days-away, 1 restricted) / 17741977 hours at 16 establishments, 8862 avg employees; matched by ein 16, sec name 0, ex-21 subsidiary 0; sites listed in social/raw/osha_establishments.csv"
HRL,2022,3.278,OSHA ITA Form 300A summary data,https://www.osha.gov/sites/default/files/ITA-data-cy2022.zip,2026-09-12,"470 recordable cases (130 days-away, 223 restricted) / 28675174 hours at 43 establishments, 13592 avg employees; matched by ein 6, sec name 10, ex-21 subsidiary 27; sites listed in social/raw/osha_establishments.csv"
HRL,2023,2.396,OSHA ITA Form 300A summary data,https://www.osha.gov/sites/default/files/ITA_300A_Summary_Data_2023_through_12-31-2024.zip,2026-09-12,"328 recordable cases (74 days-away, 162 restricted) / 27373945 hours at 43 establishments, 14069 avg employees; matched by ein 6, sec name 10, ex-21 subsidiary 27; sites listed in social/raw/osha_establishments.csv"
HRL,2024,2.319,OSHA ITA Form 300A summary data,https://www.osha.gov/sites/default/files/ITA_300A_Summary_Data_2024_through_12-31-2025.zip,2026-09-12,"326 recordable cases (85 days-away, 139 restricted) / 28116753 hours at 42 establishments, 13981 avg employees; matched by ein 7, sec name 8, ex-21 subsidiary 27; sites listed in social/raw/osha_establishments.csv"
HSIC,2022,6.452,OSHA ITA Form 300A summary data,https://www.osha.gov/sites/default/files/ITA-data-cy2022.zip,2026-09-12,"268 recordable cases (106 days-away, 109 restricted) / 8307661 hours at 46 establishments, 4374 avg employees; matched by ein 40, sec name 6, ex-21 subsidiary 0; sites listed in social/raw/osha_establishments.csv"
HSIC,2023,5.775,OSHA ITA Form 300A summary data,https://www.osha.gov/sites/default/files/ITA_300A_Summary_Data_2023_through_12-31-2024.zip,2026-09-12,"191 recordable cases (86 days-away, 68 restricted) / 6614713 hours at 27 establishments, 3408 avg employees; matched by ein 22, sec name 5, ex-21 subsidiary 0; sites listed in social/raw/osha_establishments.csv"
HSIC,2024,4.808,OSHA ITA Form 300A summary data,https://www.osha.gov/sites/default/files/ITA_300A_Summary_Data_2024_through_12-31-2025.zip,2026-09-12,"125 recordable cases (40 days-away, 52 restricted) / 5199332 hours at 29 establishments, 2792 avg employees; matched by ein 24, sec name 4, ex-21 subsidiary 1; sites listed in social/raw/osha_establishments.csv"
HSY,2022,2.18,OSHA ITA Form 300A summary data,https://www.osha.gov/sites/default/files/ITA-data-cy2022.zip,2026-09-12,"160 recordable cases (68 days-away, 61 restricted) / 14682233 hours at 14 establishments, 7179 avg employees; matched by ein 4, sec name 9, ex-21 subsidiary 1; sites listed in social/raw/osha_establishments.csv"
HSY,2023,1.473,OSHA ITA Form 300A summary data,https://www.osha.gov/sites/default/files/ITA_300A_Summary_Data_2023_through_12-31-2024.zip,2026-09-12,"103 recordable cases (31 days-away, 47 restricted) / 13981286 hours at 16 establishments, 7219 avg employees; matched by ein 4, sec name 12, ex-21 subsidiary 0; sites listed in social/raw/osha_establishments.csv"
HSY,2024,1.88,OSHA ITA Form 300A summary data,https://www.osha.gov/sites/default/files/ITA_300A_Summary_Data_2024_through_12-31-2025.zip,2026-09-12,"170 recordable cases (61 days-away, 70 restricted) / 18082284 hours at 21 establishments, 9734 avg employees; matched by ein 7, sec name 11, ex-21 subsidiary 3; sites listed in social/raw/osha_establishments.csv"
HUBB,2022,2.742,OSHA ITA Form 300A summary data,https://www.osha.gov/sites/default/files/ITA-data-cy2022.zip,2026-09-12,"94 recordable cases (33 days-away, 22 restricted) / 6856850 hours at 18 establishments, 3663 avg employees; matched by ein 0, sec name 7, ex-21 subsidiary 11; sites listed in social/raw/osha_establishments.csv"
HUBB,2023,1.902,OSHA ITA Form 300A summary data,https://www.osha.gov/sites/default/files/ITA_300A_Summary_Data_2023_through_12-31-2024.zip,2026-09-12,"89 recordable cases (36 days-away, 23 restricted) / 9359389 hours at 26 establishments, 4875 avg employees; matched by ein 0, sec name 12, ex-21 subsidiary 14; sites listed in social/raw/osha_establishments.csv"
HUBB,2024,1.953,OSHA ITA Form 300A summary data,https://www.osha.gov/sites/default/files/ITA_300A_Summary_Data_2024_through_12-31-2025.zip,2026-09-12,"105 recordable cases (29 days-away, 40 restricted) / 10752544 hours at 21 establishments, 5524 avg employees; matched by ein 0, sec name 11, ex-21 subsidiary 10; sites listed in social/raw/osha_establishments.csv"
HUM,2022,7.22,OSHA ITA Form 300A summary data,https://www.osha.gov/sites/default/files/ITA-data-cy2022.zip,2026-09-12,"140 recordable cases (91 days-away, 13 restricted) / 3877875 hours at 16 establishments, 2177 avg employees; matched by ein 1, sec name 6, ex-21 subsidiary 9; sites listed in social/raw/osha_establishments.csv"
HUM,2023,2.337,OSHA ITA Form 300A summary data,https://www.osha.gov/sites/default/files/ITA_300A_Summary_Data_2023_through_12-31-2024.zip,2026-09-12,"29 recordable cases (18 days-away, 2 restricted) / 2481506 hours at 8 establishments, 1262 avg employees; matched by ein 1, sec name 6, ex-21 subsidiary 1; sites listed in social/raw/osha_establishments.csv"
HUM,2024,2.513,OSHA ITA Form 300A summary data,https://www.osha.gov/sites/default/files/ITA_300A_Summary_Data_2024_through_12-31-2025.zip,2026-09-12,"25 recordable cases (9 days-away, 12 restricted) / 1989280 hours at 6 establishments, 1009 avg employees; matched by ein 1, sec name 5, ex-21 subsidiary 0; sites listed in social/raw/osha_establishments.csv"
HWM,2022,1.73,OSHA ITA Form 300A summary data,https://www.osha.gov/sites/default/files/ITA-data-cy2022.zip,2026-09-12,"167 recordable cases (19 days-away, 65 restricted) / 19304260 hours at 31 establishments, 9248 avg employees; matched by ein 4, sec name 16, ex-21 subsidiary 11; sites listed in social/raw/osha_establishments.csv"
HWM,2023,0.89,OSHA ITA Form 300A summary data,https://www.osha.gov/sites/default/files/ITA_300A_Summary_Data_2023_through_12-31-2024.zip,2026-09-12,"84 recordable cases (10 days-away, 11 restricted) / 18876491 hours at 31 establishments, 8649 avg employees; matched by ein 4, sec name 16, ex-21 subsidiary 11; sites listed in social/raw/osha_establishments.csv"
HWM,2024,1.069,OSHA ITA Form 300A summary data,https://www.osha.gov/sites/default/files/ITA_300A_Summary_Data_2024_through_12-31-2025.zip,2026-09-12,"112 recordable cases (18 days-away, 26 restricted) / 20961992 hours at 26 establishments, 9543 avg employees; matched by ein 3, sec name 12, ex-21 subsidiary 11; sites listed in social/raw/osha_establishments.csv"
IBM,2022,0.377,OSHA ITA Form 300A summary data,https://www.osha.gov/sites/default/files/ITA-data-cy2022.zip,2026-09-12,"10 recordable cases (1 days-away, 0 restricted) / 5312000 hours at 1 establishments, 2656 avg employees; matched by ein 1, sec name 0, ex-21 subsidiary 0; sites listed in social/raw/osha_establishments.csv"
IDXX,2022,1.095,OSHA ITA Form 300A summary data,https://www.osha.gov/sites/default/files/ITA-data-cy2022.zip,2026-09-12,"47 recordable cases (6 days-away, 24 restricted) / 8581272 hours at 22 establishments, 4266 avg employees; matched by ein 0, sec name 22, ex-21 subsidiary 0; sites listed in social/raw/osha_establishments.csv"
IDXX,2023,1.323,OSHA ITA Form 300A summary data,https://www.osha.gov/sites/default/files/ITA_300A_Summary_Data_2023_through_12-31-2024.zip,2026-09-12,"39 recordable cases (4 days-away, 18 restricted) / 5894616 hours at 2 establishments, 2925 avg employees; matched by ein 1, sec name 1, ex-21 subsidiary 0; sites listed in social/raw/osha_establishments.csv"
IDXX,2024,0.9,OSHA ITA Form 300A summary data,https://www.osha.gov/sites/default/files/ITA_300A_Summary_Data_2024_through_12-31-2025.zip,2026-09-12,"28 recordable cases (2 days-away, 6 restricted) / 6224568 hours at 5 establishments, 3089 avg employees; matched by ein 1, sec name 4, ex-21 subsidiary 0; sites listed in social/raw/osha_establishments.csv"
IEX,2022,1.63,OSHA ITA Form 300A summary data,https://www.osha.gov/sites/default/files/ITA-data-cy2022.zip,2026-09-12,"55 recordable cases (16 days-away, 12 restricted) / 6746850 hours at 25 establishments, 3454 avg employees; matched by ein 0, sec name 7, ex-21 subsidiary 18; sites listed in social/raw/osha_establishments.csv"
IEX,2023,1.998,OSHA ITA Form 300A summary data,https://www.osha.gov/sites/default/files/ITA_300A_Summary_Data_2023_through_12-31-2024.zip,2026-09-12,"65 recordable cases (26 days-away, 9 restricted) / 6505389 hours at 28 establishments, 3511 avg employees; matched by ein 0, sec name 11, ex-21 subsidiary 17; sites listed in social/raw/osha_establishments.csv"
IEX,2024,1.965,OSHA ITA Form 300A summary data,https://www.osha.gov/sites/default/files/ITA_300A_Summary_Data_2024_through_12-31-2025.zip,2026-09-12,"45 recordable cases (11 days-away, 14 restricted) / 4580867 hours at 20 establishments, 2405 avg employees; matched by ein 0, sec name 8, ex-21 subsidiary 12; sites listed in social/raw/osha_establishments.csv"
IFF,2022,0.843,OSHA ITA Form 300A summary data,https://www.osha.gov/sites/default/files/ITA-data-cy2022.zip,2026-09-12,"17 recordable cases (4 days-away, 11 restricted) / 4035100 hours at 10 establishments, 1947 avg employees; matched by ein 3, sec name 6, ex-21 subsidiary 1; sites listed in social/raw/osha_establishments.csv"
IFF,2023,1.064,OSHA ITA Form 300A summary data,https://www.osha.gov/sites/default/files/ITA_300A_Summary_Data_2023_through_12-31-2024.zip,2026-09-12,"13 recordable cases (2 days-away, 7 restricted) / 2444027 hours at 7 establishments, 1171 avg employees; matched by ein 1, sec name 5, ex-21 subsidiary 1; sites listed in social/raw/osha_establishments.csv"
IFF,2024,0.716,OSHA ITA Form 300A summary data,https://www.osha.gov/sites/default/files/ITA_300A_Summary_Data_2024_through_12-31-2025.zip,2026-09-12,"10 recordable cases (2 days-away, 3 restricted) / 2793008 hours at 9 establishments, 1386 avg employees; matched by ein 2, sec name 5, ex-21 subsidiary 2; sites listed in social/raw/osha_establishments.csv"
INTC,2022,3.005,OSHA ITA Form 300A summary data,https://www.osha.gov/sites/default/files/ITA-data-cy2022.zip,2026-09-12,"921 recordable cases (205 days-away, 124 restricted) / 61299904 hours at 6 establishments, 29512 avg employees; matched by ein 6, sec name 0, ex-21 subsidiary 0; sites listed in social/raw/osha_establishments.csv"
INTC,2023,2.464,OSHA ITA Form 300A summary data,https://www.osha.gov/sites/default/files/ITA_300A_Summary_Data_2023_through_12-31-2024.zip,2026-09-12,"787 recordable cases (147 days-away, 125 restricted) / 63874939 hours at 6 establishments, 30751 avg employees; matched by ein 6, sec name 0, ex-21 subsidiary 0; sites listed in social/raw/osha_establishments.csv"
INTC,2024,1.928,OSHA ITA Form 300A summary data,https://www.osha.gov/sites/default/files/ITA_300A_Summary_Data_2024_through_12-31-2025.zip,2026-09-12,"640 recordable cases (146 days-away, 98 restricted) / 66399775 hours at 7 establishments, 31966 avg employees; matched by ein 7, sec name 0, ex-21 subsidiary 0; sites listed in social/raw/osha_establishments.csv"
INTU,2022,0.045,OSHA ITA Form 300A summary data,https://www.osha.gov/sites/default/files/ITA-data-cy2022.zip,2026-09-12,"3 recordable cases (1 days-away, 0 restricted) / 13365555 hours at 10 establishments, 6440 avg employees; matched by ein 0, sec name 10, ex-21 subsidiary 0; sites listed in social/raw/osha_establishments.csv"
IP,2022,1.439,OSHA ITA Form 300A summary data,https://www.osha.gov/sites/default/files/ITA-data-cy2022.zip,2026-09-12,"474 recordable cases (208 days-away, 105 restricted) / 65876918 hours at 194 establishments, 30043 avg employees; matched by ein 145, sec name 48, ex-21 subsidiary 1; sites listed in social/raw/osha_establishments.csv"
IP,2023,1.142,OSHA ITA Form 300A summary data,https://www.osha.gov/sites/default/files/ITA_300A_Summary_Data_2023_through_12-31-2024.zip,2026-09-12,"372 recordable cases (114 days-away, 109 restricted) / 65127492 hours at 190 establishments, 29983 avg employees; matched by ein 139, sec name 50, ex-21 subsidiary 1; sites listed in social/raw/osha_establishments.csv"
IP,2024,1.193,OSHA ITA Form 300A summary data,https://www.osha.gov/sites/default/files/ITA_300A_Summary_Data_2024_through_12-31-2025.zip,2026-09-12,"332 recordable cases (115 days-away, 79 restricted) / 55643841 hours at 168 establishments, 25956 avg employees; matched by ein 104, sec name 63, ex-21 subsidiary 1; sites listed in social/raw/osha_establishments.csv"
IR,2022,1.837,OSHA ITA Form 300A summary data,https://www.osha.gov/sites/default/files/ITA-data-cy2022.zip,2026-09-12,"34 recordable cases (17 days-away, 14 restricted) / 3702079 hours at 10 establishments, 1997 avg employees; matched by ein 0, sec name 0, ex-21 subsidiary 10; sites listed in social/raw/osha_establishments.csv"
IR,2023,1.982,OSHA ITA Form 300A summary data,https://www.osha.gov/sites/default/files/ITA_300A_Summary_Data_2023_through_12-31-2024.zip,2026-09-12,"54 recordable cases (14 days-away, 20 restricted) / 5449706 hours at 30 establishments, 2772 avg employees; matched by ein 0, sec name 3, ex-21 subsidiary 27; sites listed in social/raw/osha_establishments.csv"
IR,2024,1.592,OSHA ITA Form 300A summary data,https://www.osha.gov/sites/default/files/ITA_300A_Summary_Data_2024_through_12-31-2025.zip,2026-09-12,"22 recordable cases (7 days-away, 8 restricted) / 2763306 hours at 43 establishments, 1405 avg employees; matched by ein 0, sec name 1, ex-21 subsidiary 42; sites listed in social/raw/osha_establishments.csv"
IRM,2022,1.162,OSHA ITA Form 300A summary data,https://www.osha.gov/sites/default/files/ITA-data-cy2022.zip,2026-09-12,"75 recordable cases (33 days-away, 23 restricted) / 12905793 hours at 86 establishments, 6226 avg employees; matched by ein 0, sec name 83, ex-21 subsidiary 3; sites listed in social/raw/osha_establishments.csv"
IRM,2023,1.108,OSHA ITA Form 300A summary data,https://www.osha.gov/sites/default/files/ITA_300A_Summary_Data_2023_through_12-31-2024.zip,2026-09-12,"80 recordable cases (33 days-away, 43 restricted) / 14434854 hours at 97 establishments, 6966 avg employees; matched by ein 0, sec name 97, ex-21 subsidiary 0; sites listed in social/raw/osha_establishments.csv"
IRM,2024,0.877,OSHA ITA Form 300A summary data,https://www.osha.gov/sites/default/files/ITA_300A_Summary_Data_2024_through_12-31-2025.zip,2026-09-12,"125 recordable cases (39 days-away, 48 restricted) / 28511673 hours at 189 establishments, 13706 avg employees; matched by ein 187, sec name 0, ex-21 subsidiary 2; sites listed in social/raw/osha_establishments.csv"
ISRG,2022,0.249,OSHA ITA Form 300A summary data,https://www.osha.gov/sites/default/files/ITA-data-cy2022.zip,2026-09-12,"1 recordable cases (0 days-away, 0 restricted) / 804000 hours at 3 establishments, 402 avg employees; matched by ein 0, sec name 3, ex-21 subsidiary 0; sites listed in social/raw/osha_establishments.csv"
ITW,2022,2.537,OSHA ITA Form 300A summary data,https://www.osha.gov/sites/default/files/ITA-data-cy2022.zip,2026-09-12,"222 recordable cases (66 days-away, 68 restricted) / 17499799 hours at 82 establishments, 8827 avg employees; matched by ein 60, sec name 3, ex-21 subsidiary 19; sites listed in social/raw/osha_establishments.csv"
ITW,2023,2.589,OSHA ITA Form 300A summary data,https://www.osha.gov/sites/default/files/ITA_300A_Summary_Data_2023_through_12-31-2024.zip,2026-09-12,"235 recordable cases (73 days-away, 67 restricted) / 18152963 hours at 87 establishments, 9299 avg employees; matched by ein 62, sec name 7, ex-21 subsidiary 18; sites listed in social/raw/osha_establishments.csv"
ITW,2024,2.162,OSHA ITA Form 300A summary data,https://www.osha.gov/sites/default/files/ITA_300A_Summary_Data_2024_through_12-31-2025.zip,2026-09-12,"175 recordable cases (48 days-away, 67 restricted) / 16188617 hours at 83 establishments, 8329 avg employees; matched by ein 58, sec name 5, ex-21 subsidiary 20; sites listed in social/raw/osha_establishments.csv"
JBL,2022,1.708,OSHA ITA Form 300A summary data,https://www.osha.gov/sites/default/files/ITA-data-cy2022.zip,2026-09-12,"132 recordable cases (33 days-away, 47 restricted) / 15454485 hours at 24 establishments, 7792 avg employees; matched by ein 11, sec name 11, ex-21 subsidiary 2; sites listed in social/raw/osha_establishments.csv"
JBL,2023,2.24,OSHA ITA Form 300A summary data,https://www.osha.gov/sites/default/files/ITA_300A_Summary_Data_2023_through_12-31-2024.zip,2026-09-12,"132 recordable cases (24 days-away, 74 restricted) / 11784021 hours at 23 establishments, 7302 avg employees; matched by ein 10, sec name 11, ex-21 subsidiary 2; sites listed in social/raw/osha_establishments.csv"
JBL,2024,1.999,OSHA ITA Form 300A summary data,https://www.osha.gov/sites/default/files/ITA_300A_Summary_Data_2024_through_12-31-2025.zip,2026-09-12,"156 recordable cases (22 days-away, 105 restricted) / 15610669 hours at 30 establishments, 8276 avg employees; matched by ein 12, sec name 15, ex-21 subsidiary 3; sites listed in social/raw/osha_establishments.csv"
JCI,2022,0.871,OSHA ITA Form 300A summary data,https://www.osha.gov/sites/default/files/ITA-data-cy2022.zip,2026-09-12,"248 recordable cases (47 days-away, 95 restricted) / 56924876 hours at 263 establishments, 28469 avg employees; matched by ein 0, sec name 263, ex-21 subsidiary 0; sites listed in social/raw/osha_establishments.csv"
JCI,2023,0.832,OSHA ITA Form 300A summary data,https://www.osha.gov/sites/default/files/ITA_300A_Summary_Data_2023_through_12-31-2024.zip,2026-09-12,"217 recordable cases (54 days-away, 72 restricted) / 52150826 hours at 236 establishments, 26486 avg employees; matched by ein 0, sec name 236, ex-21 subsidiary 0; sites listed in social/raw/osha_establishments.csv"
JCI,2024,1.216,OSHA ITA Form 300A summary data,https://www.osha.gov/sites/default/files/ITA_300A_Summary_Data_2024_through_12-31-2025.zip,2026-09-12,"64 recordable cases (13 days-away, 18 restricted) / 10524810 hours at 16 establishments, 4497 avg employees; matched by ein 0, sec name 16, ex-21 subsidiary 0; sites listed in social/raw/osha_establishments.csv"
JNJ,2022,0.973,OSHA ITA Form 300A summary data,https://www.osha.gov/sites/default/files/ITA-data-cy2022.zip,2026-09-12,"446 recordable cases (139 days-away, 180 restricted) / 91703289 hours at 95 establishments, 46234 avg employees; matched by ein 7, sec name 88, ex-21 subsidiary 0; sites listed in social/raw/osha_establishments.csv"
JNJ,2023,0.692,OSHA ITA Form 300A summary data,https://www.osha.gov/sites/default/files/ITA_300A_Summary_Data_2023_through_12-31-2024.zip,2026-09-12,"298 recordable cases (96 days-away, 87 restricted) / 86116187 hours at 77 establishments, 42502 avg employees; matched by ein 7, sec name 68, ex-21 subsidiary 2; sites listed in social/raw/osha_establishments.csv"
JNJ,2024,0.616,OSHA ITA Form 300A summary data,https://www.osha.gov/sites/default/files/ITA_300A_Summary_Data_2024_through_12-31-2025.zip,2026-09-12,"275 recordable cases (68 days-away, 77 restricted) / 89243658 hours at 69 establishments, 43427 avg employees; matched by ein 4, sec name 64, ex-21 subsidiary 1; sites listed in social/raw/osha_establishments.csv"
KDP,2022,2.327,OSHA ITA Form 300A summary data,https://www.osha.gov/sites/default/files/ITA-data-cy2022.zip,2026-09-12,"198 recordable cases (39 days-away, 99 restricted) / 17016082 hours at 22 establishments, 8568 avg employees; matched by ein 0, sec name 1, ex-21 subsidiary 21; sites listed in social/raw/osha_establishments.csv"
KDP,2023,5.336,OSHA ITA Form 300A summary data,https://www.osha.gov/sites/default/files/ITA_300A_Summary_Data_2023_through_12-31-2024.zip,2026-09-12,"884 recordable cases (227 days-away, 542 restricted) / 33133280 hours at 132 establishments, 16153 avg employees; matched by ein 0, sec name 0, ex-21 subsidiary 132; sites listed in social/raw/osha_establishments.csv"
KDP,2024,5.053,OSHA ITA Form 300A summary data,https://www.osha.gov/sites/default/files/ITA_300A_Summary_Data_2024_through_12-31-2025.zip,2026-09-12,"858 recordable cases (242 days-away, 524 restricted) / 33963375 hours at 131 establishments, 16419 avg employees; matched by ein 0, sec name 0, ex-21 subsidiary 131; sites listed in social/raw/osha_establishments.csv"
KEYS,2022,0.618,OSHA ITA Form 300A summary data,https://www.osha.gov/sites/default/files/ITA-data-cy2022.zip,2026-09-12,"32 recordable cases (16 days-away, 10 restricted) / 10356000 hours at 22 establishments, 5178 avg employees; matched by ein 22, sec name 0, ex-21 subsidiary 0; sites listed in social/raw/osha_establishments.csv"
KEYS,2023,0.724,OSHA ITA Form 300A summary data,https://www.osha.gov/sites/default/files/ITA_300A_Summary_Data_2023_through_12-31-2024.zip,2026-09-12,"32 recordable cases (12 days-away, 10 restricted) / 8840000 hours at 22 establishments, 4417 avg employees; matched by ein 22, sec name 0, ex-21 subsidiary 0; sites listed in social/raw/osha_establishments.csv"
KEYS,2024,0.554,OSHA ITA Form 300A summary data,https://www.osha.gov/sites/default/files/ITA_300A_Summary_Data_2024_through_12-31-2025.zip,2026-09-12,"22 recordable cases (8 days-away, 4 restricted) / 7942000 hours at 18 establishments, 3971 avg employees; matched by ein 18, sec name 0, ex-21 subsidiary 0; sites listed in social/raw/osha_establishments.csv"
KHC,2022,1.696,OSHA ITA Form 300A summary data,https://www.osha.gov/sites/default/files/ITA-data-cy2022.zip,2026-09-12,"104 recordable cases (26 days-away, 32 restricted) / 12265045 hours at 12 establishments, 5487 avg employees; matched by ein 2, sec name 8, ex-21 subsidiary 2; sites listed in social/raw/osha_establishments.csv"
KHC,2023,1.736,OSHA ITA Form 300A summary data,https://www.osha.gov/sites/default/files/ITA_300A_Summary_Data_2023_through_12-31-2024.zip,2026-09-12,"92 recordable cases (35 days-away, 26 restricted) / 10599029 hours at 14 establishments, 5117 avg employees; matched by ein 3, sec name 9, ex-21 subsidiary 2; sites listed in social/raw/osha_establishments.csv"
KHC,2024,1.436,OSHA ITA Form 300A summary data,https://www.osha.gov/sites/default/files/ITA_300A_Summary_Data_2024_through_12-31-2025.zip,2026-09-12,"63 recordable cases (20 days-away, 22 restricted) / 8776166 hours at 11 establishments, 3920 avg employees; matched by ein 2, sec name 8, ex-21 subsidiary 1; sites listed in social/raw/osha_establishments.csv"
KLAC,2022,0.229,OSHA ITA Form 300A summary data,https://www.osha.gov/sites/default/files/ITA-data-cy2022.zip,2026-09-12,"9 recordable cases (3 days-away, 3 restricted) / 7866255 hours at 12 establishments, 4854 avg employees; matched by ein 12, sec name 0, ex-21 subsidiary 0; sites listed in social/raw/osha_establishments.csv"
KMB,2022,1.184,OSHA ITA Form 300A summary data,https://www.osha.gov/sites/default/files/ITA-data-cy2022.zip,2026-09-12,"55 recordable cases (11 days-away, 11 restricted) / 9287775 hours at 11 establishments, 4336 avg employees; matched by ein 8, sec name 3, ex-21 subsidiary 0; sites listed in social/raw/osha_establishments.csv"
KMB,2023,0.768,OSHA ITA Form 300A summary data,https://www.osha.gov/sites/default/files/ITA_300A_Summary_Data_2023_through_12-31-2024.zip,2026-09-12,"49 recordable cases (19 days-away, 6 restricted) / 12753342 hours at 16 establishments, 6174 avg employees; matched by ein 9, sec name 7, ex-21 subsidiary 0; sites listed in social/raw/osha_establishments.csv"
KMB,2024,1.744,OSHA ITA Form 300A summary data,https://www.osha.gov/sites/default/files/ITA_300A_Summary_Data_2024_through_12-31-2025.zip,2026-09-12,"89 recordable cases (44 days-away, 6 restricted) / 10205141 hours at 15 establishments, 4632 avg employees; matched by ein 9, sec name 6, ex-21 subsidiary 0; sites listed in social/raw/osha_establishments.csv"
KMI,2022,1.947,OSHA ITA Form 300A summary data,https://www.osha.gov/sites/default/files/ITA-data-cy2022.zip,2026-09-12,"52 recordable cases (43 days-away, 3 restricted) / 5341614 hours at 40 establishments, 2666 avg employees; matched by ein 1, sec name 39, ex-21 subsidiary 0; sites listed in social/raw/osha_establishments.csv"
KMI,2023,0.718,OSHA ITA Form 300A summary data,https://www.osha.gov/sites/default/files/ITA_300A_Summary_Data_2023_through_12-31-2024.zip,2026-09-12,"16 recordable cases (7 days-away, 3 restricted) / 4454985 hours at 35 establishments, 2066 avg employees; matched by ein 1, sec name 34, ex-21 subsidiary 0; sites listed in social/raw/osha_establishments.csv"
KMI,2024,0.923,OSHA ITA Form 300A summary data,https://www.osha.gov/sites/default/files/ITA_300A_Summary_Data_2024_through_12-31-2025.zip,2026-09-12,"27 recordable cases (15 days-away, 2 restricted) / 5851513 hours at 40 establishments, 2825 avg employees; matched by ein 0, sec name 40, ex-21 subsidiary 0; sites listed in social/raw/osha_establishments.csv"
KO,2022,0.77,OSHA ITA Form 300A summary data,https://www.osha.gov/sites/default/files/ITA-data-cy2022.zip,2026-09-12,"68 recordable cases (23 days-away, 26 restricted) / 17653875 hours at 16 establishments, 8816 avg employees; matched by ein 12, sec name 0, ex-21 subsidiary 4; sites listed in social/raw/osha_establishments.csv"
KO,2023,0.534,OSHA ITA Form 300A summary data,https://www.osha.gov/sites/default/files/ITA_300A_Summary_Data_2023_through_12-31-2024.zip,2026-09-12,"43 recordable cases (14 days-away, 11 restricted) / 16101497 hours at 14 establishments, 8031 avg employees; matched by ein 10, sec name 0, ex-21 subsidiary 4; sites listed in social/raw/osha_establishments.csv"
KO,2024,0.52,OSHA ITA Form 300A summary data,https://www.osha.gov/sites/default/files/ITA_300A_Summary_Data_2024_through_12-31-2025.zip,2026-09-12,"43 recordable cases (13 days-away, 10 restricted) / 16523822 hours at 15 establishments, 8206 avg employees; matched by ein 12, sec name 0, ex-21 subsidiary 3; sites listed in social/raw/osha_establishments.csv"
KR,2022,4.116,OSHA ITA Form 300A summary data,https://www.osha.gov/sites/default/files/ITA-data-cy2022.zip,2026-09-12,"2828 recordable cases (1458 days-away, 897 restricted) / 137401136 hours at 708 establishments, 99615 avg employees; matched by ein 320, sec name 0, ex-21 subsidiary 388; sites listed in social/raw/osha_establishments.csv"
KR,2023,3.949,OSHA ITA Form 300A summary data,https://www.osha.gov/sites/default/files/ITA_300A_Summary_Data_2023_through_12-31-2024.zip,2026-09-12,"2438 recordable cases (1325 days-away, 701 restricted) / 123485242 hours at 558 establishments, 95635 avg employees; matched by ein 321, sec name 0, ex-21 subsidiary 237; sites listed in social/raw/osha_establishments.csv"
KR,2024,3.416,OSHA ITA Form 300A summary data,https://www.osha.gov/sites/default/files/ITA_300A_Summary_Data_2024_through_12-31-2025.zip,2026-09-12,"2477 recordable cases (1327 days-away, 719 restricted) / 145023199 hours at 578 establishments, 102542 avg employees; matched by ein 322, sec name 0, ex-21 subsidiary 256; sites listed in social/raw/osha_establishments.csv"
KVUE,2023,0.486,OSHA ITA Form 300A summary data,https://www.osha.gov/sites/default/files/ITA_300A_Summary_Data_2023_through_12-31-2024.zip,2026-09-12,"18 recordable cases (4 days-away, 8 restricted) / 7404192 hours at 12 establishments, 3669 avg employees; matched by ein 0, sec name 12, ex-21 subsidiary 0; sites listed in social/raw/osha_establishments.csv"
KVUE,2024,0.716,OSHA ITA Form 300A summary data,https://www.osha.gov/sites/default/files/ITA_300A_Summary_Data_2024_through_12-31-2025.zip,2026-09-12,"28 recordable cases (4 days-away, 16 restricted) / 7821331 hours at 9 establishments, 3980 avg employees; matched by ein 0, sec name 9, ex-21 subsidiary 0; sites listed in social/raw/osha_establishments.csv"
L,2023,7.698,OSHA ITA Form 300A summary data,https://www.osha.gov/sites/default/files/ITA_300A_Summary_Data_2023_through_12-31-2024.zip,2026-09-12,"358 recordable cases (13 days-away, 333 restricted) / 9301673 hours at 12 establishments, 5510 avg employees; matched by ein 0, sec name 0, ex-21 subsidiary 12; sites listed in social/raw/osha_establishments.csv"
L,2024,6.717,OSHA ITA Form 300A summary data,https://www.osha.gov/sites/default/files/ITA_300A_Summary_Data_2024_through_12-31-2025.zip,2026-09-12,"343 recordable cases (38 days-away, 288 restricted) / 10212908 hours at 14 establishments, 6149 avg employees; matched by ein 0, sec name 0, ex-21 subsidiary 14; sites listed in social/raw/osha_establishments.csv"
LDOS,2023,1.925,OSHA ITA Form 300A summary data,https://www.osha.gov/sites/default/files/ITA_300A_Summary_Data_2023_through_12-31-2024.zip,2026-09-12,"10 recordable cases (2 days-away, 4 restricted) / 1038932 hours at 4 establishments, 548 avg employees; matched by ein 0, sec name 2, ex-21 subsidiary 2; sites listed in social/raw/osha_establishments.csv"
LDOS,2024,2.089,OSHA ITA Form 300A summary data,https://www.osha.gov/sites/default/files/ITA_300A_Summary_Data_2024_through_12-31-2025.zip,2026-09-12,"45 recordable cases (20 days-away, 13 restricted) / 4308337 hours at 9 establishments, 2324 avg employees; matched by ein 0, sec name 2, ex-21 subsidiary 7; sites listed in social/raw/osha_establishments.csv"
LEN,2022,1.588,OSHA ITA Form 300A summary data,https://www.osha.gov/sites/default/files/ITA-data-cy2022.zip,2026-09-12,"159 recordable cases (73 days-away, 22 restricted) / 20026512 hours at 58 establishments, 12172 avg employees; matched by ein 50, sec name 0, ex-21 subsidiary 8; sites listed in social/raw/osha_establishments.csv"
LEN,2023,1.926,OSHA ITA Form 300A summary data,https://www.osha.gov/sites/default/files/ITA_300A_Summary_Data_2023_through_12-31-2024.zip,2026-09-12,"189 recordable cases (97 days-away, 22 restricted) / 19627169 hours at 60 establishments, 13982 avg employees; matched by ein 50, sec name 0, ex-21 subsidiary 10; sites listed in social/raw/osha_establishments.csv"
LEN,2024,1.515,OSHA ITA Form 300A summary data,https://www.osha.gov/sites/default/files/ITA_300A_Summary_Data_2024_through_12-31-2025.zip,2026-09-12,"186 recordable cases (83 days-away, 41 restricted) / 24562032 hours at 62 establishments, 16174 avg employees; matched by ein 52, sec name 0, ex-21 subsidiary 10; sites listed in social/raw/osha_establishments.csv"
LHX,2022,0.458,OSHA ITA Form 300A summary data,https://www.osha.gov/sites/default/files/ITA-data-cy2022.zip,2026-09-12,"99 recordable cases (23 days-away, 39 restricted) / 43254036 hours at 66 establishments, 24256 avg employees; matched by ein 40, sec name 17, ex-21 subsidiary 9; sites listed in social/raw/osha_establishments.csv"
LHX,2023,0.4,OSHA ITA Form 300A summary data,https://www.osha.gov/sites/default/files/ITA_300A_Summary_Data_2023_through_12-31-2024.zip,2026-09-12,"109 recordable cases (30 days-away, 24 restricted) / 54501771 hours at 78 establishments, 28323 avg employees; matched by ein 36, sec name 31, ex-21 subsidiary 11; sites listed in social/raw/osha_establishments.csv"
LHX,2024,0.408,OSHA ITA Form 300A summary data,https://www.osha.gov/sites/default/files/ITA_300A_Summary_Data_2024_through_12-31-2025.zip,2026-09-12,"124 recordable cases (41 days-away, 29 restricted) / 60771435 hours at 68 establishments, 29976 avg employees; matched by ein 28, sec name 28, ex-21 subsidiary 12; sites listed in social/raw/osha_establishments.csv"
LII,2022,1.165,OSHA ITA Form 300A summary data,https://www.osha.gov/sites/default/files/ITA-data-cy2022.zip,2026-09-12,"87 recordable cases (27 days-away, 21 restricted) / 14939908 hours at 11 establishments, 7358 avg employees; matched by ein 0, sec name 9, ex-21 subsidiary 2; sites listed in social/raw/osha_establishments.csv"
LII,2023,1.018,OSHA ITA Form 300A summary data,https://www.osha.gov/sites/default/files/ITA_300A_Summary_Data_2023_through_12-31-2024.zip,2026-09-12,"69 recordable cases (21 days-away, 22 restricted) / 13554474 hours at 13 establishments, 6732 avg employees; matched by ein 0, sec name 9, ex-21 subsidiary 4; sites listed in social/raw/osha_establishments.csv"
LII,2024,0.856,OSHA ITA Form 300A summary data,https://www.osha.gov/sites/default/files/ITA_300A_Summary_Data_2024_through_12-31-2025.zip,2026-09-12,"58 recordable cases (21 days-away, 16 restricted) / 13557574 hours at 13 establishments, 7063 avg employees; matched by ein 0, sec name 11, ex-21 subsidiary 2; sites listed in social/raw/osha_establishments.csv"
LIN,2022,1.12,OSHA ITA Form 300A summary data,https://www.osha.gov/sites/default/files/ITA-data-cy2022.zip,2026-09-12,"45 recordable cases (5 days-away, 16 restricted) / 8036553 hours at 88 establishments, 3526 avg employees; matched by ein 0, sec name 43, ex-21 subsidiary 45; sites listed in social/raw/osha_establishments.csv"
LIN,2023,0.784,OSHA ITA Form 300A summary data,https://www.osha.gov/sites/default/files/ITA_300A_Summary_Data_2023_through_12-31-2024.zip,2026-09-12,"50 recordable cases (6 days-away, 34 restricted) / 12747609 hours at 120 establishments, 5642 avg employees; matched by ein 0, sec name 58, ex-21 subsidiary 62; sites listed in social/raw/osha_establishments.csv"
LIN,2024,1.034,OSHA ITA Form 300A summary data,https://www.osha.gov/sites/default/files/ITA_300A_Summary_Data_2024_through_12-31-2025.zip,2026-09-12,"76 recordable cases (13 days-away, 38 restricted) / 14697376 hours at 141 establishments, 6632 avg employees; matched by ein 0, sec name 60, ex-21 subsidiary 81; sites listed in social/raw/osha_establishments.csv"
LITE,2022,0.998,OSHA ITA Form 300A summary data,https://www.osha.gov/sites/default/files/ITA-data-cy2022.zip,2026-09-12,"8 recordable cases (3 days-away, 3 restricted) / 1603544 hours at 6 establishments, 919 avg employees; matched by ein 4, sec name 0, ex-21 subsidiary 2; sites listed in social/raw/osha_establishments.csv"
LITE,2023,0.143,OSHA ITA Form 300A summary data,https://www.osha.gov/sites/default/files/ITA_300A_Summary_Data_2023_through_12-31-2024.zip,2026-09-12,"1 recordable cases (0 days-away, 0 restricted) / 1398531 hours at 7 establishments, 775 avg employees; matched by ein 5, sec name 0, ex-21 subsidiary 2; sites listed in social/raw/osha_establishments.csv"
LITE,2024,0.378,OSHA ITA Form 300A summary data,https://www.osha.gov/sites/default/files/ITA_300A_Summary_Data_2024_through_12-31-2025.zip,2026-09-12,"2 recordable cases (0 days-away, 0 restricted) / 1057563 hours at 5 establishments, 643 avg employees; matched by ein 4, sec name 1, ex-21 subsidiary 0; sites listed in social/raw/osha_establishments.csv"
LLY,2022,1.124,OSHA ITA Form 300A summary data,https://www.osha.gov/sites/default/files/ITA-data-cy2022.zip,2026-09-12,"205 recordable cases (26 days-away, 28 restricted) / 36488606 hours at 13 establishments, 18465 avg employees; matched by ein 5, sec name 6, ex-21 subsidiary 2; sites listed in social/raw/osha_establishments.csv"
LLY,2023,1.158,OSHA ITA Form 300A summary data,https://www.osha.gov/sites/default/files/ITA_300A_Summary_Data_2023_through_12-31-2024.zip,2026-09-12,"240 recordable cases (36 days-away, 27 restricted) / 41462116 hours at 15 establishments, 20656 avg employees; matched by ein 6, sec name 6, ex-21 subsidiary 3; sites listed in social/raw/osha_establishments.csv"
LLY,2024,1.216,OSHA ITA Form 300A summary data,https://www.osha.gov/sites/default/files/ITA_300A_Summary_Data_2024_through_12-31-2025.zip,2026-09-12,"268 recordable cases (51 days-away, 76 restricted) / 44071574 hours at 14 establishments, 21941 avg employees; matched by ein 6, sec name 7, ex-21 subsidiary 1; sites listed in social/raw/osha_establishments.csv"
LMT,2022,1.14,OSHA ITA Form 300A summary data,https://www.osha.gov/sites/default/files/ITA-data-cy2022.zip,2026-09-12,"1295 recordable cases (445 days-away, 316 restricted) / 227242785 hours at 147 establishments, 108720 avg employees; matched by ein 130, sec name 16, ex-21 subsidiary 1; sites listed in social/raw/osha_establishments.csv"
LMT,2023,1.022,OSHA ITA Form 300A summary data,https://www.osha.gov/sites/default/files/ITA_300A_Summary_Data_2023_through_12-31-2024.zip,2026-09-12,"1133 recordable cases (193 days-away, 406 restricted) / 221803348 hours at 144 establishments, 105889 avg employees; matched by ein 126, sec name 17, ex-21 subsidiary 1; sites listed in social/raw/osha_establishments.csv"
LMT,2024,1.052,OSHA ITA Form 300A summary data,https://www.osha.gov/sites/default/files/ITA_300A_Summary_Data_2024_through_12-31-2025.zip,2026-09-12,"1143 recordable cases (162 days-away, 420 restricted) / 217366841 hours at 141 establishments, 103234 avg employees; matched by ein 114, sec name 26, ex-21 subsidiary 1; sites listed in social/raw/osha_establishments.csv"
LNT,2022,2.518,OSHA ITA Form 300A summary data,https://www.osha.gov/sites/default/files/ITA-data-cy2022.zip,2026-09-12,"66 recordable cases (15 days-away, 30 restricted) / 5242289 hours at 42 establishments, 2845 avg employees; matched by ein 39, sec name 3, ex-21 subsidiary 0; sites listed in social/raw/osha_establishments.csv"
LNT,2023,2.96,OSHA ITA Form 300A summary data,https://www.osha.gov/sites/default/files/ITA_300A_Summary_Data_2023_through_12-31-2024.zip,2026-09-12,"75 recordable cases (10 days-away, 23 restricted) / 5067967 hours at 36 establishments, 2555 avg employees; matched by ein 36, sec name 0, ex-21 subsidiary 0; sites listed in social/raw/osha_establishments.csv"
LNT,2024,2.362,OSHA ITA Form 300A summary data,https://www.osha.gov/sites/default/files/ITA_300A_Summary_Data_2024_through_12-31-2025.zip,2026-09-12,"61 recordable cases (14 days-away, 20 restricted) / 5164827 hours at 38 establishments, 2658 avg employees; matched by ein 38, sec name 0, ex-21 subsidiary 0; sites listed in social/raw/osha_establishments.csv"
LOW,2022,4.537,OSHA ITA Form 300A summary data,https://www.osha.gov/sites/default/files/ITA-data-cy2022.zip,2026-09-12,"9556 recordable cases (3929 days-away, 3756 restricted) / 421219803 hours at 1873 establishments, 289583 avg employees; matched by ein 1786, sec name 8, ex-21 subsidiary 79; sites listed in social/raw/osha_establishments.csv"
LOW,2023,3.983,OSHA ITA Form 300A summary data,https://www.osha.gov/sites/default/files/ITA_300A_Summary_Data_2023_through_12-31-2024.zip,2026-09-12,"7937 recordable cases (3385 days-away, 2769 restricted) / 398551253 hours at 1902 establishments, 284579 avg employees; matched by ein 1797, sec name 0, ex-21 subsidiary 105; sites listed in social/raw/osha_establishments.csv"
LOW,2024,3.618,OSHA ITA Form 300A summary data,https://www.osha.gov/sites/default/files/ITA_300A_Summary_Data_2024_through_12-31-2025.zip,2026-09-12,"13234 recordable cases (5382 days-away, 4650 restricted) / 731554187 hours at 3562 establishments, 526674 avg employees; matched by ein 3561, sec name 1, ex-21 subsidiary 0; sites listed in social/raw/osha_establishments.csv"
LRCX,2022,0.618,OSHA ITA Form 300A summary data,https://www.osha.gov/sites/default/files/ITA-data-cy2022.zip,2026-09-12,"59 recordable cases (23 days-away, 26 restricted) / 19097501 hours at 15 establishments, 9468 avg employees; matched by ein 13, sec name 0, ex-21 subsidiary 2; sites listed in social/raw/osha_establishments.csv"
LRCX,2023,0.599,OSHA ITA Form 300A summary data,https://www.osha.gov/sites/default/files/ITA_300A_Summary_Data_2023_through_12-31-2024.zip,2026-09-12,"46 recordable cases (21 days-away, 14 restricted) / 15366799 hours at 15 establishments, 7663 avg employees; matched by ein 13, sec name 0, ex-21 subsidiary 2; sites listed in social/raw/osha_establishments.csv"
LRCX,2024,0.463,OSHA ITA Form 300A summary data,https://www.osha.gov/sites/default/files/ITA_300A_Summary_Data_2024_through_12-31-2025.zip,2026-09-12,"36 recordable cases (14 days-away, 19 restricted) / 15541092 hours at 16 establishments, 7725 avg employees; matched by ein 14, sec name 0, ex-21 subsidiary 2; sites listed in social/raw/osha_establishments.csv"
LULU,2022,1.632,OSHA ITA Form 300A summary data,https://www.osha.gov/sites/default/files/ITA-data-cy2022.zip,2026-09-12,"11 recordable cases (6 days-away, 4 restricted) / 1347849 hours at 2 establishments, 758 avg employees; matched by ein 0, sec name 2, ex-21 subsidiary 0; sites listed in social/raw/osha_establishments.csv"
LULU,2023,1.564,OSHA ITA Form 300A summary data,https://www.osha.gov/sites/default/files/ITA_300A_Summary_Data_2023_through_12-31-2024.zip,2026-09-12,"14 recordable cases (5 days-away, 6 restricted) / 1790727 hours at 3 establishments, 973 avg employees; matched by ein 0, sec name 3, ex-21 subsidiary 0; sites listed in social/raw/osha_establishments.csv"
LULU,2024,1.269,OSHA ITA Form 300A summary data,https://www.osha.gov/sites/default/files/ITA_300A_Summary_Data_2024_through_12-31-2025.zip,2026-09-12,"17 recordable cases (3 days-away, 13 restricted) / 2679565 hours at 3 establishments, 1288 avg employees; matched by ein 0, sec name 3, ex-21 subsidiary 0; sites listed in social/raw/osha_establishments.csv"
LUV,2022,16.309,OSHA ITA Form 300A summary data,https://www.osha.gov/sites/default/files/ITA-data-cy2022.zip,2026-09-12,"6180 recordable cases (3856 days-away, 1614 restricted) / 75788276 hours at 135 establishments, 52548 avg employees; matched by ein 135, sec name 0, ex-21 subsidiary 0; sites listed in social/raw/osha_establishments.csv"
LUV,2023,14.66,OSHA ITA Form 300A summary data,https://www.osha.gov/sites/default/files/ITA_300A_Summary_Data_2023_through_12-31-2024.zip,2026-09-12,"6051 recordable cases (3381 days-away, 1892 restricted) / 82549412 hours at 154 establishments, 63452 avg employees; matched by ein 154, sec name 0, ex-21 subsidiary 0; sites listed in social/raw/osha_establishments.csv"
LUV,2024,11.969,OSHA ITA Form 300A summary data,https://www.osha.gov/sites/default/files/ITA_300A_Summary_Data_2024_through_12-31-2025.zip,2026-09-12,"6221 recordable cases (3626 days-away, 1857 restricted) / 103952844 hours at 140 establishments, 83456 avg employees; matched by ein 140, sec name 0, ex-21 subsidiary 0; sites listed in social/raw/osha_establishments.csv"
LYB,2022,0.185,OSHA ITA Form 300A summary data,https://www.osha.gov/sites/default/files/ITA-data-cy2022.zip,2026-09-12,"9 recordable cases (3 days-away, 1 restricted) / 9705671 hours at 25 establishments, 4234 avg employees; matched by ein 0, sec name 22, ex-21 subsidiary 3; sites listed in social/raw/osha_establishments.csv"
LYB,2023,0.209,OSHA ITA Form 300A summary data,https://www.osha.gov/sites/default/files/ITA_300A_Summary_Data_2023_through_12-31-2024.zip,2026-09-12,"11 recordable cases (5 days-away, 3 restricted) / 10517985 hours at 30 establishments, 4653 avg employees; matched by ein 0, sec name 28, ex-21 subsidiary 2; sites listed in social/raw/osha_establishments.csv"
LYB,2024,0.208,OSHA ITA Form 300A summary data,https://www.osha.gov/sites/default/files/ITA_300A_Summary_Data_2024_through_12-31-2025.zip,2026-09-12,"9 recordable cases (8 days-away, 0 restricted) / 8663416 hours at 22 establishments, 4083 avg employees; matched by ein 0, sec name 17, ex-21 subsidiary 5; sites listed in social/raw/osha_establishments.csv"
LYV,2023,5.607,OSHA ITA Form 300A summary data,https://www.osha.gov/sites/default/files/ITA_300A_Summary_Data_2023_through_12-31-2024.zip,2026-09-12,"78 recordable cases (20 days-away, 13 restricted) / 2782076 hours at 15 establishments, 1501 avg employees; matched by ein 0, sec name 1, ex-21 subsidiary 14; sites listed in social/raw/osha_establishments.csv"
MAR,2022,8.135,OSHA ITA Form 300A summary data,https://www.osha.gov/sites/default/files/ITA-data-cy2022.zip,2026-09-12,"738 recordable cases (335 days-away, 157 restricted) / 18142944 hours at 49 establishments, 11982 avg employees; matched by ein 6, sec name 32, ex-21 subsidiary 11; sites listed in social/raw/osha_establishments.csv"
MAR,2023,7.105,OSHA ITA Form 300A summary data,https://www.osha.gov/sites/default/files/ITA_300A_Summary_Data_2023_through_12-31-2024.zip,2026-09-12,"851 recordable cases (308 days-away, 235 restricted) / 23955929 hours at 62 establishments, 15433 avg employees; matched by ein 8, sec name 44, ex-21 subsidiary 10; sites listed in social/raw/osha_establishments.csv"
MAR,2024,6.939,OSHA ITA Form 300A summary data,https://www.osha.gov/sites/default/files/ITA_300A_Summary_Data_2024_through_12-31-2025.zip,2026-09-12,"906 recordable cases (244 days-away, 365 restricted) / 26113657 hours at 58 establishments, 17419 avg employees; matched by ein 8, sec name 39, ex-21 subsidiary 11; sites listed in social/raw/osha_establishments.csv"
MAS,2022,1.439,OSHA ITA Form 300A summary data,https://www.osha.gov/sites/default/files/ITA-data-cy2022.zip,2026-09-12,"11 recordable cases (3 days-away, 6 restricted) / 1528473 hours at 4 establishments, 788 avg employees; matched by ein 0, sec name 2, ex-21 subsidiary 2; sites listed in social/raw/osha_establishments.csv"
MAS,2023,2.1,OSHA ITA Form 300A summary data,https://www.osha.gov/sites/default/files/ITA_300A_Summary_Data_2023_through_12-31-2024.zip,2026-09-12,"26 recordable cases (16 days-away, 6 restricted) / 2475903 hours at 9 establishments, 1238 avg employees; matched by ein 0, sec name 3, ex-21 subsidiary 6; sites listed in social/raw/osha_establishments.csv"
MAS,2024,1.739,OSHA ITA Form 300A summary data,https://www.osha.gov/sites/default/files/ITA_300A_Summary_Data_2024_through_12-31-2025.zip,2026-09-12,"14 recordable cases (5 days-away, 6 restricted) / 1610161 hours at 8 establishments, 812 avg employees; matched by ein 0, sec name 2, ex-21 subsidiary 6; sites listed in social/raw/osha_establishments.csv"
MCHP,2022,0.913,OSHA ITA Form 300A summary data,https://www.osha.gov/sites/default/files/ITA-data-cy2022.zip,2026-09-12,"75 recordable cases (36 days-away, 17 restricted) / 16432737 hours at 35 establishments, 8821 avg employees; matched by ein 29, sec name 6, ex-21 subsidiary 0; sites listed in social/raw/osha_establishments.csv"
MCHP,2023,1.0,OSHA ITA Form 300A summary data,https://www.osha.gov/sites/default/files/ITA_300A_Summary_Data_2023_through_12-31-2024.zip,2026-09-12,"52 recordable cases (25 days-away, 11 restricted) / 10403718 hours at 22 establishments, 5636 avg employees; matched by ein 18, sec name 4, ex-21 subsidiary 0; sites listed in social/raw/osha_establishments.csv"
MCHP,2024,0.806,OSHA ITA Form 300A summary data,https://www.osha.gov/sites/default/files/ITA_300A_Summary_Data_2024_through_12-31-2025.zip,2026-09-12,"29 recordable cases (16 days-away, 8 restricted) / 7196082 hours at 27 establishments, 4075 avg employees; matched by ein 25, sec name 2, ex-21 subsidiary 0; sites listed in social/raw/osha_establishments.csv"
MCK,2022,2.886,OSHA ITA Form 300A summary data,https://www.osha.gov/sites/default/files/ITA-data-cy2022.zip,2026-09-12,"700 recordable cases (206 days-away, 327 restricted) / 48515627 hours at 117 establishments, 24264 avg employees; matched by ein 59, sec name 58, ex-21 subsidiary 0; sites listed in social/raw/osha_establishments.csv"
MCK,2023,2.035,OSHA ITA Form 300A summary data,https://www.osha.gov/sites/default/files/ITA_300A_Summary_Data_2023_through_12-31-2024.zip,2026-09-12,"306 recordable cases (95 days-away, 132 restricted) / 30066498 hours at 60 establishments, 15037 avg employees; matched by ein 60, sec name 0, ex-21 subsidiary 0; sites listed in social/raw/osha_establishments.csv"
MCK,2024,2.073,OSHA ITA Form 300A summary data,https://www.osha.gov/sites/default/files/ITA_300A_Summary_Data_2024_through_12-31-2025.zip,2026-09-12,"315 recordable cases (118 days-away, 131 restricted) / 30390837 hours at 58 establishments, 15203 avg employees; matched by ein 58, sec name 0, ex-21 subsidiary 0; sites listed in social/raw/osha_establishments.csv"
MDLZ,2022,3.229,OSHA ITA Form 300A summary data,https://www.osha.gov/sites/default/files/ITA-data-cy2022.zip,2026-09-12,"305 recordable cases (167 days-away, 92 restricted) / 18888978 hours at 44 establishments, 10750 avg employees; matched by ein 0, sec name 2, ex-21 subsidiary 42; sites listed in social/raw/osha_establishments.csv"
MDLZ,2023,3.632,OSHA ITA Form 300A summary data,https://www.osha.gov/sites/default/files/ITA_300A_Summary_Data_2023_through_12-31-2024.zip,2026-09-12,"257 recordable cases (158 days-away, 60 restricted) / 14152499 hours at 43 establishments, 7954 avg employees; matched by ein 0, sec name 1, ex-21 subsidiary 42; sites listed in social/raw/osha_establishments.csv"
MDLZ,2024,3.678,OSHA ITA Form 300A summary data,https://www.osha.gov/sites/default/files/ITA_300A_Summary_Data_2024_through_12-31-2025.zip,2026-09-12,"333 recordable cases (240 days-away, 63 restricted) / 18108893 hours at 37 establishments, 9340 avg employees; matched by ein 0, sec name 1, ex-21 subsidiary 36; sites listed in social/raw/osha_establishments.csv"
MDT,2022,0.522,OSHA ITA Form 300A summary data,https://www.osha.gov/sites/default/files/ITA-data-cy2022.zip,2026-09-12,"122 recordable cases (34 days-away, 38 restricted) / 46735828 hours at 26 establishments, 23268 avg employees; matched by ein 0, sec name 21, ex-21 subsidiary 5; sites listed in social/raw/osha_establishments.csv"
MDT,2023,0.611,OSHA ITA Form 300A summary data,https://www.osha.gov/sites/default/files/ITA_300A_Summary_Data_2023_through_12-31-2024.zip,2026-09-12,"205 recordable cases (41 days-away, 98 restricted) / 67067482 hours at 35 establishments, 34103 avg employees; matched by ein 0, sec name 30, ex-21 subsidiary 5; sites listed in social/raw/osha_establishments.csv"
MDT,2024,0.49,OSHA ITA Form 300A summary data,https://www.osha.gov/sites/default/files/ITA_300A_Summary_Data_2024_through_12-31-2025.zip,2026-09-12,"153 recordable cases (33 days-away, 47 restricted) / 62496233 hours at 35 establishments, 33410 avg employees; matched by ein 0, sec name 27, ex-21 subsidiary 8; sites listed in social/raw/osha_establishments.csv"
MGM,2022,5.065,OSHA ITA Form 300A summary data,https://www.osha.gov/sites/default/files/ITA-data-cy2022.zip,2026-09-12,"2299 recordable cases (859 days-away, 656 restricted) / 90783942 hours at 26 establishments, 51480 avg employees; matched by ein 3, sec name 20, ex-21 subsidiary 3; sites listed in social/raw/osha_establishments.csv"
MGM,2023,4.86,OSHA ITA Form 300A summary data,https://www.osha.gov/sites/default/files/ITA_300A_Summary_Data_2023_through_12-31-2024.zip,2026-09-12,"2190 recordable cases (855 days-away, 770 restricted) / 90114999 hours at 24 establishments, 51640 avg employees; matched by ein 3, sec name 17, ex-21 subsidiary 4; sites listed in social/raw/osha_establishments.csv"
MGM,2024,4.493,OSHA ITA Form 300A summary data,https://www.osha.gov/sites/default/files/ITA_300A_Summary_Data_2024_through_12-31-2025.zip,2026-09-12,"2402 recordable cases (778 days-away, 1004 restricted) / 106911212 hours at 29 establishments, 65975 avg employees; matched by ein 3, sec name 18, ex-21 subsidiary 8; sites listed in social/raw/osha_establishments.csv"
MKC,2022,0.546,OSHA ITA Form 300A summary data,https://www.osha.gov/sites/default/files/ITA-data-cy2022.zip,2026-09-12,"7 recordable cases (3 days-away, 1 restricted) / 2564086 hours at 5 establishments, 1101 avg employees; matched by ein 3, sec name 2, ex-21 subsidiary 0; sites listed in social/raw/osha_establishments.csv"
MKC,2023,0.662,OSHA ITA Form 300A summary data,https://www.osha.gov/sites/default/files/ITA_300A_Summary_Data_2023_through_12-31-2024.zip,2026-09-12,"12 recordable cases (3 days-away, 6 restricted) / 3625481 hours at 8 establishments, 1620 avg employees; matched by ein 3, sec name 3, ex-21 subsidiary 2; sites listed in social/raw/osha_establishments.csv"
MKC,2024,1.583,OSHA ITA Form 300A summary data,https://www.osha.gov/sites/default/files/ITA_300A_Summary_Data_2024_through_12-31-2025.zip,2026-09-12,"64 recordable cases (4 days-away, 15 restricted) / 8084664 hours at 12 establishments, 3879 avg employees; matched by ein 5, sec name 5, ex-21 subsidiary 2; sites listed in social/raw/osha_establishments.csv"
MLM,2022,0.736,OSHA ITA Form 300A summary data,https://www.osha.gov/sites/default/files/ITA-data-cy2022.zip,2026-09-12,"17 recordable cases (3 days-away, 5 restricted) / 4619456 hours at 39 establishments, 2062 avg employees; matched by ein 19, sec name 20, ex-21 subsidiary 0; sites listed in social/raw/osha_establishments.csv"
MLM,2023,0.547,OSHA ITA Form 300A summary data,https://www.osha.gov/sites/default/files/ITA_300A_Summary_Data_2023_through_12-31-2024.zip,2026-09-12,"13 recordable cases (1 days-away, 4 restricted) / 4754747 hours at 39 establishments, 2150 avg employees; matched by ein 19, sec name 20, ex-21 subsidiary 0; sites listed in social/raw/osha_establishments.csv"
MLM,2024,0.403,OSHA ITA Form 300A summary data,https://www.osha.gov/sites/default/files/ITA_300A_Summary_Data_2024_through_12-31-2025.zip,2026-09-12,"9 recordable cases (0 days-away, 5 restricted) / 4471216 hours at 38 establishments, 2052 avg employees; matched by ein 17, sec name 21, ex-21 subsidiary 0; sites listed in social/raw/osha_establishments.csv"
MMM,2022,2.19,OSHA ITA Form 300A summary data,https://www.osha.gov/sites/default/files/ITA-data-cy2022.zip,2026-09-12,"808 recordable cases (232 days-away, 257 restricted) / 73792123 hours at 91 establishments, 36897 avg employees; matched by ein 91, sec name 0, ex-21 subsidiary 0; sites listed in social/raw/osha_establishments.csv"
MMM,2023,2.594,OSHA ITA Form 300A summary data,https://www.osha.gov/sites/default/files/ITA_300A_Summary_Data_2023_through_12-31-2024.zip,2026-09-12,"844 recordable cases (304 days-away, 235 restricted) / 65083256 hours at 83 establishments, 32541 avg employees; matched by ein 83, sec name 0, ex-21 subsidiary 0; sites listed in social/raw/osha_establishments.csv"
MMM,2024,1.985,OSHA ITA Form 300A summary data,https://www.osha.gov/sites/default/files/ITA_300A_Summary_Data_2024_through_12-31-2025.zip,2026-09-12,"612 recordable cases (211 days-away, 164 restricted) / 61659719 hours at 194 establishments, 35127 avg employees; matched by ein 194, sec name 0, ex-21 subsidiary 0; sites listed in social/raw/osha_establishments.csv"
MNST,2022,0.508,OSHA ITA Form 300A summary data,https://www.osha.gov/sites/default/files/ITA-data-cy2022.zip,2026-09-12,"82 recordable cases (32 days-away, 28 restricted) / 32305251 hours at 10 establishments, 17661 avg employees; matched by ein 0, sec name 0, ex-21 subsidiary 10; sites listed in social/raw/osha_establishments.csv"
MNST,2023,0.8,OSHA ITA Form 300A summary data,https://www.osha.gov/sites/default/files/ITA_300A_Summary_Data_2023_through_12-31-2024.zip,2026-09-12,"62 recordable cases (35 days-away, 16 restricted) / 15509669 hours at 13 establishments, 8485 avg employees; matched by ein 0, sec name 0, ex-21 subsidiary 13; sites listed in social/raw/osha_establishments.csv"
MNST,2024,1.125,OSHA ITA Form 300A summary data,https://www.osha.gov/sites/default/files/ITA_300A_Summary_Data_2024_through_12-31-2025.zip,2026-09-12,"88 recordable cases (28 days-away, 32 restricted) / 15651025 hours at 12 establishments, 8989 avg employees; matched by ein 0, sec name 0, ex-21 subsidiary 12; sites listed in social/raw/osha_establishments.csv"
MO,2024,3.301,OSHA ITA Form 300A summary data,https://www.osha.gov/sites/default/files/ITA_300A_Summary_Data_2024_through_12-31-2025.zip,2026-09-12,"76 recordable cases (39 days-away, 3 restricted) / 4605220 hours at 6 establishments, 2280 avg employees; matched by ein 0, sec name 0, ex-21 subsidiary 6; sites listed in social/raw/osha_establishments.csv"
MOS,2022,2.624,OSHA ITA Form 300A summary data,https://www.osha.gov/sites/default/files/ITA-data-cy2022.zip,2026-09-12,"116 recordable cases (51 days-away, 27 restricted) / 8842524 hours at 43 establishments, 4196 avg employees; matched by ein 0, sec name 39, ex-21 subsidiary 4; sites listed in social/raw/osha_establishments.csv"
MOS,2023,2.319,OSHA ITA Form 300A summary data,https://www.osha.gov/sites/default/files/ITA_300A_Summary_Data_2023_through_12-31-2024.zip,2026-09-12,"103 recordable cases (44 days-away, 24 restricted) / 8884103 hours at 37 establishments, 4184 avg employees; matched by ein 0, sec name 31, ex-21 subsidiary 6; sites listed in social/raw/osha_establishments.csv"
MOS,2024,1.883,OSHA ITA Form 300A summary data,https://www.osha.gov/sites/default/files/ITA_300A_Summary_Data_2024_through_12-31-2025.zip,2026-09-12,"83 recordable cases (40 days-away, 22 restricted) / 8816993 hours at 44 establishments, 4063 avg employees; matched by ein 0, sec name 39, ex-21 subsidiary 5; sites listed in social/raw/osha_establishments.csv"
MPC,2022,0.796,OSHA ITA Form 300A summary data,https://www.osha.gov/sites/default/files/ITA-data-cy2022.zip,2026-09-12,"83 recordable cases (41 days-away, 21 restricted) / 20867361 hours at 60 establishments, 9624 avg employees; matched by ein 0, sec name 22, ex-21 subsidiary 38; sites listed in social/raw/osha_establishments.csv"
MPC,2023,0.561,OSHA ITA Form 300A summary data,https://www.osha.gov/sites/default/files/ITA_300A_Summary_Data_2023_through_12-31-2024.zip,2026-09-12,"75 recordable cases (34 days-away, 20 restricted) / 26724362 hours at 57 establishments, 12562 avg employees; matched by ein 0, sec name 21, ex-21 subsidiary 36; sites listed in social/raw/osha_establishments.csv"
MPC,2024,0.521,OSHA ITA Form 300A summary data,https://www.osha.gov/sites/default/files/ITA_300A_Summary_Data_2024_through_12-31-2025.zip,2026-09-12,"128 recordable cases (48 days-away, 46 restricted) / 49092621 hours at 115 establishments, 22457 avg employees; matched by ein 0, sec name 38, ex-21 subsidiary 77; sites listed in social/raw/osha_establishments.csv"
MRK,2022,0.39,OSHA ITA Form 300A summary data,https://www.osha.gov/sites/default/files/ITA-data-cy2022.zip,2026-09-12,"74 recordable cases (13 days-away, 40 restricted) / 37939956 hours at 15 establishments, 18839 avg employees; matched by ein 0, sec name 15, ex-21 subsidiary 0; sites listed in social/raw/osha_establishments.csv"
MRK,2023,0.469,OSHA ITA Form 300A summary data,https://www.osha.gov/sites/default/files/ITA_300A_Summary_Data_2023_through_12-31-2024.zip,2026-09-12,"98 recordable cases (28 days-away, 34 restricted) / 41789147 hours at 15 establishments, 20894 avg employees; matched by ein 0, sec name 15, ex-21 subsidiary 0; sites listed in social/raw/osha_establishments.csv"
MRK,2024,0.449,OSHA ITA Form 300A summary data,https://www.osha.gov/sites/default/files/ITA_300A_Summary_Data_2024_through_12-31-2025.zip,2026-09-12,"110 recordable cases (26 days-away, 45 restricted) / 49029928 hours at 15 establishments, 24509 avg employees; matched by ein 0, sec name 15, ex-21 subsidiary 0; sites listed in social/raw/osha_establishments.csv"
MRNA,2024,0.251,OSHA ITA Form 300A summary data,https://www.osha.gov/sites/default/files/ITA_300A_Summary_Data_2024_through_12-31-2025.zip,2026-09-12,"6 recordable cases (2 days-away, 2 restricted) / 4772933 hours at 1 establishments, 2406 avg employees; matched by ein 0, sec name 1, ex-21 subsidiary 0; sites listed in social/raw/osha_establishments.csv"
MRVL,2024,0.189,OSHA ITA Form 300A summary data,https://www.osha.gov/sites/default/files/ITA_300A_Summary_Data_2024_through_12-31-2025.zip,2026-09-12,"6 recordable cases (2 days-away, 0 restricted) / 6335680 hours at 1 establishments, 3046 avg employees; matched by ein 0, sec name 0, ex-21 subsidiary 1; sites listed in social/raw/osha_establishments.csv"
MSI,2022,0.514,OSHA ITA Form 300A summary data,https://www.osha.gov/sites/default/files/ITA-data-cy2022.zip,2026-09-12,"36 recordable cases (19 days-away, 9 restricted) / 14012095 hours at 33 establishments, 6739 avg employees; matched by ein 33, sec name 0, ex-21 subsidiary 0; sites listed in social/raw/osha_establishments.csv"
MSI,2023,0.212,OSHA ITA Form 300A summary data,https://www.osha.gov/sites/default/files/ITA_300A_Summary_Data_2023_through_12-31-2024.zip,2026-09-12,"14 recordable cases (12 days-away, 1 restricted) / 13192893 hours at 33 establishments, 6362 avg employees; matched by ein 32, sec name 0, ex-21 subsidiary 1; sites listed in social/raw/osha_establishments.csv"
MSI,2024,0.119,OSHA ITA Form 300A summary data,https://www.osha.gov/sites/default/files/ITA_300A_Summary_Data_2024_through_12-31-2025.zip,2026-09-12,"7 recordable cases (3 days-away, 3 restricted) / 11753438 hours at 35 establishments, 5668 avg employees; matched by ein 34, sec name 0, ex-21 subsidiary 1; sites listed in social/raw/osha_establishments.csv"
MTD,2022,1.166,OSHA ITA Form 300A summary data,https://www.osha.gov/sites/default/files/ITA-data-cy2022.zip,2026-09-12,"9 recordable cases (4 days-away, 1 restricted) / 1544088 hours at 4 establishments, 1062 avg employees; matched by ein 1, sec name 2, ex-21 subsidiary 1; sites listed in social/raw/osha_establishments.csv"
MTD,2023,1.167,OSHA ITA Form 300A summary data,https://www.osha.gov/sites/default/files/ITA_300A_Summary_Data_2023_through_12-31-2024.zip,2026-09-12,"9 recordable cases (5 days-away, 2 restricted) / 1541981 hours at 4 establishments, 1025 avg employees; matched by ein 2, sec name 1, ex-21 subsidiary 1; sites listed in social/raw/osha_establishments.csv"
MTD,2024,0.982,OSHA ITA Form 300A summary data,https://www.osha.gov/sites/default/files/ITA_300A_Summary_Data_2024_through_12-31-2025.zip,2026-09-12,"6 recordable cases (3 days-away, 1 restricted) / 1222027 hours at 4 establishments, 904 avg employees; matched by ein 1, sec name 1, ex-21 subsidiary 2; sites listed in social/raw/osha_establishments.csv"
MU,2022,0.272,OSHA ITA Form 300A summary data,https://www.osha.gov/sites/default/files/ITA-data-cy2022.zip,2026-09-12,"21 recordable cases (10 days-away, 4 restricted) / 15456670 hours at 6 establishments, 7763 avg employees; matched by ein 3, sec name 3, ex-21 subsidiary 0; sites listed in social/raw/osha_establishments.csv"
MU,2023,0.284,OSHA ITA Form 300A summary data,https://www.osha.gov/sites/default/files/ITA_300A_Summary_Data_2023_through_12-31-2024.zip,2026-09-12,"19 recordable cases (2 days-away, 9 restricted) / 13381360 hours at 7 establishments, 6997 avg employees; matched by ein 5, sec name 2, ex-21 subsidiary 0; sites listed in social/raw/osha_establishments.csv"
MU,2024,0.264,OSHA ITA Form 300A summary data,https://www.osha.gov/sites/default/files/ITA_300A_Summary_Data_2024_through_12-31-2025.zip,2026-09-12,"18 recordable cases (3 days-away, 11 restricted) / 13613118 hours at 6 establishments, 7355 avg employees; matched by ein 4, sec name 2, ex-21 subsidiary 0; sites listed in social/raw/osha_establishments.csv"
NCLH,2024,30.313,OSHA ITA Form 300A summary data,https://www.osha.gov/sites/default/files/ITA_300A_Summary_Data_2024_through_12-31-2025.zip,2026-09-12,"86 recordable cases (77 days-away, 8 restricted) / 567420 hours at 2 establishments, 275 avg employees; matched by ein 0, sec name 0, ex-21 subsidiary 2; sites listed in social/raw/osha_establishments.csv"
NDSN,2022,1.297,OSHA ITA Form 300A summary data,https://www.osha.gov/sites/default/files/ITA-data-cy2022.zip,2026-09-12,"33 recordable cases (13 days-away, 13 restricted) / 5090090 hours at 11 establishments, 2627 avg employees; matched by ein 8, sec name 0, ex-21 subsidiary 3; sites listed in social/raw/osha_establishments.csv"
NDSN,2023,2.27,OSHA ITA Form 300A summary data,https://www.osha.gov/sites/default/files/ITA_300A_Summary_Data_2023_through_12-31-2024.zip,2026-09-12,"92 recordable cases (30 days-away, 17 restricted) / 8104541 hours at 22 establishments, 4145 avg employees; matched by ein 5, sec name 14, ex-21 subsidiary 3; sites listed in social/raw/osha_establishments.csv"
NDSN,2024,1.318,OSHA ITA Form 300A summary data,https://www.osha.gov/sites/default/files/ITA_300A_Summary_Data_2024_through_12-31-2025.zip,2026-09-12,"41 recordable cases (17 days-away, 12 restricted) / 6222012 hours at 18 establishments, 3163 avg employees; matched by ein 5, sec name 12, ex-21 subsidiary 1; sites listed in social/raw/osha_establishments.csv"
NEE,2022,0.291,OSHA ITA Form 300A summary data,https://www.osha.gov/sites/default/files/ITA-data-cy2022.zip,2026-09-12,"25 recordable cases (16 days-away, 2 restricted) / 17154945 hours at 101 establishments, 8519 avg employees; matched by ein 99, sec name 2, ex-21 subsidiary 0; sites listed in social/raw/osha_establishments.csv"
NEE,2023,0.316,OSHA ITA Form 300A summary data,https://www.osha.gov/sites/default/files/ITA_300A_Summary_Data_2023_through_12-31-2024.zip,2026-09-12,"27 recordable cases (11 days-away, 3 restricted) / 17076053 hours at 117 establishments, 8539 avg employees; matched by ein 116, sec name 1, ex-21 subsidiary 0; sites listed in social/raw/osha_establishments.csv"
NEE,2024,0.499,OSHA ITA Form 300A summary data,https://www.osha.gov/sites/default/files/ITA_300A_Summary_Data_2024_through_12-31-2025.zip,2026-09-12,"41 recordable cases (27 days-away, 3 restricted) / 16435119 hours at 112 establishments, 7894 avg employees; matched by ein 111, sec name 1, ex-21 subsidiary 0; sites listed in social/raw/osha_establishments.csv"
NFLX,2022,0.248,OSHA ITA Form 300A summary data,https://www.osha.gov/sites/default/files/ITA-data-cy2022.zip,2026-09-12,"2 recordable cases (1 days-away, 0 restricted) / 1612048 hours at 1 establishments, 1688 avg employees; matched by ein 0, sec name 1, ex-21 subsidiary 0; sites listed in social/raw/osha_establishments.csv"
NFLX,2023,0.053,OSHA ITA Form 300A summary data,https://www.osha.gov/sites/default/files/ITA_300A_Summary_Data_2023_through_12-31-2024.zip,2026-09-12,"3 recordable cases (0 days-away, 1 restricted) / 11387342 hours at 5 establishments, 5633 avg employees; matched by ein 5, sec name 0, ex-21 subsidiary 0; sites listed in social/raw/osha_establishments.csv"
NFLX,2024,0.006,OSHA ITA Form 300A summary data,https://www.osha.gov/sites/default/files/ITA_300A_Summary_Data_2024_through_12-31-2025.zip,2026-09-12,"6 recordable cases (1 days-away, 3 restricted) / 200381172 hours at 12 establishments, 104076 avg employees; matched by ein 12, sec name 0, ex-21 subsidiary 0; sites listed in social/raw/osha_establishments.csv"
NI,2022,1.283,OSHA ITA Form 300A summary data,https://www.osha.gov/sites/default/files/ITA-data-cy2022.zip,2026-09-12,"90 recordable cases (43 days-away, 14 restricted) / 14030283 hours at 162 establishments, 7190 avg employees; matched by ein 162, sec name 0, ex-21 subsidiary 0; sites listed in social/raw/osha_establishments.csv"
NI,2023,1.088,OSHA ITA Form 300A summary data,https://www.osha.gov/sites/default/files/ITA_300A_Summary_Data_2023_through_12-31-2024.zip,2026-09-12,"79 recordable cases (29 days-away, 19 restricted) / 14528612 hours at 159 establishments, 7428 avg employees; matched by ein 158, sec name 1, ex-21 subsidiary 0; sites listed in social/raw/osha_establishments.csv"
NI,2024,0.929,OSHA ITA Form 300A summary data,https://www.osha.gov/sites/default/files/ITA_300A_Summary_Data_2024_through_12-31-2025.zip,2026-09-12,"72 recordable cases (25 days-away, 22 restricted) / 15503037 hours at 161 establishments, 7923 avg employees; matched by ein 160, sec name 1, ex-21 subsidiary 0; sites listed in social/raw/osha_establishments.csv"
NKE,2022,0.278,OSHA ITA Form 300A summary data,https://www.osha.gov/sites/default/files/ITA-data-cy2022.zip,2026-09-12,"56 recordable cases (26 days-away, 15 restricted) / 40260742 hours at 3 establishments, 18427 avg employees; matched by ein 3, sec name 0, ex-21 subsidiary 0; sites listed in social/raw/osha_establishments.csv"
NKE,2023,0.361,OSHA ITA Form 300A summary data,https://www.osha.gov/sites/default/files/ITA_300A_Summary_Data_2023_through_12-31-2024.zip,2026-09-12,"51 recordable cases (17 days-away, 21 restricted) / 28246335 hours at 3 establishments, 15697 avg employees; matched by ein 3, sec name 0, ex-21 subsidiary 0; sites listed in social/raw/osha_establishments.csv"
NKE,2024,0.521,OSHA ITA Form 300A summary data,https://www.osha.gov/sites/default/files/ITA_300A_Summary_Data_2024_through_12-31-2025.zip,2026-09-12,"68 recordable cases (31 days-away, 27 restricted) / 26091697 hours at 3 establishments, 14987 avg employees; matched by ein 3, sec name 0, ex-21 subsidiary 0; sites listed in social/raw/osha_establishments.csv"
NOC,2022,1.738,OSHA ITA Form 300A summary data,https://www.osha.gov/sites/default/files/ITA-data-cy2022.zip,2026-09-12,"1232 recordable cases (660 days-away, 268 restricted) / 141796309 hours at 105 establishments, 71108 avg employees; matched by ein 0, sec name 7, ex-21 subsidiary 98; sites listed in social/raw/osha_establishments.csv"
NOC,2023,1.149,OSHA ITA Form 300A summary data,https://www.osha.gov/sites/default/files/ITA_300A_Summary_Data_2023_through_12-31-2024.zip,2026-09-12,"980 recordable cases (391 days-away, 298 restricted) / 170559219 hours at 111 establishments, 84360 avg employees; matched by ein 0, sec name 6, ex-21 subsidiary 105; sites listed in social/raw/osha_establishments.csv"
NOC,2024,1.096,OSHA ITA Form 300A summary data,https://www.osha.gov/sites/default/files/ITA_300A_Summary_Data_2024_through_12-31-2025.zip,2026-09-12,"887 recordable cases (377 days-away, 292 restricted) / 161811159 hours at 104 establishments, 80337 avg employees; matched by ein 0, sec name 0, ex-21 subsidiary 104; sites listed in social/raw/osha_establishments.csv"
NRG,2022,0.838,OSHA ITA Form 300A summary data,https://www.osha.gov/sites/default/files/ITA-data-cy2022.zip,2026-09-12,"4 recordable cases (3 days-away, 0 restricted) / 955152 hours at 5 establishments, 469 avg employees; matched by ein 1, sec name 3, ex-21 subsidiary 1; sites listed in social/raw/osha_establishments.csv"
NRG,2023,0.854,OSHA ITA Form 300A summary data,https://www.osha.gov/sites/default/files/ITA_300A_Summary_Data_2023_through_12-31-2024.zip,2026-09-12,"103 recordable cases (52 days-away, 6 restricted) / 24126119 hours at 22 establishments, 15900 avg employees; matched by ein 11, sec name 9, ex-21 subsidiary 2; sites listed in social/raw/osha_establishments.csv"
NRG,2024,0.104,OSHA ITA Form 300A summary data,https://www.osha.gov/sites/default/files/ITA_300A_Summary_Data_2024_through_12-31-2025.zip,2026-09-12,"5 recordable cases (3 days-away, 1 restricted) / 9651677 hours at 25 establishments, 4744 avg employees; matched by ein 13, sec name 11, ex-21 subsidiary 1; sites listed in social/raw/osha_establishments.csv"
NUE,2022,0.923,OSHA ITA Form 300A summary data,https://www.osha.gov/sites/default/files/ITA-data-cy2022.zip,2026-09-12,"115 recordable cases (41 days-away, 22 restricted) / 24911576 hours at 49 establishments, 11700 avg employees; matched by ein 16, sec name 16, ex-21 subsidiary 17; sites listed in social/raw/osha_establishments.csv"
NUE,2023,0.806,OSHA ITA Form 300A summary data,https://www.osha.gov/sites/default/files/ITA_300A_Summary_Data_2023_through_12-31-2024.zip,2026-09-12,"95 recordable cases (28 days-away, 16 restricted) / 23572784 hours at 45 establishments, 10883 avg employees; matched by ein 12, sec name 16, ex-21 subsidiary 17; sites listed in social/raw/osha_establishments.csv"
NUE,2024,0.756,OSHA ITA Form 300A summary data,https://www.osha.gov/sites/default/files/ITA_300A_Summary_Data_2024_through_12-31-2025.zip,2026-09-12,"107 recordable cases (42 days-away, 27 restricted) / 28288303 hours at 53 establishments, 13173 avg employees; matched by ein 15, sec name 17, ex-21 subsidiary 21; sites listed in social/raw/osha_establishments.csv"
NVR,2022,2.529,OSHA ITA Form 300A summary data,https://www.osha.gov/sites/default/files/ITA-data-cy2022.zip,2026-09-12,"138 recordable cases (65 days-away, 30 restricted) / 10913343 hours at 50 establishments, 5440 avg employees; matched by ein 50, sec name 0, ex-21 subsidiary 0; sites listed in social/raw/osha_establishments.csv"
NVR,2023,1.742,OSHA ITA Form 300A summary data,https://www.osha.gov/sites/default/files/ITA_300A_Summary_Data_2023_through_12-31-2024.zip,2026-09-12,"90 recordable cases (37 days-away, 21 restricted) / 10335768 hours at 50 establishments, 5177 avg employees; matched by ein 50, sec name 0, ex-21 subsidiary 0; sites listed in social/raw/osha_establishments.csv"
NVR,2024,1.7,OSHA ITA Form 300A summary data,https://www.osha.gov/sites/default/files/ITA_300A_Summary_Data_2024_through_12-31-2025.zip,2026-09-12,"96 recordable cases (44 days-away, 15 restricted) / 11292387 hours at 52 establishments, 5567 avg employees; matched by ein 52, sec name 0, ex-21 subsidiary 0; sites listed in social/raw/osha_establishments.csv"
NXPI,2022,0.092,OSHA ITA Form 300A summary data,https://www.osha.gov/sites/default/files/ITA-data-cy2022.zip,2026-09-12,"2 recordable cases (0 days-away, 1 restricted) / 4347388 hours at 1 establishments, 2075 avg employees; matched by ein 0, sec name 1, ex-21 subsidiary 0; sites listed in social/raw/osha_establishments.csv"
NXPI,2024,0.117,OSHA ITA Form 300A summary data,https://www.osha.gov/sites/default/files/ITA_300A_Summary_Data_2024_through_12-31-2025.zip,2026-09-12,"2 recordable cases (0 days-away, 0 restricted) / 3415855 hours at 1 establishments, 1604 avg employees; matched by ein 0, sec name 1, ex-21 subsidiary 0; sites listed in social/raw/osha_establishments.csv"
ODFL,2022,3.563,OSHA ITA Form 300A summary data,https://www.osha.gov/sites/default/files/ITA-data-cy2022.zip,2026-09-12,"932 recordable cases (374 days-away, 488 restricted) / 52313245 hours at 223 establishments, 23934 avg employees; matched by ein 223, sec name 0, ex-21 subsidiary 0; sites listed in social/raw/osha_establishments.csv"
ODFL,2023,4.066,OSHA ITA Form 300A summary data,https://www.osha.gov/sites/default/files/ITA_300A_Summary_Data_2023_through_12-31-2024.zip,2026-09-12,"999 recordable cases (353 days-away, 533 restricted) / 49138715 hours at 263 establishments, 22985 avg employees; matched by ein 263, sec name 0, ex-21 subsidiary 0; sites listed in social/raw/osha_establishments.csv"
ODFL,2024,3.782,OSHA ITA Form 300A summary data,https://www.osha.gov/sites/default/files/ITA_300A_Summary_Data_2024_through_12-31-2025.zip,2026-09-12,"636 recordable cases (254 days-away, 379 restricted) / 33633434 hours at 74 establishments, 15517 avg employees; matched by ein 74, sec name 0, ex-21 subsidiary 0; sites listed in social/raw/osha_establishments.csv"
OKE,2023,0.282,OSHA ITA Form 300A summary data,https://www.osha.gov/sites/default/files/ITA_300A_Summary_Data_2023_through_12-31-2024.zip,2026-09-12,"3 recordable cases (1 days-away, 1 restricted) / 2124000 hours at 1 establishments, 1062 avg employees; matched by ein 0, sec name 1, ex-21 subsidiary 0; sites listed in social/raw/osha_establishments.csv"
ON,2022,0.76,OSHA ITA Form 300A summary data,https://www.osha.gov/sites/default/files/ITA-data-cy2022.zip,2026-09-12,"17 recordable cases (6 days-away, 8 restricted) / 4473912 hours at 16 establishments, 2335 avg employees; matched by ein 2, sec name 0, ex-21 subsidiary 14; sites listed in social/raw/osha_establishments.csv"
ON,2023,0.916,OSHA ITA Form 300A summary data,https://www.osha.gov/sites/default/files/ITA_300A_Summary_Data_2023_through_12-31-2024.zip,2026-09-12,"34 recordable cases (18 days-away, 8 restricted) / 7425493 hours at 14 establishments, 3622 avg employees; matched by ein 1, sec name 0, ex-21 subsidiary 13; sites listed in social/raw/osha_establishments.csv"
ON,2024,0.585,OSHA ITA Form 300A summary data,https://www.osha.gov/sites/default/files/ITA_300A_Summary_Data_2024_through_12-31-2025.zip,2026-09-12,"11 recordable cases (1 days-away, 9 restricted) / 3758420 hours at 4 establishments, 1933 avg employees; matched by ein 0, sec name 1, ex-21 subsidiary 3; sites listed in social/raw/osha_establishments.csv"
ORCL,2022,0.221,OSHA ITA Form 300A summary data,https://www.osha.gov/sites/default/files/ITA-data-cy2022.zip,2026-09-12,"2 recordable cases (2 days-away, 0 restricted) / 1806680 hours at 3 establishments, 961 avg employees; matched by ein 0, sec name 3, ex-21 subsidiary 0; sites listed in social/raw/osha_establishments.csv"
ORCL,2023,0.232,OSHA ITA Form 300A summary data,https://www.osha.gov/sites/default/files/ITA_300A_Summary_Data_2023_through_12-31-2024.zip,2026-09-12,"1 recordable cases (0 days-away, 0 restricted) / 862920 hours at 2 establishments, 459 avg employees; matched by ein 0, sec name 0, ex-21 subsidiary 2; sites listed in social/raw/osha_establishments.csv"
ORLY,2022,5.316,OSHA ITA Form 300A summary data,https://www.osha.gov/sites/default/files/ITA-data-cy2022.zip,2026-09-12,"1336 recordable cases (349 days-away, 836 restricted) / 50262801 hours at 413 establishments, 25465 avg employees; matched by ein 0, sec name 0, ex-21 subsidiary 413; sites listed in social/raw/osha_establishments.csv"
OTIS,2022,0.981,OSHA ITA Form 300A summary data,https://www.osha.gov/sites/default/files/ITA-data-cy2022.zip,2026-09-12,"87 recordable cases (18 days-away, 43 restricted) / 17740599 hours at 97 establishments, 9887 avg employees; matched by ein 0, sec name 0, ex-21 subsidiary 97; sites listed in social/raw/osha_establishments.csv"
OTIS,2023,1.151,OSHA ITA Form 300A summary data,https://www.osha.gov/sites/default/files/ITA_300A_Summary_Data_2023_through_12-31-2024.zip,2026-09-12,"204 recordable cases (58 days-away, 90 restricted) / 35460290 hours at 83 establishments, 18469 avg employees; matched by ein 0, sec name 0, ex-21 subsidiary 83; sites listed in social/raw/osha_establishments.csv"
OTIS,2024,0.989,OSHA ITA Form 300A summary data,https://www.osha.gov/sites/default/files/ITA_300A_Summary_Data_2024_through_12-31-2025.zip,2026-09-12,"92 recordable cases (20 days-away, 49 restricted) / 18600775 hours at 83 establishments, 9899 avg employees; matched by ein 0, sec name 0, ex-21 subsidiary 83; sites listed in social/raw/osha_establishments.csv"
OXY,2022,0.423,OSHA ITA Form 300A summary data,https://www.osha.gov/sites/default/files/ITA-data-cy2022.zip,2026-09-12,"14 recordable cases (8 days-away, 1 restricted) / 6621298 hours at 15 establishments, 3176 avg employees; matched by ein 0, sec name 3, ex-21 subsidiary 12; sites listed in social/raw/osha_establishments.csv"
OXY,2023,0.289,OSHA ITA Form 300A summary data,https://www.osha.gov/sites/default/files/ITA_300A_Summary_Data_2023_through_12-31-2024.zip,2026-09-12,"10 recordable cases (8 days-away, 1 restricted) / 6912014 hours at 14 establishments, 3324 avg employees; matched by ein 0, sec name 2, ex-21 subsidiary 12; sites listed in social/raw/osha_establishments.csv"
OXY,2024,0.24,OSHA ITA Form 300A summary data,https://www.osha.gov/sites/default/files/ITA_300A_Summary_Data_2024_through_12-31-2025.zip,2026-09-12,"8 recordable cases (6 days-away, 1 restricted) / 6671567 hours at 13 establishments, 3204 avg employees; matched by ein 0, sec name 2, ex-21 subsidiary 11; sites listed in social/raw/osha_establishments.csv"
PAYX,2023,0.392,OSHA ITA Form 300A summary data,https://www.osha.gov/sites/default/files/ITA_300A_Summary_Data_2023_through_12-31-2024.zip,2026-09-12,"5 recordable cases (2 days-away, 1 restricted) / 2554240 hours at 3 establishments, 1228 avg employees; matched by ein 0, sec name 2, ex-21 subsidiary 1; sites listed in social/raw/osha_establishments.csv"
PAYX,2024,0.409,OSHA ITA Form 300A summary data,https://www.osha.gov/sites/default/files/ITA_300A_Summary_Data_2024_through_12-31-2025.zip,2026-09-12,"7 recordable cases (2 days-away, 0 restricted) / 3425760 hours at 5 establishments, 1647 avg employees; matched by ein 0, sec name 0, ex-21 subsidiary 5; sites listed in social/raw/osha_establishments.csv"
PCAR,2022,1.856,OSHA ITA Form 300A summary data,https://www.osha.gov/sites/default/files/ITA-data-cy2022.zip,2026-09-12,"49 recordable cases (25 days-away, 19 restricted) / 5280339 hours at 5 establishments, 2807 avg employees; matched by ein 4, sec name 1, ex-21 subsidiary 0; sites listed in social/raw/osha_establishments.csv"
PCAR,2023,2.989,OSHA ITA Form 300A summary data,https://www.osha.gov/sites/default/files/ITA_300A_Summary_Data_2023_through_12-31-2024.zip,2026-09-12,"284 recordable cases (121 days-away, 85 restricted) / 19002955 hours at 20 establishments, 10304 avg employees; matched by ein 17, sec name 3, ex-21 subsidiary 0; sites listed in social/raw/osha_establishments.csv"
PCAR,2024,2.357,OSHA ITA Form 300A summary data,https://www.osha.gov/sites/default/files/ITA_300A_Summary_Data_2024_through_12-31-2025.zip,2026-09-12,"167 recordable cases (72 days-away, 56 restricted) / 14169452 hours at 19 establishments, 7694 avg employees; matched by ein 18, sec name 1, ex-21 subsidiary 0; sites listed in social/raw/osha_establishments.csv"
PEP,2022,2.283,OSHA ITA Form 300A summary data,https://www.osha.gov/sites/default/files/ITA-data-cy2022.zip,2026-09-12,"683 recordable cases (188 days-away, 345 restricted) / 59821146 hours at 331 establishments, 26890 avg employees; matched by ein 0, sec name 4, ex-21 subsidiary 327; sites listed in social/raw/osha_establishments.csv"
PEP,2023,1.336,OSHA ITA Form 300A summary data,https://www.osha.gov/sites/default/files/ITA_300A_Summary_Data_2023_through_12-31-2024.zip,2026-09-12,"64 recordable cases (18 days-away, 23 restricted) / 9579341 hours at 24 establishments, 4603 avg employees; matched by ein 0, sec name 5, ex-21 subsidiary 19; sites listed in social/raw/osha_establishments.csv"
PEP,2024,2.512,OSHA ITA Form 300A summary data,https://www.osha.gov/sites/default/files/ITA_300A_Summary_Data_2024_through_12-31-2025.zip,2026-09-12,"1000 recordable cases (307 days-away, 518 restricted) / 79624219 hours at 1019 establishments, 38517 avg employees; matched by ein 0, sec name 5, ex-21 subsidiary 1014; sites listed in social/raw/osha_establishments.csv"
PFE,2022,0.558,OSHA ITA Form 300A summary data,https://www.osha.gov/sites/default/files/ITA-data-cy2022.zip,2026-09-12,"91 recordable cases (32 days-away, 14 restricted) / 32612511 hours at 16 establishments, 16130 avg employees; matched by ein 10, sec name 5, ex-21 subsidiary 1; sites listed in social/raw/osha_establishments.csv"
PFE,2023,0.393,OSHA ITA Form 300A summary data,https://www.osha.gov/sites/default/files/ITA_300A_Summary_Data_2023_through_12-31-2024.zip,2026-09-12,"69 recordable cases (26 days-away, 12 restricted) / 35094989 hours at 18 establishments, 17382 avg employees; matched by ein 9, sec name 8, ex-21 subsidiary 1; sites listed in social/raw/osha_establishments.csv"
PFE,2024,0.459,OSHA ITA Form 300A summary data,https://www.osha.gov/sites/default/files/ITA_300A_Summary_Data_2024_through_12-31-2025.zip,2026-09-12,"79 recordable cases (34 days-away, 15 restricted) / 34442476 hours at 16 establishments, 17129 avg employees; matched by ein 5, sec name 11, ex-21 subsidiary 0; sites listed in social/raw/osha_establishments.csv"
PG,2022,1.907,OSHA ITA Form 300A summary data,https://www.osha.gov/sites/default/files/ITA-data-cy2022.zip,2026-09-12,"171 recordable cases (56 days-away, 63 restricted) / 17932117 hours at 27 establishments, 8801 avg employees; matched by ein 0, sec name 10, ex-21 subsidiary 17; sites listed in social/raw/osha_establishments.csv"
PG,2023,1.297,OSHA ITA Form 300A summary data,https://www.osha.gov/sites/default/files/ITA_300A_Summary_Data_2023_through_12-31-2024.zip,2026-09-12,"202 recordable cases (35 days-away, 86 restricted) / 31147209 hours at 38 establishments, 14743 avg employees; matched by ein 0, sec name 16, ex-21 subsidiary 22; sites listed in social/raw/osha_establishments.csv"
PG,2024,1.314,OSHA ITA Form 300A summary data,https://www.osha.gov/sites/default/files/ITA_300A_Summary_Data_2024_through_12-31-2025.zip,2026-09-12,"210 recordable cases (26 days-away, 94 restricted) / 31966154 hours at 39 establishments, 15618 avg employees; matched by ein 0, sec name 18, ex-21 subsidiary 21; sites listed in social/raw/osha_establishments.csv"
PH,2022,0.68,OSHA ITA Form 300A summary data,https://www.osha.gov/sites/default/files/ITA-data-cy2022.zip,2026-09-12,"156 recordable cases (49 days-away, 39 restricted) / 45882799 hours at 154 establishments, 23860 avg employees; matched by ein 151, sec name 1, ex-21 subsidiary 2; sites listed in social/raw/osha_establishments.csv"
PH,2023,0.634,OSHA ITA Form 300A summary data,https://www.osha.gov/sites/default/files/ITA_300A_Summary_Data_2023_through_12-31-2024.zip,2026-09-12,"168 recordable cases (44 days-away, 40 restricted) / 52958190 hours at 168 establishments, 27755 avg employees; matched by ein 163, sec name 1, ex-21 subsidiary 4; sites listed in social/raw/osha_establishments.csv"
PH,2024,0.544,OSHA ITA Form 300A summary data,https://www.osha.gov/sites/default/files/ITA_300A_Summary_Data_2024_through_12-31-2025.zip,2026-09-12,"140 recordable cases (35 days-away, 36 restricted) / 51481320 hours at 160 establishments, 27401 avg employees; matched by ein 155, sec name 1, ex-21 subsidiary 4; sites listed in social/raw/osha_establishments.csv"
PHM,2022,4.503,OSHA ITA Form 300A summary data,https://www.osha.gov/sites/default/files/ITA-data-cy2022.zip,2026-09-12,"38 recordable cases (17 days-away, 6 restricted) / 1687690 hours at 7 establishments, 1031 avg employees; matched by ein 1, sec name 1, ex-21 subsidiary 5; sites listed in social/raw/osha_establishments.csv"
PHM,2023,4.34,OSHA ITA Form 300A summary data,https://www.osha.gov/sites/default/files/ITA_300A_Summary_Data_2023_through_12-31-2024.zip,2026-09-12,"33 recordable cases (15 days-away, 6 restricted) / 1520582 hours at 10 establishments, 1148 avg employees; matched by ein 1, sec name 2, ex-21 subsidiary 7; sites listed in social/raw/osha_establishments.csv"
PHM,2024,2.274,OSHA ITA Form 300A summary data,https://www.osha.gov/sites/default/files/ITA_300A_Summary_Data_2024_through_12-31-2025.zip,2026-09-12,"16 recordable cases (11 days-away, 2 restricted) / 1407512 hours at 9 establishments, 852 avg employees; matched by ein 2, sec name 3, ex-21 subsidiary 4; sites listed in social/raw/osha_establishments.csv"
PKG,2022,2.433,OSHA ITA Form 300A summary data,https://www.osha.gov/sites/default/files/ITA-data-cy2022.zip,2026-09-12,"388 recordable cases (121 days-away, 121 restricted) / 31896017 hours at 105 establishments, 14871 avg employees; matched by ein 104, sec name 1, ex-21 subsidiary 0; sites listed in social/raw/osha_establishments.csv"
PKG,2023,2.161,OSHA ITA Form 300A summary data,https://www.osha.gov/sites/default/files/ITA_300A_Summary_Data_2023_through_12-31-2024.zip,2026-09-12,"370 recordable cases (122 days-away, 98 restricted) / 34247916 hours at 124 establishments, 16790 avg employees; matched by ein 123, sec name 1, ex-21 subsidiary 0; sites listed in social/raw/osha_establishments.csv"
PKG,2024,2.427,OSHA ITA Form 300A summary data,https://www.osha.gov/sites/default/files/ITA_300A_Summary_Data_2024_through_12-31-2025.zip,2026-09-12,"385 recordable cases (121 days-away, 119 restricted) / 31720542 hours at 109 establishments, 15101 avg employees; matched by ein 109, sec name 0, ex-21 subsidiary 0; sites listed in social/raw/osha_establishments.csv"
PNR,2022,2.035,OSHA ITA Form 300A summary data,https://www.osha.gov/sites/default/files/ITA-data-cy2022.zip,2026-09-12,"40 recordable cases (8 days-away, 15 restricted) / 3930873 hours at 5 establishments, 1903 avg employees; matched by ein 0, sec name 5, ex-21 subsidiary 0; sites listed in social/raw/osha_establishments.csv"
PNR,2023,2.212,OSHA ITA Form 300A summary data,https://www.osha.gov/sites/default/files/ITA_300A_Summary_Data_2023_through_12-31-2024.zip,2026-09-12,"74 recordable cases (20 days-away, 24 restricted) / 6691491 hours at 14 establishments, 3339 avg employees; matched by ein 0, sec name 12, ex-21 subsidiary 2; sites listed in social/raw/osha_establishments.csv"
PNR,2024,1.627,OSHA ITA Form 300A summary data,https://www.osha.gov/sites/default/files/ITA_300A_Summary_Data_2024_through_12-31-2025.zip,2026-09-12,"49 recordable cases (10 days-away, 12 restricted) / 6022915 hours at 12 establishments, 3100 avg employees; matched by ein 0, sec name 12, ex-21 subsidiary 0; sites listed in social/raw/osha_establishments.csv"
PODD,2022,1.146,OSHA ITA Form 300A summary data,https://www.osha.gov/sites/default/files/ITA-data-cy2022.zip,2026-09-12,"9 recordable cases (8 days-away, 1 restricted) / 1570280 hours at 2 establishments, 1012 avg employees; matched by ein 2, sec name 0, ex-21 subsidiary 0; sites listed in social/raw/osha_establishments.csv"
PODD,2024,0.245,OSHA ITA Form 300A summary data,https://www.osha.gov/sites/default/files/ITA_300A_Summary_Data_2024_through_12-31-2025.zip,2026-09-12,"7 recordable cases (4 days-away, 0 restricted) / 5714015 hours at 2 establishments, 2844 avg employees; matched by ein 1, sec name 1, ex-21 subsidiary 0; sites listed in social/raw/osha_establishments.csv"
PPG,2022,2.435,OSHA ITA Form 300A summary data,https://www.osha.gov/sites/default/files/ITA-data-cy2022.zip,2026-09-12,"379 recordable cases (117 days-away, 153 restricted) / 31125742 hours at 92 establishments, 14881 avg employees; matched by ein 38, sec name 54, ex-21 subsidiary 0; sites listed in social/raw/osha_establishments.csv"
PPG,2023,2.162,OSHA ITA Form 300A summary data,https://www.osha.gov/sites/default/files/ITA_300A_Summary_Data_2023_through_12-31-2024.zip,2026-09-12,"319 recordable cases (92 days-away, 128 restricted) / 29508521 hours at 78 establishments, 14187 avg employees; matched by ein 27, sec name 51, ex-21 subsidiary 0; sites listed in social/raw/osha_establishments.csv"
PPG,2024,2.448,OSHA ITA Form 300A summary data,https://www.osha.gov/sites/default/files/ITA_300A_Summary_Data_2024_through_12-31-2025.zip,2026-09-12,"231 recordable cases (73 days-away, 96 restricted) / 18875719 hours at 59 establishments, 9044 avg employees; matched by ein 25, sec name 33, ex-21 subsidiary 1; sites listed in social/raw/osha_establishments.csv"
PSX,2022,0.242,OSHA ITA Form 300A summary data,https://www.osha.gov/sites/default/files/ITA-data-cy2022.zip,2026-09-12,"19 recordable cases (7 days-away, 6 restricted) / 15697881 hours at 31 establishments, 7125 avg employees; matched by ein 1, sec name 14, ex-21 subsidiary 16; sites listed in social/raw/osha_establishments.csv"
PSX,2023,0.168,OSHA ITA Form 300A summary data,https://www.osha.gov/sites/default/files/ITA_300A_Summary_Data_2023_through_12-31-2024.zip,2026-09-12,"17 recordable cases (10 days-away, 2 restricted) / 20215641 hours at 59 establishments, 9273 avg employees; matched by ein 7, sec name 23, ex-21 subsidiary 29; sites listed in social/raw/osha_establishments.csv"
PSX,2024,0.17,OSHA ITA Form 300A summary data,https://www.osha.gov/sites/default/files/ITA_300A_Summary_Data_2024_through_12-31-2025.zip,2026-09-12,"8 recordable cases (5 days-away, 0 restricted) / 9409049 hours at 37 establishments, 4296 avg employees; matched by ein 9, sec name 14, ex-21 subsidiary 14; sites listed in social/raw/osha_establishments.csv"
PWR,2022,1.153,OSHA ITA Form 300A summary data,https://www.osha.gov/sites/default/files/ITA-data-cy2022.zip,2026-09-12,"322 recordable cases (81 days-away, 64 restricted) / 55849020 hours at 107 establishments, 26962 avg employees; matched by ein 1, sec name 3, ex-21 subsidiary 103; sites listed in social/raw/osha_establishments.csv"
PWR,2023,1.122,OSHA ITA Form 300A summary data,https://www.osha.gov/sites/default/files/ITA_300A_Summary_Data_2023_through_12-31-2024.zip,2026-09-12,"316 recordable cases (74 days-away, 82 restricted) / 56311577 hours at 106 establishments, 27369 avg employees; matched by ein 1, sec name 3, ex-21 subsidiary 102; sites listed in social/raw/osha_establishments.csv"
PWR,2024,0.923,OSHA ITA Form 300A summary data,https://www.osha.gov/sites/default/files/ITA_300A_Summary_Data_2024_through_12-31-2025.zip,2026-09-12,"302 recordable cases (74 days-away, 75 restricted) / 65436066 hours at 96 establishments, 30770 avg employees; matched by ein 1, sec name 2, ex-21 subsidiary 93; sites listed in social/raw/osha_establishments.csv"
Q,2024,0.406,OSHA ITA Form 300A summary data,https://www.osha.gov/sites/default/files/ITA_300A_Summary_Data_2024_through_12-31-2025.zip,2026-09-12,"2 recordable cases (1 days-away, 0 restricted) / 984317 hours at 1 establishments, 457 avg employees; matched by ein 0, sec name 0, ex-21 subsidiary 1; sites listed in social/raw/osha_establishments.csv"
RDDT,2023,0.0,OSHA ITA Form 300A summary data,https://www.osha.gov/sites/default/files/ITA_300A_Summary_Data_2023_through_12-31-2024.zip,2026-09-12,"0 recordable cases (0 days-away, 0 restricted) / 3420135 hours at 1 establishments, 1590 avg employees; matched by ein 1, sec name 0, ex-21 subsidiary 0; sites listed in social/raw/osha_establishments.csv"
REGN,2022,0.64,OSHA ITA Form 300A summary data,https://www.osha.gov/sites/default/files/ITA-data-cy2022.zip,2026-09-12,"27 recordable cases (10 days-away, 12 restricted) / 8443476 hours at 1 establishments, 3925 avg employees; matched by ein 1, sec name 0, ex-21 subsidiary 0; sites listed in social/raw/osha_establishments.csv"
REGN,2023,0.577,OSHA ITA Form 300A summary data,https://www.osha.gov/sites/default/files/ITA_300A_Summary_Data_2023_through_12-31-2024.zip,2026-09-12,"28 recordable cases (11 days-away, 12 restricted) / 9706023 hours at 1 establishments, 4450 avg employees; matched by ein 1, sec name 0, ex-21 subsidiary 0; sites listed in social/raw/osha_establishments.csv"
REGN,2024,0.439,OSHA ITA Form 300A summary data,https://www.osha.gov/sites/default/files/ITA_300A_Summary_Data_2024_through_12-31-2025.zip,2026-09-12,"23 recordable cases (13 days-away, 6 restricted) / 10476810 hours at 1 establishments, 4916 avg employees; matched by ein 1, sec name 0, ex-21 subsidiary 0; sites listed in social/raw/osha_establishments.csv"
RL,2022,2.61,OSHA ITA Form 300A summary data,https://www.osha.gov/sites/default/files/ITA-data-cy2022.zip,2026-09-12,"14 recordable cases (3 days-away, 8 restricted) / 1072675 hours at 2 establishments, 1022 avg employees; matched by ein 2, sec name 0, ex-21 subsidiary 0; sites listed in social/raw/osha_establishments.csv"
RL,2023,2.015,OSHA ITA Form 300A summary data,https://www.osha.gov/sites/default/files/ITA_300A_Summary_Data_2023_through_12-31-2024.zip,2026-09-12,"27 recordable cases (4 days-away, 21 restricted) / 2680364 hours at 3 establishments, 2003 avg employees; matched by ein 3, sec name 0, ex-21 subsidiary 0; sites listed in social/raw/osha_establishments.csv"
RL,2024,2.522,OSHA ITA Form 300A summary data,https://www.osha.gov/sites/default/files/ITA_300A_Summary_Data_2024_through_12-31-2025.zip,2026-09-12,"33 recordable cases (5 days-away, 26 restricted) / 2616454 hours at 3 establishments, 1953 avg employees; matched by ein 3, sec name 0, ex-21 subsidiary 0; sites listed in social/raw/osha_establishments.csv"
RMD,2022,1.937,OSHA ITA Form 300A summary data,https://www.osha.gov/sites/default/files/ITA-data-cy2022.zip,2026-09-12,"29 recordable cases (17 days-away, 6 restricted) / 2993926 hours at 4 establishments, 1699 avg employees; matched by ein 0, sec name 3, ex-21 subsidiary 1; sites listed in social/raw/osha_establishments.csv"
RMD,2023,1.523,OSHA ITA Form 300A summary data,https://www.osha.gov/sites/default/files/ITA_300A_Summary_Data_2023_through_12-31-2024.zip,2026-09-12,"25 recordable cases (14 days-away, 4 restricted) / 3283813 hours at 4 establishments, 1791 avg employees; matched by ein 0, sec name 3, ex-21 subsidiary 1; sites listed in social/raw/osha_establishments.csv"
RMD,2024,0.906,OSHA ITA Form 300A summary data,https://www.osha.gov/sites/default/files/ITA_300A_Summary_Data_2024_through_12-31-2025.zip,2026-09-12,"13 recordable cases (1 days-away, 8 restricted) / 2870117 hours at 4 establishments, 1580 avg employees; matched by ein 0, sec name 3, ex-21 subsidiary 1; sites listed in social/raw/osha_establishments.csv"
ROK,2022,0.772,OSHA ITA Form 300A summary data,https://www.osha.gov/sites/default/files/ITA-data-cy2022.zip,2026-09-12,"31 recordable cases (15 days-away, 8 restricted) / 8029372 hours at 13 establishments, 3757 avg employees; matched by ein 9, sec name 0, ex-21 subsidiary 4; sites listed in social/raw/osha_establishments.csv"
ROK,2023,0.813,OSHA ITA Form 300A summary data,https://www.osha.gov/sites/default/files/ITA_300A_Summary_Data_2023_through_12-31-2024.zip,2026-09-12,"32 recordable cases (19 days-away, 6 restricted) / 7870377 hours at 12 establishments, 3729 avg employees; matched by ein 9, sec name 0, ex-21 subsidiary 3; sites listed in social/raw/osha_establishments.csv"
ROK,2024,0.286,OSHA ITA Form 300A summary data,https://www.osha.gov/sites/default/files/ITA_300A_Summary_Data_2024_through_12-31-2025.zip,2026-09-12,"28 recordable cases (11 days-away, 6 restricted) / 19569226 hours at 21 establishments, 9560 avg employees; matched by ein 3, sec name 15, ex-21 subsidiary 3; sites listed in social/raw/osha_establishments.csv"
ROL,2022,2.648,OSHA ITA Form 300A summary data,https://www.osha.gov/sites/default/files/ITA-data-cy2022.zip,2026-09-12,"718 recordable cases (224 days-away, 83 restricted) / 54224486 hours at 917 establishments, 32433 avg employees; matched by ein 10, sec name 907, ex-21 subsidiary 0; sites listed in social/raw/osha_establishments.csv"
ROL,2023,4.469,OSHA ITA Form 300A summary data,https://www.osha.gov/sites/default/files/ITA_300A_Summary_Data_2023_through_12-31-2024.zip,2026-09-12,"724 recordable cases (323 days-away, 148 restricted) / 32399188 hours at 526 establishments, 18995 avg employees; matched by ein 2, sec name 524, ex-21 subsidiary 0; sites listed in social/raw/osha_establishments.csv"
ROL,2024,5.048,OSHA ITA Form 300A summary data,https://www.osha.gov/sites/default/files/ITA_300A_Summary_Data_2024_through_12-31-2025.zip,2026-09-12,"704 recordable cases (308 days-away, 174 restricted) / 27894627 hours at 416 establishments, 12200 avg employees; matched by ein 2, sec name 414, ex-21 subsidiary 0; sites listed in social/raw/osha_establishments.csv"
ROP,2022,1.755,OSHA ITA Form 300A summary data,https://www.osha.gov/sites/default/files/ITA-data-cy2022.zip,2026-09-12,"51 recordable cases (13 days-away, 20 restricted) / 5811032 hours at 5 establishments, 3113 avg employees; matched by ein 0, sec name 0, ex-21 subsidiary 5; sites listed in social/raw/osha_establishments.csv"
ROP,2023,1.663,OSHA ITA Form 300A summary data,https://www.osha.gov/sites/default/files/ITA_300A_Summary_Data_2023_through_12-31-2024.zip,2026-09-12,"44 recordable cases (3 days-away, 18 restricted) / 5290460 hours at 4 establishments, 2780 avg employees; matched by ein 0, sec name 0, ex-21 subsidiary 4; sites listed in social/raw/osha_establishments.csv"
ROP,2024,1.707,OSHA ITA Form 300A summary data,https://www.osha.gov/sites/default/files/ITA_300A_Summary_Data_2024_through_12-31-2025.zip,2026-09-12,"53 recordable cases (5 days-away, 21 restricted) / 6210847 hours at 4 establishments, 2972 avg employees; matched by ein 0, sec name 0, ex-21 subsidiary 4; sites listed in social/raw/osha_establishments.csv"
RSG,2022,4.755,OSHA ITA Form 300A summary data,https://www.osha.gov/sites/default/files/ITA-data-cy2022.zip,2026-09-12,"988 recordable cases (295 days-away, 448 restricted) / 41559378 hours at 285 establishments, 18485 avg employees; matched by ein 22, sec name 105, ex-21 subsidiary 158; sites listed in social/raw/osha_establishments.csv"
RSG,2023,5.193,OSHA ITA Form 300A summary data,https://www.osha.gov/sites/default/files/ITA_300A_Summary_Data_2023_through_12-31-2024.zip,2026-09-12,"866 recordable cases (267 days-away, 394 restricted) / 33355624 hours at 218 establishments, 14432 avg employees; matched by ein 19, sec name 94, ex-21 subsidiary 105; sites listed in social/raw/osha_establishments.csv"
RSG,2024,4.116,OSHA ITA Form 300A summary data,https://www.osha.gov/sites/default/files/ITA_300A_Summary_Data_2024_through_12-31-2025.zip,2026-09-12,"786 recordable cases (225 days-away, 309 restricted) / 38194907 hours at 261 establishments, 15933 avg employees; matched by ein 29, sec name 94, ex-21 subsidiary 138; sites listed in social/raw/osha_establishments.csv"
RTX,2022,0.457,OSHA ITA Form 300A summary data,https://www.osha.gov/sites/default/files/ITA-data-cy2022.zip,2026-09-12,"191 recordable cases (57 days-away, 23 restricted) / 83597889 hours at 32 establishments, 41688 avg employees; matched by ein 13, sec name 11, ex-21 subsidiary 8; sites listed in social/raw/osha_establishments.csv"
RTX,2023,0.385,OSHA ITA Form 300A summary data,https://www.osha.gov/sites/default/files/ITA_300A_Summary_Data_2023_through_12-31-2024.zip,2026-09-12,"254 recordable cases (78 days-away, 62 restricted) / 131814164 hours at 54 establishments, 68272 avg employees; matched by ein 10, sec name 1, ex-21 subsidiary 43; sites listed in social/raw/osha_establishments.csv"
RTX,2024,0.412,OSHA ITA Form 300A summary data,https://www.osha.gov/sites/default/files/ITA_300A_Summary_Data_2024_through_12-31-2025.zip,2026-09-12,"260 recordable cases (63 days-away, 61 restricted) / 126170296 hours at 51 establishments, 65253 avg employees; matched by ein 12, sec name 0, ex-21 subsidiary 39; sites listed in social/raw/osha_establishments.csv"
RVTY,2022,1.52,OSHA ITA Form 300A summary data,https://www.osha.gov/sites/default/files/ITA-data-cy2022.zip,2026-09-12,"16 recordable cases (9 days-away, 3 restricted) / 2104977 hours at 5 establishments, 1165 avg employees; matched by ein 1, sec name 3, ex-21 subsidiary 1; sites listed in social/raw/osha_establishments.csv"
RVTY,2023,0.805,OSHA ITA Form 300A summary data,https://www.osha.gov/sites/default/files/ITA_300A_Summary_Data_2023_through_12-31-2024.zip,2026-09-12,"9 recordable cases (0 days-away, 4 restricted) / 2234953 hours at 6 establishments, 1202 avg employees; matched by ein 1, sec name 3, ex-21 subsidiary 2; sites listed in social/raw/osha_establishments.csv"
RVTY,2024,0.723,OSHA ITA Form 300A summary data,https://www.osha.gov/sites/default/files/ITA_300A_Summary_Data_2024_through_12-31-2025.zip,2026-09-12,"13 recordable cases (5 days-away, 0 restricted) / 3594043 hours at 6 establishments, 2259 avg employees; matched by ein 1, sec name 4, ex-21 subsidiary 1; sites listed in social/raw/osha_establishments.csv"
SBUX,2022,0.891,OSHA ITA Form 300A summary data,https://www.osha.gov/sites/default/files/ITA-data-cy2022.zip,2026-09-12,"3 recordable cases (2 days-away, 1 restricted) / 673038 hours at 4 establishments, 304 avg employees; matched by ein 3, sec name 1, ex-21 subsidiary 0; sites listed in social/raw/osha_establishments.csv"
SBUX,2023,4.101,OSHA ITA Form 300A summary data,https://www.osha.gov/sites/default/files/ITA_300A_Summary_Data_2023_through_12-31-2024.zip,2026-09-12,"40 recordable cases (20 days-away, 13 restricted) / 1950722 hours at 7 establishments, 985 avg employees; matched by ein 3, sec name 4, ex-21 subsidiary 0; sites listed in social/raw/osha_establishments.csv"
SBUX,2024,3.151,OSHA ITA Form 300A summary data,https://www.osha.gov/sites/default/files/ITA_300A_Summary_Data_2024_through_12-31-2025.zip,2026-09-12,"31 recordable cases (11 days-away, 17 restricted) / 1967624 hours at 6 establishments, 1046 avg employees; matched by ein 2, sec name 4, ex-21 subsidiary 0; sites listed in social/raw/osha_establishments.csv"
SHW,2022,1.488,OSHA ITA Form 300A summary data,https://www.osha.gov/sites/default/files/ITA-data-cy2022.zip,2026-09-12,"218 recordable cases (124 days-away, 27 restricted) / 29310232 hours at 112 establishments, 15631 avg employees; matched by ein 81, sec name 31, ex-21 subsidiary 0; sites listed in social/raw/osha_establishments.csv"
SHW,2023,1.541,OSHA ITA Form 300A summary data,https://www.osha.gov/sites/default/files/ITA_300A_Summary_Data_2023_through_12-31-2024.zip,2026-09-12,"154 recordable cases (76 days-away, 26 restricted) / 19984322 hours at 96 establishments, 9919 avg employees; matched by ein 94, sec name 2, ex-21 subsidiary 0; sites listed in social/raw/osha_establishments.csv"
SHW,2024,1.638,OSHA ITA Form 300A summary data,https://www.osha.gov/sites/default/files/ITA_300A_Summary_Data_2024_through_12-31-2025.zip,2026-09-12,"153 recordable cases (86 days-away, 17 restricted) / 18680437 hours at 102 establishments, 9737 avg employees; matched by ein 101, sec name 1, ex-21 subsidiary 0; sites listed in social/raw/osha_establishments.csv"
SJM,2022,1.811,OSHA ITA Form 300A summary data,https://www.osha.gov/sites/default/files/ITA-data-cy2022.zip,2026-09-12,"42 recordable cases (17 days-away, 9 restricted) / 4637972 hours at 9 establishments, 2343 avg employees; matched by ein 3, sec name 4, ex-21 subsidiary 2; sites listed in social/raw/osha_establishments.csv"
SJM,2023,1.126,OSHA ITA Form 300A summary data,https://www.osha.gov/sites/default/files/ITA_300A_Summary_Data_2023_through_12-31-2024.zip,2026-09-12,"19 recordable cases (5 days-away, 4 restricted) / 3374845 hours at 6 establishments, 1624 avg employees; matched by ein 2, sec name 3, ex-21 subsidiary 1; sites listed in social/raw/osha_establishments.csv"
SJM,2024,1.79,OSHA ITA Form 300A summary data,https://www.osha.gov/sites/default/files/ITA_300A_Summary_Data_2024_through_12-31-2025.zip,2026-09-12,"39 recordable cases (18 days-away, 14 restricted) / 4358186 hours at 6 establishments, 2190 avg employees; matched by ein 2, sec name 3, ex-21 subsidiary 1; sites listed in social/raw/osha_establishments.csv"
SLB,2022,0.419,OSHA ITA Form 300A summary data,https://www.osha.gov/sites/default/files/ITA-data-cy2022.zip,2026-09-12,"6 recordable cases (4 days-away, 2 restricted) / 2861130 hours at 3 establishments, 1201 avg employees; matched by ein 0, sec name 3, ex-21 subsidiary 0; sites listed in social/raw/osha_establishments.csv"
SLB,2023,0.467,OSHA ITA Form 300A summary data,https://www.osha.gov/sites/default/files/ITA_300A_Summary_Data_2023_through_12-31-2024.zip,2026-09-12,"6 recordable cases (0 days-away, 4 restricted) / 2567070 hours at 3 establishments, 1099 avg employees; matched by ein 1, sec name 2, ex-21 subsidiary 0; sites listed in social/raw/osha_establishments.csv"
SNA,2022,2.12,OSHA ITA Form 300A summary data,https://www.osha.gov/sites/default/files/ITA-data-cy2022.zip,2026-09-12,"60 recordable cases (18 days-away, 22 restricted) / 5660280 hours at 12 establishments, 2617 avg employees; matched by ein 0, sec name 10, ex-21 subsidiary 2; sites listed in social/raw/osha_establishments.csv"
SNA,2023,2.593,OSHA ITA Form 300A summary data,https://www.osha.gov/sites/default/files/ITA_300A_Summary_Data_2023_through_12-31-2024.zip,2026-09-12,"63 recordable cases (22 days-away, 19 restricted) / 4858847 hours at 12 establishments, 2284 avg employees; matched by ein 0, sec name 10, ex-21 subsidiary 2; sites listed in social/raw/osha_establishments.csv"
SNA,2024,2.133,OSHA ITA Form 300A summary data,https://www.osha.gov/sites/default/files/ITA_300A_Summary_Data_2024_through_12-31-2025.zip,2026-09-12,"50 recordable cases (16 days-away, 15 restricted) / 4687728 hours at 13 establishments, 2372 avg employees; matched by ein 1, sec name 10, ex-21 subsidiary 2; sites listed in social/raw/osha_establishments.csv"
SO,2022,2.485,OSHA ITA Form 300A summary data,https://www.osha.gov/sites/default/files/ITA-data-cy2022.zip,2026-09-12,"400 recordable cases (129 days-away, 125 restricted) / 32194119 hours at 207 establishments, 16055 avg employees; matched by ein 0, sec name 23, ex-21 subsidiary 184; sites listed in social/raw/osha_establishments.csv"
SO,2023,2.671,OSHA ITA Form 300A summary data,https://www.osha.gov/sites/default/files/ITA_300A_Summary_Data_2023_through_12-31-2024.zip,2026-09-12,"524 recordable cases (168 days-away, 175 restricted) / 39243100 hours at 239 establishments, 19607 avg employees; matched by ein 0, sec name 21, ex-21 subsidiary 218; sites listed in social/raw/osha_establishments.csv"
SO,2024,2.846,OSHA ITA Form 300A summary data,https://www.osha.gov/sites/default/files/ITA_300A_Summary_Data_2024_through_12-31-2025.zip,2026-09-12,"462 recordable cases (166 days-away, 137 restricted) / 32467064 hours at 198 establishments, 16359 avg employees; matched by ein 0, sec name 28, ex-21 subsidiary 170; sites listed in social/raw/osha_establishments.csv"
SRE,2022,0.0,OSHA ITA Form 300A summary data,https://www.osha.gov/sites/default/files/ITA-data-cy2022.zip,2026-09-12,"0 recordable cases (0 days-away, 0 restricted) / 9149111 hours at 102 establishments, 5089 avg employees; matched by ein 101, sec name 1, ex-21 subsidiary 0; sites listed in social/raw/osha_establishments.csv"
SRE,2023,0.101,OSHA ITA Form 300A summary data,https://www.osha.gov/sites/default/files/ITA_300A_Summary_Data_2023_through_12-31-2024.zip,2026-09-12,"2 recordable cases (0 days-away, 0 restricted) / 3941768 hours at 96 establishments, 2215 avg employees; matched by ein 95, sec name 1, ex-21 subsidiary 0; sites listed in social/raw/osha_establishments.csv"
SRE,2024,2.204,OSHA ITA Form 300A summary data,https://www.osha.gov/sites/default/files/ITA_300A_Summary_Data_2024_through_12-31-2025.zip,2026-09-12,"195 recordable cases (56 days-away, 93 restricted) / 17696166 hours at 139 establishments, 9995 avg employees; matched by ein 15, sec name 0, ex-21 subsidiary 124; sites listed in social/raw/osha_establishments.csv"
STE,2022,1.183,OSHA ITA Form 300A summary data,https://www.osha.gov/sites/default/files/ITA-data-cy2022.zip,2026-09-12,"68 recordable cases (11 days-away, 18 restricted) / 11497659 hours at 28 establishments, 5706 avg employees; matched by ein 0, sec name 18, ex-21 subsidiary 10; sites listed in social/raw/osha_establishments.csv"
STE,2023,1.628,OSHA ITA Form 300A summary data,https://www.osha.gov/sites/default/files/ITA_300A_Summary_Data_2023_through_12-31-2024.zip,2026-09-12,"79 recordable cases (24 days-away, 19 restricted) / 9706790 hours at 28 establishments, 4607 avg employees; matched by ein 0, sec name 21, ex-21 subsidiary 7; sites listed in social/raw/osha_establishments.csv"
STE,2024,1.374,OSHA ITA Form 300A summary data,https://www.osha.gov/sites/default/files/ITA_300A_Summary_Data_2024_through_12-31-2025.zip,2026-09-12,"86 recordable cases (22 days-away, 24 restricted) / 12522024 hours at 32 establishments, 5891 avg employees; matched by ein 0, sec name 25, ex-21 subsidiary 7; sites listed in social/raw/osha_establishments.csv"
STLD,2022,1.762,OSHA ITA Form 300A summary data,https://www.osha.gov/sites/default/files/ITA-data-cy2022.zip,2026-09-12,"161 recordable cases (24 days-away, 63 restricted) / 18277368 hours at 48 establishments, 8716 avg employees; matched by ein 0, sec name 13, ex-21 subsidiary 35; sites listed in social/raw/osha_establishments.csv"
STLD,2023,1.678,OSHA ITA Form 300A summary data,https://www.osha.gov/sites/default/files/ITA_300A_Summary_Data_2023_through_12-31-2024.zip,2026-09-12,"153 recordable cases (34 days-away, 37 restricted) / 18239990 hours at 47 establishments, 8606 avg employees; matched by ein 0, sec name 12, ex-21 subsidiary 35; sites listed in social/raw/osha_establishments.csv"
STLD,2024,1.595,OSHA ITA Form 300A summary data,https://www.osha.gov/sites/default/files/ITA_300A_Summary_Data_2024_through_12-31-2025.zip,2026-09-12,"165 recordable cases (26 days-away, 46 restricted) / 20695108 hours at 53 establishments, 9757 avg employees; matched by ein 0, sec name 14, ex-21 subsidiary 39; sites listed in social/raw/osha_establishments.csv"
STX,2022,0.55,OSHA ITA Form 300A summary data,https://www.osha.gov/sites/default/files/ITA-data-cy2022.zip,2026-09-12,"26 recordable cases (16 days-away, 4 restricted) / 9463143 hours at 6 establishments, 4509 avg employees; matched by ein 0, sec name 6, ex-21 subsidiary 0; sites listed in social/raw/osha_establishments.csv"
STX,2023,0.705,OSHA ITA Form 300A summary data,https://www.osha.gov/sites/default/files/ITA_300A_Summary_Data_2023_through_12-31-2024.zip,2026-09-12,"27 recordable cases (13 days-away, 5 restricted) / 7663501 hours at 6 establishments, 3739 avg employees; matched by ein 0, sec name 6, ex-21 subsidiary 0; sites listed in social/raw/osha_establishments.csv"
STX,2024,0.514,OSHA ITA Form 300A summary data,https://www.osha.gov/sites/default/files/ITA_300A_Summary_Data_2024_through_12-31-2025.zip,2026-09-12,"17 recordable cases (4 days-away, 7 restricted) / 6619777 hours at 6 establishments, 3347 avg employees; matched by ein 0, sec name 6, ex-21 subsidiary 0; sites listed in social/raw/osha_establishments.csv"
STZ,2022,2.683,OSHA ITA Form 300A summary data,https://www.osha.gov/sites/default/files/ITA-data-cy2022.zip,2026-09-12,"33 recordable cases (4 days-away, 26 restricted) / 2459604 hours at 14 establishments, 1571 avg employees; matched by ein 0, sec name 0, ex-21 subsidiary 14; sites listed in social/raw/osha_establishments.csv"
STZ,2023,1.772,OSHA ITA Form 300A summary data,https://www.osha.gov/sites/default/files/ITA_300A_Summary_Data_2023_through_12-31-2024.zip,2026-09-12,"24 recordable cases (4 days-away, 12 restricted) / 2708608 hours at 15 establishments, 1528 avg employees; matched by ein 0, sec name 0, ex-21 subsidiary 15; sites listed in social/raw/osha_establishments.csv"
STZ,2024,1.691,OSHA ITA Form 300A summary data,https://www.osha.gov/sites/default/files/ITA_300A_Summary_Data_2024_through_12-31-2025.zip,2026-09-12,"23 recordable cases (4 days-away, 12 restricted) / 2720515 hours at 16 establishments, 1540 avg employees; matched by ein 0, sec name 0, ex-21 subsidiary 16; sites listed in social/raw/osha_establishments.csv"
SW,2022,1.646,OSHA ITA Form 300A summary data,https://www.osha.gov/sites/default/files/ITA-data-cy2022.zip,2026-09-12,"651 recordable cases (175 days-away, 267 restricted) / 79109182 hours at 251 establishments, 38308 avg employees; matched by ein 0, sec name 0, ex-21 subsidiary 251; sites listed in social/raw/osha_establishments.csv"
SW,2023,1.648,OSHA ITA Form 300A summary data,https://www.osha.gov/sites/default/files/ITA_300A_Summary_Data_2023_through_12-31-2024.zip,2026-09-12,"567 recordable cases (168 days-away, 227 restricted) / 68800554 hours at 227 establishments, 34191 avg employees; matched by ein 0, sec name 0, ex-21 subsidiary 227; sites listed in social/raw/osha_establishments.csv"
SW,2024,1.459,OSHA ITA Form 300A summary data,https://www.osha.gov/sites/default/files/ITA_300A_Summary_Data_2024_through_12-31-2025.zip,2026-09-12,"520 recordable cases (143 days-away, 201 restricted) / 71302360 hours at 218 establishments, 33557 avg employees; matched by ein 0, sec name 1, ex-21 subsidiary 217; sites listed in social/raw/osha_establishments.csv"
SWK,2022,2.598,OSHA ITA Form 300A summary data,https://www.osha.gov/sites/default/files/ITA-data-cy2022.zip,2026-09-12,"247 recordable cases (63 days-away, 99 restricted) / 19013394 hours at 33 establishments, 9283 avg employees; matched by ein 5, sec name 20, ex-21 subsidiary 8; sites listed in social/raw/osha_establishments.csv"
SWK,2023,1.869,OSHA ITA Form 300A summary data,https://www.osha.gov/sites/default/files/ITA_300A_Summary_Data_2023_through_12-31-2024.zip,2026-09-12,"160 recordable cases (42 days-away, 73 restricted) / 17123867 hours at 30 establishments, 8350 avg employees; matched by ein 3, sec name 20, ex-21 subsidiary 7; sites listed in social/raw/osha_establishments.csv"
SWK,2024,1.129,OSHA ITA Form 300A summary data,https://www.osha.gov/sites/default/files/ITA_300A_Summary_Data_2024_through_12-31-2025.zip,2026-09-12,"93 recordable cases (32 days-away, 30 restricted) / 16479904 hours at 26 establishments, 8283 avg employees; matched by ein 3, sec name 16, ex-21 subsidiary 7; sites listed in social/raw/osha_establishments.csv"
SWKS,2022,0.99,OSHA ITA Form 300A summary data,https://www.osha.gov/sites/default/files/ITA-data-cy2022.zip,2026-09-12,"26 recordable cases (9 days-away, 12 restricted) / 5255103 hours at 11 establishments, 2834 avg employees; matched by ein 9, sec name 1, ex-21 subsidiary 1; sites listed in social/raw/osha_establishments.csv"
SWKS,2023,0.477,OSHA ITA Form 300A summary data,https://www.osha.gov/sites/default/files/ITA_300A_Summary_Data_2023_through_12-31-2024.zip,2026-09-12,"10 recordable cases (5 days-away, 4 restricted) / 4194792 hours at 11 establishments, 2200 avg employees; matched by ein 8, sec name 1, ex-21 subsidiary 2; sites listed in social/raw/osha_establishments.csv"
SWKS,2024,0.593,OSHA ITA Form 300A summary data,https://www.osha.gov/sites/default/files/ITA_300A_Summary_Data_2024_through_12-31-2025.zip,2026-09-12,"15 recordable cases (2 days-away, 10 restricted) / 5055564 hours at 12 establishments, 2471 avg employees; matched by ein 9, sec name 2, ex-21 subsidiary 1; sites listed in social/raw/osha_establishments.csv"
SYK,2022,0.816,OSHA ITA Form 300A summary data,https://www.osha.gov/sites/default/files/ITA-data-cy2022.zip,2026-09-12,"114 recordable cases (26 days-away, 27 restricted) / 27928976 hours at 66 establishments, 14098 avg employees; matched by ein 0, sec name 43, ex-21 subsidiary 23; sites listed in social/raw/osha_establishments.csv"
SYK,2023,0.848,OSHA ITA Form 300A summary data,https://www.osha.gov/sites/default/files/ITA_300A_Summary_Data_2023_through_12-31-2024.zip,2026-09-12,"138 recordable cases (36 days-away, 22 restricted) / 32555374 hours at 70 establishments, 16720 avg employees; matched by ein 0, sec name 47, ex-21 subsidiary 23; sites listed in social/raw/osha_establishments.csv"
SYK,2024,1.052,OSHA ITA Form 300A summary data,https://www.osha.gov/sites/default/files/ITA_300A_Summary_Data_2024_through_12-31-2025.zip,2026-09-12,"113 recordable cases (40 days-away, 11 restricted) / 21481752 hours at 63 establishments, 10719 avg employees; matched by ein 0, sec name 46, ex-21 subsidiary 17; sites listed in social/raw/osha_establishments.csv"
SYY,2022,8.689,OSHA ITA Form 300A summary data,https://www.osha.gov/sites/default/files/ITA-data-cy2022.zip,2026-09-12,"2938 recordable cases (1495 days-away, 1015 restricted) / 67624821 hours at 102 establishments, 32836 avg employees; matched by ein 1, sec name 29, ex-21 subsidiary 72; sites listed in social/raw/osha_establishments.csv"
SYY,2023,9.609,OSHA ITA Form 300A summary data,https://www.osha.gov/sites/default/files/ITA_300A_Summary_Data_2023_through_12-31-2024.zip,2026-09-12,"2701 recordable cases (1488 days-away, 882 restricted) / 56218298 hours at 92 establishments, 27796 avg employees; matched by ein 2, sec name 30, ex-21 subsidiary 60; sites listed in social/raw/osha_establishments.csv"
SYY,2024,7.039,OSHA ITA Form 300A summary data,https://www.osha.gov/sites/default/files/ITA_300A_Summary_Data_2024_through_12-31-2025.zip,2026-09-12,"2029 recordable cases (1171 days-away, 570 restricted) / 57646768 hours at 88 establishments, 27260 avg employees; matched by ein 7, sec name 27, ex-21 subsidiary 54; sites listed in social/raw/osha_establishments.csv"
T,2022,0.198,OSHA ITA Form 300A summary data,https://www.osha.gov/sites/default/files/ITA-data-cy2022.zip,2026-09-12,"57 recordable cases (34 days-away, 9 restricted) / 57543605 hours at 50 establishments, 36310 avg employees; matched by ein 0, sec name 1, ex-21 subsidiary 49; sites listed in social/raw/osha_establishments.csv"
TAP,2022,1.262,OSHA ITA Form 300A summary data,https://www.osha.gov/sites/default/files/ITA-data-cy2022.zip,2026-09-12,"54 recordable cases (20 days-away, 22 restricted) / 8559377 hours at 10 establishments, 4084 avg employees; matched by ein 0, sec name 4, ex-21 subsidiary 6; sites listed in social/raw/osha_establishments.csv"
TAP,2023,1.119,OSHA ITA Form 300A summary data,https://www.osha.gov/sites/default/files/ITA_300A_Summary_Data_2023_through_12-31-2024.zip,2026-09-12,"47 recordable cases (10 days-away, 22 restricted) / 8396765 hours at 9 establishments, 4057 avg employees; matched by ein 0, sec name 4, ex-21 subsidiary 5; sites listed in social/raw/osha_establishments.csv"
TAP,2024,1.536,OSHA ITA Form 300A summary data,https://www.osha.gov/sites/default/files/ITA_300A_Summary_Data_2024_through_12-31-2025.zip,2026-09-12,"74 recordable cases (21 days-away, 27 restricted) / 9633114 hours at 8 establishments, 4565 avg employees; matched by ein 0, sec name 5, ex-21 subsidiary 3; sites listed in social/raw/osha_establishments.csv"
TDG,2022,5.079,OSHA ITA Form 300A summary data,https://www.osha.gov/sites/default/files/ITA-data-cy2022.zip,2026-09-12,"156 recordable cases (30 days-away, 38 restricted) / 6143206 hours at 19 establishments, 3121 avg employees; matched by ein 0, sec name 3, ex-21 subsidiary 16; sites listed in social/raw/osha_establishments.csv"
TDG,2023,3.598,OSHA ITA Form 300A summary data,https://www.osha.gov/sites/default/files/ITA_300A_Summary_Data_2023_through_12-31-2024.zip,2026-09-12,"150 recordable cases (16 days-away, 32 restricted) / 8338266 hours at 25 establishments, 3850 avg employees; matched by ein 0, sec name 5, ex-21 subsidiary 20; sites listed in social/raw/osha_establishments.csv"
TDG,2024,1.973,OSHA ITA Form 300A summary data,https://www.osha.gov/sites/default/files/ITA_300A_Summary_Data_2024_through_12-31-2025.zip,2026-09-12,"71 recordable cases (16 days-away, 30 restricted) / 7197961 hours at 21 establishments, 3592 avg employees; matched by ein 0, sec name 4, ex-21 subsidiary 17; sites listed in social/raw/osha_establishments.csv"
TDY,2022,1.592,OSHA ITA Form 300A summary data,https://www.osha.gov/sites/default/files/ITA-data-cy2022.zip,2026-09-12,"57 recordable cases (21 days-away, 9 restricted) / 7159367 hours at 32 establishments, 3631 avg employees; matched by ein 2, sec name 7, ex-21 subsidiary 23; sites listed in social/raw/osha_establishments.csv"
TDY,2023,1.061,OSHA ITA Form 300A summary data,https://www.osha.gov/sites/default/files/ITA_300A_Summary_Data_2023_through_12-31-2024.zip,2026-09-12,"48 recordable cases (19 days-away, 16 restricted) / 9046245 hours at 39 establishments, 4628 avg employees; matched by ein 2, sec name 8, ex-21 subsidiary 29; sites listed in social/raw/osha_establishments.csv"
TDY,2024,1.168,OSHA ITA Form 300A summary data,https://www.osha.gov/sites/default/files/ITA_300A_Summary_Data_2024_through_12-31-2025.zip,2026-09-12,"49 recordable cases (20 days-away, 15 restricted) / 8389235 hours at 33 establishments, 4220 avg employees; matched by ein 2, sec name 7, ex-21 subsidiary 24; sites listed in social/raw/osha_establishments.csv"
TECH,2023,0.336,OSHA ITA Form 300A summary data,https://www.osha.gov/sites/default/files/ITA_300A_Summary_Data_2023_through_12-31-2024.zip,2026-09-12,"5 recordable cases (3 days-away, 0 restricted) / 2973315 hours at 4 establishments, 1611 avg employees; matched by ein 0, sec name 1, ex-21 subsidiary 3; sites listed in social/raw/osha_establishments.csv"
TECH,2024,0.836,OSHA ITA Form 300A summary data,https://www.osha.gov/sites/default/files/ITA_300A_Summary_Data_2024_through_12-31-2025.zip,2026-09-12,"4 recordable cases (0 days-away, 4 restricted) / 956407 hours at 3 establishments, 641 avg employees; matched by ein 0, sec name 0, ex-21 subsidiary 3; sites listed in social/raw/osha_establishments.csv"
TEL,2022,0.491,OSHA ITA Form 300A summary data,https://www.osha.gov/sites/default/files/ITA-data-cy2022.zip,2026-09-12,"40 recordable cases (12 days-away, 13 restricted) / 16301578 hours at 40 establishments, 8643 avg employees; matched by ein 0, sec name 40, ex-21 subsidiary 0; sites listed in social/raw/osha_establishments.csv"
TEL,2023,0.533,OSHA ITA Form 300A summary data,https://www.osha.gov/sites/default/files/ITA_300A_Summary_Data_2023_through_12-31-2024.zip,2026-09-12,"39 recordable cases (14 days-away, 5 restricted) / 14645519 hours at 39 establishments, 7755 avg employees; matched by ein 0, sec name 38, ex-21 subsidiary 1; sites listed in social/raw/osha_establishments.csv"
TEL,2024,0.354,OSHA ITA Form 300A summary data,https://www.osha.gov/sites/default/files/ITA_300A_Summary_Data_2024_through_12-31-2025.zip,2026-09-12,"25 recordable cases (11 days-away, 4 restricted) / 14133591 hours at 38 establishments, 7453 avg employees; matched by ein 0, sec name 37, ex-21 subsidiary 1; sites listed in social/raw/osha_establishments.csv"
TER,2022,0.0,OSHA ITA Form 300A summary data,https://www.osha.gov/sites/default/files/ITA-data-cy2022.zip,2026-09-12,"0 recordable cases (0 days-away, 0 restricted) / 1855152 hours at 1 establishments, 901 avg employees; matched by ein 1, sec name 0, ex-21 subsidiary 0; sites listed in social/raw/osha_establishments.csv"
TER,2023,0.0,OSHA ITA Form 300A summary data,https://www.osha.gov/sites/default/files/ITA_300A_Summary_Data_2023_through_12-31-2024.zip,2026-09-12,"0 recordable cases (0 days-away, 0 restricted) / 2530840 hours at 2 establishments, 1234 avg employees; matched by ein 1, sec name 1, ex-21 subsidiary 0; sites listed in social/raw/osha_establishments.csv"
TGT,2022,14.083,OSHA ITA Form 300A summary data,https://www.osha.gov/sites/default/files/ITA-data-cy2022.zip,2026-09-12,"40899 recordable cases (33993 days-away, 5091 restricted) / 580842318 hours at 2251 establishments, 484410 avg employees; matched by ein 2251, sec name 0, ex-21 subsidiary 0; sites listed in social/raw/osha_establishments.csv"
TGT,2023,3.758,OSHA ITA Form 300A summary data,https://www.osha.gov/sites/default/files/ITA_300A_Summary_Data_2023_through_12-31-2024.zip,2026-09-12,"10105 recordable cases (4156 days-away, 4021 restricted) / 537771144 hours at 2278 establishments, 456710 avg employees; matched by ein 2278, sec name 0, ex-21 subsidiary 0; sites listed in social/raw/osha_establishments.csv"
TGT,2024,3.925,OSHA ITA Form 300A summary data,https://www.osha.gov/sites/default/files/ITA_300A_Summary_Data_2024_through_12-31-2025.zip,2026-09-12,"10621 recordable cases (4045 days-away, 4909 restricted) / 541166640 hours at 2294 establishments, 459745 avg employees; matched by ein 2294, sec name 0, ex-21 subsidiary 0; sites listed in social/raw/osha_establishments.csv"
TJX,2022,6.113,OSHA ITA Form 300A summary data,https://www.osha.gov/sites/default/files/ITA-data-cy2022.zip,2026-09-12,"1257 recordable cases (404 days-away, 110 restricted) / 41128773 hours at 758 establishments, 39479 avg employees; matched by ein 21, sec name 0, ex-21 subsidiary 737; sites listed in social/raw/osha_establishments.csv"
TJX,2023,3.339,OSHA ITA Form 300A summary data,https://www.osha.gov/sites/default/files/ITA_300A_Summary_Data_2023_through_12-31-2024.zip,2026-09-12,"737 recordable cases (262 days-away, 401 restricted) / 44145062 hours at 35 establishments, 25712 avg employees; matched by ein 15, sec name 0, ex-21 subsidiary 20; sites listed in social/raw/osha_establishments.csv"
TJX,2024,3.016,OSHA ITA Form 300A summary data,https://www.osha.gov/sites/default/files/ITA_300A_Summary_Data_2024_through_12-31-2025.zip,2026-09-12,"708 recordable cases (270 days-away, 361 restricted) / 46955948 hours at 42 establishments, 26227 avg employees; matched by ein 24, sec name 0, ex-21 subsidiary 18; sites listed in social/raw/osha_establishments.csv"
TMO,2022,1.059,OSHA ITA Form 300A summary data,https://www.osha.gov/sites/default/files/ITA-data-cy2022.zip,2026-09-12,"238 recordable cases (89 days-away, 107 restricted) / 44953658 hours at 64 establishments, 21796 avg employees; matched by ein 1, sec name 55, ex-21 subsidiary 8; sites listed in social/raw/osha_establishments.csv"
TMO,2023,0.741,OSHA ITA Form 300A summary data,https://www.osha.gov/sites/default/files/ITA_300A_Summary_Data_2023_through_12-31-2024.zip,2026-09-12,"150 recordable cases (55 days-away, 59 restricted) / 40508985 hours at 62 establishments, 19933 avg employees; matched by ein 1, sec name 52, ex-21 subsidiary 9; sites listed in social/raw/osha_establishments.csv"
TMO,2024,0.784,OSHA ITA Form 300A summary data,https://www.osha.gov/sites/default/files/ITA_300A_Summary_Data_2024_through_12-31-2025.zip,2026-09-12,"126 recordable cases (44 days-away, 49 restricted) / 32150613 hours at 52 establishments, 15677 avg employees; matched by ein 0, sec name 42, ex-21 subsidiary 10; sites listed in social/raw/osha_establishments.csv"
TPR,2022,1.688,OSHA ITA Form 300A summary data,https://www.osha.gov/sites/default/files/ITA-data-cy2022.zip,2026-09-12,"42 recordable cases (2 days-away, 10 restricted) / 4976864 hours at 2 establishments, 2400 avg employees; matched by ein 0, sec name 0, ex-21 subsidiary 2; sites listed in social/raw/osha_establishments.csv"
TPR,2023,1.48,OSHA ITA Form 300A summary data,https://www.osha.gov/sites/default/files/ITA_300A_Summary_Data_2023_through_12-31-2024.zip,2026-09-12,"17 recordable cases (5 days-away, 2 restricted) / 2297449 hours at 4 establishments, 1156 avg employees; matched by ein 1, sec name 1, ex-21 subsidiary 2; sites listed in social/raw/osha_establishments.csv"
TPR,2024,2.134,OSHA ITA Form 300A summary data,https://www.osha.gov/sites/default/files/ITA_300A_Summary_Data_2024_through_12-31-2025.zip,2026-09-12,"39 recordable cases (2 days-away, 2 restricted) / 3655085 hours at 3 establishments, 1803 avg employees; matched by ein 1, sec name 0, ex-21 subsidiary 2; sites listed in social/raw/osha_establishments.csv"
TRGP,2022,0.169,OSHA ITA Form 300A summary data,https://www.osha.gov/sites/default/files/ITA-data-cy2022.zip,2026-09-12,"1 recordable cases (0 days-away, 0 restricted) / 1181516 hours at 4 establishments, 470 avg employees; matched by ein 0, sec name 0, ex-21 subsidiary 4; sites listed in social/raw/osha_establishments.csv"
TRGP,2023,0.48,OSHA ITA Form 300A summary data,https://www.osha.gov/sites/default/files/ITA_300A_Summary_Data_2023_through_12-31-2024.zip,2026-09-12,"3 recordable cases (3 days-away, 0 restricted) / 1249099 hours at 3 establishments, 490 avg employees; matched by ein 0, sec name 0, ex-21 subsidiary 3; sites listed in social/raw/osha_establishments.csv"
TRGP,2024,0.592,OSHA ITA Form 300A summary data,https://www.osha.gov/sites/default/files/ITA_300A_Summary_Data_2024_through_12-31-2025.zip,2026-09-12,"4 recordable cases (3 days-away, 0 restricted) / 1352454 hours at 2 establishments, 524 avg employees; matched by ein 0, sec name 0, ex-21 subsidiary 2; sites listed in social/raw/osha_establishments.csv"
TRMB,2022,0.107,OSHA ITA Form 300A summary data,https://www.osha.gov/sites/default/files/ITA-data-cy2022.zip,2026-09-12,"1 recordable cases (1 days-away, 0 restricted) / 1872500 hours at 1 establishments, 1605 avg employees; matched by ein 0, sec name 1, ex-21 subsidiary 0; sites listed in social/raw/osha_establishments.csv"
TRMB,2023,0.277,OSHA ITA Form 300A summary data,https://www.osha.gov/sites/default/files/ITA_300A_Summary_Data_2023_through_12-31-2024.zip,2026-09-12,"5 recordable cases (4 days-away, 0 restricted) / 3612000 hours at 1 establishments, 1806 avg employees; matched by ein 0, sec name 1, ex-21 subsidiary 0; sites listed in social/raw/osha_establishments.csv"
TRMB,2024,0.492,OSHA ITA Form 300A summary data,https://www.osha.gov/sites/default/files/ITA_300A_Summary_Data_2024_through_12-31-2025.zip,2026-09-12,"5 recordable cases (3 days-away, 2 restricted) / 2032000 hours at 2 establishments, 1016 avg employees; matched by ein 0, sec name 2, ex-21 subsidiary 0; sites listed in social/raw/osha_establishments.csv"
TRV,2023,0.237,OSHA ITA Form 300A summary data,https://www.osha.gov/sites/default/files/ITA_300A_Summary_Data_2023_through_12-31-2024.zip,2026-09-12,"5 recordable cases (0 days-away, 0 restricted) / 4227291 hours at 1 establishments, 2228 avg employees; matched by ein 1, sec name 0, ex-21 subsidiary 0; sites listed in social/raw/osha_establishments.csv"
TRV,2024,0.523,OSHA ITA Form 300A summary data,https://www.osha.gov/sites/default/files/ITA_300A_Summary_Data_2024_through_12-31-2025.zip,2026-09-12,"12 recordable cases (4 days-away, 5 restricted) / 4588899 hours at 2 establishments, 2445 avg employees; matched by ein 1, sec name 0, ex-21 subsidiary 1; sites listed in social/raw/osha_establishments.csv"
TSCO,2022,9.614,OSHA ITA Form 300A summary data,https://www.osha.gov/sites/default/files/ITA-data-cy2022.zip,2026-09-12,"1893 recordable cases (1072 days-away, 178 restricted) / 39382028 hours at 1219 establishments, 28271 avg employees; matched by ein 1023, sec name 194, ex-21 subsidiary 2; sites listed in social/raw/osha_establishments.csv"
TSCO,2023,8.409,OSHA ITA Form 300A summary data,https://www.osha.gov/sites/default/files/ITA_300A_Summary_Data_2023_through_12-31-2024.zip,2026-09-12,"1973 recordable cases (1084 days-away, 209 restricted) / 46927170 hours at 1265 establishments, 34629 avg employees; matched by ein 822, sec name 443, ex-21 subsidiary 0; sites listed in social/raw/osha_establishments.csv"
TSCO,2024,9.509,OSHA ITA Form 300A summary data,https://www.osha.gov/sites/default/files/ITA_300A_Summary_Data_2024_through_12-31-2025.zip,2026-09-12,"1545 recordable cases (607 days-away, 244 restricted) / 32496599 hours at 967 establishments, 24340 avg employees; matched by ein 619, sec name 348, ex-21 subsidiary 0; sites listed in social/raw/osha_establishments.csv"
TSLA,2022,5.282,OSHA ITA Form 300A summary data,https://www.osha.gov/sites/default/files/ITA-data-cy2022.zip,2026-09-12,"3861 recordable cases (1687 days-away, 917 restricted) / 146182889 hours at 127 establishments, 52114 avg employees; matched by ein 127, sec name 0, ex-21 subsidiary 0; sites listed in social/raw/osha_establishments.csv"
TSLA,2023,5.487,OSHA ITA Form 300A summary data,https://www.osha.gov/sites/default/files/ITA_300A_Summary_Data_2023_through_12-31-2024.zip,2026-09-12,"4673 recordable cases (2235 days-away, 1156 restricted) / 170329672 hours at 154 establishments, 60881 avg employees; matched by ein 154, sec name 0, ex-21 subsidiary 0; sites listed in social/raw/osha_establishments.csv"
TSLA,2024,4.617,OSHA ITA Form 300A summary data,https://www.osha.gov/sites/default/files/ITA_300A_Summary_Data_2024_through_12-31-2025.zip,2026-09-12,"4806 recordable cases (2391 days-away, 1071 restricted) / 208206420 hours at 413 establishments, 75435 avg employees; matched by ein 413, sec name 0, ex-21 subsidiary 0; sites listed in social/raw/osha_establishments.csv"
TSN,2022,15.949,OSHA ITA Form 300A summary data,https://www.osha.gov/sites/default/files/ITA-data-cy2022.zip,2026-09-12,"17320 recordable cases (14738 days-away, 1558 restricted) / 217191054 hours at 280 establishments, 113373 avg employees; matched by ein 0, sec name 1, ex-21 subsidiary 279; sites listed in social/raw/osha_establishments.csv"
TSN,2023,3.557,OSHA ITA Form 300A summary data,https://www.osha.gov/sites/default/files/ITA_300A_Summary_Data_2023_through_12-31-2024.zip,2026-09-12,"3772 recordable cases (1067 days-away, 1542 restricted) / 212084170 hours at 284 establishments, 112660 avg employees; matched by ein 0, sec name 1, ex-21 subsidiary 283; sites listed in social/raw/osha_establishments.csv"
TSN,2024,3.014,OSHA ITA Form 300A summary data,https://www.osha.gov/sites/default/files/ITA_300A_Summary_Data_2024_through_12-31-2025.zip,2026-09-12,"3244 recordable cases (817 days-away, 1311 restricted) / 215266445 hours at 285 establishments, 111557 avg employees; matched by ein 0, sec name 5, ex-21 subsidiary 280; sites listed in social/raw/osha_establishments.csv"
TT,2022,1.125,OSHA ITA Form 300A summary data,https://www.osha.gov/sites/default/files/ITA-data-cy2022.zip,2026-09-12,"275 recordable cases (52 days-away, 104 restricted) / 48905440 hours at 132 establishments, 23683 avg employees; matched by ein 0, sec name 131, ex-21 subsidiary 1; sites listed in social/raw/osha_establishments.csv"
TT,2023,1.194,OSHA ITA Form 300A summary data,https://www.osha.gov/sites/default/files/ITA_300A_Summary_Data_2023_through_12-31-2024.zip,2026-09-12,"291 recordable cases (37 days-away, 128 restricted) / 48738406 hours at 130 establishments, 23843 avg employees; matched by ein 0, sec name 129, ex-21 subsidiary 1; sites listed in social/raw/osha_establishments.csv"
TT,2024,1.119,OSHA ITA Form 300A summary data,https://www.osha.gov/sites/default/files/ITA_300A_Summary_Data_2024_through_12-31-2025.zip,2026-09-12,"262 recordable cases (34 days-away, 102 restricted) / 46845195 hours at 136 establishments, 22680 avg employees; matched by ein 0, sec name 136, ex-21 subsidiary 0; sites listed in social/raw/osha_establishments.csv"
TXN,2022,0.519,OSHA ITA Form 300A summary data,https://www.osha.gov/sites/default/files/ITA-data-cy2022.zip,2026-09-12,"66 recordable cases (46 days-away, 4 restricted) / 25415411 hours at 8 establishments, 12942 avg employees; matched by ein 8, sec name 0, ex-21 subsidiary 0; sites listed in social/raw/osha_establishments.csv"
TXN,2023,0.535,OSHA ITA Form 300A summary data,https://www.osha.gov/sites/default/files/ITA_300A_Summary_Data_2023_through_12-31-2024.zip,2026-09-12,"69 recordable cases (40 days-away, 9 restricted) / 25782228 hours at 8 establishments, 13264 avg employees; matched by ein 8, sec name 0, ex-21 subsidiary 0; sites listed in social/raw/osha_establishments.csv"
TXN,2024,0.277,OSHA ITA Form 300A summary data,https://www.osha.gov/sites/default/files/ITA_300A_Summary_Data_2024_through_12-31-2025.zip,2026-09-12,"38 recordable cases (23 days-away, 6 restricted) / 27426644 hours at 10 establishments, 13375 avg employees; matched by ein 10, sec name 0, ex-21 subsidiary 0; sites listed in social/raw/osha_establishments.csv"
TXT,2022,1.733,OSHA ITA Form 300A summary data,https://www.osha.gov/sites/default/files/ITA-data-cy2022.zip,2026-09-12,"257 recordable cases (52 days-away, 46 restricted) / 29665915 hours at 26 establishments, 14333 avg employees; matched by ein 3, sec name 3, ex-21 subsidiary 20; sites listed in social/raw/osha_establishments.csv"
TXT,2023,1.158,OSHA ITA Form 300A summary data,https://www.osha.gov/sites/default/files/ITA_300A_Summary_Data_2023_through_12-31-2024.zip,2026-09-12,"285 recordable cases (93 days-away, 45 restricted) / 49240788 hours at 53 establishments, 23777 avg employees; matched by ein 6, sec name 3, ex-21 subsidiary 44; sites listed in social/raw/osha_establishments.csv"
TXT,2024,1.159,OSHA ITA Form 300A summary data,https://www.osha.gov/sites/default/files/ITA_300A_Summary_Data_2024_through_12-31-2025.zip,2026-09-12,"280 recordable cases (77 days-away, 55 restricted) / 48306336 hours at 53 establishments, 23340 avg employees; matched by ein 5, sec name 3, ex-21 subsidiary 45; sites listed in social/raw/osha_establishments.csv"
UAL,2022,5.101,OSHA ITA Form 300A summary data,https://www.osha.gov/sites/default/files/ITA-data-cy2022.zip,2026-09-12,"3808 recordable cases (1756 days-away, 1495 restricted) / 149317615 hours at 101 establishments, 82899 avg employees; matched by ein 0, sec name 50, ex-21 subsidiary 51; sites listed in social/raw/osha_establishments.csv"
UBER,2022,0.017,OSHA ITA Form 300A summary data,https://www.osha.gov/sites/default/files/ITA-data-cy2022.zip,2026-09-12,"2 recordable cases (0 days-away, 0 restricted) / 23739450 hours at 15 establishments, 11306 avg employees; matched by ein 15, sec name 0, ex-21 subsidiary 0; sites listed in social/raw/osha_establishments.csv"
UBER,2023,0.036,OSHA ITA Form 300A summary data,https://www.osha.gov/sites/default/files/ITA_300A_Summary_Data_2023_through_12-31-2024.zip,2026-09-12,"4 recordable cases (0 days-away, 1 restricted) / 22502649 hours at 11 establishments, 10698 avg employees; matched by ein 11, sec name 0, ex-21 subsidiary 0; sites listed in social/raw/osha_establishments.csv"
UHS,2022,6.738,OSHA ITA Form 300A summary data,https://www.osha.gov/sites/default/files/ITA-data-cy2022.zip,2026-09-12,"3988 recordable cases (1523 days-away, 1014 restricted) / 118380370 hours at 225 establishments, 57070 avg employees; matched by ein 42, sec name 180, ex-21 subsidiary 3; sites listed in social/raw/osha_establishments.csv"
UHS,2023,14.306,OSHA ITA Form 300A summary data,https://www.osha.gov/sites/default/files/ITA_300A_Summary_Data_2023_through_12-31-2024.zip,2026-09-12,"74 recordable cases (37 days-away, 9 restricted) / 1034502 hours at 5 establishments, 734 avg employees; matched by ein 0, sec name 3, ex-21 subsidiary 2; sites listed in social/raw/osha_establishments.csv"
UHS,2024,10.24,OSHA ITA Form 300A summary data,https://www.osha.gov/sites/default/files/ITA_300A_Summary_Data_2024_through_12-31-2025.zip,2026-09-12,"55 recordable cases (27 days-away, 11 restricted) / 1074243 hours at 7 establishments, 873 avg employees; matched by ein 0, sec name 3, ex-21 subsidiary 4; sites listed in social/raw/osha_establishments.csv"
ULTA,2022,3.384,OSHA ITA Form 300A summary data,https://www.osha.gov/sites/default/files/ITA-data-cy2022.zip,2026-09-12,"111 recordable cases (96 days-away, 0 restricted) / 6559572 hours at 5 establishments, 3850 avg employees; matched by ein 0, sec name 4, ex-21 subsidiary 1; sites listed in social/raw/osha_establishments.csv"
ULTA,2023,4.738,OSHA ITA Form 300A summary data,https://www.osha.gov/sites/default/files/ITA_300A_Summary_Data_2023_through_12-31-2024.zip,2026-09-12,"181 recordable cases (145 days-away, 27 restricted) / 7640185 hours at 7 establishments, 4750 avg employees; matched by ein 0, sec name 0, ex-21 subsidiary 7; sites listed in social/raw/osha_establishments.csv"
ULTA,2024,3.709,OSHA ITA Form 300A summary data,https://www.osha.gov/sites/default/files/ITA_300A_Summary_Data_2024_through_12-31-2025.zip,2026-09-12,"141 recordable cases (118 days-away, 14 restricted) / 7603709 hours at 7 establishments, 4750 avg employees; matched by ein 0, sec name 0, ex-21 subsidiary 7; sites listed in social/raw/osha_establishments.csv"
UNH,2022,0.161,OSHA ITA Form 300A summary data,https://www.osha.gov/sites/default/files/ITA-data-cy2022.zip,2026-09-12,"27 recordable cases (8 days-away, 8 restricted) / 33528866 hours at 28 establishments, 18660 avg employees; matched by ein 0, sec name 28, ex-21 subsidiary 0; sites listed in social/raw/osha_establishments.csv"
UPS,2022,8.17,OSHA ITA Form 300A summary data,https://www.osha.gov/sites/default/files/ITA-data-cy2022.zip,2026-09-12,"28074 recordable cases (9519 days-away, 11588 restricted) / 687219716 hours at 1449 establishments, 480524 avg employees; matched by ein 1449, sec name 0, ex-21 subsidiary 0; sites listed in social/raw/osha_establishments.csv"
UPS,2023,7.968,OSHA ITA Form 300A summary data,https://www.osha.gov/sites/default/files/ITA_300A_Summary_Data_2023_through_12-31-2024.zip,2026-09-12,"24392 recordable cases (10075 days-away, 9974 restricted) / 612270037 hours at 1367 establishments, 445941 avg employees; matched by ein 1367, sec name 0, ex-21 subsidiary 0; sites listed in social/raw/osha_establishments.csv"
UPS,2024,7.809,OSHA ITA Form 300A summary data,https://www.osha.gov/sites/default/files/ITA_300A_Summary_Data_2024_through_12-31-2025.zip,2026-09-12,"23075 recordable cases (10737 days-away, 8484 restricted) / 590987553 hours at 1349 establishments, 431399 avg employees; matched by ein 1349, sec name 0, ex-21 subsidiary 0; sites listed in social/raw/osha_establishments.csv"
VICI,2022,4.283,OSHA ITA Form 300A summary data,https://www.osha.gov/sites/default/files/ITA-data-cy2022.zip,2026-09-12,"507 recordable cases (88 days-away, 339 restricted) / 23673368 hours at 14 establishments, 17933 avg employees; matched by ein 0, sec name 14, ex-21 subsidiary 0; sites listed in social/raw/osha_establishments.csv"
VLO,2022,0.329,OSHA ITA Form 300A summary data,https://www.osha.gov/sites/default/files/ITA-data-cy2022.zip,2026-09-12,"17 recordable cases (7 days-away, 2 restricted) / 10341284 hours at 23 establishments, 4607 avg employees; matched by ein 1, sec name 5, ex-21 subsidiary 17; sites listed in social/raw/osha_establishments.csv"
VLO,2023,0.395,OSHA ITA Form 300A summary data,https://www.osha.gov/sites/default/files/ITA_300A_Summary_Data_2023_through_12-31-2024.zip,2026-09-12,"21 recordable cases (10 days-away, 3 restricted) / 10632115 hours at 22 establishments, 4679 avg employees; matched by ein 0, sec name 6, ex-21 subsidiary 16; sites listed in social/raw/osha_establishments.csv"
VLO,2024,0.27,OSHA ITA Form 300A summary data,https://www.osha.gov/sites/default/files/ITA_300A_Summary_Data_2024_through_12-31-2025.zip,2026-09-12,"13 recordable cases (3 days-away, 6 restricted) / 9628708 hours at 19 establishments, 4266 avg employees; matched by ein 0, sec name 4, ex-21 subsidiary 15; sites listed in social/raw/osha_establishments.csv"
VLTO,2022,0.82,OSHA ITA Form 300A summary data,https://www.osha.gov/sites/default/files/ITA-data-cy2022.zip,2026-09-12,"23 recordable cases (10 days-away, 6 restricted) / 5606444 hours at 11 establishments, 2470 avg employees; matched by ein 0, sec name 0, ex-21 subsidiary 11; sites listed in social/raw/osha_establishments.csv"
VLTO,2023,1.12,OSHA ITA Form 300A summary data,https://www.osha.gov/sites/default/files/ITA_300A_Summary_Data_2023_through_12-31-2024.zip,2026-09-12,"29 recordable cases (12 days-away, 8 restricted) / 5176975 hours at 10 establishments, 2361 avg employees; matched by ein 0, sec name 0, ex-21 subsidiary 10; sites listed in social/raw/osha_establishments.csv"
VLTO,2024,0.83,OSHA ITA Form 300A summary data,https://www.osha.gov/sites/default/files/ITA_300A_Summary_Data_2024_through_12-31-2025.zip,2026-09-12,"20 recordable cases (3 days-away, 4 restricted) / 4816945 hours at 7 establishments, 2085 avg employees; matched by ein 0, sec name 0, ex-21 subsidiary 7; sites listed in social/raw/osha_establishments.csv"
VMC,2022,1.295,OSHA ITA Form 300A summary data,https://www.osha.gov/sites/default/files/ITA-data-cy2022.zip,2026-09-12,"33 recordable cases (9 days-away, 21 restricted) / 5095970 hours at 38 establishments, 3733 avg employees; matched by ein 2, sec name 27, ex-21 subsidiary 9; sites listed in social/raw/osha_establishments.csv"
VMC,2023,1.069,OSHA ITA Form 300A summary data,https://www.osha.gov/sites/default/files/ITA_300A_Summary_Data_2023_through_12-31-2024.zip,2026-09-12,"20 recordable cases (8 days-away, 8 restricted) / 3743429 hours at 29 establishments, 2596 avg employees; matched by ein 2, sec name 16, ex-21 subsidiary 11; sites listed in social/raw/osha_establishments.csv"
VMRK,2022,0.832,OSHA ITA Form 300A summary data,https://www.osha.gov/sites/default/files/ITA-data-cy2022.zip,2026-09-12,"5 recordable cases (4 days-away, 0 restricted) / 1202443 hours at 14 establishments, 625 avg employees; matched by ein 0, sec name 14, ex-21 subsidiary 0; sites listed in social/raw/osha_establishments.csv"
VMRK,2023,0.337,OSHA ITA Form 300A summary data,https://www.osha.gov/sites/default/files/ITA_300A_Summary_Data_2023_through_12-31-2024.zip,2026-09-12,"2 recordable cases (2 days-away, 0 restricted) / 1185624 hours at 13 establishments, 631 avg employees; matched by ein 0, sec name 13, ex-21 subsidiary 0; sites listed in social/raw/osha_establishments.csv"
VMRK,2024,0.163,OSHA ITA Form 300A summary data,https://www.osha.gov/sites/default/files/ITA_300A_Summary_Data_2024_through_12-31-2025.zip,2026-09-12,"1 recordable cases (0 days-away, 1 restricted) / 1226014 hours at 13 establishments, 670 avg employees; matched by ein 0, sec name 13, ex-21 subsidiary 0; sites listed in social/raw/osha_establishments.csv"
VRT,2022,0.389,OSHA ITA Form 300A summary data,https://www.osha.gov/sites/default/files/ITA-data-cy2022.zip,2026-09-12,"12 recordable cases (1 days-away, 1 restricted) / 6174865 hours at 14 establishments, 3332 avg employees; matched by ein 0, sec name 13, ex-21 subsidiary 1; sites listed in social/raw/osha_establishments.csv"
VRT,2023,1.01,OSHA ITA Form 300A summary data,https://www.osha.gov/sites/default/files/ITA_300A_Summary_Data_2023_through_12-31-2024.zip,2026-09-12,"25 recordable cases (10 days-away, 7 restricted) / 4949409 hours at 10 establishments, 2497 avg employees; matched by ein 0, sec name 9, ex-21 subsidiary 1; sites listed in social/raw/osha_establishments.csv"
VRT,2024,0.501,OSHA ITA Form 300A summary data,https://www.osha.gov/sites/default/files/ITA_300A_Summary_Data_2024_through_12-31-2025.zip,2026-09-12,"11 recordable cases (3 days-away, 2 restricted) / 4393784 hours at 12 establishments, 2467 avg employees; matched by ein 0, sec name 12, ex-21 subsidiary 0; sites listed in social/raw/osha_establishments.csv"
VST,2022,1.238,OSHA ITA Form 300A summary data,https://www.osha.gov/sites/default/files/ITA-data-cy2022.zip,2026-09-12,"20 recordable cases (6 days-away, 2 restricted) / 3230430 hours at 10 establishments, 1407 avg employees; matched by ein 0, sec name 0, ex-21 subsidiary 10; sites listed in social/raw/osha_establishments.csv"
VST,2023,0.396,OSHA ITA Form 300A summary data,https://www.osha.gov/sites/default/files/ITA_300A_Summary_Data_2023_through_12-31-2024.zip,2026-09-12,"6 recordable cases (4 days-away, 0 restricted) / 3033496 hours at 11 establishments, 1346 avg employees; matched by ein 0, sec name 0, ex-21 subsidiary 11; sites listed in social/raw/osha_establishments.csv"
VST,2024,0.889,OSHA ITA Form 300A summary data,https://www.osha.gov/sites/default/files/ITA_300A_Summary_Data_2024_through_12-31-2025.zip,2026-09-12,"23 recordable cases (6 days-away, 5 restricted) / 5173595 hours at 13 establishments, 2624 avg employees; matched by ein 0, sec name 0, ex-21 subsidiary 13; sites listed in social/raw/osha_establishments.csv"
VTR,2023,12.799,OSHA ITA Form 300A summary data,https://www.osha.gov/sites/default/files/ITA_300A_Summary_Data_2023_through_12-31-2024.zip,2026-09-12,"43 recordable cases (21 days-away, 8 restricted) / 671947 hours at 6 establishments, 420 avg employees; matched by ein 0, sec name 0, ex-21 subsidiary 6; sites listed in social/raw/osha_establishments.csv"
VTR,2024,9.459,OSHA ITA Form 300A summary data,https://www.osha.gov/sites/default/files/ITA_300A_Summary_Data_2024_through_12-31-2025.zip,2026-09-12,"36 recordable cases (15 days-away, 8 restricted) / 761173 hours at 8 establishments, 446 avg employees; matched by ein 0, sec name 2, ex-21 subsidiary 6; sites listed in social/raw/osha_establishments.csv"
VTRS,2022,0.862,OSHA ITA Form 300A summary data,https://www.osha.gov/sites/default/files/ITA-data-cy2022.zip,2026-09-12,"30 recordable cases (11 days-away, 8 restricted) / 6963263 hours at 12 establishments, 3573 avg employees; matched by ein 0, sec name 12, ex-21 subsidiary 0; sites listed in social/raw/osha_establishments.csv"
VTRS,2023,1.794,OSHA ITA Form 300A summary data,https://www.osha.gov/sites/default/files/ITA_300A_Summary_Data_2023_through_12-31-2024.zip,2026-09-12,"11 recordable cases (6 days-away, 2 restricted) / 1226013 hours at 3 establishments, 642 avg employees; matched by ein 0, sec name 0, ex-21 subsidiary 3; sites listed in social/raw/osha_establishments.csv"
VTRS,2024,1.648,OSHA ITA Form 300A summary data,https://www.osha.gov/sites/default/files/ITA_300A_Summary_Data_2024_through_12-31-2025.zip,2026-09-12,"10 recordable cases (7 days-away, 3 restricted) / 1213676 hours at 3 establishments, 636 avg employees; matched by ein 0, sec name 0, ex-21 subsidiary 3; sites listed in social/raw/osha_establishments.csv"
VZ,2022,0.228,OSHA ITA Form 300A summary data,https://www.osha.gov/sites/default/files/ITA-data-cy2022.zip,2026-09-12,"81 recordable cases (50 days-away, 1 restricted) / 71024000 hours at 50 establishments, 35512 avg employees; matched by ein 50, sec name 0, ex-21 subsidiary 0; sites listed in social/raw/osha_establishments.csv"
VZ,2023,0.181,OSHA ITA Form 300A summary data,https://www.osha.gov/sites/default/files/ITA_300A_Summary_Data_2023_through_12-31-2024.zip,2026-09-12,"60 recordable cases (32 days-away, 2 restricted) / 66312000 hours at 41 establishments, 33156 avg employees; matched by ein 41, sec name 0, ex-21 subsidiary 0; sites listed in social/raw/osha_establishments.csv"
VZ,2024,0.233,OSHA ITA Form 300A summary data,https://www.osha.gov/sites/default/files/ITA_300A_Summary_Data_2024_through_12-31-2025.zip,2026-09-12,"72 recordable cases (37 days-away, 4 restricted) / 61906000 hours at 36 establishments, 30953 avg employees; matched by ein 36, sec name 0, ex-21 subsidiary 0; sites listed in social/raw/osha_establishments.csv"
WAB,2022,1.926,OSHA ITA Form 300A summary data,https://www.osha.gov/sites/default/files/ITA-data-cy2022.zip,2026-09-12,"126 recordable cases (33 days-away, 29 restricted) / 13082194 hours at 34 establishments, 6382 avg employees; matched by ein 4, sec name 21, ex-21 subsidiary 9; sites listed in social/raw/osha_establishments.csv"
WAB,2023,1.818,OSHA ITA Form 300A summary data,https://www.osha.gov/sites/default/files/ITA_300A_Summary_Data_2023_through_12-31-2024.zip,2026-09-12,"119 recordable cases (29 days-away, 40 restricted) / 13088926 hours at 32 establishments, 6171 avg employees; matched by ein 5, sec name 19, ex-21 subsidiary 8; sites listed in social/raw/osha_establishments.csv"
WAB,2024,1.593,OSHA ITA Form 300A summary data,https://www.osha.gov/sites/default/files/ITA_300A_Summary_Data_2024_through_12-31-2025.zip,2026-09-12,"113 recordable cases (26 days-away, 28 restricted) / 14187723 hours at 28 establishments, 6567 avg employees; matched by ein 5, sec name 15, ex-21 subsidiary 8; sites listed in social/raw/osha_establishments.csv"
WAT,2022,1.04,OSHA ITA Form 300A summary data,https://www.osha.gov/sites/default/files/ITA-data-cy2022.zip,2026-09-12,"35 recordable cases (16 days-away, 9 restricted) / 6732688 hours at 9 establishments, 3310 avg employees; matched by ein 5, sec name 4, ex-21 subsidiary 0; sites listed in social/raw/osha_establishments.csv"
WAT,2023,1.057,OSHA ITA Form 300A summary data,https://www.osha.gov/sites/default/files/ITA_300A_Summary_Data_2023_through_12-31-2024.zip,2026-09-12,"38 recordable cases (14 days-away, 19 restricted) / 7188960 hours at 14 establishments, 3684 avg employees; matched by ein 6, sec name 8, ex-21 subsidiary 0; sites listed in social/raw/osha_establishments.csv"
WAT,2024,0.496,OSHA ITA Form 300A summary data,https://www.osha.gov/sites/default/files/ITA_300A_Summary_Data_2024_through_12-31-2025.zip,2026-09-12,"15 recordable cases (10 days-away, 2 restricted) / 6048025 hours at 8 establishments, 3007 avg employees; matched by ein 7, sec name 1, ex-21 subsidiary 0; sites listed in social/raw/osha_establishments.csv"
WBD,2022,0.527,OSHA ITA Form 300A summary data,https://www.osha.gov/sites/default/files/ITA-data-cy2022.zip,2026-09-12,"33 recordable cases (10 days-away, 1 restricted) / 12532993 hours at 33 establishments, 7525 avg employees; matched by ein 0, sec name 23, ex-21 subsidiary 10; sites listed in social/raw/osha_establishments.csv"
WBD,2023,0.321,OSHA ITA Form 300A summary data,https://www.osha.gov/sites/default/files/ITA_300A_Summary_Data_2023_through_12-31-2024.zip,2026-09-12,"5 recordable cases (2 days-away, 1 restricted) / 3117608 hours at 6 establishments, 1365 avg employees; matched by ein 0, sec name 1, ex-21 subsidiary 5; sites listed in social/raw/osha_establishments.csv"
WBD,2024,0.513,OSHA ITA Form 300A summary data,https://www.osha.gov/sites/default/files/ITA_300A_Summary_Data_2024_through_12-31-2025.zip,2026-09-12,"12 recordable cases (5 days-away, 2 restricted) / 4679984 hours at 20 establishments, 2225 avg employees; matched by ein 0, sec name 0, ex-21 subsidiary 20; sites listed in social/raw/osha_establishments.csv"
WDC,2022,0.131,OSHA ITA Form 300A summary data,https://www.osha.gov/sites/default/files/ITA-data-cy2022.zip,2026-09-12,"4 recordable cases (1 days-away, 2 restricted) / 6098039 hours at 2 establishments, 3212 avg employees; matched by ein 0, sec name 2, ex-21 subsidiary 0; sites listed in social/raw/osha_establishments.csv"
WDC,2023,0.324,OSHA ITA Form 300A summary data,https://www.osha.gov/sites/default/files/ITA_300A_Summary_Data_2023_through_12-31-2024.zip,2026-09-12,"13 recordable cases (7 days-away, 2 restricted) / 8028750 hours at 3 establishments, 4013 avg employees; matched by ein 0, sec name 3, ex-21 subsidiary 0; sites listed in social/raw/osha_establishments.csv"
WDC,2024,0.0,OSHA ITA Form 300A summary data,https://www.osha.gov/sites/default/files/ITA_300A_Summary_Data_2024_through_12-31-2025.zip,2026-09-12,"0 recordable cases (0 days-away, 0 restricted) / 2358880 hours at 1 establishments, 1220 avg employees; matched by ein 0, sec name 1, ex-21 subsidiary 0; sites listed in social/raw/osha_establishments.csv"
WEC,2022,1.221,OSHA ITA Form 300A summary data,https://www.osha.gov/sites/default/files/ITA-data-cy2022.zip,2026-09-12,"16 recordable cases (5 days-away, 4 restricted) / 2620000 hours at 18 establishments, 1309 avg employees; matched by ein 0, sec name 0, ex-21 subsidiary 18; sites listed in social/raw/osha_establishments.csv"
WEC,2023,1.899,OSHA ITA Form 300A summary data,https://www.osha.gov/sites/default/files/ITA_300A_Summary_Data_2023_through_12-31-2024.zip,2026-09-12,"24 recordable cases (8 days-away, 5 restricted) / 2528000 hours at 21 establishments, 1268 avg employees; matched by ein 0, sec name 0, ex-21 subsidiary 21; sites listed in social/raw/osha_establishments.csv"
WEC,2024,0.843,OSHA ITA Form 300A summary data,https://www.osha.gov/sites/default/files/ITA_300A_Summary_Data_2024_through_12-31-2025.zip,2026-09-12,"17 recordable cases (5 days-away, 2 restricted) / 4033468 hours at 24 establishments, 2060 avg employees; matched by ein 0, sec name 0, ex-21 subsidiary 24; sites listed in social/raw/osha_establishments.csv"
WELL,2022,3.035,OSHA ITA Form 300A summary data,https://www.osha.gov/sites/default/files/ITA-data-cy2022.zip,2026-09-12,"20 recordable cases (2 days-away, 9 restricted) / 1317880 hours at 9 establishments, 787 avg employees; matched by ein 2, sec name 0, ex-21 subsidiary 7; sites listed in social/raw/osha_establishments.csv"
WELL,2023,3.788,OSHA ITA Form 300A summary data,https://www.osha.gov/sites/default/files/ITA_300A_Summary_Data_2023_through_12-31-2024.zip,2026-09-12,"36 recordable cases (10 days-away, 8 restricted) / 1900695 hours at 54 establishments, 1075 avg employees; matched by ein 37, sec name 0, ex-21 subsidiary 17; sites listed in social/raw/osha_establishments.csv"
WELL,2024,6.37,OSHA ITA Form 300A summary data,https://www.osha.gov/sites/default/files/ITA_300A_Summary_Data_2024_through_12-31-2025.zip,2026-09-12,"77 recordable cases (18 days-away, 25 restricted) / 2417413 hours at 81 establishments, 1487 avg employees; matched by ein 64, sec name 1, ex-21 subsidiary 16; sites listed in social/raw/osha_establishments.csv"
WM,2022,6.061,OSHA ITA Form 300A summary data,https://www.osha.gov/sites/default/files/ITA-data-cy2022.zip,2026-09-12,"584 recordable cases (168 days-away, 186 restricted) / 19271488 hours at 156 establishments, 9358 avg employees; matched by ein 0, sec name 0, ex-21 subsidiary 156; sites listed in social/raw/osha_establishments.csv"
WM,2023,6.257,OSHA ITA Form 300A summary data,https://www.osha.gov/sites/default/files/ITA_300A_Summary_Data_2023_through_12-31-2024.zip,2026-09-12,"309 recordable cases (90 days-away, 111 restricted) / 9876744 hours at 82 establishments, 5041 avg employees; matched by ein 0, sec name 0, ex-21 subsidiary 82; sites listed in social/raw/osha_establishments.csv"
WM,2024,5.57,OSHA ITA Form 300A summary data,https://www.osha.gov/sites/default/files/ITA_300A_Summary_Data_2024_through_12-31-2025.zip,2026-09-12,"256 recordable cases (70 days-away, 82 restricted) / 9192839 hours at 74 establishments, 4590 avg employees; matched by ein 0, sec name 1, ex-21 subsidiary 73; sites listed in social/raw/osha_establishments.csv"
WMB,2022,1.933,OSHA ITA Form 300A summary data,https://www.osha.gov/sites/default/files/ITA-data-cy2022.zip,2026-09-12,"38 recordable cases (14 days-away, 10 restricted) / 3931260 hours at 6 establishments, 1843 avg employees; matched by ein 0, sec name 3, ex-21 subsidiary 3; sites listed in social/raw/osha_establishments.csv"
WMB,2023,0.967,OSHA ITA Form 300A summary data,https://www.osha.gov/sites/default/files/ITA_300A_Summary_Data_2023_through_12-31-2024.zip,2026-09-12,"86 recordable cases (16 days-away, 21 restricted) / 17794376 hours at 93 establishments, 8510 avg employees; matched by ein 3, sec name 87, ex-21 subsidiary 3; sites listed in social/raw/osha_establishments.csv"
WMB,2024,1.047,OSHA ITA Form 300A summary data,https://www.osha.gov/sites/default/files/ITA_300A_Summary_Data_2024_through_12-31-2025.zip,2026-09-12,"86 recordable cases (26 days-away, 27 restricted) / 16421355 hours at 83 establishments, 7735 avg employees; matched by ein 2, sec name 77, ex-21 subsidiary 4; sites listed in social/raw/osha_establishments.csv"
WMT,2022,5.576,OSHA ITA Form 300A summary data,https://www.osha.gov/sites/default/files/ITA-data-cy2022.zip,2026-09-12,"66336 recordable cases (15968 days-away, 18055 restricted) / 2379493661 hours at 5360 establishments, 1522089 avg employees; matched by ein 1663, sec name 1, ex-21 subsidiary 3696; sites listed in social/raw/osha_establishments.csv"
WMT,2023,5.19,OSHA ITA Form 300A summary data,https://www.osha.gov/sites/default/files/ITA_300A_Summary_Data_2023_through_12-31-2024.zip,2026-09-12,"67612 recordable cases (15739 days-away, 17079 restricted) / 2605563158 hours at 5589 establishments, 1569425 avg employees; matched by ein 1682, sec name 2, ex-21 subsidiary 3905; sites listed in social/raw/osha_establishments.csv"
WMT,2024,5.13,OSHA ITA Form 300A summary data,https://www.osha.gov/sites/default/files/ITA_300A_Summary_Data_2024_through_12-31-2025.zip,2026-09-12,"32009 recordable cases (7510 days-away, 9456 restricted) / 1247838393 hours at 3172 establishments, 758465 avg employees; matched by ein 1668, sec name 1, ex-21 subsidiary 1503; sites listed in social/raw/osha_establishments.csv"
WRB,2022,2.858,OSHA ITA Form 300A summary data,https://www.osha.gov/sites/default/files/ITA-data-cy2022.zip,2026-09-12,"12 recordable cases (2 days-away, 4 restricted) / 839617 hours at 3 establishments, 371 avg employees; matched by ein 0, sec name 0, ex-21 subsidiary 3; sites listed in social/raw/osha_establishments.csv"
WRB,2023,2.316,OSHA ITA Form 300A summary data,https://www.osha.gov/sites/default/files/ITA_300A_Summary_Data_2023_through_12-31-2024.zip,2026-09-12,"7 recordable cases (0 days-away, 7 restricted) / 604381 hours at 1 establishments, 275 avg employees; matched by ein 0, sec name 0, ex-21 subsidiary 1; sites listed in social/raw/osha_establishments.csv"
WRB,2024,2.409,OSHA ITA Form 300A summary data,https://www.osha.gov/sites/default/files/ITA_300A_Summary_Data_2024_through_12-31-2025.zip,2026-09-12,"9 recordable cases (2 days-away, 3 restricted) / 747161 hours at 3 establishments, 384 avg employees; matched by ein 0, sec name 0, ex-21 subsidiary 3; sites listed in social/raw/osha_establishments.csv"
WSM,2022,4.707,OSHA ITA Form 300A summary data,https://www.osha.gov/sites/default/files/ITA-data-cy2022.zip,2026-09-12,"113 recordable cases (29 days-away, 56 restricted) / 4800973 hours at 44 establishments, 3251 avg employees; matched by ein 4, sec name 40, ex-21 subsidiary 0; sites listed in social/raw/osha_establishments.csv"
WSM,2023,6.904,OSHA ITA Form 300A summary data,https://www.osha.gov/sites/default/files/ITA_300A_Summary_Data_2023_through_12-31-2024.zip,2026-09-12,"153 recordable cases (48 days-away, 79 restricted) / 4432024 hours at 36 establishments, 4607 avg employees; matched by ein 13, sec name 23, ex-21 subsidiary 0; sites listed in social/raw/osha_establishments.csv"
WSM,2024,5.108,OSHA ITA Form 300A summary data,https://www.osha.gov/sites/default/files/ITA_300A_Summary_Data_2024_through_12-31-2025.zip,2026-09-12,"378 recordable cases (97 days-away, 196 restricted) / 14799673 hours at 392 establishments, 12379 avg employees; matched by ein 61, sec name 331, ex-21 subsidiary 0; sites listed in social/raw/osha_establishments.csv"
WST,2022,1.555,OSHA ITA Form 300A summary data,https://www.osha.gov/sites/default/files/ITA-data-cy2022.zip,2026-09-12,"26 recordable cases (2 days-away, 5 restricted) / 3344015 hours at 4 establishments, 1749 avg employees; matched by ein 3, sec name 1, ex-21 subsidiary 0; sites listed in social/raw/osha_establishments.csv"
WST,2023,2.001,OSHA ITA Form 300A summary data,https://www.osha.gov/sites/default/files/ITA_300A_Summary_Data_2023_through_12-31-2024.zip,2026-09-12,"32 recordable cases (8 days-away, 9 restricted) / 3198538 hours at 5 establishments, 1705 avg employees; matched by ein 3, sec name 0, ex-21 subsidiary 2; sites listed in social/raw/osha_establishments.csv"
WST,2024,1.307,OSHA ITA Form 300A summary data,https://www.osha.gov/sites/default/files/ITA_300A_Summary_Data_2024_through_12-31-2025.zip,2026-09-12,"8 recordable cases (2 days-away, 3 restricted) / 1223725 hours at 3 establishments, 643 avg employees; matched by ein 1, sec name 0, ex-21 subsidiary 2; sites listed in social/raw/osha_establishments.csv"
WY,2022,1.717,OSHA ITA Form 300A summary data,https://www.osha.gov/sites/default/files/ITA-data-cy2022.zip,2026-09-12,"122 recordable cases (58 days-away, 29 restricted) / 14206696 hours at 52 establishments, 6986 avg employees; matched by ein 52, sec name 0, ex-21 subsidiary 0; sites listed in social/raw/osha_establishments.csv"
WY,2023,2.115,OSHA ITA Form 300A summary data,https://www.osha.gov/sites/default/files/ITA_300A_Summary_Data_2023_through_12-31-2024.zip,2026-09-12,"136 recordable cases (63 days-away, 30 restricted) / 12861205 hours at 52 establishments, 6265 avg employees; matched by ein 52, sec name 0, ex-21 subsidiary 0; sites listed in social/raw/osha_establishments.csv"
WY,2024,2.284,OSHA ITA Form 300A summary data,https://www.osha.gov/sites/default/files/ITA_300A_Summary_Data_2024_through_12-31-2025.zip,2026-09-12,"147 recordable cases (89 days-away, 28 restricted) / 12871765 hours at 51 establishments, 6359 avg employees; matched by ein 51, sec name 0, ex-21 subsidiary 0; sites listed in social/raw/osha_establishments.csv"
WYNN,2022,3.334,OSHA ITA Form 300A summary data,https://www.osha.gov/sites/default/files/ITA-data-cy2022.zip,2026-09-12,"388 recordable cases (188 days-away, 125 restricted) / 23277253 hours at 2 establishments, 14677 avg employees; matched by ein 0, sec name 0, ex-21 subsidiary 2; sites listed in social/raw/osha_establishments.csv"
WYNN,2023,3.281,OSHA ITA Form 300A summary data,https://www.osha.gov/sites/default/files/ITA_300A_Summary_Data_2023_through_12-31-2024.zip,2026-09-12,"429 recordable cases (211 days-away, 185 restricted) / 26147201 hours at 2 establishments, 19590 avg employees; matched by ein 0, sec name 0, ex-21 subsidiary 2; sites listed in social/raw/osha_establishments.csv"
WYNN,2024,2.4,OSHA ITA Form 300A summary data,https://www.osha.gov/sites/default/files/ITA_300A_Summary_Data_2024_through_12-31-2025.zip,2026-09-12,"322 recordable cases (167 days-away, 123 restricted) / 26831291 hours at 2 establishments, 18706 avg employees; matched by ein 0, sec name 0, ex-21 subsidiary 2; sites listed in social/raw/osha_establishments.csv"
XEL,2022,3.045,OSHA ITA Form 300A summary data,https://www.osha.gov/sites/default/files/ITA-data-cy2022.zip,2026-09-12,"359 recordable cases (221 days-away, 56 restricted) / 23578775 hours at 101 establishments, 12091 avg employees; matched by ein 0, sec name 101, ex-21 subsidiary 0; sites listed in social/raw/osha_establishments.csv"
XEL,2023,3.056,OSHA ITA Form 300A summary data,https://www.osha.gov/sites/default/files/ITA_300A_Summary_Data_2023_through_12-31-2024.zip,2026-09-12,"355 recordable cases (219 days-away, 55 restricted) / 23231645 hours at 97 establishments, 11910 avg employees; matched by ein 0, sec name 97, ex-21 subsidiary 0; sites listed in social/raw/osha_establishments.csv"
XOM,2022,0.125,OSHA ITA Form 300A summary data,https://www.osha.gov/sites/default/files/ITA-data-cy2022.zip,2026-09-12,"6 recordable cases (1 days-away, 1 restricted) / 9589959 hours at 10 establishments, 4474 avg employees; matched by ein 0, sec name 10, ex-21 subsidiary 0; sites listed in social/raw/osha_establishments.csv"
XOM,2023,0.137,OSHA ITA Form 300A summary data,https://www.osha.gov/sites/default/files/ITA_300A_Summary_Data_2023_through_12-31-2024.zip,2026-09-12,"6 recordable cases (0 days-away, 4 restricted) / 8746844 hours at 9 establishments, 4116 avg employees; matched by ein 0, sec name 9, ex-21 subsidiary 0; sites listed in social/raw/osha_establishments.csv"
XOM,2024,0.144,OSHA ITA Form 300A summary data,https://www.osha.gov/sites/default/files/ITA_300A_Summary_Data_2024_through_12-31-2025.zip,2026-09-12,"8 recordable cases (3 days-away, 3 restricted) / 11134798 hours at 13 establishments, 4912 avg employees; matched by ein 0, sec name 13, ex-21 subsidiary 0; sites listed in social/raw/osha_establishments.csv"
XYL,2022,1.611,OSHA ITA Form 300A summary data,https://www.osha.gov/sites/default/files/ITA-data-cy2022.zip,2026-09-12,"36 recordable cases (20 days-away, 1 restricted) / 4469411 hours at 8 establishments, 2433 avg employees; matched by ein 0, sec name 6, ex-21 subsidiary 2; sites listed in social/raw/osha_establishments.csv"
XYL,2023,0.868,OSHA ITA Form 300A summary data,https://www.osha.gov/sites/default/files/ITA_300A_Summary_Data_2023_through_12-31-2024.zip,2026-09-12,"34 recordable cases (14 days-away, 6 restricted) / 7837597 hours at 29 establishments, 4122 avg employees; matched by ein 0, sec name 6, ex-21 subsidiary 23; sites listed in social/raw/osha_establishments.csv"
XYL,2024,0.887,OSHA ITA Form 300A summary data,https://www.osha.gov/sites/default/files/ITA_300A_Summary_Data_2024_through_12-31-2025.zip,2026-09-12,"22 recordable cases (17 days-away, 0 restricted) / 4959738 hours at 11 establishments, 2627 avg employees; matched by ein 0, sec name 7, ex-21 subsidiary 4; sites listed in social/raw/osha_establishments.csv"
ZBH,2022,0.334,OSHA ITA Form 300A summary data,https://www.osha.gov/sites/default/files/ITA-data-cy2022.zip,2026-09-12,"15 recordable cases (3 days-away, 5 restricted) / 8977647 hours at 4 establishments, 4674 avg employees; matched by ein 0, sec name 3, ex-21 subsidiary 1; sites listed in social/raw/osha_establishments.csv"
ZBH,2023,0.226,OSHA ITA Form 300A summary data,https://www.osha.gov/sites/default/files/ITA_300A_Summary_Data_2023_through_12-31-2024.zip,2026-09-12,"10 recordable cases (3 days-away, 4 restricted) / 8866320 hours at 5 establishments, 4368 avg employees; matched by ein 0, sec name 3, ex-21 subsidiary 2; sites listed in social/raw/osha_establishments.csv"
ZBH,2024,0.999,OSHA ITA Form 300A summary data,https://www.osha.gov/sites/default/files/ITA_300A_Summary_Data_2024_through_12-31-2025.zip,2026-09-12,"10 recordable cases (3 days-away, 2 restricted) / 2001912 hours at 4 establishments, 1077 avg employees; matched by ein 0, sec name 2, ex-21 subsidiary 2; sites listed in social/raw/osha_establishments.csv"
ZBRA,2022,0.325,OSHA ITA Form 300A summary data,https://www.osha.gov/sites/default/files/ITA-data-cy2022.zip,2026-09-12,"9 recordable cases (0 days-away, 2 restricted) / 5543802 hours at 8 establishments, 2524 avg employees; matched by ein 0, sec name 8, ex-21 subsidiary 0; sites listed in social/raw/osha_establishments.csv"
ZBRA,2023,0.226,OSHA ITA Form 300A summary data,https://www.osha.gov/sites/default/files/ITA_300A_Summary_Data_2023_through_12-31-2024.zip,2026-09-12,"6 recordable cases (1 days-away, 1 restricted) / 5301327 hours at 10 establishments, 2414 avg employees; matched by ein 3, sec name 7, ex-21 subsidiary 0; sites listed in social/raw/osha_establishments.csv"
ZBRA,2024,1.912,OSHA ITA Form 300A summary data,https://www.osha.gov/sites/default/files/ITA_300A_Summary_Data_2024_through_12-31-2025.zip,2026-09-12,"15 recordable cases (5 days-away, 4 restricted) / 1568859 hours at 7 establishments, 718 avg employees; matched by ein 3, sec name 4, ex-21 subsidiary 0; sites listed in social/raw/osha_establishments.csv"
ZTS,2022,0.598,OSHA ITA Form 300A summary data,https://www.osha.gov/sites/default/files/ITA-data-cy2022.zip,2026-09-12,"22 recordable cases (11 days-away, 1 restricted) / 7356814 hours at 14 establishments, 3279 avg employees; matched by ein 3, sec name 10, ex-21 subsidiary 1; sites listed in social/raw/osha_establishments.csv"
ZTS,2023,0.698,OSHA ITA Form 300A summary data,https://www.osha.gov/sites/default/files/ITA_300A_Summary_Data_2023_through_12-31-2024.zip,2026-09-12,"26 recordable cases (10 days-away, 3 restricted) / 7455021 hours at 13 establishments, 3304 avg employees; matched by ein 3, sec name 9, ex-21 subsidiary 1; sites listed in social/raw/osha_establishments.csv"
ZTS,2024,0.378,OSHA ITA Form 300A summary data,https://www.osha.gov/sites/default/files/ITA_300A_Summary_Data_2024_through_12-31-2025.zip,2026-09-12,"10 recordable cases (3 days-away, 1 restricted) / 5296677 hours at 8 establishments, 2493 avg employees; matched by ein 4, sec name 4, ex-21 subsidiary 0; sites listed in social/raw/osha_establishments.csv"
