file,url,retrieved_utc,bytes
submissions/CIK0000066740.json,https://data.sec.gov/submissions/CIK0000066740.json,2026-09-12T19:57:18Z,160159
submissions/CIK0000091142.json,https://data.sec.gov/submissions/CIK0000091142.json,2026-09-12T19:57:20Z,158200
submissions/CIK0000001800.json,https://data.sec.gov/submissions/CIK0000001800.json,2026-09-12T19:57:21Z,155521
submissions/CIK0001551152.json,https://data.sec.gov/submissions/CIK0001551152.json,2026-09-12T19:57:22Z,156062
submissions/CIK0001467373.json,https://data.sec.gov/submissions/CIK0001467373.json,2026-09-12T19:57:23Z,159336
submissions/CIK0000796343.json,https://data.sec.gov/submissions/CIK0000796343.json,2026-09-12T19:57:24Z,162147
submissions/CIK0000002488.json,https://data.sec.gov/submissions/CIK0000002488.json,2026-09-12T19:57:26Z,162390
submissions/CIK0000874761.json,https://data.sec.gov/submissions/CIK0000874761.json,2026-09-12T19:57:27Z,161674
submissions/CIK0000004977.json,https://data.sec.gov/submissions/CIK0000004977.json,2026-09-12T19:57:28Z,162579
submissions/CIK0001090872.json,https://data.sec.gov/submissions/CIK0001090872.json,2026-09-12T19:57:30Z,157952
submissions/CIK0000002969.json,https://data.sec.gov/submissions/CIK0000002969.json,2026-09-12T19:57:31Z,151049
submissions/CIK0001559720.json,https://data.sec.gov/submissions/CIK0001559720.json,2026-09-12T19:57:32Z,151233
submissions/CIK0001086222.json,https://data.sec.gov/submissions/CIK0001086222.json,2026-09-12T19:57:33Z,162479
submissions/CIK0000915913.json,https://data.sec.gov/submissions/CIK0000915913.json,2026-09-12T19:57:35Z,162758
submissions/CIK0001035443.json,https://data.sec.gov/submissions/CIK0001035443.json,2026-09-12T19:57:36Z,162294
submissions/CIK0001097149.json,https://data.sec.gov/submissions/CIK0001097149.json,2026-09-12T19:57:37Z,161659
submissions/CIK0001579241.json,https://data.sec.gov/submissions/CIK0001579241.json,2026-09-12T19:57:38Z,159678
submissions/CIK0000352541.json,https://data.sec.gov/submissions/CIK0000352541.json,2026-09-12T19:57:40Z,164057
submissions/CIK0000899051.json,https://data.sec.gov/submissions/CIK0000899051.json,2026-09-12T19:57:41Z,162632
submissions/CIK0001652044.json,https://data.sec.gov/submissions/CIK0001652044.json,2026-09-12T19:57:42Z,152715
submissions/CIK0000764180.json,https://data.sec.gov/submissions/CIK0000764180.json,2026-09-12T19:57:44Z,160510
submissions/CIK0001018724.json,https://data.sec.gov/submissions/CIK0001018724.json,2026-09-12T19:57:45Z,159681
submissions/CIK0001748790.json,https://data.sec.gov/submissions/CIK0001748790.json,2026-09-12T19:57:46Z,107658
submissions/CIK0001002910.json,https://data.sec.gov/submissions/CIK0001002910.json,2026-09-12T19:57:47Z,162387
submissions/CIK0000004904.json,https://data.sec.gov/submissions/CIK0000004904.json,2026-09-12T19:57:48Z,162045
submissions/CIK0000004962.json,https://data.sec.gov/submissions/CIK0000004962.json,2026-09-12T19:57:49Z,159449
submissions/CIK0000005272.json,https://data.sec.gov/submissions/CIK0000005272.json,2026-09-12T19:57:50Z,150243
submissions/CIK0001053507.json,https://data.sec.gov/submissions/CIK0001053507.json,2026-09-12T19:57:52Z,162058
submissions/CIK0001410636.json,https://data.sec.gov/submissions/CIK0001410636.json,2026-09-12T19:57:53Z,168068
submissions/CIK0000820027.json,https://data.sec.gov/submissions/CIK0000820027.json,2026-09-12T19:57:54Z,157195
submissions/CIK0001037868.json,https://data.sec.gov/submissions/CIK0001037868.json,2026-09-12T19:57:56Z,159641
submissions/CIK0000318154.json,https://data.sec.gov/submissions/CIK0000318154.json,2026-09-12T19:57:57Z,158761
submissions/CIK0000820313.json,https://data.sec.gov/submissions/CIK0000820313.json,2026-09-12T19:58:02Z,163444
submissions/CIK0000006281.json,https://data.sec.gov/submissions/CIK0000006281.json,2026-09-12T19:58:02Z,161527
submissions/CIK0000315293.json,https://data.sec.gov/submissions/CIK0000315293.json,2026-09-12T19:58:03Z,156934
submissions/CIK0001841666.json,https://data.sec.gov/submissions/CIK0001841666.json,2026-09-12T19:58:03Z,128609
submissions/CIK0001858681.json,https://data.sec.gov/submissions/CIK0001858681.json,2026-09-12T19:58:03Z,120550
submissions/CIK0000320193.json,https://data.sec.gov/submissions/CIK0000320193.json,2026-09-12T19:58:04Z,164091
submissions/CIK0000006951.json,https://data.sec.gov/submissions/CIK0000006951.json,2026-09-12T19:58:04Z,159618
submissions/CIK0001751008.json,https://data.sec.gov/submissions/CIK0001751008.json,2026-09-12T19:58:04Z,130473
submissions/CIK0001521332.json,https://data.sec.gov/submissions/CIK0001521332.json,2026-09-12T19:58:05Z,157259
submissions/CIK0000947484.json,https://data.sec.gov/submissions/CIK0000947484.json,2026-09-12T19:58:05Z,159026
submissions/CIK0000007084.json,https://data.sec.gov/submissions/CIK0000007084.json,2026-09-12T19:58:05Z,142838
submissions/CIK0001176948.json,https://data.sec.gov/submissions/CIK0001176948.json,2026-09-12T19:58:05Z,165849
submissions/CIK0001596532.json,https://data.sec.gov/submissions/CIK0001596532.json,2026-09-12T19:58:06Z,158584
submissions/CIK0000354190.json,https://data.sec.gov/submissions/CIK0000354190.json,2026-09-12T19:58:06Z,158900
submissions/CIK0001267238.json,https://data.sec.gov/submissions/CIK0001267238.json,2026-09-12T19:58:07Z,158573
submissions/CIK0000732717.json,https://data.sec.gov/submissions/CIK0000732717.json,2026-09-12T19:58:07Z,159719
submissions/CIK0000731802.json,https://data.sec.gov/submissions/CIK0000731802.json,2026-09-12T19:58:07Z,158784
submissions/CIK0000769397.json,https://data.sec.gov/submissions/CIK0000769397.json,2026-09-12T19:58:07Z,161641
submissions/CIK0000008670.json,https://data.sec.gov/submissions/CIK0000008670.json,2026-09-12T19:58:08Z,145396
submissions/CIK0000866787.json,https://data.sec.gov/submissions/CIK0000866787.json,2026-09-12T19:58:08Z,146836
submissions/CIK0000008818.json,https://data.sec.gov/submissions/CIK0000008818.json,2026-09-12T19:58:08Z,158871
submissions/CIK0001069183.json,https://data.sec.gov/submissions/CIK0001069183.json,2026-09-12T19:58:09Z,162434
submissions/CIK0001701605.json,https://data.sec.gov/submissions/CIK0001701605.json,2026-09-12T19:58:09Z,159115
submissions/CIK0000009389.json,https://data.sec.gov/submissions/CIK0000009389.json,2026-09-12T19:58:09Z,169078
submissions/CIK0000070858.json,https://data.sec.gov/submissions/CIK0000070858.json,2026-09-12T19:58:10Z,1757163
submissions/CIK0000010456.json,https://data.sec.gov/submissions/CIK0000010456.json,2026-09-12T19:58:10Z,167030
submissions/CIK0000010795.json,https://data.sec.gov/submissions/CIK0000010795.json,2026-09-12T19:58:10Z,168380
submissions/CIK0001067983.json,https://data.sec.gov/submissions/CIK0001067983.json,2026-09-12T19:58:10Z,161265
submissions/CIK0000764478.json,https://data.sec.gov/submissions/CIK0000764478.json,2026-09-12T19:58:11Z,146216
submissions/CIK0000842023.json,https://data.sec.gov/submissions/CIK0000842023.json,2026-09-12T19:58:11Z,168187
submissions/CIK0000875045.json,https://data.sec.gov/submissions/CIK0000875045.json,2026-09-12T19:58:11Z,158993
submissions/CIK0002012383.json,https://data.sec.gov/submissions/CIK0002012383.json,2026-09-12T19:58:12Z,291133
submissions/CIK0001393818.json,https://data.sec.gov/submissions/CIK0001393818.json,2026-09-12T19:58:12Z,164993
submissions/CIK0001512673.json,https://data.sec.gov/submissions/CIK0001512673.json,2026-09-12T19:58:13Z,157336
submissions/CIK0001390777.json,https://data.sec.gov/submissions/CIK0001390777.json,2026-09-12T19:58:13Z,156620
submissions/CIK0000012927.json,https://data.sec.gov/submissions/CIK0000012927.json,2026-09-12T19:58:13Z,146883
submissions/CIK0001075531.json,https://data.sec.gov/submissions/CIK0001075531.json,2026-09-12T19:58:14Z,158418
submissions/CIK0000885725.json,https://data.sec.gov/submissions/CIK0000885725.json,2026-09-12T19:58:14Z,145923
submissions/CIK0000014272.json,https://data.sec.gov/submissions/CIK0000014272.json,2026-09-12T19:58:15Z,163989
submissions/CIK0001730168.json,https://data.sec.gov/submissions/CIK0001730168.json,2026-09-12T19:58:15Z,158686
submissions/CIK0001383312.json,https://data.sec.gov/submissions/CIK0001383312.json,2026-09-12T19:58:15Z,144758
submissions/CIK0000079282.json,https://data.sec.gov/submissions/CIK0000079282.json,2026-09-12T19:58:16Z,157655
submissions/CIK0000014693.json,https://data.sec.gov/submissions/CIK0000014693.json,2026-09-12T19:58:16Z,165086
submissions/CIK0001316835.json,https://data.sec.gov/submissions/CIK0001316835.json,2026-09-12T19:58:16Z,155363
submissions/CIK0001996862.json,https://data.sec.gov/submissions/CIK0001996862.json,2026-09-12T19:58:17Z,71463
submissions/CIK0001037540.json,https://data.sec.gov/submissions/CIK0001037540.json,2026-09-12T19:58:17Z,162828
submissions/CIK0001043277.json,https://data.sec.gov/submissions/CIK0001043277.json,2026-09-12T19:58:18Z,156440
submissions/CIK0000813672.json,https://data.sec.gov/submissions/CIK0000813672.json,2026-09-12T19:58:19Z,157466
submissions/CIK0000906345.json,https://data.sec.gov/submissions/CIK0000906345.json,2026-09-12T19:58:20Z,159641
submissions/CIK0000927628.json,https://data.sec.gov/submissions/CIK0000927628.json,2026-09-12T19:58:22Z,163504
submissions/CIK0000721371.json,https://data.sec.gov/submissions/CIK0000721371.json,2026-09-12T19:58:23Z,166842
submissions/CIK0000815097.json,https://data.sec.gov/submissions/CIK0000815097.json,2026-09-12T19:58:24Z,162460
submissions/CIK0001783180.json,https://data.sec.gov/submissions/CIK0001783180.json,2026-09-12T19:58:25Z,86993
submissions/CIK0001690820.json,https://data.sec.gov/submissions/CIK0001690820.json,2026-09-12T19:58:27Z,158407
submissions/CIK0000726958.json,https://data.sec.gov/submissions/CIK0000726958.json,2026-09-12T19:58:28Z,164358
submissions/CIK0000018230.json,https://data.sec.gov/submissions/CIK0000018230.json,2026-09-12T19:58:30Z,167604
submissions/CIK0001374310.json,https://data.sec.gov/submissions/CIK0001374310.json,2026-09-12T19:58:31Z,153984
submissions/CIK0001138118.json,https://data.sec.gov/submissions/CIK0001138118.json,2026-09-12T19:58:32Z,147392
submissions/CIK0001402057.json,https://data.sec.gov/submissions/CIK0001402057.json,2026-09-12T19:58:33Z,162781
submissions/CIK0001140859.json,https://data.sec.gov/submissions/CIK0001140859.json,2026-09-12T19:58:35Z,161378
submissions/CIK0001071739.json,https://data.sec.gov/submissions/CIK0001071739.json,2026-09-12T19:58:36Z,163422
submissions/CIK0001130310.json,https://data.sec.gov/submissions/CIK0001130310.json,2026-09-12T19:58:38Z,162716
submissions/CIK0001324404.json,https://data.sec.gov/submissions/CIK0001324404.json,2026-09-12T19:58:39Z,159524
submissions/CIK0001100682.json,https://data.sec.gov/submissions/CIK0001100682.json,2026-09-12T19:58:40Z,159870
submissions/CIK0000316709.json,https://data.sec.gov/submissions/CIK0000316709.json,2026-09-12T19:58:41Z,159086
submissions/CIK0001091667.json,https://data.sec.gov/submissions/CIK0001091667.json,2026-09-12T19:58:43Z,163388
submissions/CIK0000093410.json,https://data.sec.gov/submissions/CIK0000093410.json,2026-09-12T19:58:44Z,157822
submissions/CIK0001058090.json,https://data.sec.gov/submissions/CIK0001058090.json,2026-09-12T19:58:46Z,160082
submissions/CIK0000896159.json,https://data.sec.gov/submissions/CIK0000896159.json,2026-09-12T19:58:47Z,156999
submissions/CIK0000313927.json,https://data.sec.gov/submissions/CIK0000313927.json,2026-09-12T19:58:48Z,156665
submissions/CIK0000936395.json,https://data.sec.gov/submissions/CIK0000936395.json,2026-09-12T19:58:49Z,158691
submissions/CIK0001739940.json,https://data.sec.gov/submissions/CIK0001739940.json,2026-09-12T19:58:50Z,150050
submissions/CIK0000020286.json,https://data.sec.gov/submissions/CIK0000020286.json,2026-09-12T19:58:51Z,167087
submissions/CIK0000723254.json,https://data.sec.gov/submissions/CIK0000723254.json,2026-09-12T19:58:53Z,154178
submissions/CIK0000858877.json,https://data.sec.gov/submissions/CIK0000858877.json,2026-09-12T19:58:54Z,157648
submissions/CIK0000831001.json,https://data.sec.gov/submissions/CIK0000831001.json,2026-09-12T19:58:56Z,2353878
submissions/CIK0000759944.json,https://data.sec.gov/submissions/CIK0000759944.json,2026-09-12T19:58:57Z,163597
submissions/CIK0000021076.json,https://data.sec.gov/submissions/CIK0000021076.json,2026-09-12T19:58:59Z,149520
submissions/CIK0001156375.json,https://data.sec.gov/submissions/CIK0001156375.json,2026-09-12T19:59:00Z,163155
submissions/CIK0000811156.json,https://data.sec.gov/submissions/CIK0000811156.json,2026-09-12T19:59:02Z,163153
submissions/CIK0000021344.json,https://data.sec.gov/submissions/CIK0000021344.json,2026-09-12T19:59:03Z,158788
submissions/CIK0001058290.json,https://data.sec.gov/submissions/CIK0001058290.json,2026-09-12T19:59:04Z,161510
submissions/CIK0000820318.json,https://data.sec.gov/submissions/CIK0000820318.json,2026-09-12T19:59:05Z,159872
submissions/CIK0001679788.json,https://data.sec.gov/submissions/CIK0001679788.json,2026-09-12T19:59:06Z,160316
submissions/CIK0000021665.json,https://data.sec.gov/submissions/CIK0000021665.json,2026-09-12T19:59:08Z,147592
submissions/CIK0001166691.json,https://data.sec.gov/submissions/CIK0001166691.json,2026-09-12T19:59:09Z,148618
submissions/CIK0001035983.json,https://data.sec.gov/submissions/CIK0001035983.json,2026-09-12T19:59:10Z,157772
submissions/CIK0001163165.json,https://data.sec.gov/submissions/CIK0001163165.json,2026-09-12T19:59:11Z,156064
submissions/CIK0001047862.json,https://data.sec.gov/submissions/CIK0001047862.json,2026-09-12T19:59:13Z,169001
submissions/CIK0000016918.json,https://data.sec.gov/submissions/CIK0000016918.json,2026-09-12T19:59:14Z,161207
submissions/CIK0001868275.json,https://data.sec.gov/submissions/CIK0001868275.json,2026-09-12T19:59:15Z,61286
submissions/CIK0000711404.json,https://data.sec.gov/submissions/CIK0000711404.json,2026-09-12T19:59:17Z,161206
submissions/CIK0000900075.json,https://data.sec.gov/submissions/CIK0000900075.json,2026-09-12T19:59:18Z,159747
submissions/CIK0000024741.json,https://data.sec.gov/submissions/CIK0000024741.json,2026-09-12T19:59:19Z,157179
submissions/CIK0001175454.json,https://data.sec.gov/submissions/CIK0001175454.json,2026-09-12T19:59:20Z,158004
submissions/CIK0001755672.json,https://data.sec.gov/submissions/CIK0001755672.json,2026-09-12T19:59:21Z,99669
submissions/CIK0001057352.json,https://data.sec.gov/submissions/CIK0001057352.json,2026-09-12T19:59:21Z,164461
submissions/CIK0000909832.json,https://data.sec.gov/submissions/CIK0000909832.json,2026-09-12T19:59:21Z,158961
submissions/CIK0000849395.json,https://data.sec.gov/submissions/CIK0000849395.json,2026-09-12T19:59:22Z,172408
submissions/CIK0001535527.json,https://data.sec.gov/submissions/CIK0001535527.json,2026-09-12T19:59:22Z,156874
submissions/CIK0001051470.json,https://data.sec.gov/submissions/CIK0001051470.json,2026-09-12T19:59:22Z,167228
submissions/CIK0000277948.json,https://data.sec.gov/submissions/CIK0000277948.json,2026-09-12T19:59:23Z,158479
submissions/CIK0000026172.json,https://data.sec.gov/submissions/CIK0000026172.json,2026-09-12T19:59:23Z,147732
submissions/CIK0000064803.json,https://data.sec.gov/submissions/CIK0000064803.json,2026-09-12T19:59:23Z,158930
submissions/CIK0000313616.json,https://data.sec.gov/submissions/CIK0000313616.json,2026-09-12T19:59:24Z,160715
submissions/CIK0000940944.json,https://data.sec.gov/submissions/CIK0000940944.json,2026-09-12T19:59:24Z,144924
submissions/CIK0001561550.json,https://data.sec.gov/submissions/CIK0001561550.json,2026-09-12T19:59:24Z,156766
submissions/CIK0000927066.json,https://data.sec.gov/submissions/CIK0000927066.json,2026-09-12T19:59:24Z,163993
submissions/CIK0000910521.json,https://data.sec.gov/submissions/CIK0000910521.json,2026-09-12T19:59:25Z,161810
submissions/CIK0000315189.json,https://data.sec.gov/submissions/CIK0000315189.json,2026-09-12T19:59:25Z,163852
submissions/CIK0001571996.json,https://data.sec.gov/submissions/CIK0001571996.json,2026-09-12T19:59:25Z,156382
submissions/CIK0000027904.json,https://data.sec.gov/submissions/CIK0000027904.json,2026-09-12T19:59:26Z,154789
submissions/CIK0001090012.json,https://data.sec.gov/submissions/CIK0001090012.json,2026-09-12T19:59:26Z,159177
submissions/CIK0001093557.json,https://data.sec.gov/submissions/CIK0001093557.json,2026-09-12T19:59:26Z,159209
submissions/CIK0001539838.json,https://data.sec.gov/submissions/CIK0001539838.json,2026-09-12T19:59:27Z,165157
submissions/CIK0001297996.json,https://data.sec.gov/submissions/CIK0001297996.json,2026-09-12T19:59:27Z,161227
submissions/CIK0000029534.json,https://data.sec.gov/submissions/CIK0000029534.json,2026-09-12T19:59:28Z,171311
submissions/CIK0000935703.json,https://data.sec.gov/submissions/CIK0000935703.json,2026-09-12T19:59:28Z,163740
submissions/CIK0000715957.json,https://data.sec.gov/submissions/CIK0000715957.json,2026-09-12T19:59:28Z,155310
submissions/CIK0001286681.json,https://data.sec.gov/submissions/CIK0001286681.json,2026-09-12T19:59:29Z,155990
submissions/CIK0001792789.json,https://data.sec.gov/submissions/CIK0001792789.json,2026-09-12T19:59:29Z,157207
submissions/CIK0000029905.json,https://data.sec.gov/submissions/CIK0000029905.json,2026-09-12T19:59:30Z,168469
submissions/CIK0001751788.json,https://data.sec.gov/submissions/CIK0001751788.json,2026-09-12T19:59:30Z,105558
submissions/CIK0000882184.json,https://data.sec.gov/submissions/CIK0000882184.json,2026-09-12T19:59:30Z,169198
submissions/CIK0000936340.json,https://data.sec.gov/submissions/CIK0000936340.json,2026-09-12T19:59:31Z,167485
submissions/CIK0001326160.json,https://data.sec.gov/submissions/CIK0001326160.json,2026-09-12T19:59:31Z,165586
submissions/CIK0001666700.json,https://data.sec.gov/submissions/CIK0001666700.json,2026-09-12T19:59:31Z,167089
submissions/CIK0001551182.json,https://data.sec.gov/submissions/CIK0001551182.json,2026-09-12T19:59:32Z,166972
submissions/CIK0001065088.json,https://data.sec.gov/submissions/CIK0001065088.json,2026-09-12T19:59:32Z,158455
submissions/CIK0001415404.json,https://data.sec.gov/submissions/CIK0001415404.json,2026-09-12T19:59:32Z,164065
submissions/CIK0000031462.json,https://data.sec.gov/submissions/CIK0000031462.json,2026-09-12T19:59:33Z,157270
submissions/CIK0000827052.json,https://data.sec.gov/submissions/CIK0000827052.json,2026-09-12T19:59:33Z,167425
submissions/CIK0001099800.json,https://data.sec.gov/submissions/CIK0001099800.json,2026-09-12T19:59:33Z,144420
submissions/CIK0001156039.json,https://data.sec.gov/submissions/CIK0001156039.json,2026-09-12T19:59:33Z,159906
submissions/CIK0000105634.json,https://data.sec.gov/submissions/CIK0000105634.json,2026-09-12T19:59:34Z,172692
submissions/CIK0000032604.json,https://data.sec.gov/submissions/CIK0000032604.json,2026-09-12T19:59:34Z,163598
submissions/CIK0000065984.json,https://data.sec.gov/submissions/CIK0000065984.json,2026-09-12T19:59:34Z,169450
submissions/CIK0000821189.json,https://data.sec.gov/submissions/CIK0000821189.json,2026-09-12T19:59:35Z,156778
submissions/CIK0000033213.json,https://data.sec.gov/submissions/CIK0000033213.json,2026-09-12T19:59:35Z,161496
submissions/CIK0000033185.json,https://data.sec.gov/submissions/CIK0000033185.json,2026-09-12T19:59:35Z,148420
submissions/CIK0001101239.json,https://data.sec.gov/submissions/CIK0001101239.json,2026-09-12T19:59:35Z,158893
submissions/CIK0000922621.json,https://data.sec.gov/submissions/CIK0000922621.json,2026-09-12T19:59:36Z,156879
submissions/CIK0000920522.json,https://data.sec.gov/submissions/CIK0000920522.json,2026-09-12T19:59:36Z,167844
submissions/CIK0001001250.json,https://data.sec.gov/submissions/CIK0001001250.json,2026-09-12T19:59:36Z,162459
submissions/CIK0001095073.json,https://data.sec.gov/submissions/CIK0001095073.json,2026-09-12T19:59:37Z,158960
submissions/CIK0001711269.json,https://data.sec.gov/submissions/CIK0001711269.json,2026-09-12T19:59:37Z,119399
submissions/CIK0000072741.json,https://data.sec.gov/submissions/CIK0000072741.json,2026-09-12T19:59:37Z,162371
submissions/CIK0001109357.json,https://data.sec.gov/submissions/CIK0001109357.json,2026-09-12T19:59:38Z,169977
submissions/CIK0000895126.json,https://data.sec.gov/submissions/CIK0000895126.json,2026-09-12T19:59:38Z,166398
submissions/CIK0001324424.json,https://data.sec.gov/submissions/CIK0001324424.json,2026-09-12T19:59:38Z,147429
submissions/CIK0000746515.json,https://data.sec.gov/submissions/CIK0000746515.json,2026-09-12T19:59:39Z,158793
submissions/CIK0001289490.json,https://data.sec.gov/submissions/CIK0001289490.json,2026-09-12T19:59:39Z,157076
submissions/CIK0002115436.json,https://data.sec.gov/submissions/CIK0002115436.json,2026-09-12T19:59:39Z,6154
submissions/CIK0001048695.json,https://data.sec.gov/submissions/CIK0001048695.json,2026-09-12T19:59:40Z,158134
submissions/CIK0001013237.json,https://data.sec.gov/submissions/CIK0001013237.json,2026-09-12T19:59:40Z,162016
submissions/CIK0000814547.json,https://data.sec.gov/submissions/CIK0000814547.json,2026-09-12T19:59:41Z,167110
submissions/CIK0000815556.json,https://data.sec.gov/submissions/CIK0000815556.json,2026-09-12T19:59:42Z,158189
submissions/CIK0000034903.json,https://data.sec.gov/submissions/CIK0000034903.json,2026-09-12T19:59:44Z,163357
submissions/CIK0001048911.json,https://data.sec.gov/submissions/CIK0001048911.json,2026-09-12T19:59:45Z,161906
submissions/CIK0002082247.json,https://data.sec.gov/submissions/CIK0002082247.json,2026-09-12T19:59:46Z,12397
submissions/CIK0002011641.json,https://data.sec.gov/submissions/CIK0002011641.json,2026-09-12T19:59:47Z,39930
submissions/CIK0001136893.json,https://data.sec.gov/submissions/CIK0001136893.json,2026-09-12T19:59:49Z,161784
submissions/CIK0000035527.json,https://data.sec.gov/submissions/CIK0000035527.json,2026-09-12T19:59:50Z,162974
submissions/CIK0001274494.json,https://data.sec.gov/submissions/CIK0001274494.json,2026-09-12T19:59:51Z,157451
submissions/CIK0001031296.json,https://data.sec.gov/submissions/CIK0001031296.json,2026-09-12T19:59:53Z,159654
submissions/CIK0000798354.json,https://data.sec.gov/submissions/CIK0000798354.json,2026-09-12T19:59:54Z,158747
submissions/CIK0000866374.json,https://data.sec.gov/submissions/CIK0000866374.json,2026-09-12T19:59:55Z,160549
submissions/CIK0000037996.json,https://data.sec.gov/submissions/CIK0000037996.json,2026-09-12T19:59:56Z,161699
submissions/CIK0001262039.json,https://data.sec.gov/submissions/CIK0001262039.json,2026-09-12T19:59:58Z,156406
submissions/CIK0001659166.json,https://data.sec.gov/submissions/CIK0001659166.json,2026-09-12T19:59:59Z,162747
submissions/CIK0001754301.json,https://data.sec.gov/submissions/CIK0001754301.json,2026-09-12T20:00:00Z,104617
submissions/CIK0000038777.json,https://data.sec.gov/submissions/CIK0000038777.json,2026-09-12T20:00:01Z,157504
submissions/CIK0000831259.json,https://data.sec.gov/submissions/CIK0000831259.json,2026-09-12T20:00:02Z,164724
submissions/CIK0001121788.json,https://data.sec.gov/submissions/CIK0001121788.json,2026-09-12T20:00:02Z,160585
submissions/CIK0000749251.json,https://data.sec.gov/submissions/CIK0000749251.json,2026-09-12T20:00:02Z,156666
submissions/CIK0000040545.json,https://data.sec.gov/submissions/CIK0000040545.json,2026-09-12T20:00:02Z,166292
submissions/CIK0001932393.json,https://data.sec.gov/submissions/CIK0001932393.json,2026-09-12T20:00:03Z,71555
submissions/CIK0001996810.json,https://data.sec.gov/submissions/CIK0001996810.json,2026-09-12T20:00:03Z,34763
submissions/CIK0000849399.json,https://data.sec.gov/submissions/CIK0000849399.json,2026-09-12T20:00:03Z,162328
submissions/CIK0001474735.json,https://data.sec.gov/submissions/CIK0001474735.json,2026-09-12T20:00:04Z,152325
submissions/CIK0000040533.json,https://data.sec.gov/submissions/CIK0000040533.json,2026-09-12T20:00:04Z,154445
submissions/CIK0000040704.json,https://data.sec.gov/submissions/CIK0000040704.json,2026-09-12T20:00:04Z,157684
submissions/CIK0001467858.json,https://data.sec.gov/submissions/CIK0001467858.json,2026-09-12T20:00:05Z,164664
submissions/CIK0000040987.json,https://data.sec.gov/submissions/CIK0000040987.json,2026-09-12T20:00:05Z,158597
submissions/CIK0000882095.json,https://data.sec.gov/submissions/CIK0000882095.json,2026-09-12T20:00:05Z,160632
submissions/CIK0001123360.json,https://data.sec.gov/submissions/CIK0001123360.json,2026-09-12T20:00:05Z,157668
submissions/CIK0000320335.json,https://data.sec.gov/submissions/CIK0000320335.json,2026-09-12T20:00:06Z,176988
submissions/CIK0001609711.json,https://data.sec.gov/submissions/CIK0001609711.json,2026-09-12T20:00:06Z,162859
submissions/CIK0000886982.json,https://data.sec.gov/submissions/CIK0000886982.json,2026-09-12T20:00:06Z,2558083
submissions/CIK0000045012.json,https://data.sec.gov/submissions/CIK0000045012.json,2026-09-12T20:00:07Z,181359
submissions/CIK0000874766.json,https://data.sec.gov/submissions/CIK0000874766.json,2026-09-12T20:00:07Z,149229
submissions/CIK0000046080.json,https://data.sec.gov/submissions/CIK0000046080.json,2026-09-12T20:00:07Z,163908
submissions/CIK0000860730.json,https://data.sec.gov/submissions/CIK0000860730.json,2026-09-12T20:00:08Z,161899
submissions/CIK0000765880.json,https://data.sec.gov/submissions/CIK0000765880.json,2026-09-12T20:00:08Z,162953
submissions/CIK0001000228.json,https://data.sec.gov/submissions/CIK0001000228.json,2026-09-12T20:00:08Z,162201
submissions/CIK0000047111.json,https://data.sec.gov/submissions/CIK0000047111.json,2026-09-12T20:00:09Z,160816
submissions/CIK0001645590.json,https://data.sec.gov/submissions/CIK0001645590.json,2026-09-12T20:00:09Z,177365
submissions/CIK0001585689.json,https://data.sec.gov/submissions/CIK0001585689.json,2026-09-12T20:00:09Z,163768
submissions/CIK0000354950.json,https://data.sec.gov/submissions/CIK0000354950.json,2026-09-12T20:00:10Z,160934
submissions/CIK0002089271.json,https://data.sec.gov/submissions/CIK0002089271.json,2026-09-12T20:00:10Z,13510
submissions/CIK0000773840.json,https://data.sec.gov/submissions/CIK0000773840.json,2026-09-12T20:00:10Z,159260
submissions/CIK0000048465.json,https://data.sec.gov/submissions/CIK0000048465.json,2026-09-12T20:00:11Z,155964
submissions/CIK0001070750.json,https://data.sec.gov/submissions/CIK0001070750.json,2026-09-12T20:00:11Z,160644
submissions/CIK0000004281.json,https://data.sec.gov/submissions/CIK0000004281.json,2026-09-12T20:00:11Z,166841
submissions/CIK0000047217.json,https://data.sec.gov/submissions/CIK0000047217.json,2026-09-12T20:00:11Z,162501
submissions/CIK0000048898.json,https://data.sec.gov/submissions/CIK0000048898.json,2026-09-12T20:00:12Z,163725
submissions/CIK0000049071.json,https://data.sec.gov/submissions/CIK0000049071.json,2026-09-12T20:00:12Z,173938
submissions/CIK0000049196.json,https://data.sec.gov/submissions/CIK0000049196.json,2026-09-12T20:00:13Z,146171
submissions/CIK0001501585.json,https://data.sec.gov/submissions/CIK0001501585.json,2026-09-12T20:00:13Z,156523
submissions/CIK0000051143.json,https://data.sec.gov/submissions/CIK0000051143.json,2026-09-12T20:00:14Z,166091
submissions/CIK0000832101.json,https://data.sec.gov/submissions/CIK0000832101.json,2026-09-12T20:00:14Z,162215
submissions/CIK0000874716.json,https://data.sec.gov/submissions/CIK0000874716.json,2026-09-12T20:00:15Z,154183
submissions/CIK0000049826.json,https://data.sec.gov/submissions/CIK0000049826.json,2026-09-12T20:00:15Z,163270
submissions/CIK0000879169.json,https://data.sec.gov/submissions/CIK0000879169.json,2026-09-12T20:00:15Z,158565
submissions/CIK0001699150.json,https://data.sec.gov/submissions/CIK0001699150.json,2026-09-12T20:00:16Z,141031
submissions/CIK0001145197.json,https://data.sec.gov/submissions/CIK0001145197.json,2026-09-12T20:00:16Z,159621
submissions/CIK0000050863.json,https://data.sec.gov/submissions/CIK0000050863.json,2026-09-12T20:00:16Z,159463
submissions/CIK0001381197.json,https://data.sec.gov/submissions/CIK0001381197.json,2026-09-12T20:00:17Z,149607
submissions/CIK0001571949.json,https://data.sec.gov/submissions/CIK0001571949.json,2026-09-12T20:00:17Z,154596
submissions/CIK0000051253.json,https://data.sec.gov/submissions/CIK0000051253.json,2026-09-12T20:00:17Z,146087
submissions/CIK0000051434.json,https://data.sec.gov/submissions/CIK0000051434.json,2026-09-12T20:00:17Z,160406
submissions/CIK0000896878.json,https://data.sec.gov/submissions/CIK0000896878.json,2026-09-12T20:00:18Z,170160
submissions/CIK0001035267.json,https://data.sec.gov/submissions/CIK0001035267.json,2026-09-12T20:00:18Z,157667
submissions/CIK0000914208.json,https://data.sec.gov/submissions/CIK0000914208.json,2026-09-12T20:00:18Z,162244
submissions/CIK0001687229.json,https://data.sec.gov/submissions/CIK0001687229.json,2026-09-12T20:00:19Z,115306
submissions/CIK0001478242.json,https://data.sec.gov/submissions/CIK0001478242.json,2026-09-12T20:00:19Z,162462
submissions/CIK0001020569.json,https://data.sec.gov/submissions/CIK0001020569.json,2026-09-12T20:00:19Z,163020
submissions/CIK0000728535.json,https://data.sec.gov/submissions/CIK0000728535.json,2026-09-12T20:00:20Z,165800
submissions/CIK0000898293.json,https://data.sec.gov/submissions/CIK0000898293.json,2026-09-12T20:00:20Z,145497
submissions/CIK0000779152.json,https://data.sec.gov/submissions/CIK0000779152.json,2026-09-12T20:00:20Z,172471
submissions/CIK0000052988.json,https://data.sec.gov/submissions/CIK0000052988.json,2026-09-12T20:00:20Z,158225
submissions/CIK0000200406.json,https://data.sec.gov/submissions/CIK0000200406.json,2026-09-12T20:00:21Z,154758
submissions/CIK0000833444.json,https://data.sec.gov/submissions/CIK0000833444.json,2026-09-12T20:00:21Z,158696
submissions/CIK0000019617.json,https://data.sec.gov/submissions/CIK0000019617.json,2026-09-12T20:00:21Z,4608297
submissions/CIK0001944048.json,https://data.sec.gov/submissions/CIK0001944048.json,2026-09-12T20:00:23Z,78525
submissions/CIK0001418135.json,https://data.sec.gov/submissions/CIK0001418135.json,2026-09-12T20:00:24Z,161533
submissions/CIK0000091576.json,https://data.sec.gov/submissions/CIK0000091576.json,2026-09-12T20:00:25Z,161362
submissions/CIK0001601046.json,https://data.sec.gov/submissions/CIK0001601046.json,2026-09-12T20:00:27Z,162057
submissions/CIK0000055785.json,https://data.sec.gov/submissions/CIK0000055785.json,2026-09-12T20:00:28Z,147432
submissions/CIK0000879101.json,https://data.sec.gov/submissions/CIK0000879101.json,2026-09-12T20:00:30Z,161778
submissions/CIK0001506307.json,https://data.sec.gov/submissions/CIK0001506307.json,2026-09-12T20:00:31Z,164063
submissions/CIK0001404912.json,https://data.sec.gov/submissions/CIK0001404912.json,2026-09-12T20:00:32Z,158594
submissions/CIK0000319201.json,https://data.sec.gov/submissions/CIK0000319201.json,2026-09-12T20:00:34Z,159167
submissions/CIK0001637459.json,https://data.sec.gov/submissions/CIK0001637459.json,2026-09-12T20:00:35Z,143681
submissions/CIK0000056873.json,https://data.sec.gov/submissions/CIK0000056873.json,2026-09-12T20:00:36Z,155151
submissions/CIK0000202058.json,https://data.sec.gov/submissions/CIK0000202058.json,2026-09-12T20:00:37Z,160744
submissions/CIK0000920148.json,https://data.sec.gov/submissions/CIK0000920148.json,2026-09-12T20:00:39Z,159242
submissions/CIK0000707549.json,https://data.sec.gov/submissions/CIK0000707549.json,2026-09-12T20:00:40Z,165808
submissions/CIK0001300514.json,https://data.sec.gov/submissions/CIK0001300514.json,2026-09-12T20:00:41Z,167139
submissions/CIK0001336920.json,https://data.sec.gov/submissions/CIK0001336920.json,2026-09-12T20:00:43Z,161781
submissions/CIK0000920760.json,https://data.sec.gov/submissions/CIK0000920760.json,2026-09-12T20:00:44Z,158215
submissions/CIK0001069202.json,https://data.sec.gov/submissions/CIK0001069202.json,2026-09-12T20:00:45Z,157132
submissions/CIK0000059478.json,https://data.sec.gov/submissions/CIK0000059478.json,2026-09-12T20:00:47Z,160160
submissions/CIK0001707925.json,https://data.sec.gov/submissions/CIK0001707925.json,2026-09-12T20:00:48Z,125449
submissions/CIK0001335258.json,https://data.sec.gov/submissions/CIK0001335258.json,2026-09-12T20:00:49Z,162233
submissions/CIK0000936468.json,https://data.sec.gov/submissions/CIK0000936468.json,2026-09-12T20:00:50Z,149562
submissions/CIK0000060086.json,https://data.sec.gov/submissions/CIK0000060086.json,2026-09-12T20:00:52Z,155753
submissions/CIK0000060667.json,https://data.sec.gov/submissions/CIK0000060667.json,2026-09-12T20:00:53Z,164255
submissions/CIK0001397187.json,https://data.sec.gov/submissions/CIK0001397187.json,2026-09-12T20:00:54Z,171837
submissions/CIK0001633978.json,https://data.sec.gov/submissions/CIK0001633978.json,2026-09-12T20:00:55Z,159093
submissions/CIK0001489393.json,https://data.sec.gov/submissions/CIK0001489393.json,2026-09-12T20:00:56Z,165939
submissions/CIK0000036270.json,https://data.sec.gov/submissions/CIK0000036270.json,2026-09-12T20:00:58Z,158482
submissions/CIK0001510295.json,https://data.sec.gov/submissions/CIK0001510295.json,2026-09-12T20:00:59Z,157556
submissions/CIK0001048286.json,https://data.sec.gov/submissions/CIK0001048286.json,2026-09-12T20:01:00Z,147903
submissions/CIK0000062709.json,https://data.sec.gov/submissions/CIK0000062709.json,2026-09-12T20:01:01Z,158279
submissions/CIK0000916076.json,https://data.sec.gov/submissions/CIK0000916076.json,2026-09-12T20:01:03Z,159647
submissions/CIK0001835632.json,https://data.sec.gov/submissions/CIK0001835632.json,2026-09-12T20:01:03Z,132299
submissions/CIK0000062996.json,https://data.sec.gov/submissions/CIK0000062996.json,2026-09-12T20:01:04Z,147854
submissions/CIK0001141391.json,https://data.sec.gov/submissions/CIK0001141391.json,2026-09-12T20:01:04Z,160104
submissions/CIK0000063754.json,https://data.sec.gov/submissions/CIK0000063754.json,2026-09-12T20:01:04Z,183898
submissions/CIK0000063908.json,https://data.sec.gov/submissions/CIK0000063908.json,2026-09-12T20:01:05Z,157403
submissions/CIK0000927653.json,https://data.sec.gov/submissions/CIK0000927653.json,2026-09-12T20:01:05Z,171913
submissions/CIK0001613103.json,https://data.sec.gov/submissions/CIK0001613103.json,2026-09-12T20:01:06Z,161265
submissions/CIK0000310158.json,https://data.sec.gov/submissions/CIK0000310158.json,2026-09-12T20:01:06Z,158732
submissions/CIK0001326801.json,https://data.sec.gov/submissions/CIK0001326801.json,2026-09-12T20:01:06Z,157527
submissions/CIK0001099219.json,https://data.sec.gov/submissions/CIK0001099219.json,2026-09-12T20:01:07Z,164474
submissions/CIK0001037646.json,https://data.sec.gov/submissions/CIK0001037646.json,2026-09-12T20:01:07Z,172453
submissions/CIK0000789570.json,https://data.sec.gov/submissions/CIK0000789570.json,2026-09-12T20:01:08Z,159229
submissions/CIK0000827054.json,https://data.sec.gov/submissions/CIK0000827054.json,2026-09-12T20:01:08Z,161687
submissions/CIK0000723125.json,https://data.sec.gov/submissions/CIK0000723125.json,2026-09-12T20:01:08Z,164728
submissions/CIK0000789019.json,https://data.sec.gov/submissions/CIK0000789019.json,2026-09-12T20:01:08Z,184700
submissions/CIK0000912595.json,https://data.sec.gov/submissions/CIK0000912595.json,2026-09-12T20:01:09Z,159512
submissions/CIK0001682852.json,https://data.sec.gov/submissions/CIK0001682852.json,2026-09-12T20:01:09Z,156920
submissions/CIK0000024545.json,https://data.sec.gov/submissions/CIK0000024545.json,2026-09-12T20:01:09Z,167599
submissions/CIK0001103982.json,https://data.sec.gov/submissions/CIK0001103982.json,2026-09-12T20:01:10Z,161537
submissions/CIK0001280452.json,https://data.sec.gov/submissions/CIK0001280452.json,2026-09-12T20:01:10Z,163636
submissions/CIK0000865752.json,https://data.sec.gov/submissions/CIK0000865752.json,2026-09-12T20:01:10Z,152989
submissions/CIK0001059556.json,https://data.sec.gov/submissions/CIK0001059556.json,2026-09-12T20:01:11Z,158882
submissions/CIK0000895421.json,https://data.sec.gov/submissions/CIK0000895421.json,2026-09-12T20:01:11Z,3919806
submissions/CIK0001285785.json,https://data.sec.gov/submissions/CIK0001285785.json,2026-09-12T20:01:11Z,174412
submissions/CIK0000068505.json,https://data.sec.gov/submissions/CIK0000068505.json,2026-09-12T20:01:12Z,168387
submissions/CIK0001408198.json,https://data.sec.gov/submissions/CIK0001408198.json,2026-09-12T20:01:12Z,161251
submissions/CIK0001120193.json,https://data.sec.gov/submissions/CIK0001120193.json,2026-09-12T20:01:13Z,157718
submissions/CIK0001002047.json,https://data.sec.gov/submissions/CIK0001002047.json,2026-09-12T20:01:13Z,156978
submissions/CIK0001065280.json,https://data.sec.gov/submissions/CIK0001065280.json,2026-09-12T20:01:14Z,159387
submissions/CIK0001164727.json,https://data.sec.gov/submissions/CIK0001164727.json,2026-09-12T20:01:14Z,173726
submissions/CIK0001564708.json,https://data.sec.gov/submissions/CIK0001564708.json,2026-09-12T20:01:15Z,170161
submissions/CIK0000753308.json,https://data.sec.gov/submissions/CIK0000753308.json,2026-09-12T20:01:15Z,173370
submissions/CIK0000320187.json,https://data.sec.gov/submissions/CIK0000320187.json,2026-09-12T20:01:15Z,160179
submissions/CIK0001111711.json,https://data.sec.gov/submissions/CIK0001111711.json,2026-09-12T20:01:15Z,159997
submissions/CIK0000072331.json,https://data.sec.gov/submissions/CIK0000072331.json,2026-09-12T20:01:16Z,163513
submissions/CIK0000702165.json,https://data.sec.gov/submissions/CIK0000702165.json,2026-09-12T20:01:16Z,148916
submissions/CIK0000073124.json,https://data.sec.gov/submissions/CIK0000073124.json,2026-09-12T20:01:16Z,162674
submissions/CIK0001133421.json,https://data.sec.gov/submissions/CIK0001133421.json,2026-09-12T20:01:17Z,156092
submissions/CIK0001513761.json,https://data.sec.gov/submissions/CIK0001513761.json,2026-09-12T20:01:17Z,167639
submissions/CIK0001013871.json,https://data.sec.gov/submissions/CIK0001013871.json,2026-09-12T20:01:17Z,148230
submissions/CIK0000073309.json,https://data.sec.gov/submissions/CIK0000073309.json,2026-09-12T20:01:18Z,157640
submissions/CIK0001045810.json,https://data.sec.gov/submissions/CIK0001045810.json,2026-09-12T20:01:18Z,159883
submissions/CIK0000906163.json,https://data.sec.gov/submissions/CIK0000906163.json,2026-09-12T20:01:18Z,161440
submissions/CIK0001413447.json,https://data.sec.gov/submissions/CIK0001413447.json,2026-09-12T20:01:18Z,163408
submissions/CIK0000898173.json,https://data.sec.gov/submissions/CIK0000898173.json,2026-09-12T20:01:19Z,160090
submissions/CIK0000797468.json,https://data.sec.gov/submissions/CIK0000797468.json,2026-09-12T20:01:19Z,156643
submissions/CIK0000878927.json,https://data.sec.gov/submissions/CIK0000878927.json,2026-09-12T20:01:19Z,154103
submissions/CIK0000029989.json,https://data.sec.gov/submissions/CIK0000029989.json,2026-09-12T20:01:20Z,157110
submissions/CIK0001097864.json,https://data.sec.gov/submissions/CIK0001097864.json,2026-09-12T20:01:20Z,146714
submissions/CIK0001039684.json,https://data.sec.gov/submissions/CIK0001039684.json,2026-09-12T20:01:20Z,166905
submissions/CIK0001341439.json,https://data.sec.gov/submissions/CIK0001341439.json,2026-09-12T20:01:21Z,158569
submissions/CIK0001781335.json,https://data.sec.gov/submissions/CIK0001781335.json,2026-09-12T20:01:21Z,96337
submissions/CIK0000075362.json,https://data.sec.gov/submissions/CIK0000075362.json,2026-09-12T20:01:21Z,141353
submissions/CIK0000075677.json,https://data.sec.gov/submissions/CIK0000075677.json,2026-09-12T20:01:22Z,158411
submissions/CIK0001321655.json,https://data.sec.gov/submissions/CIK0001321655.json,2026-09-12T20:01:22Z,158091
submissions/CIK0001327567.json,https://data.sec.gov/submissions/CIK0001327567.json,2026-09-12T20:01:22Z,155548
submissions/CIK0002041610.json,https://data.sec.gov/submissions/CIK0002041610.json,2026-09-12T20:01:23Z,32834
submissions/CIK0000076334.json,https://data.sec.gov/submissions/CIK0000076334.json,2026-09-12T20:01:24Z,174187
submissions/CIK0000723531.json,https://data.sec.gov/submissions/CIK0000723531.json,2026-09-12T20:01:25Z,157437
submissions/CIK0001633917.json,https://data.sec.gov/submissions/CIK0001633917.json,2026-09-12T20:01:26Z,159376
submissions/CIK0000077360.json,https://data.sec.gov/submissions/CIK0000077360.json,2026-09-12T20:01:28Z,153513
submissions/CIK0000077476.json,https://data.sec.gov/submissions/CIK0000077476.json,2026-09-12T20:01:29Z,162290
submissions/CIK0000078003.json,https://data.sec.gov/submissions/CIK0000078003.json,2026-09-12T20:01:30Z,145938
submissions/CIK0001004980.json,https://data.sec.gov/submissions/CIK0001004980.json,2026-09-12T20:01:32Z,165256
submissions/CIK0001413329.json,https://data.sec.gov/submissions/CIK0001413329.json,2026-09-12T20:01:33Z,158549
submissions/CIK0001534701.json,https://data.sec.gov/submissions/CIK0001534701.json,2026-09-12T20:01:34Z,163495
submissions/CIK0000764622.json,https://data.sec.gov/submissions/CIK0000764622.json,2026-09-12T20:01:36Z,163092
submissions/CIK0000713676.json,https://data.sec.gov/submissions/CIK0000713676.json,2026-09-12T20:01:37Z,159855
submissions/CIK0000079879.json,https://data.sec.gov/submissions/CIK0000079879.json,2026-09-12T20:01:38Z,158749
submissions/CIK0000922224.json,https://data.sec.gov/submissions/CIK0000922224.json,2026-09-12T20:01:39Z,156842
submissions/CIK0001126328.json,https://data.sec.gov/submissions/CIK0001126328.json,2026-09-12T20:01:40Z,185423
submissions/CIK0000080424.json,https://data.sec.gov/submissions/CIK0000080424.json,2026-09-12T20:01:41Z,160631
submissions/CIK0000080661.json,https://data.sec.gov/submissions/CIK0000080661.json,2026-09-12T20:01:43Z,155782
submissions/CIK0001045609.json,https://data.sec.gov/submissions/CIK0001045609.json,2026-09-12T20:01:44Z,156028
submissions/CIK0001137774.json,https://data.sec.gov/submissions/CIK0001137774.json,2026-09-12T20:01:45Z,158927
submissions/CIK0000788784.json,https://data.sec.gov/submissions/CIK0000788784.json,2026-09-12T20:01:45Z,149972
submissions/CIK0000857005.json,https://data.sec.gov/submissions/CIK0000857005.json,2026-09-12T20:01:45Z,160583
submissions/CIK0001393311.json,https://data.sec.gov/submissions/CIK0001393311.json,2026-09-12T20:01:46Z,158146
submissions/CIK0000822416.json,https://data.sec.gov/submissions/CIK0000822416.json,2026-09-12T20:01:46Z,165229
submissions/CIK0001050915.json,https://data.sec.gov/submissions/CIK0001050915.json,2026-09-12T20:01:46Z,161930
submissions/CIK0000804328.json,https://data.sec.gov/submissions/CIK0000804328.json,2026-09-12T20:01:47Z,159512
submissions/CIK0001022079.json,https://data.sec.gov/submissions/CIK0001022079.json,2026-09-12T20:01:47Z,163582
submissions/CIK0002058873.json,https://data.sec.gov/submissions/CIK0002058873.json,2026-09-12T20:01:47Z,23530
submissions/CIK0001037038.json,https://data.sec.gov/submissions/CIK0001037038.json,2026-09-12T20:01:48Z,167990
submissions/CIK0000720005.json,https://data.sec.gov/submissions/CIK0000720005.json,2026-09-12T20:01:48Z,148843
submissions/CIK0001713445.json,https://data.sec.gov/submissions/CIK0001713445.json,2026-09-12T20:01:48Z,76390
submissions/CIK0000101829.json,https://data.sec.gov/submissions/CIK0000101829.json,2026-09-12T20:01:49Z,149712
submissions/CIK0000726728.json,https://data.sec.gov/submissions/CIK0000726728.json,2026-09-12T20:01:49Z,164592
submissions/CIK0000910606.json,https://data.sec.gov/submissions/CIK0000910606.json,2026-09-12T20:01:49Z,154265
submissions/CIK0000872589.json,https://data.sec.gov/submissions/CIK0000872589.json,2026-09-12T20:01:50Z,160055
submissions/CIK0001281761.json,https://data.sec.gov/submissions/CIK0001281761.json,2026-09-12T20:01:50Z,152206
submissions/CIK0001060391.json,https://data.sec.gov/submissions/CIK0001060391.json,2026-09-12T20:01:50Z,157739
submissions/CIK0000943819.json,https://data.sec.gov/submissions/CIK0000943819.json,2026-09-12T20:01:51Z,155714
submissions/CIK0000031791.json,https://data.sec.gov/submissions/CIK0000031791.json,2026-09-12T20:01:51Z,159193
submissions/CIK0001783879.json,https://data.sec.gov/submissions/CIK0001783879.json,2026-09-12T20:01:52Z,159755
submissions/CIK0001024478.json,https://data.sec.gov/submissions/CIK0001024478.json,2026-09-12T20:01:52Z,160840
submissions/CIK0000084839.json,https://data.sec.gov/submissions/CIK0000084839.json,2026-09-12T20:01:52Z,163249
submissions/CIK0000882835.json,https://data.sec.gov/submissions/CIK0000882835.json,2026-09-12T20:01:53Z,158255
submissions/CIK0000745732.json,https://data.sec.gov/submissions/CIK0000745732.json,2026-09-12T20:01:53Z,155861
submissions/CIK0000884887.json,https://data.sec.gov/submissions/CIK0000884887.json,2026-09-12T20:01:53Z,155912
submissions/CIK0000064040.json,https://data.sec.gov/submissions/CIK0000064040.json,2026-09-12T20:01:54Z,164144
submissions/CIK0001108524.json,https://data.sec.gov/submissions/CIK0001108524.json,2026-09-12T20:01:54Z,156489
submissions/CIK0002023554.json,https://data.sec.gov/submissions/CIK0002023554.json,2026-09-12T20:01:54Z,37190
submissions/CIK0001034054.json,https://data.sec.gov/submissions/CIK0001034054.json,2026-09-12T20:01:55Z,160127
submissions/CIK0000087347.json,https://data.sec.gov/submissions/CIK0000087347.json,2026-09-12T20:01:55Z,158129
submissions/CIK0001137789.json,https://data.sec.gov/submissions/CIK0001137789.json,2026-09-12T20:01:55Z,164149
submissions/CIK0001032208.json,https://data.sec.gov/submissions/CIK0001032208.json,2026-09-12T20:01:56Z,172902
submissions/CIK0001373715.json,https://data.sec.gov/submissions/CIK0001373715.json,2026-09-12T20:01:56Z,159766
submissions/CIK0000089800.json,https://data.sec.gov/submissions/CIK0000089800.json,2026-09-12T20:01:56Z,158102
submissions/CIK0001063761.json,https://data.sec.gov/submissions/CIK0001063761.json,2026-09-12T20:01:56Z,157579
submissions/CIK0000004127.json,https://data.sec.gov/submissions/CIK0000004127.json,2026-09-12T20:01:57Z,160278
submissions/CIK0000091419.json,https://data.sec.gov/submissions/CIK0000091419.json,2026-09-12T20:01:57Z,160459
submissions/CIK0002005951.json,https://data.sec.gov/submissions/CIK0002005951.json,2026-09-12T20:01:58Z,65527
submissions/CIK0000091440.json,https://data.sec.gov/submissions/CIK0000091440.json,2026-09-12T20:01:58Z,158532
submissions/CIK0001964738.json,https://data.sec.gov/submissions/CIK0001964738.json,2026-09-12T20:01:58Z,42589
submissions/CIK0000092122.json,https://data.sec.gov/submissions/CIK0000092122.json,2026-09-12T20:01:59Z,156698
submissions/CIK0000092380.json,https://data.sec.gov/submissions/CIK0000092380.json,2026-09-12T20:01:59Z,170714
submissions/CIK0000093556.json,https://data.sec.gov/submissions/CIK0000093556.json,2026-09-12T20:02:00Z,157779
submissions/CIK0000829224.json,https://data.sec.gov/submissions/CIK0000829224.json,2026-09-12T20:02:00Z,162169
submissions/CIK0000093751.json,https://data.sec.gov/submissions/CIK0000093751.json,2026-09-12T20:02:00Z,163446
submissions/CIK0001022671.json,https://data.sec.gov/submissions/CIK0001022671.json,2026-09-12T20:02:01Z,179573
submissions/CIK0001757898.json,https://data.sec.gov/submissions/CIK0001757898.json,2026-09-12T20:02:01Z,107691
submissions/CIK0000310764.json,https://data.sec.gov/submissions/CIK0000310764.json,2026-09-12T20:02:01Z,163479
submissions/CIK0001375365.json,https://data.sec.gov/submissions/CIK0001375365.json,2026-09-12T20:02:02Z,163808
submissions/CIK0001601712.json,https://data.sec.gov/submissions/CIK0001601712.json,2026-09-12T20:02:02Z,162674
submissions/CIK0000883241.json,https://data.sec.gov/submissions/CIK0000883241.json,2026-09-12T20:02:02Z,159586
submissions/CIK0000096021.json,https://data.sec.gov/submissions/CIK0000096021.json,2026-09-12T20:02:02Z,161063
submissions/CIK0001283699.json,https://data.sec.gov/submissions/CIK0001283699.json,2026-09-12T20:02:03Z,161449
submissions/CIK0001113169.json,https://data.sec.gov/submissions/CIK0001113169.json,2026-09-12T20:02:03Z,163720
submissions/CIK0000946581.json,https://data.sec.gov/submissions/CIK0000946581.json,2026-09-12T20:02:03Z,157980
submissions/CIK0001116132.json,https://data.sec.gov/submissions/CIK0001116132.json,2026-09-12T20:02:04Z,151723
submissions/CIK0001389170.json,https://data.sec.gov/submissions/CIK0001389170.json,2026-09-12T20:02:04Z,157367
submissions/CIK0000027419.json,https://data.sec.gov/submissions/CIK0000027419.json,2026-09-12T20:02:04Z,149794
submissions/CIK0001385157.json,https://data.sec.gov/submissions/CIK0001385157.json,2026-09-12T20:02:05Z,149816
submissions/CIK0001094285.json,https://data.sec.gov/submissions/CIK0001094285.json,2026-09-12T20:02:05Z,167601
submissions/CIK0000097210.json,https://data.sec.gov/submissions/CIK0000097210.json,2026-09-12T20:02:05Z,156873
submissions/CIK0001318605.json,https://data.sec.gov/submissions/CIK0001318605.json,2026-09-12T20:02:05Z,162409
submissions/CIK0000097476.json,https://data.sec.gov/submissions/CIK0000097476.json,2026-09-12T20:02:06Z,157897
submissions/CIK0001811074.json,https://data.sec.gov/submissions/CIK0001811074.json,2026-09-12T20:02:06Z,150314
submissions/CIK0000217346.json,https://data.sec.gov/submissions/CIK0000217346.json,2026-09-12T20:02:06Z,161346
submissions/CIK0000097745.json,https://data.sec.gov/submissions/CIK0000097745.json,2026-09-12T20:02:07Z,158637
submissions/CIK0000109198.json,https://data.sec.gov/submissions/CIK0000109198.json,2026-09-12T20:02:07Z,158022
submissions/CIK0001973266.json,https://data.sec.gov/submissions/CIK0001973266.json,2026-09-12T20:02:07Z,62001
submissions/CIK0001671933.json,https://data.sec.gov/submissions/CIK0001671933.json,2026-09-12T20:02:07Z,159568
submissions/CIK0000916365.json,https://data.sec.gov/submissions/CIK0000916365.json,2026-09-12T20:02:08Z,170945
submissions/CIK0001466258.json,https://data.sec.gov/submissions/CIK0001466258.json,2026-09-12T20:02:08Z,163658
submissions/CIK0001260221.json,https://data.sec.gov/submissions/CIK0001260221.json,2026-09-12T20:02:08Z,157157
submissions/CIK0000086312.json,https://data.sec.gov/submissions/CIK0000086312.json,2026-09-12T20:02:09Z,158730
submissions/CIK0000864749.json,https://data.sec.gov/submissions/CIK0000864749.json,2026-09-12T20:02:09Z,163293
submissions/CIK0000092230.json,https://data.sec.gov/submissions/CIK0000092230.json,2026-09-12T20:02:09Z,163763
submissions/CIK0000860731.json,https://data.sec.gov/submissions/CIK0000860731.json,2026-09-12T20:02:09Z,161099
submissions/CIK0000100493.json,https://data.sec.gov/submissions/CIK0000100493.json,2026-09-12T20:02:10Z,165117
submissions/CIK0000036104.json,https://data.sec.gov/submissions/CIK0000036104.json,2026-09-12T20:02:10Z,159887
submissions/CIK0001543151.json,https://data.sec.gov/submissions/CIK0001543151.json,2026-09-12T20:02:10Z,163517
submissions/CIK0000074208.json,https://data.sec.gov/submissions/CIK0000074208.json,2026-09-12T20:02:11Z,159075
submissions/CIK0001403568.json,https://data.sec.gov/submissions/CIK0001403568.json,2026-09-12T20:02:11Z,156511
submissions/CIK0000100885.json,https://data.sec.gov/submissions/CIK0000100885.json,2026-09-12T20:02:11Z,156379
submissions/CIK0000100517.json,https://data.sec.gov/submissions/CIK0000100517.json,2026-09-12T20:02:12Z,162200
submissions/CIK0001090727.json,https://data.sec.gov/submissions/CIK0001090727.json,2026-09-12T20:02:12Z,148435
submissions/CIK0001067701.json,https://data.sec.gov/submissions/CIK0001067701.json,2026-09-12T20:02:12Z,155703
submissions/CIK0000731766.json,https://data.sec.gov/submissions/CIK0000731766.json,2026-09-12T20:02:13Z,159078
submissions/CIK0000352915.json,https://data.sec.gov/submissions/CIK0000352915.json,2026-09-12T20:02:13Z,162138
submissions/CIK0001035002.json,https://data.sec.gov/submissions/CIK0001035002.json,2026-09-12T20:02:14Z,165392
submissions/CIK0001393052.json,https://data.sec.gov/submissions/CIK0001393052.json,2026-09-12T20:02:14Z,160045
submissions/CIK0000740260.json,https://data.sec.gov/submissions/CIK0000740260.json,2026-09-12T20:02:15Z,162900
submissions/CIK0001967680.json,https://data.sec.gov/submissions/CIK0001967680.json,2026-09-12T20:02:15Z,49028
submissions/CIK0001014473.json,https://data.sec.gov/submissions/CIK0001014473.json,2026-09-12T20:02:15Z,162417
submissions/CIK0001442145.json,https://data.sec.gov/submissions/CIK0001442145.json,2026-09-12T20:02:16Z,156293
submissions/CIK0000732712.json,https://data.sec.gov/submissions/CIK0000732712.json,2026-09-12T20:02:16Z,177357
submissions/CIK0000875320.json,https://data.sec.gov/submissions/CIK0000875320.json,2026-09-12T20:02:16Z,157900
submissions/CIK0001674101.json,https://data.sec.gov/submissions/CIK0001674101.json,2026-09-12T20:02:16Z,140744
submissions/CIK0001792044.json,https://data.sec.gov/submissions/CIK0001792044.json,2026-09-12T20:02:17Z,84603
submissions/CIK0001705696.json,https://data.sec.gov/submissions/CIK0001705696.json,2026-09-12T20:02:17Z,128857
submissions/CIK0001403161.json,https://data.sec.gov/submissions/CIK0001403161.json,2026-09-12T20:02:17Z,159582
submissions/CIK0001692819.json,https://data.sec.gov/submissions/CIK0001692819.json,2026-09-12T20:02:18Z,159528
submissions/CIK0000906107.json,https://data.sec.gov/submissions/CIK0000906107.json,2026-09-12T20:02:18Z,157580
submissions/CIK0001396009.json,https://data.sec.gov/submissions/CIK0001396009.json,2026-09-12T20:02:19Z,162337
submissions/CIK0000011544.json,https://data.sec.gov/submissions/CIK0000011544.json,2026-09-12T20:02:19Z,167685
submissions/CIK0000277135.json,https://data.sec.gov/submissions/CIK0000277135.json,2026-09-12T20:02:19Z,159847
submissions/CIK0000943452.json,https://data.sec.gov/submissions/CIK0000943452.json,2026-09-12T20:02:20Z,161139
submissions/CIK0000104169.json,https://data.sec.gov/submissions/CIK0000104169.json,2026-09-12T20:02:20Z,157410
submissions/CIK0001744489.json,https://data.sec.gov/submissions/CIK0001744489.json,2026-09-12T20:02:20Z,166404
submissions/CIK0001437107.json,https://data.sec.gov/submissions/CIK0001437107.json,2026-09-12T20:02:21Z,163953
submissions/CIK0000823768.json,https://data.sec.gov/submissions/CIK0000823768.json,2026-09-12T20:02:21Z,148467
submissions/CIK0001000697.json,https://data.sec.gov/submissions/CIK0001000697.json,2026-09-12T20:02:21Z,157944
submissions/CIK0000783325.json,https://data.sec.gov/submissions/CIK0000783325.json,2026-09-12T20:02:21Z,171179
submissions/CIK0000072971.json,https://data.sec.gov/submissions/CIK0000072971.json,2026-09-12T20:02:22Z,194754
submissions/CIK0000766704.json,https://data.sec.gov/submissions/CIK0000766704.json,2026-09-12T20:02:22Z,158181
submissions/CIK0000105770.json,https://data.sec.gov/submissions/CIK0000105770.json,2026-09-12T20:02:22Z,159277
submissions/CIK0000106040.json,https://data.sec.gov/submissions/CIK0000106040.json,2026-09-12T20:02:23Z,159802
submissions/CIK0000106535.json,https://data.sec.gov/submissions/CIK0000106535.json,2026-09-12T20:02:23Z,154912
submissions/CIK0000719955.json,https://data.sec.gov/submissions/CIK0000719955.json,2026-09-12T20:02:23Z,157942
submissions/CIK0000107263.json,https://data.sec.gov/submissions/CIK0000107263.json,2026-09-12T20:02:24Z,160661
submissions/CIK0001140536.json,https://data.sec.gov/submissions/CIK0001140536.json,2026-09-12T20:02:24Z,157267
submissions/CIK0001327811.json,https://data.sec.gov/submissions/CIK0001327811.json,2026-09-12T20:02:24Z,161790
submissions/CIK0001174922.json,https://data.sec.gov/submissions/CIK0001174922.json,2026-09-12T20:02:24Z,167998
submissions/CIK0000072903.json,https://data.sec.gov/submissions/CIK0000072903.json,2026-09-12T20:02:25Z,152494
submissions/CIK0001524472.json,https://data.sec.gov/submissions/CIK0001524472.json,2026-09-12T20:02:27Z,158462
submissions/CIK0001041061.json,https://data.sec.gov/submissions/CIK0001041061.json,2026-09-12T20:02:28Z,159292
submissions/CIK0000877212.json,https://data.sec.gov/submissions/CIK0000877212.json,2026-09-12T20:02:30Z,161525
submissions/CIK0001136869.json,https://data.sec.gov/submissions/CIK0001136869.json,2026-09-12T20:02:31Z,175312
submissions/CIK0001555280.json,https://data.sec.gov/submissions/CIK0001555280.json,2026-09-12T20:02:32Z,164051
frames/RevenueFromContractWithCustomerExcludingAssessedTax_USD_CY2016.json,https://data.sec.gov/api/xbrl/frames/us-gaap/RevenueFromContractWithCustomerExcludingAssessedTax/USD/CY2016.json,2026-09-12T20:08:41Z,216708
frames/Revenues_USD_CY2016.json,https://data.sec.gov/api/xbrl/frames/us-gaap/Revenues/USD/CY2016.json,2026-09-12T20:08:43Z,555670
frames/RevenueFromContractWithCustomerIncludingAssessedTax_USD_CY2016.json,https://data.sec.gov/api/xbrl/frames/us-gaap/RevenueFromContractWithCustomerIncludingAssessedTax/USD/CY2016.json,2026-09-12T20:08:44Z,68966
frames/SalesRevenueNet_USD_CY2016.json,https://data.sec.gov/api/xbrl/frames/us-gaap/SalesRevenueNet/USD/CY2016.json,2026-09-12T20:08:46Z,291924
frames/InterestAndDividendIncomeOperating_USD_CY2016.json,https://data.sec.gov/api/xbrl/frames/us-gaap/InterestAndDividendIncomeOperating/USD/CY2016.json,2026-09-12T20:08:47Z,95839
frames/RevenueFromContractWithCustomerExcludingAssessedTax_USD_CY2016Q1.json,https://data.sec.gov/api/xbrl/frames/us-gaap/RevenueFromContractWithCustomerExcludingAssessedTax/USD/CY2016Q1.json,2026-09-12T20:08:48Z,3690
frames/Revenues_USD_CY2016Q1.json,https://data.sec.gov/api/xbrl/frames/us-gaap/Revenues/USD/CY2016Q1.json,2026-09-12T20:08:50Z,451973
frames/RevenueFromContractWithCustomerIncludingAssessedTax_USD_CY2016Q1.json,https://data.sec.gov/api/xbrl/frames/us-gaap/RevenueFromContractWithCustomerIncludingAssessedTax/USD/CY2016Q1.json,2026-09-12T20:08:51Z,1981
frames/SalesRevenueNet_USD_CY2016Q1.json,https://data.sec.gov/api/xbrl/frames/us-gaap/SalesRevenueNet/USD/CY2016Q1.json,2026-09-12T20:08:52Z,289254
frames/InterestAndDividendIncomeOperating_USD_CY2016Q1.json,https://data.sec.gov/api/xbrl/frames/us-gaap/InterestAndDividendIncomeOperating/USD/CY2016Q1.json,2026-09-12T20:08:54Z,93222
frames/RevenueFromContractWithCustomerExcludingAssessedTax_USD_CY2016Q2.json,https://data.sec.gov/api/xbrl/frames/us-gaap/RevenueFromContractWithCustomerExcludingAssessedTax/USD/CY2016Q2.json,2026-09-12T20:08:55Z,4590
frames/Revenues_USD_CY2016Q2.json,https://data.sec.gov/api/xbrl/frames/us-gaap/Revenues/USD/CY2016Q2.json,2026-09-12T20:08:56Z,443459
frames/RevenueFromContractWithCustomerIncludingAssessedTax_USD_CY2016Q2.json,https://data.sec.gov/api/xbrl/frames/us-gaap/RevenueFromContractWithCustomerIncludingAssessedTax/USD/CY2016Q2.json,2026-09-12T20:08:58Z,2884
frames/SalesRevenueNet_USD_CY2016Q2.json,https://data.sec.gov/api/xbrl/frames/us-gaap/SalesRevenueNet/USD/CY2016Q2.json,2026-09-12T20:08:59Z,280693
frames/InterestAndDividendIncomeOperating_USD_CY2016Q2.json,https://data.sec.gov/api/xbrl/frames/us-gaap/InterestAndDividendIncomeOperating/USD/CY2016Q2.json,2026-09-12T20:09:00Z,90468
frames/RevenueFromContractWithCustomerExcludingAssessedTax_USD_CY2016Q3.json,https://data.sec.gov/api/xbrl/frames/us-gaap/RevenueFromContractWithCustomerExcludingAssessedTax/USD/CY2016Q3.json,2026-09-12T20:09:02Z,7901
frames/Revenues_USD_CY2016Q3.json,https://data.sec.gov/api/xbrl/frames/us-gaap/Revenues/USD/CY2016Q3.json,2026-09-12T20:09:03Z,438639
frames/RevenueFromContractWithCustomerIncludingAssessedTax_USD_CY2016Q3.json,https://data.sec.gov/api/xbrl/frames/us-gaap/RevenueFromContractWithCustomerIncludingAssessedTax/USD/CY2016Q3.json,2026-09-12T20:09:05Z,3797
frames/SalesRevenueNet_USD_CY2016Q3.json,https://data.sec.gov/api/xbrl/frames/us-gaap/SalesRevenueNet/USD/CY2016Q3.json,2026-09-12T20:09:06Z,277271
frames/InterestAndDividendIncomeOperating_USD_CY2016Q3.json,https://data.sec.gov/api/xbrl/frames/us-gaap/InterestAndDividendIncomeOperating/USD/CY2016Q3.json,2026-09-12T20:09:07Z,89062
frames/RevenueFromContractWithCustomerExcludingAssessedTax_USD_CY2016Q4.json,https://data.sec.gov/api/xbrl/frames/us-gaap/RevenueFromContractWithCustomerExcludingAssessedTax/USD/CY2016Q4.json,2026-09-12T20:09:08Z,11601
frames/Revenues_USD_CY2016Q4.json,https://data.sec.gov/api/xbrl/frames/us-gaap/Revenues/USD/CY2016Q4.json,2026-09-12T20:09:10Z,280614
frames/RevenueFromContractWithCustomerIncludingAssessedTax_USD_CY2016Q4.json,https://data.sec.gov/api/xbrl/frames/us-gaap/RevenueFromContractWithCustomerIncludingAssessedTax/USD/CY2016Q4.json,2026-09-12T20:09:11Z,5598
frames/SalesRevenueNet_USD_CY2016Q4.json,https://data.sec.gov/api/xbrl/frames/us-gaap/SalesRevenueNet/USD/CY2016Q4.json,2026-09-12T20:09:13Z,198758
frames/InterestAndDividendIncomeOperating_USD_CY2016Q4.json,https://data.sec.gov/api/xbrl/frames/us-gaap/InterestAndDividendIncomeOperating/USD/CY2016Q4.json,2026-09-12T20:09:14Z,45597
frames/RevenueFromContractWithCustomerExcludingAssessedTax_USD_CY2017.json,https://data.sec.gov/api/xbrl/frames/us-gaap/RevenueFromContractWithCustomerExcludingAssessedTax/USD/CY2017.json,2026-09-12T20:09:16Z,328859
frames/Revenues_USD_CY2017.json,https://data.sec.gov/api/xbrl/frames/us-gaap/Revenues/USD/CY2017.json,2026-09-12T20:09:18Z,593196
frames/RevenueFromContractWithCustomerIncludingAssessedTax_USD_CY2017.json,https://data.sec.gov/api/xbrl/frames/us-gaap/RevenueFromContractWithCustomerIncludingAssessedTax/USD/CY2017.json,2026-09-12T20:09:19Z,131184
frames/SalesRevenueNet_USD_CY2017.json,https://data.sec.gov/api/xbrl/frames/us-gaap/SalesRevenueNet/USD/CY2017.json,2026-09-12T20:09:21Z,251590
frames/InterestAndDividendIncomeOperating_USD_CY2017.json,https://data.sec.gov/api/xbrl/frames/us-gaap/InterestAndDividendIncomeOperating/USD/CY2017.json,2026-09-12T20:09:22Z,91490
frames/RevenueFromContractWithCustomerExcludingAssessedTax_USD_CY2017Q1.json,https://data.sec.gov/api/xbrl/frames/us-gaap/RevenueFromContractWithCustomerExcludingAssessedTax/USD/CY2017Q1.json,2026-09-12T20:09:23Z,169908
frames/Revenues_USD_CY2017Q1.json,https://data.sec.gov/api/xbrl/frames/us-gaap/Revenues/USD/CY2017Q1.json,2026-09-12T20:09:25Z,507341
frames/RevenueFromContractWithCustomerIncludingAssessedTax_USD_CY2017Q1.json,https://data.sec.gov/api/xbrl/frames/us-gaap/RevenueFromContractWithCustomerIncludingAssessedTax/USD/CY2017Q1.json,2026-09-12T20:09:27Z,62215
frames/SalesRevenueNet_USD_CY2017Q1.json,https://data.sec.gov/api/xbrl/frames/us-gaap/SalesRevenueNet/USD/CY2017Q1.json,2026-09-12T20:09:29Z,268221
frames/InterestAndDividendIncomeOperating_USD_CY2017Q1.json,https://data.sec.gov/api/xbrl/frames/us-gaap/InterestAndDividendIncomeOperating/USD/CY2017Q1.json,2026-09-12T20:09:30Z,89549
frames/RevenueFromContractWithCustomerExcludingAssessedTax_USD_CY2017Q2.json,https://data.sec.gov/api/xbrl/frames/us-gaap/RevenueFromContractWithCustomerExcludingAssessedTax/USD/CY2017Q2.json,2026-09-12T20:09:32Z,228185
frames/Revenues_USD_CY2017Q2.json,https://data.sec.gov/api/xbrl/frames/us-gaap/Revenues/USD/CY2017Q2.json,2026-09-12T20:09:34Z,532253
frames/RevenueFromContractWithCustomerIncludingAssessedTax_USD_CY2017Q2.json,https://data.sec.gov/api/xbrl/frames/us-gaap/RevenueFromContractWithCustomerIncludingAssessedTax/USD/CY2017Q2.json,2026-09-12T20:09:35Z,102938
frames/SalesRevenueNet_USD_CY2017Q2.json,https://data.sec.gov/api/xbrl/frames/us-gaap/SalesRevenueNet/USD/CY2017Q2.json,2026-09-12T20:09:36Z,251480
frames/InterestAndDividendIncomeOperating_USD_CY2017Q2.json,https://data.sec.gov/api/xbrl/frames/us-gaap/InterestAndDividendIncomeOperating/USD/CY2017Q2.json,2026-09-12T20:09:38Z,86785
frames/RevenueFromContractWithCustomerExcludingAssessedTax_USD_CY2017Q3.json,https://data.sec.gov/api/xbrl/frames/us-gaap/RevenueFromContractWithCustomerExcludingAssessedTax/USD/CY2017Q3.json,2026-09-12T20:09:39Z,257694
frames/Revenues_USD_CY2017Q3.json,https://data.sec.gov/api/xbrl/frames/us-gaap/Revenues/USD/CY2017Q3.json,2026-09-12T20:09:41Z,535880
frames/RevenueFromContractWithCustomerIncludingAssessedTax_USD_CY2017Q3.json,https://data.sec.gov/api/xbrl/frames/us-gaap/RevenueFromContractWithCustomerIncludingAssessedTax/USD/CY2017Q3.json,2026-09-12T20:09:42Z,111718
frames/SalesRevenueNet_USD_CY2017Q3.json,https://data.sec.gov/api/xbrl/frames/us-gaap/SalesRevenueNet/USD/CY2017Q3.json,2026-09-12T20:09:44Z,247906
frames/InterestAndDividendIncomeOperating_USD_CY2017Q3.json,https://data.sec.gov/api/xbrl/frames/us-gaap/InterestAndDividendIncomeOperating/USD/CY2017Q3.json,2026-09-12T20:09:45Z,86942
frames/RevenueFromContractWithCustomerExcludingAssessedTax_USD_CY2017Q4.json,https://data.sec.gov/api/xbrl/frames/us-gaap/RevenueFromContractWithCustomerExcludingAssessedTax/USD/CY2017Q4.json,2026-09-12T20:09:47Z,166024
frames/Revenues_USD_CY2017Q4.json,https://data.sec.gov/api/xbrl/frames/us-gaap/Revenues/USD/CY2017Q4.json,2026-09-12T20:09:48Z,335368
frames/RevenueFromContractWithCustomerIncludingAssessedTax_USD_CY2017Q4.json,https://data.sec.gov/api/xbrl/frames/us-gaap/RevenueFromContractWithCustomerIncludingAssessedTax/USD/CY2017Q4.json,2026-09-12T20:09:49Z,52833
frames/SalesRevenueNet_USD_CY2017Q4.json,https://data.sec.gov/api/xbrl/frames/us-gaap/SalesRevenueNet/USD/CY2017Q4.json,2026-09-12T20:09:51Z,177059
frames/InterestAndDividendIncomeOperating_USD_CY2017Q4.json,https://data.sec.gov/api/xbrl/frames/us-gaap/InterestAndDividendIncomeOperating/USD/CY2017Q4.json,2026-09-12T20:09:52Z,43548
frames/RevenueFromContractWithCustomerExcludingAssessedTax_USD_CY2018.json,https://data.sec.gov/api/xbrl/frames/us-gaap/RevenueFromContractWithCustomerExcludingAssessedTax/USD/CY2018.json,2026-09-12T20:09:54Z,428481
frames/Revenues_USD_CY2018.json,https://data.sec.gov/api/xbrl/frames/us-gaap/Revenues/USD/CY2018.json,2026-09-12T20:09:55Z,500061
frames/RevenueFromContractWithCustomerIncludingAssessedTax_USD_CY2018.json,https://data.sec.gov/api/xbrl/frames/us-gaap/RevenueFromContractWithCustomerIncludingAssessedTax/USD/CY2018.json,2026-09-12T20:09:57Z,157998
frames/SalesRevenueNet_USD_CY2018.json,https://data.sec.gov/api/xbrl/frames/us-gaap/SalesRevenueNet/USD/CY2018.json,2026-09-12T20:09:58Z,18714
frames/InterestAndDividendIncomeOperating_USD_CY2018.json,https://data.sec.gov/api/xbrl/frames/us-gaap/InterestAndDividendIncomeOperating/USD/CY2018.json,2026-09-12T20:09:59Z,90323
frames/RevenueFromContractWithCustomerExcludingAssessedTax_USD_CY2018Q1.json,https://data.sec.gov/api/xbrl/frames/us-gaap/RevenueFromContractWithCustomerExcludingAssessedTax/USD/CY2018Q1.json,2026-09-12T20:10:01Z,351804
frames/Revenues_USD_CY2018Q1.json,https://data.sec.gov/api/xbrl/frames/us-gaap/Revenues/USD/CY2018Q1.json,2026-09-12T20:10:03Z,525952
frames/RevenueFromContractWithCustomerIncludingAssessedTax_USD_CY2018Q1.json,https://data.sec.gov/api/xbrl/frames/us-gaap/RevenueFromContractWithCustomerIncludingAssessedTax/USD/CY2018Q1.json,2026-09-12T20:10:04Z,133671
frames/SalesRevenueNet_USD_CY2018Q1.json,https://data.sec.gov/api/xbrl/frames/us-gaap/SalesRevenueNet/USD/CY2018Q1.json,2026-09-12T20:10:06Z,192530
frames/InterestAndDividendIncomeOperating_USD_CY2018Q1.json,https://data.sec.gov/api/xbrl/frames/us-gaap/InterestAndDividendIncomeOperating/USD/CY2018Q1.json,2026-09-12T20:10:07Z,87794
frames/RevenueFromContractWithCustomerExcludingAssessedTax_USD_CY2018Q2.json,https://data.sec.gov/api/xbrl/frames/us-gaap/RevenueFromContractWithCustomerExcludingAssessedTax/USD/CY2018Q2.json,2026-09-12T20:10:08Z,362869
frames/Revenues_USD_CY2018Q2.json,https://data.sec.gov/api/xbrl/frames/us-gaap/Revenues/USD/CY2018Q2.json,2026-09-12T20:10:10Z,493994
frames/RevenueFromContractWithCustomerIncludingAssessedTax_USD_CY2018Q2.json,https://data.sec.gov/api/xbrl/frames/us-gaap/RevenueFromContractWithCustomerIncludingAssessedTax/USD/CY2018Q2.json,2026-09-12T20:10:12Z,148667
frames/SalesRevenueNet_USD_CY2018Q2.json,https://data.sec.gov/api/xbrl/frames/us-gaap/SalesRevenueNet/USD/CY2018Q2.json,2026-09-12T20:10:13Z,74553
frames/InterestAndDividendIncomeOperating_USD_CY2018Q2.json,https://data.sec.gov/api/xbrl/frames/us-gaap/InterestAndDividendIncomeOperating/USD/CY2018Q2.json,2026-09-12T20:10:14Z,84245
frames/RevenueFromContractWithCustomerExcludingAssessedTax_USD_CY2018Q3.json,https://data.sec.gov/api/xbrl/frames/us-gaap/RevenueFromContractWithCustomerExcludingAssessedTax/USD/CY2018Q3.json,2026-09-12T20:10:16Z,373059
frames/Revenues_USD_CY2018Q3.json,https://data.sec.gov/api/xbrl/frames/us-gaap/Revenues/USD/CY2018Q3.json,2026-09-12T20:10:18Z,472258
frames/RevenueFromContractWithCustomerIncludingAssessedTax_USD_CY2018Q3.json,https://data.sec.gov/api/xbrl/frames/us-gaap/RevenueFromContractWithCustomerIncludingAssessedTax/USD/CY2018Q3.json,2026-09-12T20:10:19Z,146991
frames/SalesRevenueNet_USD_CY2018Q3.json,https://data.sec.gov/api/xbrl/frames/us-gaap/SalesRevenueNet/USD/CY2018Q3.json,2026-09-12T20:10:20Z,27235
frames/InterestAndDividendIncomeOperating_USD_CY2018Q3.json,https://data.sec.gov/api/xbrl/frames/us-gaap/InterestAndDividendIncomeOperating/USD/CY2018Q3.json,2026-09-12T20:10:21Z,86551
frames/RevenueFromContractWithCustomerExcludingAssessedTax_USD_CY2018Q4.json,https://data.sec.gov/api/xbrl/frames/us-gaap/RevenueFromContractWithCustomerExcludingAssessedTax/USD/CY2018Q4.json,2026-09-12T20:10:23Z,216373
frames/Revenues_USD_CY2018Q4.json,https://data.sec.gov/api/xbrl/frames/us-gaap/Revenues/USD/CY2018Q4.json,2026-09-12T20:10:25Z,275910
frames/RevenueFromContractWithCustomerIncludingAssessedTax_USD_CY2018Q4.json,https://data.sec.gov/api/xbrl/frames/us-gaap/RevenueFromContractWithCustomerIncludingAssessedTax/USD/CY2018Q4.json,2026-09-12T20:10:26Z,61777
frames/SalesRevenueNet_USD_CY2018Q4.json,https://data.sec.gov/api/xbrl/frames/us-gaap/SalesRevenueNet/USD/CY2018Q4.json,2026-09-12T20:10:27Z,8496
frames/InterestAndDividendIncomeOperating_USD_CY2018Q4.json,https://data.sec.gov/api/xbrl/frames/us-gaap/InterestAndDividendIncomeOperating/USD/CY2018Q4.json,2026-09-12T20:10:29Z,42663
frames/RevenueFromContractWithCustomerExcludingAssessedTax_USD_CY2019.json,https://data.sec.gov/api/xbrl/frames/us-gaap/RevenueFromContractWithCustomerExcludingAssessedTax/USD/CY2019.json,2026-09-12T20:10:31Z,467424
frames/Revenues_USD_CY2019.json,https://data.sec.gov/api/xbrl/frames/us-gaap/Revenues/USD/CY2019.json,2026-09-12T20:10:32Z,435064
frames/RevenueFromContractWithCustomerIncludingAssessedTax_USD_CY2019.json,https://data.sec.gov/api/xbrl/frames/us-gaap/RevenueFromContractWithCustomerIncludingAssessedTax/USD/CY2019.json,2026-09-12T20:10:34Z,135693
frames/SalesRevenueNet_USD_CY2019.json,https://data.sec.gov/api/xbrl/frames/us-gaap/SalesRevenueNet/USD/CY2019.json,2026-09-12T20:10:35Z,481
frames/InterestAndDividendIncomeOperating_USD_CY2019.json,https://data.sec.gov/api/xbrl/frames/us-gaap/InterestAndDividendIncomeOperating/USD/CY2019.json,2026-09-12T20:10:36Z,87225
frames/RevenueFromContractWithCustomerExcludingAssessedTax_USD_CY2019Q1.json,https://data.sec.gov/api/xbrl/frames/us-gaap/RevenueFromContractWithCustomerExcludingAssessedTax/USD/CY2019Q1.json,2026-09-12T20:10:38Z,392138
frames/Revenues_USD_CY2019Q1.json,https://data.sec.gov/api/xbrl/frames/us-gaap/Revenues/USD/CY2019Q1.json,2026-09-12T20:10:39Z,414895
frames/RevenueFromContractWithCustomerIncludingAssessedTax_USD_CY2019Q1.json,https://data.sec.gov/api/xbrl/frames/us-gaap/RevenueFromContractWithCustomerIncludingAssessedTax/USD/CY2019Q1.json,2026-09-12T20:10:40Z,131370
frames/SalesRevenueNet_USD_CY2019Q1.json,https://data.sec.gov/api/xbrl/frames/us-gaap/SalesRevenueNet/USD/CY2019Q1.json,2026-09-12T20:10:42Z,6091
frames/InterestAndDividendIncomeOperating_USD_CY2019Q1.json,https://data.sec.gov/api/xbrl/frames/us-gaap/InterestAndDividendIncomeOperating/USD/CY2019Q1.json,2026-09-12T20:10:44Z,85869
frames/RevenueFromContractWithCustomerExcludingAssessedTax_USD_CY2019Q2.json,https://data.sec.gov/api/xbrl/frames/us-gaap/RevenueFromContractWithCustomerExcludingAssessedTax/USD/CY2019Q2.json,2026-09-12T20:10:46Z,393663
frames/Revenues_USD_CY2019Q2.json,https://data.sec.gov/api/xbrl/frames/us-gaap/Revenues/USD/CY2019Q2.json,2026-09-12T20:10:48Z,401324
frames/RevenueFromContractWithCustomerIncludingAssessedTax_USD_CY2019Q2.json,https://data.sec.gov/api/xbrl/frames/us-gaap/RevenueFromContractWithCustomerIncludingAssessedTax/USD/CY2019Q2.json,2026-09-12T20:10:49Z,125103
frames/SalesRevenueNet_USD_CY2019Q2.json,https://data.sec.gov/api/xbrl/frames/us-gaap/SalesRevenueNet/USD/CY2019Q2.json,2026-09-12T20:10:50Z,625
frames/InterestAndDividendIncomeOperating_USD_CY2019Q2.json,https://data.sec.gov/api/xbrl/frames/us-gaap/InterestAndDividendIncomeOperating/USD/CY2019Q2.json,2026-09-12T20:10:51Z,82859
frames/RevenueFromContractWithCustomerExcludingAssessedTax_USD_CY2019Q3.json,https://data.sec.gov/api/xbrl/frames/us-gaap/RevenueFromContractWithCustomerExcludingAssessedTax/USD/CY2019Q3.json,2026-09-12T20:10:53Z,392500
frames/Revenues_USD_CY2019Q3.json,https://data.sec.gov/api/xbrl/frames/us-gaap/Revenues/USD/CY2019Q3.json,2026-09-12T20:10:55Z,386515
frames/RevenueFromContractWithCustomerIncludingAssessedTax_USD_CY2019Q3.json,https://data.sec.gov/api/xbrl/frames/us-gaap/RevenueFromContractWithCustomerIncludingAssessedTax/USD/CY2019Q3.json,2026-09-12T20:10:57Z,120442
frames/SalesRevenueNet_USD_CY2019Q3.json,https://data.sec.gov/api/xbrl/frames/us-gaap/SalesRevenueNet/USD/CY2019Q3.json,2026-09-12T20:10:58Z,625
frames/InterestAndDividendIncomeOperating_USD_CY2019Q3.json,https://data.sec.gov/api/xbrl/frames/us-gaap/InterestAndDividendIncomeOperating/USD/CY2019Q3.json,2026-09-12T20:11:00Z,84050
frames/RevenueFromContractWithCustomerExcludingAssessedTax_USD_CY2019Q4.json,https://data.sec.gov/api/xbrl/frames/us-gaap/RevenueFromContractWithCustomerExcludingAssessedTax/USD/CY2019Q4.json,2026-09-12T20:11:01Z,222077
frames/Revenues_USD_CY2019Q4.json,https://data.sec.gov/api/xbrl/frames/us-gaap/Revenues/USD/CY2019Q4.json,2026-09-12T20:11:03Z,230193
frames/RevenueFromContractWithCustomerIncludingAssessedTax_USD_CY2019Q4.json,https://data.sec.gov/api/xbrl/frames/us-gaap/RevenueFromContractWithCustomerIncludingAssessedTax/USD/CY2019Q4.json,2026-09-12T20:11:04Z,50067
frames/SalesRevenueNet_USD_CY2019Q4.json,https://data.sec.gov/api/xbrl/frames/us-gaap/SalesRevenueNet/USD/CY2019Q4.json,2026-09-12T20:11:05Z,477
frames/InterestAndDividendIncomeOperating_USD_CY2019Q4.json,https://data.sec.gov/api/xbrl/frames/us-gaap/InterestAndDividendIncomeOperating/USD/CY2019Q4.json,2026-09-12T20:11:06Z,40483
frames/RevenueFromContractWithCustomerExcludingAssessedTax_USD_CY2020.json,https://data.sec.gov/api/xbrl/frames/us-gaap/RevenueFromContractWithCustomerExcludingAssessedTax/USD/CY2020.json,2026-09-12T20:11:08Z,483833
frames/Revenues_USD_CY2020.json,https://data.sec.gov/api/xbrl/frames/us-gaap/Revenues/USD/CY2020.json,2026-09-12T20:11:10Z,422753
frames/RevenueFromContractWithCustomerIncludingAssessedTax_USD_CY2020.json,https://data.sec.gov/api/xbrl/frames/us-gaap/RevenueFromContractWithCustomerIncludingAssessedTax/USD/CY2020.json,2026-09-12T20:11:12Z,128427
frames/InterestAndDividendIncomeOperating_USD_CY2020.json,https://data.sec.gov/api/xbrl/frames/us-gaap/InterestAndDividendIncomeOperating/USD/CY2020.json,2026-09-12T20:11:14Z,85068
frames/RevenueFromContractWithCustomerExcludingAssessedTax_USD_CY2020Q1.json,https://data.sec.gov/api/xbrl/frames/us-gaap/RevenueFromContractWithCustomerExcludingAssessedTax/USD/CY2020Q1.json,2026-09-12T20:11:16Z,407956
frames/Revenues_USD_CY2020Q1.json,https://data.sec.gov/api/xbrl/frames/us-gaap/Revenues/USD/CY2020Q1.json,2026-09-12T20:11:18Z,365315
frames/RevenueFromContractWithCustomerIncludingAssessedTax_USD_CY2020Q1.json,https://data.sec.gov/api/xbrl/frames/us-gaap/RevenueFromContractWithCustomerIncludingAssessedTax/USD/CY2020Q1.json,2026-09-12T20:11:19Z,109687
frames/SalesRevenueNet_USD_CY2020Q1.json,https://data.sec.gov/api/xbrl/frames/us-gaap/SalesRevenueNet/USD/CY2020Q1.json,2026-09-12T20:11:20Z,483
frames/InterestAndDividendIncomeOperating_USD_CY2020Q1.json,https://data.sec.gov/api/xbrl/frames/us-gaap/InterestAndDividendIncomeOperating/USD/CY2020Q1.json,2026-09-12T20:11:21Z,82976
frames/RevenueFromContractWithCustomerExcludingAssessedTax_USD_CY2020Q2.json,https://data.sec.gov/api/xbrl/frames/us-gaap/RevenueFromContractWithCustomerExcludingAssessedTax/USD/CY2020Q2.json,2026-09-12T20:11:23Z,416672
frames/Revenues_USD_CY2020Q2.json,https://data.sec.gov/api/xbrl/frames/us-gaap/Revenues/USD/CY2020Q2.json,2026-09-12T20:11:24Z,358718
frames/RevenueFromContractWithCustomerIncludingAssessedTax_USD_CY2020Q2.json,https://data.sec.gov/api/xbrl/frames/us-gaap/RevenueFromContractWithCustomerIncludingAssessedTax/USD/CY2020Q2.json,2026-09-12T20:11:26Z,104747
frames/SalesRevenueNet_USD_CY2020Q2.json,https://data.sec.gov/api/xbrl/frames/us-gaap/SalesRevenueNet/USD/CY2020Q2.json,2026-09-12T20:11:27Z,482
frames/InterestAndDividendIncomeOperating_USD_CY2020Q2.json,https://data.sec.gov/api/xbrl/frames/us-gaap/InterestAndDividendIncomeOperating/USD/CY2020Q2.json,2026-09-12T20:11:28Z,80195
frames/RevenueFromContractWithCustomerExcludingAssessedTax_USD_CY2020Q3.json,https://data.sec.gov/api/xbrl/frames/us-gaap/RevenueFromContractWithCustomerExcludingAssessedTax/USD/CY2020Q3.json,2026-09-12T20:11:30Z,429445
frames/Revenues_USD_CY2020Q3.json,https://data.sec.gov/api/xbrl/frames/us-gaap/Revenues/USD/CY2020Q3.json,2026-09-12T20:11:32Z,363022
frames/RevenueFromContractWithCustomerIncludingAssessedTax_USD_CY2020Q3.json,https://data.sec.gov/api/xbrl/frames/us-gaap/RevenueFromContractWithCustomerIncludingAssessedTax/USD/CY2020Q3.json,2026-09-12T20:11:33Z,108625
frames/SalesRevenueNet_USD_CY2020Q3.json,https://data.sec.gov/api/xbrl/frames/us-gaap/SalesRevenueNet/USD/CY2020Q3.json,2026-09-12T20:11:34Z,482
frames/InterestAndDividendIncomeOperating_USD_CY2020Q3.json,https://data.sec.gov/api/xbrl/frames/us-gaap/InterestAndDividendIncomeOperating/USD/CY2020Q3.json,2026-09-12T20:11:35Z,82511
frames/RevenueFromContractWithCustomerExcludingAssessedTax_USD_CY2020Q4.json,https://data.sec.gov/api/xbrl/frames/us-gaap/RevenueFromContractWithCustomerExcludingAssessedTax/USD/CY2020Q4.json,2026-09-12T20:11:37Z,179329
frames/Revenues_USD_CY2020Q4.json,https://data.sec.gov/api/xbrl/frames/us-gaap/Revenues/USD/CY2020Q4.json,2026-09-12T20:11:38Z,162836
frames/RevenueFromContractWithCustomerIncludingAssessedTax_USD_CY2020Q4.json,https://data.sec.gov/api/xbrl/frames/us-gaap/RevenueFromContractWithCustomerIncludingAssessedTax/USD/CY2020Q4.json,2026-09-12T20:11:39Z,40936
frames/InterestAndDividendIncomeOperating_USD_CY2020Q4.json,https://data.sec.gov/api/xbrl/frames/us-gaap/InterestAndDividendIncomeOperating/USD/CY2020Q4.json,2026-09-12T20:11:41Z,36713
frames/RevenueFromContractWithCustomerExcludingAssessedTax_USD_CY2021.json,https://data.sec.gov/api/xbrl/frames/us-gaap/RevenueFromContractWithCustomerExcludingAssessedTax/USD/CY2021.json,2026-09-12T20:11:43Z,490632
frames/Revenues_USD_CY2021.json,https://data.sec.gov/api/xbrl/frames/us-gaap/Revenues/USD/CY2021.json,2026-09-12T20:11:45Z,425188
frames/RevenueFromContractWithCustomerIncludingAssessedTax_USD_CY2021.json,https://data.sec.gov/api/xbrl/frames/us-gaap/RevenueFromContractWithCustomerIncludingAssessedTax/USD/CY2021.json,2026-09-12T20:11:46Z,125410
frames/InterestAndDividendIncomeOperating_USD_CY2021.json,https://data.sec.gov/api/xbrl/frames/us-gaap/InterestAndDividendIncomeOperating/USD/CY2021.json,2026-09-12T20:11:49Z,82521
frames/RevenueFromContractWithCustomerExcludingAssessedTax_USD_CY2021Q1.json,https://data.sec.gov/api/xbrl/frames/us-gaap/RevenueFromContractWithCustomerExcludingAssessedTax/USD/CY2021Q1.json,2026-09-12T20:11:50Z,429654
frames/Revenues_USD_CY2021Q1.json,https://data.sec.gov/api/xbrl/frames/us-gaap/Revenues/USD/CY2021Q1.json,2026-09-12T20:11:52Z,352181
frames/RevenueFromContractWithCustomerIncludingAssessedTax_USD_CY2021Q1.json,https://data.sec.gov/api/xbrl/frames/us-gaap/RevenueFromContractWithCustomerIncludingAssessedTax/USD/CY2021Q1.json,2026-09-12T20:11:53Z,100570
frames/SalesRevenueNet_USD_CY2021Q1.json,https://data.sec.gov/api/xbrl/frames/us-gaap/SalesRevenueNet/USD/CY2021Q1.json,2026-09-12T20:11:54Z,483
frames/InterestAndDividendIncomeOperating_USD_CY2021Q1.json,https://data.sec.gov/api/xbrl/frames/us-gaap/InterestAndDividendIncomeOperating/USD/CY2021Q1.json,2026-09-12T20:11:55Z,81830
frames/RevenueFromContractWithCustomerExcludingAssessedTax_USD_CY2021Q2.json,https://data.sec.gov/api/xbrl/frames/us-gaap/RevenueFromContractWithCustomerExcludingAssessedTax/USD/CY2021Q2.json,2026-09-12T20:11:57Z,428093
frames/Revenues_USD_CY2021Q2.json,https://data.sec.gov/api/xbrl/frames/us-gaap/Revenues/USD/CY2021Q2.json,2026-09-12T20:11:58Z,345050
frames/RevenueFromContractWithCustomerIncludingAssessedTax_USD_CY2021Q2.json,https://data.sec.gov/api/xbrl/frames/us-gaap/RevenueFromContractWithCustomerIncludingAssessedTax/USD/CY2021Q2.json,2026-09-12T20:12:00Z,99684
frames/InterestAndDividendIncomeOperating_USD_CY2021Q2.json,https://data.sec.gov/api/xbrl/frames/us-gaap/InterestAndDividendIncomeOperating/USD/CY2021Q2.json,2026-09-12T20:12:02Z,77485
frames/RevenueFromContractWithCustomerExcludingAssessedTax_USD_CY2021Q3.json,https://data.sec.gov/api/xbrl/frames/us-gaap/RevenueFromContractWithCustomerExcludingAssessedTax/USD/CY2021Q3.json,2026-09-12T20:12:04Z,425323
frames/Revenues_USD_CY2021Q3.json,https://data.sec.gov/api/xbrl/frames/us-gaap/Revenues/USD/CY2021Q3.json,2026-09-12T20:12:05Z,340763
frames/RevenueFromContractWithCustomerIncludingAssessedTax_USD_CY2021Q3.json,https://data.sec.gov/api/xbrl/frames/us-gaap/RevenueFromContractWithCustomerIncludingAssessedTax/USD/CY2021Q3.json,2026-09-12T20:12:06Z,98858
frames/InterestAndDividendIncomeOperating_USD_CY2021Q3.json,https://data.sec.gov/api/xbrl/frames/us-gaap/InterestAndDividendIncomeOperating/USD/CY2021Q3.json,2026-09-12T20:12:09Z,78476
frames/RevenueFromContractWithCustomerExcludingAssessedTax_USD_CY2021Q4.json,https://data.sec.gov/api/xbrl/frames/us-gaap/RevenueFromContractWithCustomerExcludingAssessedTax/USD/CY2021Q4.json,2026-09-12T20:12:10Z,104588
frames/Revenues_USD_CY2021Q4.json,https://data.sec.gov/api/xbrl/frames/us-gaap/Revenues/USD/CY2021Q4.json,2026-09-12T20:12:11Z,93546
frames/RevenueFromContractWithCustomerIncludingAssessedTax_USD_CY2021Q4.json,https://data.sec.gov/api/xbrl/frames/us-gaap/RevenueFromContractWithCustomerIncludingAssessedTax/USD/CY2021Q4.json,2026-09-12T20:12:12Z,26399
frames/InterestAndDividendIncomeOperating_USD_CY2021Q4.json,https://data.sec.gov/api/xbrl/frames/us-gaap/InterestAndDividendIncomeOperating/USD/CY2021Q4.json,2026-09-12T20:12:15Z,19687
frames/RevenueFromContractWithCustomerExcludingAssessedTax_USD_CY2022.json,https://data.sec.gov/api/xbrl/frames/us-gaap/RevenueFromContractWithCustomerExcludingAssessedTax/USD/CY2022.json,2026-09-12T20:12:16Z,493908
frames/Revenues_USD_CY2022.json,https://data.sec.gov/api/xbrl/frames/us-gaap/Revenues/USD/CY2022.json,2026-09-12T20:12:18Z,427524
frames/RevenueFromContractWithCustomerIncludingAssessedTax_USD_CY2022.json,https://data.sec.gov/api/xbrl/frames/us-gaap/RevenueFromContractWithCustomerIncludingAssessedTax/USD/CY2022.json,2026-09-12T20:12:19Z,124054
frames/InterestAndDividendIncomeOperating_USD_CY2022.json,https://data.sec.gov/api/xbrl/frames/us-gaap/InterestAndDividendIncomeOperating/USD/CY2022.json,2026-09-12T20:12:21Z,79791
frames/RevenueFromContractWithCustomerExcludingAssessedTax_USD_CY2022Q1.json,https://data.sec.gov/api/xbrl/frames/us-gaap/RevenueFromContractWithCustomerExcludingAssessedTax/USD/CY2022Q1.json,2026-09-12T20:12:23Z,424244
frames/Revenues_USD_CY2022Q1.json,https://data.sec.gov/api/xbrl/frames/us-gaap/Revenues/USD/CY2022Q1.json,2026-09-12T20:12:25Z,349869
frames/RevenueFromContractWithCustomerIncludingAssessedTax_USD_CY2022Q1.json,https://data.sec.gov/api/xbrl/frames/us-gaap/RevenueFromContractWithCustomerIncludingAssessedTax/USD/CY2022Q1.json,2026-09-12T20:12:26Z,92950
frames/InterestAndDividendIncomeOperating_USD_CY2022Q1.json,https://data.sec.gov/api/xbrl/frames/us-gaap/InterestAndDividendIncomeOperating/USD/CY2022Q1.json,2026-09-12T20:12:29Z,77260
frames/RevenueFromContractWithCustomerExcludingAssessedTax_USD_CY2022Q2.json,https://data.sec.gov/api/xbrl/frames/us-gaap/RevenueFromContractWithCustomerExcludingAssessedTax/USD/CY2022Q2.json,2026-09-12T20:12:30Z,422035
frames/Revenues_USD_CY2022Q2.json,https://data.sec.gov/api/xbrl/frames/us-gaap/Revenues/USD/CY2022Q2.json,2026-09-12T20:12:32Z,339446
frames/RevenueFromContractWithCustomerIncludingAssessedTax_USD_CY2022Q2.json,https://data.sec.gov/api/xbrl/frames/us-gaap/RevenueFromContractWithCustomerIncludingAssessedTax/USD/CY2022Q2.json,2026-09-12T20:12:33Z,91234
frames/InterestAndDividendIncomeOperating_USD_CY2022Q2.json,https://data.sec.gov/api/xbrl/frames/us-gaap/InterestAndDividendIncomeOperating/USD/CY2022Q2.json,2026-09-12T20:12:35Z,74060
frames/RevenueFromContractWithCustomerExcludingAssessedTax_USD_CY2022Q3.json,https://data.sec.gov/api/xbrl/frames/us-gaap/RevenueFromContractWithCustomerExcludingAssessedTax/USD/CY2022Q3.json,2026-09-12T20:12:37Z,420149
frames/Revenues_USD_CY2022Q3.json,https://data.sec.gov/api/xbrl/frames/us-gaap/Revenues/USD/CY2022Q3.json,2026-09-12T20:12:38Z,334293
frames/RevenueFromContractWithCustomerIncludingAssessedTax_USD_CY2022Q3.json,https://data.sec.gov/api/xbrl/frames/us-gaap/RevenueFromContractWithCustomerIncludingAssessedTax/USD/CY2022Q3.json,2026-09-12T20:12:40Z,89080
frames/InterestAndDividendIncomeOperating_USD_CY2022Q3.json,https://data.sec.gov/api/xbrl/frames/us-gaap/InterestAndDividendIncomeOperating/USD/CY2022Q3.json,2026-09-12T20:12:42Z,75406
frames/RevenueFromContractWithCustomerExcludingAssessedTax_USD_CY2022Q4.json,https://data.sec.gov/api/xbrl/frames/us-gaap/RevenueFromContractWithCustomerExcludingAssessedTax/USD/CY2022Q4.json,2026-09-12T20:12:43Z,93535
frames/Revenues_USD_CY2022Q4.json,https://data.sec.gov/api/xbrl/frames/us-gaap/Revenues/USD/CY2022Q4.json,2026-09-12T20:12:45Z,88285
frames/RevenueFromContractWithCustomerIncludingAssessedTax_USD_CY2022Q4.json,https://data.sec.gov/api/xbrl/frames/us-gaap/RevenueFromContractWithCustomerIncludingAssessedTax/USD/CY2022Q4.json,2026-09-12T20:12:46Z,21848
frames/InterestAndDividendIncomeOperating_USD_CY2022Q4.json,https://data.sec.gov/api/xbrl/frames/us-gaap/InterestAndDividendIncomeOperating/USD/CY2022Q4.json,2026-09-12T20:12:48Z,16152
frames/RevenueFromContractWithCustomerExcludingAssessedTax_USD_CY2023.json,https://data.sec.gov/api/xbrl/frames/us-gaap/RevenueFromContractWithCustomerExcludingAssessedTax/USD/CY2023.json,2026-09-12T20:12:49Z,480550
frames/Revenues_USD_CY2023.json,https://data.sec.gov/api/xbrl/frames/us-gaap/Revenues/USD/CY2023.json,2026-09-12T20:12:51Z,409676
frames/RevenueFromContractWithCustomerIncludingAssessedTax_USD_CY2023.json,https://data.sec.gov/api/xbrl/frames/us-gaap/RevenueFromContractWithCustomerIncludingAssessedTax/USD/CY2023.json,2026-09-12T20:12:53Z,119811
frames/InterestAndDividendIncomeOperating_USD_CY2023.json,https://data.sec.gov/api/xbrl/frames/us-gaap/InterestAndDividendIncomeOperating/USD/CY2023.json,2026-09-12T20:12:55Z,75302
frames/RevenueFromContractWithCustomerExcludingAssessedTax_USD_CY2023Q1.json,https://data.sec.gov/api/xbrl/frames/us-gaap/RevenueFromContractWithCustomerExcludingAssessedTax/USD/CY2023Q1.json,2026-09-12T20:12:57Z,420248
frames/Revenues_USD_CY2023Q1.json,https://data.sec.gov/api/xbrl/frames/us-gaap/Revenues/USD/CY2023Q1.json,2026-09-12T20:12:59Z,336809
frames/RevenueFromContractWithCustomerIncludingAssessedTax_USD_CY2023Q1.json,https://data.sec.gov/api/xbrl/frames/us-gaap/RevenueFromContractWithCustomerIncludingAssessedTax/USD/CY2023Q1.json,2026-09-12T20:13:00Z,90033
frames/InterestAndDividendIncomeOperating_USD_CY2023Q1.json,https://data.sec.gov/api/xbrl/frames/us-gaap/InterestAndDividendIncomeOperating/USD/CY2023Q1.json,2026-09-12T20:13:03Z,74432
frames/RevenueFromContractWithCustomerExcludingAssessedTax_USD_CY2023Q2.json,https://data.sec.gov/api/xbrl/frames/us-gaap/RevenueFromContractWithCustomerExcludingAssessedTax/USD/CY2023Q2.json,2026-09-12T20:13:04Z,417557
frames/Revenues_USD_CY2023Q2.json,https://data.sec.gov/api/xbrl/frames/us-gaap/Revenues/USD/CY2023Q2.json,2026-09-12T20:13:06Z,324369
frames/RevenueFromContractWithCustomerIncludingAssessedTax_USD_CY2023Q2.json,https://data.sec.gov/api/xbrl/frames/us-gaap/RevenueFromContractWithCustomerIncludingAssessedTax/USD/CY2023Q2.json,2026-09-12T20:13:07Z,88162
frames/InterestAndDividendIncomeOperating_USD_CY2023Q2.json,https://data.sec.gov/api/xbrl/frames/us-gaap/InterestAndDividendIncomeOperating/USD/CY2023Q2.json,2026-09-12T20:13:09Z,69943
frames/RevenueFromContractWithCustomerExcludingAssessedTax_USD_CY2023Q3.json,https://data.sec.gov/api/xbrl/frames/us-gaap/RevenueFromContractWithCustomerExcludingAssessedTax/USD/CY2023Q3.json,2026-09-12T20:13:11Z,412378
frames/Revenues_USD_CY2023Q3.json,https://data.sec.gov/api/xbrl/frames/us-gaap/Revenues/USD/CY2023Q3.json,2026-09-12T20:13:12Z,319602
frames/RevenueFromContractWithCustomerIncludingAssessedTax_USD_CY2023Q3.json,https://data.sec.gov/api/xbrl/frames/us-gaap/RevenueFromContractWithCustomerIncludingAssessedTax/USD/CY2023Q3.json,2026-09-12T20:13:14Z,86447
frames/InterestAndDividendIncomeOperating_USD_CY2023Q3.json,https://data.sec.gov/api/xbrl/frames/us-gaap/InterestAndDividendIncomeOperating/USD/CY2023Q3.json,2026-09-12T20:13:16Z,70806
frames/RevenueFromContractWithCustomerExcludingAssessedTax_USD_CY2023Q4.json,https://data.sec.gov/api/xbrl/frames/us-gaap/RevenueFromContractWithCustomerExcludingAssessedTax/USD/CY2023Q4.json,2026-09-12T20:13:17Z,88984
frames/Revenues_USD_CY2023Q4.json,https://data.sec.gov/api/xbrl/frames/us-gaap/Revenues/USD/CY2023Q4.json,2026-09-12T20:13:19Z,78081
frames/RevenueFromContractWithCustomerIncludingAssessedTax_USD_CY2023Q4.json,https://data.sec.gov/api/xbrl/frames/us-gaap/RevenueFromContractWithCustomerIncludingAssessedTax/USD/CY2023Q4.json,2026-09-12T20:13:20Z,20910
frames/InterestAndDividendIncomeOperating_USD_CY2023Q4.json,https://data.sec.gov/api/xbrl/frames/us-gaap/InterestAndDividendIncomeOperating/USD/CY2023Q4.json,2026-09-12T20:13:22Z,13053
frames/RevenueFromContractWithCustomerExcludingAssessedTax_USD_CY2024.json,https://data.sec.gov/api/xbrl/frames/us-gaap/RevenueFromContractWithCustomerExcludingAssessedTax/USD/CY2024.json,2026-09-12T20:13:24Z,453678
frames/Revenues_USD_CY2024.json,https://data.sec.gov/api/xbrl/frames/us-gaap/Revenues/USD/CY2024.json,2026-09-12T20:13:25Z,382559
frames/RevenueFromContractWithCustomerIncludingAssessedTax_USD_CY2024.json,https://data.sec.gov/api/xbrl/frames/us-gaap/RevenueFromContractWithCustomerIncludingAssessedTax/USD/CY2024.json,2026-09-12T20:13:26Z,115398
frames/InterestAndDividendIncomeOperating_USD_CY2024.json,https://data.sec.gov/api/xbrl/frames/us-gaap/InterestAndDividendIncomeOperating/USD/CY2024.json,2026-09-12T20:13:29Z,74401
frames/RevenueFromContractWithCustomerExcludingAssessedTax_USD_CY2024Q1.json,https://data.sec.gov/api/xbrl/frames/us-gaap/RevenueFromContractWithCustomerExcludingAssessedTax/USD/CY2024Q1.json,2026-09-12T20:13:31Z,404827
frames/Revenues_USD_CY2024Q1.json,https://data.sec.gov/api/xbrl/frames/us-gaap/Revenues/USD/CY2024Q1.json,2026-09-12T20:13:32Z,319825
frames/RevenueFromContractWithCustomerIncludingAssessedTax_USD_CY2024Q1.json,https://data.sec.gov/api/xbrl/frames/us-gaap/RevenueFromContractWithCustomerIncludingAssessedTax/USD/CY2024Q1.json,2026-09-12T20:13:33Z,86407
frames/InterestAndDividendIncomeOperating_USD_CY2024Q1.json,https://data.sec.gov/api/xbrl/frames/us-gaap/InterestAndDividendIncomeOperating/USD/CY2024Q1.json,2026-09-12T20:13:35Z,72433
frames/RevenueFromContractWithCustomerExcludingAssessedTax_USD_CY2024Q2.json,https://data.sec.gov/api/xbrl/frames/us-gaap/RevenueFromContractWithCustomerExcludingAssessedTax/USD/CY2024Q2.json,2026-09-12T20:13:37Z,400626
frames/Revenues_USD_CY2024Q2.json,https://data.sec.gov/api/xbrl/frames/us-gaap/Revenues/USD/CY2024Q2.json,2026-09-12T20:13:40Z,308142
frames/RevenueFromContractWithCustomerIncludingAssessedTax_USD_CY2024Q2.json,https://data.sec.gov/api/xbrl/frames/us-gaap/RevenueFromContractWithCustomerIncludingAssessedTax/USD/CY2024Q2.json,2026-09-12T20:13:41Z,86034
frames/InterestAndDividendIncomeOperating_USD_CY2024Q2.json,https://data.sec.gov/api/xbrl/frames/us-gaap/InterestAndDividendIncomeOperating/USD/CY2024Q2.json,2026-09-12T20:13:43Z,68733
frames/RevenueFromContractWithCustomerExcludingAssessedTax_USD_CY2024Q3.json,https://data.sec.gov/api/xbrl/frames/us-gaap/RevenueFromContractWithCustomerExcludingAssessedTax/USD/CY2024Q3.json,2026-09-12T20:13:45Z,396492
frames/Revenues_USD_CY2024Q3.json,https://data.sec.gov/api/xbrl/frames/us-gaap/Revenues/USD/CY2024Q3.json,2026-09-12T20:13:47Z,306971
frames/RevenueFromContractWithCustomerIncludingAssessedTax_USD_CY2024Q3.json,https://data.sec.gov/api/xbrl/frames/us-gaap/RevenueFromContractWithCustomerIncludingAssessedTax/USD/CY2024Q3.json,2026-09-12T20:13:49Z,87940
frames/InterestAndDividendIncomeOperating_USD_CY2024Q3.json,https://data.sec.gov/api/xbrl/frames/us-gaap/InterestAndDividendIncomeOperating/USD/CY2024Q3.json,2026-09-12T20:13:51Z,70719
frames/RevenueFromContractWithCustomerExcludingAssessedTax_USD_CY2024Q4.json,https://data.sec.gov/api/xbrl/frames/us-gaap/RevenueFromContractWithCustomerExcludingAssessedTax/USD/CY2024Q4.json,2026-09-12T20:13:52Z,85073
frames/Revenues_USD_CY2024Q4.json,https://data.sec.gov/api/xbrl/frames/us-gaap/Revenues/USD/CY2024Q4.json,2026-09-12T20:13:53Z,69177
frames/RevenueFromContractWithCustomerIncludingAssessedTax_USD_CY2024Q4.json,https://data.sec.gov/api/xbrl/frames/us-gaap/RevenueFromContractWithCustomerIncludingAssessedTax/USD/CY2024Q4.json,2026-09-12T20:13:54Z,20867
frames/InterestAndDividendIncomeOperating_USD_CY2024Q4.json,https://data.sec.gov/api/xbrl/frames/us-gaap/InterestAndDividendIncomeOperating/USD/CY2024Q4.json,2026-09-12T20:13:56Z,12381
frames/RevenueFromContractWithCustomerExcludingAssessedTax_USD_CY2025.json,https://data.sec.gov/api/xbrl/frames/us-gaap/RevenueFromContractWithCustomerExcludingAssessedTax/USD/CY2025.json,2026-09-12T20:13:59Z,412650
frames/Revenues_USD_CY2025.json,https://data.sec.gov/api/xbrl/frames/us-gaap/Revenues/USD/CY2025.json,2026-09-12T20:14:00Z,341747
frames/RevenueFromContractWithCustomerIncludingAssessedTax_USD_CY2025.json,https://data.sec.gov/api/xbrl/frames/us-gaap/RevenueFromContractWithCustomerIncludingAssessedTax/USD/CY2025.json,2026-09-12T20:14:02Z,100332
frames/InterestAndDividendIncomeOperating_USD_CY2025.json,https://data.sec.gov/api/xbrl/frames/us-gaap/InterestAndDividendIncomeOperating/USD/CY2025.json,2026-09-12T20:14:04Z,68337
frames/RevenueFromContractWithCustomerExcludingAssessedTax_USD_CY2025Q1.json,https://data.sec.gov/api/xbrl/frames/us-gaap/RevenueFromContractWithCustomerExcludingAssessedTax/USD/CY2025Q1.json,2026-09-12T20:14:05Z,388388
frames/Revenues_USD_CY2025Q1.json,https://data.sec.gov/api/xbrl/frames/us-gaap/Revenues/USD/CY2025Q1.json,2026-09-12T20:14:07Z,295499
frames/RevenueFromContractWithCustomerIncludingAssessedTax_USD_CY2025Q1.json,https://data.sec.gov/api/xbrl/frames/us-gaap/RevenueFromContractWithCustomerIncludingAssessedTax/USD/CY2025Q1.json,2026-09-12T20:14:08Z,82402
frames/InterestAndDividendIncomeOperating_USD_CY2025Q1.json,https://data.sec.gov/api/xbrl/frames/us-gaap/InterestAndDividendIncomeOperating/USD/CY2025Q1.json,2026-09-12T20:14:10Z,70709
frames/RevenueFromContractWithCustomerExcludingAssessedTax_USD_CY2025Q2.json,https://data.sec.gov/api/xbrl/frames/us-gaap/RevenueFromContractWithCustomerExcludingAssessedTax/USD/CY2025Q2.json,2026-09-12T20:14:12Z,390769
frames/Revenues_USD_CY2025Q2.json,https://data.sec.gov/api/xbrl/frames/us-gaap/Revenues/USD/CY2025Q2.json,2026-09-12T20:14:13Z,295128
frames/RevenueFromContractWithCustomerIncludingAssessedTax_USD_CY2025Q2.json,https://data.sec.gov/api/xbrl/frames/us-gaap/RevenueFromContractWithCustomerIncludingAssessedTax/USD/CY2025Q2.json,2026-09-12T20:14:15Z,82767
frames/InterestAndDividendIncomeOperating_USD_CY2025Q2.json,https://data.sec.gov/api/xbrl/frames/us-gaap/InterestAndDividendIncomeOperating/USD/CY2025Q2.json,2026-09-12T20:14:17Z,67960
frames/RevenueFromContractWithCustomerExcludingAssessedTax_USD_CY2025Q3.json,https://data.sec.gov/api/xbrl/frames/us-gaap/RevenueFromContractWithCustomerExcludingAssessedTax/USD/CY2025Q3.json,2026-09-12T20:14:19Z,358902
frames/Revenues_USD_CY2025Q3.json,https://data.sec.gov/api/xbrl/frames/us-gaap/Revenues/USD/CY2025Q3.json,2026-09-12T20:14:21Z,267850
frames/RevenueFromContractWithCustomerIncludingAssessedTax_USD_CY2025Q3.json,https://data.sec.gov/api/xbrl/frames/us-gaap/RevenueFromContractWithCustomerIncludingAssessedTax/USD/CY2025Q3.json,2026-09-12T20:14:22Z,73791
frames/InterestAndDividendIncomeOperating_USD_CY2025Q3.json,https://data.sec.gov/api/xbrl/frames/us-gaap/InterestAndDividendIncomeOperating/USD/CY2025Q3.json,2026-09-12T20:14:25Z,65816
frames/RevenueFromContractWithCustomerExcludingAssessedTax_USD_CY2025Q4.json,https://data.sec.gov/api/xbrl/frames/us-gaap/RevenueFromContractWithCustomerExcludingAssessedTax/USD/CY2025Q4.json,2026-09-12T20:14:26Z,73407
frames/Revenues_USD_CY2025Q4.json,https://data.sec.gov/api/xbrl/frames/us-gaap/Revenues/USD/CY2025Q4.json,2026-09-12T20:14:27Z,57808
frames/RevenueFromContractWithCustomerIncludingAssessedTax_USD_CY2025Q4.json,https://data.sec.gov/api/xbrl/frames/us-gaap/RevenueFromContractWithCustomerIncludingAssessedTax/USD/CY2025Q4.json,2026-09-12T20:14:28Z,16337
frames/InterestAndDividendIncomeOperating_USD_CY2025Q4.json,https://data.sec.gov/api/xbrl/frames/us-gaap/InterestAndDividendIncomeOperating/USD/CY2025Q4.json,2026-09-12T20:14:31Z,10208
frames/EntityNumberOfEmployees_pure_CY2016Q1I.json,https://data.sec.gov/api/xbrl/frames/dei/EntityNumberOfEmployees/pure/CY2016Q1I.json,2026-09-12T20:14:33Z,1568
frames/EntityNumberOfEmployees_pure_CY2016Q2I.json,https://data.sec.gov/api/xbrl/frames/dei/EntityNumberOfEmployees/pure/CY2016Q2I.json,2026-09-12T20:14:34Z,1336
frames/EntityNumberOfEmployees_pure_CY2016Q3I.json,https://data.sec.gov/api/xbrl/frames/dei/EntityNumberOfEmployees/pure/CY2016Q3I.json,2026-09-12T20:14:35Z,1440
frames/EntityNumberOfEmployees_pure_CY2016Q4I.json,https://data.sec.gov/api/xbrl/frames/dei/EntityNumberOfEmployees/pure/CY2016Q4I.json,2026-09-12T20:14:36Z,2380
frames/EntityNumberOfEmployees_pure_CY2017Q1I.json,https://data.sec.gov/api/xbrl/frames/dei/EntityNumberOfEmployees/pure/CY2017Q1I.json,2026-09-12T20:14:37Z,811
frames/EntityNumberOfEmployees_pure_CY2017Q2I.json,https://data.sec.gov/api/xbrl/frames/dei/EntityNumberOfEmployees/pure/CY2017Q2I.json,2026-09-12T20:14:39Z,1098
frames/EntityNumberOfEmployees_pure_CY2017Q3I.json,https://data.sec.gov/api/xbrl/frames/dei/EntityNumberOfEmployees/pure/CY2017Q3I.json,2026-09-12T20:14:40Z,954
frames/EntityNumberOfEmployees_pure_CY2017Q4I.json,https://data.sec.gov/api/xbrl/frames/dei/EntityNumberOfEmployees/pure/CY2017Q4I.json,2026-09-12T20:14:41Z,2221
frames/EntityNumberOfEmployees_pure_CY2018Q1I.json,https://data.sec.gov/api/xbrl/frames/dei/EntityNumberOfEmployees/pure/CY2018Q1I.json,2026-09-12T20:14:42Z,1088
frames/EntityNumberOfEmployees_pure_CY2018Q2I.json,https://data.sec.gov/api/xbrl/frames/dei/EntityNumberOfEmployees/pure/CY2018Q2I.json,2026-09-12T20:14:43Z,989
frames/EntityNumberOfEmployees_pure_CY2018Q3I.json,https://data.sec.gov/api/xbrl/frames/dei/EntityNumberOfEmployees/pure/CY2018Q3I.json,2026-09-12T20:14:45Z,1096
frames/EntityNumberOfEmployees_pure_CY2018Q4I.json,https://data.sec.gov/api/xbrl/frames/dei/EntityNumberOfEmployees/pure/CY2018Q4I.json,2026-09-12T20:14:46Z,1698
frames/EntityNumberOfEmployees_pure_CY2019Q1I.json,https://data.sec.gov/api/xbrl/frames/dei/EntityNumberOfEmployees/pure/CY2019Q1I.json,2026-09-12T20:14:47Z,695
frames/EntityNumberOfEmployees_pure_CY2019Q2I.json,https://data.sec.gov/api/xbrl/frames/dei/EntityNumberOfEmployees/pure/CY2019Q2I.json,2026-09-12T20:14:48Z,828
frames/EntityNumberOfEmployees_pure_CY2019Q3I.json,https://data.sec.gov/api/xbrl/frames/dei/EntityNumberOfEmployees/pure/CY2019Q3I.json,2026-09-12T20:14:49Z,1071
frames/EntityNumberOfEmployees_pure_CY2019Q4I.json,https://data.sec.gov/api/xbrl/frames/dei/EntityNumberOfEmployees/pure/CY2019Q4I.json,2026-09-12T20:14:50Z,1717
frames/EntityNumberOfEmployees_pure_CY2020Q1I.json,https://data.sec.gov/api/xbrl/frames/dei/EntityNumberOfEmployees/pure/CY2020Q1I.json,2026-09-12T20:14:52Z,934
frames/EntityNumberOfEmployees_pure_CY2020Q2I.json,https://data.sec.gov/api/xbrl/frames/dei/EntityNumberOfEmployees/pure/CY2020Q2I.json,2026-09-12T20:14:53Z,586
frames/EntityNumberOfEmployees_pure_CY2020Q3I.json,https://data.sec.gov/api/xbrl/frames/dei/EntityNumberOfEmployees/pure/CY2020Q3I.json,2026-09-12T20:14:54Z,585
frames/EntityNumberOfEmployees_pure_CY2020Q4I.json,https://data.sec.gov/api/xbrl/frames/dei/EntityNumberOfEmployees/pure/CY2020Q4I.json,2026-09-12T20:14:55Z,956
frames/EntityNumberOfEmployees_pure_CY2021Q1I.json,https://data.sec.gov/api/xbrl/frames/dei/EntityNumberOfEmployees/pure/CY2021Q1I.json,2026-09-12T20:14:56Z,580
frames/EntityNumberOfEmployees_pure_CY2021Q2I.json,https://data.sec.gov/api/xbrl/frames/dei/EntityNumberOfEmployees/pure/CY2021Q2I.json,2026-09-12T20:14:57Z,826
frames/EntityNumberOfEmployees_pure_CY2021Q3I.json,https://data.sec.gov/api/xbrl/frames/dei/EntityNumberOfEmployees/pure/CY2021Q3I.json,2026-09-12T20:14:59Z,962
frames/EntityNumberOfEmployees_pure_CY2021Q4I.json,https://data.sec.gov/api/xbrl/frames/dei/EntityNumberOfEmployees/pure/CY2021Q4I.json,2026-09-12T20:15:00Z,1325
frames/EntityNumberOfEmployees_pure_CY2022Q1I.json,https://data.sec.gov/api/xbrl/frames/dei/EntityNumberOfEmployees/pure/CY2022Q1I.json,2026-09-12T20:15:01Z,1067
frames/EntityNumberOfEmployees_pure_CY2022Q2I.json,https://data.sec.gov/api/xbrl/frames/dei/EntityNumberOfEmployees/pure/CY2022Q2I.json,2026-09-12T20:15:02Z,966
frames/EntityNumberOfEmployees_pure_CY2022Q3I.json,https://data.sec.gov/api/xbrl/frames/dei/EntityNumberOfEmployees/pure/CY2022Q3I.json,2026-09-12T20:15:03Z,838
frames/EntityNumberOfEmployees_pure_CY2022Q4I.json,https://data.sec.gov/api/xbrl/frames/dei/EntityNumberOfEmployees/pure/CY2022Q4I.json,2026-09-12T20:15:05Z,849
frames/EntityNumberOfEmployees_pure_CY2023Q1I.json,https://data.sec.gov/api/xbrl/frames/dei/EntityNumberOfEmployees/pure/CY2023Q1I.json,2026-09-12T20:15:06Z,587
frames/EntityNumberOfEmployees_pure_CY2023Q2I.json,https://data.sec.gov/api/xbrl/frames/dei/EntityNumberOfEmployees/pure/CY2023Q2I.json,2026-09-12T20:15:07Z,591
frames/EntityNumberOfEmployees_pure_CY2023Q3I.json,https://data.sec.gov/api/xbrl/frames/dei/EntityNumberOfEmployees/pure/CY2023Q3I.json,2026-09-12T20:15:08Z,592
frames/EntityNumberOfEmployees_pure_CY2023Q4I.json,https://data.sec.gov/api/xbrl/frames/dei/EntityNumberOfEmployees/pure/CY2023Q4I.json,2026-09-12T20:15:09Z,971
frames/EntityNumberOfEmployees_pure_CY2024Q1I.json,https://data.sec.gov/api/xbrl/frames/dei/EntityNumberOfEmployees/pure/CY2024Q1I.json,2026-09-12T20:15:10Z,569
frames/EntityNumberOfEmployees_pure_CY2024Q2I.json,https://data.sec.gov/api/xbrl/frames/dei/EntityNumberOfEmployees/pure/CY2024Q2I.json,2026-09-12T20:15:11Z,325
frames/EntityNumberOfEmployees_pure_CY2024Q3I.json,https://data.sec.gov/api/xbrl/frames/dei/EntityNumberOfEmployees/pure/CY2024Q3I.json,2026-09-12T20:15:13Z,450
frames/EntityNumberOfEmployees_pure_CY2024Q4I.json,https://data.sec.gov/api/xbrl/frames/dei/EntityNumberOfEmployees/pure/CY2024Q4I.json,2026-09-12T20:15:14Z,1091
frames/EntityNumberOfEmployees_pure_CY2025Q1I.json,https://data.sec.gov/api/xbrl/frames/dei/EntityNumberOfEmployees/pure/CY2025Q1I.json,2026-09-12T20:15:15Z,693
frames/EntityNumberOfEmployees_pure_CY2025Q2I.json,https://data.sec.gov/api/xbrl/frames/dei/EntityNumberOfEmployees/pure/CY2025Q2I.json,2026-09-12T20:15:16Z,573
frames/EntityNumberOfEmployees_pure_CY2025Q3I.json,https://data.sec.gov/api/xbrl/frames/dei/EntityNumberOfEmployees/pure/CY2025Q3I.json,2026-09-12T20:15:17Z,573
frames/EntityNumberOfEmployees_pure_CY2025Q4I.json,https://data.sec.gov/api/xbrl/frames/dei/EntityNumberOfEmployees/pure/CY2025Q4I.json,2026-09-12T20:15:18Z,829
fec/committees_q_p001.json,https://api.open.fec.gov/v1/committees/?committee_type=Q&per_page=100&page=1&sort=committee_id&api_key=REDACTED,2026-09-12T20:16:12Z,116175
fec/committees_q_p002.json,https://api.open.fec.gov/v1/committees/?committee_type=Q&per_page=100&page=2&sort=committee_id&api_key=REDACTED,2026-09-12T20:16:15Z,116662
fec/committees_q_p003.json,https://api.open.fec.gov/v1/committees/?committee_type=Q&per_page=100&page=3&sort=committee_id&api_key=REDACTED,2026-09-12T20:16:17Z,114761
fec/committees_q_p004.json,https://api.open.fec.gov/v1/committees/?committee_type=Q&per_page=100&page=4&sort=committee_id&api_key=REDACTED,2026-09-12T20:16:19Z,114159
fec/committees_q_p005.json,https://api.open.fec.gov/v1/committees/?committee_type=Q&per_page=100&page=5&sort=committee_id&api_key=REDACTED,2026-09-12T20:16:21Z,114909
fec/committees_q_p006.json,https://api.open.fec.gov/v1/committees/?committee_type=Q&per_page=100&page=6&sort=committee_id&api_key=REDACTED,2026-09-12T20:16:23Z,114898
fec/committees_q_p007.json,https://api.open.fec.gov/v1/committees/?committee_type=Q&per_page=100&page=7&sort=committee_id&api_key=REDACTED,2026-09-12T20:16:25Z,114039
fec/committees_q_p008.json,https://api.open.fec.gov/v1/committees/?committee_type=Q&per_page=100&page=8&sort=committee_id&api_key=REDACTED,2026-09-12T20:16:27Z,114833
fec/committees_q_p009.json,https://api.open.fec.gov/v1/committees/?committee_type=Q&per_page=100&page=9&sort=committee_id&api_key=REDACTED,2026-09-12T20:16:29Z,114086
fec/committees_q_p010.json,https://api.open.fec.gov/v1/committees/?committee_type=Q&per_page=100&page=10&sort=committee_id&api_key=REDACTED,2026-09-12T20:16:32Z,114325
fec/committees_q_p011.json,https://api.open.fec.gov/v1/committees/?committee_type=Q&per_page=100&page=11&sort=committee_id&api_key=REDACTED,2026-09-12T20:16:34Z,113377
fec/committees_q_p012.json,https://api.open.fec.gov/v1/committees/?committee_type=Q&per_page=100&page=12&sort=committee_id&api_key=REDACTED,2026-09-12T20:16:36Z,113762
fec/committees_q_p013.json,https://api.open.fec.gov/v1/committees/?committee_type=Q&per_page=100&page=13&sort=committee_id&api_key=REDACTED,2026-09-12T20:16:38Z,113041
fec/committees_q_p014.json,https://api.open.fec.gov/v1/committees/?committee_type=Q&per_page=100&page=14&sort=committee_id&api_key=REDACTED,2026-09-12T20:16:41Z,113550
fec/committees_q_p015.json,https://api.open.fec.gov/v1/committees/?committee_type=Q&per_page=100&page=15&sort=committee_id&api_key=REDACTED,2026-09-12T20:16:43Z,112554
fec/committees_q_p016.json,https://api.open.fec.gov/v1/committees/?committee_type=Q&per_page=100&page=16&sort=committee_id&api_key=REDACTED,2026-09-12T20:16:45Z,112181
fec/committees_q_p017.json,https://api.open.fec.gov/v1/committees/?committee_type=Q&per_page=100&page=17&sort=committee_id&api_key=REDACTED,2026-09-12T20:16:47Z,113370
fec/committees_q_p018.json,https://api.open.fec.gov/v1/committees/?committee_type=Q&per_page=100&page=18&sort=committee_id&api_key=REDACTED,2026-09-12T20:16:50Z,111998
fec/committees_q_p019.json,https://api.open.fec.gov/v1/committees/?committee_type=Q&per_page=100&page=19&sort=committee_id&api_key=REDACTED,2026-09-12T20:16:52Z,112357
fec/committees_q_p020.json,https://api.open.fec.gov/v1/committees/?committee_type=Q&per_page=100&page=20&sort=committee_id&api_key=REDACTED,2026-09-12T20:16:54Z,112912
fec/committees_q_p021.json,https://api.open.fec.gov/v1/committees/?committee_type=Q&per_page=100&page=21&sort=committee_id&api_key=REDACTED,2026-09-12T20:16:56Z,111993
fec/committees_q_p022.json,https://api.open.fec.gov/v1/committees/?committee_type=Q&per_page=100&page=22&sort=committee_id&api_key=REDACTED,2026-09-12T20:16:58Z,112424
fec/committees_q_p023.json,https://api.open.fec.gov/v1/committees/?committee_type=Q&per_page=100&page=23&sort=committee_id&api_key=REDACTED,2026-09-12T20:17:01Z,111667
fec/committees_q_p024.json,https://api.open.fec.gov/v1/committees/?committee_type=Q&per_page=100&page=24&sort=committee_id&api_key=REDACTED,2026-09-12T20:17:03Z,112203
fec/committees_q_p025.json,https://api.open.fec.gov/v1/committees/?committee_type=Q&per_page=100&page=25&sort=committee_id&api_key=REDACTED,2026-09-12T20:17:05Z,112204
fec/committees_q_p026.json,https://api.open.fec.gov/v1/committees/?committee_type=Q&per_page=100&page=26&sort=committee_id&api_key=REDACTED,2026-09-12T20:17:07Z,111643
fec/committees_q_p027.json,https://api.open.fec.gov/v1/committees/?committee_type=Q&per_page=100&page=27&sort=committee_id&api_key=REDACTED,2026-09-12T20:17:09Z,111835
fec/committees_q_p028.json,https://api.open.fec.gov/v1/committees/?committee_type=Q&per_page=100&page=28&sort=committee_id&api_key=REDACTED,2026-09-12T20:17:11Z,111850
fec/committees_q_p029.json,https://api.open.fec.gov/v1/committees/?committee_type=Q&per_page=100&page=29&sort=committee_id&api_key=REDACTED,2026-09-12T20:17:14Z,110250
fec/committees_q_p030.json,https://api.open.fec.gov/v1/committees/?committee_type=Q&per_page=100&page=30&sort=committee_id&api_key=REDACTED,2026-09-12T20:17:16Z,112060
fec/committees_q_p031.json,https://api.open.fec.gov/v1/committees/?committee_type=Q&per_page=100&page=31&sort=committee_id&api_key=REDACTED,2026-09-12T20:17:18Z,109784
fec/committees_q_p032.json,https://api.open.fec.gov/v1/committees/?committee_type=Q&per_page=100&page=32&sort=committee_id&api_key=REDACTED,2026-09-12T20:17:20Z,110751
fec/committees_q_p033.json,https://api.open.fec.gov/v1/committees/?committee_type=Q&per_page=100&page=33&sort=committee_id&api_key=REDACTED,2026-09-12T20:17:22Z,111204
fec/committees_q_p034.json,https://api.open.fec.gov/v1/committees/?committee_type=Q&per_page=100&page=34&sort=committee_id&api_key=REDACTED,2026-09-12T20:17:24Z,111867
fec/committees_q_p035.json,https://api.open.fec.gov/v1/committees/?committee_type=Q&per_page=100&page=35&sort=committee_id&api_key=REDACTED,2026-09-12T20:17:26Z,110573
fec/committees_q_p036.json,https://api.open.fec.gov/v1/committees/?committee_type=Q&per_page=100&page=36&sort=committee_id&api_key=REDACTED,2026-09-12T20:17:29Z,110975
fec/committees_q_p037.json,https://api.open.fec.gov/v1/committees/?committee_type=Q&per_page=100&page=37&sort=committee_id&api_key=REDACTED,2026-09-12T20:17:31Z,111665
fec/committees_q_p038.json,https://api.open.fec.gov/v1/committees/?committee_type=Q&per_page=100&page=38&sort=committee_id&api_key=REDACTED,2026-09-12T20:17:33Z,111027
fec/committees_q_p039.json,https://api.open.fec.gov/v1/committees/?committee_type=Q&per_page=100&page=39&sort=committee_id&api_key=REDACTED,2026-09-12T20:17:35Z,111351
fec/committees_q_p040.json,https://api.open.fec.gov/v1/committees/?committee_type=Q&per_page=100&page=40&sort=committee_id&api_key=REDACTED,2026-09-12T20:17:37Z,113341
fec/committees_q_p041.json,https://api.open.fec.gov/v1/committees/?committee_type=Q&per_page=100&page=41&sort=committee_id&api_key=REDACTED,2026-09-12T20:17:40Z,112535
fec/committees_q_p042.json,https://api.open.fec.gov/v1/committees/?committee_type=Q&per_page=100&page=42&sort=committee_id&api_key=REDACTED,2026-09-12T20:17:42Z,112711
fec/committees_q_p043.json,https://api.open.fec.gov/v1/committees/?committee_type=Q&per_page=100&page=43&sort=committee_id&api_key=REDACTED,2026-09-12T20:17:44Z,110663
fec/committees_q_p044.json,https://api.open.fec.gov/v1/committees/?committee_type=Q&per_page=100&page=44&sort=committee_id&api_key=REDACTED,2026-09-12T20:17:47Z,111164
fec/committees_q_p045.json,https://api.open.fec.gov/v1/committees/?committee_type=Q&per_page=100&page=45&sort=committee_id&api_key=REDACTED,2026-09-12T20:17:49Z,111322
fec/committees_q_p046.json,https://api.open.fec.gov/v1/committees/?committee_type=Q&per_page=100&page=46&sort=committee_id&api_key=REDACTED,2026-09-12T20:17:51Z,110794
fec/committees_q_p047.json,https://api.open.fec.gov/v1/committees/?committee_type=Q&per_page=100&page=47&sort=committee_id&api_key=REDACTED,2026-09-12T20:17:53Z,110359
fec/committees_q_p048.json,https://api.open.fec.gov/v1/committees/?committee_type=Q&per_page=100&page=48&sort=committee_id&api_key=REDACTED,2026-09-12T20:17:55Z,112939
fec/committees_q_p049.json,https://api.open.fec.gov/v1/committees/?committee_type=Q&per_page=100&page=49&sort=committee_id&api_key=REDACTED,2026-09-12T20:17:57Z,110870
fec/committees_q_p050.json,https://api.open.fec.gov/v1/committees/?committee_type=Q&per_page=100&page=50&sort=committee_id&api_key=REDACTED,2026-09-12T20:18:00Z,111877
fec/committees_q_p051.json,https://api.open.fec.gov/v1/committees/?committee_type=Q&per_page=100&page=51&sort=committee_id&api_key=REDACTED,2026-09-12T20:18:02Z,112091
fec/committees_q_p052.json,https://api.open.fec.gov/v1/committees/?committee_type=Q&per_page=100&page=52&sort=committee_id&api_key=REDACTED,2026-09-12T20:18:04Z,111572
fec/committees_q_p053.json,https://api.open.fec.gov/v1/committees/?committee_type=Q&per_page=100&page=53&sort=committee_id&api_key=REDACTED,2026-09-12T20:18:07Z,112019
fec/committees_q_p054.json,https://api.open.fec.gov/v1/committees/?committee_type=Q&per_page=100&page=54&sort=committee_id&api_key=REDACTED,2026-09-12T20:18:09Z,112057
fec/committees_q_p055.json,https://api.open.fec.gov/v1/committees/?committee_type=Q&per_page=100&page=55&sort=committee_id,2026-09-12T20:19:16Z,111320
fec/committees_q_p057.json,https://api.open.fec.gov/v1/committees/?committee_type=Q&per_page=100&page=57&sort=committee_id,2026-09-12T20:19:21Z,112351
fec/committees_q_p058.json,https://api.open.fec.gov/v1/committees/?committee_type=Q&per_page=100&page=58&sort=committee_id,2026-09-12T20:19:23Z,111613
fec/committees_q_p059.json,https://api.open.fec.gov/v1/committees/?committee_type=Q&per_page=100&page=59&sort=committee_id,2026-09-12T20:19:25Z,112204
fec/committees_q_p060.json,https://api.open.fec.gov/v1/committees/?committee_type=Q&per_page=100&page=60&sort=committee_id,2026-09-12T20:19:27Z,113066
fec/committees_q_p061.json,https://api.open.fec.gov/v1/committees/?committee_type=Q&per_page=100&page=61&sort=committee_id,2026-09-12T20:19:30Z,111971
fec/committees_q_p062.json,https://api.open.fec.gov/v1/committees/?committee_type=Q&per_page=100&page=62&sort=committee_id,2026-09-12T20:19:33Z,111714
fec/committees_q_p063.json,https://api.open.fec.gov/v1/committees/?committee_type=Q&per_page=100&page=63&sort=committee_id,2026-09-12T20:19:35Z,111753
fec/committees_q_p064.json,https://api.open.fec.gov/v1/committees/?committee_type=Q&per_page=100&page=64&sort=committee_id,2026-09-12T20:19:37Z,112353
fec/committees_q_p065.json,https://api.open.fec.gov/v1/committees/?committee_type=Q&per_page=100&page=65&sort=committee_id,2026-09-12T20:19:42Z,112853
fec/committees_q_p066.json,https://api.open.fec.gov/v1/committees/?committee_type=Q&per_page=100&page=66&sort=committee_id,2026-09-12T20:19:45Z,111301
fec/committees_q_p067.json,https://api.open.fec.gov/v1/committees/?committee_type=Q&per_page=100&page=67&sort=committee_id,2026-09-12T20:19:47Z,113578
fec/committees_q_p068.json,https://api.open.fec.gov/v1/committees/?committee_type=Q&per_page=100&page=68&sort=committee_id,2026-09-12T20:19:49Z,113612
fec/committees_q_p069.json,https://api.open.fec.gov/v1/committees/?committee_type=Q&per_page=100&page=69&sort=committee_id,2026-09-12T20:19:59Z,111842
fec/committees_q_p070.json,https://api.open.fec.gov/v1/committees/?committee_type=Q&per_page=100&page=70&sort=committee_id,2026-09-12T20:20:01Z,112712
fec/committees_q_p071.json,https://api.open.fec.gov/v1/committees/?committee_type=Q&per_page=100&page=71&sort=committee_id,2026-09-12T20:20:04Z,112078
fec/committees_q_p072.json,https://api.open.fec.gov/v1/committees/?committee_type=Q&per_page=100&page=72&sort=committee_id,2026-09-12T20:20:06Z,111704
fec/committees_q_p073.json,https://api.open.fec.gov/v1/committees/?committee_type=Q&per_page=100&page=73&sort=committee_id,2026-09-12T20:20:08Z,112186
fec/committees_q_p074.json,https://api.open.fec.gov/v1/committees/?committee_type=Q&per_page=100&page=74&sort=committee_id,2026-09-12T20:20:11Z,110244
fec/committees_q_p075.json,https://api.open.fec.gov/v1/committees/?committee_type=Q&per_page=100&page=75&sort=committee_id,2026-09-12T20:20:13Z,110658
fec/committees_q_p076.json,https://api.open.fec.gov/v1/committees/?committee_type=Q&per_page=100&page=76&sort=committee_id,2026-09-12T20:20:16Z,110244
fec/committees_q_p077.json,https://api.open.fec.gov/v1/committees/?committee_type=Q&per_page=100&page=77&sort=committee_id,2026-09-12T20:20:18Z,110128
fec/committees_q_p078.json,https://api.open.fec.gov/v1/committees/?committee_type=Q&per_page=100&page=78&sort=committee_id,2026-09-12T20:20:20Z,110213
fec/committees_q_p079.json,https://api.open.fec.gov/v1/committees/?committee_type=Q&per_page=100&page=79&sort=committee_id,2026-09-12T20:20:22Z,108885
fec/committees_q_p080.json,https://api.open.fec.gov/v1/committees/?committee_type=Q&per_page=100&page=80&sort=committee_id,2026-09-12T20:20:24Z,108685
fec/committees_q_p081.json,https://api.open.fec.gov/v1/committees/?committee_type=Q&per_page=100&page=81&sort=committee_id,2026-09-12T20:21:15Z,23146
fec/sb/C00145037_2020_p001.json,https://api.open.fec.gov/v1/schedules/schedule_b/?committee_id=C00145037&two_year_transaction_period=2020&per_page=100&sort=disbursement_date,2026-09-12T20:28:02Z,395075
fec/sb/C00145037_2024_p001.json,https://api.open.fec.gov/v1/schedules/schedule_b/?committee_id=C00145037&two_year_transaction_period=2024&per_page=100&sort=disbursement_date,2026-09-12T20:28:05Z,511968
fec/sb/C00558759_2020_p001.json,https://api.open.fec.gov/v1/schedules/schedule_b/?committee_id=C00558759&two_year_transaction_period=2020&per_page=100&sort=disbursement_date,2026-09-12T20:28:07Z,52874
fec/sb/C00558759_2024_p001.json,https://api.open.fec.gov/v1/schedules/schedule_b/?committee_id=C00558759&two_year_transaction_period=2024&per_page=100&sort=disbursement_date,2026-09-12T20:28:09Z,11218
fec/sb/C00492314_2020_p001.json,https://api.open.fec.gov/v1/schedules/schedule_b/?committee_id=C00492314&two_year_transaction_period=2020&per_page=100&sort=disbursement_date,2026-09-12T20:28:11Z,42130
fec/sb/C00492314_2024_p001.json,https://api.open.fec.gov/v1/schedules/schedule_b/?committee_id=C00492314&two_year_transaction_period=2024&per_page=100&sort=disbursement_date,2026-09-12T20:28:14Z,105337
fec/sb/C00084475_2020_p001.json,https://api.open.fec.gov/v1/schedules/schedule_b/?committee_id=C00084475&two_year_transaction_period=2020&per_page=100&sort=disbursement_date,2026-09-12T20:28:16Z,478685
fec/sb/C00084475_2024_p001.json,https://api.open.fec.gov/v1/schedules/schedule_b/?committee_id=C00084475&two_year_transaction_period=2024&per_page=100&sort=disbursement_date,2026-09-12T20:28:19Z,437208
fec/sb/C00332833_2020_p001.json,https://api.open.fec.gov/v1/schedules/schedule_b/?committee_id=C00332833&two_year_transaction_period=2020&per_page=100&sort=disbursement_date,2026-09-12T20:28:21Z,497321
fec/sb/C00332833_2024_p001.json,https://api.open.fec.gov/v1/schedules/schedule_b/?committee_id=C00332833&two_year_transaction_period=2024&per_page=100&sort=disbursement_date,2026-09-12T20:28:24Z,454691
fec/sb/C00617944_2020_p001.json,https://api.open.fec.gov/v1/schedules/schedule_b/?committee_id=C00617944&two_year_transaction_period=2020&per_page=100&sort=disbursement_date,2026-09-12T20:28:26Z,149771
fec/sb/_tmp_C00007948_2018_p001.json,https://api.open.fec.gov/v1/schedules/schedule_b/?committee_id=C00007948&two_year_transaction_period=2018&per_page=100&sort=disbursement_date,2026-09-12T20:32:20Z,554292
fec/sb/_tmp_C00007948_2020_p001.json,https://api.open.fec.gov/v1/schedules/schedule_b/?committee_id=C00007948&two_year_transaction_period=2020&per_page=100&sort=disbursement_date,2026-09-12T20:32:21Z,535520
fec/sb/_tmp_C00007948_2022_p001.json,https://api.open.fec.gov/v1/schedules/schedule_b/?committee_id=C00007948&two_year_transaction_period=2022&per_page=100&sort=disbursement_date,2026-09-12T20:32:22Z,522722
fec/sb/_tmp_C00007948_2024_p001.json,https://api.open.fec.gov/v1/schedules/schedule_b/?committee_id=C00007948&two_year_transaction_period=2024&per_page=100&sort=disbursement_date,2026-09-12T20:32:23Z,539412
fec/sb/_tmp_C00007070_2026_p001.json,https://api.open.fec.gov/v1/schedules/schedule_b/?committee_id=C00007070&two_year_transaction_period=2026&per_page=100&sort=disbursement_date,2026-09-12T20:32:24Z,256602
fec/sb/_tmp_C00007948_2016_p001.json,https://api.open.fec.gov/v1/schedules/schedule_b/?committee_id=C00007948&two_year_transaction_period=2016&per_page=100&sort=disbursement_date,2026-09-12T20:32:25Z,558837
fec/sb/_tmp_C00007948_2018_p002.json,https://api.open.fec.gov/v1/schedules/schedule_b/?committee_id=C00007948&two_year_transaction_period=2018&per_page=100&sort=disbursement_date&last_index=4122020171489228471&last_disbursement_date=2017-11-09,2026-09-12T20:32:25Z,538965
fec/sb/_tmp_C00007948_2020_p002.json,https://api.open.fec.gov/v1/schedules/schedule_b/?committee_id=C00007948&two_year_transaction_period=2020&per_page=100&sort=disbursement_date&last_index=4121720191681641333&last_disbursement_date=2019-11-07,2026-09-12T20:32:27Z,539378
fec/sb/_tmp_C00007948_2022_p002.json,https://api.open.fec.gov/v1/schedules/schedule_b/?committee_id=C00007948&two_year_transaction_period=2022&per_page=100&sort=disbursement_date&last_index=4042920221473625464&last_disbursement_date=2022-03-04,2026-09-12T20:32:28Z,498687
fec/sb/_tmp_C00007948_2024_p002.json,https://api.open.fec.gov/v1/schedules/schedule_b/?committee_id=C00007948&two_year_transaction_period=2024&per_page=100&sort=disbursement_date&last_index=4021420241824886560&last_disbursement_date=2023-12-06,2026-09-12T20:32:29Z,534717
fec/sb/_tmp_C00007948_2026_p001.json,https://api.open.fec.gov/v1/schedules/schedule_b/?committee_id=C00007948&two_year_transaction_period=2026&per_page=100&sort=disbursement_date,2026-09-12T20:32:30Z,526407
fec/sb/_tmp_C00007948_2016_p002.json,https://api.open.fec.gov/v1/schedules/schedule_b/?committee_id=C00007948&two_year_transaction_period=2016&per_page=100&sort=disbursement_date&last_index=4021320161262934657&last_disbursement_date=2016-01-21,2026-09-12T20:32:30Z,472128
fec/sb/_tmp_C00007948_2018_p003.json,https://api.open.fec.gov/v1/schedules/schedule_b/?committee_id=C00007948&two_year_transaction_period=2018&per_page=100&sort=disbursement_date&last_index=4061920181570820177&last_disbursement_date=2018-05-04,2026-09-12T20:32:32Z,484389
fec/sb/_tmp_C00007948_2020_p003.json,https://api.open.fec.gov/v1/schedules/schedule_b/?committee_id=C00007948&two_year_transaction_period=2020&per_page=100&sort=disbursement_date&last_index=4061520201774956518&last_disbursement_date=2020-05-21,2026-09-12T20:32:33Z,444137
fec/sb/_tmp_C00007948_2022_p003.json,https://api.open.fec.gov/v1/schedules/schedule_b/?committee_id=C00007948&two_year_transaction_period=2022&per_page=100&sort=disbursement_date&last_index=4080220221553888249&last_disbursement_date=2022-06-10,2026-09-12T20:32:34Z,377907
fec/sb/_tmp_C00007948_2024_p003.json,https://api.open.fec.gov/v1/schedules/schedule_b/?committee_id=C00007948&two_year_transaction_period=2024&per_page=100&sort=disbursement_date&last_index=4062020241961793032&last_disbursement_date=2024-05-30,2026-09-12T20:32:35Z,424968
fec/sb/_tmp_C00007948_2026_p002.json,https://api.open.fec.gov/v1/schedules/schedule_b/?committee_id=C00007948&two_year_transaction_period=2026&per_page=100&sort=disbursement_date&last_index=4031120261420962182&last_disbursement_date=2026-01-09,2026-09-12T20:32:36Z,542329
fec/sb/_tmp_C00007948_2016_p003.json,https://api.open.fec.gov/v1/schedules/schedule_b/?committee_id=C00007948&two_year_transaction_period=2016&per_page=100&sort=disbursement_date&last_index=4072520161307123531&last_disbursement_date=2016-06-13,2026-09-12T20:32:37Z,524259
fec/sb/_tmp_C00007948_2018_p004.json,https://api.open.fec.gov/v1/schedules/schedule_b/?committee_id=C00007948&two_year_transaction_period=2018&per_page=100&sort=disbursement_date&last_index=4091320181591016357&last_disbursement_date=2018-08-02,2026-09-12T20:32:38Z,246482
fec/sb/_tmp_C00007948_2020_p004.json,https://api.open.fec.gov/v1/schedules/schedule_b/?committee_id=C00007948&two_year_transaction_period=2020&per_page=100&sort=disbursement_date&last_index=4082820201831136494&last_disbursement_date=2020-07-31,2026-09-12T20:32:39Z,371324
fec/sb/_tmp_C00008474_2016_p001.json,https://api.open.fec.gov/v1/schedules/schedule_b/?committee_id=C00008474&two_year_transaction_period=2016&per_page=100&sort=disbursement_date,2026-09-12T20:32:40Z,553125
fec/sb/_tmp_C00008474_2018_p001.json,https://api.open.fec.gov/v1/schedules/schedule_b/?committee_id=C00008474&two_year_transaction_period=2018&per_page=100&sort=disbursement_date,2026-09-12T20:32:41Z,544940
fec/sb/_tmp_C00007948_2026_p003.json,https://api.open.fec.gov/v1/schedules/schedule_b/?committee_id=C00007948&two_year_transaction_period=2026&per_page=100&sort=disbursement_date&last_index=4090120261595617500&last_disbursement_date=2026-07-13,2026-09-12T20:32:42Z,60208
fec/sb/_tmp_C00007948_2016_p004.json,https://api.open.fec.gov/v1/schedules/schedule_b/?committee_id=C00007948&two_year_transaction_period=2016&per_page=100&sort=disbursement_date&last_index=4121420161357351593&last_disbursement_date=2016-11-28,2026-09-12T20:32:43Z,14509
fec/sb/_tmp_C00008474_2020_p001.json,https://api.open.fec.gov/v1/schedules/schedule_b/?committee_id=C00008474&two_year_transaction_period=2020&per_page=100&sort=disbursement_date,2026-09-12T20:32:44Z,552772
fec/sb/_tmp_C00008474_2022_p001.json,https://api.open.fec.gov/v1/schedules/schedule_b/?committee_id=C00008474&two_year_transaction_period=2022&per_page=100&sort=disbursement_date,2026-09-12T20:32:45Z,552638
fec/sb/_tmp_C00008474_2018_p002.json,https://api.open.fec.gov/v1/schedules/schedule_b/?committee_id=C00008474&two_year_transaction_period=2018&per_page=100&sort=disbursement_date&last_index=4072520171432854475&last_disbursement_date=2017-05-30,2026-09-12T20:32:48Z,549197
fec/sb/_tmp_C00008474_2024_p001.json,https://api.open.fec.gov/v1/schedules/schedule_b/?committee_id=C00008474&two_year_transaction_period=2024&per_page=100&sort=disbursement_date,2026-09-12T20:32:48Z,551459
fec/sb/_tmp_C00008474_2026_p001.json,https://api.open.fec.gov/v1/schedules/schedule_b/?committee_id=C00008474&two_year_transaction_period=2026&per_page=100&sort=disbursement_date,2026-09-12T20:32:50Z,545695
fec/sb/_tmp_C00008474_2016_p002.json,https://api.open.fec.gov/v1/schedules/schedule_b/?committee_id=C00008474&two_year_transaction_period=2016&per_page=100&sort=disbursement_date&last_index=4061920151245822755&last_disbursement_date=2015-05-21,2026-09-12T20:32:50Z,549478
fec/sb/_tmp_C00008474_2020_p002.json,https://api.open.fec.gov/v1/schedules/schedule_b/?committee_id=C00008474&two_year_transaction_period=2020&per_page=100&sort=disbursement_date&last_index=4012420201685765228&last_disbursement_date=2019-05-20,2026-09-12T20:32:50Z,545051
fec/sb/_tmp_C00008474_2022_p002.json,https://api.open.fec.gov/v1/schedules/schedule_b/?committee_id=C00008474&two_year_transaction_period=2022&per_page=100&sort=disbursement_date&last_index=4102620211375775833&last_disbursement_date=2021-09-22,2026-09-12T20:32:52Z,554183
fec/sb/_tmp_C00008474_2018_p003.json,https://api.open.fec.gov/v1/schedules/schedule_b/?committee_id=C00008474&two_year_transaction_period=2018&per_page=100&sort=disbursement_date&last_index=4022320181514628349&last_disbursement_date=2017-09-05,2026-09-12T20:32:53Z,546260
fec/sb/_tmp_C00008474_2024_p002.json,https://api.open.fec.gov/v1/schedules/schedule_b/?committee_id=C00008474&two_year_transaction_period=2024&per_page=100&sort=disbursement_date&last_index=4072120231756520241&last_disbursement_date=2023-06-27,2026-09-12T20:32:54Z,547239
fec/sb/_tmp_C00008474_2026_p002.json,https://api.open.fec.gov/v1/schedules/schedule_b/?committee_id=C00008474&two_year_transaction_period=2026&per_page=100&sort=disbursement_date&last_index=4071520251208528252&last_disbursement_date=2025-06-25,2026-09-12T20:32:55Z,545494
fec/sb/_tmp_C00008474_2016_p003.json,https://api.open.fec.gov/v1/schedules/schedule_b/?committee_id=C00008474&two_year_transaction_period=2016&per_page=100&sort=disbursement_date&last_index=4091720151253132723&last_disbursement_date=2015-08-03,2026-09-12T20:32:56Z,541699
fec/sb/_tmp_C00008474_2020_p003.json,https://api.open.fec.gov/v1/schedules/schedule_b/?committee_id=C00008474&two_year_transaction_period=2020&per_page=100&sort=disbursement_date&last_index=4112320191680085541&last_disbursement_date=2019-07-31,2026-09-12T20:32:57Z,534194
fec/sb/_tmp_C00008474_2022_p003.json,https://api.open.fec.gov/v1/schedules/schedule_b/?committee_id=C00008474&two_year_transaction_period=2022&per_page=100&sort=disbursement_date&last_index=4043020221473681279&last_disbursement_date=2022-03-21,2026-09-12T20:32:58Z,555540
fec/sb/_tmp_C00008474_2018_p004.json,https://api.open.fec.gov/v1/schedules/schedule_b/?committee_id=C00008474&two_year_transaction_period=2018&per_page=100&sort=disbursement_date&last_index=4022020181514158973&last_disbursement_date=2017-12-18,2026-09-12T20:32:59Z,549907
fec/sb/_tmp_C00008474_2024_p003.json,https://api.open.fec.gov/v1/schedules/schedule_b/?committee_id=C00008474&two_year_transaction_period=2024&per_page=100&sort=disbursement_date&last_index=4031820241885237035&last_disbursement_date=2024-02-23,2026-09-12T20:33:00Z,550153
fec/sb/_tmp_C00008474_2026_p003.json,https://api.open.fec.gov/v1/schedules/schedule_b/?committee_id=C00008474&two_year_transaction_period=2026&per_page=100&sort=disbursement_date&last_index=4031620261423696474&last_disbursement_date=2026-01-22,2026-09-12T20:33:01Z,546218
fec/sb/_tmp_C00008474_2016_p004.json,https://api.open.fec.gov/v1/schedules/schedule_b/?committee_id=C00008474&two_year_transaction_period=2016&per_page=100&sort=disbursement_date&last_index=4102120151256405022&last_disbursement_date=2015-09-28,2026-09-12T20:33:02Z,540191
fec/sb/_tmp_C00008474_2020_p004.json,https://api.open.fec.gov/v1/schedules/schedule_b/?committee_id=C00008474&two_year_transaction_period=2020&per_page=100&sort=disbursement_date&last_index=4121620191681552826&last_disbursement_date=2019-11-19,2026-09-12T20:33:03Z,547724
fec/sb/_tmp_C00008474_2022_p004.json,https://api.open.fec.gov/v1/schedules/schedule_b/?committee_id=C00008474&two_year_transaction_period=2022&per_page=100&sort=disbursement_date&last_index=4081820221565457027&last_disbursement_date=2022-07-29,2026-09-12T20:33:04Z,349588
fec/sb/_tmp_C00008474_2018_p005.json,https://api.open.fec.gov/v1/schedules/schedule_b/?committee_id=C00008474&two_year_transaction_period=2018&per_page=100&sort=disbursement_date&last_index=4042720181530500231&last_disbursement_date=2018-03-28,2026-09-12T20:33:05Z,538511
fec/sb/_tmp_C00008474_2024_p004.json,https://api.open.fec.gov/v1/schedules/schedule_b/?committee_id=C00008474&two_year_transaction_period=2024&per_page=100&sort=disbursement_date&last_index=4081220242011773630&last_disbursement_date=2024-06-24,2026-09-12T20:33:06Z,453514
fec/sb/_tmp_C00008474_2026_p004.json,https://api.open.fec.gov/v1/schedules/schedule_b/?committee_id=C00008474&two_year_transaction_period=2026&per_page=100&sort=disbursement_date&last_index=4070220261523483390&last_disbursement_date=2026-05-28,2026-09-12T20:33:07Z,444832
fec/sb/_tmp_C00008474_2016_p005.json,https://api.open.fec.gov/v1/schedules/schedule_b/?committee_id=C00008474&two_year_transaction_period=2016&per_page=100&sort=disbursement_date&last_index=4020820161262320639&last_disbursement_date=2015-12-16,2026-09-12T20:33:08Z,530126
fec/sb/_tmp_C00008474_2020_p005.json,https://api.open.fec.gov/v1/schedules/schedule_b/?committee_id=C00008474&two_year_transaction_period=2020&per_page=100&sort=disbursement_date&last_index=4042020201737511385&last_disbursement_date=2020-03-18,2026-09-12T20:33:09Z,552334
fec/sb/_tmp_C00008748_2016_p001.json,https://api.open.fec.gov/v1/schedules/schedule_b/?committee_id=C00008748&two_year_transaction_period=2016&per_page=100&sort=disbursement_date,2026-09-12T20:33:10Z,557040
fec/sb/_tmp_C00008474_2018_p006.json,https://api.open.fec.gov/v1/schedules/schedule_b/?committee_id=C00008474&two_year_transaction_period=2018&per_page=100&sort=disbursement_date&last_index=4121720191681639886&last_disbursement_date=2018-06-14,2026-09-12T20:33:12Z,547072
fec/sb/_tmp_C00008748_2018_p001.json,https://api.open.fec.gov/v1/schedules/schedule_b/?committee_id=C00008748&two_year_transaction_period=2018&per_page=100&sort=disbursement_date,2026-09-12T20:33:13Z,561989
fec/sb/_tmp_C00008748_2020_p001.json,https://api.open.fec.gov/v1/schedules/schedule_b/?committee_id=C00008748&two_year_transaction_period=2020&per_page=100&sort=disbursement_date,2026-09-12T20:33:14Z,556930
fec/sb/_tmp_C00008474_2016_p006.json,https://api.open.fec.gov/v1/schedules/schedule_b/?committee_id=C00008474&two_year_transaction_period=2016&per_page=100&sort=disbursement_date&last_index=4042820161284420097&last_disbursement_date=2016-03-31,2026-09-12T20:33:15Z,549474
fec/sb/_tmp_C00008474_2020_p006.json,https://api.open.fec.gov/v1/schedules/schedule_b/?committee_id=C00008474&two_year_transaction_period=2020&per_page=100&sort=disbursement_date&last_index=4120220201963107742&last_disbursement_date=2020-08-10,2026-09-12T20:33:16Z,549152
fec/sb/_tmp_C00008748_2016_p002.json,https://api.open.fec.gov/v1/schedules/schedule_b/?committee_id=C00008748&two_year_transaction_period=2016&per_page=100&sort=disbursement_date&last_index=4012920161261299085&last_disbursement_date=2015-09-30,2026-09-12T20:33:17Z,559051
fec/sb/_tmp_C00008474_2018_p007.json,https://api.open.fec.gov/v1/schedules/schedule_b/?committee_id=C00008474&two_year_transaction_period=2018&per_page=100&sort=disbursement_date&last_index=4112220191679796195&last_disbursement_date=2018-07-30,2026-09-12T20:33:18Z,550381
fec/sb/_tmp_C00008748_2018_p002.json,https://api.open.fec.gov/v1/schedules/schedule_b/?committee_id=C00008748&two_year_transaction_period=2018&per_page=100&sort=disbursement_date&last_index=4022320181514621890&last_disbursement_date=2018-01-09,2026-09-12T20:33:19Z,562301
fec/sb/_tmp_C00008748_2020_p002.json,https://api.open.fec.gov/v1/schedules/schedule_b/?committee_id=C00008748&two_year_transaction_period=2020&per_page=100&sort=disbursement_date&last_index=4020520201687154980&last_disbursement_date=2019-12-19,2026-09-12T20:33:20Z,545154
fec/sb/_tmp_C00008474_2016_p007.json,https://api.open.fec.gov/v1/schedules/schedule_b/?committee_id=C00008474&two_year_transaction_period=2016&per_page=100&sort=disbursement_date&last_index=4072920161307333250&last_disbursement_date=2016-06-13,2026-09-12T20:33:21Z,551400
fec/sb/_tmp_C00008474_2020_p007.json,https://api.open.fec.gov/v1/schedules/schedule_b/?committee_id=C00008474&two_year_transaction_period=2020&per_page=100&sort=disbursement_date&last_index=4122020201980758913&last_disbursement_date=2020-10-21,2026-09-12T20:33:22Z,80617
fec/sb/_tmp_C00008748_2016_p003.json,https://api.open.fec.gov/v1/schedules/schedule_b/?committee_id=C00008748&two_year_transaction_period=2016&per_page=100&sort=disbursement_date&last_index=4112820161354316299&last_disbursement_date=2016-10-06,2026-09-12T20:33:23Z,197954
fec/sb/_tmp_C00008474_2018_p008.json,https://api.open.fec.gov/v1/schedules/schedule_b/?committee_id=C00008474&two_year_transaction_period=2018&per_page=100&sort=disbursement_date&last_index=4112320191680054248&last_disbursement_date=2018-10-22,2026-09-12T20:33:24Z,71405
fec/sb/_tmp_C00008748_2018_p003.json,https://api.open.fec.gov/v1/schedules/schedule_b/?committee_id=C00008748&two_year_transaction_period=2018&per_page=100&sort=disbursement_date&last_index=4082120181584962976&last_disbursement_date=2018-07-23,2026-09-12T20:33:25Z,423409
fec/sb/_tmp_C00008748_2020_p003.json,https://api.open.fec.gov/v1/schedules/schedule_b/?committee_id=C00008748&two_year_transaction_period=2020&per_page=100&sort=disbursement_date&last_index=4091920201849131120&last_disbursement_date=2020-08-07,2026-09-12T20:33:26Z,215074
fec/sb/_tmp_C00008474_2016_p008.json,https://api.open.fec.gov/v1/schedules/schedule_b/?committee_id=C00008474&two_year_transaction_period=2016&per_page=100&sort=disbursement_date&last_index=4110220161345768014&last_disbursement_date=2016-09-19,2026-09-12T20:33:27Z,546265
fec/sb/_tmp_C00008748_2022_p001.json,https://api.open.fec.gov/v1/schedules/schedule_b/?committee_id=C00008748&two_year_transaction_period=2022&per_page=100&sort=disbursement_date,2026-09-12T20:33:28Z,562624
fec/sb/_tmp_C00008748_2024_p001.json,https://api.open.fec.gov/v1/schedules/schedule_b/?committee_id=C00008748&two_year_transaction_period=2024&per_page=100&sort=disbursement_date,2026-09-12T20:33:29Z,554967
fec/sb/_tmp_C00008748_2026_p001.json,https://api.open.fec.gov/v1/schedules/schedule_b/?committee_id=C00008748&two_year_transaction_period=2026&per_page=100&sort=disbursement_date,2026-09-12T20:33:30Z,549570
fec/sb/_tmp_C00009282_2016_p001.json,https://api.open.fec.gov/v1/schedules/schedule_b/?committee_id=C00009282&two_year_transaction_period=2016&per_page=100&sort=disbursement_date,2026-09-12T20:33:32Z,512732
fec/sb/_tmp_C00009282_2018_p001.json,https://api.open.fec.gov/v1/schedules/schedule_b/?committee_id=C00009282&two_year_transaction_period=2018&per_page=100&sort=disbursement_date,2026-09-12T20:33:33Z,519097
fec/sb/_tmp_C00008474_2016_p009.json,https://api.open.fec.gov/v1/schedules/schedule_b/?committee_id=C00008474&two_year_transaction_period=2016&per_page=100&sort=disbursement_date&last_index=4020720171369911496&last_disbursement_date=2016-12-19,2026-09-12T20:33:33Z,4320
fec/sb/_tmp_C00008748_2022_p002.json,https://api.open.fec.gov/v1/schedules/schedule_b/?committee_id=C00008748&two_year_transaction_period=2022&per_page=100&sort=disbursement_date&last_index=4050320221474204617&last_disbursement_date=2022-03-30,2026-09-12T20:33:35Z,562104
fec/sb/_tmp_C00008748_2024_p002.json,https://api.open.fec.gov/v1/schedules/schedule_b/?committee_id=C00008748&two_year_transaction_period=2024&per_page=100&sort=disbursement_date&last_index=4012920241817410520&last_disbursement_date=2023-11-01,2026-09-12T20:33:36Z,550773
fec/sb/_tmp_C00008748_2026_p002.json,https://api.open.fec.gov/v1/schedules/schedule_b/?committee_id=C00008748&two_year_transaction_period=2026&per_page=100&sort=disbursement_date&last_index=4012620261303668003&last_disbursement_date=2025-09-08,2026-09-12T20:33:37Z,555032
fec/sb/_tmp_C00009282_2016_p002.json,https://api.open.fec.gov/v1/schedules/schedule_b/?committee_id=C00009282&two_year_transaction_period=2016&per_page=100&sort=disbursement_date&last_index=4041720151242018250&last_disbursement_date=2015-03-30,2026-09-12T20:33:38Z,521071
fec/sb/_tmp_C00009282_2018_p002.json,https://api.open.fec.gov/v1/schedules/schedule_b/?committee_id=C00009282&two_year_transaction_period=2018&per_page=100&sort=disbursement_date&last_index=4041820171398922568&last_disbursement_date=2017-03-22,2026-09-12T20:33:39Z,468998
fec/sb/_tmp_C00009282_2020_p001.json,https://api.open.fec.gov/v1/schedules/schedule_b/?committee_id=C00009282&two_year_transaction_period=2020&per_page=100&sort=disbursement_date,2026-09-12T20:33:40Z,495385
fec/sb/_tmp_C00008748_2022_p003.json,https://api.open.fec.gov/v1/schedules/schedule_b/?committee_id=C00008748&two_year_transaction_period=2022&per_page=100&sort=disbursement_date&last_index=4111520221629532372&last_disbursement_date=2022-09-16,2026-09-12T20:33:41Z,246843
fec/sb/_tmp_C00008748_2024_p003.json,https://api.open.fec.gov/v1/schedules/schedule_b/?committee_id=C00008748&two_year_transaction_period=2024&per_page=100&sort=disbursement_date&last_index=4081920242014195760&last_disbursement_date=2024-07-25,2026-09-12T20:33:42Z,272589
fec/sb/_tmp_C00008748_2026_p003.json,https://api.open.fec.gov/v1/schedules/schedule_b/?committee_id=C00008748&two_year_transaction_period=2026&per_page=100&sort=disbursement_date&last_index=4082420261584667227&last_disbursement_date=2026-07-30,2026-09-12T20:33:43Z,5656
fec/sb/_tmp_C00009282_2016_p003.json,https://api.open.fec.gov/v1/schedules/schedule_b/?committee_id=C00009282&two_year_transaction_period=2016&per_page=100&sort=disbursement_date&last_index=4061820151245789458&last_disbursement_date=2015-05-28,2026-09-12T20:33:44Z,515413
fec/sb/_tmp_C00009282_2018_p003.json,https://api.open.fec.gov/v1/schedules/schedule_b/?committee_id=C00009282&two_year_transaction_period=2018&per_page=100&sort=disbursement_date&last_index=4071920171425917649&last_disbursement_date=2017-06-05,2026-09-12T20:33:45Z,496498
fec/sb/_tmp_C00009282_2020_p002.json,https://api.open.fec.gov/v1/schedules/schedule_b/?committee_id=C00009282&two_year_transaction_period=2020&per_page=100&sort=disbursement_date&last_index=4041220191646236585&last_disbursement_date=2019-03-25,2026-09-12T20:33:46Z,483698
fec/sb/_tmp_C00009282_2022_p001.json,https://api.open.fec.gov/v1/schedules/schedule_b/?committee_id=C00009282&two_year_transaction_period=2022&per_page=100&sort=disbursement_date,2026-09-12T20:33:47Z,477011
fec/sb/_tmp_C00009282_2024_p001.json,https://api.open.fec.gov/v1/schedules/schedule_b/?committee_id=C00009282&two_year_transaction_period=2024&per_page=100&sort=disbursement_date,2026-09-12T20:33:48Z,452751
fec/sb/_tmp_C00009282_2026_p001.json,https://api.open.fec.gov/v1/schedules/schedule_b/?committee_id=C00009282&two_year_transaction_period=2026&per_page=100&sort=disbursement_date,2026-09-12T20:33:49Z,475132
fec/sb/_tmp_C00009282_2016_p004.json,https://api.open.fec.gov/v1/schedules/schedule_b/?committee_id=C00009282&two_year_transaction_period=2016&per_page=100&sort=disbursement_date&last_index=4102120151256401581&last_disbursement_date=2015-09-25,2026-09-12T20:33:50Z,499814
fec/sb/_tmp_C00009282_2018_p004.json,https://api.open.fec.gov/v1/schedules/schedule_b/?committee_id=C00009282&two_year_transaction_period=2018&per_page=100&sort=disbursement_date&last_index=4071920171425917851&last_disbursement_date=2017-06-20,2026-09-12T20:33:51Z,538086
fec/sb/_tmp_C00009282_2020_p003.json,https://api.open.fec.gov/v1/schedules/schedule_b/?committee_id=C00009282&two_year_transaction_period=2020&per_page=100&sort=disbursement_date&last_index=4072820191661492795&last_disbursement_date=2019-06-12,2026-09-12T20:33:52Z,487417
fec/sb/_tmp_C00009282_2022_p002.json,https://api.open.fec.gov/v1/schedules/schedule_b/?committee_id=C00009282&two_year_transaction_period=2022&per_page=100&sort=disbursement_date&last_index=4071520211320705867&last_disbursement_date=2021-06-07,2026-09-12T20:33:54Z,480669
fec/sb/_tmp_C00009282_2024_p002.json,https://api.open.fec.gov/v1/schedules/schedule_b/?committee_id=C00009282&two_year_transaction_period=2024&per_page=100&sort=disbursement_date&last_index=4072720231758137272&last_disbursement_date=2023-06-27,2026-09-12T20:33:54Z,525516
fec/sb/_tmp_C00009282_2026_p002.json,https://api.open.fec.gov/v1/schedules/schedule_b/?committee_id=C00009282&two_year_transaction_period=2026&per_page=100&sort=disbursement_date&last_index=4050920251189759426&last_disbursement_date=2025-04-09,2026-09-12T20:33:56Z,490377
fec/sb/_tmp_C00009282_2016_p005.json,https://api.open.fec.gov/v1/schedules/schedule_b/?committee_id=C00009282&two_year_transaction_period=2016&per_page=100&sort=disbursement_date&last_index=4031720161276506515&last_disbursement_date=2016-02-22,2026-09-12T20:33:57Z,499696
fec/sb/_tmp_C00009282_2018_p005.json,https://api.open.fec.gov/v1/schedules/schedule_b/?committee_id=C00009282&two_year_transaction_period=2018&per_page=100&sort=disbursement_date&last_index=4022120181514385569&last_disbursement_date=2018-01-16,2026-09-12T20:33:58Z,509196
fec/sb/_tmp_C00009282_2020_p004.json,https://api.open.fec.gov/v1/schedules/schedule_b/?committee_id=C00009282&two_year_transaction_period=2020&per_page=100&sort=disbursement_date&last_index=4111820191679314574&last_disbursement_date=2019-10-16,2026-09-12T20:33:59Z,490236
fec/sb/_tmp_C00009282_2022_p003.json,https://api.open.fec.gov/v1/schedules/schedule_b/?committee_id=C00009282&two_year_transaction_period=2022&per_page=100&sort=disbursement_date&last_index=4102320211375308028&last_disbursement_date=2021-09-20,2026-09-12T20:34:00Z,505815
fec/sb/_tmp_C00009282_2024_p003.json,https://api.open.fec.gov/v1/schedules/schedule_b/?committee_id=C00009282&two_year_transaction_period=2024&per_page=100&sort=disbursement_date&last_index=4012820241817212005&last_disbursement_date=2023-11-07,2026-09-12T20:34:01Z,486425
fec/sb/_tmp_C00009282_2026_p003.json,https://api.open.fec.gov/v1/schedules/schedule_b/?committee_id=C00009282&two_year_transaction_period=2026&per_page=100&sort=disbursement_date&last_index=4081520251218429003&last_disbursement_date=2025-07-10,2026-09-12T20:34:02Z,479600
fec/sb/_tmp_C00009282_2016_p006.json,https://api.open.fec.gov/v1/schedules/schedule_b/?committee_id=C00009282&two_year_transaction_period=2016&per_page=100&sort=disbursement_date&last_index=4061720161299161206&last_disbursement_date=2016-05-09,2026-09-12T20:34:03Z,504757
fec/sb/_tmp_C00009282_2018_p006.json,https://api.open.fec.gov/v1/schedules/schedule_b/?committee_id=C00009282&two_year_transaction_period=2018&per_page=100&sort=disbursement_date&last_index=4042520181526593894&last_disbursement_date=2018-03-19,2026-09-12T20:34:04Z,507328
fec/sb/_tmp_C00009282_2020_p005.json,https://api.open.fec.gov/v1/schedules/schedule_b/?committee_id=C00009282&two_year_transaction_period=2020&per_page=100&sort=disbursement_date&last_index=4031820201703832930&last_disbursement_date=2020-02-05,2026-09-12T20:59:52Z,483660
fec/sb/_tmp_C00009282_2022_p004.json,https://api.open.fec.gov/v1/schedules/schedule_b/?committee_id=C00009282&two_year_transaction_period=2022&per_page=100&sort=disbursement_date&last_index=4012820221403595676&last_disbursement_date=2021-12-22,2026-09-12T20:59:52Z,446143
fec/sb/_tmp_C00009282_2020_p006.json,https://api.open.fec.gov/v1/schedules/schedule_b/?committee_id=C00009282&two_year_transaction_period=2020&per_page=100&sort=disbursement_date&last_index=4061720201775108424&last_disbursement_date=2020-05-15,2026-09-12T20:59:53Z,493902
fec/sb/_tmp_C00009282_2022_p005.json,https://api.open.fec.gov/v1/schedules/schedule_b/?committee_id=C00009282&two_year_transaction_period=2022&per_page=100&sort=disbursement_date&last_index=4043020221473681156&last_disbursement_date=2022-03-22,2026-09-12T20:59:54Z,499898
fec/sb/_tmp_C00009282_2020_p007.json,https://api.open.fec.gov/v1/schedules/schedule_b/?committee_id=C00009282&two_year_transaction_period=2020&per_page=100&sort=disbursement_date&last_index=4091720201848905808&last_disbursement_date=2020-08-10,2026-09-12T20:59:55Z,465304
fec/sb/_tmp_C00009282_2026_p004.json,https://api.open.fec.gov/v1/schedules/schedule_b/?committee_id=C00009282&two_year_transaction_period=2026&per_page=100&sort=disbursement_date&last_index=4010920261300782012&last_disbursement_date=2025-10-09,2026-09-12T20:59:57Z,445015
fec/sb/_tmp_C00009282_2024_p004.json,https://api.open.fec.gov/v1/schedules/schedule_b/?committee_id=C00009282&two_year_transaction_period=2024&per_page=100&sort=disbursement_date&last_index=4012920241817410721&last_disbursement_date=2023-12-14,2026-09-12T20:59:58Z,500868
fec/sb/_tmp_C00009282_2016_p007.json,https://api.open.fec.gov/v1/schedules/schedule_b/?committee_id=C00009282&two_year_transaction_period=2016&per_page=100&sort=disbursement_date&last_index=4072720161307205439&last_disbursement_date=2016-06-21,2026-09-12T20:59:59Z,460384
fec/sb/_tmp_C00009282_2022_p006.json,https://api.open.fec.gov/v1/schedules/schedule_b/?committee_id=C00009282&two_year_transaction_period=2022&per_page=100&sort=disbursement_date&last_index=4061720221530347539&last_disbursement_date=2022-05-10,2026-09-12T20:59:59Z,503391
fec/sb/_tmp_C00009282_2020_p008.json,https://api.open.fec.gov/v1/schedules/schedule_b/?committee_id=C00009282&two_year_transaction_period=2020&per_page=100&sort=disbursement_date&last_index=4012320212136262241&last_disbursement_date=2020-12-14,2026-09-12T21:00:00Z,76987
fec/sb/_tmp_C00009282_2018_p007.json,https://api.open.fec.gov/v1/schedules/schedule_b/?committee_id=C00009282&two_year_transaction_period=2018&per_page=100&sort=disbursement_date&last_index=4081420181583824554&last_disbursement_date=2018-05-21,2026-09-12T21:00:02Z,508903
fec/sb/_tmp_C00009282_2026_p005.json,https://api.open.fec.gov/v1/schedules/schedule_b/?committee_id=C00009282&two_year_transaction_period=2026&per_page=100&sort=disbursement_date&last_index=4052920261511857175&last_disbursement_date=2026-02-05,2026-09-12T21:00:02Z,473741
fec/sb/_tmp_C00009282_2024_p005.json,https://api.open.fec.gov/v1/schedules/schedule_b/?committee_id=C00009282&two_year_transaction_period=2024&per_page=100&sort=disbursement_date&last_index=4051420241923584526&last_disbursement_date=2024-03-28,2026-09-12T21:00:03Z,515848
fec/sb/_tmp_C00009282_2016_p008.json,https://api.open.fec.gov/v1/schedules/schedule_b/?committee_id=C00009282&two_year_transaction_period=2016&per_page=100&sort=disbursement_date&last_index=4112320161351232250&last_disbursement_date=2016-10-14,2026-09-12T21:00:04Z,222514
fec/sb/_tmp_C00009282_2022_p007.json,https://api.open.fec.gov/v1/schedules/schedule_b/?committee_id=C00009282&two_year_transaction_period=2022&per_page=100&sort=disbursement_date&last_index=4111820221630366901&last_disbursement_date=2022-09-01,2026-09-12T21:00:05Z,494418
fec/sb/_tmp_C00009639_2016_p001.json,https://api.open.fec.gov/v1/schedules/schedule_b/?committee_id=C00009639&two_year_transaction_period=2016&per_page=100&sort=disbursement_date,2026-09-12T21:00:06Z,437199
fec/sb/_tmp_C00009282_2018_p008.json,https://api.open.fec.gov/v1/schedules/schedule_b/?committee_id=C00009282&two_year_transaction_period=2018&per_page=100&sort=disbursement_date&last_index=4103020181607670120&last_disbursement_date=2018-09-05,2026-09-12T21:00:07Z,444153
fec/sb/_tmp_C00009282_2026_p006.json,https://api.open.fec.gov/v1/schedules/schedule_b/?committee_id=C00009282&two_year_transaction_period=2026&per_page=100&sort=disbursement_date&last_index=4061620261521475661&last_disbursement_date=2026-04-21,2026-09-12T21:00:08Z,348585
fec/sb/_tmp_C00009282_2024_p006.json,https://api.open.fec.gov/v1/schedules/schedule_b/?committee_id=C00009282&two_year_transaction_period=2024&per_page=100&sort=disbursement_date&last_index=4062020241961800880&last_disbursement_date=2024-05-09,2026-09-12T21:00:10Z,505698
fec/sb/_tmp_C00009639_2018_p001.json,https://api.open.fec.gov/v1/schedules/schedule_b/?committee_id=C00009639&two_year_transaction_period=2018&per_page=100&sort=disbursement_date,2026-09-12T21:00:10Z,428926
fec/sb/_tmp_C00009282_2022_p008.json,https://api.open.fec.gov/v1/schedules/schedule_b/?committee_id=C00009282&two_year_transaction_period=2022&per_page=100&sort=disbursement_date&last_index=4112820221631234285&last_disbursement_date=2022-10-18,2026-09-12T21:00:12Z,505214
fec/sb/_tmp_C00009282_2018_p009.json,https://api.open.fec.gov/v1/schedules/schedule_b/?committee_id=C00009282&two_year_transaction_period=2018&per_page=100&sort=disbursement_date&last_index=4111920181618135103&last_disbursement_date=2018-10-11,2026-09-12T21:00:13Z,119329
fec/sb/_tmp_C00009639_2020_p001.json,https://api.open.fec.gov/v1/schedules/schedule_b/?committee_id=C00009639&two_year_transaction_period=2020&per_page=100&sort=disbursement_date,2026-09-12T21:00:14Z,434013
fec/sb/_tmp_C00009639_2016_p002.json,https://api.open.fec.gov/v1/schedules/schedule_b/?committee_id=C00009639&two_year_transaction_period=2016&per_page=100&sort=disbursement_date&last_index=4102120151256404366&last_disbursement_date=2015-09-07,2026-09-12T21:00:15Z,437644
fec/sb/_tmp_C00009282_2024_p007.json,https://api.open.fec.gov/v1/schedules/schedule_b/?committee_id=C00009282&two_year_transaction_period=2024&per_page=100&sort=disbursement_date&last_index=4120220241074205362&last_disbursement_date=2024-09-05,2026-09-12T21:00:16Z,456081
fec/sb/_tmp_C00009639_2018_p002.json,https://api.open.fec.gov/v1/schedules/schedule_b/?committee_id=C00009639&two_year_transaction_period=2018&per_page=100&sort=disbursement_date&last_index=4111720171465478737&last_disbursement_date=2017-10-05,2026-09-12T21:00:17Z,432644
fec/sb/_tmp_C00009282_2022_p009.json,https://api.open.fec.gov/v1/schedules/schedule_b/?committee_id=C00009282&two_year_transaction_period=2022&per_page=100&sort=disbursement_date&last_index=4013120231721631511&last_disbursement_date=2022-12-19,2026-09-12T21:00:17Z,129
fec/sb/_tmp_C00009639_2022_p001.json,https://api.open.fec.gov/v1/schedules/schedule_b/?committee_id=C00009639&two_year_transaction_period=2022&per_page=100&sort=disbursement_date,2026-09-12T21:00:19Z,420818
fec/sb/_tmp_C00009639_2016_p003.json,https://api.open.fec.gov/v1/schedules/schedule_b/?committee_id=C00009639&two_year_transaction_period=2016&per_page=100&sort=disbursement_date&last_index=4062120161299917985&last_disbursement_date=2016-05-02,2026-09-12T21:00:21Z,368732
fec/sb/_tmp_C00009282_2024_p008.json,https://api.open.fec.gov/v1/schedules/schedule_b/?committee_id=C00009282&two_year_transaction_period=2024&per_page=100&sort=disbursement_date&last_index=4120520241074893169&last_disbursement_date=2024-10-03,2026-09-12T21:00:22Z,233492
fec/sb/_tmp_C00009639_2018_p003.json,https://api.open.fec.gov/v1/schedules/schedule_b/?committee_id=C00009639&two_year_transaction_period=2018&per_page=100&sort=disbursement_date&last_index=4062020181570880898&last_disbursement_date=2018-05-16,2026-09-12T21:00:23Z,459972
fec/sb/_tmp_C00009639_2024_p001.json,https://api.open.fec.gov/v1/schedules/schedule_b/?committee_id=C00009639&two_year_transaction_period=2024&per_page=100&sort=disbursement_date,2026-09-12T21:00:24Z,427940
fec/sb/_tmp_C00009639_2022_p002.json,https://api.open.fec.gov/v1/schedules/schedule_b/?committee_id=C00009639&two_year_transaction_period=2022&per_page=100&sort=disbursement_date&last_index=4112120221630514578&last_disbursement_date=2022-10-17,2026-09-12T21:00:25Z,96975
fec/sb/_tmp_C00010470_2016_p001.json,https://api.open.fec.gov/v1/schedules/schedule_b/?committee_id=C00010470&two_year_transaction_period=2016&per_page=100&sort=disbursement_date,2026-09-12T21:00:27Z,541210
fec/sb/_tmp_C00009639_2018_p004.json,https://api.open.fec.gov/v1/schedules/schedule_b/?committee_id=C00009639&two_year_transaction_period=2018&per_page=100&sort=disbursement_date&last_index=4022120191640762676&last_disbursement_date=2018-12-07,2026-09-12T21:00:28Z,16790
fec/sb/_tmp_C00009639_2024_p002.json,https://api.open.fec.gov/v1/schedules/schedule_b/?committee_id=C00009639&two_year_transaction_period=2024&per_page=100&sort=disbursement_date&last_index=4040820241888800960&last_disbursement_date=2024-03-27,2026-09-12T21:00:29Z,287957
fec/sb/_tmp_C00009639_2020_p002.json,https://api.open.fec.gov/v1/schedules/schedule_b/?committee_id=C00009639&two_year_transaction_period=2020&per_page=100&sort=disbursement_date&last_index=4072320191660834826&last_disbursement_date=2019-06-19,2026-09-12T21:00:30Z,444309
fec/sb/_tmp_C00010470_2018_p001.json,https://api.open.fec.gov/v1/schedules/schedule_b/?committee_id=C00010470&two_year_transaction_period=2018&per_page=100&sort=disbursement_date,2026-09-12T21:00:30Z,561127
fec/sb/_tmp_C00010470_2016_p002.json,https://api.open.fec.gov/v1/schedules/schedule_b/?committee_id=C00010470&two_year_transaction_period=2016&per_page=100&sort=disbursement_date&last_index=4041320151241802255&last_disbursement_date=2015-03-27,2026-09-12T21:00:31Z,545431
fec/sb/_tmp_C00010470_2020_p001.json,https://api.open.fec.gov/v1/schedules/schedule_b/?committee_id=C00010470&two_year_transaction_period=2020&per_page=100&sort=disbursement_date,2026-09-12T21:00:33Z,546275
fec/sb/_tmp_C00010470_2022_p001.json,https://api.open.fec.gov/v1/schedules/schedule_b/?committee_id=C00010470&two_year_transaction_period=2022&per_page=100&sort=disbursement_date,2026-09-12T21:00:33Z,529256
fec/sb/_tmp_C00009639_2020_p003.json,https://api.open.fec.gov/v1/schedules/schedule_b/?committee_id=C00009639&two_year_transaction_period=2020&per_page=100&sort=disbursement_date&last_index=4111220191678647530&last_disbursement_date=2019-10-16,2026-09-12T21:00:34Z,276011
fec/sb/_tmp_C00010470_2018_p002.json,https://api.open.fec.gov/v1/schedules/schedule_b/?committee_id=C00010470&two_year_transaction_period=2018&per_page=100&sort=disbursement_date&last_index=4051520171404154368&last_disbursement_date=2017-04-28,2026-09-12T21:00:36Z,521245
fec/sb/_tmp_C00010470_2016_p003.json,https://api.open.fec.gov/v1/schedules/schedule_b/?committee_id=C00010470&two_year_transaction_period=2016&per_page=100&sort=disbursement_date&last_index=4072020151247533805&last_disbursement_date=2015-06-01,2026-09-12T21:00:37Z,566548
fec/sb/_tmp_C00009639_2026_p001.json,https://api.open.fec.gov/v1/schedules/schedule_b/?committee_id=C00009639&two_year_transaction_period=2026&per_page=100&sort=disbursement_date,2026-09-12T21:00:38Z,97893
fec/sb/_tmp_C00010470_2020_p002.json,https://api.open.fec.gov/v1/schedules/schedule_b/?committee_id=C00010470&two_year_transaction_period=2020&per_page=100&sort=disbursement_date&last_index=4051720191657061996&last_disbursement_date=2019-04-22,2026-09-12T21:00:38Z,511794
fec/sb/_tmp_C00010470_2022_p002.json,https://api.open.fec.gov/v1/schedules/schedule_b/?committee_id=C00010470&two_year_transaction_period=2022&per_page=100&sort=disbursement_date&last_index=4071520211320703613&last_disbursement_date=2021-06-25,2026-09-12T21:00:39Z,538010
fec/sb/_tmp_C00010470_2024_p001.json,https://api.open.fec.gov/v1/schedules/schedule_b/?committee_id=C00010470&two_year_transaction_period=2024&per_page=100&sort=disbursement_date,2026-09-12T21:00:40Z,549333
fec/sb/_tmp_C00010470_2018_p003.json,https://api.open.fec.gov/v1/schedules/schedule_b/?committee_id=C00010470&two_year_transaction_period=2018&per_page=100&sort=disbursement_date&last_index=4071220171418808481&last_disbursement_date=2017-06-16,2026-09-12T21:00:41Z,525279
fec/sb/_tmp_C00010470_2016_p004.json,https://api.open.fec.gov/v1/schedules/schedule_b/?committee_id=C00010470&two_year_transaction_period=2016&per_page=100&sort=disbursement_date&last_index=4072020151247533905&last_disbursement_date=2015-06-24,2026-09-12T21:00:42Z,510585
fec/sb/_tmp_C00010470_2026_p001.json,https://api.open.fec.gov/v1/schedules/schedule_b/?committee_id=C00010470&two_year_transaction_period=2026&per_page=100&sort=disbursement_date,2026-09-12T21:00:43Z,551136
fec/sb/_tmp_C00010470_2020_p003.json,https://api.open.fec.gov/v1/schedules/schedule_b/?committee_id=C00010470&two_year_transaction_period=2020&per_page=100&sort=disbursement_date&last_index=4071220191659348131&last_disbursement_date=2019-06-25,2026-09-12T21:00:44Z,419875
fec/sb/_tmp_C00010470_2022_p003.json,https://api.open.fec.gov/v1/schedules/schedule_b/?committee_id=C00010470&two_year_transaction_period=2022&per_page=100&sort=disbursement_date&last_index=4101920211374021848&last_disbursement_date=2021-09-29,2026-09-12T21:00:45Z,437813
fec/sb/_tmp_C00010470_2024_p002.json,https://api.open.fec.gov/v1/schedules/schedule_b/?committee_id=C00010470&two_year_transaction_period=2024&per_page=100&sort=disbursement_date&last_index=4061520231750523042&last_disbursement_date=2023-05-16,2026-09-12T21:00:46Z,532043
fec/sb/_tmp_C00010470_2018_p004.json,https://api.open.fec.gov/v1/schedules/schedule_b/?committee_id=C00010470&two_year_transaction_period=2018&per_page=100&sort=disbursement_date&last_index=4081420171447197741&last_disbursement_date=2017-07-18,2026-09-12T21:00:47Z,468763
fec/sb/_tmp_C00010470_2026_p002.json,https://api.open.fec.gov/v1/schedules/schedule_b/?committee_id=C00010470&two_year_transaction_period=2026&per_page=100&sort=disbursement_date&last_index=4071720251209254737&last_disbursement_date=2025-06-23,2026-09-12T21:00:49Z,477800
fec/sb/_tmp_C00010470_2016_p005.json,https://api.open.fec.gov/v1/schedules/schedule_b/?committee_id=C00010470&two_year_transaction_period=2016&per_page=100&sort=disbursement_date&last_index=4091620151253092656&last_disbursement_date=2015-08-14,2026-09-12T21:00:50Z,425315
fec/sb/_tmp_C00010470_2020_p004.json,https://api.open.fec.gov/v1/schedules/schedule_b/?committee_id=C00010470&two_year_transaction_period=2020&per_page=100&sort=disbursement_date&last_index=4080920191663274330&last_disbursement_date=2019-07-23,2026-09-12T21:00:50Z,534780
fec/sb/_tmp_C00010470_2022_p004.json,https://api.open.fec.gov/v1/schedules/schedule_b/?committee_id=C00010470&two_year_transaction_period=2022&per_page=100&sort=disbursement_date&last_index=4101920211374021949&last_disbursement_date=2021-09-29,2026-09-12T21:00:51Z,459125
fec/sb/_tmp_C00010470_2024_p003.json,https://api.open.fec.gov/v1/schedules/schedule_b/?committee_id=C00010470&two_year_transaction_period=2024&per_page=100&sort=disbursement_date&last_index=4081520231788289731&last_disbursement_date=2023-07-24,2026-09-12T21:00:52Z,451274
fec/sb/_tmp_C00010470_2018_p005.json,https://api.open.fec.gov/v1/schedules/schedule_b/?committee_id=C00010470&two_year_transaction_period=2018&per_page=100&sort=disbursement_date&last_index=4091320171455493196&last_disbursement_date=2017-08-10,2026-09-12T21:00:53Z,449698
fec/sb/_tmp_C00010470_2026_p003.json,https://api.open.fec.gov/v1/schedules/schedule_b/?committee_id=C00010470&two_year_transaction_period=2026&per_page=100&sort=disbursement_date&last_index=4081920251218794045&last_disbursement_date=2025-07-30,2026-09-12T21:00:55Z,470494
fec/sb/_tmp_C00010470_2016_p006.json,https://api.open.fec.gov/v1/schedules/schedule_b/?committee_id=C00010470&two_year_transaction_period=2016&per_page=100&sort=disbursement_date&last_index=4101320151255533351&last_disbursement_date=2015-09-14,2026-09-12T21:00:56Z,495663
fec/sb/_tmp_C00010470_2020_p005.json,https://api.open.fec.gov/v1/schedules/schedule_b/?committee_id=C00010470&two_year_transaction_period=2020&per_page=100&sort=disbursement_date&last_index=4111520191678724901&last_disbursement_date=2019-10-31,2026-09-12T21:00:57Z,461675
fec/sb/_tmp_C00010470_2022_p005.json,https://api.open.fec.gov/v1/schedules/schedule_b/?committee_id=C00010470&two_year_transaction_period=2022&per_page=100&sort=disbursement_date&last_index=4121620211386076869&last_disbursement_date=2021-11-22,2026-09-12T21:00:58Z,440560
fec/sb/_tmp_C00010470_2024_p004.json,https://api.open.fec.gov/v1/schedules/schedule_b/?committee_id=C00010470&two_year_transaction_period=2024&per_page=100&sort=disbursement_date&last_index=4091820231802375236&last_disbursement_date=2023-08-24,2026-09-12T21:00:59Z,473554
fec/sb/_tmp_C00010470_2018_p006.json,https://api.open.fec.gov/v1/schedules/schedule_b/?committee_id=C00010470&two_year_transaction_period=2018&per_page=100&sort=disbursement_date&last_index=4091320171455493396&last_disbursement_date=2017-08-24,2026-09-12T21:01:00Z,505728
fec/sb/_tmp_C00010470_2026_p004.json,https://api.open.fec.gov/v1/schedules/schedule_b/?committee_id=C00010470&two_year_transaction_period=2026&per_page=100&sort=disbursement_date&last_index=4120320251296870504&last_disbursement_date=2025-09-23,2026-09-12T21:01:01Z,429656
fec/sb/_tmp_C00010470_2016_p007.json,https://api.open.fec.gov/v1/schedules/schedule_b/?committee_id=C00010470&two_year_transaction_period=2016&per_page=100&sort=disbursement_date&last_index=4111220151257008198&last_disbursement_date=2015-10-23,2026-09-12T21:01:02Z,501327
fec/sb/_tmp_C00010470_2020_p006.json,https://api.open.fec.gov/v1/schedules/schedule_b/?committee_id=C00010470&two_year_transaction_period=2020&per_page=100&sort=disbursement_date&last_index=4012120201685392339&last_disbursement_date=2019-12-02,2026-09-12T21:01:03Z,473630
fec/sb/_tmp_C00010470_2022_p006.json,https://api.open.fec.gov/v1/schedules/schedule_b/?committee_id=C00010470&two_year_transaction_period=2022&per_page=100&sort=disbursement_date&last_index=4011920221388774528&last_disbursement_date=2021-12-17,2026-09-12T21:01:04Z,467826
fec/sb/_tmp_C00010470_2024_p005.json,https://api.open.fec.gov/v1/schedules/schedule_b/?committee_id=C00010470&two_year_transaction_period=2024&per_page=100&sort=disbursement_date&last_index=4111520231810321877&last_disbursement_date=2023-10-20,2026-09-12T21:01:05Z,524490
fec/sb/_tmp_C00010470_2018_p007.json,https://api.open.fec.gov/v1/schedules/schedule_b/?committee_id=C00010470&two_year_transaction_period=2018&per_page=100&sort=disbursement_date&last_index=4011120181502825750&last_disbursement_date=2017-12-07,2026-09-12T21:01:06Z,492712
fec/sb/_tmp_C00010470_2026_p005.json,https://api.open.fec.gov/v1/schedules/schedule_b/?committee_id=C00010470&two_year_transaction_period=2026&per_page=100&sort=disbursement_date&last_index=4120320251296870626&last_disbursement_date=2025-09-30,2026-09-12T21:01:07Z,490384
fec/sb/_tmp_C00010470_2016_p008.json,https://api.open.fec.gov/v1/schedules/schedule_b/?committee_id=C00010470&two_year_transaction_period=2016&per_page=100&sort=disbursement_date&last_index=4012020161260759308&last_disbursement_date=2015-12-09,2026-09-12T21:01:08Z,525821
fec/sb/_tmp_C00010470_2020_p007.json,https://api.open.fec.gov/v1/schedules/schedule_b/?committee_id=C00010470&two_year_transaction_period=2020&per_page=100&sort=disbursement_date&last_index=4012120201685392378&last_disbursement_date=2019-12-17,2026-09-12T21:01:10Z,554294
fec/sb/_tmp_C00010470_2022_p007.json,https://api.open.fec.gov/v1/schedules/schedule_b/?committee_id=C00010470&two_year_transaction_period=2022&per_page=100&sort=disbursement_date&last_index=4021720221409040953&last_disbursement_date=2022-01-27,2026-09-12T21:01:10Z,522783
fec/sb/_tmp_C00010470_2024_p006.json,https://api.open.fec.gov/v1/schedules/schedule_b/?committee_id=C00010470&two_year_transaction_period=2024&per_page=100&sort=disbursement_date&last_index=4011820241815767237&last_disbursement_date=2023-12-05,2026-09-12T21:01:11Z,472693
fec/sb/_tmp_C00010470_2018_p008.json,https://api.open.fec.gov/v1/schedules/schedule_b/?committee_id=C00010470&two_year_transaction_period=2018&per_page=100&sort=disbursement_date&last_index=4031120181518881542&last_disbursement_date=2018-02-28,2026-09-12T21:01:12Z,532822
fec/sb/_tmp_C00010470_2026_p006.json,https://api.open.fec.gov/v1/schedules/schedule_b/?committee_id=C00010470&two_year_transaction_period=2026&per_page=100&sort=disbursement_date&last_index=4022020261310442549&last_disbursement_date=2025-12-17,2026-09-12T21:01:13Z,495897
fec/sb/_tmp_C00010470_2016_p009.json,https://api.open.fec.gov/v1/schedules/schedule_b/?committee_id=C00010470&two_year_transaction_period=2016&per_page=100&sort=disbursement_date&last_index=4031420161276402252&last_disbursement_date=2016-02-04,2026-09-12T21:01:14Z,554215
fec/sb/_tmp_C00010470_2020_p008.json,https://api.open.fec.gov/v1/schedules/schedule_b/?committee_id=C00010470&two_year_transaction_period=2020&per_page=100&sort=disbursement_date&last_index=4041620201737181303&last_disbursement_date=2020-03-16,2026-09-12T21:01:15Z,454621
fec/sb/_tmp_C00010470_2022_p008.json,https://api.open.fec.gov/v1/schedules/schedule_b/?committee_id=C00010470&two_year_transaction_period=2022&per_page=100&sort=disbursement_date&last_index=4051820221486751041&last_disbursement_date=2022-04-08,2026-09-12T21:01:16Z,504631
fec/sb/_tmp_C00010470_2024_p007.json,https://api.open.fec.gov/v1/schedules/schedule_b/?committee_id=C00010470&two_year_transaction_period=2024&per_page=100&sort=disbursement_date&last_index=4011820241815767189&last_disbursement_date=2023-12-21,2026-09-12T21:01:17Z,481870
fec/sb/_tmp_C00010470_2018_p009.json,https://api.open.fec.gov/v1/schedules/schedule_b/?committee_id=C00010470&two_year_transaction_period=2018&per_page=100&sort=disbursement_date&last_index=4061320181570692521&last_disbursement_date=2018-05-02,2026-09-12T21:01:19Z,548907
fec/sb/_tmp_C00010470_2026_p007.json,https://api.open.fec.gov/v1/schedules/schedule_b/?committee_id=C00010470&two_year_transaction_period=2026&per_page=100&sort=disbursement_date&last_index=4052020261510955422&last_disbursement_date=2026-03-10,2026-09-12T21:01:20Z,532281
fec/sb/_tmp_C00010470_2016_p010.json,https://api.open.fec.gov/v1/schedules/schedule_b/?committee_id=C00010470&two_year_transaction_period=2016&per_page=100&sort=disbursement_date&last_index=4040820161282979842&last_disbursement_date=2016-03-02,2026-09-12T21:01:21Z,558703
fec/sb/_tmp_C00010470_2020_p009.json,https://api.open.fec.gov/v1/schedules/schedule_b/?committee_id=C00010470&two_year_transaction_period=2020&per_page=100&sort=disbursement_date&last_index=4061620201775058006&last_disbursement_date=2020-05-05,2026-09-12T21:01:22Z,497404
fec/sb/_tmp_C00010470_2022_p009.json,https://api.open.fec.gov/v1/schedules/schedule_b/?committee_id=C00010470&two_year_transaction_period=2022&per_page=100&sort=disbursement_date&last_index=4072720221552947993&last_disbursement_date=2022-06-24,2026-09-12T21:01:23Z,491584
fec/sb/_tmp_C00010470_2024_p008.json,https://api.open.fec.gov/v1/schedules/schedule_b/?committee_id=C00010470&two_year_transaction_period=2024&per_page=100&sort=disbursement_date&last_index=4031920241885289319&last_disbursement_date=2024-02-14,2026-09-12T21:01:24Z,507948
fec/sb/_tmp_C00010470_2018_p010.json,https://api.open.fec.gov/v1/schedules/schedule_b/?committee_id=C00010470&two_year_transaction_period=2018&per_page=100&sort=disbursement_date&last_index=4071620181575998153&last_disbursement_date=2018-06-20,2026-09-12T21:01:25Z,478811
fec/sb/_tmp_C00010470_2026_p008.json,https://api.open.fec.gov/v1/schedules/schedule_b/?committee_id=C00010470&two_year_transaction_period=2026&per_page=100&sort=disbursement_date&last_index=4070120261523418617&last_disbursement_date=2026-05-19,2026-09-12T21:01:26Z,485362
fec/sb/_tmp_C00010470_2016_p011.json,https://api.open.fec.gov/v1/schedules/schedule_b/?committee_id=C00010470&two_year_transaction_period=2016&per_page=100&sort=disbursement_date&last_index=4051020161292463350&last_disbursement_date=2016-04-20,2026-09-12T21:01:27Z,543362
fec/sb/_tmp_C00010470_2020_p010.json,https://api.open.fec.gov/v1/schedules/schedule_b/?committee_id=C00010470&two_year_transaction_period=2020&per_page=100&sort=disbursement_date&last_index=4072120201792853536&last_disbursement_date=2020-06-29,2026-09-12T21:01:28Z,507064
fec/sb/_tmp_C00010470_2022_p010.json,https://api.open.fec.gov/v1/schedules/schedule_b/?committee_id=C00010470&two_year_transaction_period=2022&per_page=100&sort=disbursement_date&last_index=4092020221576272549&last_disbursement_date=2022-08-24,2026-09-12T21:01:29Z,418602
fec/sb/_tmp_C00010470_2024_p009.json,https://api.open.fec.gov/v1/schedules/schedule_b/?committee_id=C00010470&two_year_transaction_period=2024&per_page=100&sort=disbursement_date&last_index=4051620241949518065&last_disbursement_date=2024-04-24,2026-09-12T21:01:30Z,534190
fec/sb/_tmp_C00010470_2018_p011.json,https://api.open.fec.gov/v1/schedules/schedule_b/?committee_id=C00010470&two_year_transaction_period=2018&per_page=100&sort=disbursement_date&last_index=4081420181583823256&last_disbursement_date=2018-07-05,2026-09-12T21:01:31Z,431065
fec/sb/_tmp_C00010470_2026_p009.json,https://api.open.fec.gov/v1/schedules/schedule_b/?committee_id=C00010470&two_year_transaction_period=2026&per_page=100&sort=disbursement_date&last_index=4081220261580892154&last_disbursement_date=2026-06-29,2026-09-12T21:01:32Z,253224
fec/sb/_tmp_C00010470_2016_p012.json,https://api.open.fec.gov/v1/schedules/schedule_b/?committee_id=C00010470&two_year_transaction_period=2016&per_page=100&sort=disbursement_date&last_index=4060920161294959988&last_disbursement_date=2016-05-31,2026-09-12T21:01:33Z,430012
fec/sb/_tmp_C00010470_2020_p011.json,https://api.open.fec.gov/v1/schedules/schedule_b/?committee_id=C00010470&two_year_transaction_period=2020&per_page=100&sort=disbursement_date&last_index=4112620201961677608&last_disbursement_date=2020-09-02,2026-09-12T21:01:34Z,491712
fec/sb/_tmp_C00010470_2022_p011.json,https://api.open.fec.gov/v1/schedules/schedule_b/?committee_id=C00010470&two_year_transaction_period=2022&per_page=100&sort=disbursement_date&last_index=4111520221629528936&last_disbursement_date=2022-09-09,2026-09-12T21:01:36Z,494395
fec/sb/_tmp_C00010470_2018_p012.json,https://api.open.fec.gov/v1/schedules/schedule_b/?committee_id=C00010470&two_year_transaction_period=2018&per_page=100&sort=disbursement_date&last_index=4091920181591128909&last_disbursement_date=2018-08-02,2026-09-12T21:01:37Z,440536
fec/sb/_tmp_C00010470_2024_p010.json,https://api.open.fec.gov/v1/schedules/schedule_b/?committee_id=C00010470&two_year_transaction_period=2024&per_page=100&sort=disbursement_date&last_index=4092420242041603941&last_disbursement_date=2024-08-06,2026-09-12T21:01:38Z,476320
fec/sb/_tmp_C00010983_2016_p001.json,https://api.open.fec.gov/v1/schedules/schedule_b/?committee_id=C00010983&two_year_transaction_period=2016&per_page=100&sort=disbursement_date,2026-09-12T21:01:39Z,552615
fec/sb/_tmp_C00010470_2016_p013.json,https://api.open.fec.gov/v1/schedules/schedule_b/?committee_id=C00010470&two_year_transaction_period=2016&per_page=100&sort=disbursement_date&last_index=4071120161306500618&last_disbursement_date=2016-06-07,2026-09-12T21:01:40Z,477914
fec/sb/_tmp_C00010470_2020_p012.json,https://api.open.fec.gov/v1/schedules/schedule_b/?committee_id=C00010470&two_year_transaction_period=2020&per_page=100&sort=disbursement_date&last_index=4112620201961677659&last_disbursement_date=2020-09-24,2026-09-12T21:01:41Z,479351
fec/sb/_tmp_C00010470_2022_p012.json,https://api.open.fec.gov/v1/schedules/schedule_b/?committee_id=C00010470&two_year_transaction_period=2022&per_page=100&sort=disbursement_date&last_index=4112220221630610875&last_disbursement_date=2022-10-19,2026-09-12T21:01:42Z,308951
fec/sb/_tmp_C00010470_2018_p013.json,https://api.open.fec.gov/v1/schedules/schedule_b/?committee_id=C00010470&two_year_transaction_period=2018&per_page=100&sort=disbursement_date&last_index=4091920181591129110&last_disbursement_date=2018-08-09,2026-09-12T21:01:43Z,536419
fec/sb/_tmp_C00010470_2024_p011.json,https://api.open.fec.gov/v1/schedules/schedule_b/?committee_id=C00010470&two_year_transaction_period=2024&per_page=100&sort=disbursement_date&last_index=4112520241073529689&last_disbursement_date=2024-09-25,2026-09-12T21:01:44Z,453879
fec/sb/_tmp_C00010983_2016_p002.json,https://api.open.fec.gov/v1/schedules/schedule_b/?committee_id=C00010983&two_year_transaction_period=2016&per_page=100&sort=disbursement_date&last_index=4073120151248136039&last_disbursement_date=2015-06-01,2026-09-12T21:01:45Z,520715
fec/sb/_tmp_C00010470_2016_p014.json,https://api.open.fec.gov/v1/schedules/schedule_b/?committee_id=C00010470&two_year_transaction_period=2016&per_page=100&sort=disbursement_date&last_index=4080820161308997192&last_disbursement_date=2016-07-06,2026-09-12T21:01:46Z,503497
fec/sb/_tmp_C00010470_2020_p013.json,https://api.open.fec.gov/v1/schedules/schedule_b/?committee_id=C00010470&two_year_transaction_period=2020&per_page=100&sort=disbursement_date&last_index=4121920201978856220&last_disbursement_date=2020-10-27,2026-09-12T21:01:47Z,84029
fec/sb/_tmp_C00010983_2018_p001.json,https://api.open.fec.gov/v1/schedules/schedule_b/?committee_id=C00010983&two_year_transaction_period=2018&per_page=100&sort=disbursement_date,2026-09-12T21:01:48Z,521691
fec/sb/_tmp_C00010470_2018_p014.json,https://api.open.fec.gov/v1/schedules/schedule_b/?committee_id=C00010470&two_year_transaction_period=2018&per_page=100&sort=disbursement_date&last_index=4101720181599505244&last_disbursement_date=2018-09-20,2026-09-12T21:01:49Z,443898
fec/sb/_tmp_C00010470_2024_p012.json,https://api.open.fec.gov/v1/schedules/schedule_b/?committee_id=C00010470&two_year_transaction_period=2024&per_page=100&sort=disbursement_date&last_index=4010320251125892865&last_disbursement_date=2024-10-10,2026-09-12T21:01:50Z,400025
fec/sb/_tmp_C00010983_2016_p003.json,https://api.open.fec.gov/v1/schedules/schedule_b/?committee_id=C00010983&two_year_transaction_period=2016&per_page=100&sort=disbursement_date&last_index=4020420161262016114&last_disbursement_date=2015-09-22,2026-09-12T21:01:51Z,507965
fec/sb/_tmp_C00010470_2016_p015.json,https://api.open.fec.gov/v1/schedules/schedule_b/?committee_id=C00010470&two_year_transaction_period=2016&per_page=100&sort=disbursement_date&last_index=4091320161317027410&last_disbursement_date=2016-08-12,2026-09-12T21:01:52Z,492549
fec/sb/_tmp_C00010983_2020_p001.json,https://api.open.fec.gov/v1/schedules/schedule_b/?committee_id=C00010983&two_year_transaction_period=2020&per_page=100&sort=disbursement_date,2026-09-12T21:01:53Z,549224
fec/sb/_tmp_C00010983_2018_p002.json,https://api.open.fec.gov/v1/schedules/schedule_b/?committee_id=C00010983&two_year_transaction_period=2018&per_page=100&sort=disbursement_date&last_index=4072820171442273045&last_disbursement_date=2017-04-27,2026-09-12T21:01:55Z,537356
fec/sb/_tmp_C00010983_2022_p001.json,https://api.open.fec.gov/v1/schedules/schedule_b/?committee_id=C00010983&two_year_transaction_period=2022&per_page=100&sort=disbursement_date,2026-09-12T21:01:56Z,515112
fec/sb/_tmp_C00010983_2024_p001.json,https://api.open.fec.gov/v1/schedules/schedule_b/?committee_id=C00010983&two_year_transaction_period=2024&per_page=100&sort=disbursement_date,2026-09-12T21:01:57Z,526097
fec/sb/_tmp_C00010983_2016_p004.json,https://api.open.fec.gov/v1/schedules/schedule_b/?committee_id=C00010983&two_year_transaction_period=2016&per_page=100&sort=disbursement_date&last_index=4031720161276502754&last_disbursement_date=2016-02-08,2026-09-12T21:01:57Z,486686
fec/sb/_tmp_C00010470_2016_p016.json,https://api.open.fec.gov/v1/schedules/schedule_b/?committee_id=C00010470&two_year_transaction_period=2016&per_page=100&sort=disbursement_date&last_index=4112220161351126859&last_disbursement_date=2016-10-03,2026-09-12T21:01:59Z,365586
fec/sb/_tmp_C00010983_2020_p002.json,https://api.open.fec.gov/v1/schedules/schedule_b/?committee_id=C00010983&two_year_transaction_period=2020&per_page=100&sort=disbursement_date&last_index=4080320191662944379&last_disbursement_date=2019-05-28,2026-09-12T21:01:59Z,522174
fec/sb/_tmp_C00010983_2018_p003.json,https://api.open.fec.gov/v1/schedules/schedule_b/?committee_id=C00010983&two_year_transaction_period=2018&per_page=100&sort=disbursement_date&last_index=4020820181504243080&last_disbursement_date=2017-08-10,2026-09-12T21:02:01Z,469555
fec/sb/_tmp_C00010983_2022_p002.json,https://api.open.fec.gov/v1/schedules/schedule_b/?committee_id=C00010983&two_year_transaction_period=2022&per_page=100&sort=disbursement_date&last_index=4092320211371924491&last_disbursement_date=2021-08-20,2026-09-12T21:02:02Z,524134
fec/sb/_tmp_C00010983_2024_p002.json,https://api.open.fec.gov/v1/schedules/schedule_b/?committee_id=C00010983&two_year_transaction_period=2024&per_page=100&sort=disbursement_date&last_index=4080220231760294114&last_disbursement_date=2023-03-31,2026-09-12T21:02:03Z,529178
fec/sb/_tmp_C00010983_2026_p001.json,https://api.open.fec.gov/v1/schedules/schedule_b/?committee_id=C00010983&two_year_transaction_period=2026&per_page=100&sort=disbursement_date,2026-09-12T21:02:05Z,557451
fec/sb/_tmp_C00010983_2020_p003.json,https://api.open.fec.gov/v1/schedules/schedule_b/?committee_id=C00010983&two_year_transaction_period=2020&per_page=100&sort=disbursement_date&last_index=4022020201693408700&last_disbursement_date=2019-10-09,2026-09-12T21:02:06Z,487259
fec/sb/_tmp_C00010983_2018_p004.json,https://api.open.fec.gov/v1/schedules/schedule_b/?committee_id=C00010983&two_year_transaction_period=2018&per_page=100&sort=disbursement_date&last_index=4020820181504243260&last_disbursement_date=2017-10-30,2026-09-12T21:02:07Z,471133
fec/sb/_tmp_C00010983_2022_p003.json,https://api.open.fec.gov/v1/schedules/schedule_b/?committee_id=C00010983&two_year_transaction_period=2022&per_page=100&sort=disbursement_date&last_index=4122220211386485952&last_disbursement_date=2021-11-12,2026-09-12T21:02:09Z,498683
fec/sb/_tmp_C00010983_2024_p003.json,https://api.open.fec.gov/v1/schedules/schedule_b/?committee_id=C00010983&two_year_transaction_period=2024&per_page=100&sort=disbursement_date&last_index=4020620241820599013&last_disbursement_date=2023-09-13,2026-09-12T21:02:09Z,464808
fec/sb/_tmp_C00010983_2026_p002.json,https://api.open.fec.gov/v1/schedules/schedule_b/?committee_id=C00010983&two_year_transaction_period=2026&per_page=100&sort=disbursement_date&last_index=4073120251213016328&last_disbursement_date=2025-06-10,2026-09-12T21:02:10Z,499911
fec/sb/_tmp_C00010983_2020_p004.json,https://api.open.fec.gov/v1/schedules/schedule_b/?committee_id=C00010983&two_year_transaction_period=2020&per_page=100&sort=disbursement_date&last_index=4022020201693408602&last_disbursement_date=2019-12-18,2026-09-12T21:02:11Z,533285
fec/sb/_tmp_C00010983_2018_p005.json,https://api.open.fec.gov/v1/schedules/schedule_b/?committee_id=C00010983&two_year_transaction_period=2018&per_page=100&sort=disbursement_date&last_index=4022220181514496426&last_disbursement_date=2018-01-10,2026-09-12T21:02:12Z,521852
fec/sb/_tmp_C00010983_2022_p004.json,https://api.open.fec.gov/v1/schedules/schedule_b/?committee_id=C00010983&two_year_transaction_period=2022&per_page=100&sort=disbursement_date&last_index=4020520221405042735&last_disbursement_date=2021-12-15,2026-09-12T21:02:13Z,516137
fec/sb/_tmp_C00010983_2024_p004.json,https://api.open.fec.gov/v1/schedules/schedule_b/?committee_id=C00010983&two_year_transaction_period=2024&per_page=100&sort=disbursement_date&last_index=4020620241820599063&last_disbursement_date=2023-11-01,2026-09-12T21:02:14Z,448201
fec/sb/_tmp_C00010983_2026_p003.json,https://api.open.fec.gov/v1/schedules/schedule_b/?committee_id=C00010983&two_year_transaction_period=2026&per_page=100&sort=disbursement_date&last_index=4022720261359951463&last_disbursement_date=2025-09-17,2026-09-12T21:02:15Z,438361
fec/sb/_tmp_C00010983_2020_p005.json,https://api.open.fec.gov/v1/schedules/schedule_b/?committee_id=C00010983&two_year_transaction_period=2020&per_page=100&sort=disbursement_date&last_index=4072620201794704681&last_disbursement_date=2020-06-03,2026-09-12T21:02:16Z,528919
fec/sb/_tmp_C00010983_2018_p006.json,https://api.open.fec.gov/v1/schedules/schedule_b/?committee_id=C00010983&two_year_transaction_period=2018&per_page=100&sort=disbursement_date&last_index=4051820181565911733&last_disbursement_date=2018-04-26,2026-09-12T21:02:17Z,486194
fec/sb/_tmp_C00010983_2022_p005.json,https://api.open.fec.gov/v1/schedules/schedule_b/?committee_id=C00010983&two_year_transaction_period=2022&per_page=100&sort=disbursement_date&last_index=4050420221474458203&last_disbursement_date=2022-03-29,2026-09-12T21:02:19Z,469265
fec/sb/_tmp_C00010983_2016_p005.json,https://api.open.fec.gov/v1/schedules/schedule_b/?committee_id=C00010983&two_year_transaction_period=2016&per_page=100&sort=disbursement_date&last_index=4062020161299854980&last_disbursement_date=2016-05-05,2026-09-12T21:02:19Z,487772
fec/sb/_tmp_C00010983_2024_p005.json,https://api.open.fec.gov/v1/schedules/schedule_b/?committee_id=C00010983&two_year_transaction_period=2024&per_page=100&sort=disbursement_date&last_index=4020620241820599119&last_disbursement_date=2023-12-05,2026-09-12T21:02:19Z,498392
fec/sb/_tmp_C00010983_2026_p004.json,https://api.open.fec.gov/v1/schedules/schedule_b/?committee_id=C00010983&two_year_transaction_period=2026&per_page=100&sort=disbursement_date&last_index=4022720261359951519&last_disbursement_date=2025-10-29,2026-09-12T21:02:21Z,479702
fec/sb/_tmp_C00010983_2020_p006.json,https://api.open.fec.gov/v1/schedules/schedule_b/?committee_id=C00010983&two_year_transaction_period=2020&per_page=100&sort=disbursement_date&last_index=4100820201857161525&last_disbursement_date=2020-08-17,2026-09-12T21:02:22Z,411902
fec/sb/_tmp_C00010983_2018_p007.json,https://api.open.fec.gov/v1/schedules/schedule_b/?committee_id=C00010983&two_year_transaction_period=2018&per_page=100&sort=disbursement_date&last_index=4072420181576678252&last_disbursement_date=2018-06-21,2026-09-12T21:02:23Z,463114
fec/sb/_tmp_C00010983_2022_p006.json,https://api.open.fec.gov/v1/schedules/schedule_b/?committee_id=C00010983&two_year_transaction_period=2022&per_page=100&sort=disbursement_date&last_index=4080120221553732080&last_disbursement_date=2022-06-13,2026-09-12T21:02:24Z,530871
fec/sb/_tmp_C00010983_2016_p006.json,https://api.open.fec.gov/v1/schedules/schedule_b/?committee_id=C00010983&two_year_transaction_period=2016&per_page=100&sort=disbursement_date&last_index=4081820161313015468&last_disbursement_date=2016-07-11,2026-09-12T21:02:25Z,482548
fec/sb/_tmp_C00010983_2024_p006.json,https://api.open.fec.gov/v1/schedules/schedule_b/?committee_id=C00010983&two_year_transaction_period=2024&per_page=100&sort=disbursement_date&last_index=4050220241921402117&last_disbursement_date=2024-03-20,2026-09-12T21:02:26Z,541500
fec/sb/_tmp_C00010983_2026_p005.json,https://api.open.fec.gov/v1/schedules/schedule_b/?committee_id=C00010983&two_year_transaction_period=2026&per_page=100&sort=disbursement_date&last_index=4031620261423692608&last_disbursement_date=2026-01-31,2026-09-12T21:02:27Z,517542
fec/sb/_tmp_C00010983_2020_p007.json,https://api.open.fec.gov/v1/schedules/schedule_b/?committee_id=C00010983&two_year_transaction_period=2020&per_page=100&sort=disbursement_date&last_index=4120220201963118464&last_disbursement_date=2020-09-09,2026-09-12T21:02:28Z,469050
fec/sb/_tmp_C00010983_2018_p008.json,https://api.open.fec.gov/v1/schedules/schedule_b/?committee_id=C00010983&two_year_transaction_period=2018&per_page=100&sort=disbursement_date&last_index=4110120181608394336&last_disbursement_date=2018-09-10,2026-09-12T21:02:29Z,430107
fec/sb/_tmp_C00010983_2022_p007.json,https://api.open.fec.gov/v1/schedules/schedule_b/?committee_id=C00010983&two_year_transaction_period=2022&per_page=100&sort=disbursement_date&last_index=4092220221576548915&last_disbursement_date=2022-08-23,2026-09-12T21:02:30Z,438678
fec/sb/_tmp_C00010983_2016_p007.json,https://api.open.fec.gov/v1/schedules/schedule_b/?committee_id=C00010983&two_year_transaction_period=2016&per_page=100&sort=disbursement_date&last_index=4110220161345766294&last_disbursement_date=2016-09-26,2026-09-12T21:02:31Z,470314
fec/sb/_tmp_C00010983_2024_p007.json,https://api.open.fec.gov/v1/schedules/schedule_b/?committee_id=C00010983&two_year_transaction_period=2024&per_page=100&sort=disbursement_date&last_index=4081320242011925970&last_disbursement_date=2024-06-26,2026-09-12T21:02:32Z,470152
fec/sb/_tmp_C00010983_2026_p006.json,https://api.open.fec.gov/v1/schedules/schedule_b/?committee_id=C00010983&two_year_transaction_period=2026&per_page=100&sort=disbursement_date&last_index=4052820261511780511&last_disbursement_date=2026-03-19,2026-09-12T21:02:33Z,499023
fec/sb/_tmp_C00010983_2020_p008.json,https://api.open.fec.gov/v1/schedules/schedule_b/?committee_id=C00010983&two_year_transaction_period=2020&per_page=100&sort=disbursement_date&last_index=4120220201963118591&last_disbursement_date=2020-09-23,2026-09-12T21:02:34Z,416396
fec/sb/_tmp_C00010983_2018_p009.json,https://api.open.fec.gov/v1/schedules/schedule_b/?committee_id=C00010983&two_year_transaction_period=2018&per_page=100&sort=disbursement_date&last_index=4110120181608394426&last_disbursement_date=2018-09-21,2026-09-12T21:02:35Z,434719
fec/sb/_tmp_C00010983_2022_p008.json,https://api.open.fec.gov/v1/schedules/schedule_b/?committee_id=C00010983&two_year_transaction_period=2022&per_page=100&sort=disbursement_date&last_index=4102620221592314436&last_disbursement_date=2022-09-22,2026-09-12T21:02:36Z,432420
fec/sb/_tmp_C00010983_2016_p008.json,https://api.open.fec.gov/v1/schedules/schedule_b/?committee_id=C00010983&two_year_transaction_period=2016&per_page=100&sort=disbursement_date&last_index=4113020161354911389&last_disbursement_date=2016-10-17,2026-09-12T21:02:37Z,154633
fec/sb/_tmp_C00010983_2024_p008.json,https://api.open.fec.gov/v1/schedules/schedule_b/?committee_id=C00010983&two_year_transaction_period=2024&per_page=100&sort=disbursement_date&last_index=4120320241074389192&last_disbursement_date=2024-09-20,2026-09-12T21:02:38Z,369845
fec/sb/_tmp_C00010983_2026_p007.json,https://api.open.fec.gov/v1/schedules/schedule_b/?committee_id=C00010983&two_year_transaction_period=2026&per_page=100&sort=disbursement_date&last_index=4070920261533669761&last_disbursement_date=2026-05-27,2026-09-12T21:02:39Z,411879
fec/sb/_tmp_C00010983_2020_p009.json,https://api.open.fec.gov/v1/schedules/schedule_b/?committee_id=C00010983&two_year_transaction_period=2020&per_page=100&sort=disbursement_date&last_index=4120220201963118542&last_disbursement_date=2020-09-29,2026-09-12T21:02:40Z,308734
fec/sb/_tmp_C00010983_2018_p010.json,https://api.open.fec.gov/v1/schedules/schedule_b/?committee_id=C00010983&two_year_transaction_period=2018&per_page=100&sort=disbursement_date&last_index=4111920181618140585&last_disbursement_date=2018-10-04,2026-09-12T21:02:41Z,108353
fec/sb/_tmp_C00010983_2022_p009.json,https://api.open.fec.gov/v1/schedules/schedule_b/?committee_id=C00010983&two_year_transaction_period=2022&per_page=100&sort=disbursement_date&last_index=4113020221632233875&last_disbursement_date=2022-10-04,2026-09-12T21:02:43Z,368513
fec/sb/_tmp_C00012468_2016_p001.json,https://api.open.fec.gov/v1/schedules/schedule_b/?committee_id=C00012468&two_year_transaction_period=2016&per_page=100&sort=disbursement_date,2026-09-12T21:02:44Z,561228
fec/sb/_tmp_C00012468_2018_p001.json,https://api.open.fec.gov/v1/schedules/schedule_b/?committee_id=C00012468&two_year_transaction_period=2018&per_page=100&sort=disbursement_date,2026-09-12T21:02:45Z,561864
fec/sb/_tmp_C00012468_2020_p001.json,https://api.open.fec.gov/v1/schedules/schedule_b/?committee_id=C00012468&two_year_transaction_period=2020&per_page=100&sort=disbursement_date,2026-09-12T21:02:46Z,554782
fec/sb/_tmp_C00012468_2022_p001.json,https://api.open.fec.gov/v1/schedules/schedule_b/?committee_id=C00012468&two_year_transaction_period=2022&per_page=100&sort=disbursement_date,2026-09-12T21:02:47Z,157248
fec/sb/_tmp_C00012468_2024_p001.json,https://api.open.fec.gov/v1/schedules/schedule_b/?committee_id=C00012468&two_year_transaction_period=2024&per_page=100&sort=disbursement_date,2026-09-12T21:02:48Z,522699
fec/sb/_tmp_C00012468_2026_p001.json,https://api.open.fec.gov/v1/schedules/schedule_b/?committee_id=C00012468&two_year_transaction_period=2026&per_page=100&sort=disbursement_date,2026-09-12T21:02:49Z,420323
fec/sb/_tmp_C00012468_2018_p002.json,https://api.open.fec.gov/v1/schedules/schedule_b/?committee_id=C00012468&two_year_transaction_period=2018&per_page=100&sort=disbursement_date&last_index=4042420171400240788&last_disbursement_date=2017-03-13,2026-09-12T21:02:51Z,547326
fec/sb/_tmp_C00012468_2016_p002.json,https://api.open.fec.gov/v1/schedules/schedule_b/?committee_id=C00012468&two_year_transaction_period=2016&per_page=100&sort=disbursement_date&last_index=4082720151249522883&last_disbursement_date=2015-06-01,2026-09-12T21:02:51Z,561729
fec/sb/_tmp_C00012468_2020_p002.json,https://api.open.fec.gov/v1/schedules/schedule_b/?committee_id=C00012468&two_year_transaction_period=2020&per_page=100&sort=disbursement_date&last_index=4101020191674094112&last_disbursement_date=2019-09-13,2026-09-12T21:02:52Z,554114
fec/sb/_tmp_C00012518_2016_p001.json,https://api.open.fec.gov/v1/schedules/schedule_b/?committee_id=C00012518&two_year_transaction_period=2016&per_page=100&sort=disbursement_date,2026-09-12T21:02:53Z,6152
fec/sb/_tmp_C00012468_2024_p002.json,https://api.open.fec.gov/v1/schedules/schedule_b/?committee_id=C00012468&two_year_transaction_period=2024&per_page=100&sort=disbursement_date&last_index=4012420251135106101&last_disbursement_date=2024-12-13,2026-09-12T21:02:54Z,34727
fec/sb/_tmp_C00012518_2018_p001.json,https://api.open.fec.gov/v1/schedules/schedule_b/?committee_id=C00012518&two_year_transaction_period=2018&per_page=100&sort=disbursement_date,2026-09-12T21:02:55Z,127
fec/sb/_tmp_C00012468_2018_p003.json,https://api.open.fec.gov/v1/schedules/schedule_b/?committee_id=C00012468&two_year_transaction_period=2018&per_page=100&sort=disbursement_date&last_index=4081820171447636410&last_disbursement_date=2017-07-31,2026-09-12T21:02:56Z,516143
fec/sb/_tmp_C00012468_2016_p003.json,https://api.open.fec.gov/v1/schedules/schedule_b/?committee_id=C00012468&two_year_transaction_period=2016&per_page=100&sort=disbursement_date&last_index=4031620161276469263&last_disbursement_date=2015-12-31,2026-09-12T21:02:57Z,564410
fec/sb/_tmp_C00012468_2020_p003.json,https://api.open.fec.gov/v1/schedules/schedule_b/?committee_id=C00012468&two_year_transaction_period=2020&per_page=100&sort=disbursement_date&last_index=4080720201813393078&last_disbursement_date=2020-07-08,2026-09-12T21:02:58Z,498707
fec/sb/_tmp_C00012518_2020_p001.json,https://api.open.fec.gov/v1/schedules/schedule_b/?committee_id=C00012518&two_year_transaction_period=2020&per_page=100&sort=disbursement_date,2026-09-12T21:02:59Z,127
fec/sb/_tmp_C00012518_2022_p001.json,https://api.open.fec.gov/v1/schedules/schedule_b/?committee_id=C00012518&two_year_transaction_period=2022&per_page=100&sort=disbursement_date,2026-09-12T21:03:00Z,127
fec/sb/_tmp_C00012518_2024_p001.json,https://api.open.fec.gov/v1/schedules/schedule_b/?committee_id=C00012518&two_year_transaction_period=2024&per_page=100&sort=disbursement_date,2026-09-12T21:03:01Z,127
fec/sb/_tmp_C00012468_2018_p004.json,https://api.open.fec.gov/v1/schedules/schedule_b/?committee_id=C00012468&two_year_transaction_period=2018&per_page=100&sort=disbursement_date&last_index=4013120181503527452&last_disbursement_date=2017-11-17,2026-09-12T21:03:02Z,520996
fec/sb/_tmp_C00012468_2016_p004.json,https://api.open.fec.gov/v1/schedules/schedule_b/?committee_id=C00012468&two_year_transaction_period=2016&per_page=100&sort=disbursement_date&last_index=4061320161298308365&last_disbursement_date=2016-04-29,2026-09-12T21:03:04Z,559164
fec/sb/_tmp_C00012518_2026_p001.json,https://api.open.fec.gov/v1/schedules/schedule_b/?committee_id=C00012518&two_year_transaction_period=2026&per_page=100&sort=disbursement_date,2026-09-12T21:03:04Z,127
fec/sb/_tmp_C00015933_2016_p001.json,https://api.open.fec.gov/v1/schedules/schedule_b/?committee_id=C00015933&two_year_transaction_period=2016&per_page=100&sort=disbursement_date,2026-09-12T21:03:06Z,502334
fec/sb/_tmp_C00015933_2018_p001.json,https://api.open.fec.gov/v1/schedules/schedule_b/?committee_id=C00015933&two_year_transaction_period=2018&per_page=100&sort=disbursement_date,2026-09-12T21:03:07Z,513598
fec/sb/_tmp_C00015933_2020_p001.json,https://api.open.fec.gov/v1/schedules/schedule_b/?committee_id=C00015933&two_year_transaction_period=2020&per_page=100&sort=disbursement_date,2026-09-12T21:03:08Z,525269
fec/sb/_tmp_C00012468_2018_p005.json,https://api.open.fec.gov/v1/schedules/schedule_b/?committee_id=C00012468&two_year_transaction_period=2018&per_page=100&sort=disbursement_date&last_index=4062020181570886258&last_disbursement_date=2018-05-07,2026-09-12T21:03:09Z,544957
fec/sb/_tmp_C00012468_2016_p005.json,https://api.open.fec.gov/v1/schedules/schedule_b/?committee_id=C00012468&two_year_transaction_period=2016&per_page=100&sort=disbursement_date&last_index=4111520161347301564&last_disbursement_date=2016-09-12,2026-09-12T21:03:10Z,558862
fec/sb/_tmp_C00015933_2022_p001.json,https://api.open.fec.gov/v1/schedules/schedule_b/?committee_id=C00015933&two_year_transaction_period=2022&per_page=100&sort=disbursement_date,2026-09-12T21:03:11Z,507952
fec/sb/_tmp_C00015933_2016_p002.json,https://api.open.fec.gov/v1/schedules/schedule_b/?committee_id=C00015933&two_year_transaction_period=2016&per_page=100&sort=disbursement_date&last_index=4052720161293522417&last_disbursement_date=2015-09-15,2026-09-12T21:03:12Z,464404
fec/sb/_tmp_C00015933_2018_p002.json,https://api.open.fec.gov/v1/schedules/schedule_b/?committee_id=C00015933&two_year_transaction_period=2018&per_page=100&sort=disbursement_date&last_index=4072820171442274299&last_disbursement_date=2017-06-28,2026-09-12T21:03:13Z,458236
fec/sb/_tmp_C00015933_2020_p002.json,https://api.open.fec.gov/v1/schedules/schedule_b/?committee_id=C00015933&two_year_transaction_period=2020&per_page=100&sort=disbursement_date&last_index=4080820191663266064&last_disbursement_date=2019-06-25,2026-09-12T21:03:14Z,475186
fec/sb/_tmp_C00012468_2018_p006.json,https://api.open.fec.gov/v1/schedules/schedule_b/?committee_id=C00012468&two_year_transaction_period=2018&per_page=100&sort=disbursement_date&last_index=4122020181622581168&last_disbursement_date=2018-09-14,2026-09-12T21:03:15Z,301466
fec/sb/_tmp_C00012468_2016_p006.json,https://api.open.fec.gov/v1/schedules/schedule_b/?committee_id=C00012468&two_year_transaction_period=2016&per_page=100&sort=disbursement_date&last_index=4122320161357998421&last_disbursement_date=2016-10-27,2026-09-12T21:03:16Z,177975
fec/sb/_tmp_C00015933_2022_p002.json,https://api.open.fec.gov/v1/schedules/schedule_b/?committee_id=C00015933&two_year_transaction_period=2022&per_page=100&sort=disbursement_date&last_index=4020420221405007086&last_disbursement_date=2021-12-17,2026-09-12T21:03:17Z,452084
fec/sb/_tmp_C00015933_2016_p003.json,https://api.open.fec.gov/v1/schedules/schedule_b/?committee_id=C00015933&two_year_transaction_period=2016&per_page=100&sort=disbursement_date&last_index=4052720161293522478&last_disbursement_date=2015-12-14,2026-09-12T21:03:18Z,499231
fec/sb/_tmp_C00015933_2018_p003.json,https://api.open.fec.gov/v1/schedules/schedule_b/?committee_id=C00015933&two_year_transaction_period=2018&per_page=100&sort=disbursement_date&last_index=4051720181565821120&last_disbursement_date=2017-11-08,2026-09-12T21:03:19Z,512459
fec/sb/_tmp_C00015933_2020_p003.json,https://api.open.fec.gov/v1/schedules/schedule_b/?committee_id=C00015933&two_year_transaction_period=2020&per_page=100&sort=disbursement_date&last_index=4021220201689439767&last_disbursement_date=2019-11-27,2026-09-12T21:03:20Z,455252
fec/sb/_tmp_C00015933_2024_p001.json,https://api.open.fec.gov/v1/schedules/schedule_b/?committee_id=C00015933&two_year_transaction_period=2024&per_page=100&sort=disbursement_date,2026-09-12T21:03:21Z,439363
fec/sb/_tmp_C00015933_2026_p001.json,https://api.open.fec.gov/v1/schedules/schedule_b/?committee_id=C00015933&two_year_transaction_period=2026&per_page=100&sort=disbursement_date,2026-09-12T21:03:22Z,449640
fec/sb/_tmp_C00015933_2022_p003.json,https://api.open.fec.gov/v1/schedules/schedule_b/?committee_id=C00015933&two_year_transaction_period=2022&per_page=100&sort=disbursement_date&last_index=4050420221474454768&last_disbursement_date=2022-03-22,2026-09-12T21:03:23Z,535898
fec/sb/_tmp_C00015933_2016_p004.json,https://api.open.fec.gov/v1/schedules/schedule_b/?committee_id=C00015933&two_year_transaction_period=2016&per_page=100&sort=disbursement_date&last_index=4061420161299026690&last_disbursement_date=2016-05-19,2026-09-12T21:03:24Z,454280
fec/sb/_tmp_C00015933_2018_p004.json,https://api.open.fec.gov/v1/schedules/schedule_b/?committee_id=C00015933&two_year_transaction_period=2018&per_page=100&sort=disbursement_date&last_index=4022820191644607554&last_disbursement_date=2018-03-20,2026-09-12T21:03:26Z,457525
fec/sb/_tmp_C00015933_2020_p004.json,https://api.open.fec.gov/v1/schedules/schedule_b/?committee_id=C00015933&two_year_transaction_period=2020&per_page=100&sort=disbursement_date&last_index=4041720201737299410&last_disbursement_date=2020-03-23,2026-09-12T21:03:27Z,460105
fec/sb/_tmp_C00015933_2024_p002.json,https://api.open.fec.gov/v1/schedules/schedule_b/?committee_id=C00015933&two_year_transaction_period=2024&per_page=100&sort=disbursement_date&last_index=4073120231758555311&last_disbursement_date=2023-06-06,2026-09-12T21:03:28Z,463388
fec/sb/_tmp_C00015933_2026_p002.json,https://api.open.fec.gov/v1/schedules/schedule_b/?committee_id=C00015933&two_year_transaction_period=2026&per_page=100&sort=disbursement_date&last_index=4060320251204495008&last_disbursement_date=2025-05-06,2026-09-12T21:03:29Z,477360
fec/sb/_tmp_C00015933_2022_p004.json,https://api.open.fec.gov/v1/schedules/schedule_b/?committee_id=C00015933&two_year_transaction_period=2022&per_page=100&sort=disbursement_date&last_index=4082320221565976742&last_disbursement_date=2022-07-11,2026-09-12T21:03:30Z,422628
fec/sb/_tmp_C00015933_2016_p005.json,https://api.open.fec.gov/v1/schedules/schedule_b/?committee_id=C00015933&two_year_transaction_period=2016&per_page=100&sort=disbursement_date&last_index=4091420161317095244&last_disbursement_date=2016-08-22,2026-09-12T21:03:31Z,474223
fec/sb/_tmp_C00015933_2018_p005.json,https://api.open.fec.gov/v1/schedules/schedule_b/?committee_id=C00015933&two_year_transaction_period=2018&per_page=100&sort=disbursement_date&last_index=4071620181575999938&last_disbursement_date=2018-06-28,2026-09-12T21:03:32Z,469596
fec/sb/_tmp_C00015933_2020_p005.json,https://api.open.fec.gov/v1/schedules/schedule_b/?committee_id=C00015933&two_year_transaction_period=2020&per_page=100&sort=disbursement_date&last_index=4090920201835104175&last_disbursement_date=2020-07-18,2026-09-12T21:03:33Z,467974
fec/sb/_tmp_C00015933_2024_p003.json,https://api.open.fec.gov/v1/schedules/schedule_b/?committee_id=C00015933&two_year_transaction_period=2024&per_page=100&sort=disbursement_date&last_index=4012220241815972474&last_disbursement_date=2023-11-06,2026-09-12T21:03:34Z,459095
fec/sb/_tmp_C00015933_2026_p003.json,https://api.open.fec.gov/v1/schedules/schedule_b/?committee_id=C00015933&two_year_transaction_period=2026&per_page=100&sort=disbursement_date&last_index=4011220261301166807&last_disbursement_date=2025-10-13,2026-09-12T21:03:35Z,455382
fec/sb/_tmp_C00015933_2022_p005.json,https://api.open.fec.gov/v1/schedules/schedule_b/?committee_id=C00015933&two_year_transaction_period=2022&per_page=100&sort=disbursement_date&last_index=4092220221576550195&last_disbursement_date=2022-08-17,2026-09-12T21:03:36Z,371410
fec/sb/_tmp_C00015933_2016_p006.json,https://api.open.fec.gov/v1/schedules/schedule_b/?committee_id=C00015933&two_year_transaction_period=2016&per_page=100&sort=disbursement_date&last_index=4011920171368359429&last_disbursement_date=2016-12-09,2026-09-12T21:03:37Z,258749
fec/sb/_tmp_C00015933_2018_p006.json,https://api.open.fec.gov/v1/schedules/schedule_b/?committee_id=C00015933&two_year_transaction_period=2018&per_page=100&sort=disbursement_date&last_index=4081420191663320759&last_disbursement_date=2018-09-26,2026-09-12T21:03:38Z,413010
fec/sb/_tmp_C00015933_2020_p006.json,https://api.open.fec.gov/v1/schedules/schedule_b/?committee_id=C00015933&two_year_transaction_period=2020&per_page=100&sort=disbursement_date&last_index=4122420201983757977&last_disbursement_date=2020-10-22,2026-09-12T21:03:39Z,425341
fec/sb/_tmp_C00015933_2024_p004.json,https://api.open.fec.gov/v1/schedules/schedule_b/?committee_id=C00015933&two_year_transaction_period=2024&per_page=100&sort=disbursement_date&last_index=4030420241878018017&last_disbursement_date=2024-02-23,2026-09-12T21:03:40Z,482707
fec/sb/_tmp_C00015933_2026_p004.json,https://api.open.fec.gov/v1/schedules/schedule_b/?committee_id=C00015933&two_year_transaction_period=2026&per_page=100&sort=disbursement_date&last_index=4012120261303141524&last_disbursement_date=2025-12-18,2026-09-12T21:03:42Z,486412
fec/sb/_tmp_C00016683_2016_p001.json,https://api.open.fec.gov/v1/schedules/schedule_b/?committee_id=C00016683&two_year_transaction_period=2016&per_page=100&sort=disbursement_date,2026-09-12T21:03:42Z,436736
fec/sb/_tmp_C00015933_2018_p007.json,https://api.open.fec.gov/v1/schedules/schedule_b/?committee_id=C00015933&two_year_transaction_period=2018&per_page=100&sort=disbursement_date&last_index=4102620181600869311&last_disbursement_date=2018-09-30,2026-09-12T21:03:45Z,448868
fec/sb/_tmp_C00016683_2020_p001.json,https://api.open.fec.gov/v1/schedules/schedule_b/?committee_id=C00016683&two_year_transaction_period=2020&per_page=100&sort=disbursement_date,2026-09-12T21:03:46Z,485424
fec/sb/_tmp_C00015933_2024_p005.json,https://api.open.fec.gov/v1/schedules/schedule_b/?committee_id=C00015933&two_year_transaction_period=2024&per_page=100&sort=disbursement_date&last_index=4070820241972348588&last_disbursement_date=2024-06-27,2026-09-12T21:03:47Z,431424
fec/sb/_tmp_C00015933_2026_p005.json,https://api.open.fec.gov/v1/schedules/schedule_b/?committee_id=C00015933&two_year_transaction_period=2026&per_page=100&sort=disbursement_date&last_index=4070220261523483193&last_disbursement_date=2026-05-27,2026-09-12T21:03:48Z,234905
fec/sb/_tmp_C00016683_2016_p002.json,https://api.open.fec.gov/v1/schedules/schedule_b/?committee_id=C00016683&two_year_transaction_period=2016&per_page=100&sort=disbursement_date&last_index=4041720151242016570&last_disbursement_date=2015-03-25,2026-09-12T21:03:49Z,499157
fec/sb/_tmp_C00015933_2018_p008.json,https://api.open.fec.gov/v1/schedules/schedule_b/?committee_id=C00015933&two_year_transaction_period=2018&per_page=100&sort=disbursement_date&last_index=4022620191643756932&last_disbursement_date=2018-12-12,2026-09-12T21:03:50Z,43856
fec/sb/_tmp_C00016683_2020_p002.json,https://api.open.fec.gov/v1/schedules/schedule_b/?committee_id=C00016683&two_year_transaction_period=2020&per_page=100&sort=disbursement_date&last_index=4080820191663264507&last_disbursement_date=2019-03-21,2026-09-12T21:03:51Z,477776
fec/sb/_tmp_C00015933_2024_p006.json,https://api.open.fec.gov/v1/schedules/schedule_b/?committee_id=C00015933&two_year_transaction_period=2024&per_page=100&sort=disbursement_date&last_index=4091720242040909905&last_disbursement_date=2024-08-06,2026-09-12T21:03:52Z,476296
fec/sb/_tmp_C00016683_2018_p001.json,https://api.open.fec.gov/v1/schedules/schedule_b/?committee_id=C00016683&two_year_transaction_period=2018&per_page=100&sort=disbursement_date,2026-09-12T21:03:52Z,545566
fec/sb/_tmp_C00016683_2022_p001.json,https://api.open.fec.gov/v1/schedules/schedule_b/?committee_id=C00016683&two_year_transaction_period=2022&per_page=100&sort=disbursement_date,2026-09-12T21:03:53Z,493216
fec/sb/_tmp_C00016683_2016_p003.json,https://api.open.fec.gov/v1/schedules/schedule_b/?committee_id=C00016683&two_year_transaction_period=2016&per_page=100&sort=disbursement_date&last_index=4061720151245762287&last_disbursement_date=2015-05-27,2026-09-12T21:03:54Z,456856
fec/sb/_tmp_C00016683_2024_p001.json,https://api.open.fec.gov/v1/schedules/schedule_b/?committee_id=C00016683&two_year_transaction_period=2024&per_page=100&sort=disbursement_date,2026-09-12T21:03:55Z,498497
fec/sb/_tmp_C00016683_2020_p003.json,https://api.open.fec.gov/v1/schedules/schedule_b/?committee_id=C00016683&two_year_transaction_period=2020&per_page=100&sort=disbursement_date&last_index=4080820191663264679&last_disbursement_date=2019-05-22,2026-09-12T21:03:56Z,475148
fec/sb/_tmp_C00015933_2024_p007.json,https://api.open.fec.gov/v1/schedules/schedule_b/?committee_id=C00015933&two_year_transaction_period=2024&per_page=100&sort=disbursement_date&last_index=4040220251183147333&last_disbursement_date=2024-12-20,2026-09-12T21:03:57Z,5702
fec/sb/_tmp_C00016683_2018_p002.json,https://api.open.fec.gov/v1/schedules/schedule_b/?committee_id=C00016683&two_year_transaction_period=2018&per_page=100&sort=disbursement_date&last_index=4041320171398533752&last_disbursement_date=2017-03-22,2026-09-12T21:03:58Z,450030
fec/sb/_tmp_C00016683_2022_p002.json,https://api.open.fec.gov/v1/schedules/schedule_b/?committee_id=C00016683&two_year_transaction_period=2022&per_page=100&sort=disbursement_date&last_index=4051420211292992950&last_disbursement_date=2021-04-26,2026-09-12T21:03:59Z,484611
fec/sb/_tmp_C00016683_2016_p004.json,https://api.open.fec.gov/v1/schedules/schedule_b/?committee_id=C00016683&two_year_transaction_period=2016&per_page=100&sort=disbursement_date&last_index=4071620151247281468&last_disbursement_date=2015-06-03,2026-09-12T21:04:00Z,506166
fec/sb/_tmp_C00016683_2024_p002.json,https://api.open.fec.gov/v1/schedules/schedule_b/?committee_id=C00016683&two_year_transaction_period=2024&per_page=100&sort=disbursement_date&last_index=4051520231747253763&last_disbursement_date=2023-04-18,2026-09-12T21:04:01Z,463277
fec/sb/_tmp_C00016683_2020_p004.json,https://api.open.fec.gov/v1/schedules/schedule_b/?committee_id=C00016683&two_year_transaction_period=2020&per_page=100&sort=disbursement_date&last_index=4080820191663264907&last_disbursement_date=2019-06-24,2026-09-12T21:04:02Z,449452
fec/sb/_tmp_C00016683_2026_p001.json,https://api.open.fec.gov/v1/schedules/schedule_b/?committee_id=C00016683&two_year_transaction_period=2026&per_page=100&sort=disbursement_date,2026-09-12T21:04:03Z,505347
fec/sb/_tmp_C00016683_2018_p003.json,https://api.open.fec.gov/v1/schedules/schedule_b/?committee_id=C00016683&two_year_transaction_period=2018&per_page=100&sort=disbursement_date&last_index=4051620171404235426&last_disbursement_date=2017-04-20,2026-09-12T21:04:05Z,455613
fec/sb/_tmp_C00016683_2022_p003.json,https://api.open.fec.gov/v1/schedules/schedule_b/?committee_id=C00016683&two_year_transaction_period=2022&per_page=100&sort=disbursement_date&last_index=4071420211320572348&last_disbursement_date=2021-06-23,2026-09-12T21:04:05Z,455926
fec/sb/_tmp_C00016683_2016_p005.json,https://api.open.fec.gov/v1/schedules/schedule_b/?committee_id=C00016683&two_year_transaction_period=2016&per_page=100&sort=disbursement_date&last_index=4081820151249280764&last_disbursement_date=2015-07-29,2026-09-12T21:04:07Z,445265
frames/PaymentsForRepurchaseOfCommonStock_USD_CY2019.json,https://data.sec.gov/api/xbrl/frames/us-gaap/PaymentsForRepurchaseOfCommonStock/USD/CY2019.json,2026-09-12T21:04:07Z,363863
frames/PaymentsForRepurchaseOfEquity_USD_CY2019.json,https://data.sec.gov/api/xbrl/frames/us-gaap/PaymentsForRepurchaseOfEquity/USD/CY2019.json,2026-09-12T21:04:07Z,23778
frames/TreasuryStockValueAcquiredCostMethod_USD_CY2019.json,https://data.sec.gov/api/xbrl/frames/us-gaap/TreasuryStockValueAcquiredCostMethod/USD/CY2019.json,2026-09-12T21:04:08Z,141873
fec/sb/_tmp_C00016683_2020_p005.json,https://api.open.fec.gov/v1/schedules/schedule_b/?committee_id=C00016683&two_year_transaction_period=2020&per_page=100&sort=disbursement_date&last_index=4081520191663367652&last_disbursement_date=2019-07-30,2026-09-12T21:04:09Z,450235
frames/PaymentsOfDividendsCommonStock_USD_CY2019.json,https://data.sec.gov/api/xbrl/frames/us-gaap/PaymentsOfDividendsCommonStock/USD/CY2019.json,2026-09-12T21:04:09Z,193371
fec/sb/_tmp_C00016683_2026_p002.json,https://api.open.fec.gov/v1/schedules/schedule_b/?committee_id=C00016683&two_year_transaction_period=2026&per_page=100&sort=disbursement_date&last_index=4060420251204844411&last_disbursement_date=2025-04-30,2026-09-12T21:04:10Z,486916
frames/PaymentsOfDividends_USD_CY2019.json,https://data.sec.gov/api/xbrl/frames/us-gaap/PaymentsOfDividends/USD/CY2019.json,2026-09-12T21:04:10Z,150544
fec/sb/_tmp_C00016683_2018_p004.json,https://api.open.fec.gov/v1/schedules/schedule_b/?committee_id=C00016683&two_year_transaction_period=2018&per_page=100&sort=disbursement_date&last_index=4061320171409673716&last_disbursement_date=2017-05-23,2026-09-12T21:04:11Z,468933
frames/PaymentsOfDividendsMinorityInterest_USD_CY2019.json,https://data.sec.gov/api/xbrl/frames/us-gaap/PaymentsOfDividendsMinorityInterest/USD/CY2019.json,2026-09-12T21:04:11Z,53273
fec/sb/_tmp_C00016683_2022_p004.json,https://api.open.fec.gov/v1/schedules/schedule_b/?committee_id=C00016683&two_year_transaction_period=2022&per_page=100&sort=disbursement_date&last_index=4081820211328385597&last_disbursement_date=2021-07-27,2026-09-12T21:04:12Z,396691
frames/PaymentsOfDividendsPreferredStockAndPreferenceStock_USD_CY2019.json,https://data.sec.gov/api/xbrl/frames/us-gaap/PaymentsOfDividendsPreferredStockAndPreferenceStock/USD/CY2019.json,2026-09-12T21:04:12Z,53468
fec/sb/_tmp_C00016683_2016_p006.json,https://api.open.fec.gov/v1/schedules/schedule_b/?committee_id=C00016683&two_year_transaction_period=2016&per_page=100&sort=disbursement_date&last_index=4091720151253133082&last_disbursement_date=2015-08-25,2026-09-12T21:04:13Z,403850
frames/NetCashProvidedByUsedInOperatingActivities_USD_CY2019.json,https://data.sec.gov/api/xbrl/frames/us-gaap/NetCashProvidedByUsedInOperatingActivities/USD/CY2019.json,2026-09-12T21:04:14Z,980999
fec/sb/_tmp_C00016683_2020_p006.json,https://api.open.fec.gov/v1/schedules/schedule_b/?committee_id=C00016683&two_year_transaction_period=2020&per_page=100&sort=disbursement_date&last_index=4091720191672703832&last_disbursement_date=2019-08-27,2026-09-12T21:04:15Z,462285
frames/NetCashProvidedByUsedInOperatingActivitiesContinuingOperations_USD_CY2019.json,https://data.sec.gov/api/xbrl/frames/us-gaap/NetCashProvidedByUsedInOperatingActivitiesContinuingOperations/USD/CY2019.json,2026-09-12T21:04:15Z,74944
fec/sb/_tmp_C00016683_2026_p003.json,https://api.open.fec.gov/v1/schedules/schedule_b/?committee_id=C00016683&two_year_transaction_period=2026&per_page=100&sort=disbursement_date&last_index=4081320251217076656&last_disbursement_date=2025-06-23,2026-09-12T21:04:15Z,458997
frames/PaymentsForRepurchaseOfCommonStock_USD_CY2023.json,https://data.sec.gov/api/xbrl/frames/us-gaap/PaymentsForRepurchaseOfCommonStock/USD/CY2023.json,2026-09-12T21:04:16Z,403181
fec/sb/_tmp_C00016683_2018_p005.json,https://api.open.fec.gov/v1/schedules/schedule_b/?committee_id=C00016683&two_year_transaction_period=2018&per_page=100&sort=disbursement_date&last_index=4071120171418775956&last_disbursement_date=2017-06-20,2026-09-12T21:04:16Z,461690
frames/PaymentsForRepurchaseOfEquity_USD_CY2023.json,https://data.sec.gov/api/xbrl/frames/us-gaap/PaymentsForRepurchaseOfEquity/USD/CY2023.json,2026-09-12T21:04:17Z,25992
fec/sb/_tmp_C00016683_2016_p007.json,https://api.open.fec.gov/v1/schedules/schedule_b/?committee_id=C00016683&two_year_transaction_period=2016&per_page=100&sort=disbursement_date&last_index=4091720151253133145&last_disbursement_date=2015-08-27,2026-09-12T21:04:18Z,425428
frames/TreasuryStockValueAcquiredCostMethod_USD_CY2023.json,https://data.sec.gov/api/xbrl/frames/us-gaap/TreasuryStockValueAcquiredCostMethod/USD/CY2023.json,2026-09-12T21:04:18Z,139468
fec/sb/_tmp_C00016683_2020_p007.json,https://api.open.fec.gov/v1/schedules/schedule_b/?committee_id=C00016683&two_year_transaction_period=2020&per_page=100&sort=disbursement_date&last_index=4101420191674194761&last_disbursement_date=2019-09-24,2026-09-12T21:04:19Z,405638
fec/sb/_tmp_C00016683_2022_p005.json,https://api.open.fec.gov/v1/schedules/schedule_b/?committee_id=C00016683&two_year_transaction_period=2022&per_page=100&sort=disbursement_date&last_index=4091620211370856942&last_disbursement_date=2021-08-19,2026-09-12T21:04:19Z,486990
frames/PaymentsOfDividendsCommonStock_USD_CY2023.json,https://data.sec.gov/api/xbrl/frames/us-gaap/PaymentsOfDividendsCommonStock/USD/CY2023.json,2026-09-12T21:04:20Z,181621
fec/sb/_tmp_C00016683_2026_p004.json,https://api.open.fec.gov/v1/schedules/schedule_b/?committee_id=C00016683&two_year_transaction_period=2026&per_page=100&sort=disbursement_date&last_index=4081820251218602208&last_disbursement_date=2025-07-15,2026-09-12T21:04:20Z,446417
frames/PaymentsOfDividends_USD_CY2023.json,https://data.sec.gov/api/xbrl/frames/us-gaap/PaymentsOfDividends/USD/CY2023.json,2026-09-12T21:04:21Z,152741
fec/sb/_tmp_C00016683_2024_p003.json,https://api.open.fec.gov/v1/schedules/schedule_b/?committee_id=C00016683&two_year_transaction_period=2024&per_page=100&sort=disbursement_date&last_index=4071420231753458407&last_disbursement_date=2023-06-21,2026-09-12T21:04:21Z,503876
frames/PaymentsOfDividendsMinorityInterest_USD_CY2023.json,https://data.sec.gov/api/xbrl/frames/us-gaap/PaymentsOfDividendsMinorityInterest/USD/CY2023.json,2026-09-12T21:04:21Z,47368
fec/sb/_tmp_C00016683_2018_p006.json,https://api.open.fec.gov/v1/schedules/schedule_b/?committee_id=C00016683&two_year_transaction_period=2018&per_page=100&sort=disbursement_date&last_index=4081520171447254274&last_disbursement_date=2017-07-19,2026-09-12T21:04:21Z,403453
frames/PaymentsOfDividendsPreferredStockAndPreferenceStock_USD_CY2023.json,https://data.sec.gov/api/xbrl/frames/us-gaap/PaymentsOfDividendsPreferredStockAndPreferenceStock/USD/CY2023.json,2026-09-12T21:04:22Z,50925
fec/sb/_tmp_C00016683_2016_p008.json,https://api.open.fec.gov/v1/schedules/schedule_b/?committee_id=C00016683&two_year_transaction_period=2016&per_page=100&sort=disbursement_date&last_index=4101420151255581007&last_disbursement_date=2015-09-23,2026-09-12T21:04:22Z,435873
frames/NetCashProvidedByUsedInOperatingActivities_USD_CY2023.json,https://data.sec.gov/api/xbrl/frames/us-gaap/NetCashProvidedByUsedInOperatingActivities/USD/CY2023.json,2026-09-12T21:04:22Z,1000829
frames/NetCashProvidedByUsedInOperatingActivitiesContinuingOperations_USD_CY2023.json,https://data.sec.gov/api/xbrl/frames/us-gaap/NetCashProvidedByUsedInOperatingActivitiesContinuingOperations/USD/CY2023.json,2026-09-12T21:04:23Z,70087
fec/sb/_tmp_C00016683_2020_p008.json,https://api.open.fec.gov/v1/schedules/schedule_b/?committee_id=C00016683&two_year_transaction_period=2020&per_page=100&sort=disbursement_date&last_index=4111320191678666942&last_disbursement_date=2019-10-17,2026-09-12T21:04:23Z,451214
fec/sb/_tmp_C00016683_2022_p006.json,https://api.open.fec.gov/v1/schedules/schedule_b/?committee_id=C00016683&two_year_transaction_period=2022&per_page=100&sort=disbursement_date&last_index=4102020211374299987&last_disbursement_date=2021-09-16,2026-09-12T21:04:24Z,401377
fec/sb/_tmp_C00016683_2026_p005.json,https://api.open.fec.gov/v1/schedules/schedule_b/?committee_id=C00016683&two_year_transaction_period=2026&per_page=100&sort=disbursement_date&last_index=4091620251291267798&last_disbursement_date=2025-08-27,2026-09-12T21:04:25Z,438432
fec/sb/_tmp_C00016683_2024_p004.json,https://api.open.fec.gov/v1/schedules/schedule_b/?committee_id=C00016683&two_year_transaction_period=2024&per_page=100&sort=disbursement_date&last_index=4091520231802290248&last_disbursement_date=2023-08-23,2026-09-12T21:04:27Z,442492
fec/sb/_tmp_C00016683_2018_p007.json,https://api.open.fec.gov/v1/schedules/schedule_b/?committee_id=C00016683&two_year_transaction_period=2018&per_page=100&sort=disbursement_date&last_index=4081520171447254749&last_disbursement_date=2017-07-19,2026-09-12T21:04:28Z,403171
fec/sb/_tmp_C00016683_2016_p009.json,https://api.open.fec.gov/v1/schedules/schedule_b/?committee_id=C00016683&two_year_transaction_period=2016&per_page=100&sort=disbursement_date&last_index=4111620151257200258&last_disbursement_date=2015-10-29,2026-09-12T21:04:29Z,475813
fec/sb/_tmp_C00016683_2026_p006.json,https://api.open.fec.gov/v1/schedules/schedule_b/?committee_id=C00016683&two_year_transaction_period=2026&per_page=100&sort=disbursement_date&last_index=4120420251297243088&last_disbursement_date=2025-09-23,2026-09-12T21:04:32Z,400967
fec/sb/_tmp_C00016683_2024_p005.json,https://api.open.fec.gov/v1/schedules/schedule_b/?committee_id=C00016683&two_year_transaction_period=2024&per_page=100&sort=disbursement_date&last_index=4101820231805753151&last_disbursement_date=2023-09-26,2026-09-12T21:04:33Z,470827
fec/sb/_tmp_C00016683_2022_p007.json,https://api.open.fec.gov/v1/schedules/schedule_b/?committee_id=C00016683&two_year_transaction_period=2022&per_page=100&sort=disbursement_date&last_index=4102020211374300087&last_disbursement_date=2021-09-21,2026-09-12T21:04:33Z,451342
fec/sb/_tmp_C00016683_2018_p008.json,https://api.open.fec.gov/v1/schedules/schedule_b/?committee_id=C00016683&two_year_transaction_period=2018&per_page=100&sort=disbursement_date&last_index=4081520171447254328&last_disbursement_date=2017-07-26,2026-09-12T21:04:34Z,420863
fec/sb/_tmp_C00016683_2020_p009.json,https://api.open.fec.gov/v1/schedules/schedule_b/?committee_id=C00016683&two_year_transaction_period=2020&per_page=100&sort=disbursement_date&last_index=4111320191678667148&last_disbursement_date=2019-10-22,2026-09-12T21:04:34Z,476264
fec/sb/_tmp_C00016683_2016_p010.json,https://api.open.fec.gov/v1/schedules/schedule_b/?committee_id=C00016683&two_year_transaction_period=2016&per_page=100&sort=disbursement_date&last_index=4012020161260760179&last_disbursement_date=2015-12-15,2026-09-12T21:04:35Z,542695
fec/sb/_tmp_C00016683_2026_p007.json,https://api.open.fec.gov/v1/schedules/schedule_b/?committee_id=C00016683&two_year_transaction_period=2026&per_page=100&sort=disbursement_date&last_index=4120420251297243048&last_disbursement_date=2025-09-30,2026-09-12T21:04:36Z,431598
fec/sb/_tmp_C00016683_2024_p006.json,https://api.open.fec.gov/v1/schedules/schedule_b/?committee_id=C00016683&two_year_transaction_period=2024&per_page=100&sort=disbursement_date&last_index=4121320231812499219&last_disbursement_date=2023-11-16,2026-09-12T21:04:37Z,402231
fec/sb/_tmp_C00016683_2022_p008.json,https://api.open.fec.gov/v1/schedules/schedule_b/?committee_id=C00016683&two_year_transaction_period=2022&per_page=100&sort=disbursement_date&last_index=4111720211378640451&last_disbursement_date=2021-10-26,2026-09-12T21:04:38Z,446597
fec/sb/_tmp_C00016683_2018_p009.json,https://api.open.fec.gov/v1/schedules/schedule_b/?committee_id=C00016683&two_year_transaction_period=2018&per_page=100&sort=disbursement_date&last_index=4101220171458224711&last_disbursement_date=2017-08-23,2026-09-12T21:04:39Z,403783
fec/sb/_tmp_C00016683_2020_p010.json,https://api.open.fec.gov/v1/schedules/schedule_b/?committee_id=C00016683&two_year_transaction_period=2020&per_page=100&sort=disbursement_date&last_index=4121620191681552273&last_disbursement_date=2019-11-25,2026-09-12T21:04:41Z,486726
fec/sb/_tmp_C00016683_2016_p011.json,https://api.open.fec.gov/v1/schedules/schedule_b/?committee_id=C00016683&two_year_transaction_period=2016&per_page=100&sort=disbursement_date&last_index=4031520161276432424&last_disbursement_date=2016-02-23,2026-09-12T21:04:41Z,466184
fec/sb/_tmp_C00016683_2026_p008.json,https://api.open.fec.gov/v1/schedules/schedule_b/?committee_id=C00016683&two_year_transaction_period=2026&per_page=100&sort=disbursement_date&last_index=4011520261302490302&last_disbursement_date=2025-11-06,2026-09-12T21:04:42Z,471887
fec/sb/_tmp_C00016683_2024_p007.json,https://api.open.fec.gov/v1/schedules/schedule_b/?committee_id=C00016683&two_year_transaction_period=2024&per_page=100&sort=disbursement_date&last_index=4121320231812499290&last_disbursement_date=2023-11-27,2026-09-12T21:04:43Z,464521
fec/sb/_tmp_C00016683_2022_p009.json,https://api.open.fec.gov/v1/schedules/schedule_b/?committee_id=C00016683&two_year_transaction_period=2022&per_page=100&sort=disbursement_date&last_index=4121520211386011710&last_disbursement_date=2021-11-22,2026-09-12T21:04:45Z,479537
fec/sb/_tmp_C00016683_2018_p010.json,https://api.open.fec.gov/v1/schedules/schedule_b/?committee_id=C00016683&two_year_transaction_period=2018&per_page=100&sort=disbursement_date&last_index=4101220171458224945&last_disbursement_date=2017-08-23,2026-09-12T21:04:45Z,445230
fec/sb/_tmp_C00016683_2020_p011.json,https://api.open.fec.gov/v1/schedules/schedule_b/?committee_id=C00016683&two_year_transaction_period=2020&per_page=100&sort=disbursement_date&last_index=4031620201703196415&last_disbursement_date=2020-02-18,2026-09-12T21:04:47Z,510289
fec/sb/_tmp_C00016683_2016_p012.json,https://api.open.fec.gov/v1/schedules/schedule_b/?committee_id=C00016683&two_year_transaction_period=2016&per_page=100&sort=disbursement_date&last_index=4042020161283570542&last_disbursement_date=2016-03-28,2026-09-12T21:04:48Z,477641
fec/sb/_tmp_C00016683_2026_p009.json,https://api.open.fec.gov/v1/schedules/schedule_b/?committee_id=C00016683&two_year_transaction_period=2026&per_page=100&sort=disbursement_date&last_index=4012820261304051515&last_disbursement_date=2025-12-15,2026-09-12T21:04:49Z,509877
fec/sb/_tmp_C00016683_2024_p008.json,https://api.open.fec.gov/v1/schedules/schedule_b/?committee_id=C00016683&two_year_transaction_period=2024&per_page=100&sort=disbursement_date&last_index=4031520241885107202&last_disbursement_date=2024-02-21,2026-09-12T21:04:50Z,473390
fec/sb/_tmp_C00016683_2022_p010.json,https://api.open.fec.gov/v1/schedules/schedule_b/?committee_id=C00016683&two_year_transaction_period=2022&per_page=100&sort=disbursement_date&last_index=4012520221389628741&last_disbursement_date=2021-12-16,2026-09-12T21:04:51Z,455963
fec/sb/_tmp_C00016683_2018_p011.json,https://api.open.fec.gov/v1/schedules/schedule_b/?committee_id=C00016683&two_year_transaction_period=2018&per_page=100&sort=disbursement_date&last_index=4101620171458320058&last_disbursement_date=2017-09-28,2026-09-12T21:04:52Z,428362
fec/sb/_tmp_C00016683_2016_p013.json,https://api.open.fec.gov/v1/schedules/schedule_b/?committee_id=C00016683&two_year_transaction_period=2016&per_page=100&sort=disbursement_date&last_index=4042020161283570743&last_disbursement_date=2016-03-31,2026-09-12T21:04:55Z,483890
fec/sb/_tmp_C00016683_2026_p010.json,https://api.open.fec.gov/v1/schedules/schedule_b/?committee_id=C00016683&two_year_transaction_period=2026&per_page=100&sort=disbursement_date&last_index=4052620261511429041&last_disbursement_date=2026-03-19,2026-09-12T21:04:55Z,503764
fec/sb/_tmp_C00016683_2020_p012.json,https://api.open.fec.gov/v1/schedules/schedule_b/?committee_id=C00016683&two_year_transaction_period=2020&per_page=100&sort=disbursement_date&last_index=4060320201774335163&last_disbursement_date=2020-03-16,2026-09-12T21:04:55Z,451378
fec/sb/_tmp_C00016683_2024_p009.json,https://api.open.fec.gov/v1/schedules/schedule_b/?committee_id=C00016683&two_year_transaction_period=2024&per_page=100&sort=disbursement_date&last_index=4051620241949517659&last_disbursement_date=2024-04-17,2026-09-12T21:04:57Z,489945
fec/sb/_tmp_C00016683_2022_p011.json,https://api.open.fec.gov/v1/schedules/schedule_b/?committee_id=C00016683&two_year_transaction_period=2022&per_page=100&sort=disbursement_date&last_index=4041320221470732748&last_disbursement_date=2022-03-21,2026-09-12T21:04:57Z,475138
fec/sb/_tmp_C00016683_2018_p012.json,https://api.open.fec.gov/v1/schedules/schedule_b/?committee_id=C00016683&two_year_transaction_period=2018&per_page=100&sort=disbursement_date&last_index=4111320171461776644&last_disbursement_date=2017-10-26,2026-09-12T21:04:58Z,441217
fec/sb/_tmp_C00016683_2016_p014.json,https://api.open.fec.gov/v1/schedules/schedule_b/?committee_id=C00016683&two_year_transaction_period=2016&per_page=100&sort=disbursement_date&last_index=4061720161299112949&last_disbursement_date=2016-05-18,2026-09-12T21:04:59Z,507494
frames/PaymentsForRepurchaseOfCommonStock_USD_CY2016.json,https://data.sec.gov/api/xbrl/frames/us-gaap/PaymentsForRepurchaseOfCommonStock/USD/CY2016.json,2026-09-12T21:05:00Z,371576
fec/sb/_tmp_C00016683_2026_p011.json,https://api.open.fec.gov/v1/schedules/schedule_b/?committee_id=C00016683&two_year_transaction_period=2026&per_page=100&sort=disbursement_date&last_index=4070920261533670013&last_disbursement_date=2026-05-20,2026-09-12T21:05:00Z,457734
frames/PaymentsForRepurchaseOfEquity_USD_CY2016.json,https://data.sec.gov/api/xbrl/frames/us-gaap/PaymentsForRepurchaseOfEquity/USD/CY2016.json,2026-09-12T21:05:01Z,24287
fec/sb/_tmp_C00016683_2020_p013.json,https://api.open.fec.gov/v1/schedules/schedule_b/?committee_id=C00016683&two_year_transaction_period=2020&per_page=100&sort=disbursement_date&last_index=4051520201755283796&last_disbursement_date=2020-04-29,2026-09-12T21:05:01Z,448171
frames/TreasuryStockValueAcquiredCostMethod_USD_CY2016.json,https://data.sec.gov/api/xbrl/frames/us-gaap/TreasuryStockValueAcquiredCostMethod/USD/CY2016.json,2026-09-12T21:05:02Z,149318
fec/sb/_tmp_C00016683_2024_p010.json,https://api.open.fec.gov/v1/schedules/schedule_b/?committee_id=C00016683&two_year_transaction_period=2024&per_page=100&sort=disbursement_date&last_index=4072420241978958508&last_disbursement_date=2024-06-18,2026-09-12T21:05:02Z,459653
fec/sb/_tmp_C00016683_2022_p012.json,https://api.open.fec.gov/v1/schedules/schedule_b/?committee_id=C00016683&two_year_transaction_period=2022&per_page=100&sort=disbursement_date&last_index=4051620221486614793&last_disbursement_date=2022-04-20,2026-09-12T21:05:04Z,476424
fec/sb/_tmp_C00016683_2018_p013.json,https://api.open.fec.gov/v1/schedules/schedule_b/?committee_id=C00016683&two_year_transaction_period=2018&per_page=100&sort=disbursement_date&last_index=4121220171486601395&last_disbursement_date=2017-11-13,2026-09-12T21:05:05Z,460263
frames/PaymentsOfDividendsCommonStock_USD_CY2016.json,https://data.sec.gov/api/xbrl/frames/us-gaap/PaymentsOfDividendsCommonStock/USD/CY2016.json,2026-09-12T21:05:05Z,200719
fec/sb/_tmp_C00016683_2016_p015.json,https://api.open.fec.gov/v1/schedules/schedule_b/?committee_id=C00016683&two_year_transaction_period=2016&per_page=100&sort=disbursement_date&last_index=4071420161306607374&last_disbursement_date=2016-06-21,2026-09-12T21:05:06Z,406230
fec/sb/_tmp_C00016683_2026_p012.json,https://api.open.fec.gov/v1/schedules/schedule_b/?committee_id=C00016683&two_year_transaction_period=2026&per_page=100&sort=disbursement_date&last_index=4082520261585005007&last_disbursement_date=2026-07-14,2026-09-12T21:05:06Z,325316
frames/PaymentsOfDividends_USD_CY2016.json,https://data.sec.gov/api/xbrl/frames/us-gaap/PaymentsOfDividends/USD/CY2016.json,2026-09-12T21:05:07Z,159354
fec/sb/_tmp_C00016683_2020_p014.json,https://api.open.fec.gov/v1/schedules/schedule_b/?committee_id=C00016683&two_year_transaction_period=2020&per_page=100&sort=disbursement_date&last_index=4071520201790831298&last_disbursement_date=2020-06-17,2026-09-12T21:05:08Z,523070
frames/PaymentsOfDividendsMinorityInterest_USD_CY2016.json,https://data.sec.gov/api/xbrl/frames/us-gaap/PaymentsOfDividendsMinorityInterest/USD/CY2016.json,2026-09-12T21:05:08Z,63145
fec/sb/_tmp_C00016683_2024_p011.json,https://api.open.fec.gov/v1/schedules/schedule_b/?committee_id=C00016683&two_year_transaction_period=2024&per_page=100&sort=disbursement_date&last_index=4091620242040789674&last_disbursement_date=2024-08-20,2026-09-12T21:05:08Z,467503
frames/PaymentsOfDividendsPreferredStockAndPreferenceStock_USD_CY2016.json,https://data.sec.gov/api/xbrl/frames/us-gaap/PaymentsOfDividendsPreferredStockAndPreferenceStock/USD/CY2016.json,2026-09-12T21:05:09Z,55963
frames/NetCashProvidedByUsedInOperatingActivities_USD_CY2016.json,https://data.sec.gov/api/xbrl/frames/us-gaap/NetCashProvidedByUsedInOperatingActivities/USD/CY2016.json,2026-09-12T21:05:09Z,903423
fec/sb/_tmp_C00016683_2022_p013.json,https://api.open.fec.gov/v1/schedules/schedule_b/?committee_id=C00016683&two_year_transaction_period=2022&per_page=100&sort=disbursement_date&last_index=4072120221543104168&last_disbursement_date=2022-06-21,2026-09-12T21:05:10Z,460221
fec/sb/_tmp_C00016683_2018_p014.json,https://api.open.fec.gov/v1/schedules/schedule_b/?committee_id=C00016683&two_year_transaction_period=2018&per_page=100&sort=disbursement_date&last_index=4012320181503013045&last_disbursement_date=2017-12-18,2026-09-12T21:05:11Z,452240
frames/NetCashProvidedByUsedInOperatingActivitiesContinuingOperations_USD_CY2016.json,https://data.sec.gov/api/xbrl/frames/us-gaap/NetCashProvidedByUsedInOperatingActivitiesContinuingOperations/USD/CY2016.json,2026-09-12T21:05:11Z,502454
frames/PaymentsForRepurchaseOfCommonStock_USD_CY2020.json,https://data.sec.gov/api/xbrl/frames/us-gaap/PaymentsForRepurchaseOfCommonStock/USD/CY2020.json,2026-09-12T21:05:12Z,376385
fec/sb/_tmp_C00016683_2016_p016.json,https://api.open.fec.gov/v1/schedules/schedule_b/?committee_id=C00016683&two_year_transaction_period=2016&per_page=100&sort=disbursement_date&last_index=4071420161306607456&last_disbursement_date=2016-06-23,2026-09-12T21:05:12Z,475012
frames/PaymentsForRepurchaseOfEquity_USD_CY2020.json,https://data.sec.gov/api/xbrl/frames/us-gaap/PaymentsForRepurchaseOfEquity/USD/CY2020.json,2026-09-12T21:05:13Z,24501
fec/sb/_tmp_C00017558_2016_p001.json,https://api.open.fec.gov/v1/schedules/schedule_b/?committee_id=C00017558&two_year_transaction_period=2016&per_page=100&sort=disbursement_date,2026-09-12T21:05:13Z,463217
frames/TreasuryStockValueAcquiredCostMethod_USD_CY2020.json,https://data.sec.gov/api/xbrl/frames/us-gaap/TreasuryStockValueAcquiredCostMethod/USD/CY2020.json,2026-09-12T21:05:13Z,134822
fec/sb/_tmp_C00016683_2020_p015.json,https://api.open.fec.gov/v1/schedules/schedule_b/?committee_id=C00016683&two_year_transaction_period=2020&per_page=100&sort=disbursement_date&last_index=4082920201831404424&last_disbursement_date=2020-07-21,2026-09-12T21:05:14Z,438360
frames/PaymentsOfDividendsCommonStock_USD_CY2020.json,https://data.sec.gov/api/xbrl/frames/us-gaap/PaymentsOfDividendsCommonStock/USD/CY2020.json,2026-09-12T21:05:14Z,193669
fec/sb/_tmp_C00016683_2024_p012.json,https://api.open.fec.gov/v1/schedules/schedule_b/?committee_id=C00016683&two_year_transaction_period=2024&per_page=100&sort=disbursement_date&last_index=4111420241068891988&last_disbursement_date=2024-09-23,2026-09-12T21:05:15Z,433720
frames/PaymentsOfDividends_USD_CY2020.json,https://data.sec.gov/api/xbrl/frames/us-gaap/PaymentsOfDividends/USD/CY2020.json,2026-09-12T21:05:15Z,145354
frames/PaymentsOfDividendsMinorityInterest_USD_CY2020.json,https://data.sec.gov/api/xbrl/frames/us-gaap/PaymentsOfDividendsMinorityInterest/USD/CY2020.json,2026-09-12T21:05:15Z,50453
fec/sb/_tmp_C00016683_2022_p014.json,https://api.open.fec.gov/v1/schedules/schedule_b/?committee_id=C00016683&two_year_transaction_period=2022&per_page=100&sort=disbursement_date&last_index=4081520221564830686&last_disbursement_date=2022-07-26,2026-09-12T21:05:16Z,451356
frames/PaymentsOfDividendsPreferredStockAndPreferenceStock_USD_CY2020.json,https://data.sec.gov/api/xbrl/frames/us-gaap/PaymentsOfDividendsPreferredStockAndPreferenceStock/USD/CY2020.json,2026-09-12T21:05:16Z,55117
frames/NetCashProvidedByUsedInOperatingActivities_USD_CY2020.json,https://data.sec.gov/api/xbrl/frames/us-gaap/NetCashProvidedByUsedInOperatingActivities/USD/CY2020.json,2026-09-12T21:05:17Z,1010954
fec/sb/_tmp_C00016683_2018_p015.json,https://api.open.fec.gov/v1/schedules/schedule_b/?committee_id=C00016683&two_year_transaction_period=2018&per_page=100&sort=disbursement_date&last_index=4073120181582228470&last_disbursement_date=2018-03-20,2026-09-12T21:05:17Z,490606
frames/NetCashProvidedByUsedInOperatingActivitiesContinuingOperations_USD_CY2020.json,https://data.sec.gov/api/xbrl/frames/us-gaap/NetCashProvidedByUsedInOperatingActivitiesContinuingOperations/USD/CY2020.json,2026-09-12T21:05:17Z,72087
fec/sb/_tmp_C00016683_2016_p017.json,https://api.open.fec.gov/v1/schedules/schedule_b/?committee_id=C00016683&two_year_transaction_period=2016&per_page=100&sort=disbursement_date&last_index=4081720161312307795&last_disbursement_date=2016-07-26,2026-09-12T21:05:18Z,403663
frames/PaymentsForRepurchaseOfCommonStock_USD_CY2025.json,https://data.sec.gov/api/xbrl/frames/us-gaap/PaymentsForRepurchaseOfCommonStock/USD/CY2025.json,2026-09-12T21:05:18Z,343464
fec/sb/_tmp_C00017558_2016_p002.json,https://api.open.fec.gov/v1/schedules/schedule_b/?committee_id=C00017558&two_year_transaction_period=2016&per_page=100&sort=disbursement_date&last_index=4120520161356647666&last_disbursement_date=2016-10-20,2026-09-12T21:05:19Z,31386
frames/PaymentsForRepurchaseOfEquity_USD_CY2025.json,https://data.sec.gov/api/xbrl/frames/us-gaap/PaymentsForRepurchaseOfEquity/USD/CY2025.json,2026-09-12T21:05:19Z,19906
frames/TreasuryStockValueAcquiredCostMethod_USD_CY2025.json,https://data.sec.gov/api/xbrl/frames/us-gaap/TreasuryStockValueAcquiredCostMethod/USD/CY2025.json,2026-09-12T21:05:20Z,127671
fec/sb/_tmp_C00016683_2020_p016.json,https://api.open.fec.gov/v1/schedules/schedule_b/?committee_id=C00016683&two_year_transaction_period=2020&per_page=100&sort=disbursement_date&last_index=4082920201831404564&last_disbursement_date=2020-07-27,2026-09-12T21:05:20Z,400370
frames/PaymentsOfDividendsCommonStock_USD_CY2025.json,https://data.sec.gov/api/xbrl/frames/us-gaap/PaymentsOfDividendsCommonStock/USD/CY2025.json,2026-09-12T21:05:21Z,167422
fec/sb/_tmp_C00016683_2024_p013.json,https://api.open.fec.gov/v1/schedules/schedule_b/?committee_id=C00016683&two_year_transaction_period=2024&per_page=100&sort=disbursement_date&last_index=4120420241074529404&last_disbursement_date=2024-10-15,2026-09-12T21:05:21Z,417910
frames/PaymentsOfDividends_USD_CY2025.json,https://data.sec.gov/api/xbrl/frames/us-gaap/PaymentsOfDividends/USD/CY2025.json,2026-09-12T21:05:21Z,133349
frames/PaymentsOfDividendsMinorityInterest_USD_CY2025.json,https://data.sec.gov/api/xbrl/frames/us-gaap/PaymentsOfDividendsMinorityInterest/USD/CY2025.json,2026-09-12T21:05:22Z,41268
fec/sb/_tmp_C00016683_2022_p015.json,https://api.open.fec.gov/v1/schedules/schedule_b/?committee_id=C00016683&two_year_transaction_period=2022&per_page=100&sort=disbursement_date&last_index=4091520221575576451&last_disbursement_date=2022-08-17,2026-09-12T21:05:22Z,395195
frames/PaymentsOfDividendsPreferredStockAndPreferenceStock_USD_CY2025.json,https://data.sec.gov/api/xbrl/frames/us-gaap/PaymentsOfDividendsPreferredStockAndPreferenceStock/USD/CY2025.json,2026-09-12T21:05:22Z,40667
frames/NetCashProvidedByUsedInOperatingActivities_USD_CY2025.json,https://data.sec.gov/api/xbrl/frames/us-gaap/NetCashProvidedByUsedInOperatingActivities/USD/CY2025.json,2026-09-12T21:05:23Z,883165
fec/sb/_tmp_C00016683_2018_p016.json,https://api.open.fec.gov/v1/schedules/schedule_b/?committee_id=C00016683&two_year_transaction_period=2018&per_page=100&sort=disbursement_date&last_index=4050920181546299058&last_disbursement_date=2018-04-17,2026-09-12T21:05:23Z,420942
frames/NetCashProvidedByUsedInOperatingActivitiesContinuingOperations_USD_CY2025.json,https://data.sec.gov/api/xbrl/frames/us-gaap/NetCashProvidedByUsedInOperatingActivitiesContinuingOperations/USD/CY2025.json,2026-09-12T21:05:23Z,49375
frames/PaymentsForRepurchaseOfCommonStock_USD_CY2019Q3.json,https://data.sec.gov/api/xbrl/frames/us-gaap/PaymentsForRepurchaseOfCommonStock/USD/CY2019Q3.json,2026-09-12T21:05:24Z,24525
fec/sb/_tmp_C00016683_2016_p018.json,https://api.open.fec.gov/v1/schedules/schedule_b/?committee_id=C00016683&two_year_transaction_period=2016&per_page=100&sort=disbursement_date&last_index=4081720161312307859&last_disbursement_date=2016-07-27,2026-09-12T21:05:24Z,427456
frames/PaymentsForRepurchaseOfEquity_USD_CY2019Q3.json,https://data.sec.gov/api/xbrl/frames/us-gaap/PaymentsForRepurchaseOfEquity/USD/CY2019Q3.json,2026-09-12T21:05:25Z,1411
frames/TreasuryStockValueAcquiredCostMethod_USD_CY2019Q3.json,https://data.sec.gov/api/xbrl/frames/us-gaap/TreasuryStockValueAcquiredCostMethod/USD/CY2019Q3.json,2026-09-12T21:05:25Z,90304
fec/sb/_tmp_C00017558_2018_p001.json,https://api.open.fec.gov/v1/schedules/schedule_b/?committee_id=C00017558&two_year_transaction_period=2018&per_page=100&sort=disbursement_date,2026-09-12T21:05:25Z,511402
frames/PaymentsOfDividendsCommonStock_USD_CY2019Q3.json,https://data.sec.gov/api/xbrl/frames/us-gaap/PaymentsOfDividendsCommonStock/USD/CY2019Q3.json,2026-09-12T21:05:26Z,16650
fec/sb/_tmp_C00016683_2020_p017.json,https://api.open.fec.gov/v1/schedules/schedule_b/?committee_id=C00016683&two_year_transaction_period=2020&per_page=100&sort=disbursement_date&last_index=4082920201831404546&last_disbursement_date=2020-07-29,2026-09-12T21:05:26Z,444575
frames/PaymentsOfDividends_USD_CY2019Q3.json,https://data.sec.gov/api/xbrl/frames/us-gaap/PaymentsOfDividends/USD/CY2019Q3.json,2026-09-12T21:05:27Z,12893
frames/PaymentsOfDividendsMinorityInterest_USD_CY2019Q3.json,https://data.sec.gov/api/xbrl/frames/us-gaap/PaymentsOfDividendsMinorityInterest/USD/CY2019Q3.json,2026-09-12T21:05:27Z,1963
fec/sb/_tmp_C00016683_2024_p014.json,https://api.open.fec.gov/v1/schedules/schedule_b/?committee_id=C00016683&two_year_transaction_period=2024&per_page=100&sort=disbursement_date&last_index=4021920251177536340&last_disbursement_date=2024-12-10,2026-09-12T21:05:27Z,186082
frames/PaymentsOfDividendsPreferredStockAndPreferenceStock_USD_CY2019Q3.json,https://data.sec.gov/api/xbrl/frames/us-gaap/PaymentsOfDividendsPreferredStockAndPreferenceStock/USD/CY2019Q3.json,2026-09-12T21:05:28Z,2710
frames/NetCashProvidedByUsedInOperatingActivities_USD_CY2019Q3.json,https://data.sec.gov/api/xbrl/frames/us-gaap/NetCashProvidedByUsedInOperatingActivities/USD/CY2019Q3.json,2026-09-12T21:05:28Z,76034
fec/sb/_tmp_C00016683_2022_p016.json,https://api.open.fec.gov/v1/schedules/schedule_b/?committee_id=C00016683&two_year_transaction_period=2022&per_page=100&sort=disbursement_date&last_index=4091520221575576552&last_disbursement_date=2022-08-17,2026-09-12T21:05:28Z,422042
frames/NetCashProvidedByUsedInOperatingActivitiesContinuingOperations_USD_CY2019Q3.json,https://data.sec.gov/api/xbrl/frames/us-gaap/NetCashProvidedByUsedInOperatingActivitiesContinuingOperations/USD/CY2019Q3.json,2026-09-12T21:05:29Z,6114
frames/PaymentsForRepurchaseOfCommonStock_USD_CY2023Q1.json,https://data.sec.gov/api/xbrl/frames/us-gaap/PaymentsForRepurchaseOfCommonStock/USD/CY2023Q1.json,2026-09-12T21:05:29Z,243578
fec/sb/_tmp_C00016683_2018_p017.json,https://api.open.fec.gov/v1/schedules/schedule_b/?committee_id=C00016683&two_year_transaction_period=2018&per_page=100&sort=disbursement_date&last_index=4061520181570756376&last_disbursement_date=2018-05-17,2026-09-12T21:05:30Z,484920
frames/PaymentsForRepurchaseOfEquity_USD_CY2023Q1.json,https://data.sec.gov/api/xbrl/frames/us-gaap/PaymentsForRepurchaseOfEquity/USD/CY2023Q1.json,2026-09-12T21:05:30Z,11217
fec/sb/_tmp_C00016683_2016_p019.json,https://api.open.fec.gov/v1/schedules/schedule_b/?committee_id=C00016683&two_year_transaction_period=2016&per_page=100&sort=disbursement_date&last_index=4091520161317125458&last_disbursement_date=2016-08-18,2026-09-12T21:05:30Z,468060
frames/TreasuryStockValueAcquiredCostMethod_USD_CY2023Q1.json,https://data.sec.gov/api/xbrl/frames/us-gaap/TreasuryStockValueAcquiredCostMethod/USD/CY2023Q1.json,2026-09-12T21:05:31Z,93911
frames/PaymentsOfDividendsCommonStock_USD_CY2023Q1.json,https://data.sec.gov/api/xbrl/frames/us-gaap/PaymentsOfDividendsCommonStock/USD/CY2023Q1.json,2026-09-12T21:05:31Z,143992
fec/sb/_tmp_C00017558_2018_p002.json,https://api.open.fec.gov/v1/schedules/schedule_b/?committee_id=C00017558&two_year_transaction_period=2018&per_page=100&sort=disbursement_date&last_index=4082920181590285335&last_disbursement_date=2018-06-11,2026-09-12T21:05:32Z,119826
frames/PaymentsOfDividends_USD_CY2023Q1.json,https://data.sec.gov/api/xbrl/frames/us-gaap/PaymentsOfDividends/USD/CY2023Q1.json,2026-09-12T21:05:32Z,102884
frames/PaymentsOfDividendsMinorityInterest_USD_CY2023Q1.json,https://data.sec.gov/api/xbrl/frames/us-gaap/PaymentsOfDividendsMinorityInterest/USD/CY2023Q1.json,2026-09-12T21:05:32Z,26380
fec/sb/_tmp_C00016683_2020_p018.json,https://api.open.fec.gov/v1/schedules/schedule_b/?committee_id=C00016683&two_year_transaction_period=2020&per_page=100&sort=disbursement_date&last_index=4091720201848898610&last_disbursement_date=2020-08-25,2026-09-12T21:05:33Z,513695
frames/PaymentsOfDividendsPreferredStockAndPreferenceStock_USD_CY2023Q1.json,https://data.sec.gov/api/xbrl/frames/us-gaap/PaymentsOfDividendsPreferredStockAndPreferenceStock/USD/CY2023Q1.json,2026-09-12T21:05:33Z,35787
fec/sb/_tmp_C00017558_2020_p001.json,https://api.open.fec.gov/v1/schedules/schedule_b/?committee_id=C00017558&two_year_transaction_period=2020&per_page=100&sort=disbursement_date,2026-09-12T21:05:34Z,523887
frames/NetCashProvidedByUsedInOperatingActivities_USD_CY2023Q1.json,https://data.sec.gov/api/xbrl/frames/us-gaap/NetCashProvidedByUsedInOperatingActivities/USD/CY2023Q1.json,2026-09-12T21:05:34Z,822518
frames/NetCashProvidedByUsedInOperatingActivitiesContinuingOperations_USD_CY2023Q1.json,https://data.sec.gov/api/xbrl/frames/us-gaap/NetCashProvidedByUsedInOperatingActivitiesContinuingOperations/USD/CY2023Q1.json,2026-09-12T21:05:34Z,33744
fec/sb/_tmp_C00016683_2022_p017.json,https://api.open.fec.gov/v1/schedules/schedule_b/?committee_id=C00016683&two_year_transaction_period=2022&per_page=100&sort=disbursement_date&last_index=4101420221588278700&last_disbursement_date=2022-09-20,2026-09-12T21:05:35Z,394651
fec/sb/_tmp_C00016683_2018_p018.json,https://api.open.fec.gov/v1/schedules/schedule_b/?committee_id=C00016683&two_year_transaction_period=2018&per_page=100&sort=disbursement_date&last_index=4061520181570756450&last_disbursement_date=2018-05-21,2026-09-12T21:05:36Z,474064
fec/sb/_tmp_C00016683_2016_p020.json,https://api.open.fec.gov/v1/schedules/schedule_b/?committee_id=C00016683&two_year_transaction_period=2016&per_page=100&sort=disbursement_date&last_index=4101320161343028640&last_disbursement_date=2016-09-15,2026-09-12T21:05:37Z,426920
fec/sb/_tmp_C00017558_2022_p001.json,https://api.open.fec.gov/v1/schedules/schedule_b/?committee_id=C00017558&two_year_transaction_period=2022&per_page=100&sort=disbursement_date,2026-09-12T21:05:38Z,539280
fec/sb/_tmp_C00016683_2020_p019.json,https://api.open.fec.gov/v1/schedules/schedule_b/?committee_id=C00016683&two_year_transaction_period=2020&per_page=100&sort=disbursement_date&last_index=4101620201858318308&last_disbursement_date=2020-09-30,2026-09-12T21:05:39Z,416911
fec/sb/_tmp_C00017558_2020_p002.json,https://api.open.fec.gov/v1/schedules/schedule_b/?committee_id=C00017558&two_year_transaction_period=2020&per_page=100&sort=disbursement_date&last_index=4102320201883362362&last_disbursement_date=2020-08-27,2026-09-12T21:05:40Z,102782
fec/sb/_tmp_C00016683_2022_p018.json,https://api.open.fec.gov/v1/schedules/schedule_b/?committee_id=C00016683&two_year_transaction_period=2022&per_page=100&sort=disbursement_date&last_index=4101420221588278763&last_disbursement_date=2022-09-21,2026-09-12T21:05:41Z,405434
fec/sb/_tmp_C00016683_2018_p019.json,https://api.open.fec.gov/v1/schedules/schedule_b/?committee_id=C00016683&two_year_transaction_period=2018&per_page=100&sort=disbursement_date&last_index=4071820181576272127&last_disbursement_date=2018-06-21,2026-09-12T21:05:42Z,403133
fec/sb/_tmp_C00016683_2016_p021.json,https://api.open.fec.gov/v1/schedules/schedule_b/?committee_id=C00016683&two_year_transaction_period=2016&per_page=100&sort=disbursement_date&last_index=4101320161343028353&last_disbursement_date=2016-09-27,2026-09-12T21:05:43Z,500750
fec/sb/_tmp_C00017558_2022_p002.json,https://api.open.fec.gov/v1/schedules/schedule_b/?committee_id=C00017558&two_year_transaction_period=2022&per_page=100&sort=disbursement_date&last_index=4052520221493580593&last_disbursement_date=2022-04-06,2026-09-12T21:05:44Z,379194
fec/sb/_tmp_C00016683_2020_p020.json,https://api.open.fec.gov/v1/schedules/schedule_b/?committee_id=C00016683&two_year_transaction_period=2020&per_page=100&sort=disbursement_date&last_index=4121320201973936076&last_disbursement_date=2020-10-26,2026-09-12T21:05:46Z,288136
fec/sb/_tmp_C00017558_2024_p001.json,https://api.open.fec.gov/v1/schedules/schedule_b/?committee_id=C00017558&two_year_transaction_period=2024&per_page=100&sort=disbursement_date,2026-09-12T21:05:47Z,551462
fec/sb/_tmp_C00016683_2022_p019.json,https://api.open.fec.gov/v1/schedules/schedule_b/?committee_id=C00016683&two_year_transaction_period=2022&per_page=100&sort=disbursement_date&last_index=4112220221630612423&last_disbursement_date=2022-10-11,2026-09-12T21:05:47Z,461627
fec/sb/_tmp_C00016683_2018_p020.json,https://api.open.fec.gov/v1/schedules/schedule_b/?committee_id=C00016683&two_year_transaction_period=2018&per_page=100&sort=disbursement_date&last_index=4071820181576272071&last_disbursement_date=2018-06-27,2026-09-12T21:05:48Z,495670
fec/sb/_tmp_C00016683_2016_p022.json,https://api.open.fec.gov/v1/schedules/schedule_b/?committee_id=C00016683&two_year_transaction_period=2016&per_page=100&sort=disbursement_date&last_index=4112620161351698672&last_disbursement_date=2016-10-06,2026-09-12T21:05:50Z,457355
fec/sb/_tmp_C00017558_2026_p001.json,https://api.open.fec.gov/v1/schedules/schedule_b/?committee_id=C00017558&two_year_transaction_period=2026&per_page=100&sort=disbursement_date,2026-09-12T21:05:51Z,522204
fec/sb/_tmp_C00019653_2016_p001.json,https://api.open.fec.gov/v1/schedules/schedule_b/?committee_id=C00019653&two_year_transaction_period=2016&per_page=100&sort=disbursement_date,2026-09-12T21:05:52Z,560292
fec/sb/_tmp_C00017558_2024_p002.json,https://api.open.fec.gov/v1/schedules/schedule_b/?committee_id=C00017558&two_year_transaction_period=2024&per_page=100&sort=disbursement_date&last_index=4081220242011775442&last_disbursement_date=2024-06-18,2026-09-12T21:05:53Z,254630
fec/sb/_tmp_C00016683_2022_p020.json,https://api.open.fec.gov/v1/schedules/schedule_b/?committee_id=C00016683&two_year_transaction_period=2022&per_page=100&sort=disbursement_date&last_index=4120820221633732458&last_disbursement_date=2022-11-21,2026-09-12T21:05:54Z,180936
fec/sb/_tmp_C00016683_2018_p021.json,https://api.open.fec.gov/v1/schedules/schedule_b/?committee_id=C00016683&two_year_transaction_period=2018&per_page=100&sort=disbursement_date&last_index=4081420181583816089&last_disbursement_date=2018-07-25,2026-09-12T21:05:55Z,403194
fec/sb/_tmp_C00016683_2016_p023.json,https://api.open.fec.gov/v1/schedules/schedule_b/?committee_id=C00016683&two_year_transaction_period=2016&per_page=100&sort=disbursement_date&last_index=4112620161351698489&last_disbursement_date=2016-10-17,2026-09-12T21:05:56Z,347305
fec/sb/_tmp_C00019653_2018_p001.json,https://api.open.fec.gov/v1/schedules/schedule_b/?committee_id=C00019653&two_year_transaction_period=2018&per_page=100&sort=disbursement_date,2026-09-12T21:05:57Z,558418
fec/sb/_tmp_C00019653_2016_p002.json,https://api.open.fec.gov/v1/schedules/schedule_b/?committee_id=C00019653&two_year_transaction_period=2016&per_page=100&sort=disbursement_date&last_index=4052320161293086669&last_disbursement_date=2016-04-26,2026-09-12T21:06:13Z,336143
fec/sb/_tmp_C00019653_2020_p001.json,https://api.open.fec.gov/v1/schedules/schedule_b/?committee_id=C00019653&two_year_transaction_period=2020&per_page=100&sort=disbursement_date,2026-09-12T21:06:14Z,561245
fec/sb/_tmp_C00019653_2022_p001.json,https://api.open.fec.gov/v1/schedules/schedule_b/?committee_id=C00019653&two_year_transaction_period=2022&per_page=100&sort=disbursement_date,2026-09-12T21:06:14Z,561229
fec/sb/_tmp_C00016683_2018_p022.json,https://api.open.fec.gov/v1/schedules/schedule_b/?committee_id=C00016683&two_year_transaction_period=2018&per_page=100&sort=disbursement_date&last_index=4081420181583816235&last_disbursement_date=2018-07-26,2026-09-12T21:06:14Z,404402
fec/sb/_tmp_C00019653_2024_p001.json,https://api.open.fec.gov/v1/schedules/schedule_b/?committee_id=C00019653&two_year_transaction_period=2024&per_page=100&sort=disbursement_date,2026-09-12T21:06:14Z,556397
fec/sb/_tmp_C00019653_2018_p002.json,https://api.open.fec.gov/v1/schedules/schedule_b/?committee_id=C00019653&two_year_transaction_period=2018&per_page=100&sort=disbursement_date&last_index=4112020171465720649&last_disbursement_date=2017-10-02,2026-09-12T21:06:14Z,560654
fec/sb/_tmp_C00019653_2026_p001.json,https://api.open.fec.gov/v1/schedules/schedule_b/?committee_id=C00019653&two_year_transaction_period=2026&per_page=100&sort=disbursement_date,2026-09-12T21:06:17Z,555679
fec/sb/_tmp_C00019653_2022_p002.json,https://api.open.fec.gov/v1/schedules/schedule_b/?committee_id=C00019653&two_year_transaction_period=2022&per_page=100&sort=disbursement_date&last_index=4050320221474219152&last_disbursement_date=2022-03-04,2026-09-12T21:06:17Z,559186
fec/sb/_tmp_C00016683_2018_p023.json,https://api.open.fec.gov/v1/schedules/schedule_b/?committee_id=C00016683&two_year_transaction_period=2018&per_page=100&sort=disbursement_date&last_index=4091720181591046955&last_disbursement_date=2018-08-16,2026-09-12T21:06:17Z,458738
fec/sb/_tmp_C00019653_2020_p002.json,https://api.open.fec.gov/v1/schedules/schedule_b/?committee_id=C00019653&two_year_transaction_period=2020&per_page=100&sort=disbursement_date&last_index=4092220191673408080&last_disbursement_date=2019-08-05,2026-09-12T21:06:17Z,560637
fec/sb/_tmp_C00019653_2024_p002.json,https://api.open.fec.gov/v1/schedules/schedule_b/?committee_id=C00019653&two_year_transaction_period=2024&per_page=100&sort=disbursement_date&last_index=4102620231807441787&last_disbursement_date=2023-09-19,2026-09-12T21:06:18Z,554025
fec/sb/_tmp_C00019653_2018_p003.json,https://api.open.fec.gov/v1/schedules/schedule_b/?committee_id=C00019653&two_year_transaction_period=2018&per_page=100&sort=disbursement_date&last_index=4062020181570872152&last_disbursement_date=2018-05-15,2026-09-12T21:06:19Z,252134
frames/PaymentsForRepurchaseOfCommonStock_USD_CY2023Q2.json,https://data.sec.gov/api/xbrl/frames/us-gaap/PaymentsForRepurchaseOfCommonStock/USD/CY2023Q2.json,2026-09-12T21:06:20Z,20064
fec/sb/_tmp_C00019653_2026_p002.json,https://api.open.fec.gov/v1/schedules/schedule_b/?committee_id=C00019653&two_year_transaction_period=2026&per_page=100&sort=disbursement_date&last_index=4091620251291265728&last_disbursement_date=2025-08-11,2026-09-12T21:06:20Z,555244
frames/PaymentsForRepurchaseOfEquity_USD_CY2023Q2.json,https://data.sec.gov/api/xbrl/frames/us-gaap/PaymentsForRepurchaseOfEquity/USD/CY2023Q2.json,2026-09-12T21:06:21Z,1718
fec/sb/_tmp_C00019653_2022_p003.json,https://api.open.fec.gov/v1/schedules/schedule_b/?committee_id=C00019653&two_year_transaction_period=2022&per_page=100&sort=disbursement_date&last_index=4011520231698280670&last_disbursement_date=2022-10-28,2026-09-12T21:06:21Z,129
frames/TreasuryStockValueAcquiredCostMethod_USD_CY2023Q2.json,https://data.sec.gov/api/xbrl/frames/us-gaap/TreasuryStockValueAcquiredCostMethod/USD/CY2023Q2.json,2026-09-12T21:06:22Z,89256
fec/sb/_tmp_C00016683_2018_p024.json,https://api.open.fec.gov/v1/schedules/schedule_b/?committee_id=C00016683&two_year_transaction_period=2018&per_page=100&sort=disbursement_date&last_index=4100920181599035385&last_disbursement_date=2018-09-11,2026-09-12T21:06:22Z,489125
frames/PaymentsOfDividendsCommonStock_USD_CY2023Q2.json,https://data.sec.gov/api/xbrl/frames/us-gaap/PaymentsOfDividendsCommonStock/USD/CY2023Q2.json,2026-09-12T21:06:23Z,14752
fec/sb/_tmp_C00019653_2020_p003.json,https://api.open.fec.gov/v1/schedules/schedule_b/?committee_id=C00019653&two_year_transaction_period=2020&per_page=100&sort=disbursement_date&last_index=4120220201963110712&last_disbursement_date=2020-09-29,2026-09-12T21:06:23Z,84381
frames/PaymentsOfDividends_USD_CY2023Q2.json,https://data.sec.gov/api/xbrl/frames/us-gaap/PaymentsOfDividends/USD/CY2023Q2.json,2026-09-12T21:06:23Z,13186
frames/PaymentsOfDividendsMinorityInterest_USD_CY2023Q2.json,https://data.sec.gov/api/xbrl/frames/us-gaap/PaymentsOfDividendsMinorityInterest/USD/CY2023Q2.json,2026-09-12T21:06:24Z,1355
fec/sb/_tmp_C00019653_2024_p003.json,https://api.open.fec.gov/v1/schedules/schedule_b/?committee_id=C00019653&two_year_transaction_period=2024&per_page=100&sort=disbursement_date&last_index=4091920242041079282&last_disbursement_date=2024-08-07,2026-09-12T21:06:25Z,420369
fec/sb/_tmp_C00024869_2016_p001.json,https://api.open.fec.gov/v1/schedules/schedule_b/?committee_id=C00024869&two_year_transaction_period=2016&per_page=100&sort=disbursement_date,2026-09-12T21:06:25Z,550680
frames/PaymentsOfDividendsPreferredStockAndPreferenceStock_USD_CY2023Q2.json,https://data.sec.gov/api/xbrl/frames/us-gaap/PaymentsOfDividendsPreferredStockAndPreferenceStock/USD/CY2023Q2.json,2026-09-12T21:06:25Z,3320
frames/NetCashProvidedByUsedInOperatingActivities_USD_CY2023Q2.json,https://data.sec.gov/api/xbrl/frames/us-gaap/NetCashProvidedByUsedInOperatingActivities/USD/CY2023Q2.json,2026-09-12T21:06:26Z,60075
fec/sb/_tmp_C00019653_2026_p003.json,https://api.open.fec.gov/v1/schedules/schedule_b/?committee_id=C00019653&two_year_transaction_period=2026&per_page=100&sort=disbursement_date&last_index=4051520261510470453&last_disbursement_date=2026-04-06,2026-09-12T21:06:26Z,404014
frames/NetCashProvidedByUsedInOperatingActivitiesContinuingOperations_USD_CY2023Q2.json,https://data.sec.gov/api/xbrl/frames/us-gaap/NetCashProvidedByUsedInOperatingActivitiesContinuingOperations/USD/CY2023Q2.json,2026-09-12T21:06:27Z,3056
fec/sb/_tmp_C00024869_2018_p001.json,https://api.open.fec.gov/v1/schedules/schedule_b/?committee_id=C00024869&two_year_transaction_period=2018&per_page=100&sort=disbursement_date,2026-09-12T21:06:28Z,566614
frames/PaymentsForRepurchaseOfCommonStock_USD_CY2023Q3.json,https://data.sec.gov/api/xbrl/frames/us-gaap/PaymentsForRepurchaseOfCommonStock/USD/CY2023Q3.json,2026-09-12T21:06:28Z,24167
fec/sb/_tmp_C00016683_2018_p025.json,https://api.open.fec.gov/v1/schedules/schedule_b/?committee_id=C00016683&two_year_transaction_period=2018&per_page=100&sort=disbursement_date&last_index=4100920181599035373&last_disbursement_date=2018-09-20,2026-09-12T21:06:29Z,486051
frames/PaymentsForRepurchaseOfEquity_USD_CY2023Q3.json,https://data.sec.gov/api/xbrl/frames/us-gaap/PaymentsForRepurchaseOfEquity/USD/CY2023Q3.json,2026-09-12T21:06:29Z,834
fec/sb/_tmp_C00024869_2020_p001.json,https://api.open.fec.gov/v1/schedules/schedule_b/?committee_id=C00024869&two_year_transaction_period=2020&per_page=100&sort=disbursement_date,2026-09-12T21:06:30Z,562539
frames/TreasuryStockValueAcquiredCostMethod_USD_CY2023Q3.json,https://data.sec.gov/api/xbrl/frames/us-gaap/TreasuryStockValueAcquiredCostMethod/USD/CY2023Q3.json,2026-09-12T21:06:30Z,83898
fec/sb/_tmp_C00024869_2022_p001.json,https://api.open.fec.gov/v1/schedules/schedule_b/?committee_id=C00024869&two_year_transaction_period=2022&per_page=100&sort=disbursement_date,2026-09-12T21:06:31Z,550501
fec/sb/_tmp_C00024869_2016_p002.json,https://api.open.fec.gov/v1/schedules/schedule_b/?committee_id=C00024869&two_year_transaction_period=2016&per_page=100&sort=disbursement_date&last_index=4032320151240924716&last_disbursement_date=2015-02-05,2026-09-12T21:06:32Z,550108
frames/PaymentsOfDividendsCommonStock_USD_CY2023Q3.json,https://data.sec.gov/api/xbrl/frames/us-gaap/PaymentsOfDividendsCommonStock/USD/CY2023Q3.json,2026-09-12T21:06:32Z,15498
frames/PaymentsOfDividends_USD_CY2023Q3.json,https://data.sec.gov/api/xbrl/frames/us-gaap/PaymentsOfDividends/USD/CY2023Q3.json,2026-09-12T21:06:33Z,15167
fec/sb/_tmp_C00024869_2024_p001.json,https://api.open.fec.gov/v1/schedules/schedule_b/?committee_id=C00024869&two_year_transaction_period=2024&per_page=100&sort=disbursement_date,2026-09-12T21:06:33Z,548929
frames/PaymentsOfDividendsMinorityInterest_USD_CY2023Q3.json,https://data.sec.gov/api/xbrl/frames/us-gaap/PaymentsOfDividendsMinorityInterest/USD/CY2023Q3.json,2026-09-12T21:06:33Z,1856
frames/PaymentsOfDividendsPreferredStockAndPreferenceStock_USD_CY2023Q3.json,https://data.sec.gov/api/xbrl/frames/us-gaap/PaymentsOfDividendsPreferredStockAndPreferenceStock/USD/CY2023Q3.json,2026-09-12T21:06:34Z,2269
fec/sb/_tmp_C00024869_2018_p002.json,https://api.open.fec.gov/v1/schedules/schedule_b/?committee_id=C00024869&two_year_transaction_period=2018&per_page=100&sort=disbursement_date&last_index=4030820171378985630&last_disbursement_date=2017-02-15,2026-09-12T21:06:34Z,553144
frames/NetCashProvidedByUsedInOperatingActivities_USD_CY2023Q3.json,https://data.sec.gov/api/xbrl/frames/us-gaap/NetCashProvidedByUsedInOperatingActivities/USD/CY2023Q3.json,2026-09-12T21:06:35Z,70698
fec/sb/_tmp_C00016683_2018_p026.json,https://api.open.fec.gov/v1/schedules/schedule_b/?committee_id=C00016683&two_year_transaction_period=2018&per_page=100&sort=disbursement_date&last_index=4120420181620345844&last_disbursement_date=2018-11-16,2026-09-12T21:06:35Z,442353
frames/NetCashProvidedByUsedInOperatingActivitiesContinuingOperations_USD_CY2023Q3.json,https://data.sec.gov/api/xbrl/frames/us-gaap/NetCashProvidedByUsedInOperatingActivitiesContinuingOperations/USD/CY2023Q3.json,2026-09-12T21:06:35Z,3311
frames/PaymentsForRepurchaseOfCommonStock_USD_CY2023Q4.json,https://data.sec.gov/api/xbrl/frames/us-gaap/PaymentsForRepurchaseOfCommonStock/USD/CY2023Q4.json,2026-09-12T21:06:36Z,20357
fec/sb/_tmp_C00024869_2020_p002.json,https://api.open.fec.gov/v1/schedules/schedule_b/?committee_id=C00024869&two_year_transaction_period=2020&per_page=100&sort=disbursement_date&last_index=4052120191657145758&last_disbursement_date=2019-02-22,2026-09-12T21:06:36Z,564255
frames/PaymentsForRepurchaseOfEquity_USD_CY2023Q4.json,https://data.sec.gov/api/xbrl/frames/us-gaap/PaymentsForRepurchaseOfEquity/USD/CY2023Q4.json,2026-09-12T21:06:37Z,1260
fec/sb/_tmp_C00024869_2022_p002.json,https://api.open.fec.gov/v1/schedules/schedule_b/?committee_id=C00024869&two_year_transaction_period=2022&per_page=100&sort=disbursement_date&last_index=4080520211324824481&last_disbursement_date=2021-04-14,2026-09-12T21:06:37Z,554576
frames/TreasuryStockValueAcquiredCostMethod_USD_CY2023Q4.json,https://data.sec.gov/api/xbrl/frames/us-gaap/TreasuryStockValueAcquiredCostMethod/USD/CY2023Q4.json,2026-09-12T21:06:37Z,20819
fec/sb/_tmp_C00024869_2016_p003.json,https://api.open.fec.gov/v1/schedules/schedule_b/?committee_id=C00024869&two_year_transaction_period=2016&per_page=100&sort=disbursement_date&last_index=4042220151242184370&last_disbursement_date=2015-03-12,2026-09-12T21:06:38Z,557048
frames/PaymentsOfDividendsCommonStock_USD_CY2023Q4.json,https://data.sec.gov/api/xbrl/frames/us-gaap/PaymentsOfDividendsCommonStock/USD/CY2023Q4.json,2026-09-12T21:06:39Z,15579
fec/sb/_tmp_C00024869_2024_p002.json,https://api.open.fec.gov/v1/schedules/schedule_b/?committee_id=C00024869&two_year_transaction_period=2024&per_page=100&sort=disbursement_date&last_index=4012520241816504036&last_disbursement_date=2023-08-15,2026-09-12T21:06:39Z,551839
frames/PaymentsOfDividends_USD_CY2023Q4.json,https://data.sec.gov/api/xbrl/frames/us-gaap/PaymentsOfDividends/USD/CY2023Q4.json,2026-09-12T21:06:40Z,9681
fec/sb/_tmp_C00024869_2018_p003.json,https://api.open.fec.gov/v1/schedules/schedule_b/?committee_id=C00024869&two_year_transaction_period=2018&per_page=100&sort=disbursement_date&last_index=4041220171398513317&last_disbursement_date=2017-03-14,2026-09-12T21:06:41Z,562892
fec/sb/_tmp_C00024869_2026_p001.json,https://api.open.fec.gov/v1/schedules/schedule_b/?committee_id=C00024869&two_year_transaction_period=2026&per_page=100&sort=disbursement_date,2026-09-12T21:06:41Z,552457
frames/PaymentsOfDividendsMinorityInterest_USD_CY2023Q4.json,https://data.sec.gov/api/xbrl/frames/us-gaap/PaymentsOfDividendsMinorityInterest/USD/CY2023Q4.json,2026-09-12T21:06:42Z,2539
frames/PaymentsOfDividendsPreferredStockAndPreferenceStock_USD_CY2023Q4.json,https://data.sec.gov/api/xbrl/frames/us-gaap/PaymentsOfDividendsPreferredStockAndPreferenceStock/USD/CY2023Q4.json,2026-09-12T21:06:42Z,2087
fec/sb/_tmp_C00024869_2020_p003.json,https://api.open.fec.gov/v1/schedules/schedule_b/?committee_id=C00024869&two_year_transaction_period=2020&per_page=100&sort=disbursement_date&last_index=4052020191657113486&last_disbursement_date=2019-04-25,2026-09-12T21:06:42Z,561848
frames/NetCashProvidedByUsedInOperatingActivities_USD_CY2023Q4.json,https://data.sec.gov/api/xbrl/frames/us-gaap/NetCashProvidedByUsedInOperatingActivities/USD/CY2023Q4.json,2026-09-12T21:06:43Z,58922
frames/NetCashProvidedByUsedInOperatingActivitiesContinuingOperations_USD_CY2023Q4.json,https://data.sec.gov/api/xbrl/frames/us-gaap/NetCashProvidedByUsedInOperatingActivitiesContinuingOperations/USD/CY2023Q4.json,2026-09-12T21:06:43Z,3626
fec/sb/_tmp_C00024869_2022_p003.json,https://api.open.fec.gov/v1/schedules/schedule_b/?committee_id=C00024869&two_year_transaction_period=2022&per_page=100&sort=disbursement_date&last_index=4080520211324824454&last_disbursement_date=2021-06-24,2026-09-12T21:06:44Z,547085
fec/sb/_tmp_C00024869_2016_p004.json,https://api.open.fec.gov/v1/schedules/schedule_b/?committee_id=C00024869&two_year_transaction_period=2016&per_page=100&sort=disbursement_date&last_index=4042220151242184428&last_disbursement_date=2015-03-26,2026-09-12T21:06:44Z,547127
fec/sb/_tmp_C00024869_2024_p003.json,https://api.open.fec.gov/v1/schedules/schedule_b/?committee_id=C00024869&two_year_transaction_period=2024&per_page=100&sort=disbursement_date&last_index=4060720241960342692&last_disbursement_date=2024-05-29,2026-09-12T21:06:45Z,429285
fec/sb/_tmp_C00024869_2018_p004.json,https://api.open.fec.gov/v1/schedules/schedule_b/?committee_id=C00024869&two_year_transaction_period=2018&per_page=100&sort=disbursement_date&last_index=4041220171398513341&last_disbursement_date=2017-03-30,2026-09-12T21:06:47Z,542779
fec/sb/_tmp_C00024869_2026_p002.json,https://api.open.fec.gov/v1/schedules/schedule_b/?committee_id=C00024869&two_year_transaction_period=2026&per_page=100&sort=disbursement_date&last_index=4013020261304416417&last_disbursement_date=2025-07-09,2026-09-12T21:06:48Z,549761
fec/sb/_tmp_C00024869_2020_p004.json,https://api.open.fec.gov/v1/schedules/schedule_b/?committee_id=C00024869&two_year_transaction_period=2020&per_page=100&sort=disbursement_date&last_index=4072620191661369330&last_disbursement_date=2019-06-13,2026-09-12T21:06:49Z,563688
fec/sb/_tmp_C00024869_2022_p004.json,https://api.open.fec.gov/v1/schedules/schedule_b/?committee_id=C00024869&two_year_transaction_period=2022&per_page=100&sort=disbursement_date&last_index=4012020221388927351&last_disbursement_date=2021-09-28,2026-09-12T21:06:50Z,544813
fec/sb/_tmp_C00024869_2016_p005.json,https://api.open.fec.gov/v1/schedules/schedule_b/?committee_id=C00024869&two_year_transaction_period=2016&per_page=100&sort=disbursement_date&last_index=4061820151245788613&last_disbursement_date=2015-05-01,2026-09-12T21:06:51Z,549241
fec/sb/_tmp_C00024935_2016_p001.json,https://api.open.fec.gov/v1/schedules/schedule_b/?committee_id=C00024935&two_year_transaction_period=2016&per_page=100&sort=disbursement_date,2026-09-12T21:06:52Z,122247
fec/sb/_tmp_C00024869_2018_p005.json,https://api.open.fec.gov/v1/schedules/schedule_b/?committee_id=C00024869&two_year_transaction_period=2018&per_page=100&sort=disbursement_date&last_index=4060720171409483567&last_disbursement_date=2017-05-15,2026-09-12T21:06:53Z,557481
fec/sb/_tmp_C00024869_2026_p003.json,https://api.open.fec.gov/v1/schedules/schedule_b/?committee_id=C00024869&two_year_transaction_period=2026&per_page=100&sort=disbursement_date&last_index=4062620261522912664&last_disbursement_date=2026-03-25,2026-09-12T21:06:54Z,338669
fec/sb/_tmp_C00024869_2020_p005.json,https://api.open.fec.gov/v1/schedules/schedule_b/?committee_id=C00024869&two_year_transaction_period=2020&per_page=100&sort=disbursement_date&last_index=4091720191672716907&last_disbursement_date=2019-08-01,2026-09-12T21:06:57Z,560501
fec/sb/_tmp_C00024935_2018_p001.json,https://api.open.fec.gov/v1/schedules/schedule_b/?committee_id=C00024935&two_year_transaction_period=2018&per_page=100&sort=disbursement_date,2026-09-12T21:06:58Z,165230
fec/sb/_tmp_C00024869_2016_p006.json,https://api.open.fec.gov/v1/schedules/schedule_b/?committee_id=C00024869&two_year_transaction_period=2016&per_page=100&sort=disbursement_date&last_index=4071420151247028494&last_disbursement_date=2015-06-08,2026-09-12T21:06:58Z,544663
fec/sb/_tmp_C00024869_2022_p005.json,https://api.open.fec.gov/v1/schedules/schedule_b/?committee_id=C00024869&two_year_transaction_period=2022&per_page=100&sort=disbursement_date&last_index=4031420221460685469&last_disbursement_date=2022-02-08,2026-09-12T21:06:58Z,545795
fec/sb/_tmp_C00024869_2018_p006.json,https://api.open.fec.gov/v1/schedules/schedule_b/?committee_id=C00024869&two_year_transaction_period=2018&per_page=100&sort=disbursement_date&last_index=4070720171418724670&last_disbursement_date=2017-06-23,2026-09-12T21:06:59Z,545470
fec/sb/_tmp_C00024935_2020_p001.json,https://api.open.fec.gov/v1/schedules/schedule_b/?committee_id=C00024935&two_year_transaction_period=2020&per_page=100&sort=disbursement_date,2026-09-12T21:07:01Z,57136
fec/sb/_tmp_C00024869_2020_p006.json,https://api.open.fec.gov/v1/schedules/schedule_b/?committee_id=C00024869&two_year_transaction_period=2020&per_page=100&sort=disbursement_date&last_index=4102420191675327285&last_disbursement_date=2019-09-24,2026-09-12T21:07:02Z,564326
fec/sb/_tmp_C00024935_2022_p001.json,https://api.open.fec.gov/v1/schedules/schedule_b/?committee_id=C00024935&two_year_transaction_period=2022&per_page=100&sort=disbursement_date,2026-09-12T21:07:02Z,15608
fec/sb/_tmp_C00024869_2022_p006.json,https://api.open.fec.gov/v1/schedules/schedule_b/?committee_id=C00024869&two_year_transaction_period=2022&per_page=100&sort=disbursement_date&last_index=4061720221530345044&last_disbursement_date=2022-05-24,2026-09-12T21:07:05Z,545252
fec/sb/_tmp_C00024869_2016_p007.json,https://api.open.fec.gov/v1/schedules/schedule_b/?committee_id=C00024869&two_year_transaction_period=2016&per_page=100&sort=disbursement_date&last_index=4081920151249316109&last_disbursement_date=2015-07-08,2026-09-12T21:07:06Z,561665
fec/sb/_tmp_C00024869_2018_p007.json,https://api.open.fec.gov/v1/schedules/schedule_b/?committee_id=C00024869&two_year_transaction_period=2018&per_page=100&sort=disbursement_date&last_index=4081020171446356115&last_disbursement_date=2017-07-20,2026-09-12T21:07:06Z,557542
fec/sb/_tmp_C00024935_2024_p001.json,https://api.open.fec.gov/v1/schedules/schedule_b/?committee_id=C00024935&two_year_transaction_period=2024&per_page=100&sort=disbursement_date,2026-09-12T21:07:06Z,109892
fec/sb/_tmp_C00024869_2020_p007.json,https://api.open.fec.gov/v1/schedules/schedule_b/?committee_id=C00024869&two_year_transaction_period=2020&per_page=100&sort=disbursement_date&last_index=4121620191681552925&last_disbursement_date=2019-11-26,2026-09-12T21:07:09Z,560112
fec/sb/_tmp_C00024869_2022_p007.json,https://api.open.fec.gov/v1/schedules/schedule_b/?committee_id=C00024869&two_year_transaction_period=2022&per_page=100&sort=disbursement_date&last_index=4111720221630210779&last_disbursement_date=2022-09-23,2026-09-12T21:07:10Z,265546
fec/sb/_tmp_C00024869_2016_p008.json,https://api.open.fec.gov/v1/schedules/schedule_b/?committee_id=C00024869&two_year_transaction_period=2016&per_page=100&sort=disbursement_date&last_index=4081920151249316176&last_disbursement_date=2015-07-29,2026-09-12T21:07:15Z,545831
fec/sb/_tmp_C00024869_2020_p008.json,https://api.open.fec.gov/v1/schedules/schedule_b/?committee_id=C00024869&two_year_transaction_period=2020&per_page=100&sort=disbursement_date&last_index=4022820201699985627&last_disbursement_date=2020-01-27,2026-09-12T21:07:18Z,561836
fec/sb/_tmp_C00033589_2018_p001.json,https://api.open.fec.gov/v1/schedules/schedule_b/?committee_id=C00033589&two_year_transaction_period=2018&per_page=100&sort=disbursement_date,2026-09-12T21:07:18Z,562963
fec/sb/_tmp_C00033589_2016_p001.json,https://api.open.fec.gov/v1/schedules/schedule_b/?committee_id=C00033589&two_year_transaction_period=2016&per_page=100&sort=disbursement_date,2026-09-12T21:07:18Z,547717
fec/sb/_tmp_C00024869_2016_p009.json,https://api.open.fec.gov/v1/schedules/schedule_b/?committee_id=C00024869&two_year_transaction_period=2016&per_page=100&sort=disbursement_date&last_index=4012020161260761608&last_disbursement_date=2015-09-16,2026-09-12T21:07:18Z,549018
fec/sb/_tmp_C00024935_2026_p001.json,https://api.open.fec.gov/v1/schedules/schedule_b/?committee_id=C00024935&two_year_transaction_period=2026&per_page=100&sort=disbursement_date,2026-09-12T21:07:18Z,66312
fec/sb/_tmp_C00033589_2018_p002.json,https://api.open.fec.gov/v1/schedules/schedule_b/?committee_id=C00033589&two_year_transaction_period=2018&per_page=100&sort=disbursement_date&last_index=4111720171464101853&last_disbursement_date=2017-10-27,2026-09-12T21:07:21Z,555322
fec/sb/_tmp_C00024869_2018_p008.json,https://api.open.fec.gov/v1/schedules/schedule_b/?committee_id=C00024869&two_year_transaction_period=2018&per_page=100&sort=disbursement_date&last_index=4101720171458410409&last_disbursement_date=2017-09-08,2026-09-12T21:07:21Z,560579
fec/sb/_tmp_C00033589_2016_p002.json,https://api.open.fec.gov/v1/schedules/schedule_b/?committee_id=C00033589&two_year_transaction_period=2016&per_page=100&sort=disbursement_date&last_index=4102220151256471856&last_disbursement_date=2015-09-30,2026-09-12T21:07:21Z,557508
fec/sb/_tmp_C00024869_2016_p010.json,https://api.open.fec.gov/v1/schedules/schedule_b/?committee_id=C00024869&two_year_transaction_period=2016&per_page=100&sort=disbursement_date&last_index=4012020161260761800&last_disbursement_date=2015-10-12,2026-09-12T21:07:22Z,493037
fec/sb/_tmp_C00033589_2020_p001.json,https://api.open.fec.gov/v1/schedules/schedule_b/?committee_id=C00033589&two_year_transaction_period=2020&per_page=100&sort=disbursement_date,2026-09-12T21:07:24Z,567198
fec/sb/_tmp_C00024869_2018_p009.json,https://api.open.fec.gov/v1/schedules/schedule_b/?committee_id=C00024869&two_year_transaction_period=2018&per_page=100&sort=disbursement_date&last_index=4101720171458410550&last_disbursement_date=2017-09-21,2026-09-12T21:07:25Z,559046
fec/sb/_tmp_C00033589_2016_p003.json,https://api.open.fec.gov/v1/schedules/schedule_b/?committee_id=C00033589&two_year_transaction_period=2016&per_page=100&sort=disbursement_date&last_index=4072920161307332596&last_disbursement_date=2016-06-17,2026-09-12T21:07:26Z,416348
fec/sb/_tmp_C00024869_2016_p011.json,https://api.open.fec.gov/v1/schedules/schedule_b/?committee_id=C00024869&two_year_transaction_period=2016&per_page=100&sort=disbursement_date&last_index=4012020161260761807&last_disbursement_date=2015-10-29,2026-09-12T21:07:27Z,528779
fec/sb/_tmp_C00033589_2020_p002.json,https://api.open.fec.gov/v1/schedules/schedule_b/?committee_id=C00033589&two_year_transaction_period=2020&per_page=100&sort=disbursement_date&last_index=4101620191674375843&last_disbursement_date=2019-09-19,2026-09-12T21:07:28Z,554731
fec/sb/_tmp_C00024869_2018_p010.json,https://api.open.fec.gov/v1/schedules/schedule_b/?committee_id=C00024869&two_year_transaction_period=2018&per_page=100&sort=disbursement_date&last_index=4111720171465473474&last_disbursement_date=2017-10-19,2026-09-12T21:07:29Z,561050
fec/sb/_tmp_C00024869_2020_p009.json,https://api.open.fec.gov/v1/schedules/schedule_b/?committee_id=C00024869&two_year_transaction_period=2020&per_page=100&sort=disbursement_date&last_index=4041320201735624212&last_disbursement_date=2020-03-20,2026-09-12T21:07:30Z,557068
fec/sb/_tmp_C00033589_2022_p001.json,https://api.open.fec.gov/v1/schedules/schedule_b/?committee_id=C00033589&two_year_transaction_period=2022&per_page=100&sort=disbursement_date,2026-09-12T21:07:30Z,336289
fec/sb/_tmp_C00033589_2018_p003.json,https://api.open.fec.gov/v1/schedules/schedule_b/?committee_id=C00033589&two_year_transaction_period=2018&per_page=100&sort=disbursement_date&last_index=4081320181583179822&last_disbursement_date=2018-07-30,2026-09-12T21:07:31Z,393783
fec/sb/_tmp_C00024869_2016_p012.json,https://api.open.fec.gov/v1/schedules/schedule_b/?committee_id=C00024869&two_year_transaction_period=2016&per_page=100&sort=disbursement_date&last_index=4012020161260761862&last_disbursement_date=2015-11-19,2026-09-12T21:07:31Z,542090
fec/sb/_tmp_C00024869_2018_p011.json,https://api.open.fec.gov/v1/schedules/schedule_b/?committee_id=C00024869&two_year_transaction_period=2018&per_page=100&sort=disbursement_date&last_index=4121520171489078988&last_disbursement_date=2017-11-27,2026-09-12T21:07:34Z,510839
fec/sb/_tmp_C00033589_2024_p001.json,https://api.open.fec.gov/v1/schedules/schedule_b/?committee_id=C00033589&two_year_transaction_period=2024&per_page=100&sort=disbursement_date,2026-09-12T21:07:37Z,512811
fec/sb/_tmp_C00024869_2020_p010.json,https://api.open.fec.gov/v1/schedules/schedule_b/?committee_id=C00024869&two_year_transaction_period=2020&per_page=100&sort=disbursement_date&last_index=4082720201831054439&last_disbursement_date=2020-07-22,2026-09-12T21:07:38Z,563034
fec/sb/_tmp_C00033589_2026_p001.json,https://api.open.fec.gov/v1/schedules/schedule_b/?committee_id=C00033589&two_year_transaction_period=2026&per_page=100&sort=disbursement_date,2026-09-12T21:07:38Z,520684
fec/sb/_tmp_C00024869_2016_p013.json,https://api.open.fec.gov/v1/schedules/schedule_b/?committee_id=C00024869&two_year_transaction_period=2016&per_page=100&sort=disbursement_date&last_index=4012120161260788951&last_disbursement_date=2015-12-02,2026-09-12T21:07:39Z,535569
fec/sb/_tmp_C00024869_2018_p012.json,https://api.open.fec.gov/v1/schedules/schedule_b/?committee_id=C00024869&two_year_transaction_period=2018&per_page=100&sort=disbursement_date&last_index=4022120181514382436&last_disbursement_date=2018-01-26,2026-09-12T21:07:39Z,544274
fec/sb/_tmp_C00033589_2024_p002.json,https://api.open.fec.gov/v1/schedules/schedule_b/?committee_id=C00033589&two_year_transaction_period=2024&per_page=100&sort=disbursement_date&last_index=4031520241885107153&last_disbursement_date=2024-02-21,2026-09-12T21:07:40Z,316444
fec/sb/_tmp_C00033589_2020_p003.json,https://api.open.fec.gov/v1/schedules/schedule_b/?committee_id=C00033589&two_year_transaction_period=2020&per_page=100&sort=disbursement_date&last_index=4091520201836098923&last_disbursement_date=2020-08-31,2026-09-12T21:07:40Z,449668
fec/sb/_tmp_C00024869_2020_p011.json,https://api.open.fec.gov/v1/schedules/schedule_b/?committee_id=C00024869&two_year_transaction_period=2020&per_page=100&sort=disbursement_date&last_index=4112520201960736532&last_disbursement_date=2020-09-15,2026-09-12T21:07:41Z,518651
fec/sb/_tmp_C00033589_2026_p002.json,https://api.open.fec.gov/v1/schedules/schedule_b/?committee_id=C00033589&two_year_transaction_period=2026&per_page=100&sort=disbursement_date&last_index=4120420251297245493&last_disbursement_date=2025-09-12,2026-09-12T21:07:42Z,493887
fec/sb/_tmp_C00024869_2016_p014.json,https://api.open.fec.gov/v1/schedules/schedule_b/?committee_id=C00024869&two_year_transaction_period=2016&per_page=100&sort=disbursement_date&last_index=4021020161262802206&last_disbursement_date=2016-01-26,2026-09-12T21:07:43Z,546428
fec/sb/_tmp_C00024869_2018_p013.json,https://api.open.fec.gov/v1/schedules/schedule_b/?committee_id=C00024869&two_year_transaction_period=2018&per_page=100&sort=disbursement_date&last_index=4042020181526248037&last_disbursement_date=2018-03-15,2026-09-12T21:07:44Z,554726
fec/sb/_tmp_C00034157_2016_p001.json,https://api.open.fec.gov/v1/schedules/schedule_b/?committee_id=C00034157&two_year_transaction_period=2016&per_page=100&sort=disbursement_date,2026-09-12T21:07:46Z,549804
fec/sb/_tmp_C00034157_2018_p001.json,https://api.open.fec.gov/v1/schedules/schedule_b/?committee_id=C00034157&two_year_transaction_period=2018&per_page=100&sort=disbursement_date,2026-09-12T21:07:46Z,555524
fec/sb/_tmp_C00034157_2020_p001.json,https://api.open.fec.gov/v1/schedules/schedule_b/?committee_id=C00034157&two_year_transaction_period=2020&per_page=100&sort=disbursement_date,2026-09-12T21:07:47Z,559727
fec/sb/_tmp_C00033589_2026_p003.json,https://api.open.fec.gov/v1/schedules/schedule_b/?committee_id=C00033589&two_year_transaction_period=2026&per_page=100&sort=disbursement_date&last_index=4083120261595428088&last_disbursement_date=2026-07-16,2026-09-12T21:07:49Z,118211
fec/sb/_tmp_C00024869_2016_p015.json,https://api.open.fec.gov/v1/schedules/schedule_b/?committee_id=C00024869&two_year_transaction_period=2016&per_page=100&sort=disbursement_date&last_index=4030920161276233948&last_disbursement_date=2016-02-17,2026-09-12T21:07:50Z,544747
fec/sb/_tmp_C00024869_2018_p014.json,https://api.open.fec.gov/v1/schedules/schedule_b/?committee_id=C00024869&two_year_transaction_period=2018&per_page=100&sort=disbursement_date&last_index=4051020181551474231&last_disbursement_date=2018-04-26,2026-09-12T21:07:58Z,541585
fec/sb/_tmp_C00034157_2016_p002.json,https://api.open.fec.gov/v1/schedules/schedule_b/?committee_id=C00034157&two_year_transaction_period=2016&per_page=100&sort=disbursement_date&last_index=4042120151242132638&last_disbursement_date=2015-03-19,2026-09-12T21:08:04Z,550580
fec/sb/_tmp_C00034157_2022_p001.json,https://api.open.fec.gov/v1/schedules/schedule_b/?committee_id=C00034157&two_year_transaction_period=2022&per_page=100&sort=disbursement_date,2026-09-12T21:08:04Z,558051
fec/sb/_tmp_C00024869_2016_p016.json,https://api.open.fec.gov/v1/schedules/schedule_b/?committee_id=C00024869&two_year_transaction_period=2016&per_page=100&sort=disbursement_date&last_index=4040720161282971996&last_disbursement_date=2016-03-24,2026-09-12T21:08:04Z,551100
fec/sb/_tmp_C00024869_2018_p015.json,https://api.open.fec.gov/v1/schedules/schedule_b/?committee_id=C00024869&two_year_transaction_period=2018&per_page=100&sort=disbursement_date&last_index=4061120181570642320&last_disbursement_date=2018-05-31,2026-09-12T21:08:05Z,548416
fec/sb/_tmp_C00034157_2018_p002.json,https://api.open.fec.gov/v1/schedules/schedule_b/?committee_id=C00034157&two_year_transaction_period=2018&per_page=100&sort=disbursement_date&last_index=4050320171400818563&last_disbursement_date=2017-04-20,2026-09-12T21:08:05Z,548437
fec/sb/_tmp_C00034157_2020_p002.json,https://api.open.fec.gov/v1/schedules/schedule_b/?committee_id=C00034157&two_year_transaction_period=2020&per_page=100&sort=disbursement_date&last_index=4061820191658177226&last_disbursement_date=2019-04-18,2026-09-12T21:08:05Z,559650
fec/sb/_tmp_C00034157_2016_p003.json,https://api.open.fec.gov/v1/schedules/schedule_b/?committee_id=C00034157&two_year_transaction_period=2016&per_page=100&sort=disbursement_date&last_index=4060420151244027607&last_disbursement_date=2015-05-21,2026-09-12T21:08:06Z,547595
fec/sb/_tmp_C00034157_2022_p002.json,https://api.open.fec.gov/v1/schedules/schedule_b/?committee_id=C00034157&two_year_transaction_period=2022&per_page=100&sort=disbursement_date&last_index=4060920211306134121&last_disbursement_date=2021-05-07,2026-09-12T21:08:07Z,556042
fec/sb/_tmp_C00024869_2016_p017.json,https://api.open.fec.gov/v1/schedules/schedule_b/?committee_id=C00024869&two_year_transaction_period=2016&per_page=100&sort=disbursement_date&last_index=4051720161292864229&last_disbursement_date=2016-04-29,2026-09-12T21:08:08Z,541151
fec/sb/_tmp_C00024869_2018_p016.json,https://api.open.fec.gov/v1/schedules/schedule_b/?committee_id=C00024869&two_year_transaction_period=2018&per_page=100&sort=disbursement_date&last_index=4081620181584675333&last_disbursement_date=2018-07-12,2026-09-12T21:08:09Z,560271
fec/sb/_tmp_C00034157_2018_p003.json,https://api.open.fec.gov/v1/schedules/schedule_b/?committee_id=C00034157&two_year_transaction_period=2018&per_page=100&sort=disbursement_date&last_index=4081020171446356006&last_disbursement_date=2017-07-20,2026-09-12T21:08:09Z,548439
fec/sb/_tmp_C00034157_2020_p003.json,https://api.open.fec.gov/v1/schedules/schedule_b/?committee_id=C00034157&two_year_transaction_period=2020&per_page=100&sort=disbursement_date&last_index=4071820191660057352&last_disbursement_date=2019-06-20,2026-09-12T21:08:10Z,559024
fec/sb/_tmp_C00034157_2022_p003.json,https://api.open.fec.gov/v1/schedules/schedule_b/?committee_id=C00034157&two_year_transaction_period=2022&per_page=100&sort=disbursement_date&last_index=4081320211326567426&last_disbursement_date=2021-07-06,2026-09-12T21:08:13Z,552505
fec/sb/_tmp_C00024869_2016_p018.json,https://api.open.fec.gov/v1/schedules/schedule_b/?committee_id=C00024869&two_year_transaction_period=2016&per_page=100&sort=disbursement_date&last_index=4071120161306496643&last_disbursement_date=2016-06-22,2026-09-12T21:08:14Z,556938
fec/sb/_tmp_C00034157_2018_p004.json,https://api.open.fec.gov/v1/schedules/schedule_b/?committee_id=C00034157&two_year_transaction_period=2018&per_page=100&sort=disbursement_date&last_index=4100320171458123822&last_disbursement_date=2017-09-15,2026-09-12T21:08:16Z,542830
fec/sb/_tmp_C00034157_2016_p004.json,https://api.open.fec.gov/v1/schedules/schedule_b/?committee_id=C00034157&two_year_transaction_period=2016&per_page=100&sort=disbursement_date&last_index=4080520151248469376&last_disbursement_date=2015-07-23,2026-09-12T21:08:16Z,551300
fec/sb/_tmp_C00034157_2020_p004.json,https://api.open.fec.gov/v1/schedules/schedule_b/?committee_id=C00034157&two_year_transaction_period=2020&per_page=100&sort=disbursement_date&last_index=4090620191672344315&last_disbursement_date=2019-08-15,2026-09-12T21:08:17Z,555364
fec/sb/_tmp_C00034157_2022_p004.json,https://api.open.fec.gov/v1/schedules/schedule_b/?committee_id=C00034157&two_year_transaction_period=2022&per_page=100&sort=disbursement_date&last_index=4111320211378354039&last_disbursement_date=2021-10-22,2026-09-12T21:08:18Z,556341
fec/sb/_tmp_C00024869_2016_p019.json,https://api.open.fec.gov/v1/schedules/schedule_b/?committee_id=C00024869&two_year_transaction_period=2016&per_page=100&sort=disbursement_date&last_index=4071120161306496809&last_disbursement_date=2016-06-29,2026-09-12T21:08:19Z,526922
fec/sb/_tmp_C00034157_2018_p005.json,https://api.open.fec.gov/v1/schedules/schedule_b/?committee_id=C00034157&two_year_transaction_period=2018&per_page=100&sort=disbursement_date&last_index=4092820181592982265&last_disbursement_date=2017-12-11,2026-09-12T21:08:21Z,553506
fec/sb/_tmp_C00034157_2016_p005.json,https://api.open.fec.gov/v1/schedules/schedule_b/?committee_id=C00034157&two_year_transaction_period=2016&per_page=100&sort=disbursement_date&last_index=4102720151256505852&last_disbursement_date=2015-09-24,2026-09-12T21:08:21Z,552732
fec/sb/_tmp_C00034157_2020_p005.json,https://api.open.fec.gov/v1/schedules/schedule_b/?committee_id=C00034157&two_year_transaction_period=2020&per_page=100&sort=disbursement_date&last_index=4110520191677617452&last_disbursement_date=2019-10-17,2026-09-12T21:08:22Z,554234
fec/sb/_tmp_C00024869_2018_p017.json,https://api.open.fec.gov/v1/schedules/schedule_b/?committee_id=C00024869&two_year_transaction_period=2018&per_page=100&sort=disbursement_date&last_index=4102420181600567554&last_disbursement_date=2018-09-10,2026-09-12T21:08:22Z,561103
fec/sb/_tmp_C00034157_2022_p005.json,https://api.open.fec.gov/v1/schedules/schedule_b/?committee_id=C00034157&two_year_transaction_period=2022&per_page=100&sort=disbursement_date&last_index=4021720221409041128&last_disbursement_date=2022-01-20,2026-09-12T21:08:23Z,561055
fec/sb/_tmp_C00024869_2016_p020.json,https://api.open.fec.gov/v1/schedules/schedule_b/?committee_id=C00024869&two_year_transaction_period=2016&per_page=100&sort=disbursement_date&last_index=4091620161317212011&last_disbursement_date=2016-08-18,2026-09-12T21:08:24Z,525975
fec/sb/_tmp_C00034157_2018_p006.json,https://api.open.fec.gov/v1/schedules/schedule_b/?committee_id=C00034157&two_year_transaction_period=2018&per_page=100&sort=disbursement_date&last_index=4022120181514345278&last_disbursement_date=2018-01-19,2026-09-12T21:08:26Z,550795
fec/sb/_tmp_C00034157_2016_p006.json,https://api.open.fec.gov/v1/schedules/schedule_b/?committee_id=C00034157&two_year_transaction_period=2016&per_page=100&sort=disbursement_date&last_index=4120220151259521590&last_disbursement_date=2015-11-19,2026-09-12T21:08:26Z,549210
fec/sb/_tmp_C00034157_2020_p006.json,https://api.open.fec.gov/v1/schedules/schedule_b/?committee_id=C00034157&two_year_transaction_period=2020&per_page=100&sort=disbursement_date&last_index=4032520201715216349&last_disbursement_date=2019-12-18,2026-09-12T21:08:27Z,559615
fec/sb/_tmp_C00024869_2018_p018.json,https://api.open.fec.gov/v1/schedules/schedule_b/?committee_id=C00024869&two_year_transaction_period=2018&per_page=100&sort=disbursement_date&last_index=4121320181621794848&last_disbursement_date=2018-10-25,2026-09-12T21:08:28Z,122036
fec/sb/_tmp_C00034157_2022_p006.json,https://api.open.fec.gov/v1/schedules/schedule_b/?committee_id=C00034157&two_year_transaction_period=2022&per_page=100&sort=disbursement_date&last_index=4060920221501033550&last_disbursement_date=2022-05-20,2026-09-12T21:08:29Z,556272
fec/sb/_tmp_C00024869_2016_p021.json,https://api.open.fec.gov/v1/schedules/schedule_b/?committee_id=C00024869&two_year_transaction_period=2016&per_page=100&sort=disbursement_date&last_index=4101920161344319873&last_disbursement_date=2016-09-15,2026-09-12T21:08:30Z,563689
fec/sb/_tmp_C00034157_2018_p007.json,https://api.open.fec.gov/v1/schedules/schedule_b/?committee_id=C00034157&two_year_transaction_period=2018&per_page=100&sort=disbursement_date&last_index=4051020181551475821&last_disbursement_date=2018-04-24,2026-09-12T21:08:31Z,549594
fec/sb/_tmp_C00034157_2016_p007.json,https://api.open.fec.gov/v1/schedules/schedule_b/?committee_id=C00034157&two_year_transaction_period=2016&per_page=100&sort=disbursement_date&last_index=4030220161276046180&last_disbursement_date=2016-02-24,2026-09-12T21:08:32Z,547860
fec/sb/_tmp_C00034157_2020_p007.json,https://api.open.fec.gov/v1/schedules/schedule_b/?committee_id=C00034157&two_year_transaction_period=2020&per_page=100&sort=disbursement_date&last_index=4030520201702282337&last_disbursement_date=2020-02-20,2026-09-12T21:08:33Z,553245
fec/sb/_tmp_C00034157_2024_p001.json,https://api.open.fec.gov/v1/schedules/schedule_b/?committee_id=C00034157&two_year_transaction_period=2024&per_page=100&sort=disbursement_date,2026-09-12T21:08:34Z,556689
fec/sb/_tmp_C00034157_2022_p007.json,https://api.open.fec.gov/v1/schedules/schedule_b/?committee_id=C00034157&two_year_transaction_period=2022&per_page=100&sort=disbursement_date&last_index=4091220221575335686&last_disbursement_date=2022-08-02,2026-09-12T21:08:35Z,555046
fec/sb/_tmp_C00034157_2018_p008.json,https://api.open.fec.gov/v1/schedules/schedule_b/?committee_id=C00034157&two_year_transaction_period=2018&per_page=100&sort=disbursement_date&last_index=4071720181576107371&last_disbursement_date=2018-06-22,2026-09-12T21:08:37Z,548746
fec/sb/_tmp_C00034157_2016_p008.json,https://api.open.fec.gov/v1/schedules/schedule_b/?committee_id=C00034157&two_year_transaction_period=2016&per_page=100&sort=disbursement_date&last_index=4060620161294510084&last_disbursement_date=2016-04-22,2026-09-12T21:08:38Z,549918
fec/sb/_tmp_C00024869_2016_p022.json,https://api.open.fec.gov/v1/schedules/schedule_b/?committee_id=C00024869&two_year_transaction_period=2016&per_page=100&sort=disbursement_date&last_index=4101920161344320109&last_disbursement_date=2016-09-28,2026-09-12T21:08:39Z,496355
fec/sb/_tmp_C00034157_2020_p008.json,https://api.open.fec.gov/v1/schedules/schedule_b/?committee_id=C00034157&two_year_transaction_period=2020&per_page=100&sort=disbursement_date&last_index=4070720201779852515&last_disbursement_date=2020-06-18,2026-09-12T21:08:40Z,550120
fec/sb/_tmp_C00034157_2024_p002.json,https://api.open.fec.gov/v1/schedules/schedule_b/?committee_id=C00034157&two_year_transaction_period=2024&per_page=100&sort=disbursement_date&last_index=4051920231747891491&last_disbursement_date=2023-04-24,2026-09-12T21:08:42Z,555151
fec/sb/_tmp_C00034157_2022_p008.json,https://api.open.fec.gov/v1/schedules/schedule_b/?committee_id=C00034157&two_year_transaction_period=2022&per_page=100&sort=disbursement_date&last_index=4042720231744922587&last_disbursement_date=2022-09-19,2026-09-12T21:08:43Z,372341
fec/sb/_tmp_C00034157_2018_p009.json,https://api.open.fec.gov/v1/schedules/schedule_b/?committee_id=C00034157&two_year_transaction_period=2018&per_page=100&sort=disbursement_date&last_index=4092720181592617008&last_disbursement_date=2018-08-16,2026-09-12T21:08:43Z,551499
fec/sb/_tmp_C00024869_2016_p023.json,https://api.open.fec.gov/v1/schedules/schedule_b/?committee_id=C00024869&two_year_transaction_period=2016&per_page=100&sort=disbursement_date&last_index=4113020161355005103&last_disbursement_date=2016-11-15,2026-09-12T21:08:45Z,137694
fec/sb/_tmp_C00034157_2016_p009.json,https://api.open.fec.gov/v1/schedules/schedule_b/?committee_id=C00034157&two_year_transaction_period=2016&per_page=100&sort=disbursement_date&last_index=4071520161306710004&last_disbursement_date=2016-06-16,2026-09-12T21:08:45Z,541761
fec/sb/_tmp_C00034157_2020_p009.json,https://api.open.fec.gov/v1/schedules/schedule_b/?committee_id=C00034157&two_year_transaction_period=2020&per_page=100&sort=disbursement_date&last_index=4091520201835502172&last_disbursement_date=2020-08-24,2026-09-12T21:08:47Z,558424
fec/sb/_tmp_C00034157_2024_p003.json,https://api.open.fec.gov/v1/schedules/schedule_b/?committee_id=C00034157&two_year_transaction_period=2024&per_page=100&sort=disbursement_date&last_index=4082120231800002840&last_disbursement_date=2023-07-12,2026-09-12T21:08:48Z,551293
fec/sb/_tmp_C00034157_2026_p001.json,https://api.open.fec.gov/v1/schedules/schedule_b/?committee_id=C00034157&two_year_transaction_period=2026&per_page=100&sort=disbursement_date,2026-09-12T21:08:48Z,559045
fec/sb/_tmp_C00034157_2018_p010.json,https://api.open.fec.gov/v1/schedules/schedule_b/?committee_id=C00034157&two_year_transaction_period=2018&per_page=100&sort=disbursement_date&last_index=4022820191644606978&last_disbursement_date=2018-09-20,2026-09-12T21:08:51Z,321901
fec/sb/_tmp_C00034298_2016_p001.json,https://api.open.fec.gov/v1/schedules/schedule_b/?committee_id=C00034298&two_year_transaction_period=2016&per_page=100&sort=disbursement_date,2026-09-12T21:08:51Z,515573
fec/sb/_tmp_C00034157_2016_p010.json,https://api.open.fec.gov/v1/schedules/schedule_b/?committee_id=C00034157&two_year_transaction_period=2016&per_page=100&sort=disbursement_date&last_index=4111420161347123070&last_disbursement_date=2016-09-27,2026-09-12T21:09:21Z,544400
fec/sb/_tmp_C00034298_2016_p002.json,https://api.open.fec.gov/v1/schedules/schedule_b/?committee_id=C00034298&two_year_transaction_period=2016&per_page=100&sort=disbursement_date&last_index=4050920161292451251&last_disbursement_date=2016-04-13,2026-09-12T21:09:23Z,298120
fec/sb/_tmp_C00034157_2016_p011.json,https://api.open.fec.gov/v1/schedules/schedule_b/?committee_id=C00034157&two_year_transaction_period=2016&per_page=100&sort=disbursement_date&last_index=4012320171368420450&last_disbursement_date=2016-12-15,2026-09-12T21:09:23Z,66241
fec/sb/_tmp_C00034298_2018_p001.json,https://api.open.fec.gov/v1/schedules/schedule_b/?committee_id=C00034298&two_year_transaction_period=2018&per_page=100&sort=disbursement_date,2026-09-12T21:09:23Z,504512
fec/sb/_tmp_C00034157_2020_p010.json,https://api.open.fec.gov/v1/schedules/schedule_b/?committee_id=C00034157&two_year_transaction_period=2020&per_page=100&sort=disbursement_date&last_index=4101420201857548922&last_disbursement_date=2020-09-18,2026-09-12T21:09:23Z,410656
fec/sb/_tmp_C00034157_2024_p004.json,https://api.open.fec.gov/v1/schedules/schedule_b/?committee_id=C00034157&two_year_transaction_period=2024&per_page=100&sort=disbursement_date&last_index=4110120231808891590&last_disbursement_date=2023-09-21,2026-09-12T21:09:23Z,555385
fec/sb/_tmp_C00034157_2026_p002.json,https://api.open.fec.gov/v1/schedules/schedule_b/?committee_id=C00034157&two_year_transaction_period=2026&per_page=100&sort=disbursement_date&last_index=4071120251208194004&last_disbursement_date=2025-05-22,2026-09-12T21:09:23Z,551900
fec/sb/_tmp_C00034298_2020_p001.json,https://api.open.fec.gov/v1/schedules/schedule_b/?committee_id=C00034298&two_year_transaction_period=2020&per_page=100&sort=disbursement_date,2026-09-12T21:09:23Z,324153
fec/sb/_tmp_C00034298_2022_p001.json,https://api.open.fec.gov/v1/schedules/schedule_b/?committee_id=C00034298&two_year_transaction_period=2022&per_page=100&sort=disbursement_date,2026-09-12T21:09:25Z,273595
fec/sb/_tmp_C00034298_2018_p002.json,https://api.open.fec.gov/v1/schedules/schedule_b/?committee_id=C00034298&two_year_transaction_period=2018&per_page=100&sort=disbursement_date&last_index=4080220181582306860&last_disbursement_date=2018-07-06,2026-09-12T21:09:25Z,175051
fec/sb/_tmp_C00034298_2024_p001.json,https://api.open.fec.gov/v1/schedules/schedule_b/?committee_id=C00034298&two_year_transaction_period=2024&per_page=100&sort=disbursement_date,2026-09-12T21:09:26Z,397511
fec/sb/_tmp_C00034157_2024_p005.json,https://api.open.fec.gov/v1/schedules/schedule_b/?committee_id=C00034157&two_year_transaction_period=2024&per_page=100&sort=disbursement_date&last_index=4121920231812852412&last_disbursement_date=2023-11-16,2026-09-12T21:09:28Z,555994
fec/sb/_tmp_C00034157_2026_p003.json,https://api.open.fec.gov/v1/schedules/schedule_b/?committee_id=C00034157&two_year_transaction_period=2026&per_page=100&sort=disbursement_date&last_index=4011320261301509443&last_disbursement_date=2025-09-22,2026-09-12T21:09:28Z,553105
fec/sb/_tmp_C00034298_2026_p001.json,https://api.open.fec.gov/v1/schedules/schedule_b/?committee_id=C00034298&two_year_transaction_period=2026&per_page=100&sort=disbursement_date,2026-09-12T21:09:29Z,350599
fec/sb/_tmp_C00034355_2016_p001.json,https://api.open.fec.gov/v1/schedules/schedule_b/?committee_id=C00034355&two_year_transaction_period=2016&per_page=100&sort=disbursement_date,2026-09-12T21:09:30Z,171682
fec/sb/_tmp_C00034355_2018_p001.json,https://api.open.fec.gov/v1/schedules/schedule_b/?committee_id=C00034355&two_year_transaction_period=2018&per_page=100&sort=disbursement_date,2026-09-12T21:09:32Z,159493
fec/sb/_tmp_C00034355_2020_p001.json,https://api.open.fec.gov/v1/schedules/schedule_b/?committee_id=C00034355&two_year_transaction_period=2020&per_page=100&sort=disbursement_date,2026-09-12T21:09:32Z,198816
fec/sb/_tmp_C00034157_2024_p006.json,https://api.open.fec.gov/v1/schedules/schedule_b/?committee_id=C00034157&two_year_transaction_period=2024&per_page=100&sort=disbursement_date&last_index=4032120241885454778&last_disbursement_date=2024-02-21,2026-09-12T21:09:34Z,555255
fec/sb/_tmp_C00034157_2026_p004.json,https://api.open.fec.gov/v1/schedules/schedule_b/?committee_id=C00034157&two_year_transaction_period=2026&per_page=100&sort=disbursement_date&last_index=4061920261521825336&last_disbursement_date=2025-11-20,2026-09-12T21:09:35Z,552171
fec/sb/_tmp_C00034355_2022_p001.json,https://api.open.fec.gov/v1/schedules/schedule_b/?committee_id=C00034355&two_year_transaction_period=2022&per_page=100&sort=disbursement_date,2026-09-12T21:09:36Z,96866
frames/NetCashProvidedByUsedInOperatingActivities_USD_CY2017.json,https://data.sec.gov/api/xbrl/frames/us-gaap/NetCashProvidedByUsedInOperatingActivities/USD/CY2017.json,2026-09-12T21:09:37Z,966456
fec/sb/_tmp_C00034355_2024_p001.json,https://api.open.fec.gov/v1/schedules/schedule_b/?committee_id=C00034355&two_year_transaction_period=2024&per_page=100&sort=disbursement_date,2026-09-12T21:09:37Z,137786
frames/NetCashProvidedByUsedInOperatingActivitiesContinuingOperations_USD_CY2017.json,https://data.sec.gov/api/xbrl/frames/us-gaap/NetCashProvidedByUsedInOperatingActivitiesContinuingOperations/USD/CY2017.json,2026-09-12T21:09:37Z,269378
fec/sb/_tmp_C00034355_2026_p001.json,https://api.open.fec.gov/v1/schedules/schedule_b/?committee_id=C00034355&two_year_transaction_period=2026&per_page=100&sort=disbursement_date,2026-09-12T21:09:38Z,124782
frames/PaymentsForRepurchaseOfCommonStock_USD_CY2017.json,https://data.sec.gov/api/xbrl/frames/us-gaap/PaymentsForRepurchaseOfCommonStock/USD/CY2017.json,2026-09-12T21:09:38Z,353249
frames/PaymentsForRepurchaseOfEquity_USD_CY2017.json,https://data.sec.gov/api/xbrl/frames/us-gaap/PaymentsForRepurchaseOfEquity/USD/CY2017.json,2026-09-12T21:09:38Z,24930
fec/sb/_tmp_C00034405_2016_p001.json,https://api.open.fec.gov/v1/schedules/schedule_b/?committee_id=C00034405&two_year_transaction_period=2016&per_page=100&sort=disbursement_date,2026-09-12T21:09:39Z,541458
frames/TreasuryStockValueAcquiredCostMethod_USD_CY2017.json,https://data.sec.gov/api/xbrl/frames/us-gaap/TreasuryStockValueAcquiredCostMethod/USD/CY2017.json,2026-09-12T21:09:39Z,137423
frames/PaymentsOfDividendsCommonStock_USD_CY2017.json,https://data.sec.gov/api/xbrl/frames/us-gaap/PaymentsOfDividendsCommonStock/USD/CY2017.json,2026-09-12T21:09:40Z,200977
fec/sb/_tmp_C00034157_2024_p007.json,https://api.open.fec.gov/v1/schedules/schedule_b/?committee_id=C00034157&two_year_transaction_period=2024&per_page=100&sort=disbursement_date&last_index=4050920241922709028&last_disbursement_date=2024-03-21,2026-09-12T21:09:40Z,552003
frames/PaymentsOfDividends_USD_CY2017.json,https://data.sec.gov/api/xbrl/frames/us-gaap/PaymentsOfDividends/USD/CY2017.json,2026-09-12T21:09:41Z,157088
fec/sb/_tmp_C00034157_2026_p005.json,https://api.open.fec.gov/v1/schedules/schedule_b/?committee_id=C00034157&two_year_transaction_period=2026&per_page=100&sort=disbursement_date&last_index=4032420261425269207&last_disbursement_date=2026-02-19,2026-09-12T21:09:41Z,553736
frames/PaymentsOfDividendsPreferredStockAndPreferenceStock_USD_CY2017.json,https://data.sec.gov/api/xbrl/frames/us-gaap/PaymentsOfDividendsPreferredStockAndPreferenceStock/USD/CY2017.json,2026-09-12T21:09:41Z,53105
fec/sb/_tmp_C00034405_2018_p001.json,https://api.open.fec.gov/v1/schedules/schedule_b/?committee_id=C00034405&two_year_transaction_period=2018&per_page=100&sort=disbursement_date,2026-09-12T21:09:42Z,545718
frames/NetCashProvidedByUsedInOperatingActivities_USD_CY2018.json,https://data.sec.gov/api/xbrl/frames/us-gaap/NetCashProvidedByUsedInOperatingActivities/USD/CY2018.json,2026-09-12T21:09:42Z,967240
frames/NetCashProvidedByUsedInOperatingActivitiesContinuingOperations_USD_CY2018.json,https://data.sec.gov/api/xbrl/frames/us-gaap/NetCashProvidedByUsedInOperatingActivitiesContinuingOperations/USD/CY2018.json,2026-09-12T21:09:43Z,108330
fec/sb/_tmp_C00034405_2020_p001.json,https://api.open.fec.gov/v1/schedules/schedule_b/?committee_id=C00034405&two_year_transaction_period=2020&per_page=100&sort=disbursement_date,2026-09-12T21:09:43Z,538914
frames/PaymentsForRepurchaseOfCommonStock_USD_CY2018.json,https://data.sec.gov/api/xbrl/frames/us-gaap/PaymentsForRepurchaseOfCommonStock/USD/CY2018.json,2026-09-12T21:09:44Z,357149
frames/PaymentsForRepurchaseOfEquity_USD_CY2018.json,https://data.sec.gov/api/xbrl/frames/us-gaap/PaymentsForRepurchaseOfEquity/USD/CY2018.json,2026-09-12T21:09:44Z,25386
fec/sb/_tmp_C00034405_2022_p001.json,https://api.open.fec.gov/v1/schedules/schedule_b/?committee_id=C00034405&two_year_transaction_period=2022&per_page=100&sort=disbursement_date,2026-09-12T21:09:44Z,510806
frames/TreasuryStockValueAcquiredCostMethod_USD_CY2018.json,https://data.sec.gov/api/xbrl/frames/us-gaap/TreasuryStockValueAcquiredCostMethod/USD/CY2018.json,2026-09-12T21:09:45Z,143796
fec/sb/_tmp_C00034405_2016_p002.json,https://api.open.fec.gov/v1/schedules/schedule_b/?committee_id=C00034405&two_year_transaction_period=2016&per_page=100&sort=disbursement_date&last_index=4051920151243801201&last_disbursement_date=2015-04-23,2026-09-12T21:09:45Z,537441
frames/PaymentsOfDividendsCommonStock_USD_CY2018.json,https://data.sec.gov/api/xbrl/frames/us-gaap/PaymentsOfDividendsCommonStock/USD/CY2018.json,2026-09-12T21:09:45Z,198971
frames/PaymentsOfDividends_USD_CY2018.json,https://data.sec.gov/api/xbrl/frames/us-gaap/PaymentsOfDividends/USD/CY2018.json,2026-09-12T21:09:46Z,151403
frames/PaymentsOfDividendsPreferredStockAndPreferenceStock_USD_CY2018.json,https://data.sec.gov/api/xbrl/frames/us-gaap/PaymentsOfDividendsPreferredStockAndPreferenceStock/USD/CY2018.json,2026-09-12T21:09:46Z,53482
fec/sb/_tmp_C00034157_2024_p008.json,https://api.open.fec.gov/v1/schedules/schedule_b/?committee_id=C00034157&two_year_transaction_period=2024&per_page=100&sort=disbursement_date&last_index=4061820241961578187&last_disbursement_date=2024-05-16,2026-09-12T21:09:46Z,550717
frames/NetCashProvidedByUsedInOperatingActivities_USD_CY2021.json,https://data.sec.gov/api/xbrl/frames/us-gaap/NetCashProvidedByUsedInOperatingActivities/USD/CY2021.json,2026-09-12T21:09:47Z,1086229
fec/sb/_tmp_C00034157_2026_p006.json,https://api.open.fec.gov/v1/schedules/schedule_b/?committee_id=C00034157&two_year_transaction_period=2026&per_page=100&sort=disbursement_date&last_index=4070920261533671591&last_disbursement_date=2026-05-21,2026-09-12T21:09:47Z,551100
frames/NetCashProvidedByUsedInOperatingActivitiesContinuingOperations_USD_CY2021.json,https://data.sec.gov/api/xbrl/frames/us-gaap/NetCashProvidedByUsedInOperatingActivitiesContinuingOperations/USD/CY2021.json,2026-09-12T21:09:48Z,72935
fec/sb/_tmp_C00034405_2018_p002.json,https://api.open.fec.gov/v1/schedules/schedule_b/?committee_id=C00034405&two_year_transaction_period=2018&per_page=100&sort=disbursement_date&last_index=4060820171409505323&last_disbursement_date=2017-05-03,2026-09-12T21:09:48Z,515525
frames/PaymentsForRepurchaseOfCommonStock_USD_CY2021.json,https://data.sec.gov/api/xbrl/frames/us-gaap/PaymentsForRepurchaseOfCommonStock/USD/CY2021.json,2026-09-12T21:09:49Z,377428
frames/PaymentsForRepurchaseOfEquity_USD_CY2021.json,https://data.sec.gov/api/xbrl/frames/us-gaap/PaymentsForRepurchaseOfEquity/USD/CY2021.json,2026-09-12T21:09:49Z,23089
fec/sb/_tmp_C00034405_2020_p002.json,https://api.open.fec.gov/v1/schedules/schedule_b/?committee_id=C00034405&two_year_transaction_period=2020&per_page=100&sort=disbursement_date&last_index=4061820191658184450&last_disbursement_date=2019-05-15,2026-09-12T21:09:49Z,501866
frames/TreasuryStockValueAcquiredCostMethod_USD_CY2021.json,https://data.sec.gov/api/xbrl/frames/us-gaap/TreasuryStockValueAcquiredCostMethod/USD/CY2021.json,2026-09-12T21:09:50Z,129290
frames/PaymentsOfDividendsCommonStock_USD_CY2021.json,https://data.sec.gov/api/xbrl/frames/us-gaap/PaymentsOfDividendsCommonStock/USD/CY2021.json,2026-09-12T21:09:51Z,189134
fec/sb/_tmp_C00034405_2022_p002.json,https://api.open.fec.gov/v1/schedules/schedule_b/?committee_id=C00034405&two_year_transaction_period=2022&per_page=100&sort=disbursement_date&last_index=4092220211371639315&last_disbursement_date=2021-08-26,2026-09-12T21:09:51Z,496170
frames/PaymentsOfDividends_USD_CY2021.json,https://data.sec.gov/api/xbrl/frames/us-gaap/PaymentsOfDividends/USD/CY2021.json,2026-09-12T21:09:51Z,147709
fec/sb/_tmp_C00034405_2016_p003.json,https://api.open.fec.gov/v1/schedules/schedule_b/?committee_id=C00034405&two_year_transaction_period=2016&per_page=100&sort=disbursement_date&last_index=4070820151246151179&last_disbursement_date=2015-06-18,2026-09-12T21:09:52Z,504499
frames/PaymentsOfDividendsPreferredStockAndPreferenceStock_USD_CY2021.json,https://data.sec.gov/api/xbrl/frames/us-gaap/PaymentsOfDividendsPreferredStockAndPreferenceStock/USD/CY2021.json,2026-09-12T21:09:52Z,55037
frames/NetCashProvidedByUsedInOperatingActivities_USD_CY2022.json,https://data.sec.gov/api/xbrl/frames/us-gaap/NetCashProvidedByUsedInOperatingActivities/USD/CY2022.json,2026-09-12T21:09:52Z,1070958
fec/sb/_tmp_C00034157_2024_p009.json,https://api.open.fec.gov/v1/schedules/schedule_b/?committee_id=C00034157&two_year_transaction_period=2024&per_page=100&sort=disbursement_date&last_index=4092320242041431614&last_disbursement_date=2024-08-19,2026-09-12T21:09:53Z,544313
frames/NetCashProvidedByUsedInOperatingActivitiesContinuingOperations_USD_CY2022.json,https://data.sec.gov/api/xbrl/frames/us-gaap/NetCashProvidedByUsedInOperatingActivitiesContinuingOperations/USD/CY2022.json,2026-09-12T21:09:53Z,74286
fec/sb/_tmp_C00034157_2026_p007.json,https://api.open.fec.gov/v1/schedules/schedule_b/?committee_id=C00034157&two_year_transaction_period=2026&per_page=100&sort=disbursement_date&last_index=4083120261595427110&last_disbursement_date=2026-07-16,2026-09-12T21:09:53Z,59445
frames/PaymentsForRepurchaseOfCommonStock_USD_CY2022.json,https://data.sec.gov/api/xbrl/frames/us-gaap/PaymentsForRepurchaseOfCommonStock/USD/CY2022.json,2026-09-12T21:09:54Z,395601
frames/PaymentsForRepurchaseOfEquity_USD_CY2022.json,https://data.sec.gov/api/xbrl/frames/us-gaap/PaymentsForRepurchaseOfEquity/USD/CY2022.json,2026-09-12T21:09:54Z,24841
fec/sb/_tmp_C00034405_2018_p003.json,https://api.open.fec.gov/v1/schedules/schedule_b/?committee_id=C00034405&two_year_transaction_period=2018&per_page=100&sort=disbursement_date&last_index=4071220171418807369&last_disbursement_date=2017-06-28,2026-09-12T21:09:55Z,536609
frames/TreasuryStockValueAcquiredCostMethod_USD_CY2022.json,https://data.sec.gov/api/xbrl/frames/us-gaap/TreasuryStockValueAcquiredCostMethod/USD/CY2022.json,2026-09-12T21:09:55Z,145657
frames/PaymentsOfDividendsCommonStock_USD_CY2022.json,https://data.sec.gov/api/xbrl/frames/us-gaap/PaymentsOfDividendsCommonStock/USD/CY2022.json,2026-09-12T21:09:56Z,184864
fec/sb/_tmp_C00034405_2020_p003.json,https://api.open.fec.gov/v1/schedules/schedule_b/?committee_id=C00034405&two_year_transaction_period=2020&per_page=100&sort=disbursement_date&last_index=4092020191673232870&last_disbursement_date=2019-08-13,2026-09-12T21:09:56Z,481876
frames/PaymentsOfDividends_USD_CY2022.json,https://data.sec.gov/api/xbrl/frames/us-gaap/PaymentsOfDividends/USD/CY2022.json,2026-09-12T21:09:57Z,153404
fec/sb/_tmp_C00034405_2022_p003.json,https://api.open.fec.gov/v1/schedules/schedule_b/?committee_id=C00034405&two_year_transaction_period=2022&per_page=100&sort=disbursement_date&last_index=4031820221460924942&last_disbursement_date=2022-02-18,2026-09-12T21:09:57Z,488750
frames/PaymentsOfDividendsPreferredStockAndPreferenceStock_USD_CY2022.json,https://data.sec.gov/api/xbrl/frames/us-gaap/PaymentsOfDividendsPreferredStockAndPreferenceStock/USD/CY2022.json,2026-09-12T21:09:57Z,52846
fec/sb/_tmp_C00034405_2016_p004.json,https://api.open.fec.gov/v1/schedules/schedule_b/?committee_id=C00034405&two_year_transaction_period=2016&per_page=100&sort=disbursement_date&last_index=4101320151255533583&last_disbursement_date=2015-09-28,2026-09-12T21:09:58Z,499883
frames/NetCashProvidedByUsedInOperatingActivities_USD_CY2024.json,https://data.sec.gov/api/xbrl/frames/us-gaap/NetCashProvidedByUsedInOperatingActivities/USD/CY2024.json,2026-09-12T21:09:58Z,949386
fec/sb/_tmp_C00034157_2024_p010.json,https://api.open.fec.gov/v1/schedules/schedule_b/?committee_id=C00034157&two_year_transaction_period=2024&per_page=100&sort=disbursement_date&last_index=4031120251179905013&last_disbursement_date=2024-12-20,2026-09-12T21:09:59Z,15222
frames/NetCashProvidedByUsedInOperatingActivitiesContinuingOperations_USD_CY2024.json,https://data.sec.gov/api/xbrl/frames/us-gaap/NetCashProvidedByUsedInOperatingActivitiesContinuingOperations/USD/CY2024.json,2026-09-12T21:09:59Z,62755
frames/PaymentsForRepurchaseOfCommonStock_USD_CY2024.json,https://data.sec.gov/api/xbrl/frames/us-gaap/PaymentsForRepurchaseOfCommonStock/USD/CY2024.json,2026-09-12T21:09:59Z,377982
fec/sb/_tmp_C00034405_2024_p001.json,https://api.open.fec.gov/v1/schedules/schedule_b/?committee_id=C00034405&two_year_transaction_period=2024&per_page=100&sort=disbursement_date,2026-09-12T21:10:00Z,508493
frames/PaymentsForRepurchaseOfEquity_USD_CY2024.json,https://data.sec.gov/api/xbrl/frames/us-gaap/PaymentsForRepurchaseOfEquity/USD/CY2024.json,2026-09-12T21:10:00Z,22805
frames/TreasuryStockValueAcquiredCostMethod_USD_CY2024.json,https://data.sec.gov/api/xbrl/frames/us-gaap/TreasuryStockValueAcquiredCostMethod/USD/CY2024.json,2026-09-12T21:10:00Z,135263
fec/sb/_tmp_C00034405_2018_p004.json,https://api.open.fec.gov/v1/schedules/schedule_b/?committee_id=C00034405&two_year_transaction_period=2018&per_page=100&sort=disbursement_date&last_index=4111720171464101586&last_disbursement_date=2017-10-24,2026-09-12T21:10:01Z,517767
frames/PaymentsOfDividendsCommonStock_USD_CY2024.json,https://data.sec.gov/api/xbrl/frames/us-gaap/PaymentsOfDividendsCommonStock/USD/CY2024.json,2026-09-12T21:10:01Z,178403
frames/PaymentsOfDividends_USD_CY2024.json,https://data.sec.gov/api/xbrl/frames/us-gaap/PaymentsOfDividends/USD/CY2024.json,2026-09-12T21:10:01Z,145076
frames/PaymentsOfDividendsPreferredStockAndPreferenceStock_USD_CY2024.json,https://data.sec.gov/api/xbrl/frames/us-gaap/PaymentsOfDividendsPreferredStockAndPreferenceStock/USD/CY2024.json,2026-09-12T21:10:02Z,46146
fec/sb/_tmp_C00034405_2020_p004.json,https://api.open.fec.gov/v1/schedules/schedule_b/?committee_id=C00034405&two_year_transaction_period=2020&per_page=100&sort=disbursement_date&last_index=4101020191674093571&last_disbursement_date=2019-09-27,2026-09-12T21:10:02Z,523462
fec/sb/_tmp_C00034405_2022_p004.json,https://api.open.fec.gov/v1/schedules/schedule_b/?committee_id=C00034405&two_year_transaction_period=2022&per_page=100&sort=disbursement_date&last_index=4062320221531150941&last_disbursement_date=2022-05-27,2026-09-12T21:10:03Z,485539
fec/sb/_tmp_C00034405_2016_p005.json,https://api.open.fec.gov/v1/schedules/schedule_b/?committee_id=C00034405&two_year_transaction_period=2016&per_page=100&sort=disbursement_date&last_index=4121620151259894619&last_disbursement_date=2015-11-04,2026-09-12T21:10:04Z,497340
fec/sb/_tmp_C00034405_2026_p001.json,https://api.open.fec.gov/v1/schedules/schedule_b/?committee_id=C00034405&two_year_transaction_period=2026&per_page=100&sort=disbursement_date,2026-09-12T21:10:05Z,518656
fec/sb/_tmp_C00034405_2024_p002.json,https://api.open.fec.gov/v1/schedules/schedule_b/?committee_id=C00034405&two_year_transaction_period=2024&per_page=100&sort=disbursement_date&last_index=4062020231750731294&last_disbursement_date=2023-05-25,2026-09-12T21:10:06Z,476852
fec/sb/_tmp_C00034405_2020_p005.json,https://api.open.fec.gov/v1/schedules/schedule_b/?committee_id=C00034405&two_year_transaction_period=2020&per_page=100&sort=disbursement_date&last_index=4011320201684289678&last_disbursement_date=2019-12-12,2026-09-12T21:10:09Z,511226
fec/sb/_tmp_C00034405_2022_p005.json,https://api.open.fec.gov/v1/schedules/schedule_b/?committee_id=C00034405&two_year_transaction_period=2022&per_page=100&sort=disbursement_date&last_index=4102920221593090771&last_disbursement_date=2022-09-21,2026-09-12T21:10:09Z,446803
fec/sb/_tmp_C00034405_2016_p006.json,https://api.open.fec.gov/v1/schedules/schedule_b/?committee_id=C00034405&two_year_transaction_period=2016&per_page=100&sort=disbursement_date&last_index=4053120171405865510&last_disbursement_date=2016-03-17,2026-09-12T21:10:11Z,520119
fec/sb/_tmp_C00034405_2026_p002.json,https://api.open.fec.gov/v1/schedules/schedule_b/?committee_id=C00034405&two_year_transaction_period=2026&per_page=100&sort=disbursement_date&last_index=4091920251291536179&last_disbursement_date=2025-08-18,2026-09-12T21:10:12Z,496675
fec/sb/_tmp_C00034405_2024_p003.json,https://api.open.fec.gov/v1/schedules/schedule_b/?committee_id=C00034405&two_year_transaction_period=2024&per_page=100&sort=disbursement_date&last_index=4112020231811311405&last_disbursement_date=2023-10-04,2026-09-12T21:10:12Z,477436
fec/sb/_tmp_C00034405_2020_p006.json,https://api.open.fec.gov/v1/schedules/schedule_b/?committee_id=C00034405&two_year_transaction_period=2020&per_page=100&sort=disbursement_date&last_index=4041320201735624096&last_disbursement_date=2020-03-16,2026-09-12T21:10:14Z,499057
fec/sb/_tmp_C00034405_2022_p006.json,https://api.open.fec.gov/v1/schedules/schedule_b/?committee_id=C00034405&two_year_transaction_period=2022&per_page=100&sort=disbursement_date&last_index=4112320221630718248&last_disbursement_date=2022-10-06,2026-09-12T21:10:14Z,402888
fec/sb/_tmp_C00034405_2016_p007.json,https://api.open.fec.gov/v1/schedules/schedule_b/?committee_id=C00034405&two_year_transaction_period=2016&per_page=100&sort=disbursement_date&last_index=4062120161299912066&last_disbursement_date=2016-05-25,2026-09-12T21:10:16Z,551242
fec/sb/_tmp_C00034405_2026_p003.json,https://api.open.fec.gov/v1/schedules/schedule_b/?committee_id=C00034405&two_year_transaction_period=2026&per_page=100&sort=disbursement_date&last_index=4070720261533559719&last_disbursement_date=2026-05-26,2026-09-12T21:10:17Z,357329
fec/sb/_tmp_C00034405_2024_p004.json,https://api.open.fec.gov/v1/schedules/schedule_b/?committee_id=C00034405&two_year_transaction_period=2024&per_page=100&sort=disbursement_date&last_index=4022620241826702514&last_disbursement_date=2024-01-24,2026-09-12T21:10:18Z,504331
fec/sb/_tmp_C00034405_2020_p007.json,https://api.open.fec.gov/v1/schedules/schedule_b/?committee_id=C00034405&two_year_transaction_period=2020&per_page=100&sort=disbursement_date&last_index=4101020201857341690&last_disbursement_date=2020-09-14,2026-09-12T21:10:20Z,454961
fec/sb/_tmp_C00034405_2022_p007.json,https://api.open.fec.gov/v1/schedules/schedule_b/?committee_id=C00034405&two_year_transaction_period=2022&per_page=100&sort=disbursement_date&last_index=4112320221630718115&last_disbursement_date=2022-10-11,2026-09-12T21:10:20Z,195959
fec/sb/_tmp_C00034405_2016_p008.json,https://api.open.fec.gov/v1/schedules/schedule_b/?committee_id=C00034405&two_year_transaction_period=2016&per_page=100&sort=disbursement_date&last_index=4070820161306475053&last_disbursement_date=2016-06-22,2026-09-12T21:10:22Z,467662
fec/sb/_tmp_C00034595_2016_p001.json,https://api.open.fec.gov/v1/schedules/schedule_b/?committee_id=C00034595&two_year_transaction_period=2016&per_page=100&sort=disbursement_date,2026-09-12T21:10:22Z,540158
fec/sb/_tmp_C00034405_2018_p005.json,https://api.open.fec.gov/v1/schedules/schedule_b/?committee_id=C00034405&two_year_transaction_period=2018&per_page=100&sort=disbursement_date&last_index=4031620181518967326&last_disbursement_date=2018-02-08,2026-09-12T21:10:22Z,522009
fec/sb/_tmp_C00034405_2024_p005.json,https://api.open.fec.gov/v1/schedules/schedule_b/?committee_id=C00034405&two_year_transaction_period=2024&per_page=100&sort=disbursement_date&last_index=4062020241961793262&last_disbursement_date=2024-05-08,2026-09-12T21:10:23Z,481429
fec/sb/_tmp_C00034595_2018_p001.json,https://api.open.fec.gov/v1/schedules/schedule_b/?committee_id=C00034595&two_year_transaction_period=2018&per_page=100&sort=disbursement_date,2026-09-12T21:10:26Z,542837
fec/sb/_tmp_C00034405_2016_p009.json,https://api.open.fec.gov/v1/schedules/schedule_b/?committee_id=C00034405&two_year_transaction_period=2016&per_page=100&sort=disbursement_date&last_index=4100720161340710337&last_disbursement_date=2016-08-18,2026-09-12T21:10:26Z,480640
fec/sb/_tmp_C00034595_2016_p002.json,https://api.open.fec.gov/v1/schedules/schedule_b/?committee_id=C00034595&two_year_transaction_period=2016&per_page=100&sort=disbursement_date&last_index=4051420151243701770&last_disbursement_date=2015-04-27,2026-09-12T21:10:27Z,523717
fec/sb/_tmp_C00034405_2018_p006.json,https://api.open.fec.gov/v1/schedules/schedule_b/?committee_id=C00034405&two_year_transaction_period=2018&per_page=100&sort=disbursement_date&last_index=4041620181525959322&last_disbursement_date=2018-03-19,2026-09-12T21:10:29Z,464357
fec/sb/_tmp_C00034405_2024_p006.json,https://api.open.fec.gov/v1/schedules/schedule_b/?committee_id=C00034405&two_year_transaction_period=2024&per_page=100&sort=disbursement_date&last_index=4111420241068892418&last_disbursement_date=2024-08-13,2026-09-12T21:10:30Z,427190
fec/sb/_tmp_C00034595_2018_p002.json,https://api.open.fec.gov/v1/schedules/schedule_b/?committee_id=C00034595&two_year_transaction_period=2018&per_page=100&sort=disbursement_date&last_index=4101020171458167874&last_disbursement_date=2017-09-15,2026-09-12T21:10:31Z,506299
fec/sb/_tmp_C00034405_2016_p010.json,https://api.open.fec.gov/v1/schedules/schedule_b/?committee_id=C00034405&two_year_transaction_period=2016&per_page=100&sort=disbursement_date&last_index=4112820161354311023&last_disbursement_date=2016-10-18,2026-09-12T21:10:31Z,436369
fec/sb/_tmp_C00034595_2016_p003.json,https://api.open.fec.gov/v1/schedules/schedule_b/?committee_id=C00034595&two_year_transaction_period=2016&per_page=100&sort=disbursement_date&last_index=4081820151249280709&last_disbursement_date=2015-07-24,2026-09-12T21:10:32Z,507624
fec/sb/_tmp_C00034405_2018_p007.json,https://api.open.fec.gov/v1/schedules/schedule_b/?committee_id=C00034405&two_year_transaction_period=2018&per_page=100&sort=disbursement_date&last_index=4060720181570623229&last_disbursement_date=2018-05-07,2026-09-12T21:10:33Z,499724
fec/sb/_tmp_C00034405_2024_p007.json,https://api.open.fec.gov/v1/schedules/schedule_b/?committee_id=C00034405&two_year_transaction_period=2024&per_page=100&sort=disbursement_date&last_index=4111420241068892975&last_disbursement_date=2024-09-10,2026-09-12T21:10:34Z,420285
fec/sb/_tmp_C00034595_2018_p003.json,https://api.open.fec.gov/v1/schedules/schedule_b/?committee_id=C00034595&two_year_transaction_period=2018&per_page=100&sort=disbursement_date&last_index=4031020181518865502&last_disbursement_date=2018-02-01,2026-09-12T21:10:36Z,542523
fec/sb/_tmp_C00034405_2016_p011.json,https://api.open.fec.gov/v1/schedules/schedule_b/?committee_id=C00034405&two_year_transaction_period=2016&per_page=100&sort=disbursement_date&last_index=4050120171400775259&last_disbursement_date=2016-10-20,2026-09-12T21:10:37Z,158054
fec/sb/_tmp_C00034405_2020_p008.json,https://api.open.fec.gov/v1/schedules/schedule_b/?committee_id=C00034405&two_year_transaction_period=2020&per_page=100&sort=disbursement_date&last_index=4112620201961684731&last_disbursement_date=2020-10-14,2026-09-12T21:10:37Z,403428
fec/sb/_tmp_C00034595_2016_p004.json,https://api.open.fec.gov/v1/schedules/schedule_b/?committee_id=C00034595&two_year_transaction_period=2016&per_page=100&sort=disbursement_date&last_index=4111620151257200522&last_disbursement_date=2015-10-20,2026-09-12T21:10:38Z,472959
fec/sb/_tmp_C00034595_2020_p001.json,https://api.open.fec.gov/v1/schedules/schedule_b/?committee_id=C00034595&two_year_transaction_period=2020&per_page=100&sort=disbursement_date,2026-09-12T21:10:40Z,562059
fec/sb/_tmp_C00034595_2018_p004.json,https://api.open.fec.gov/v1/schedules/schedule_b/?committee_id=C00034595&two_year_transaction_period=2018&per_page=100&sort=disbursement_date&last_index=4071820181576275389&last_disbursement_date=2018-06-27,2026-09-12T21:10:41Z,491301
fec/sb/_tmp_C00034405_2018_p008.json,https://api.open.fec.gov/v1/schedules/schedule_b/?committee_id=C00034405&two_year_transaction_period=2018&per_page=100&sort=disbursement_date&last_index=4071120181575582577&last_disbursement_date=2018-06-19,2026-09-12T21:10:42Z,467982
fec/sb/_tmp_C00034595_2022_p001.json,https://api.open.fec.gov/v1/schedules/schedule_b/?committee_id=C00034595&two_year_transaction_period=2022&per_page=100&sort=disbursement_date,2026-09-12T21:10:42Z,500811
fec/sb/_tmp_C00034405_2020_p009.json,https://api.open.fec.gov/v1/schedules/schedule_b/?committee_id=C00034405&two_year_transaction_period=2020&per_page=100&sort=disbursement_date&last_index=4112620201961684831&last_disbursement_date=2020-10-14,2026-09-12T21:10:43Z,411842
fec/sb/_tmp_C00034595_2016_p005.json,https://api.open.fec.gov/v1/schedules/schedule_b/?committee_id=C00034595&two_year_transaction_period=2016&per_page=100&sort=disbursement_date&last_index=4121420151259708867&last_disbursement_date=2015-11-30,2026-09-12T21:10:44Z,500382
fec/sb/_tmp_C00034595_2020_p002.json,https://api.open.fec.gov/v1/schedules/schedule_b/?committee_id=C00034595&two_year_transaction_period=2020&per_page=100&sort=disbursement_date&last_index=4072920191661503046&last_disbursement_date=2019-06-21,2026-09-12T21:10:45Z,506435
fec/sb/_tmp_C00034595_2018_p005.json,https://api.open.fec.gov/v1/schedules/schedule_b/?committee_id=C00034595&two_year_transaction_period=2018&per_page=100&sort=disbursement_date&last_index=4102520181600661546&last_disbursement_date=2018-09-21,2026-09-12T21:10:46Z,489129
fec/sb/_tmp_C00034405_2018_p009.json,https://api.open.fec.gov/v1/schedules/schedule_b/?committee_id=C00034405&two_year_transaction_period=2018&per_page=100&sort=disbursement_date&last_index=4022820191644601169&last_disbursement_date=2018-09-21,2026-09-12T21:10:47Z,465337
fec/sb/_tmp_C00034595_2022_p002.json,https://api.open.fec.gov/v1/schedules/schedule_b/?committee_id=C00034595&two_year_transaction_period=2022&per_page=100&sort=disbursement_date&last_index=4102320211375306291&last_disbursement_date=2021-09-22,2026-09-12T21:10:48Z,529752
fec/sb/_tmp_C00034595_2024_p001.json,https://api.open.fec.gov/v1/schedules/schedule_b/?committee_id=C00034595&two_year_transaction_period=2024&per_page=100&sort=disbursement_date,2026-09-12T21:10:49Z,527465
fec/sb/_tmp_C00034595_2016_p006.json,https://api.open.fec.gov/v1/schedules/schedule_b/?committee_id=C00034595&two_year_transaction_period=2016&per_page=100&sort=disbursement_date&last_index=4031020161276375920&last_disbursement_date=2016-02-11,2026-09-12T21:10:50Z,531661
fec/sb/_tmp_C00034595_2020_p003.json,https://api.open.fec.gov/v1/schedules/schedule_b/?committee_id=C00034595&two_year_transaction_period=2020&per_page=100&sort=disbursement_date&last_index=4121120191681408433&last_disbursement_date=2019-11-15,2026-09-12T21:10:51Z,471176
fec/sb/_tmp_C00034595_2018_p006.json,https://api.open.fec.gov/v1/schedules/schedule_b/?committee_id=C00034595&two_year_transaction_period=2018&per_page=100&sort=disbursement_date&last_index=4111920181618141936&last_disbursement_date=2018-10-05,2026-09-12T21:10:52Z,419608
fec/sb/_tmp_C00034405_2018_p010.json,https://api.open.fec.gov/v1/schedules/schedule_b/?committee_id=C00034405&two_year_transaction_period=2018&per_page=100&sort=disbursement_date&last_index=4022820191644601301&last_disbursement_date=2018-09-28,2026-09-12T21:10:53Z,455671
fec/sb/_tmp_C00034595_2022_p003.json,https://api.open.fec.gov/v1/schedules/schedule_b/?committee_id=C00034595&two_year_transaction_period=2022&per_page=100&sort=disbursement_date&last_index=4050320221474218976&last_disbursement_date=2022-03-22,2026-09-12T21:10:54Z,532251
fec/sb/_tmp_C00034595_2024_p002.json,https://api.open.fec.gov/v1/schedules/schedule_b/?committee_id=C00034595&two_year_transaction_period=2024&per_page=100&sort=disbursement_date&last_index=4062120231751575833&last_disbursement_date=2023-05-10,2026-09-12T21:10:56Z,491807
fec/sb/_tmp_C00034595_2016_p007.json,https://api.open.fec.gov/v1/schedules/schedule_b/?committee_id=C00034595&two_year_transaction_period=2016&per_page=100&sort=disbursement_date&last_index=4051220161292597516&last_disbursement_date=2016-04-29,2026-09-12T21:10:57Z,509015
fec/sb/_tmp_C00034595_2020_p004.json,https://api.open.fec.gov/v1/schedules/schedule_b/?committee_id=C00034595&two_year_transaction_period=2020&per_page=100&sort=disbursement_date&last_index=4090320201834517937&last_disbursement_date=2020-07-23,2026-09-12T21:10:59Z,439973
fec/sb/_tmp_C00034595_2018_p007.json,https://api.open.fec.gov/v1/schedules/schedule_b/?committee_id=C00034595&two_year_transaction_period=2018&per_page=100&sort=disbursement_date&last_index=4121020181620702215&last_disbursement_date=2018-10-18,2026-09-12T21:10:59Z,380576
fec/sb/_tmp_C00034405_2018_p011.json,https://api.open.fec.gov/v1/schedules/schedule_b/?committee_id=C00034405&two_year_transaction_period=2018&per_page=100&sort=disbursement_date&last_index=4022820191644601537&last_disbursement_date=2018-12-14,2026-09-12T21:11:00Z,32080
fec/sb/_tmp_C00034595_2022_p004.json,https://api.open.fec.gov/v1/schedules/schedule_b/?committee_id=C00034595&two_year_transaction_period=2022&per_page=100&sort=disbursement_date&last_index=4052320221492947483&last_disbursement_date=2022-04-18,2026-09-12T21:11:01Z,475300
fec/sb/_tmp_C00034595_2024_p003.json,https://api.open.fec.gov/v1/schedules/schedule_b/?committee_id=C00034595&two_year_transaction_period=2024&per_page=100&sort=disbursement_date&last_index=4020720241823325063&last_disbursement_date=2023-12-14,2026-09-12T21:11:02Z,467388
fec/sb/_tmp_C00034595_2016_p008.json,https://api.open.fec.gov/v1/schedules/schedule_b/?committee_id=C00034595&two_year_transaction_period=2016&per_page=100&sort=disbursement_date&last_index=4081620161312268042&last_disbursement_date=2016-07-21,2026-09-12T21:11:04Z,456342
fec/sb/_tmp_C00034595_2020_p005.json,https://api.open.fec.gov/v1/schedules/schedule_b/?committee_id=C00034595&two_year_transaction_period=2020&per_page=100&sort=disbursement_date&last_index=4120220201963117479&last_disbursement_date=2020-09-24,2026-09-12T21:11:05Z,412300
fec/sb/_tmp_C00034595_2026_p001.json,https://api.open.fec.gov/v1/schedules/schedule_b/?committee_id=C00034595&two_year_transaction_period=2026&per_page=100&sort=disbursement_date,2026-09-12T21:11:06Z,447152
fec/sb/_tmp_C00034827_2016_p001.json,https://api.open.fec.gov/v1/schedules/schedule_b/?committee_id=C00034827&two_year_transaction_period=2016&per_page=100&sort=disbursement_date,2026-09-12T21:11:06Z,330181
fec/sb/_tmp_C00034595_2022_p005.json,https://api.open.fec.gov/v1/schedules/schedule_b/?committee_id=C00034595&two_year_transaction_period=2022&per_page=100&sort=disbursement_date&last_index=4081220221564732338&last_disbursement_date=2022-07-20,2026-09-12T21:11:07Z,441884
fec/sb/_tmp_C00034595_2024_p004.json,https://api.open.fec.gov/v1/schedules/schedule_b/?committee_id=C00034595&two_year_transaction_period=2024&per_page=100&sort=disbursement_date&last_index=4051420241923575442&last_disbursement_date=2024-03-25,2026-09-12T21:11:08Z,458887
fec/sb/_tmp_C00034595_2016_p009.json,https://api.open.fec.gov/v1/schedules/schedule_b/?committee_id=C00034595&two_year_transaction_period=2016&per_page=100&sort=disbursement_date&last_index=4112820161354304855&last_disbursement_date=2016-10-13,2026-09-12T21:11:09Z,381072
fec/sb/_tmp_C00034595_2020_p006.json,https://api.open.fec.gov/v1/schedules/schedule_b/?committee_id=C00034595&two_year_transaction_period=2020&per_page=100&sort=disbursement_date&last_index=4120220201963117583&last_disbursement_date=2020-09-24,2026-09-12T21:11:10Z,431798
fec/sb/_tmp_C00034595_2026_p002.json,https://api.open.fec.gov/v1/schedules/schedule_b/?committee_id=C00034595&two_year_transaction_period=2026&per_page=100&sort=disbursement_date&last_index=4020420261304642466&last_disbursement_date=2025-12-11,2026-09-12T21:11:12Z,428610
fec/sb/_tmp_C00034827_2018_p001.json,https://api.open.fec.gov/v1/schedules/schedule_b/?committee_id=C00034827&two_year_transaction_period=2018&per_page=100&sort=disbursement_date,2026-09-12T21:11:12Z,319723
fec/sb/_tmp_C00034595_2022_p006.json,https://api.open.fec.gov/v1/schedules/schedule_b/?committee_id=C00034595&two_year_transaction_period=2022&per_page=100&sort=disbursement_date&last_index=4102920221593090865&last_disbursement_date=2022-09-02,2026-09-12T21:11:13Z,417601
fec/sb/_tmp_C00034595_2024_p005.json,https://api.open.fec.gov/v1/schedules/schedule_b/?committee_id=C00034595&two_year_transaction_period=2024&per_page=100&sort=disbursement_date&last_index=4092020242041233983&last_disbursement_date=2024-08-12,2026-09-12T21:11:14Z,419905
fec/sb/_tmp_C00034827_2020_p001.json,https://api.open.fec.gov/v1/schedules/schedule_b/?committee_id=C00034827&two_year_transaction_period=2020&per_page=100&sort=disbursement_date,2026-09-12T21:11:15Z,290411
fec/sb/_tmp_C00034595_2020_p007.json,https://api.open.fec.gov/v1/schedules/schedule_b/?committee_id=C00034595&two_year_transaction_period=2020&per_page=100&sort=disbursement_date&last_index=4122420201983760984&last_disbursement_date=2020-10-15,2026-09-12T21:11:17Z,307239
fec/sb/_tmp_C00034827_2022_p001.json,https://api.open.fec.gov/v1/schedules/schedule_b/?committee_id=C00034827&two_year_transaction_period=2022&per_page=100&sort=disbursement_date,2026-09-12T21:11:17Z,272069
frames/PaymentsOfOrdinaryDividends_USD_CY2024.json,https://data.sec.gov/api/xbrl/frames/us-gaap/PaymentsOfOrdinaryDividends/USD/CY2024.json,2026-09-12T21:11:18Z,16969
frames/PaymentsOfCapitalDistribution_USD_CY2024.json,https://data.sec.gov/api/xbrl/frames/us-gaap/PaymentsOfCapitalDistribution/USD/CY2024.json,2026-09-12T21:11:18Z,20824
fec/sb/_tmp_C00034827_2024_p001.json,https://api.open.fec.gov/v1/schedules/schedule_b/?committee_id=C00034827&two_year_transaction_period=2024&per_page=100&sort=disbursement_date,2026-09-12T21:11:18Z,208252
frames/PaymentsOfDistributionsToAffiliates_USD_CY2024.json,https://data.sec.gov/api/xbrl/frames/us-gaap/PaymentsOfDistributionsToAffiliates/USD/CY2024.json,2026-09-12T21:11:19Z,15394
fec/sb/_tmp_C00034595_2022_p007.json,https://api.open.fec.gov/v1/schedules/schedule_b/?committee_id=C00034595&two_year_transaction_period=2022&per_page=100&sort=disbursement_date&last_index=4102920221593091030&last_disbursement_date=2022-09-09,2026-09-12T21:11:20Z,440334
frames/StockRepurchasedDuringPeriodValue_USD_CY2024.json,https://data.sec.gov/api/xbrl/frames/us-gaap/StockRepurchasedDuringPeriodValue/USD/CY2024.json,2026-09-12T21:11:20Z,119988
frames/PaymentsForRepurchaseOfOtherEquity_USD_CY2024.json,https://data.sec.gov/api/xbrl/frames/us-gaap/PaymentsForRepurchaseOfOtherEquity/USD/CY2024.json,2026-09-12T21:11:20Z,8341
fec/sb/_tmp_C00034595_2024_p006.json,https://api.open.fec.gov/v1/schedules/schedule_b/?committee_id=C00034595&two_year_transaction_period=2024&per_page=100&sort=disbursement_date&last_index=4112120241072149926&last_disbursement_date=2024-10-02,2026-09-12T21:11:21Z,351424
frames/TreasuryStockValueAcquiredParValueMethod_USD_CY2024.json,https://data.sec.gov/api/xbrl/frames/us-gaap/TreasuryStockValueAcquiredParValueMethod/USD/CY2024.json,2026-09-12T21:11:21Z,7761
fec/sb/_tmp_C00034827_2026_p001.json,https://api.open.fec.gov/v1/schedules/schedule_b/?committee_id=C00034827&two_year_transaction_period=2026&per_page=100&sort=disbursement_date,2026-09-12T21:11:22Z,199240
frames/StockRepurchasedAndRetiredDuringPeriodValue_USD_CY2024.json,https://data.sec.gov/api/xbrl/frames/us-gaap/StockRepurchasedAndRetiredDuringPeriodValue/USD/CY2024.json,2026-09-12T21:11:22Z,97605
frames/PaymentsOfOrdinaryDividends_USD_CY2017.json,https://data.sec.gov/api/xbrl/frames/us-gaap/PaymentsOfOrdinaryDividends/USD/CY2017.json,2026-09-12T21:11:23Z,19360
fec/sb/_tmp_C00035006_2016_p001.json,https://api.open.fec.gov/v1/schedules/schedule_b/?committee_id=C00035006&two_year_transaction_period=2016&per_page=100&sort=disbursement_date,2026-09-12T21:11:23Z,568820
frames/PaymentsOfCapitalDistribution_USD_CY2017.json,https://data.sec.gov/api/xbrl/frames/us-gaap/PaymentsOfCapitalDistribution/USD/CY2017.json,2026-09-12T21:11:23Z,29151
frames/PaymentsOfDistributionsToAffiliates_USD_CY2017.json,https://data.sec.gov/api/xbrl/frames/us-gaap/PaymentsOfDistributionsToAffiliates/USD/CY2017.json,2026-09-12T21:11:24Z,24493
fec/sb/_tmp_C00035006_2018_p001.json,https://api.open.fec.gov/v1/schedules/schedule_b/?committee_id=C00035006&two_year_transaction_period=2018&per_page=100&sort=disbursement_date,2026-09-12T21:11:24Z,558542
frames/StockRepurchasedDuringPeriodValue_USD_CY2017.json,https://data.sec.gov/api/xbrl/frames/us-gaap/StockRepurchasedDuringPeriodValue/USD/CY2017.json,2026-09-12T21:11:25Z,100147
fec/sb/_tmp_C00035006_2020_p001.json,https://api.open.fec.gov/v1/schedules/schedule_b/?committee_id=C00035006&two_year_transaction_period=2020&per_page=100&sort=disbursement_date,2026-09-12T21:11:25Z,567291
frames/PaymentsForRepurchaseOfOtherEquity_USD_CY2017.json,https://data.sec.gov/api/xbrl/frames/us-gaap/PaymentsForRepurchaseOfOtherEquity/USD/CY2017.json,2026-09-12T21:11:25Z,10043
fec/sb/_tmp_C00034595_2022_p008.json,https://api.open.fec.gov/v1/schedules/schedule_b/?committee_id=C00034595&two_year_transaction_period=2022&per_page=100&sort=disbursement_date&last_index=4121520221636932374&last_disbursement_date=2022-10-31,2026-09-12T21:11:26Z,263071
frames/TreasuryStockValueAcquiredParValueMethod_USD_CY2017.json,https://data.sec.gov/api/xbrl/frames/us-gaap/TreasuryStockValueAcquiredParValueMethod/USD/CY2017.json,2026-09-12T21:11:26Z,7802
frames/StockRepurchasedAndRetiredDuringPeriodValue_USD_CY2017.json,https://data.sec.gov/api/xbrl/frames/us-gaap/StockRepurchasedAndRetiredDuringPeriodValue/USD/CY2017.json,2026-09-12T21:11:27Z,71024
fec/sb/_tmp_C00035006_2022_p001.json,https://api.open.fec.gov/v1/schedules/schedule_b/?committee_id=C00035006&two_year_transaction_period=2022&per_page=100&sort=disbursement_date,2026-09-12T21:11:27Z,567753
fec/sb/_tmp_C00035006_2024_p001.json,https://api.open.fec.gov/v1/schedules/schedule_b/?committee_id=C00035006&two_year_transaction_period=2024&per_page=100&sort=disbursement_date,2026-09-12T21:11:28Z,548104
fec/sb/_tmp_C00035006_2016_p002.json,https://api.open.fec.gov/v1/schedules/schedule_b/?committee_id=C00035006&two_year_transaction_period=2016&per_page=100&sort=disbursement_date&last_index=4111320151257148797&last_disbursement_date=2015-06-15,2026-09-12T21:11:29Z,554040
fec/sb/_tmp_C00035006_2018_p002.json,https://api.open.fec.gov/v1/schedules/schedule_b/?committee_id=C00035006&two_year_transaction_period=2018&per_page=100&sort=disbursement_date&last_index=4081820171447631340&last_disbursement_date=2017-07-27,2026-09-12T21:11:30Z,534348
fec/sb/_tmp_C00035006_2020_p002.json,https://api.open.fec.gov/v1/schedules/schedule_b/?committee_id=C00035006&two_year_transaction_period=2020&per_page=100&sort=disbursement_date&last_index=4091920191673143569&last_disbursement_date=2019-08-05,2026-09-12T21:11:31Z,566630
fec/sb/_tmp_C00035006_2026_p001.json,https://api.open.fec.gov/v1/schedules/schedule_b/?committee_id=C00035006&two_year_transaction_period=2026&per_page=100&sort=disbursement_date,2026-09-12T21:11:32Z,552220
fec/sb/_tmp_C00035006_2022_p002.json,https://api.open.fec.gov/v1/schedules/schedule_b/?committee_id=C00035006&two_year_transaction_period=2022&per_page=100&sort=disbursement_date&last_index=4101920211374023061&last_disbursement_date=2021-09-23,2026-09-12T21:11:33Z,533240
fec/sb/_tmp_C00035006_2024_p002.json,https://api.open.fec.gov/v1/schedules/schedule_b/?committee_id=C00035006&two_year_transaction_period=2024&per_page=100&sort=disbursement_date&last_index=4072720231758137314&last_disbursement_date=2023-06-19,2026-09-12T21:11:34Z,535284
fec/sb/_tmp_C00035006_2016_p003.json,https://api.open.fec.gov/v1/schedules/schedule_b/?committee_id=C00035006&two_year_transaction_period=2016&per_page=100&sort=disbursement_date&last_index=4121520151259793878&last_disbursement_date=2015-11-03,2026-09-12T21:11:36Z,508639
fec/sb/_tmp_C00035006_2018_p003.json,https://api.open.fec.gov/v1/schedules/schedule_b/?committee_id=C00035006&two_year_transaction_period=2018&per_page=100&sort=disbursement_date&last_index=4020220181503739915&last_disbursement_date=2017-12-19,2026-09-12T21:11:37Z,517602
fec/sb/_tmp_C00035006_2020_p003.json,https://api.open.fec.gov/v1/schedules/schedule_b/?committee_id=C00035006&two_year_transaction_period=2020&per_page=100&sort=disbursement_date&last_index=4112020191679563316&last_disbursement_date=2019-10-08,2026-09-12T21:11:37Z,534460
fec/sb/_tmp_C00035006_2026_p002.json,https://api.open.fec.gov/v1/schedules/schedule_b/?committee_id=C00035006&two_year_transaction_period=2026&per_page=100&sort=disbursement_date&last_index=4071120251208195309&last_disbursement_date=2025-06-09,2026-09-12T21:11:39Z,518741
fec/sb/_tmp_C00035006_2022_p003.json,https://api.open.fec.gov/v1/schedules/schedule_b/?committee_id=C00035006&two_year_transaction_period=2022&per_page=100&sort=disbursement_date&last_index=4031720221460850986&last_disbursement_date=2022-02-08,2026-09-12T21:11:40Z,509843
fec/sb/_tmp_C00035006_2024_p003.json,https://api.open.fec.gov/v1/schedules/schedule_b/?committee_id=C00035006&two_year_transaction_period=2024&per_page=100&sort=disbursement_date&last_index=4121820231812727971&last_disbursement_date=2023-11-26,2026-09-12T21:11:41Z,480142
fec/sb/_tmp_C00035006_2016_p004.json,https://api.open.fec.gov/v1/schedules/schedule_b/?committee_id=C00035006&two_year_transaction_period=2016&per_page=100&sort=disbursement_date&last_index=4031120161276378849&last_disbursement_date=2016-02-25,2026-09-12T21:11:42Z,540328
fec/sb/_tmp_C00035006_2018_p004.json,https://api.open.fec.gov/v1/schedules/schedule_b/?committee_id=C00035006&two_year_transaction_period=2018&per_page=100&sort=disbursement_date&last_index=4042420181526385219&last_disbursement_date=2018-03-28,2026-09-12T21:11:43Z,548738
fec/sb/_tmp_C00035006_2020_p004.json,https://api.open.fec.gov/v1/schedules/schedule_b/?committee_id=C00035006&two_year_transaction_period=2020&per_page=100&sort=disbursement_date&last_index=4022420201694193753&last_disbursement_date=2020-01-22,2026-09-12T21:11:44Z,543216
fec/sb/_tmp_C00035006_2026_p003.json,https://api.open.fec.gov/v1/schedules/schedule_b/?committee_id=C00035006&two_year_transaction_period=2026&per_page=100&sort=disbursement_date&last_index=4012820261304060050&last_disbursement_date=2025-12-02,2026-09-12T21:11:45Z,492019
fec/sb/_tmp_C00035006_2022_p004.json,https://api.open.fec.gov/v1/schedules/schedule_b/?committee_id=C00035006&two_year_transaction_period=2022&per_page=100&sort=disbursement_date&last_index=4111520221629534177&last_disbursement_date=2022-09-12,2026-09-12T21:11:46Z,447469
fec/sb/_tmp_C00035006_2024_p004.json,https://api.open.fec.gov/v1/schedules/schedule_b/?committee_id=C00035006&two_year_transaction_period=2024&per_page=100&sort=disbursement_date&last_index=4031520241885105776&last_disbursement_date=2024-02-12,2026-09-12T21:11:47Z,530139
fec/sb/_tmp_C00035006_2016_p005.json,https://api.open.fec.gov/v1/schedules/schedule_b/?committee_id=C00035006&two_year_transaction_period=2016&per_page=100&sort=disbursement_date&last_index=4080220161307765667&last_disbursement_date=2016-06-20,2026-09-12T21:11:48Z,454546
fec/sb/_tmp_C00035006_2018_p005.json,https://api.open.fec.gov/v1/schedules/schedule_b/?committee_id=C00035006&two_year_transaction_period=2018&per_page=100&sort=disbursement_date&last_index=4071820181576246196&last_disbursement_date=2018-06-14,2026-09-12T21:11:50Z,439774
fec/sb/_tmp_C00035006_2020_p005.json,https://api.open.fec.gov/v1/schedules/schedule_b/?committee_id=C00035006&two_year_transaction_period=2020&per_page=100&sort=disbursement_date&last_index=4072220201794121032&last_disbursement_date=2020-06-15,2026-09-12T21:11:50Z,520994
fec/sb/_tmp_C00035006_2026_p004.json,https://api.open.fec.gov/v1/schedules/schedule_b/?committee_id=C00035006&two_year_transaction_period=2026&per_page=100&sort=disbursement_date&last_index=4031220261421924777&last_disbursement_date=2026-01-23,2026-09-12T21:11:51Z,527701
fec/sb/_tmp_C00035006_2022_p005.json,https://api.open.fec.gov/v1/schedules/schedule_b/?committee_id=C00035006&two_year_transaction_period=2022&per_page=100&sort=disbursement_date&last_index=4111520221629534294&last_disbursement_date=2022-09-14,2026-09-12T21:11:53Z,463310
fec/sb/_tmp_C00035006_2016_p006.json,https://api.open.fec.gov/v1/schedules/schedule_b/?committee_id=C00035006&two_year_transaction_period=2016&per_page=100&sort=disbursement_date&last_index=4111520161347300355&last_disbursement_date=2016-09-08,2026-09-12T21:11:55Z,467890
fec/sb/_tmp_C00035006_2018_p006.json,https://api.open.fec.gov/v1/schedules/schedule_b/?committee_id=C00035006&two_year_transaction_period=2018&per_page=100&sort=disbursement_date&last_index=4103020181607667697&last_disbursement_date=2018-09-12,2026-09-12T21:11:56Z,525888
fec/sb/_tmp_C00035006_2020_p006.json,https://api.open.fec.gov/v1/schedules/schedule_b/?committee_id=C00035006&two_year_transaction_period=2020&per_page=100&sort=disbursement_date&last_index=4112520201960738686&last_disbursement_date=2020-09-17,2026-09-12T21:11:56Z,455114
fec/sb/_tmp_C00035006_2024_p005.json,https://api.open.fec.gov/v1/schedules/schedule_b/?committee_id=C00035006&two_year_transaction_period=2024&per_page=100&sort=disbursement_date&last_index=4081520242013394424&last_disbursement_date=2024-07-23,2026-09-12T21:11:56Z,492646
fec/sb/_tmp_C00035519_2016_p001.json,https://api.open.fec.gov/v1/schedules/schedule_b/?committee_id=C00035519&two_year_transaction_period=2016&per_page=100&sort=disbursement_date,2026-09-12T21:11:58Z,509903
fec/sb/_tmp_C00035006_2022_p006.json,https://api.open.fec.gov/v1/schedules/schedule_b/?committee_id=C00035006&two_year_transaction_period=2022&per_page=100&sort=disbursement_date&last_index=4010520231666158482&last_disbursement_date=2022-10-25,2026-09-12T21:11:59Z,339146
fec/sb/_tmp_C00035006_2016_p007.json,https://api.open.fec.gov/v1/schedules/schedule_b/?committee_id=C00035006&two_year_transaction_period=2016&per_page=100&sort=disbursement_date&last_index=4121620161357471360&last_disbursement_date=2016-11-02,2026-09-12T21:11:59Z,66557
fec/sb/_tmp_C00035006_2018_p007.json,https://api.open.fec.gov/v1/schedules/schedule_b/?committee_id=C00035006&two_year_transaction_period=2018&per_page=100&sort=disbursement_date&last_index=4121020181620694330&last_disbursement_date=2018-10-31,2026-09-12T21:12:00Z,28751
fec/sb/_tmp_C00035006_2020_p007.json,https://api.open.fec.gov/v1/schedules/schedule_b/?committee_id=C00035006&two_year_transaction_period=2020&per_page=100&sort=disbursement_date&last_index=4020220212140268479&last_disbursement_date=2020-12-01,2026-09-12T21:12:01Z,89184
fec/sb/_tmp_C00035006_2024_p006.json,https://api.open.fec.gov/v1/schedules/schedule_b/?committee_id=C00035006&two_year_transaction_period=2024&per_page=100&sort=disbursement_date&last_index=4101020242069429467&last_disbursement_date=2024-09-19,2026-09-12T21:12:03Z,463257
fec/sb/_tmp_C00035519_2016_p002.json,https://api.open.fec.gov/v1/schedules/schedule_b/?committee_id=C00035519&two_year_transaction_period=2016&per_page=100&sort=disbursement_date&last_index=4072020151247534085&last_disbursement_date=2015-06-04,2026-09-12T21:12:04Z,471580
fec/sb/_tmp_C00035519_2018_p001.json,https://api.open.fec.gov/v1/schedules/schedule_b/?committee_id=C00035519&two_year_transaction_period=2018&per_page=100&sort=disbursement_date,2026-09-12T21:12:05Z,470818
fec/sb/_tmp_C00035519_2020_p001.json,https://api.open.fec.gov/v1/schedules/schedule_b/?committee_id=C00035519&two_year_transaction_period=2020&per_page=100&sort=disbursement_date,2026-09-12T21:12:06Z,486876
fec/sb/_tmp_C00035519_2022_p001.json,https://api.open.fec.gov/v1/schedules/schedule_b/?committee_id=C00035519&two_year_transaction_period=2022&per_page=100&sort=disbursement_date,2026-09-12T21:12:07Z,463084
fec/sb/_tmp_C00035519_2024_p001.json,https://api.open.fec.gov/v1/schedules/schedule_b/?committee_id=C00035519&two_year_transaction_period=2024&per_page=100&sort=disbursement_date,2026-09-12T21:12:08Z,470610
fec/sb/_tmp_C00035006_2024_p007.json,https://api.open.fec.gov/v1/schedules/schedule_b/?committee_id=C00035006&two_year_transaction_period=2024&per_page=100&sort=disbursement_date&last_index=4101020242069429449&last_disbursement_date=2024-09-23,2026-09-12T21:12:09Z,445923
fec/sb/_tmp_C00035519_2016_p003.json,https://api.open.fec.gov/v1/schedules/schedule_b/?committee_id=C00035519&two_year_transaction_period=2016&per_page=100&sort=disbursement_date&last_index=4030220161276046254&last_disbursement_date=2016-02-09,2026-09-12T21:12:11Z,469737
fec/sb/_tmp_C00035519_2018_p002.json,https://api.open.fec.gov/v1/schedules/schedule_b/?committee_id=C00035519&two_year_transaction_period=2018&per_page=100&sort=disbursement_date&last_index=4121320171488679042&last_disbursement_date=2017-11-20,2026-09-12T21:12:11Z,480901
fec/sb/_tmp_C00035519_2020_p002.json,https://api.open.fec.gov/v1/schedules/schedule_b/?committee_id=C00035519&two_year_transaction_period=2020&per_page=100&sort=disbursement_date&last_index=4111320191678668262&last_disbursement_date=2019-10-27,2026-09-12T21:12:12Z,489244
fec/sb/_tmp_C00035519_2022_p002.json,https://api.open.fec.gov/v1/schedules/schedule_b/?committee_id=C00035519&two_year_transaction_period=2022&per_page=100&sort=disbursement_date&last_index=4012820221403596646&last_disbursement_date=2021-12-02,2026-09-12T21:12:13Z,477767
fec/sb/_tmp_C00035519_2024_p002.json,https://api.open.fec.gov/v1/schedules/schedule_b/?committee_id=C00035519&two_year_transaction_period=2024&per_page=100&sort=disbursement_date&last_index=4102520231807331429&last_disbursement_date=2023-09-15,2026-09-12T21:12:14Z,494093
fec/sb/_tmp_C00035006_2024_p008.json,https://api.open.fec.gov/v1/schedules/schedule_b/?committee_id=C00035006&two_year_transaction_period=2024&per_page=100&sort=disbursement_date&last_index=4112120241072134339&last_disbursement_date=2024-10-15,2026-09-12T21:12:15Z,133196
fec/sb/_tmp_C00035519_2016_p004.json,https://api.open.fec.gov/v1/schedules/schedule_b/?committee_id=C00035519&two_year_transaction_period=2016&per_page=100&sort=disbursement_date&last_index=4090920161316967326&last_disbursement_date=2016-08-01,2026-09-12T21:12:16Z,203370
fec/sb/_tmp_C00035519_2018_p003.json,https://api.open.fec.gov/v1/schedules/schedule_b/?committee_id=C00035519&two_year_transaction_period=2018&per_page=100&sort=disbursement_date&last_index=4100720181598784969&last_disbursement_date=2018-09-27,2026-09-12T21:12:17Z,254987
fec/sb/_tmp_C00035519_2020_p003.json,https://api.open.fec.gov/v1/schedules/schedule_b/?committee_id=C00035519&two_year_transaction_period=2020&per_page=100&sort=disbursement_date&last_index=4101320201857492399&last_disbursement_date=2020-09-25,2026-09-12T21:12:18Z,261277
fec/sb/_tmp_C00035519_2022_p003.json,https://api.open.fec.gov/v1/schedules/schedule_b/?committee_id=C00035519&two_year_transaction_period=2022&per_page=100&sort=disbursement_date&last_index=4092120221576413513&last_disbursement_date=2022-08-30,2026-09-12T21:12:19Z,321393
fec/sb/_tmp_C00035519_2024_p003.json,https://api.open.fec.gov/v1/schedules/schedule_b/?committee_id=C00035519&two_year_transaction_period=2024&per_page=100&sort=disbursement_date&last_index=4062020241961793590&last_disbursement_date=2024-05-01,2026-09-12T21:12:21Z,479325
fec/sb/_tmp_C00035519_2026_p001.json,https://api.open.fec.gov/v1/schedules/schedule_b/?committee_id=C00035519&two_year_transaction_period=2026&per_page=100&sort=disbursement_date,2026-09-12T21:12:22Z,481499
fec/sb/_tmp_C00035675_2016_p001.json,https://api.open.fec.gov/v1/schedules/schedule_b/?committee_id=C00035675&two_year_transaction_period=2016&per_page=100&sort=disbursement_date,2026-09-12T21:12:23Z,551417
fec/sb/_tmp_C00035675_2018_p001.json,https://api.open.fec.gov/v1/schedules/schedule_b/?committee_id=C00035675&two_year_transaction_period=2018&per_page=100&sort=disbursement_date,2026-09-12T21:12:25Z,552115
fec/sb/_tmp_C00035675_2020_p001.json,https://api.open.fec.gov/v1/schedules/schedule_b/?committee_id=C00035675&two_year_transaction_period=2020&per_page=100&sort=disbursement_date,2026-09-12T21:12:25Z,557329
fec/sb/_tmp_C00035675_2022_p001.json,https://api.open.fec.gov/v1/schedules/schedule_b/?committee_id=C00035675&two_year_transaction_period=2022&per_page=100&sort=disbursement_date,2026-09-12T21:12:26Z,495519
fec/sb/_tmp_C00035519_2024_p004.json,https://api.open.fec.gov/v1/schedules/schedule_b/?committee_id=C00035519&two_year_transaction_period=2024&per_page=100&sort=disbursement_date&last_index=4021020251166955213&last_disbursement_date=2024-12-18,2026-09-12T21:12:27Z,57129
fec/sb/_tmp_C00035519_2026_p002.json,https://api.open.fec.gov/v1/schedules/schedule_b/?committee_id=C00035519&two_year_transaction_period=2026&per_page=100&sort=disbursement_date&last_index=4011420261302102191&last_disbursement_date=2025-10-02,2026-09-12T21:12:29Z,478364
fec/sb/_tmp_C00035675_2016_p002.json,https://api.open.fec.gov/v1/schedules/schedule_b/?committee_id=C00035675&two_year_transaction_period=2016&per_page=100&sort=disbursement_date&last_index=4063020161300377487&last_disbursement_date=2015-10-07,2026-09-12T21:12:29Z,493716
fec/sb/_tmp_C00035675_2018_p002.json,https://api.open.fec.gov/v1/schedules/schedule_b/?committee_id=C00035675&two_year_transaction_period=2018&per_page=100&sort=disbursement_date&last_index=4081820171447635020&last_disbursement_date=2017-07-21,2026-09-12T21:12:30Z,529400
fec/sb/_tmp_C00035675_2020_p002.json,https://api.open.fec.gov/v1/schedules/schedule_b/?committee_id=C00035675&two_year_transaction_period=2020&per_page=100&sort=disbursement_date&last_index=4122020191682072627&last_disbursement_date=2019-11-06,2026-09-12T21:12:31Z,522209
fec/sb/_tmp_C00035675_2022_p002.json,https://api.open.fec.gov/v1/schedules/schedule_b/?committee_id=C00035675&two_year_transaction_period=2022&per_page=100&sort=disbursement_date&last_index=4061120221501115926&last_disbursement_date=2021-09-23,2026-09-12T21:12:32Z,501665
fec/sb/_tmp_C00035675_2024_p001.json,https://api.open.fec.gov/v1/schedules/schedule_b/?committee_id=C00035675&two_year_transaction_period=2024&per_page=100&sort=disbursement_date,2026-09-12T21:12:33Z,550793
fec/sb/_tmp_C00035519_2026_p003.json,https://api.open.fec.gov/v1/schedules/schedule_b/?committee_id=C00035519&two_year_transaction_period=2026&per_page=100&sort=disbursement_date&last_index=4090420261595781482&last_disbursement_date=2026-07-01,2026-09-12T21:12:34Z,4430
fec/sb/_tmp_C00035675_2016_p003.json,https://api.open.fec.gov/v1/schedules/schedule_b/?committee_id=C00035675&two_year_transaction_period=2016&per_page=100&sort=disbursement_date&last_index=4072720161307208353&last_disbursement_date=2016-04-11,2026-09-12T21:12:36Z,549291
fec/sb/_tmp_C00035675_2018_p003.json,https://api.open.fec.gov/v1/schedules/schedule_b/?committee_id=C00035675&two_year_transaction_period=2018&per_page=100&sort=disbursement_date&last_index=4051820181565917532&last_disbursement_date=2018-04-23,2026-09-12T21:12:37Z,540244
fec/sb/_tmp_C00035675_2020_p003.json,https://api.open.fec.gov/v1/schedules/schedule_b/?committee_id=C00035675&two_year_transaction_period=2020&per_page=100&sort=disbursement_date&last_index=4092320201849367516&last_disbursement_date=2020-08-12,2026-09-12T21:12:37Z,462064
fec/sb/_tmp_C00035675_2022_p003.json,https://api.open.fec.gov/v1/schedules/schedule_b/?committee_id=C00035675&two_year_transaction_period=2022&per_page=100&sort=disbursement_date&last_index=4062220221530775354&last_disbursement_date=2022-05-20,2026-09-12T21:12:38Z,486613
fec/sb/_tmp_C00035675_2024_p002.json,https://api.open.fec.gov/v1/schedules/schedule_b/?committee_id=C00035675&two_year_transaction_period=2024&per_page=100&sort=disbursement_date&last_index=4092020231802659383&last_disbursement_date=2023-08-25,2026-09-12T21:12:40Z,468548
fec/sb/_tmp_C00035675_2026_p001.json,https://api.open.fec.gov/v1/schedules/schedule_b/?committee_id=C00035675&two_year_transaction_period=2026&per_page=100&sort=disbursement_date,2026-09-12T21:12:41Z,531649
fec/sb/_tmp_C00035675_2016_p004.json,https://api.open.fec.gov/v1/schedules/schedule_b/?committee_id=C00035675&two_year_transaction_period=2016&per_page=100&sort=disbursement_date&last_index=4111820161350894653&last_disbursement_date=2016-09-12,2026-09-12T21:12:42Z,290090
fec/sb/_tmp_C00035675_2018_p004.json,https://api.open.fec.gov/v1/schedules/schedule_b/?committee_id=C00035675&two_year_transaction_period=2018&per_page=100&sort=disbursement_date&last_index=4103020181607759878&last_disbursement_date=2018-09-13,2026-09-12T21:12:43Z,334062
fec/sb/_tmp_C00035675_2020_p004.json,https://api.open.fec.gov/v1/schedules/schedule_b/?committee_id=C00035675&two_year_transaction_period=2020&per_page=100&sort=disbursement_date&last_index=4120220201963110679&last_disbursement_date=2020-09-23,2026-09-12T21:12:44Z,345740
frames/StockRepurchasedDuringPeriodValue_USD_CY2016.json,https://data.sec.gov/api/xbrl/frames/us-gaap/StockRepurchasedDuringPeriodValue/USD/CY2016.json,2026-09-12T21:12:45Z,110636
fec/sb/_tmp_C00035675_2022_p004.json,https://api.open.fec.gov/v1/schedules/schedule_b/?committee_id=C00035675&two_year_transaction_period=2022&per_page=100&sort=disbursement_date&last_index=4102920221593090229&last_disbursement_date=2022-09-07,2026-09-12T21:12:45Z,414298
fec/sb/_tmp_C00035675_2024_p003.json,https://api.open.fec.gov/v1/schedules/schedule_b/?committee_id=C00035675&two_year_transaction_period=2024&per_page=100&sort=disbursement_date&last_index=4102520231807334331&last_disbursement_date=2023-09-27,2026-09-12T21:12:46Z,464382
frames/StockRepurchasedAndRetiredDuringPeriodValue_USD_CY2016.json,https://data.sec.gov/api/xbrl/frames/us-gaap/StockRepurchasedAndRetiredDuringPeriodValue/USD/CY2016.json,2026-09-12T21:12:46Z,80790
frames/PaymentsForRepurchaseOfOtherEquity_USD_CY2016.json,https://data.sec.gov/api/xbrl/frames/us-gaap/PaymentsForRepurchaseOfOtherEquity/USD/CY2016.json,2026-09-12T21:12:46Z,10582
fec/sb/_tmp_C00035675_2026_p002.json,https://api.open.fec.gov/v1/schedules/schedule_b/?committee_id=C00035675&two_year_transaction_period=2026&per_page=100&sort=disbursement_date&last_index=4081420251218389049&last_disbursement_date=2025-07-23,2026-09-12T21:12:47Z,447980
frames/PaymentsOfOrdinaryDividends_USD_CY2016.json,https://data.sec.gov/api/xbrl/frames/us-gaap/PaymentsOfOrdinaryDividends/USD/CY2016.json,2026-09-12T21:12:47Z,18487
frames/CommonStockDividendsPerShareCashPaid_USD-per-shares_CY2016.json,https://data.sec.gov/api/xbrl/frames/us-gaap/CommonStockDividendsPerShareCashPaid/USD-per-shares/CY2016.json,2026-09-12T21:12:48Z,107671
fec/sb/_tmp_C00035683_2016_p001.json,https://api.open.fec.gov/v1/schedules/schedule_b/?committee_id=C00035683&two_year_transaction_period=2016&per_page=100&sort=disbursement_date,2026-09-12T21:12:48Z,559269
frames/CommonStockDividendsPerShareCashPaid_USD-per-shares_CY2017.json,https://data.sec.gov/api/xbrl/frames/us-gaap/CommonStockDividendsPerShareCashPaid/USD-per-shares/CY2017.json,2026-09-12T21:12:48Z,107597
fec/sb/_tmp_C00035683_2018_p001.json,https://api.open.fec.gov/v1/schedules/schedule_b/?committee_id=C00035683&two_year_transaction_period=2018&per_page=100&sort=disbursement_date,2026-09-12T21:12:49Z,553238
frames/StockRepurchasedDuringPeriodValue_USD_CY2018.json,https://data.sec.gov/api/xbrl/frames/us-gaap/StockRepurchasedDuringPeriodValue/USD/CY2018.json,2026-09-12T21:12:49Z,110684
frames/StockRepurchasedAndRetiredDuringPeriodValue_USD_CY2018.json,https://data.sec.gov/api/xbrl/frames/us-gaap/StockRepurchasedAndRetiredDuringPeriodValue/USD/CY2018.json,2026-09-12T21:12:50Z,77483
fec/sb/_tmp_C00035683_2020_p001.json,https://api.open.fec.gov/v1/schedules/schedule_b/?committee_id=C00035683&two_year_transaction_period=2020&per_page=100&sort=disbursement_date,2026-09-12T21:12:50Z,556007
frames/PaymentsForRepurchaseOfOtherEquity_USD_CY2018.json,https://data.sec.gov/api/xbrl/frames/us-gaap/PaymentsForRepurchaseOfOtherEquity/USD/CY2018.json,2026-09-12T21:12:50Z,10423
fec/sb/_tmp_C00035683_2022_p001.json,https://api.open.fec.gov/v1/schedules/schedule_b/?committee_id=C00035683&two_year_transaction_period=2022&per_page=100&sort=disbursement_date,2026-09-12T21:12:51Z,127
frames/PaymentsOfOrdinaryDividends_USD_CY2018.json,https://data.sec.gov/api/xbrl/frames/us-gaap/PaymentsOfOrdinaryDividends/USD/CY2018.json,2026-09-12T21:12:51Z,18466
frames/CommonStockDividendsPerShareCashPaid_USD-per-shares_CY2018.json,https://data.sec.gov/api/xbrl/frames/us-gaap/CommonStockDividendsPerShareCashPaid/USD-per-shares/CY2018.json,2026-09-12T21:12:52Z,104835
fec/sb/_tmp_C00035675_2024_p004.json,https://api.open.fec.gov/v1/schedules/schedule_b/?committee_id=C00035675&two_year_transaction_period=2024&per_page=100&sort=disbursement_date&last_index=4020720241823314847&last_disbursement_date=2023-12-07,2026-09-12T21:12:52Z,527822
frames/StockRepurchasedDuringPeriodValue_USD_CY2019.json,https://data.sec.gov/api/xbrl/frames/us-gaap/StockRepurchasedDuringPeriodValue/USD/CY2019.json,2026-09-12T21:12:53Z,114331
fec/sb/_tmp_C00035675_2026_p003.json,https://api.open.fec.gov/v1/schedules/schedule_b/?committee_id=C00035675&two_year_transaction_period=2026&per_page=100&sort=disbursement_date&last_index=4011520261302492982&last_disbursement_date=2025-11-04,2026-09-12T21:12:53Z,533687
frames/StockRepurchasedAndRetiredDuringPeriodValue_USD_CY2019.json,https://data.sec.gov/api/xbrl/frames/us-gaap/StockRepurchasedAndRetiredDuringPeriodValue/USD/CY2019.json,2026-09-12T21:12:53Z,77364
fec/sb/_tmp_C00035683_2016_p002.json,https://api.open.fec.gov/v1/schedules/schedule_b/?committee_id=C00035683&two_year_transaction_period=2016&per_page=100&sort=disbursement_date&last_index=4041720151242017300&last_disbursement_date=2015-03-19,2026-09-12T21:12:54Z,561359
frames/PaymentsForRepurchaseOfOtherEquity_USD_CY2019.json,https://data.sec.gov/api/xbrl/frames/us-gaap/PaymentsForRepurchaseOfOtherEquity/USD/CY2019.json,2026-09-12T21:12:55Z,10894
fec/sb/_tmp_C00035683_2018_p002.json,https://api.open.fec.gov/v1/schedules/schedule_b/?committee_id=C00035683&two_year_transaction_period=2018&per_page=100&sort=disbursement_date&last_index=4041420171398604811&last_disbursement_date=2017-03-30,2026-09-12T21:12:55Z,551547
frames/PaymentsOfOrdinaryDividends_USD_CY2019.json,https://data.sec.gov/api/xbrl/frames/us-gaap/PaymentsOfOrdinaryDividends/USD/CY2019.json,2026-09-12T21:12:56Z,16990
fec/sb/_tmp_C00035683_2020_p002.json,https://api.open.fec.gov/v1/schedules/schedule_b/?committee_id=C00035683&two_year_transaction_period=2020&per_page=100&sort=disbursement_date&last_index=4062020191658312993&last_disbursement_date=2019-05-09,2026-09-12T21:12:56Z,548219
frames/CommonStockDividendsPerShareCashPaid_USD-per-shares_CY2019.json,https://data.sec.gov/api/xbrl/frames/us-gaap/CommonStockDividendsPerShareCashPaid/USD-per-shares/CY2019.json,2026-09-12T21:12:57Z,102199
fec/sb/_tmp_C00035683_2024_p001.json,https://api.open.fec.gov/v1/schedules/schedule_b/?committee_id=C00035683&two_year_transaction_period=2024&per_page=100&sort=disbursement_date,2026-09-12T21:12:57Z,127
frames/StockRepurchasedDuringPeriodValue_USD_CY2020.json,https://data.sec.gov/api/xbrl/frames/us-gaap/StockRepurchasedDuringPeriodValue/USD/CY2020.json,2026-09-12T21:12:57Z,120864
fec/sb/_tmp_C00035675_2024_p005.json,https://api.open.fec.gov/v1/schedules/schedule_b/?committee_id=C00035675&two_year_transaction_period=2024&per_page=100&sort=disbursement_date&last_index=4052020241949767827&last_disbursement_date=2024-04-26,2026-09-12T21:12:59Z,489416
fec/sb/_tmp_C00035675_2026_p004.json,https://api.open.fec.gov/v1/schedules/schedule_b/?committee_id=C00035675&two_year_transaction_period=2026&per_page=100&sort=disbursement_date&last_index=4071020261533709089&last_disbursement_date=2026-05-05,2026-09-12T21:12:59Z,436780
frames/StockRepurchasedAndRetiredDuringPeriodValue_USD_CY2020.json,https://data.sec.gov/api/xbrl/frames/us-gaap/StockRepurchasedAndRetiredDuringPeriodValue/USD/CY2020.json,2026-09-12T21:13:00Z,72820
fec/sb/_tmp_C00035683_2016_p003.json,https://api.open.fec.gov/v1/schedules/schedule_b/?committee_id=C00035683&two_year_transaction_period=2016&per_page=100&sort=disbursement_date&last_index=4061820151245789030&last_disbursement_date=2015-05-21,2026-09-12T21:13:00Z,563330
frames/PaymentsForRepurchaseOfOtherEquity_USD_CY2020.json,https://data.sec.gov/api/xbrl/frames/us-gaap/PaymentsForRepurchaseOfOtherEquity/USD/CY2020.json,2026-09-12T21:13:01Z,9860
fec/sb/_tmp_C00035683_2018_p003.json,https://api.open.fec.gov/v1/schedules/schedule_b/?committee_id=C00035683&two_year_transaction_period=2018&per_page=100&sort=disbursement_date&last_index=4071320171418831012&last_disbursement_date=2017-06-29,2026-09-12T21:13:03Z,549132
fec/sb/_tmp_C00035683_2020_p003.json,https://api.open.fec.gov/v1/schedules/schedule_b/?committee_id=C00035683&two_year_transaction_period=2020&per_page=100&sort=disbursement_date&last_index=4081920191663934135&last_disbursement_date=2019-07-30,2026-09-12T21:13:03Z,553568
fec/sb/_tmp_C00035683_2026_p001.json,https://api.open.fec.gov/v1/schedules/schedule_b/?committee_id=C00035683&two_year_transaction_period=2026&per_page=100&sort=disbursement_date,2026-09-12T21:13:04Z,127
frames/PaymentsOfOrdinaryDividends_USD_CY2020.json,https://data.sec.gov/api/xbrl/frames/us-gaap/PaymentsOfOrdinaryDividends/USD/CY2020.json,2026-09-12T21:13:04Z,17025
fec/sb/_tmp_C00035683_2020_p004.json,https://api.open.fec.gov/v1/schedules/schedule_b/?committee_id=C00035683&two_year_transaction_period=2020&per_page=100&sort=disbursement_date&last_index=4121820191681713536&last_disbursement_date=2019-11-18,2026-09-12T21:13:10Z,555460
fec/sb/_tmp_C00035683_2018_p004.json,https://api.open.fec.gov/v1/schedules/schedule_b/?committee_id=C00035683&two_year_transaction_period=2018&per_page=100&sort=disbursement_date&last_index=4101220171458220827&last_disbursement_date=2017-09-28,2026-09-12T21:13:10Z,550410
fec/sb/_tmp_C00035691_2016_p001.json,https://api.open.fec.gov/v1/schedules/schedule_b/?committee_id=C00035691&two_year_transaction_period=2016&per_page=100&sort=disbursement_date,2026-09-12T21:13:10Z,538085
fec/sb/_tmp_C00035691_2018_p001.json,https://api.open.fec.gov/v1/schedules/schedule_b/?committee_id=C00035691&two_year_transaction_period=2018&per_page=100&sort=disbursement_date,2026-09-12T21:13:11Z,519332
fec/sb/_tmp_C00035683_2020_p005.json,https://api.open.fec.gov/v1/schedules/schedule_b/?committee_id=C00035683&two_year_transaction_period=2020&per_page=100&sort=disbursement_date&last_index=4040720201734923482&last_disbursement_date=2020-03-17,2026-09-12T21:13:11Z,76471
frames/CommonStockDividendsPerShareCashPaid_USD-per-shares_CY2020.json,https://data.sec.gov/api/xbrl/frames/us-gaap/CommonStockDividendsPerShareCashPaid/USD-per-shares/CY2020.json,2026-09-12T21:13:12Z,98753
fec/sb/_tmp_C00035683_2016_p004.json,https://api.open.fec.gov/v1/schedules/schedule_b/?committee_id=C00035683&two_year_transaction_period=2016&per_page=100&sort=disbursement_date&last_index=4081320151248570389&last_disbursement_date=2015-07-23,2026-09-12T21:13:12Z,563549
fec/sb/_tmp_C00035683_2018_p005.json,https://api.open.fec.gov/v1/schedules/schedule_b/?committee_id=C00035683&two_year_transaction_period=2018&per_page=100&sort=disbursement_date&last_index=4011120181502825135&last_disbursement_date=2017-12-07,2026-09-12T21:13:13Z,553093
frames/StockRepurchasedDuringPeriodValue_USD_CY2021.json,https://data.sec.gov/api/xbrl/frames/us-gaap/StockRepurchasedDuringPeriodValue/USD/CY2021.json,2026-09-12T21:13:13Z,115390
fec/sb/_tmp_C00035691_2016_p002.json,https://api.open.fec.gov/v1/schedules/schedule_b/?committee_id=C00035691&two_year_transaction_period=2016&per_page=100&sort=disbursement_date&last_index=4081820151249280064&last_disbursement_date=2015-07-28,2026-09-12T21:13:14Z,535263
fec/sb/_tmp_C00035691_2018_p002.json,https://api.open.fec.gov/v1/schedules/schedule_b/?committee_id=C00035691&two_year_transaction_period=2018&per_page=100&sort=disbursement_date&last_index=4111620171464064597&last_disbursement_date=2017-10-10,2026-09-12T21:13:14Z,508220
frames/StockRepurchasedAndRetiredDuringPeriodValue_USD_CY2021.json,https://data.sec.gov/api/xbrl/frames/us-gaap/StockRepurchasedAndRetiredDuringPeriodValue/USD/CY2021.json,2026-09-12T21:13:15Z,68460
fec/sb/_tmp_C00035691_2020_p001.json,https://api.open.fec.gov/v1/schedules/schedule_b/?committee_id=C00035691&two_year_transaction_period=2020&per_page=100&sort=disbursement_date,2026-09-12T21:13:19Z,506935
fec/sb/_tmp_C00035683_2018_p006.json,https://api.open.fec.gov/v1/schedules/schedule_b/?committee_id=C00035683&two_year_transaction_period=2018&per_page=100&sort=disbursement_date&last_index=4042320181526336936&last_disbursement_date=2018-03-22,2026-09-12T21:13:19Z,551644
fec/sb/_tmp_C00035683_2016_p005.json,https://api.open.fec.gov/v1/schedules/schedule_b/?committee_id=C00035683&two_year_transaction_period=2016&per_page=100&sort=disbursement_date&last_index=4111220151257010329&last_disbursement_date=2015-10-01,2026-09-12T21:13:23Z,557293
fec/sb/_tmp_C00035691_2018_p003.json,https://api.open.fec.gov/v1/schedules/schedule_b/?committee_id=C00035691&two_year_transaction_period=2018&per_page=100&sort=disbursement_date&last_index=4103020181607669903&last_disbursement_date=2018-09-18,2026-09-12T21:13:23Z,123104
frames/PaymentsForRepurchaseOfOtherEquity_USD_CY2021.json,https://data.sec.gov/api/xbrl/frames/us-gaap/PaymentsForRepurchaseOfOtherEquity/USD/CY2021.json,2026-09-12T21:13:23Z,8699
fec/sb/_tmp_C00035675_2024_p006.json,https://api.open.fec.gov/v1/schedules/schedule_b/?committee_id=C00035675&two_year_transaction_period=2024&per_page=100&sort=disbursement_date&last_index=4112220241072853969&last_disbursement_date=2024-08-22,2026-09-12T21:13:25Z,452553
fec/sb/_tmp_C00035691_2020_p002.json,https://api.open.fec.gov/v1/schedules/schedule_b/?committee_id=C00035691&two_year_transaction_period=2020&per_page=100&sort=disbursement_date&last_index=4031620201703196963&last_disbursement_date=2020-02-04,2026-09-12T21:13:25Z,394274
fec/sb/_tmp_C00035691_2016_p003.json,https://api.open.fec.gov/v1/schedules/schedule_b/?committee_id=C00035691&two_year_transaction_period=2016&per_page=100&sort=disbursement_date&last_index=4061720161299160734&last_disbursement_date=2016-05-17,2026-09-12T21:13:25Z,550652
fec/sb/_tmp_C00035675_2024_p007.json,https://api.open.fec.gov/v1/schedules/schedule_b/?committee_id=C00035675&two_year_transaction_period=2024&per_page=100&sort=disbursement_date&last_index=4122720241124923001&last_disbursement_date=2024-10-31,2026-09-12T21:13:28Z,8425
fec/sb/_tmp_C00035691_2024_p001.json,https://api.open.fec.gov/v1/schedules/schedule_b/?committee_id=C00035691&two_year_transaction_period=2024&per_page=100&sort=disbursement_date,2026-09-12T21:13:30Z,508657
fec/sb/_tmp_C00035683_2018_p007.json,https://api.open.fec.gov/v1/schedules/schedule_b/?committee_id=C00035683&two_year_transaction_period=2018&per_page=100&sort=disbursement_date&last_index=4072620181576836904&last_disbursement_date=2018-06-14,2026-09-12T21:13:31Z,552332
fec/sb/_tmp_C00035683_2016_p006.json,https://api.open.fec.gov/v1/schedules/schedule_b/?committee_id=C00035683&two_year_transaction_period=2016&per_page=100&sort=disbursement_date&last_index=4031720161276502902&last_disbursement_date=2016-02-04,2026-09-12T21:13:33Z,564630
fec/sb/_tmp_C00035691_2016_p004.json,https://api.open.fec.gov/v1/schedules/schedule_b/?committee_id=C00035691&two_year_transaction_period=2016&per_page=100&sort=disbursement_date&last_index=4112320161351231947&last_disbursement_date=2016-10-12,2026-09-12T21:13:33Z,198207
fec/sb/_tmp_C00035691_2022_p001.json,https://api.open.fec.gov/v1/schedules/schedule_b/?committee_id=C00035691&two_year_transaction_period=2022&per_page=100&sort=disbursement_date,2026-09-12T21:13:34Z,526821
fec/sb/_tmp_C00035691_2024_p002.json,https://api.open.fec.gov/v1/schedules/schedule_b/?committee_id=C00035691&two_year_transaction_period=2024&per_page=100&sort=disbursement_date&last_index=4062020241961800250&last_disbursement_date=2024-05-29,2026-09-12T21:13:35Z,368700
frames/PaymentsOfOrdinaryDividends_USD_CY2021.json,https://data.sec.gov/api/xbrl/frames/us-gaap/PaymentsOfOrdinaryDividends/USD/CY2021.json,2026-09-12T21:13:36Z,18246
fec/sb/_tmp_C00035683_2016_p007.json,https://api.open.fec.gov/v1/schedules/schedule_b/?committee_id=C00035683&two_year_transaction_period=2016&per_page=100&sort=disbursement_date&last_index=4061720161299124608&last_disbursement_date=2016-05-05,2026-09-12T21:13:42Z,563156
fec/sb/_tmp_C00039305_2016_p001.json,https://api.open.fec.gov/v1/schedules/schedule_b/?committee_id=C00039305&two_year_transaction_period=2016&per_page=100&sort=disbursement_date,2026-09-12T21:13:45Z,413107
fec/sb/_tmp_C00035691_2026_p001.json,https://api.open.fec.gov/v1/schedules/schedule_b/?committee_id=C00035691&two_year_transaction_period=2026&per_page=100&sort=disbursement_date,2026-09-12T21:13:46Z,449173
fec/sb/_tmp_C00035683_2018_p008.json,https://api.open.fec.gov/v1/schedules/schedule_b/?committee_id=C00035683&two_year_transaction_period=2018&per_page=100&sort=disbursement_date&last_index=4110120181608411202&last_disbursement_date=2018-09-06,2026-09-12T21:13:48Z,349918
fec/sb/_tmp_C00035691_2022_p002.json,https://api.open.fec.gov/v1/schedules/schedule_b/?committee_id=C00035691&two_year_transaction_period=2022&per_page=100&sort=disbursement_date&last_index=4111720221630211791&last_disbursement_date=2022-09-21,2026-09-12T21:13:48Z,144452
fec/sb/_tmp_C00039305_2018_p001.json,https://api.open.fec.gov/v1/schedules/schedule_b/?committee_id=C00039305&two_year_transaction_period=2018&per_page=100&sort=disbursement_date,2026-09-12T21:13:50Z,413052
fec/sb/_tmp_C00035683_2016_p008.json,https://api.open.fec.gov/v1/schedules/schedule_b/?committee_id=C00035683&two_year_transaction_period=2016&per_page=100&sort=disbursement_date&last_index=4091520161317125653&last_disbursement_date=2016-08-25,2026-09-12T21:13:52Z,559994
fec/sb/_tmp_C00039305_2016_p002.json,https://api.open.fec.gov/v1/schedules/schedule_b/?committee_id=C00039305&two_year_transaction_period=2016&per_page=100&sort=disbursement_date&last_index=4091920151254066320&last_disbursement_date=2015-08-31,2026-09-12T21:13:53Z,413034
fec/sb/_tmp_C00039305_2020_p001.json,https://api.open.fec.gov/v1/schedules/schedule_b/?committee_id=C00039305&two_year_transaction_period=2020&per_page=100&sort=disbursement_date,2026-09-12T21:13:53Z,416130
fec/sb/_tmp_C00039305_2022_p001.json,https://api.open.fec.gov/v1/schedules/schedule_b/?committee_id=C00039305&two_year_transaction_period=2022&per_page=100&sort=disbursement_date,2026-09-12T21:13:54Z,416501
fec/sb/_tmp_C00035683_2016_p009.json,https://api.open.fec.gov/v1/schedules/schedule_b/?committee_id=C00035683&two_year_transaction_period=2016&per_page=100&sort=disbursement_date&last_index=4121520161357420171&last_disbursement_date=2016-10-27,2026-09-12T21:13:54Z,95353
fec/sb/_tmp_C00039305_2024_p001.json,https://api.open.fec.gov/v1/schedules/schedule_b/?committee_id=C00039305&two_year_transaction_period=2024&per_page=100&sort=disbursement_date,2026-09-12T21:13:54Z,380827
fec/sb/_tmp_C00039305_2018_p002.json,https://api.open.fec.gov/v1/schedules/schedule_b/?committee_id=C00039305&two_year_transaction_period=2018&per_page=100&sort=disbursement_date&last_index=4032020181519074223&last_disbursement_date=2018-02-06,2026-09-12T21:13:54Z,414471
fec/sb/_tmp_C00039305_2016_p003.json,https://api.open.fec.gov/v1/schedules/schedule_b/?committee_id=C00039305&two_year_transaction_period=2016&per_page=100&sort=disbursement_date&last_index=4050220161284645796&last_disbursement_date=2016-03-08,2026-09-12T21:13:55Z,413093
fec/sb/_tmp_C00039305_2020_p002.json,https://api.open.fec.gov/v1/schedules/schedule_b/?committee_id=C00039305&two_year_transaction_period=2020&per_page=100&sort=disbursement_date&last_index=4072920201808881158&last_disbursement_date=2020-06-26,2026-09-12T21:13:57Z,170228
fec/sb/_tmp_C00039305_2022_p002.json,https://api.open.fec.gov/v1/schedules/schedule_b/?committee_id=C00039305&two_year_transaction_period=2022&per_page=100&sort=disbursement_date&last_index=4012720231720808146&last_disbursement_date=2022-12-13,2026-09-12T21:13:59Z,12601
fec/sb/_tmp_C00039305_2026_p001.json,https://api.open.fec.gov/v1/schedules/schedule_b/?committee_id=C00039305&two_year_transaction_period=2026&per_page=100&sort=disbursement_date,2026-09-12T21:14:03Z,414089
fec/sb/_tmp_C00039305_2018_p003.json,https://api.open.fec.gov/v1/schedules/schedule_b/?committee_id=C00039305&two_year_transaction_period=2018&per_page=100&sort=disbursement_date&last_index=4112020181618344854&last_disbursement_date=2018-10-09,2026-09-12T21:14:04Z,116193
fec/sb/_tmp_C00039321_2016_p001.json,https://api.open.fec.gov/v1/schedules/schedule_b/?committee_id=C00039321&two_year_transaction_period=2016&per_page=100&sort=disbursement_date,2026-09-12T21:14:08Z,504329
fec/sb/_tmp_C00039305_2016_p004.json,https://api.open.fec.gov/v1/schedules/schedule_b/?committee_id=C00039305&two_year_transaction_period=2016&per_page=100&sort=disbursement_date&last_index=4110220161345770033&last_disbursement_date=2016-09-06,2026-09-12T21:14:09Z,274002
fec/sb/_tmp_C00039321_2020_p001.json,https://api.open.fec.gov/v1/schedules/schedule_b/?committee_id=C00039321&two_year_transaction_period=2020&per_page=100&sort=disbursement_date,2026-09-12T21:14:13Z,476182
fec/sb/_tmp_C00039305_2026_p002.json,https://api.open.fec.gov/v1/schedules/schedule_b/?committee_id=C00039305&two_year_transaction_period=2026&per_page=100&sort=disbursement_date&last_index=4090220261595666662&last_disbursement_date=2026-07-16,2026-09-12T21:14:15Z,16769
fec/sb/_tmp_C00039321_2022_p001.json,https://api.open.fec.gov/v1/schedules/schedule_b/?committee_id=C00039321&two_year_transaction_period=2022&per_page=100&sort=disbursement_date,2026-09-12T21:14:21Z,425547
fec/sb/_tmp_C00039461_2016_p001.json,https://api.open.fec.gov/v1/schedules/schedule_b/?committee_id=C00039461&two_year_transaction_period=2016&per_page=100&sort=disbursement_date,2026-09-12T21:14:22Z,534718
fec/sb/_tmp_C00039461_2016_p002.json,https://api.open.fec.gov/v1/schedules/schedule_b/?committee_id=C00039461&two_year_transaction_period=2016&per_page=100&sort=disbursement_date&last_index=4101920161344311214&last_disbursement_date=2016-09-22,2026-09-12T21:14:23Z,349400
fec/sb/_tmp_C00039461_2018_p001.json,https://api.open.fec.gov/v1/schedules/schedule_b/?committee_id=C00039461&two_year_transaction_period=2018&per_page=100&sort=disbursement_date,2026-09-12T21:14:26Z,555969
fec/sb/_tmp_C00039461_2018_p002.json,https://api.open.fec.gov/v1/schedules/schedule_b/?committee_id=C00039461&two_year_transaction_period=2018&per_page=100&sort=disbursement_date&last_index=4071420181575940575&last_disbursement_date=2018-05-29,2026-09-12T21:14:35Z,365516
frames/StockRepurchasedDuringPeriodValue_USD_CY2022.json,https://data.sec.gov/api/xbrl/frames/us-gaap/StockRepurchasedDuringPeriodValue/USD/CY2022.json,2026-09-12T21:14:36Z,138417
fec/sb/_tmp_C00039321_2018_p001.json,https://api.open.fec.gov/v1/schedules/schedule_b/?committee_id=C00039321&two_year_transaction_period=2018&per_page=100&sort=disbursement_date,2026-09-12T21:14:37Z,499667
fec/sb/_tmp_C00039461_2020_p001.json,https://api.open.fec.gov/v1/schedules/schedule_b/?committee_id=C00039461&two_year_transaction_period=2020&per_page=100&sort=disbursement_date,2026-09-12T21:14:38Z,555590
frames/StockRepurchasedAndRetiredDuringPeriodValue_USD_CY2022.json,https://data.sec.gov/api/xbrl/frames/us-gaap/StockRepurchasedAndRetiredDuringPeriodValue/USD/CY2022.json,2026-09-12T21:14:42Z,81618
frames/PaymentsForRepurchaseOfOtherEquity_USD_CY2022.json,https://data.sec.gov/api/xbrl/frames/us-gaap/PaymentsForRepurchaseOfOtherEquity/USD/CY2022.json,2026-09-12T21:14:44Z,9665
fec/sb/_tmp_C00039321_2020_p002.json,https://api.open.fec.gov/v1/schedules/schedule_b/?committee_id=C00039321&two_year_transaction_period=2020&per_page=100&sort=disbursement_date&last_index=4121920191681852807&last_disbursement_date=2019-11-01,2026-09-12T21:14:44Z,488549
fec/sb/_tmp_C00039321_2026_p001.json,https://api.open.fec.gov/v1/schedules/schedule_b/?committee_id=C00039321&two_year_transaction_period=2026&per_page=100&sort=disbursement_date,2026-09-12T21:14:56Z,415428
fec/sb/_tmp_C00039461_2022_p001.json,https://api.open.fec.gov/v1/schedules/schedule_b/?committee_id=C00039461&two_year_transaction_period=2022&per_page=100&sort=disbursement_date,2026-09-12T21:14:56Z,531893
fec/sb/_tmp_C00039461_2022_p002.json,https://api.open.fec.gov/v1/schedules/schedule_b/?committee_id=C00039461&two_year_transaction_period=2022&per_page=100&sort=disbursement_date&last_index=4092820221585919080&last_disbursement_date=2022-03-10,2026-09-12T21:14:57Z,551968
fec/sb/_tmp_C00039321_2024_p001.json,https://api.open.fec.gov/v1/schedules/schedule_b/?committee_id=C00039321&two_year_transaction_period=2024&per_page=100&sort=disbursement_date,2026-09-12T21:14:58Z,506494
fec/sb/_tmp_C00039461_2022_p003.json,https://api.open.fec.gov/v1/schedules/schedule_b/?committee_id=C00039461&two_year_transaction_period=2022&per_page=100&sort=disbursement_date&last_index=4011220231691122587&last_disbursement_date=2022-11-18,2026-09-12T21:14:58Z,11246
fec/sb/_tmp_C00039321_2024_p002.json,https://api.open.fec.gov/v1/schedules/schedule_b/?committee_id=C00039321&two_year_transaction_period=2024&per_page=100&sort=disbursement_date&last_index=4022620241826705597&last_disbursement_date=2024-01-18,2026-09-12T21:15:00Z,464304
fec/sb/_tmp_C00039461_2024_p001.json,https://api.open.fec.gov/v1/schedules/schedule_b/?committee_id=C00039461&two_year_transaction_period=2024&per_page=100&sort=disbursement_date,2026-09-12T21:15:00Z,559083
fec/sb/_tmp_C00039321_2024_p003.json,https://api.open.fec.gov/v1/schedules/schedule_b/?committee_id=C00039321&two_year_transaction_period=2024&per_page=100&sort=disbursement_date&last_index=4020320251140939118&last_disbursement_date=2024-10-22,2026-09-12T21:15:01Z,119111
frames/PaymentsOfOrdinaryDividends_USD_CY2022.json,https://data.sec.gov/api/xbrl/frames/us-gaap/PaymentsOfOrdinaryDividends/USD/CY2022.json,2026-09-12T21:15:01Z,18662
fec/sb/_tmp_C00039461_2024_p002.json,https://api.open.fec.gov/v1/schedules/schedule_b/?committee_id=C00039461&two_year_transaction_period=2024&per_page=100&sort=disbursement_date&last_index=4101420242069561516&last_disbursement_date=2024-07-24,2026-09-12T21:15:02Z,279413
frames/CommonStockDividendsPerShareCashPaid_USD-per-shares_CY2022.json,https://data.sec.gov/api/xbrl/frames/us-gaap/CommonStockDividendsPerShareCashPaid/USD-per-shares/CY2022.json,2026-09-12T21:15:03Z,99215
fec/sb/_tmp_C00039321_2018_p002.json,https://api.open.fec.gov/v1/schedules/schedule_b/?committee_id=C00039321&two_year_transaction_period=2018&per_page=100&sort=disbursement_date&last_index=4122020171489213674&last_disbursement_date=2017-11-28,2026-09-12T21:15:03Z,497631
fec/sb/_tmp_C00039461_2026_p001.json,https://api.open.fec.gov/v1/schedules/schedule_b/?committee_id=C00039461&two_year_transaction_period=2026&per_page=100&sort=disbursement_date,2026-09-12T21:15:03Z,306713
fec/sb/_tmp_C00039321_2016_p002.json,https://api.open.fec.gov/v1/schedules/schedule_b/?committee_id=C00039321&two_year_transaction_period=2016&per_page=100&sort=disbursement_date&last_index=4031820161276536077&last_disbursement_date=2016-02-01,2026-09-12T21:15:04Z,500151
fec/sb/_tmp_C00039321_2020_p003.json,https://api.open.fec.gov/v1/schedules/schedule_b/?committee_id=C00039321&two_year_transaction_period=2020&per_page=100&sort=disbursement_date&last_index=4120120201962869287&last_disbursement_date=2020-09-28,2026-09-12T21:15:04Z,232355
frames/StockRepurchasedDuringPeriodValue_USD_CY2023.json,https://data.sec.gov/api/xbrl/frames/us-gaap/StockRepurchasedDuringPeriodValue/USD/CY2023.json,2026-09-12T21:15:04Z,119292
fec/sb/_tmp_C00040253_2016_p001.json,https://api.open.fec.gov/v1/schedules/schedule_b/?committee_id=C00040253&two_year_transaction_period=2016&per_page=100&sort=disbursement_date,2026-09-12T21:15:05Z,509817
fec/sb/_tmp_C00039461_2020_p002.json,https://api.open.fec.gov/v1/schedules/schedule_b/?committee_id=C00039461&two_year_transaction_period=2020&per_page=100&sort=disbursement_date&last_index=4041520201736903611&last_disbursement_date=2020-03-02,2026-09-12T21:15:05Z,392444
fec/sb/_tmp_C00039321_2018_p003.json,https://api.open.fec.gov/v1/schedules/schedule_b/?committee_id=C00039321&two_year_transaction_period=2018&per_page=100&sort=disbursement_date&last_index=4082120181584954247&last_disbursement_date=2018-07-25,2026-09-12T21:15:06Z,449205
frames/StockRepurchasedAndRetiredDuringPeriodValue_USD_CY2023.json,https://data.sec.gov/api/xbrl/frames/us-gaap/StockRepurchasedAndRetiredDuringPeriodValue/USD/CY2023.json,2026-09-12T21:15:06Z,93653
frames/PaymentsForRepurchaseOfOtherEquity_USD_CY2023.json,https://data.sec.gov/api/xbrl/frames/us-gaap/PaymentsForRepurchaseOfOtherEquity/USD/CY2023.json,2026-09-12T21:15:07Z,9807
fec/sb/_tmp_C00040253_2018_p001.json,https://api.open.fec.gov/v1/schedules/schedule_b/?committee_id=C00040253&two_year_transaction_period=2018&per_page=100&sort=disbursement_date,2026-09-12T21:15:07Z,514537
fec/sb/_tmp_C00039321_2016_p003.json,https://api.open.fec.gov/v1/schedules/schedule_b/?committee_id=C00039321&two_year_transaction_period=2016&per_page=100&sort=disbursement_date&last_index=4092020161317313758&last_disbursement_date=2016-08-15,2026-09-12T21:15:08Z,438345
frames/PaymentsOfOrdinaryDividends_USD_CY2023.json,https://data.sec.gov/api/xbrl/frames/us-gaap/PaymentsOfOrdinaryDividends/USD/CY2023.json,2026-09-12T21:15:09Z,18256
fec/sb/_tmp_C00040253_2016_p002.json,https://api.open.fec.gov/v1/schedules/schedule_b/?committee_id=C00040253&two_year_transaction_period=2016&per_page=100&sort=disbursement_date&last_index=4091120151251519313&last_disbursement_date=2015-08-11,2026-09-12T21:15:14Z,426700
fec/sb/_tmp_C00039321_2018_p004.json,https://api.open.fec.gov/v1/schedules/schedule_b/?committee_id=C00039321&two_year_transaction_period=2018&per_page=100&sort=disbursement_date&last_index=4111620181618046235&last_disbursement_date=2018-10-12,2026-09-12T21:15:14Z,104829
fec/sb/_tmp_C00040253_2018_p002.json,https://api.open.fec.gov/v1/schedules/schedule_b/?committee_id=C00040253&two_year_transaction_period=2018&per_page=100&sort=disbursement_date&last_index=4071420171418892526&last_disbursement_date=2017-06-16,2026-09-12T21:15:15Z,433454
fec/sb/_tmp_C00039321_2016_p004.json,https://api.open.fec.gov/v1/schedules/schedule_b/?committee_id=C00039321&two_year_transaction_period=2016&per_page=100&sort=disbursement_date&last_index=4122120161357810881&last_disbursement_date=2016-10-20,2026-09-12T21:15:15Z,139295
fec/sb/_tmp_C00040253_2022_p001.json,https://api.open.fec.gov/v1/schedules/schedule_b/?committee_id=C00040253&two_year_transaction_period=2022&per_page=100&sort=disbursement_date,2026-09-12T21:15:15Z,505676
fec/sb/_tmp_C00040253_2020_p001.json,https://api.open.fec.gov/v1/schedules/schedule_b/?committee_id=C00040253&two_year_transaction_period=2020&per_page=100&sort=disbursement_date,2026-09-12T21:15:15Z,520924
frames/CommonStockDividendsPerShareCashPaid_USD-per-shares_CY2023.json,https://data.sec.gov/api/xbrl/frames/us-gaap/CommonStockDividendsPerShareCashPaid/USD-per-shares/CY2023.json,2026-09-12T21:15:17Z,98700
fec/sb/_tmp_C00040253_2024_p001.json,https://api.open.fec.gov/v1/schedules/schedule_b/?committee_id=C00040253&two_year_transaction_period=2024&per_page=100&sort=disbursement_date,2026-09-12T21:15:17Z,506844
fec/sb/_tmp_C00040253_2016_p003.json,https://api.open.fec.gov/v1/schedules/schedule_b/?committee_id=C00040253&two_year_transaction_period=2016&per_page=100&sort=disbursement_date&last_index=4111620151257199329&last_disbursement_date=2015-10-06,2026-09-12T21:15:17Z,494259
fec/sb/_tmp_C00040253_2018_p003.json,https://api.open.fec.gov/v1/schedules/schedule_b/?committee_id=C00040253&two_year_transaction_period=2018&per_page=100&sort=disbursement_date&last_index=4100620171458147656&last_disbursement_date=2017-09-21,2026-09-12T21:15:18Z,498312
frames/CommonStockDividendsPerShareCashPaid_USD-per-shares_CY2024.json,https://data.sec.gov/api/xbrl/frames/us-gaap/CommonStockDividendsPerShareCashPaid/USD-per-shares/CY2024.json,2026-09-12T21:15:18Z,85752
fec/sb/_tmp_C00040253_2026_p001.json,https://api.open.fec.gov/v1/schedules/schedule_b/?committee_id=C00040253&two_year_transaction_period=2026&per_page=100&sort=disbursement_date,2026-09-12T21:15:18Z,462834
frames/StockRepurchasedDuringPeriodValue_USD_CY2025.json,https://data.sec.gov/api/xbrl/frames/us-gaap/StockRepurchasedDuringPeriodValue/USD/CY2025.json,2026-09-12T21:15:19Z,100073
fec/sb/_tmp_C00040253_2022_p002.json,https://api.open.fec.gov/v1/schedules/schedule_b/?committee_id=C00040253&two_year_transaction_period=2022&per_page=100&sort=disbursement_date&last_index=4102220211374885788&last_disbursement_date=2021-09-03,2026-09-12T21:15:20Z,435959
frames/StockRepurchasedAndRetiredDuringPeriodValue_USD_CY2025.json,https://data.sec.gov/api/xbrl/frames/us-gaap/StockRepurchasedAndRetiredDuringPeriodValue/USD/CY2025.json,2026-09-12T21:15:20Z,101748
fec/sb/_tmp_C00040253_2020_p002.json,https://api.open.fec.gov/v1/schedules/schedule_b/?committee_id=C00040253&two_year_transaction_period=2020&per_page=100&sort=disbursement_date&last_index=4061720191658120886&last_disbursement_date=2019-05-23,2026-09-12T21:15:20Z,486122
frames/PaymentsForRepurchaseOfOtherEquity_USD_CY2025.json,https://data.sec.gov/api/xbrl/frames/us-gaap/PaymentsForRepurchaseOfOtherEquity/USD/CY2025.json,2026-09-12T21:15:21Z,7162
fec/sb/_tmp_C00040253_2024_p002.json,https://api.open.fec.gov/v1/schedules/schedule_b/?committee_id=C00040253&two_year_transaction_period=2024&per_page=100&sort=disbursement_date&last_index=4101120231804185636&last_disbursement_date=2023-09-20,2026-09-12T21:15:21Z,429797
frames/PaymentsOfOrdinaryDividends_USD_CY2025.json,https://data.sec.gov/api/xbrl/frames/us-gaap/PaymentsOfOrdinaryDividends/USD/CY2025.json,2026-09-12T21:15:21Z,16280
frames/CommonStockDividendsPerShareCashPaid_USD-per-shares_CY2025.json,https://data.sec.gov/api/xbrl/frames/us-gaap/CommonStockDividendsPerShareCashPaid/USD-per-shares/CY2025.json,2026-09-12T21:15:22Z,76920
fec/sb/_tmp_C00040253_2016_p004.json,https://api.open.fec.gov/v1/schedules/schedule_b/?committee_id=C00040253&two_year_transaction_period=2016&per_page=100&sort=disbursement_date&last_index=4061320161298311980&last_disbursement_date=2016-05-02,2026-09-12T21:15:22Z,471994
fec/sb/_tmp_C00040253_2018_p004.json,https://api.open.fec.gov/v1/schedules/schedule_b/?committee_id=C00040253&two_year_transaction_period=2018&per_page=100&sort=disbursement_date&last_index=4011820181502916524&last_disbursement_date=2017-12-13,2026-09-12T21:15:24Z,485640
fec/sb/_tmp_C00040253_2026_p002.json,https://api.open.fec.gov/v1/schedules/schedule_b/?committee_id=C00040253&two_year_transaction_period=2026&per_page=100&sort=disbursement_date&last_index=4071520251208519548&last_disbursement_date=2025-06-24,2026-09-12T21:15:25Z,440682
fec/sb/_tmp_C00040253_2022_p003.json,https://api.open.fec.gov/v1/schedules/schedule_b/?committee_id=C00040253&two_year_transaction_period=2022&per_page=100&sort=disbursement_date&last_index=4121820211386185657&last_disbursement_date=2021-11-15,2026-09-12T21:15:26Z,460968
fec/sb/_tmp_C00040253_2020_p003.json,https://api.open.fec.gov/v1/schedules/schedule_b/?committee_id=C00040253&two_year_transaction_period=2020&per_page=100&sort=disbursement_date&last_index=4081420191663337717&last_disbursement_date=2019-07-25,2026-09-12T21:15:27Z,462100
fec/sb/_tmp_C00040253_2024_p003.json,https://api.open.fec.gov/v1/schedules/schedule_b/?committee_id=C00040253&two_year_transaction_period=2024&per_page=100&sort=disbursement_date&last_index=4011720241815704392&last_disbursement_date=2023-12-08,2026-09-12T21:15:28Z,466787
fec/sb/_tmp_C00040253_2016_p005.json,https://api.open.fec.gov/v1/schedules/schedule_b/?committee_id=C00040253&two_year_transaction_period=2016&per_page=100&sort=disbursement_date&last_index=4120120161356407935&last_disbursement_date=2016-09-02,2026-09-12T21:15:29Z,439650
fec/sb/_tmp_C00040253_2018_p005.json,https://api.open.fec.gov/v1/schedules/schedule_b/?committee_id=C00040253&two_year_transaction_period=2018&per_page=100&sort=disbursement_date&last_index=4061920181570819008&last_disbursement_date=2018-05-23,2026-09-12T21:15:30Z,485361
fec/sb/_tmp_C00040253_2026_p003.json,https://api.open.fec.gov/v1/schedules/schedule_b/?committee_id=C00040253&two_year_transaction_period=2026&per_page=100&sort=disbursement_date&last_index=4012120261303132137&last_disbursement_date=2025-11-25,2026-09-12T21:15:31Z,511435
fec/sb/_tmp_C00040253_2022_p004.json,https://api.open.fec.gov/v1/schedules/schedule_b/?committee_id=C00040253&two_year_transaction_period=2022&per_page=100&sort=disbursement_date&last_index=4031620221460791153&last_disbursement_date=2022-02-03,2026-09-12T21:15:32Z,501670
fec/sb/_tmp_C00040253_2020_p004.json,https://api.open.fec.gov/v1/schedules/schedule_b/?committee_id=C00040253&two_year_transaction_period=2020&per_page=100&sort=disbursement_date&last_index=4111220191678647330&last_disbursement_date=2019-10-21,2026-09-12T21:15:33Z,445392
fec/sb/_tmp_C00040253_2024_p004.json,https://api.open.fec.gov/v1/schedules/schedule_b/?committee_id=C00040253&two_year_transaction_period=2024&per_page=100&sort=disbursement_date&last_index=4091720242040896561&last_disbursement_date=2024-08-15,2026-09-12T21:15:34Z,440533
fec/sb/_tmp_C00040253_2016_p006.json,https://api.open.fec.gov/v1/schedules/schedule_b/?committee_id=C00040253&two_year_transaction_period=2016&per_page=100&sort=disbursement_date&last_index=4120120161356407913&last_disbursement_date=2016-09-29,2026-09-12T21:15:35Z,253163
fec/sb/_tmp_C00040253_2018_p006.json,https://api.open.fec.gov/v1/schedules/schedule_b/?committee_id=C00040253&two_year_transaction_period=2018&per_page=100&sort=disbursement_date&last_index=4091920181591148882&last_disbursement_date=2018-08-16,2026-09-12T21:15:36Z,440599
fec/sb/_tmp_C00040253_2026_p004.json,https://api.open.fec.gov/v1/schedules/schedule_b/?committee_id=C00040253&two_year_transaction_period=2026&per_page=100&sort=disbursement_date&last_index=4090120261595615816&last_disbursement_date=2026-07-14,2026-09-12T21:15:37Z,48715
fec/sb/_tmp_C00040253_2022_p005.json,https://api.open.fec.gov/v1/schedules/schedule_b/?committee_id=C00040253&two_year_transaction_period=2022&per_page=100&sort=disbursement_date&last_index=4081520221564830880&last_disbursement_date=2022-07-21,2026-09-12T21:15:38Z,433067
fec/sb/_tmp_C00040279_2018_p001.json,https://api.open.fec.gov/v1/schedules/schedule_b/?committee_id=C00040279&two_year_transaction_period=2018&per_page=100&sort=disbursement_date,2026-09-12T21:15:59Z,532947
fec/sb/_tmp_C00040279_2018_p002.json,https://api.open.fec.gov/v1/schedules/schedule_b/?committee_id=C00040279&two_year_transaction_period=2018&per_page=100&sort=disbursement_date&last_index=4060920171409548695&last_disbursement_date=2017-05-05,2026-09-12T21:16:00Z,473575
fec/sb/_tmp_C00040279_2018_p003.json,https://api.open.fec.gov/v1/schedules/schedule_b/?committee_id=C00040279&two_year_transaction_period=2018&per_page=100&sort=disbursement_date&last_index=4091220171455392525&last_disbursement_date=2017-08-16,2026-09-12T21:16:01Z,439379
fec/sb/_tmp_C00040279_2018_p004.json,https://api.open.fec.gov/v1/schedules/schedule_b/?committee_id=C00040279&two_year_transaction_period=2018&per_page=100&sort=disbursement_date&last_index=4111620171464067212&last_disbursement_date=2017-10-04,2026-09-12T21:16:02Z,428313
fec/sb/_tmp_C00040279_2018_p005.json,https://api.open.fec.gov/v1/schedules/schedule_b/?committee_id=C00040279&two_year_transaction_period=2018&per_page=100&sort=disbursement_date&last_index=4120720171482699573&last_disbursement_date=2017-11-02,2026-09-12T21:16:03Z,443556
fec/sb/_tmp_C00040253_2018_p007.json,https://api.open.fec.gov/v1/schedules/schedule_b/?committee_id=C00040253&two_year_transaction_period=2018&per_page=100&sort=disbursement_date&last_index=4111920181618137919&last_disbursement_date=2018-10-02,2026-09-12T21:16:04Z,453560
fec/sb/_tmp_C00040253_2018_p008.json,https://api.open.fec.gov/v1/schedules/schedule_b/?committee_id=C00040253&two_year_transaction_period=2018&per_page=100&sort=disbursement_date&last_index=4021520191639688034&last_disbursement_date=2018-12-18,2026-09-12T21:16:10Z,88258
fec/sb/_tmp_C00040279_2018_p006.json,https://api.open.fec.gov/v1/schedules/schedule_b/?committee_id=C00040279&two_year_transaction_period=2018&per_page=100&sort=disbursement_date&last_index=4011620181502863457&last_disbursement_date=2017-12-11,2026-09-12T21:16:10Z,489452
fec/sb/_tmp_C00040279_2020_p001.json,https://api.open.fec.gov/v1/schedules/schedule_b/?committee_id=C00040279&two_year_transaction_period=2020&per_page=100&sort=disbursement_date,2026-09-12T21:16:11Z,551953
fec/sb/_tmp_C00040253_2020_p005.json,https://api.open.fec.gov/v1/schedules/schedule_b/?committee_id=C00040253&two_year_transaction_period=2020&per_page=100&sort=disbursement_date&last_index=4011420201684364711&last_disbursement_date=2019-12-20,2026-09-12T21:16:11Z,496709
fec/sb/_tmp_C00040253_2022_p006.json,https://api.open.fec.gov/v1/schedules/schedule_b/?committee_id=C00040253&two_year_transaction_period=2022&per_page=100&sort=disbursement_date&last_index=4111420221627240810&last_disbursement_date=2022-09-23,2026-09-12T21:16:11Z,283012
fec/sb/_tmp_C00040279_2016_p001.json,https://api.open.fec.gov/v1/schedules/schedule_b/?committee_id=C00040279&two_year_transaction_period=2016&per_page=100&sort=disbursement_date,2026-09-12T21:16:11Z,504360
fec/sb/_tmp_C00040279_2018_p007.json,https://api.open.fec.gov/v1/schedules/schedule_b/?committee_id=C00040279&two_year_transaction_period=2018&per_page=100&sort=disbursement_date&last_index=4042020181526247635&last_disbursement_date=2018-03-02,2026-09-12T21:16:12Z,518694
fec/sb/_tmp_C00040279_2020_p002.json,https://api.open.fec.gov/v1/schedules/schedule_b/?committee_id=C00040279&two_year_transaction_period=2020&per_page=100&sort=disbursement_date&last_index=4062020191658310281&last_disbursement_date=2019-05-10,2026-09-12T21:16:13Z,504662
fec/sb/_tmp_C00040253_2020_p006.json,https://api.open.fec.gov/v1/schedules/schedule_b/?committee_id=C00040253&two_year_transaction_period=2020&per_page=100&sort=disbursement_date&last_index=4071320201790522470&last_disbursement_date=2020-06-23,2026-09-12T21:16:14Z,431783
fec/sb/_tmp_C00040253_2024_p005.json,https://api.open.fec.gov/v1/schedules/schedule_b/?committee_id=C00040253&two_year_transaction_period=2024&per_page=100&sort=disbursement_date&last_index=4100920242069338547&last_disbursement_date=2024-09-23,2026-09-12T21:16:15Z,265878
fec/sb/_tmp_C00040279_2022_p001.json,https://api.open.fec.gov/v1/schedules/schedule_b/?committee_id=C00040279&two_year_transaction_period=2022&per_page=100&sort=disbursement_date,2026-09-12T21:16:15Z,535711
fec/sb/_tmp_C00040279_2016_p002.json,https://api.open.fec.gov/v1/schedules/schedule_b/?committee_id=C00040279&two_year_transaction_period=2016&per_page=100&sort=disbursement_date&last_index=4060920151244385289&last_disbursement_date=2015-05-18,2026-09-12T21:16:16Z,515522
fec/sb/_tmp_C00040279_2018_p008.json,https://api.open.fec.gov/v1/schedules/schedule_b/?committee_id=C00040279&two_year_transaction_period=2018&per_page=100&sort=disbursement_date&last_index=4072020181576510937&last_disbursement_date=2018-06-01,2026-09-12T21:16:17Z,470663
fec/sb/_tmp_C00040279_2020_p003.json,https://api.open.fec.gov/v1/schedules/schedule_b/?committee_id=C00040279&two_year_transaction_period=2020&per_page=100&sort=disbursement_date&last_index=4072620191661365630&last_disbursement_date=2019-06-24,2026-09-12T21:16:18Z,475692
fec/sb/_tmp_C00040253_2020_p007.json,https://api.open.fec.gov/v1/schedules/schedule_b/?committee_id=C00040253&two_year_transaction_period=2020&per_page=100&sort=disbursement_date&last_index=4091720201848905592&last_disbursement_date=2020-08-17,2026-09-12T21:16:19Z,454846
fec/sb/_tmp_C00040279_2024_p001.json,https://api.open.fec.gov/v1/schedules/schedule_b/?committee_id=C00040279&two_year_transaction_period=2024&per_page=100&sort=disbursement_date,2026-09-12T21:16:21Z,532505
fec/sb/_tmp_C00040279_2022_p002.json,https://api.open.fec.gov/v1/schedules/schedule_b/?committee_id=C00040279&two_year_transaction_period=2022&per_page=100&sort=disbursement_date&last_index=4102320211375308620&last_disbursement_date=2021-09-28,2026-09-12T21:16:22Z,488939
fec/sb/_tmp_C00040279_2016_p003.json,https://api.open.fec.gov/v1/schedules/schedule_b/?committee_id=C00040279&two_year_transaction_period=2016&per_page=100&sort=disbursement_date&last_index=4081320151248569814&last_disbursement_date=2015-07-27,2026-09-12T21:16:22Z,426655
fec/sb/_tmp_C00040279_2018_p009.json,https://api.open.fec.gov/v1/schedules/schedule_b/?committee_id=C00040279&two_year_transaction_period=2018&per_page=100&sort=disbursement_date&last_index=4081620181584675093&last_disbursement_date=2018-07-26,2026-09-12T21:16:23Z,478801
fec/sb/_tmp_C00040279_2016_p004.json,https://api.open.fec.gov/v1/schedules/schedule_b/?committee_id=C00040279&two_year_transaction_period=2016&per_page=100&sort=disbursement_date&last_index=4101320151255534076&last_disbursement_date=2015-09-17,2026-09-12T21:16:29Z,459186
fec/sb/_tmp_C00040279_2024_p002.json,https://api.open.fec.gov/v1/schedules/schedule_b/?committee_id=C00040279&two_year_transaction_period=2024&per_page=100&sort=disbursement_date&last_index=4072720231758141165&last_disbursement_date=2023-06-22,2026-09-12T21:16:47Z,474068
frames/TreasuryStockSharesAcquired_shares_CY2016.json,https://data.sec.gov/api/xbrl/frames/us-gaap/TreasuryStockSharesAcquired/shares/CY2016.json,2026-09-12T21:16:53Z,92758
frames/TreasuryStockSharesAcquired_shares_CY2017.json,https://data.sec.gov/api/xbrl/frames/us-gaap/TreasuryStockSharesAcquired/shares/CY2017.json,2026-09-12T21:16:54Z,86410
frames/TreasuryStockSharesAcquired_shares_CY2018.json,https://data.sec.gov/api/xbrl/frames/us-gaap/TreasuryStockSharesAcquired/shares/CY2018.json,2026-09-12T21:16:55Z,89057
frames/TreasuryStockSharesAcquired_shares_CY2019.json,https://data.sec.gov/api/xbrl/frames/us-gaap/TreasuryStockSharesAcquired/shares/CY2019.json,2026-09-12T21:16:56Z,84688
frames/TreasuryStockSharesAcquired_shares_CY2020.json,https://data.sec.gov/api/xbrl/frames/us-gaap/TreasuryStockSharesAcquired/shares/CY2020.json,2026-09-12T21:16:56Z,84662
frames/CommonStockDividendsPerShareCashPaid_USD-per-shares_CY2021.json,https://data.sec.gov/api/xbrl/frames/us-gaap/CommonStockDividendsPerShareCashPaid/USD-per-shares/CY2021.json,2026-09-12T21:16:57Z,92117
frames/TreasuryStockSharesAcquired_shares_CY2021.json,https://data.sec.gov/api/xbrl/frames/us-gaap/TreasuryStockSharesAcquired/shares/CY2021.json,2026-09-12T21:16:58Z,83546
frames/TreasuryStockSharesAcquired_shares_CY2022.json,https://data.sec.gov/api/xbrl/frames/us-gaap/TreasuryStockSharesAcquired/shares/CY2022.json,2026-09-12T21:16:58Z,87374
frames/TreasuryStockSharesAcquired_shares_CY2023.json,https://data.sec.gov/api/xbrl/frames/us-gaap/TreasuryStockSharesAcquired/shares/CY2023.json,2026-09-12T21:16:59Z,83477
frames/TreasuryStockSharesAcquired_shares_CY2024.json,https://data.sec.gov/api/xbrl/frames/us-gaap/TreasuryStockSharesAcquired/shares/CY2024.json,2026-09-12T21:17:00Z,79763
frames/TreasuryStockSharesAcquired_shares_CY2025.json,https://data.sec.gov/api/xbrl/frames/us-gaap/TreasuryStockSharesAcquired/shares/CY2025.json,2026-09-12T21:17:00Z,72477
fec_bulk/pas216.zip,https://www.fec.gov/files/bulk-downloads/2016/pas216.zip,2026-09-12T21:03:40Z,15450184
fec_bulk/oth16.zip,https://www.fec.gov/files/bulk-downloads/2016/oth16.zip,2026-09-12T21:04:00Z,79578850
fec_bulk/cm16.zip,https://www.fec.gov/files/bulk-downloads/2016/cm16.zip,2026-09-12T21:04:21Z,732154
fec_bulk/cn16.zip,https://www.fec.gov/files/bulk-downloads/2016/cn16.zip,2026-09-12T21:04:23Z,271705
fec_bulk/pas218.zip,https://www.fec.gov/files/bulk-downloads/2018/pas218.zip,2026-09-12T21:04:07Z,12556308
fec_bulk/oth18.zip,https://www.fec.gov/files/bulk-downloads/2018/oth18.zip,2026-09-12T21:04:20Z,35253493
fec_bulk/cm18.zip,https://www.fec.gov/files/bulk-downloads/2018/cm18.zip,2026-09-12T21:04:25Z,809262
fec_bulk/cn18.zip,https://www.fec.gov/files/bulk-downloads/2018/cn18.zip,2026-09-12T21:04:27Z,271951
fec_bulk/pas220.zip,https://www.fec.gov/files/bulk-downloads/2020/pas220.zip,2026-09-12T21:04:48Z,28978598
fec_bulk/oth20.zip,https://www.fec.gov/files/bulk-downloads/2020/oth20.zip,2026-09-12T21:06:30Z,232936142
fec_bulk/cm20.zip,https://www.fec.gov/files/bulk-downloads/2020/cm20.zip,2026-09-12T21:04:33Z,782585
fec_bulk/cn20.zip,https://www.fec.gov/files/bulk-downloads/2020/cn20.zip,2026-09-12T21:04:35Z,283545
fec_bulk/pas222.zip,https://www.fec.gov/files/bulk-downloads/2022/pas222.zip,2026-09-12T21:06:49Z,25689799
fec_bulk/oth22.zip,https://www.fec.gov/files/bulk-downloads/2022/oth22.zip,2026-09-12T21:09:52Z,146761604
fec_bulk/cm22.zip,https://www.fec.gov/files/bulk-downloads/2022/cm22.zip,2026-09-12T21:04:38Z,838274
fec_bulk/cn22.zip,https://www.fec.gov/files/bulk-downloads/2022/cn22.zip,2026-09-12T21:04:40Z,313270
fec_bulk/pas224.zip,https://www.fec.gov/files/bulk-downloads/2024/pas224.zip,2026-09-12T21:10:13Z,24683218
fec_bulk/oth24.zip,https://www.fec.gov/files/bulk-downloads/2024/oth24.zip,2026-09-12T21:15:30Z,505214543
fec_bulk/cm24.zip,https://www.fec.gov/files/bulk-downloads/2024/cm24.zip,2026-09-12T21:04:42Z,883457
fec_bulk/cn24.zip,https://www.fec.gov/files/bulk-downloads/2024/cn24.zip,2026-09-12T21:04:44Z,356397
fec_bulk/pas226.zip,https://www.fec.gov/files/bulk-downloads/2026/pas226.zip,2026-09-12T21:15:33Z,8086079
fec_bulk/oth26.zip,https://www.fec.gov/files/bulk-downloads/2026/oth26.zip,2026-09-12T21:18:21Z,212795163
fec_bulk/cm26.zip,https://www.fec.gov/files/bulk-downloads/2026/cm26.zip,2026-09-12T21:04:47Z,866356
fec_bulk/cn26.zip,https://www.fec.gov/files/bulk-downloads/2026/cn26.zip,2026-09-12T21:04:49Z,306617
tenk/000109087225000087_a-20251031.htm,https://www.sec.gov/Archives/edgar/data/1090872/000109087225000087/a-20251031.htm,2026-09-12T21:31:59Z,3706984
tenk/000032019325000079_aapl-20250927.htm,https://www.sec.gov/Archives/edgar/data/320193/000032019325000079/aapl-20250927.htm,2026-09-12T21:32:00Z,1520208
tenk/000155115226000008_abbv-20251231.htm,https://www.sec.gov/Archives/edgar/data/1551152/000155115226000008/abbv-20251231.htm,2026-09-12T21:32:00Z,3794601
tenk/000155972026000004_abnb-20251231.htm,https://www.sec.gov/Archives/edgar/data/1559720/000155972026000004/abnb-20251231.htm,2026-09-12T21:32:01Z,2131290
tenk/000162828026010185_abt-20251231.htm,https://www.sec.gov/Archives/edgar/data/1800/000162828026010185/abt-20251231.htm,2026-09-12T21:32:02Z,2656022
tenk/000094748426000017_acgl-20251231.htm,https://www.sec.gov/Archives/edgar/data/947484/000094748426000017/acgl-20251231.htm,2026-09-12T21:32:02Z,7359246
tenk/000146737325000217_acn-20250831.htm,https://www.sec.gov/Archives/edgar/data/1467373/000146737325000217/acn-20250831.htm,2026-09-12T21:32:03Z,2819249
tenk/000079634326000003_adbe-20251128.htm,https://www.sec.gov/Archives/edgar/data/796343/000079634326000003/adbe-20251128.htm,2026-09-12T21:32:03Z,2321176
tenk/000000628125000153_adi-20251101.htm,https://www.sec.gov/Archives/edgar/data/6281/000000628125000153/adi-20251101.htm,2026-09-12T21:32:04Z,2363512
tenk/000000708426000011_adm-20251231.htm,https://www.sec.gov/Archives/edgar/data/7084/000000708426000011/adm-20251231.htm,2026-09-12T21:32:04Z,3214753
tenk/000000867026000030_adp-20260630.htm,https://www.sec.gov/Archives/edgar/data/8670/000000867026000030/adp-20260630.htm,2026-09-12T21:32:04Z,2560552
tenk/000076939726000015_adsk-20260131.htm,https://www.sec.gov/Archives/edgar/data/769397/000076939726000015/adsk-20260131.htm,2026-09-12T21:32:05Z,2710780
tenk/000100291026000009_aee-20251231.htm,https://www.sec.gov/Archives/edgar/data/1002910/000100291026000009/aee-20251231.htm,2026-09-12T21:32:06Z,7909031
tenk/000000490426000013_aep-20251231.htm,https://www.sec.gov/Archives/edgar/data/4904/000000490426000013/aep-20251231.htm,2026-09-12T21:32:07Z,18321403
tenk/000087476126000063_aes-20251231.htm,https://www.sec.gov/Archives/edgar/data/874761/000087476126000063/aes-20251231.htm,2026-09-12T21:32:07Z,6595638
tenk/000162828026011402_afl-20251231.htm,https://www.sec.gov/Archives/edgar/data/4977/000162828026011402/afl-20251231.htm,2026-09-12T21:32:08Z,8903397
tenk/000000527226000023_aig-20251231.htm,https://www.sec.gov/Archives/edgar/data/5272/000000527226000023/aig-20251231.htm,2026-09-12T21:32:09Z,9811602
tenk/000126723826000010_aiz-20251231.htm,https://www.sec.gov/Archives/edgar/data/1267238/000126723826000010/aiz-20251231.htm,2026-09-12T21:32:10Z,5570949
tenk/000162828026008662_ajg-20251231.htm,https://www.sec.gov/Archives/edgar/data/354190/000162828026008662/ajg-20251231.htm,2026-09-12T21:32:11Z,3961921
tenk/000108622226000022_akam-20251231.htm,https://www.sec.gov/Archives/edgar/data/1086222/000108622226000022/akam-20251231.htm,2026-09-12T21:32:12Z,2600541
tenk/000091591326000018_alb-20251231.htm,https://www.sec.gov/Archives/edgar/data/915913/000091591326000018/alb-20251231.htm,2026-09-12T21:32:13Z,3987265
tenk/000109714926000014_algn-20251231.htm,https://www.sec.gov/Archives/edgar/data/1097149/000109714926000014/algn-20251231.htm,2026-09-12T21:32:13Z,2450042
tenk/000089905126000031_all-20251231.htm,https://www.sec.gov/Archives/edgar/data/899051/000089905126000031/all-20251231.htm,2026-09-12T21:32:14Z,8064172
tenk/000157924126000007_alle-20251231.htm,https://www.sec.gov/Archives/edgar/data/1579241/000157924126000007/alle-20251231.htm,2026-09-12T21:32:14Z,2495008
tenk/000162828025056742_amat-20251026.htm,https://www.sec.gov/Archives/edgar/data/6951/000162828025056742/amat-20251026.htm,2026-09-12T21:32:15Z,2221981
tenk/000174879026000022_amcr-20260630.htm,https://www.sec.gov/Archives/edgar/data/1748790/000174879026000022/amcr-20260630.htm,2026-09-12T21:32:16Z,3432785
tenk/000000248826000018_amd-20251227.htm,https://www.sec.gov/Archives/edgar/data/2488/000000248826000018/amd-20251227.htm,2026-09-12T21:32:16Z,2174592
tenk/000103786826000016_ame-20251231.htm,https://www.sec.gov/Archives/edgar/data/1037868/000103786826000016/ame-20251231.htm,2026-09-12T21:32:17Z,2263214
tenk/000031815426000010_amgn-20251231.htm,https://www.sec.gov/Archives/edgar/data/318154/000031815426000010/amgn-20251231.htm,2026-09-12T21:32:17Z,3761124
tenk/000082002726000011_amp-20251231.htm,https://www.sec.gov/Archives/edgar/data/820027/000082002726000011/amp-20251231.htm,2026-09-12T21:32:18Z,8360131
tenk/000105350726000035_amt-20251231.htm,https://www.sec.gov/Archives/edgar/data/1053507/000105350726000035/amt-20251231.htm,2026-09-12T21:32:18Z,4332424
tenk/000101872426000004_amzn-20251231.htm,https://www.sec.gov/Archives/edgar/data/1018724/000101872426000004/amzn-20251231.htm,2026-09-12T21:32:19Z,1968342
tenk/000159653226000013_anet-20251231.htm,https://www.sec.gov/Archives/edgar/data/1596532/000159653226000013/anet-20251231.htm,2026-09-12T21:32:19Z,1932438
tenk/000162828026008116_aon-20251231.htm,https://www.sec.gov/Archives/edgar/data/315293/000162828026008116/aon-20251231.htm,2026-09-12T21:32:20Z,3792932
tenk/000009114226000008_aos-20251231.htm,https://www.sec.gov/Archives/edgar/data/91142/000009114226000008/aos-20251231.htm,2026-09-12T21:32:20Z,1750810
tenk/000184166626000015_apa-20251231.htm,https://www.sec.gov/Archives/edgar/data/1841666/000184166626000015/apa-20251231.htm,2026-09-12T21:32:21Z,4262985
tenk/000000296925000055_apd-20250930.htm,https://www.sec.gov/Archives/edgar/data/2969/000000296925000055/apd-20250930.htm,2026-09-12T21:32:22Z,4071234
tenk/000110465926013549_aph-20251231x10k.htm,https://www.sec.gov/Archives/edgar/data/820313/000110465926013549/aph-20251231x10k.htm,2026-09-12T21:32:22Z,5318142
tenk/000185868126000013_apo-20251231.htm,https://www.sec.gov/Archives/edgar/data/1858681/000185868126000013/apo-20251231.htm,2026-09-12T21:32:23Z,9814023
tenk/000175100826000010_app-20251231.htm,https://www.sec.gov/Archives/edgar/data/1751008/000175100826000010/app-20251231.htm,2026-09-12T21:32:24Z,2009739
tenk/000152133226000009_aptv-20251231.htm,https://www.sec.gov/Archives/edgar/data/1521332/000152133226000009/aptv-20251231.htm,2026-09-12T21:32:26Z,4447843
tenk/000103544326000013_are-20251231.htm,https://www.sec.gov/Archives/edgar/data/1035443/000103544326000013/are-20251231.htm,2026-09-12T21:32:27Z,12365511
tenk/000162828026011413_ares-20251231.htm,https://www.sec.gov/Archives/edgar/data/1176948/000162828026011413/ares-20251231.htm,2026-09-12T21:32:28Z,7240988
tenk/000073180225000056_ato-20250930.htm,https://www.sec.gov/Archives/edgar/data/731802/000073180225000056/ato-20250930.htm,2026-09-12T21:32:29Z,3293628
tenk/000173016825000121_avgo-20251102.htm,https://www.sec.gov/Archives/edgar/data/1730168/000173016825000121/avgo-20251102.htm,2026-09-12T21:32:29Z,2700028
tenk/000000881826000015_avy-20251231.htm,https://www.sec.gov/Archives/edgar/data/8818/000000881826000015/avy-20251231.htm,2026-09-12T21:32:30Z,2651512
tenk/000141063626000034_awk-20251231.htm,https://www.sec.gov/Archives/edgar/data/1410636/000141063626000034/awk-20251231.htm,2026-09-12T21:32:31Z,4010757
tenk/000162828026011360_axon-20251231.htm,https://www.sec.gov/Archives/edgar/data/1069183/000162828026011360/axon-20251231.htm,2026-09-12T21:32:31Z,2669915
tenk/000000496226000080_axp-20251231.htm,https://www.sec.gov/Archives/edgar/data/4962/000000496226000080/axp-20251231.htm,2026-09-12T21:32:32Z,5080618
tenk/000110465925102611_azo-20250830x10k.htm,https://www.sec.gov/Archives/edgar/data/866787/000110465925102611/azo-20250830x10k.htm,2026-09-12T21:32:33Z,3145910
tenk/000162828026004357_ba-20251231.htm,https://www.sec.gov/Archives/edgar/data/12927/000162828026004357/ba-20251231.htm,2026-09-12T21:32:33Z,3439474
tenk/000007085826000157_bac-20251231.htm,https://www.sec.gov/Archives/edgar/data/70858/000007085826000157/bac-20251231.htm,2026-09-12T21:32:34Z,12819060
tenk/000110465926017410_ball-20251231x10k.htm,https://www.sec.gov/Archives/edgar/data/9389/000110465926017410/ball-20251231x10k.htm,2026-09-12T21:32:34Z,4515965
tenk/000162828026007733_bax-20251231.htm,https://www.sec.gov/Archives/edgar/data/10456/000162828026007733/bax-20251231.htm,2026-09-12T21:32:35Z,3388596
tenk/000076447826000009_bby-20260131.htm,https://www.sec.gov/Archives/edgar/data/764478/000076447826000009/bby-20260131.htm,2026-09-12T21:32:36Z,2090316
tenk/000001079525000099_bdx-20250930.htm,https://www.sec.gov/Archives/edgar/data/10795/000001079525000099/bdx-20250930.htm,2026-09-12T21:32:36Z,3059822
tenk/000003877725000238_ben-20250930.htm,https://www.sec.gov/Archives/edgar/data/38777/000003877725000238/ben-20250930.htm,2026-09-12T21:32:37Z,2802766
tenk/000001469326000024_bfb-20260430.htm,https://www.sec.gov/Archives/edgar/data/14693/000001469326000024/bfb-20260430.htm,2026-09-12T21:32:38Z,2490981
tenk/000162828026009842_bg-20251231.htm,https://www.sec.gov/Archives/edgar/data/1996862/000162828026009842/bg-20251231.htm,2026-09-12T21:32:39Z,4748314
tenk/000087504526000013_biib-20251231.htm,https://www.sec.gov/Archives/edgar/data/875045/000087504526000013/biib-20251231.htm,2026-09-12T21:32:40Z,4293142
tenk/000107553126000009_bkng-20251231.htm,https://www.sec.gov/Archives/edgar/data/1075531/000107553126000009/bkng-20251231.htm,2026-09-12T21:32:41Z,2436263
tenk/000170160526000007_bkr-20251231.htm,https://www.sec.gov/Archives/edgar/data/1701605/000170160526000007/bkr-20251231.htm,2026-09-12T21:32:42Z,2215880
tenk/000119312526054643_bldr-20251231.htm,https://www.sec.gov/Archives/edgar/data/1316835/000119312526054643/bldr-20251231.htm,2026-09-12T21:32:43Z,3221548
tenk/000119312526071966_blk-20251231.htm,https://www.sec.gov/Archives/edgar/data/2012383/000119312526071966/blk-20251231.htm,2026-09-12T21:32:44Z,12551314
tenk/000001427226000004_bmy-20251231.htm,https://www.sec.gov/Archives/edgar/data/14272/000001427226000004/bmy-20251231.htm,2026-09-12T21:32:45Z,3845281
tenk/000139077726000033_bk-20251231.htm,https://www.sec.gov/Archives/edgar/data/1390777/000139077726000033/bk-20251231.htm,2026-09-12T21:32:45Z,1256889
tenk/000162828026052243_br-20260630.htm,https://www.sec.gov/Archives/edgar/data/1383312/000162828026052243/br-20260630.htm,2026-09-12T21:32:46Z,2611294
tenk/000119312526083899_brka-20251231.htm,https://www.sec.gov/Archives/edgar/data/1067983/000119312526083899/brka-20251231.htm,2026-09-12T21:32:47Z,10396820
tenk/000119312526046984_bro-20251231.htm,https://www.sec.gov/Archives/edgar/data/79282/000119312526046984/bro-20251231.htm,2026-09-12T21:32:47Z,5600087
tenk/000088572526000010_bsx-20251231.htm,https://www.sec.gov/Archives/edgar/data/885725/000088572526000010/bsx-20251231.htm,2026-09-12T21:32:48Z,3187618
tenk/000119312526082531_d48618d10k.htm,https://www.sec.gov/Archives/edgar/data/1393818/000119312526082531/d48618d10k.htm,2026-09-12T21:32:49Z,9097644
tenk/000103754026000006_bxp-20251231.htm,https://www.sec.gov/Archives/edgar/data/1037540/000103754026000006/bxp-20251231.htm,2026-09-12T21:32:50Z,7566515
tenk/000083100126000011_c-20251231.htm,https://www.sec.gov/Archives/edgar/data/831001/000083100126000011/c-20251231.htm,2026-09-12T21:32:50Z,16150764
tenk/000072137126000038_cah-20260630.htm,https://www.sec.gov/Archives/edgar/data/721371/000072137126000038/cah-20260630.htm,2026-09-12T21:32:51Z,2955918
tenk/000178318026000008_carr-20251231.htm,https://www.sec.gov/Archives/edgar/data/1783180/000178318026000008/carr-20251231.htm,2026-09-12T21:32:52Z,3020109
tenk/000072695826000046_casy-20260430.htm,https://www.sec.gov/Archives/edgar/data/726958/000072695826000046/casy-20260430.htm,2026-09-12T21:32:53Z,1305180
tenk/000001823026000008_cat-20251231.htm,https://www.sec.gov/Archives/edgar/data/18230/000001823026000008/cat-20251231.htm,2026-09-12T21:32:53Z,6100469
tenk/000089615926000005_cb-20251231.htm,https://www.sec.gov/Archives/edgar/data/896159/000089615926000005/cb-20251231.htm,2026-09-12T21:32:55Z,9698734
tenk/000162828026010013_cboe-20251231.htm,https://www.sec.gov/Archives/edgar/data/1374310/000162828026010013/cboe-20251231.htm,2026-09-12T21:32:56Z,4107643
tenk/000113811826000005_cbre-20251231.htm,https://www.sec.gov/Archives/edgar/data/1138118/000113811826000005/cbre-20251231.htm,2026-09-12T21:32:57Z,3569416
tenk/000105147026000016_cci-20251231.htm,https://www.sec.gov/Archives/edgar/data/1051470/000105147026000016/cci-20251231.htm,2026-09-12T21:32:59Z,2566836
tenk/000081509726000007_ccl-20251130.htm,https://www.sec.gov/Archives/edgar/data/815097/000081509726000007/ccl-20251130.htm,2026-09-12T21:33:00Z,2101715
tenk/000081367226000016_cdns-20251231.htm,https://www.sec.gov/Archives/edgar/data/813672/000081367226000016/cdns-20251231.htm,2026-09-12T21:33:02Z,2689168
tenk/000140205726000011_cdw-20251231.htm,https://www.sec.gov/Archives/edgar/data/1402057/000140205726000011/cdw-20251231.htm,2026-09-12T21:33:03Z,2431151
tenk/000186827526000032_ceg-20251231.htm,https://www.sec.gov/Archives/edgar/data/1868275/000186827526000032/ceg-20251231.htm,2026-09-12T21:33:04Z,4811218
tenk/000132440426000007_cf-20251231.htm,https://www.sec.gov/Archives/edgar/data/1324404/000132440426000007/cf-20251231.htm,2026-09-12T21:33:06Z,3958512
tenk/000075994426000028_cfg-20251231.htm,https://www.sec.gov/Archives/edgar/data/759944/000075994426000028/cfg-20251231.htm,2026-09-12T21:33:09Z,6381337
tenk/000119312526048139_chd-20251231.htm,https://www.sec.gov/Archives/edgar/data/313927/000119312526048139/chd-20251231.htm,2026-09-12T21:33:10Z,4736851
tenk/000104327726000009_chrw-20251231.htm,https://www.sec.gov/Archives/edgar/data/1043277/000104327726000009/chrw-20251231.htm,2026-09-12T21:33:11Z,2117578
tenk/000109166726000017_chtr-20251231.htm,https://www.sec.gov/Archives/edgar/data/1091667/000109166726000017/chtr-20251231.htm,2026-09-12T21:33:12Z,2566237
tenk/000173994026000006_ci-20251231.htm,https://www.sec.gov/Archives/edgar/data/1739940/000173994026000006/ci-20251231.htm,2026-09-12T21:33:13Z,4480982
tenk/000162828025056698_cien-20251101.htm,https://www.sec.gov/Archives/edgar/data/936395/000162828025056698/cien-20251101.htm,2026-09-12T21:33:14Z,2736369
tenk/000002028626000008_cinf-20251231.htm,https://www.sec.gov/Archives/edgar/data/20286/000002028626000008/cinf-20251231.htm,2026-09-12T21:33:15Z,7269343
fec/sb/_tmp_C00076588_2022_p001.json,https://api.open.fec.gov/v1/schedules/schedule_b/?committee_id=C00076588&two_year_transaction_period=2022&per_page=100&sort=disbursement_date,2026-09-12T21:33:15Z,131739
tenk/000002166526000006_cl-20251231.htm,https://www.sec.gov/Archives/edgar/data/21665/000002166526000006/cl-20251231.htm,2026-09-12T21:33:16Z,2832052
tenk/000002107626000034_clx-20260630.htm,https://www.sec.gov/Archives/edgar/data/21076/000002107626000034/clx-20260630.htm,2026-09-12T21:33:16Z,822439
tenk/000162828026004994_cmcsa-20251231.htm,https://www.sec.gov/Archives/edgar/data/1166691/000162828026004994/cmcsa-20251231.htm,2026-09-12T21:33:17Z,2858022
tenk/000115637526000009_cme-20251231.htm,https://www.sec.gov/Archives/edgar/data/1156375/000115637526000009/cme-20251231.htm,2026-09-12T21:33:17Z,2510862
tenk/000105809026000009_cmg-20251231.htm,https://www.sec.gov/Archives/edgar/data/1058090/000105809026000009/cmg-20251231.htm,2026-09-12T21:33:18Z,1601586
fec/sb/_tmp_C00076810_2018_p001.json,https://api.open.fec.gov/v1/schedules/schedule_b/?committee_id=C00076810&two_year_transaction_period=2018&per_page=100&sort=disbursement_date,2026-09-12T21:33:18Z,468360
tenk/000002617226000009_cmi-20251231.htm,https://www.sec.gov/Archives/edgar/data/26172/000002617226000009/cmi-20251231.htm,2026-09-12T21:33:19Z,4740612
tenk/000081115626000004_cms-20251231.htm,https://www.sec.gov/Archives/edgar/data/811156/000081115626000004/cms-20251231.htm,2026-09-12T21:33:19Z,5959118
tenk/000107173926000049_cnc-20251231.htm,https://www.sec.gov/Archives/edgar/data/1071739/000107173926000049/cnc-20251231.htm,2026-09-12T21:33:20Z,3196200
tenk/000113031026000008_cnp-20251231.htm,https://www.sec.gov/Archives/edgar/data/1130310/000113031026000008/cnp-20251231.htm,2026-09-12T21:33:21Z,7196376
tenk/000092762826000024_cof-20251231.htm,https://www.sec.gov/Archives/edgar/data/927628/000092762826000024/cof-20251231.htm,2026-09-12T21:33:22Z,9213649
tenk/000082031826000020_iivi-20260630.htm,https://www.sec.gov/Archives/edgar/data/820318/000082031826000020/iivi-20260630.htm,2026-09-12T21:33:22Z,2678929
tenk/000167978826000015_coin-20251231.htm,https://www.sec.gov/Archives/edgar/data/1679788/000167978826000015/coin-20251231.htm,2026-09-12T21:33:23Z,3216972
fec/sb/_tmp_C00076810_2022_p001.json,https://api.open.fec.gov/v1/schedules/schedule_b/?committee_id=C00076810&two_year_transaction_period=2022&per_page=100&sort=disbursement_date,2026-09-12T21:33:24Z,518025
tenk/000162828025055615_coo-20251031.htm,https://www.sec.gov/Archives/edgar/data/711404/000162828025055615/coo-20251031.htm,2026-09-12T21:33:24Z,2029099
tenk/000116316526000009_cop-20251231.htm,https://www.sec.gov/Archives/edgar/data/1163165/000116316526000009/cop-20251231.htm,2026-09-12T21:33:25Z,5308912
fec/sb/_tmp_C00076588_2026_p001.json,https://api.open.fec.gov/v1/schedules/schedule_b/?committee_id=C00076588&two_year_transaction_period=2026&per_page=100&sort=disbursement_date,2026-09-12T21:33:25Z,58749
tenk/000114085925000131_cor-20250930.htm,https://www.sec.gov/Archives/edgar/data/1140859/000114085925000131/cor-20250930.htm,2026-09-12T21:33:26Z,2111575
tenk/000090983225000101_cost-20250831.htm,https://www.sec.gov/Archives/edgar/data/909832/000090983225000101/cost-20250831.htm,2026-09-12T21:33:26Z,1438962
tenk/000117545426000018_flt-20251231.htm,https://www.sec.gov/Archives/edgar/data/1175454/000117545426000018/flt-20251231.htm,2026-09-12T21:33:28Z,5374161
tenk/000162828025042946_cprt-20250731.htm,https://www.sec.gov/Archives/edgar/data/900075/000162828025042946/cprt-20250731.htm,2026-09-12T21:33:29Z,2029406
tenk/000162828026007697_cpt-20251231.htm,https://www.sec.gov/Archives/edgar/data/906345/000162828026007697/cpt-20251231.htm,2026-09-12T21:33:29Z,3167739
tenk/000162828026009043_crh-20251231.htm,https://www.sec.gov/Archives/edgar/data/849395/000162828026009043/crh-20251231.htm,2026-09-12T21:33:30Z,3553852
fec/sb/_tmp_C00076810_2026_p001.json,https://api.open.fec.gov/v1/schedules/schedule_b/?committee_id=C00076810&two_year_transaction_period=2026&per_page=100&sort=disbursement_date,2026-09-12T21:33:31Z,504768
tenk/000110068226000022_crl-20251227.htm,https://www.sec.gov/Archives/edgar/data/1100682/000110068226000022/crl-20251227.htm,2026-09-12T21:33:31Z,3107567
tenk/000110852426000060_crm-20260131.htm,https://www.sec.gov/Archives/edgar/data/1108524/000110852426000060/crm-20260131.htm,2026-09-12T21:33:31Z,2570278
tenk/000153552726000010_crwd-20260131.htm,https://www.sec.gov/Archives/edgar/data/1535527/000153552726000010/crwd-20260131.htm,2026-09-12T21:33:32Z,2749197
tenk/000085887726000132_csco-20260725.htm,https://www.sec.gov/Archives/edgar/data/858877/000085887726000132/csco-20260725.htm,2026-09-12T21:33:32Z,3373562
tenk/000105735226000020_csgp-20251231.htm,https://www.sec.gov/Archives/edgar/data/1057352/000105735226000020/csgp-20251231.htm,2026-09-12T21:33:33Z,2783426
tenk/000027794826000006_csx-20251231.htm,https://www.sec.gov/Archives/edgar/data/277948/000027794826000006/csx-20251231.htm,2026-09-12T21:33:34Z,2513322
tenk/000072325426000028_ctas-20260531.htm,https://www.sec.gov/Archives/edgar/data/723254/000072325426000028/ctas-20260531.htm,2026-09-12T21:33:34Z,2112605
fec/sb/_tmp_C00076810_2026_p002.json,https://api.open.fec.gov/v1/schedules/schedule_b/?committee_id=C00076810&two_year_transaction_period=2026&per_page=100&sort=disbursement_date&last_index=4042320251186371532&last_disbursement_date=2025-03-05,2026-09-12T21:33:35Z,529835
tenk/000105829026000008_ctsh-20251231.htm,https://www.sec.gov/Archives/edgar/data/1058290/000105829026000008/ctsh-20251231.htm,2026-09-12T21:33:35Z,2687972
fec/sb/_tmp_C00076810_2024_p001.json,https://api.open.fec.gov/v1/schedules/schedule_b/?committee_id=C00076810&two_year_transaction_period=2024&per_page=100&sort=disbursement_date,2026-09-12T21:33:36Z,521877
tenk/000175567226000004_ctva-20251231.htm,https://www.sec.gov/Archives/edgar/data/1755672/000175567226000004/ctva-20251231.htm,2026-09-12T21:33:36Z,4697980
fec/sb/_tmp_C00076810_2026_p003.json,https://api.open.fec.gov/v1/schedules/schedule_b/?committee_id=C00076810&two_year_transaction_period=2026&per_page=100&sort=disbursement_date&last_index=4051620251202941591&last_disbursement_date=2025-04-29,2026-09-12T21:33:37Z,473659
tenk/000169082026000009_cvna-20251231.htm,https://www.sec.gov/Archives/edgar/data/1690820/000169082026000009/cvna-20251231.htm,2026-09-12T21:33:37Z,2567270
tenk/000006480326000010_cvs-20251231.htm,https://www.sec.gov/Archives/edgar/data/64803/000006480326000010/cvs-20251231.htm,2026-09-12T21:33:38Z,4921164
fec/sb/_tmp_C00076810_2024_p002.json,https://api.open.fec.gov/v1/schedules/schedule_b/?committee_id=C00076810&two_year_transaction_period=2024&per_page=100&sort=disbursement_date&last_index=4042620231744766080&last_disbursement_date=2023-03-28,2026-09-12T21:33:39Z,519600
tenk/000009341026000078_cvx-20251231.htm,https://www.sec.gov/Archives/edgar/data/93410/000009341026000078/cvx-20251231.htm,2026-09-12T21:33:39Z,6061316
fec/sb/_tmp_C00076810_2026_p004.json,https://api.open.fec.gov/v1/schedules/schedule_b/?committee_id=C00076810&two_year_transaction_period=2026&per_page=100&sort=disbursement_date&last_index=4072320251211248018&last_disbursement_date=2025-06-25,2026-09-12T21:33:40Z,490419
fec/sb/_tmp_C00076810_2022_p002.json,https://api.open.fec.gov/v1/schedules/schedule_b/?committee_id=C00076810&two_year_transaction_period=2022&per_page=100&sort=disbursement_date&last_index=4062320211309668739&last_disbursement_date=2021-05-27,2026-09-12T21:33:41Z,513266
tenk/000119312526063120_d-20251231.htm,https://www.sec.gov/Archives/edgar/data/715957/000119312526063120/d-20251231.htm,2026-09-12T21:33:41Z,18147230
tenk/000002790426000013_dal-20251231.htm,https://www.sec.gov/Archives/edgar/data/27904/000002790426000013/dal-20251231.htm,2026-09-12T21:33:42Z,2534046
tenk/000179278926000013_dash-20251231.htm,https://www.sec.gov/Archives/edgar/data/1792789/000179278926000013/dash-20251231.htm,2026-09-12T21:33:42Z,2626599
fec/sb/_tmp_C00076810_2018_p002.json,https://api.open.fec.gov/v1/schedules/schedule_b/?committee_id=C00076810&two_year_transaction_period=2018&per_page=100&sort=disbursement_date&last_index=4041320171398542822&last_disbursement_date=2017-03-27,2026-09-12T21:33:42Z,494047
tenk/000166670026000013_dd-20251231.htm,https://www.sec.gov/Archives/edgar/data/1666700/000166670026000013/dd-20251231.htm,2026-09-12T21:33:43Z,4009777
fec/sb/_tmp_C00076810_2024_p003.json,https://api.open.fec.gov/v1/schedules/schedule_b/?committee_id=C00076810&two_year_transaction_period=2024&per_page=100&sort=disbursement_date&last_index=4072820231758291113&last_disbursement_date=2023-06-15,2026-09-12T21:33:44Z,506227
tenk/000162828026008819_ddog-20251231.htm,https://www.sec.gov/Archives/edgar/data/1561550/000162828026008819/ddog-20251231.htm,2026-09-12T21:33:44Z,2086014
tenk/000110465925122321_de-20251102x10k.htm,https://www.sec.gov/Archives/edgar/data/315189/000110465925122321/de-20251102x10k.htm,2026-09-12T21:33:44Z,10743804
fec/sb/_tmp_C00076810_2026_p005.json,https://api.open.fec.gov/v1/schedules/schedule_b/?committee_id=C00076810&two_year_transaction_period=2026&per_page=100&sort=disbursement_date&last_index=4091120251291059503&last_disbursement_date=2025-07-30,2026-09-12T21:33:45Z,434435
tenk/000162828026037664_deck-20260331.htm,https://www.sec.gov/Archives/edgar/data/910521/000162828026037664/deck-20260331.htm,2026-09-12T21:33:45Z,5260149
tenk/000157199626000008_dell-20260130.htm,https://www.sec.gov/Archives/edgar/data/1571996/000157199626000008/dell-20260130.htm,2026-09-12T21:33:46Z,3552634
fec/sb/_tmp_C00076810_2022_p003.json,https://api.open.fec.gov/v1/schedules/schedule_b/?committee_id=C00076810&two_year_transaction_period=2022&per_page=100&sort=disbursement_date&last_index=4082120211329886230&last_disbursement_date=2021-07-14,2026-09-12T21:33:46Z,449668
tenk/000110465926032325_dg-20260130x10k.htm,https://www.sec.gov/Archives/edgar/data/29534/000110465926032325/dg-20260130x10k.htm,2026-09-12T21:33:46Z,2672091
tenk/000102207926000015_dgx-20251231.htm,https://www.sec.gov/Archives/edgar/data/1022079/000102207926000015/dgx-20251231.htm,2026-09-12T21:33:47Z,2628080
fec/sb/_tmp_C00076810_2020_p001.json,https://api.open.fec.gov/v1/schedules/schedule_b/?committee_id=C00076810&two_year_transaction_period=2020&per_page=100&sort=disbursement_date,2026-09-12T21:33:47Z,490458
tenk/000088218425000081_dhi-20250930.htm,https://www.sec.gov/Archives/edgar/data/882184/000088218425000081/dhi-20250930.htm,2026-09-12T21:33:47Z,2987414
fec/sb/_tmp_C00076810_2018_p003.json,https://api.open.fec.gov/v1/schedules/schedule_b/?committee_id=C00076810&two_year_transaction_period=2018&per_page=100&sort=disbursement_date&last_index=4061520171409937884&last_disbursement_date=2017-05-25,2026-09-12T21:33:48Z,502828
tenk/000031361626000062_dhr-20251231.htm,https://www.sec.gov/Archives/edgar/data/313616/000031361626000062/dhr-20251231.htm,2026-09-12T21:33:48Z,2936061
tenk/000174448925000155_dis-20250927.htm,https://www.sec.gov/Archives/edgar/data/1744489/000174448925000155/dis-20250927.htm,2026-09-12T21:33:49Z,4202853
fec/sb/_tmp_C00076810_2024_p004.json,https://api.open.fec.gov/v1/schedules/schedule_b/?committee_id=C00076810&two_year_transaction_period=2024&per_page=100&sort=disbursement_date&last_index=4081620231788358077&last_disbursement_date=2023-07-18,2026-09-12T21:33:49Z,465503
tenk/000110465926015365_dlr-20251231x10k.htm,https://www.sec.gov/Archives/edgar/data/1297996/000110465926015365/dlr-20251231x10k.htm,2026-09-12T21:33:49Z,8453067
tenk/000093570326000025_dltr-20260131.htm,https://www.sec.gov/Archives/edgar/data/935703/000093570326000025/dltr-20260131.htm,2026-09-12T21:33:51Z,1894818
fec/sb/_tmp_C00077701_2016_p001.json,https://api.open.fec.gov/v1/schedules/schedule_b/?committee_id=C00077701&two_year_transaction_period=2016&per_page=100&sort=disbursement_date,2026-09-12T21:33:51Z,449014
fec/sb/_tmp_C00076810_2026_p006.json,https://api.open.fec.gov/v1/schedules/schedule_b/?committee_id=C00076810&two_year_transaction_period=2026&per_page=100&sort=disbursement_date&last_index=4091120251291059603&last_disbursement_date=2025-08-27,2026-09-12T21:33:51Z,430994
tenk/000162828026005044_peak-20251231.htm,https://www.sec.gov/Archives/edgar/data/765880/000162828026005044/peak-20251231.htm,2026-09-12T21:33:52Z,8708634
fec/sb/_tmp_C00076810_2022_p004.json,https://api.open.fec.gov/v1/schedules/schedule_b/?committee_id=C00076810&two_year_transaction_period=2022&per_page=100&sort=disbursement_date&last_index=4082120211329886225&last_disbursement_date=2021-07-30,2026-09-12T21:33:52Z,559930
tenk/000002990526000009_dov-20251231.htm,https://www.sec.gov/Archives/edgar/data/29905/000002990526000009/dov-20251231.htm,2026-09-12T21:33:52Z,3193954
fec/sb/_tmp_C00076810_2020_p002.json,https://api.open.fec.gov/v1/schedules/schedule_b/?committee_id=C00076810&two_year_transaction_period=2020&per_page=100&sort=disbursement_date&last_index=4041720191646534981&last_disbursement_date=2019-03-14,2026-09-12T21:33:53Z,489141
tenk/000175178826000018_dow-20251231.htm,https://www.sec.gov/Archives/edgar/data/1751788/000175178826000018/dow-20251231.htm,2026-09-12T21:33:53Z,5279542
fec/sb/_tmp_C00076810_2018_p004.json,https://api.open.fec.gov/v1/schedules/schedule_b/?committee_id=C00076810&two_year_transaction_period=2018&per_page=100&sort=disbursement_date&last_index=4072020171426296266&last_disbursement_date=2017-06-29,2026-09-12T21:33:54Z,451657
tenk/000119312526062321_dpz-20251228.htm,https://www.sec.gov/Archives/edgar/data/1286681/000119312526062321/dpz-20251228.htm,2026-09-12T21:33:54Z,4923021
fec/sb/_tmp_C00076810_2024_p005.json,https://api.open.fec.gov/v1/schedules/schedule_b/?committee_id=C00076810&two_year_transaction_period=2024&per_page=100&sort=disbursement_date&last_index=4112020231811312525&last_disbursement_date=2023-10-11,2026-09-12T21:33:55Z,412105
tenk/000094094426000025_dri-20260531.htm,https://www.sec.gov/Archives/edgar/data/940944/000094094426000025/dri-20260531.htm,2026-09-12T21:33:55Z,2349622
tenk/000093634026000054_dte-20251231.htm,https://www.sec.gov/Archives/edgar/data/936340/000093634026000054/dte-20251231.htm,2026-09-12T21:33:56Z,6032479
fec/sb/_tmp_C00077701_2018_p001.json,https://api.open.fec.gov/v1/schedules/schedule_b/?committee_id=C00077701&two_year_transaction_period=2018&per_page=100&sort=disbursement_date,2026-09-12T21:33:57Z,562773
tenk/000132616026000014_duk-20251231.htm,https://www.sec.gov/Archives/edgar/data/1326160/000132616026000014/duk-20251231.htm,2026-09-12T21:33:57Z,16080176
fec/sb/_tmp_C00076810_2026_p007.json,https://api.open.fec.gov/v1/schedules/schedule_b/?committee_id=C00076810&two_year_transaction_period=2026&per_page=100&sort=disbursement_date&last_index=4112420251294723852&last_disbursement_date=2025-09-16,2026-09-12T21:33:57Z,483277
tenk/000092706626000012_dva-20251231.htm,https://www.sec.gov/Archives/edgar/data/927066/000092706626000012/dva-20251231.htm,2026-09-12T21:33:58Z,3054617
fec/sb/_tmp_C00076810_2022_p005.json,https://api.open.fec.gov/v1/schedules/schedule_b/?committee_id=C00076810&two_year_transaction_period=2022&per_page=100&sort=disbursement_date&last_index=4112320211379147268&last_disbursement_date=2021-10-27,2026-09-12T21:33:58Z,507591
tenk/000119312526056485_dvn-20251231.htm,https://www.sec.gov/Archives/edgar/data/1090012/000119312526056485/dvn-20251231.htm,2026-09-12T21:33:59Z,6551921
fec/sb/_tmp_C00076810_2020_p003.json,https://api.open.fec.gov/v1/schedules/schedule_b/?committee_id=C00076810&two_year_transaction_period=2020&per_page=100&sort=disbursement_date&last_index=4051620191657024656&last_disbursement_date=2019-04-16,2026-09-12T21:33:59Z,491762
tenk/000109355726000027_dxcm-20251231.htm,https://www.sec.gov/Archives/edgar/data/1093557/000109355726000027/dxcm-20251231.htm,2026-09-12T21:33:59Z,2525851
tenk/000106508826000027_ebay-20251231.htm,https://www.sec.gov/Archives/edgar/data/1065088/000106508826000027/ebay-20251231.htm,2026-09-12T21:34:00Z,2723024
tenk/000110465926021817_tmb-20251231x10k.htm,https://www.sec.gov/Archives/edgar/data/1415404/000110465926021817/tmb-20251231x10k.htm,2026-09-12T21:34:00Z,7866290
tenk/000110465926018357_ecl-20251231x10k.htm,https://www.sec.gov/Archives/edgar/data/31462/000110465926018357/ecl-20251231x10k.htm,2026-09-12T21:34:01Z,8192692
tenk/000104786226000031_ed-20251231.htm,https://www.sec.gov/Archives/edgar/data/1047862/000104786226000031/ed-20251231.htm,2026-09-12T21:34:02Z,6174722
fec/sb/_tmp_C00077701_2018_p002.json,https://api.open.fec.gov/v1/schedules/schedule_b/?committee_id=C00077701&two_year_transaction_period=2018&per_page=100&sort=disbursement_date&last_index=4122120181623149049&last_disbursement_date=2018-11-01,2026-09-12T21:34:02Z,39577
tenk/000003318526000010_efx-20251231.htm,https://www.sec.gov/Archives/edgar/data/33185/000003318526000010/efx-20251231.htm,2026-09-12T21:34:03Z,3103929
fec/sb/_tmp_C00076810_2026_p008.json,https://api.open.fec.gov/v1/schedules/schedule_b/?committee_id=C00076810&two_year_transaction_period=2026&per_page=100&sort=disbursement_date&last_index=4012120261303133011&last_disbursement_date=2025-11-10,2026-09-12T21:34:04Z,505001
tenk/000109507326000006_eg-20251231.htm,https://www.sec.gov/Archives/edgar/data/1095073/000109507326000006/eg-20251231.htm,2026-09-12T21:34:04Z,5391749
tenk/000082705226000012_eix-20251231.htm,https://www.sec.gov/Archives/edgar/data/827052/000082705226000012/eix-20251231.htm,2026-09-12T21:34:04Z,4853491
fec/sb/_tmp_C00076810_2022_p006.json,https://api.open.fec.gov/v1/schedules/schedule_b/?committee_id=C00076810&two_year_transaction_period=2022&per_page=100&sort=disbursement_date&last_index=4020820221405948235&last_disbursement_date=2021-12-07,2026-09-12T21:34:05Z,499046
tenk/000100125026000041_el-20260630.htm,https://www.sec.gov/Archives/edgar/data/1001250/000100125026000041/el-20260630.htm,2026-09-12T21:34:05Z,4704123
fec/sb/_tmp_C00076810_2020_p004.json,https://api.open.fec.gov/v1/schedules/schedule_b/?committee_id=C00076810&two_year_transaction_period=2020&per_page=100&sort=disbursement_date&last_index=4061920191658266470&last_disbursement_date=2019-05-31,2026-09-12T21:34:06Z,488099
tenk/000115603926000013_elv-20251231.htm,https://www.sec.gov/Archives/edgar/data/1156039/000115603926000013/elv-20251231.htm,2026-09-12T21:34:06Z,3760011
tenk/000010563426000025_eme-20251231.htm,https://www.sec.gov/Archives/edgar/data/105634/000010563426000025/eme-20251231.htm,2026-09-12T21:34:07Z,2769673
fec/sb/_tmp_C00077701_2020_p001.json,https://api.open.fec.gov/v1/schedules/schedule_b/?committee_id=C00077701&two_year_transaction_period=2020&per_page=100&sort=disbursement_date,2026-09-12T21:34:08Z,550678
fec/sb/_tmp_C00076810_2018_p005.json,https://api.open.fec.gov/v1/schedules/schedule_b/?committee_id=C00076810&two_year_transaction_period=2018&per_page=100&sort=disbursement_date&last_index=4081420171447198996&last_disbursement_date=2017-07-27,2026-09-12T21:34:08Z,471289
tenk/000003260425000087_emr-20250930.htm,https://www.sec.gov/Archives/edgar/data/32604/000003260425000087/emr-20250930.htm,2026-09-12T21:34:08Z,2830536
fec/sb/_tmp_C00076810_2026_p009.json,https://api.open.fec.gov/v1/schedules/schedule_b/?committee_id=C00076810&two_year_transaction_period=2026&per_page=100&sort=disbursement_date&last_index=4031820261424714038&last_disbursement_date=2026-02-04,2026-09-12T21:34:09Z,531708
tenk/000082118926000054_eog-20251231.htm,https://www.sec.gov/Archives/edgar/data/821189/000082118926000054/eog-20251231.htm,2026-09-12T21:34:09Z,3115412
fec/sb/_tmp_C00076810_2024_p006.json,https://api.open.fec.gov/v1/schedules/schedule_b/?committee_id=C00076810&two_year_transaction_period=2024&per_page=100&sort=disbursement_date&last_index=4112020231811312491&last_disbursement_date=2023-10-12,2026-09-12T21:34:10Z,438716
fec/sb/_tmp_C00076810_2022_p007.json,https://api.open.fec.gov/v1/schedules/schedule_b/?committee_id=C00076810&two_year_transaction_period=2022&per_page=100&sort=disbursement_date&last_index=4020820221405948240&last_disbursement_date=2021-12-22,2026-09-12T21:34:11Z,442283
tenk/000110123926000032_eqix-20251231.htm,https://www.sec.gov/Archives/edgar/data/1101239/000110123926000032/eqix-20251231.htm,2026-09-12T21:34:11Z,4071886
fec/sb/_tmp_C00076810_2020_p005.json,https://api.open.fec.gov/v1/schedules/schedule_b/?committee_id=C00076810&two_year_transaction_period=2020&per_page=100&sort=disbursement_date&last_index=4072420191661064127&last_disbursement_date=2019-06-27,2026-09-12T21:34:12Z,480474
fec/sb/_tmp_C00077701_2020_p002.json,https://api.open.fec.gov/v1/schedules/schedule_b/?committee_id=C00077701&two_year_transaction_period=2020&per_page=100&sort=disbursement_date&last_index=4101620201858319594&last_disbursement_date=2020-09-30,2026-09-12T21:34:13Z,26511
tenk/000003321326000018_eqt-20251231.htm,https://www.sec.gov/Archives/edgar/data/33213/000003321326000018/eqt-20251231.htm,2026-09-12T21:34:13Z,3896747
fec/sb/_tmp_C00076810_2018_p006.json,https://api.open.fec.gov/v1/schedules/schedule_b/?committee_id=C00076810&two_year_transaction_period=2018&per_page=100&sort=disbursement_date&last_index=4091820171455649619&last_disbursement_date=2017-08-11,2026-09-12T21:34:14Z,473362
tenk/000162828026010666_erie-20251231.htm,https://www.sec.gov/Archives/edgar/data/922621/000162828026010666/erie-20251231.htm,2026-09-12T21:34:14Z,2640889
fec/sb/_tmp_C00076810_2026_p010.json,https://api.open.fec.gov/v1/schedules/schedule_b/?committee_id=C00076810&two_year_transaction_period=2026&per_page=100&sort=disbursement_date&last_index=4052620261511429432&last_disbursement_date=2026-03-30,2026-09-12T21:34:15Z,456123
tenk/000162828026008461_es-20251231.htm,https://www.sec.gov/Archives/edgar/data/72741/000162828026008461/es-20251231.htm,2026-09-12T21:34:16Z,7812247
fec/sb/_tmp_C00076810_2024_p007.json,https://api.open.fec.gov/v1/schedules/schedule_b/?committee_id=C00076810&two_year_transaction_period=2024&per_page=100&sort=disbursement_date&last_index=4112020231811312626&last_disbursement_date=2023-10-30,2026-09-12T21:34:16Z,420151
tenk/000092052226000003_ess-20251231.htm,https://www.sec.gov/Archives/edgar/data/920522/000092052226000003/ess-20251231.htm,2026-09-12T21:34:17Z,5662346
fec/sb/_tmp_C00076810_2022_p008.json,https://api.open.fec.gov/v1/schedules/schedule_b/?committee_id=C00076810&two_year_transaction_period=2022&per_page=100&sort=disbursement_date&last_index=4032220221463993513&last_disbursement_date=2022-02-23,2026-09-12T21:34:18Z,510466
fec/sb/_tmp_C00076810_2020_p006.json,https://api.open.fec.gov/v1/schedules/schedule_b/?committee_id=C00076810&two_year_transaction_period=2020&per_page=100&sort=disbursement_date&last_index=4082020191663985995&last_disbursement_date=2019-07-18,2026-09-12T21:34:18Z,442458
tenk/000155118226000007_etn-20251231.htm,https://www.sec.gov/Archives/edgar/data/1551182/000155118226000007/etn-20251231.htm,2026-09-12T21:34:19Z,3119190
fec/sb/_tmp_C00077701_2022_p001.json,https://api.open.fec.gov/v1/schedules/schedule_b/?committee_id=C00077701&two_year_transaction_period=2022&per_page=100&sort=disbursement_date,2026-09-12T21:34:20Z,422414
fec/sb/_tmp_C00076810_2018_p007.json,https://api.open.fec.gov/v1/schedules/schedule_b/?committee_id=C00076810&two_year_transaction_period=2018&per_page=100&sort=disbursement_date&last_index=4101820171458495235&last_disbursement_date=2017-09-19,2026-09-12T21:34:20Z,485551
fec/sb/_tmp_C00076810_2026_p011.json,https://api.open.fec.gov/v1/schedules/schedule_b/?committee_id=C00076810&two_year_transaction_period=2026&per_page=100&sort=disbursement_date&last_index=4062420261522642945&last_disbursement_date=2026-05-21,2026-09-12T21:34:22Z,504894
tenk/000006598426000174_etr-20251231.htm,https://www.sec.gov/Archives/edgar/data/65984/000006598426000174/etr-20251231.htm,2026-09-12T21:34:22Z,15277598
fec/sb/_tmp_C00076810_2024_p008.json,https://api.open.fec.gov/v1/schedules/schedule_b/?committee_id=C00076810&two_year_transaction_period=2024&per_page=100&sort=disbursement_date&last_index=4122020231812999500&last_disbursement_date=2023-11-20,2026-09-12T21:34:22Z,509617
fec/sb/_tmp_C00076810_2022_p009.json,https://api.open.fec.gov/v1/schedules/schedule_b/?committee_id=C00076810&two_year_transaction_period=2022&per_page=100&sort=disbursement_date&last_index=4042820221473214335&last_disbursement_date=2022-03-21,2026-09-12T21:34:24Z,470546
fec/sb/_tmp_C00076810_2020_p007.json,https://api.open.fec.gov/v1/schedules/schedule_b/?committee_id=C00076810&two_year_transaction_period=2020&per_page=100&sort=disbursement_date&last_index=4102220191675048144&last_disbursement_date=2019-09-16,2026-09-12T21:34:25Z,492670
tenk/000171126926000017_evrg-20251231.htm,https://www.sec.gov/Archives/edgar/data/1711269/000171126926000017/evrg-20251231.htm,2026-09-12T21:34:26Z,8540672
fec/sb/_tmp_C00076810_2018_p008.json,https://api.open.fec.gov/v1/schedules/schedule_b/?committee_id=C00076810&two_year_transaction_period=2018&per_page=100&sort=disbursement_date&last_index=4111620171464066695&last_disbursement_date=2017-10-04,2026-09-12T21:34:27Z,410526
fec/sb/_tmp_C00077701_2024_p001.json,https://api.open.fec.gov/v1/schedules/schedule_b/?committee_id=C00077701&two_year_transaction_period=2024&per_page=100&sort=disbursement_date,2026-09-12T21:34:27Z,554092
fec/sb/_tmp_C00076810_2026_p012.json,https://api.open.fec.gov/v1/schedules/schedule_b/?committee_id=C00076810&two_year_transaction_period=2026&per_page=100&sort=disbursement_date&last_index=4082020261584424342&last_disbursement_date=2026-07-22,2026-09-12T21:34:27Z,195466
tenk/000109980026000009_ew-20251231.htm,https://www.sec.gov/Archives/edgar/data/1099800/000109980026000009/ew-20251231.htm,2026-09-12T21:34:28Z,3049648
fec/sb/_tmp_C00076810_2024_p009.json,https://api.open.fec.gov/v1/schedules/schedule_b/?committee_id=C00076810&two_year_transaction_period=2024&per_page=100&sort=disbursement_date&last_index=4032020241885372390&last_disbursement_date=2024-02-13,2026-09-12T21:34:29Z,551450
fec/sb/_tmp_C00076810_2022_p010.json,https://api.open.fec.gov/v1/schedules/schedule_b/?committee_id=C00076810&two_year_transaction_period=2022&per_page=100&sort=disbursement_date&last_index=4052420221493434024&last_disbursement_date=2022-04-07,2026-09-12T21:34:30Z,505984
tenk/000110935726000018_exc-20251231.htm,https://www.sec.gov/Archives/edgar/data/1109357/000110935726000018/exc-20251231.htm,2026-09-12T21:34:31Z,14641208
fec/sb/_tmp_C00076810_2020_p008.json,https://api.open.fec.gov/v1/schedules/schedule_b/?committee_id=C00076810&two_year_transaction_period=2020&per_page=100&sort=disbursement_date&last_index=4102220191675048110&last_disbursement_date=2019-09-20,2026-09-12T21:34:31Z,445933
fec/sb/_tmp_C00076810_2018_p009.json,https://api.open.fec.gov/v1/schedules/schedule_b/?committee_id=C00076810&two_year_transaction_period=2018&per_page=100&sort=disbursement_date&last_index=4111620171464067010&last_disbursement_date=2017-10-04,2026-09-12T21:34:32Z,411076
tenk/000089512626000011_exe-20251231.htm,https://www.sec.gov/Archives/edgar/data/895126/000089512626000011/exe-20251231.htm,2026-09-12T21:34:32Z,2896108
fec/sb/_tmp_C00077701_2024_p002.json,https://api.open.fec.gov/v1/schedules/schedule_b/?committee_id=C00077701&two_year_transaction_period=2024&per_page=100&sort=disbursement_date&last_index=4081420242012872590&last_disbursement_date=2024-06-27,2026-09-12T21:34:33Z,78117
tenk/000119312526071569_expd-20251231.htm,https://www.sec.gov/Archives/edgar/data/746515/000119312526071569/expd-20251231.htm,2026-09-12T21:34:33Z,3013873
fec/sb/_tmp_C00077701_2026_p001.json,https://api.open.fec.gov/v1/schedules/schedule_b/?committee_id=C00077701&two_year_transaction_period=2026&per_page=100&sort=disbursement_date,2026-09-12T21:34:34Z,273400
tenk/000132442426000008_expe-20251231.htm,https://www.sec.gov/Archives/edgar/data/1324424/000132442426000008/expe-20251231.htm,2026-09-12T21:34:35Z,2565812
fec/sb/_tmp_C00076810_2024_p010.json,https://api.open.fec.gov/v1/schedules/schedule_b/?committee_id=C00076810&two_year_transaction_period=2024&per_page=100&sort=disbursement_date&last_index=4052020241949765318&last_disbursement_date=2024-04-18,2026-09-12T21:34:35Z,514293
fec/sb/_tmp_C00076810_2022_p011.json,https://api.open.fec.gov/v1/schedules/schedule_b/?committee_id=C00076810&two_year_transaction_period=2022&per_page=100&sort=disbursement_date&last_index=4072820221553370422&last_disbursement_date=2022-06-03,2026-09-12T21:34:36Z,495320
tenk/000128949026000011_exr-20251231.htm,https://www.sec.gov/Archives/edgar/data/1289490/000128949026000011/exr-20251231.htm,2026-09-12T21:34:37Z,2757642
fec/sb/_tmp_C00076810_2020_p009.json,https://api.open.fec.gov/v1/schedules/schedule_b/?committee_id=C00076810&two_year_transaction_period=2020&per_page=100&sort=disbursement_date&last_index=4111820191679315692&last_disbursement_date=2019-10-07,2026-09-12T21:34:37Z,413702
tenk/000003799626000015_f-20251231.htm,https://www.sec.gov/Archives/edgar/data/37996/000003799626000015/f-20251231.htm,2026-09-12T21:34:38Z,5281502
fec/sb/_tmp_C00076810_2018_p010.json,https://api.open.fec.gov/v1/schedules/schedule_b/?committee_id=C00076810&two_year_transaction_period=2018&per_page=100&sort=disbursement_date&last_index=4111620171464066952&last_disbursement_date=2017-10-27,2026-09-12T21:34:38Z,477416
fec/sb/_tmp_C00078261_2016_p001.json,https://api.open.fec.gov/v1/schedules/schedule_b/?committee_id=C00078261&two_year_transaction_period=2016&per_page=100&sort=disbursement_date,2026-09-12T21:34:39Z,6059
fec/sb/_tmp_C00078261_2018_p001.json,https://api.open.fec.gov/v1/schedules/schedule_b/?committee_id=C00078261&two_year_transaction_period=2018&per_page=100&sort=disbursement_date,2026-09-12T21:34:40Z,127
tenk/000153983826000010_fang-20251231.htm,https://www.sec.gov/Archives/edgar/data/1539838/000153983826000010/fang-20251231.htm,2026-09-12T21:34:40Z,3465123
fec/sb/_tmp_C00076810_2024_p011.json,https://api.open.fec.gov/v1/schedules/schedule_b/?committee_id=C00076810&two_year_transaction_period=2024&per_page=100&sort=disbursement_date&last_index=4081420242012872967&last_disbursement_date=2024-06-07,2026-09-12T21:34:42Z,501261
tenk/000081555626000009_fast-20251231.htm,https://www.sec.gov/Archives/edgar/data/815556/000081555626000009/fast-20251231.htm,2026-09-12T21:34:42Z,1988640
fec/sb/_tmp_C00076810_2022_p012.json,https://api.open.fec.gov/v1/schedules/schedule_b/?committee_id=C00076810&two_year_transaction_period=2022&per_page=100&sort=disbursement_date&last_index=4082020221565688068&last_disbursement_date=2022-07-27,2026-09-12T21:34:42Z,466621
fec/sb/_tmp_C00076810_2020_p010.json,https://api.open.fec.gov/v1/schedules/schedule_b/?committee_id=C00076810&two_year_transaction_period=2020&per_page=100&sort=disbursement_date&last_index=4111820191679316052&last_disbursement_date=2019-10-15,2026-09-12T21:34:44Z,437959
fec/sb/_tmp_C00076810_2018_p011.json,https://api.open.fec.gov/v1/schedules/schedule_b/?committee_id=C00076810&two_year_transaction_period=2018&per_page=100&sort=disbursement_date&last_index=4122020171489218167&last_disbursement_date=2017-11-20,2026-09-12T21:34:45Z,472602
tenk/000083125926000012_fcx-20251231.htm,https://www.sec.gov/Archives/edgar/data/831259/000083125926000012/fcx-20251231.htm,2026-09-12T21:34:45Z,6347478
tenk/000162828025045769_fds-20250831.htm,https://www.sec.gov/Archives/edgar/data/1013237/000162828025045769/fds-20250831.htm,2026-09-12T21:34:46Z,2259039
fec/sb/_tmp_C00078261_2022_p001.json,https://api.open.fec.gov/v1/schedules/schedule_b/?committee_id=C00078261&two_year_transaction_period=2022&per_page=100&sort=disbursement_date,2026-09-12T21:34:46Z,127
tenk/000104891126000105_fdx-20260531.htm,https://www.sec.gov/Archives/edgar/data/1048911/000104891126000105/fdx-20260531.htm,2026-09-12T21:34:47Z,3570134
tenk/000162828026053359_fdxf-20260531.htm,https://www.sec.gov/Archives/edgar/data/2082247/000162828026053359/fdxf-20260531.htm,2026-09-12T21:34:48Z,2515707
tenk/000103129626000046_fe-20251231.htm,https://www.sec.gov/Archives/edgar/data/1031296/000103129626000046/fe-20251231.htm,2026-09-12T21:34:49Z,6497062
tenk/000201164125000027_ferg-20250731.htm,https://www.sec.gov/Archives/edgar/data/2011641/000201164125000027/ferg-20250731.htm,2026-09-12T21:34:51Z,1983672
tenk/000104869525000157_ffiv-20250930.htm,https://www.sec.gov/Archives/edgar/data/1048695/000104869525000157/ffiv-20250930.htm,2026-09-12T21:34:52Z,1758173
tenk/000081454725000030_fico-20250930.htm,https://www.sec.gov/Archives/edgar/data/814547/000081454725000030/fico-20250930.htm,2026-09-12T21:34:54Z,2349571
tenk/000113689326000013_fis-20251231.htm,https://www.sec.gov/Archives/edgar/data/1136893/000113689326000013/fis-20251231.htm,2026-09-12T21:34:56Z,3006076
tenk/000079835426000009_fi-20251231.htm,https://www.sec.gov/Archives/edgar/data/798354/000079835426000009/fi-20251231.htm,2026-09-12T21:34:57Z,2704436
tenk/000003552726000124_fitb-20251231.htm,https://www.sec.gov/Archives/edgar/data/35527/000003552726000124/fitb-20251231.htm,2026-09-12T21:35:00Z,8812160
tenk/000110465926017530_fix-20251231x10k.htm,https://www.sec.gov/Archives/edgar/data/1035983/000110465926017530/fix-20251231x10k.htm,2026-09-12T21:35:03Z,3051116
tenk/000086637426000012_flex-20260331.htm,https://www.sec.gov/Archives/edgar/data/866374/000086637426000012/flex-20260331.htm,2026-09-12T21:35:05Z,2707249
tenk/000162828026053960_fox-20260630.htm,https://www.sec.gov/Archives/edgar/data/1754301/000162828026053960/fox-20260630.htm,2026-09-12T21:35:06Z,2640119
tenk/000003490326000017_frt-20251231.htm,https://www.sec.gov/Archives/edgar/data/34903/000003490326000017/frt-20251231.htm,2026-09-12T21:35:08Z,3868119
tenk/000127449426000021_fslr-20251231.htm,https://www.sec.gov/Archives/edgar/data/1274494/000127449426000021/fslr-20251231.htm,2026-09-12T21:35:09Z,2523257
tenk/000126203926000007_ftnt-20251231.htm,https://www.sec.gov/Archives/edgar/data/1262039/000126203926000007/ftnt-20251231.htm,2026-09-12T21:35:11Z,2693095
tenk/000165916626000007_ftv-20251231.htm,https://www.sec.gov/Archives/edgar/data/1659166/000165916626000007/ftv-20251231.htm,2026-09-12T21:35:12Z,2563597
tenk/000004053326000006_gd-20251231.htm,https://www.sec.gov/Archives/edgar/data/40533/000004053326000006/gd-20251231.htm,2026-09-12T21:35:14Z,2454323
tenk/000160971126000010_gddy-20251231.htm,https://www.sec.gov/Archives/edgar/data/1609711/000160971126000010/gddy-20251231.htm,2026-09-12T21:35:16Z,2697115
tenk/000004054526000008_ge-20251231.htm,https://www.sec.gov/Archives/edgar/data/40545/000004054526000008/ge-20251231.htm,2026-09-12T21:35:19Z,3254149
tenk/000193239326000007_gehc-20251231.htm,https://www.sec.gov/Archives/edgar/data/1932393/000193239326000007/gehc-20251231.htm,2026-09-12T21:35:20Z,3480023
tenk/000084939926000017_gen-20260403.htm,https://www.sec.gov/Archives/edgar/data/849399/000084939926000017/gen-20260403.htm,2026-09-12T21:35:21Z,2269499
tenk/000199681026000015_gev-20251231.htm,https://www.sec.gov/Archives/edgar/data/1996810/000199681026000015/gev-20251231.htm,2026-09-12T21:35:23Z,6020489
tenk/000088209526000006_gild-20251231.htm,https://www.sec.gov/Archives/edgar/data/882095/000088209526000006/gild-20251231.htm,2026-09-12T21:35:24Z,3114728
tenk/000162828026046466_gis-20260531.htm,https://www.sec.gov/Archives/edgar/data/40704/000162828026046466/gis-20260531.htm,2026-09-12T21:35:27Z,5815539
tenk/000032033526000090_gl-20251231.htm,https://www.sec.gov/Archives/edgar/data/320335/000032033526000090/gl-20251231.htm,2026-09-12T21:35:28Z,6959860
tenk/000002474126000124_glw-20251231.htm,https://www.sec.gov/Archives/edgar/data/24741/000002474126000124/glw-20251231.htm,2026-09-12T21:35:29Z,3504825
tenk/000146785826000013_gm-20251231.htm,https://www.sec.gov/Archives/edgar/data/1467858/000146785826000013/gm-20251231.htm,2026-09-12T21:35:31Z,4119731
tenk/000143774926004568_gnrc20251231_10k.htm,https://www.sec.gov/Archives/edgar/data/1474735/000143774926004568/gnrc20251231_10k.htm,2026-09-12T21:35:33Z,3311733
tenk/000165204426000018_goog-20251231.htm,https://www.sec.gov/Archives/edgar/data/1652044/000165204426000018/goog-20251231.htm,2026-09-12T21:35:36Z,2616499
tenk/000004098726000003_gpc-20251231.htm,https://www.sec.gov/Archives/edgar/data/40987/000004098726000003/gpc-20251231.htm,2026-09-12T21:35:38Z,2311561
tenk/000112336026000008_gpn-20251231.htm,https://www.sec.gov/Archives/edgar/data/1123360/000112336026000008/gpn-20251231.htm,2026-09-12T21:35:42Z,2790648
tenk/000119312526056028_grmn-20251227.htm,https://www.sec.gov/Archives/edgar/data/1121788/000119312526056028/grmn-20251227.htm,2026-09-12T21:35:43Z,4964710
tenk/000088698226000091_gs-20251231.htm,https://www.sec.gov/Archives/edgar/data/886982/000088698226000091/gs-20251231.htm,2026-09-12T21:35:51Z,9611165
tenk/000027713526000011_gww-20251231.htm,https://www.sec.gov/Archives/edgar/data/277135/000027713526000011/gww-20251231.htm,2026-09-12T21:35:52Z,1877600
tenk/000004501226000015_hal-20251231.htm,https://www.sec.gov/Archives/edgar/data/45012/000004501226000015/hal-20251231.htm,2026-09-12T21:35:54Z,4561045
tenk/000004608026000011_has-20251228.htm,https://www.sec.gov/Archives/edgar/data/46080/000004608026000011/has-20251228.htm,2026-09-12T21:35:55Z,2576644
tenk/000004919626000015_hban-20251231.htm,https://www.sec.gov/Archives/edgar/data/49196/000004919626000015/hban-20251231.htm,2026-09-12T21:35:58Z,7722706
tenk/000119312526044769_hca-20251231.htm,https://www.sec.gov/Archives/edgar/data/860730/000119312526044769/hca-20251231.htm,2026-09-12T21:35:59Z,5498741
tenk/000162828026019436_hd-20260201.htm,https://www.sec.gov/Archives/edgar/data/354950/000162828026019436/hd-20260201.htm,2026-09-12T21:36:00Z,2314728
tenk/000087476626000012_hig-20251231.htm,https://www.sec.gov/Archives/edgar/data/874766/000087476626000012/hig-20251231.htm,2026-09-12T21:36:02Z,10167904
tenk/000150158526000006_hii-20251231.htm,https://www.sec.gov/Archives/edgar/data/1501585/000150158526000006/hii-20251231.htm,2026-09-12T21:36:03Z,3019336
tenk/000158568926000007_hlt-20251231.htm,https://www.sec.gov/Archives/edgar/data/1585689/000158568926000007/hlt-20251231.htm,2026-09-12T21:36:04Z,2543868
tenk/000077384026000013_hon-20251231.htm,https://www.sec.gov/Archives/edgar/data/773840/000077384026000013/hon-20251231.htm,2026-09-12T21:36:06Z,5132529
tenk/000178387926000023_hood-20251231.htm,https://www.sec.gov/Archives/edgar/data/1783879/000178387926000023/hood-20251231.htm,2026-09-12T21:36:07Z,3298268
tenk/000164559025000130_hpe-20251031.htm,https://www.sec.gov/Archives/edgar/data/1645590/000164559025000130/hpe-20251031.htm,2026-09-12T21:36:09Z,4814483
tenk/000004721725000071_hpq-20251031.htm,https://www.sec.gov/Archives/edgar/data/47217/000004721725000071/hpq-20251031.htm,2026-09-12T21:36:10Z,3530394
tenk/000004846525000059_hrl-20251026.htm,https://www.sec.gov/Archives/edgar/data/48465/000004846525000059/hrl-20251026.htm,2026-09-12T21:36:17Z,3212341
tenk/000100022826000013_hsic-20251227.htm,https://www.sec.gov/Archives/edgar/data/1000228/000100022826000013/hsic-20251227.htm,2026-09-12T21:36:18Z,4769583
tenk/000107075026000054_hst-20251231.htm,https://www.sec.gov/Archives/edgar/data/1070750/000107075026000054/hst-20251231.htm,2026-09-12T21:36:19Z,4183882
tenk/000162828026008586_hsy-20251231.htm,https://www.sec.gov/Archives/edgar/data/47111/000162828026008586/hsy-20251231.htm,2026-09-12T21:36:21Z,3160557
tenk/000162828026007500_hubb-20251231.htm,https://www.sec.gov/Archives/edgar/data/48898/000162828026007500/hubb-20251231.htm,2026-09-12T21:36:22Z,3301376
tenk/000004907126000009_hum-20251231.htm,https://www.sec.gov/Archives/edgar/data/49071/000004907126000009/hum-20251231.htm,2026-09-12T21:36:23Z,2991992
tenk/000000428126000012_hwm-20251231.htm,https://www.sec.gov/Archives/edgar/data/4281/000000428126000012/hwm-20251231.htm,2026-09-12T21:36:24Z,3061800
tenk/000138119726000062_ibkr-20251231.htm,https://www.sec.gov/Archives/edgar/data/1381197/000138119726000062/ibkr-20251231.htm,2026-09-12T21:36:26Z,6802386
tenk/000005114326000010_ibm-20251231.htm,https://www.sec.gov/Archives/edgar/data/51143/000005114326000010/ibm-20251231.htm,2026-09-12T21:36:27Z,1077083
tenk/000157194926000004_ice-20251231.htm,https://www.sec.gov/Archives/edgar/data/1571949/000157194926000004/ice-20251231.htm,2026-09-12T21:36:28Z,4120442
tenk/000087471626000038_idxx-20251231.htm,https://www.sec.gov/Archives/edgar/data/874716/000087471626000038/idxx-20251231.htm,2026-09-12T21:36:30Z,2958784
tenk/000083210126000003_iex-20251231.htm,https://www.sec.gov/Archives/edgar/data/832101/000083210126000003/iex-20251231.htm,2026-09-12T21:36:31Z,2922115
tenk/000005125326000006_iff-20251231.htm,https://www.sec.gov/Archives/edgar/data/51253/000005125326000006/iff-20251231.htm,2026-09-12T21:36:34Z,4191819
tenk/000087916926000010_incy-20251231.htm,https://www.sec.gov/Archives/edgar/data/879169/000087916926000010/incy-20251231.htm,2026-09-12T21:36:37Z,2295418
tenk/000005086326000011_intc-20251227.htm,https://www.sec.gov/Archives/edgar/data/50863/000005086326000011/intc-20251227.htm,2026-09-12T21:36:38Z,3320720
tenk/000089687826000037_intu-20260731.htm,https://www.sec.gov/Archives/edgar/data/896878/000089687826000037/intu-20260731.htm,2026-09-12T21:36:42Z,2812559
tenk/000168722926000016_invh-20251231.htm,https://www.sec.gov/Archives/edgar/data/1687229/000168722926000016/invh-20251231.htm,2026-09-12T21:36:43Z,3038715
tenk/000005143426000055_ip-20251231.htm,https://www.sec.gov/Archives/edgar/data/51434/000005143426000055/ip-20251231.htm,2026-09-12T21:36:44Z,7207437
tenk/000162828026008322_iqv-20251231.htm,https://www.sec.gov/Archives/edgar/data/1478242/000162828026008322/iqv-20251231.htm,2026-09-12T21:36:46Z,3230934
tenk/000162828026008617_iri-20251231.htm,https://www.sec.gov/Archives/edgar/data/1699150/000162828026008617/iri-20251231.htm,2026-09-12T21:36:47Z,3317977
tenk/000102056926000013_irm-20251231.htm,https://www.sec.gov/Archives/edgar/data/1020569/000102056926000013/irm-20251231.htm,2026-09-12T21:36:48Z,5086668
tenk/000103526726000010_isrg-20251231.htm,https://www.sec.gov/Archives/edgar/data/1035267/000103526726000010/isrg-20251231.htm,2026-09-12T21:36:49Z,2789282
tenk/000074925126000112_it-20251231.htm,https://www.sec.gov/Archives/edgar/data/749251/000074925126000112/it-20251231.htm,2026-09-12T21:36:50Z,2239601
tenk/000004982626000008_itw-20251231.htm,https://www.sec.gov/Archives/edgar/data/49826/000004982626000008/itw-20251231.htm,2026-09-12T21:36:51Z,2583783
tenk/000091420826000079_ivz-20251231.htm,https://www.sec.gov/Archives/edgar/data/914208/000091420826000079/ivz-20251231.htm,2026-09-12T21:36:51Z,3151037
tenk/000162828025053316_jec-20250926.htm,https://www.sec.gov/Archives/edgar/data/52988/000162828025053316/jec-20250926.htm,2026-09-12T21:36:52Z,3349864
tenk/000143774926005294_jbht20251231_10k.htm,https://www.sec.gov/Archives/edgar/data/728535/000143774926005294/jbht20251231_10k.htm,2026-09-12T21:36:53Z,1728194
tenk/000162828025045293_jbl-20250831.htm,https://www.sec.gov/Archives/edgar/data/898293/000162828025045293/jbl-20250831.htm,2026-09-12T21:36:54Z,2890570
tenk/000083344425000097_jci-20250930.htm,https://www.sec.gov/Archives/edgar/data/833444/000083344425000097/jci-20250930.htm,2026-09-12T21:36:55Z,3101594
tenk/000077915226000067_jkhy-20260630.htm,https://www.sec.gov/Archives/edgar/data/779152/000077915226000067/jkhy-20260630.htm,2026-09-12T21:36:57Z,1438325
tenk/000020040626000016_jnj-20251228.htm,https://www.sec.gov/Archives/edgar/data/200406/000020040626000016/jnj-20251228.htm,2026-09-12T21:36:58Z,3701587
tenk/000162828026008131_jpm-20251231.htm,https://www.sec.gov/Archives/edgar/data/19617/000162828026008131/jpm-20251231.htm,2026-09-12T21:37:04Z,12927325
tenk/000141813526000016_kdp-20251231.htm,https://www.sec.gov/Archives/edgar/data/1418135/000141813526000016/kdp-20251231.htm,2026-09-12T21:37:07Z,2974627
tenk/000162828026010546_key-20251231.htm,https://www.sec.gov/Archives/edgar/data/91576/000162828026010546/key-20251231.htm,2026-09-12T21:37:09Z,7869941
tenk/000160104625000127_keys-20251031.htm,https://www.sec.gov/Archives/edgar/data/1601046/000160104625000127/keys-20251031.htm,2026-09-12T21:37:12Z,3306959
tenk/000163745926000009_khc-20251227.htm,https://www.sec.gov/Archives/edgar/data/1637459/000163745926000009/khc-20251227.htm,2026-09-12T21:37:16Z,3809698
tenk/000119312526060760_kim-20251231.htm,https://www.sec.gov/Archives/edgar/data/879101/000119312526060760/kim-20251231.htm,2026-09-12T21:37:17Z,18962679
tenk/000140491226000007_kkr-20251231.htm,https://www.sec.gov/Archives/edgar/data/1404912/000140491226000007/kkr-20251231.htm,2026-09-12T21:37:19Z,20008121
tenk/000031920126000027_klac-20260630.htm,https://www.sec.gov/Archives/edgar/data/319201/000031920126000027/klac-20260630.htm,2026-09-12T21:37:20Z,2917388
tenk/000162828026007567_kmb-20251231.htm,https://www.sec.gov/Archives/edgar/data/55785/000162828026007567/kmb-20251231.htm,2026-09-12T21:37:24Z,2870271
tenk/000150630726000011_kmi-20251231.htm,https://www.sec.gov/Archives/edgar/data/1506307/000150630726000011/kmi-20251231.htm,2026-09-12T21:37:26Z,4204947
tenk/000162828026010047_ko-20251231.htm,https://www.sec.gov/Archives/edgar/data/21344/000162828026010047/ko-20251231.htm,2026-09-12T21:37:30Z,3758140
tenk/000110465926037723_kr-20260131x10k.htm,https://www.sec.gov/Archives/edgar/data/56873/000110465926037723/kr-20260131x10k.htm,2026-09-12T21:37:32Z,4834025
tenk/000194404826000030_kvue-20251228.htm,https://www.sec.gov/Archives/edgar/data/1944048/000194404826000030/kvue-20251228.htm,2026-09-12T21:37:35Z,3433268
tenk/000006008626000008_l-20251231.htm,https://www.sec.gov/Archives/edgar/data/60086/000006008626000008/l-20251231.htm,2026-09-12T21:37:39Z,6332813
tenk/000133692026000030_ldos-20260102.htm,https://www.sec.gov/Archives/edgar/data/1336920/000133692026000030/ldos-20260102.htm,2026-09-12T21:37:41Z,2735978
tenk/000162828026003870_len-20251130.htm,https://www.sec.gov/Archives/edgar/data/920760/000162828026003870/len-20251130.htm,2026-09-12T21:37:42Z,3252644
tenk/000092014826000111_lh-20251231.htm,https://www.sec.gov/Archives/edgar/data/920148/000092014826000111/lh-20251231.htm,2026-09-12T21:37:42Z,3104588
tenk/000020205826000015_hrs-20260102.htm,https://www.sec.gov/Archives/edgar/data/202058/000020205826000015/hrs-20260102.htm,2026-09-12T21:37:43Z,2753600
tenk/000106920226000028_lii-20251231.htm,https://www.sec.gov/Archives/edgar/data/1069202/000106920226000028/lii-20251231.htm,2026-09-12T21:37:44Z,2776206
tenk/000162828026011430_lin-20251231.htm,https://www.sec.gov/Archives/edgar/data/1707925/000162828026011430/lin-20251231.htm,2026-09-12T21:37:45Z,3356475
tenk/000162828026057358_lite-20260627.htm,https://www.sec.gov/Archives/edgar/data/1633978/000162828026057358/lite-20260627.htm,2026-09-12T21:37:47Z,3332072
tenk/000005947826000013_lly-20251231.htm,https://www.sec.gov/Archives/edgar/data/59478/000005947826000013/lly-20251231.htm,2026-09-12T21:37:50Z,2369961
tenk/000162828026004195_lmt-20251231.htm,https://www.sec.gov/Archives/edgar/data/936468/000162828026004195/lmt-20251231.htm,2026-09-12T21:37:51Z,2909179
tenk/000035254126000007_lnt-20251231.htm,https://www.sec.gov/Archives/edgar/data/352541/000035254126000007/lnt-20251231.htm,2026-09-12T21:37:51Z,5644326
tenk/000006066726000029_low-20260130.htm,https://www.sec.gov/Archives/edgar/data/60667/000006066726000029/low-20260130.htm,2026-09-12T21:37:52Z,2487558
tenk/000070754926000037_lrcx-20260628.htm,https://www.sec.gov/Archives/edgar/data/707549/000070754926000037/lrcx-20260628.htm,2026-09-12T21:37:53Z,1920150
tenk/000139718726000020_lulu-20260201.htm,https://www.sec.gov/Archives/edgar/data/1397187/000139718726000020/lulu-20260201.htm,2026-09-12T21:37:53Z,2341775
tenk/000009238026000004_luv-20251231.htm,https://www.sec.gov/Archives/edgar/data/92380/000009238026000004/luv-20251231.htm,2026-09-12T21:37:54Z,2847406
tenk/000130051426000013_lvs-20251231.htm,https://www.sec.gov/Archives/edgar/data/1300514/000130051426000013/lvs-20251231.htm,2026-09-12T21:37:56Z,3679404
tenk/000148939326000012_lyb-20251231.htm,https://www.sec.gov/Archives/edgar/data/1489393/000148939326000012/lyb-20251231.htm,2026-09-12T21:38:02Z,3888279
tenk/000133525826000009_lyv-20251231.htm,https://www.sec.gov/Archives/edgar/data/1335258/000133525826000009/lyv-20251231.htm,2026-09-12T21:38:02Z,2849635
tenk/000114139126000013_ma-20251231.htm,https://www.sec.gov/Archives/edgar/data/1141391/000114139126000013/ma-20251231.htm,2026-09-12T21:38:04Z,3067677
tenk/000119312526041208_maa-20251231.htm,https://www.sec.gov/Archives/edgar/data/912595/000119312526041208/maa-20251231.htm,2026-09-12T21:38:08Z,13838816
tenk/000104828626000007_mar-20251231.htm,https://www.sec.gov/Archives/edgar/data/1048286/000104828626000007/mar-20251231.htm,2026-09-12T21:38:09Z,2048661
tenk/000006299626000005_mas-20251231.htm,https://www.sec.gov/Archives/edgar/data/62996/000006299626000005/mas-20251231.htm,2026-09-12T21:38:11Z,2263939
tenk/000006390826000035_mcd-20251231.htm,https://www.sec.gov/Archives/edgar/data/63908/000006390826000035/mcd-20251231.htm,2026-09-12T21:38:12Z,2182265
tenk/000082705426000016_mchp-20260331.htm,https://www.sec.gov/Archives/edgar/data/827054/000082705426000016/mchp-20260331.htm,2026-09-12T21:38:16Z,2801441
tenk/000092765326000069_mck-20260331.htm,https://www.sec.gov/Archives/edgar/data/927653/000092765326000069/mck-20260331.htm,2026-09-12T21:38:17Z,3136637
tenk/000162828026009136_mco-20251231.htm,https://www.sec.gov/Archives/edgar/data/1059556/000162828026009136/mco-20251231.htm,2026-09-12T21:38:18Z,4798420
tenk/000162828026005345_mdlz-20251231.htm,https://www.sec.gov/Archives/edgar/data/1103982/000162828026005345/mdlz-20251231.htm,2026-09-12T21:38:20Z,3481469
tenk/000162828026044354_mdt-20260424.htm,https://www.sec.gov/Archives/edgar/data/1613103/000162828026044354/mdt-20260424.htm,2026-09-12T21:38:23Z,3732735
tenk/000109921926000013_met-20251231.htm,https://www.sec.gov/Archives/edgar/data/1099219/000109921926000013/met-20251231.htm,2026-09-12T21:38:25Z,13958657
tenk/000162828026003942_meta-20251231.htm,https://www.sec.gov/Archives/edgar/data/1326801/000162828026003942/meta-20251231.htm,2026-09-12T21:38:26Z,2371750
tenk/000078957026000018_mgm-20251231.htm,https://www.sec.gov/Archives/edgar/data/789570/000078957026000018/mgm-20251231.htm,2026-09-12T21:38:27Z,2556490
tenk/000006375426000037_mkc-20251130.htm,https://www.sec.gov/Archives/edgar/data/63754/000006375426000037/mkc-20251130.htm,2026-09-12T21:38:30Z,2544731
tenk/000119312526059193_mlm-20251231.htm,https://www.sec.gov/Archives/edgar/data/916076/000119312526059193/mlm-20251231.htm,2026-09-12T21:38:31Z,7481813
tenk/000006674026000014_mmm-20251231.htm,https://www.sec.gov/Archives/edgar/data/66740/000006674026000014/mmm-20251231.htm,2026-09-12T21:38:34Z,4113613
tenk/000110465926020831_mnst-20251231x10k.htm,https://www.sec.gov/Archives/edgar/data/865752/000110465926020831/mnst-20251231x10k.htm,2026-09-12T21:38:35Z,3778402
tenk/000076418026000017_mo-20251231.htm,https://www.sec.gov/Archives/edgar/data/764180/000076418026000017/mo-20251231.htm,2026-09-12T21:38:36Z,3409330
tenk/000128578526000017_mos-20251231.htm,https://www.sec.gov/Archives/edgar/data/1285785/000128578526000017/mos-20251231.htm,2026-09-12T21:38:37Z,4038513
tenk/000151029526000009_mpc-20251231.htm,https://www.sec.gov/Archives/edgar/data/1510295/000151029526000009/mpc-20251231.htm,2026-09-12T21:38:38Z,4001121
tenk/000143774926006113_mpwr20251231_10k.htm,https://www.sec.gov/Archives/edgar/data/1280452/000143774926006113/mpwr20251231_10k.htm,2026-09-12T21:38:39Z,2799193
tenk/000031015826000063_mrk-20251231.htm,https://www.sec.gov/Archives/edgar/data/310158/000031015826000063/mrk-20251231.htm,2026-09-12T21:38:40Z,5235004
tenk/000168285226000033_mrna-20251231.htm,https://www.sec.gov/Archives/edgar/data/1682852/000168285226000033/mrna-20251231.htm,2026-09-12T21:38:41Z,2677412
tenk/000006270926000022_mrsh-20251231.htm,https://www.sec.gov/Archives/edgar/data/62709/000006270926000022/mrsh-20251231.htm,2026-09-12T21:38:42Z,3690259
tenk/000183563226000011_mrvl-20260131.htm,https://www.sec.gov/Archives/edgar/data/1835632/000183563226000011/mrvl-20260131.htm,2026-09-12T21:38:43Z,2723593
tenk/000089542126000086_ms-20251231.htm,https://www.sec.gov/Archives/edgar/data/895421/000089542126000086/ms-20251231.htm,2026-09-12T21:38:44Z,9714712
tenk/000140819826000011_msci-20251231.htm,https://www.sec.gov/Archives/edgar/data/1408198/000140819826000011/msci-20251231.htm,2026-09-12T21:38:44Z,2737314
tenk/000119312526323660_msft-20260630.htm,https://www.sec.gov/Archives/edgar/data/789019/000119312526323660/msft-20260630.htm,2026-09-12T21:38:45Z,8585501
tenk/000006850526000010_msi-20251231.htm,https://www.sec.gov/Archives/edgar/data/68505/000006850526000010/msi-20251231.htm,2026-09-12T21:38:46Z,3456048
tenk/000003627026000010_mtb-20251231.htm,https://www.sec.gov/Archives/edgar/data/36270/000003627026000010/mtb-20251231.htm,2026-09-12T21:38:47Z,7743791
tenk/000103764626000011_mtd-20251231.htm,https://www.sec.gov/Archives/edgar/data/1037646/000103764626000011/mtd-20251231.htm,2026-09-12T21:38:48Z,2708862
tenk/000072312525000028_mu-20250828.htm,https://www.sec.gov/Archives/edgar/data/723125/000072312525000028/mu-20250828.htm,2026-09-12T21:38:49Z,2439110
tenk/000110465926022067_nclh-20251231x10k.htm,https://www.sec.gov/Archives/edgar/data/1513761/000110465926022067/nclh-20251231x10k.htm,2026-09-12T21:38:50Z,3670846
tenk/000162828026007703_ndaq-20251231.htm,https://www.sec.gov/Archives/edgar/data/1120193/000162828026007703/ndaq-20251231.htm,2026-09-12T21:38:51Z,9611494
tenk/000007233125000144_ndsn-20251031.htm,https://www.sec.gov/Archives/edgar/data/72331/000007233125000144/ndsn-20251031.htm,2026-09-12T21:38:52Z,2748028
tenk/000075330826000015_nee-20251231.htm,https://www.sec.gov/Archives/edgar/data/753308/000075330826000015/nee-20251231.htm,2026-09-12T21:38:53Z,4642182
tenk/000116472726000010_nem-20251231.htm,https://www.sec.gov/Archives/edgar/data/1164727/000116472726000010/nem-20251231.htm,2026-09-12T21:38:54Z,9143706
tenk/000106528026000034_nflx-20251231.htm,https://www.sec.gov/Archives/edgar/data/1065280/000106528026000034/nflx-20251231.htm,2026-09-12T21:38:55Z,2137739
tenk/000111171126000027_nix-20251231.htm,https://www.sec.gov/Archives/edgar/data/1111711/000111171126000027/nix-20251231.htm,2026-09-12T21:38:56Z,4606570
tenk/000032018726000088_nke-20260531.htm,https://www.sec.gov/Archives/edgar/data/320187/000032018726000088/nke-20260531.htm,2026-09-12T21:38:58Z,2824360
tenk/000113342126000003_noc-20251231.htm,https://www.sec.gov/Archives/edgar/data/1133421/000113342126000003/noc-20251231.htm,2026-09-12T21:38:59Z,3035710
tenk/000137371526000007_now-20251231.htm,https://www.sec.gov/Archives/edgar/data/1373715/000137371526000007/now-20251231.htm,2026-09-12T21:39:00Z,2131194
tenk/000101387126000004_nrg-20251231.htm,https://www.sec.gov/Archives/edgar/data/1013871/000101387126000004/nrg-20251231.htm,2026-09-12T21:39:01Z,5639759
tenk/000162828026006268_nsc-20251231.htm,https://www.sec.gov/Archives/edgar/data/702165/000162828026006268/nsc-20251231.htm,2026-09-12T21:39:02Z,2364467
tenk/000119312526259683_ntap-20260424.htm,https://www.sec.gov/Archives/edgar/data/1002047/000119312526259683/ntap-20260424.htm,2026-09-12T21:39:03Z,5076789
tenk/000007312426000016_ntrs-20251231.htm,https://www.sec.gov/Archives/edgar/data/73124/000007312426000016/ntrs-20251231.htm,2026-09-12T21:39:05Z,7502785
tenk/000119312526071575_nue-20251231.htm,https://www.sec.gov/Archives/edgar/data/73309/000119312526071575/nue-20251231.htm,2026-09-12T21:39:06Z,5473920
tenk/000104581026000021_nvda-20260125.htm,https://www.sec.gov/Archives/edgar/data/1045810/000104581026000021/nvda-20260125.htm,2026-09-12T21:39:06Z,1967816
tenk/000090616326000018_nvr-20251231.htm,https://www.sec.gov/Archives/edgar/data/906163/000090616326000018/nvr-20251231.htm,2026-09-12T21:39:07Z,1779174
tenk/000156470826000175_nws-20260630.htm,https://www.sec.gov/Archives/edgar/data/1564708/000156470826000175/nws-20260630.htm,2026-09-12T21:39:08Z,3311041
tenk/000141344726000008_nxpi-20251231.htm,https://www.sec.gov/Archives/edgar/data/1413447/000141344726000008/nxpi-20251231.htm,2026-09-12T21:39:09Z,2584933
tenk/000072672826000011_o-20251231.htm,https://www.sec.gov/Archives/edgar/data/726728/000072672826000011/o-20251231.htm,2026-09-12T21:39:10Z,4097960
tenk/000119312526067161_odfl-20251231.htm,https://www.sec.gov/Archives/edgar/data/878927/000119312526067161/odfl-20251231.htm,2026-09-12T21:39:11Z,2585916
tenk/000103968426000006_oke-20251231.htm,https://www.sec.gov/Archives/edgar/data/1039684/000103968426000006/oke-20251231.htm,2026-09-12T21:39:12Z,3707355
tenk/000002998926000006_omc-20251231.htm,https://www.sec.gov/Archives/edgar/data/29989/000002998926000006/omc-20251231.htm,2026-09-12T21:39:13Z,2373745
tenk/000109786426000006_on-20251231.htm,https://www.sec.gov/Archives/edgar/data/1097864/000109786426000006/on-20251231.htm,2026-09-12T21:39:14Z,2781875
tenk/000119312526277521_orcl-20260531.htm,https://www.sec.gov/Archives/edgar/data/1341439/000119312526277521/orcl-20260531.htm,2026-09-12T21:39:15Z,6873937
tenk/000089817326000009_orly-20251231x10k.htm,https://www.sec.gov/Archives/edgar/data/898173/000089817326000009/orly-20251231x10k.htm,2026-09-12T21:39:15Z,3181879
tenk/000178133526000011_otis-20251231.htm,https://www.sec.gov/Archives/edgar/data/1781335/000178133526000011/otis-20251231.htm,2026-09-12T21:39:16Z,3115299
tenk/000162828026009059_oxy-20251231.htm,https://www.sec.gov/Archives/edgar/data/797468/000162828026009059/oxy-20251231.htm,2026-09-12T21:39:17Z,4331808
tenk/000132756726000023_panw-20260731.htm,https://www.sec.gov/Archives/edgar/data/1327567/000132756726000023/panw-20260731.htm,2026-09-12T21:39:18Z,3083303
tenk/000119312526307785_payx-20260531.htm,https://www.sec.gov/Archives/edgar/data/723531/000119312526307785/payx-20260531.htm,2026-09-12T21:39:19Z,6069553
tenk/000119312526057025_pcar-20251231.htm,https://www.sec.gov/Archives/edgar/data/75362/000119312526057025/pcar-20251231.htm,2026-09-12T21:39:19Z,9188358
tenk/000100498026000009_pcg-20251231.htm,https://www.sec.gov/Archives/edgar/data/1004980/000100498026000009/pcg-20251231.htm,2026-09-12T21:39:20Z,4814550
tenk/000119312526077446_peg-20251231.htm,https://www.sec.gov/Archives/edgar/data/788784/000119312526077446/peg-20251231.htm,2026-09-12T21:39:21Z,15018947
tenk/000007747626000007_pep-20251227.htm,https://www.sec.gov/Archives/edgar/data/77476/000007747626000007/pep-20251227.htm,2026-09-12T21:39:22Z,3681486
tenk/000007800326000026_pfe-20251231.htm,https://www.sec.gov/Archives/edgar/data/78003/000007800326000026/pfe-20251231.htm,2026-09-12T21:39:23Z,5222324
tenk/000110465926017031_pfg-20251231x10k.htm,https://www.sec.gov/Archives/edgar/data/1126328/000110465926017031/pfg-20251231x10k.htm,2026-09-12T21:39:23Z,18910693
tenk/000008042426000103_pg-20260630.htm,https://www.sec.gov/Archives/edgar/data/80424/000008042426000103/pg-20260630.htm,2026-09-12T21:39:24Z,2599485
tenk/000008066126000086_pgr-20251231.htm,https://www.sec.gov/Archives/edgar/data/80661/000008066126000086/pgr-20251231.htm,2026-09-12T21:39:25Z,1313315
tenk/000007633426000105_ph-20260630.htm,https://www.sec.gov/Archives/edgar/data/76334/000007633426000105/ph-20260630.htm,2026-09-12T21:39:26Z,2486340
tenk/000082241626000007_phm-20251231.htm,https://www.sec.gov/Archives/edgar/data/822416/000082241626000007/phm-20251231.htm,2026-09-12T21:39:27Z,1832097
tenk/000119312526074129_pkg-20251231.htm,https://www.sec.gov/Archives/edgar/data/75677/000119312526074129/pkg-20251231.htm,2026-09-12T21:39:28Z,5945964
tenk/000119312526051453_pld-20251231.htm,https://www.sec.gov/Archives/edgar/data/1045609/000119312526051453/pld-20251231.htm,2026-09-12T21:39:28Z,11507278
tenk/000132165526000011_pltr-20251231.htm,https://www.sec.gov/Archives/edgar/data/1321655/000132165526000011/pltr-20251231.htm,2026-09-12T21:39:29Z,2192014
tenk/000162828026005939_pm-20251231.htm,https://www.sec.gov/Archives/edgar/data/1413329/000162828026005939/pm-20251231.htm,2026-09-12T21:39:30Z,3996061
tenk/000071367626000020_pnc-20251231.htm,https://www.sec.gov/Archives/edgar/data/713676/000071367626000020/pnc-20251231.htm,2026-09-12T21:39:30Z,9163813
tenk/000007736026000007_pnr-20251231.htm,https://www.sec.gov/Archives/edgar/data/77360/000007736026000007/pnr-20251231.htm,2026-09-12T21:39:31Z,2302882
tenk/000076462226000011_pnw-20251231.htm,https://www.sec.gov/Archives/edgar/data/764622/000076462226000011/pnw-20251231.htm,2026-09-12T21:39:32Z,5657541
tenk/000114519726000028_podd-20251231.htm,https://www.sec.gov/Archives/edgar/data/1145197/000114519726000028/podd-20251231.htm,2026-09-12T21:39:33Z,2085246
tenk/000007987926000046_ppg-20251231.htm,https://www.sec.gov/Archives/edgar/data/79879/000007987926000046/ppg-20251231.htm,2026-09-12T21:39:33Z,2884976
tenk/000092222426000008_ppl-20251231.htm,https://www.sec.gov/Archives/edgar/data/922224/000092222426000008/ppl-20251231.htm,2026-09-12T21:39:34Z,8362380
tenk/000113777426000048_pru-20251231.htm,https://www.sec.gov/Archives/edgar/data/1137774/000113777426000048/pru-20251231.htm,2026-09-12T21:39:36Z,14934941
tenk/000162828026007696_psa-20251231.htm,https://www.sec.gov/Archives/edgar/data/1393311/000162828026007696/psa-20251231.htm,2026-09-12T21:39:36Z,3643106
tenk/000204161026000011_psky-20251231.htm,https://www.sec.gov/Archives/edgar/data/2041610/000204161026000011/psky-20251231.htm,2026-09-12T21:39:37Z,4570770
tenk/000153470126000006_psx-20251231.htm,https://www.sec.gov/Archives/edgar/data/1534701/000153470126000006/psx-20251231.htm,2026-09-12T21:39:38Z,5032526
tenk/000119312525291326_ptc-20250930.htm,https://www.sec.gov/Archives/edgar/data/857005/000119312525291326/ptc-20250930.htm,2026-09-12T21:39:38Z,5328028
tenk/000105091526000006_pwr-20251231.htm,https://www.sec.gov/Archives/edgar/data/1050915/000105091526000006/pwr-20251231.htm,2026-09-12T21:39:40Z,2975701
tenk/000163391726000024_pypl-20251231.htm,https://www.sec.gov/Archives/edgar/data/1633917/000163391726000024/pypl-20251231.htm,2026-09-12T21:39:41Z,3521585
tenk/000205887326000010_q-20251231.htm,https://www.sec.gov/Archives/edgar/data/2058873/000205887326000010/q-20251231.htm,2026-09-12T21:39:41Z,2657823
tenk/000080432825000085_qcom-20250928.htm,https://www.sec.gov/Archives/edgar/data/804328/000080432825000085/qcom-20250928.htm,2026-09-12T21:39:42Z,1878834
tenk/000088488726000007_rcl-20251231.htm,https://www.sec.gov/Archives/edgar/data/884887/000088488726000007/rcl-20251231.htm,2026-09-12T21:39:43Z,2828920
tenk/000171344526000022_rddt-20251231.htm,https://www.sec.gov/Archives/edgar/data/1713445/000171344526000022/rddt-20251231.htm,2026-09-12T21:39:44Z,2003155
tenk/000119312526051668_reg-20251231.htm,https://www.sec.gov/Archives/edgar/data/910606/000119312526051668/reg-20251231.htm,2026-09-12T21:39:45Z,21787975
tenk/000087258926000008_regn-20251231.htm,https://www.sec.gov/Archives/edgar/data/872589/000087258926000008/regn-20251231.htm,2026-09-12T21:39:46Z,3119136
tenk/000128176126000019_rf-20251231.htm,https://www.sec.gov/Archives/edgar/data/1281761/000128176126000019/rf-20251231.htm,2026-09-12T21:39:48Z,7576810
tenk/000072000525000093_rjf-20250930.htm,https://www.sec.gov/Archives/edgar/data/720005/000072000525000093/rjf-20250930.htm,2026-09-12T21:39:49Z,6917799
tenk/000162828026037074_rl-20260328.htm,https://www.sec.gov/Archives/edgar/data/1037038/000162828026037074/rl-20260328.htm,2026-09-12T21:39:50Z,2788050
tenk/000094381926000047_rmd-20260630.htm,https://www.sec.gov/Archives/edgar/data/943819/000094381926000047/rmd-20260630.htm,2026-09-12T21:39:50Z,2620836
tenk/000102447825000116_rok-20250930.htm,https://www.sec.gov/Archives/edgar/data/1024478/000102447825000116/rok-20250930.htm,2026-09-12T21:39:51Z,3127554
tenk/000008483926000008_rol-20251231.htm,https://www.sec.gov/Archives/edgar/data/84839/000008483926000008/rol-20251231.htm,2026-09-12T21:39:52Z,2184782
tenk/000088283526000009_rop-20251231.htm,https://www.sec.gov/Archives/edgar/data/882835/000088283526000009/rop-20251231.htm,2026-09-12T21:39:53Z,1968200
tenk/000074573226000006_rost-20260131.htm,https://www.sec.gov/Archives/edgar/data/745732/000074573226000006/rost-20260131.htm,2026-09-12T21:39:54Z,1465573
tenk/000106039126000094_rsg-20251231.htm,https://www.sec.gov/Archives/edgar/data/1060391/000106039126000094/rsg-20251231.htm,2026-09-12T21:39:57Z,3332094
tenk/000010182926000006_rtx-20251231.htm,https://www.sec.gov/Archives/edgar/data/101829/000010182926000006/rtx-20251231.htm,2026-09-12T21:40:02Z,3685295
tenk/000003179126000012_revv-20251228.htm,https://www.sec.gov/Archives/edgar/data/31791/000003179126000012/revv-20251228.htm,2026-09-12T21:40:02Z,2484618
tenk/000103405426000002_sbac-20251231x10k.htm,https://www.sec.gov/Archives/edgar/data/1034054/000103405426000002/sbac-20251231x10k.htm,2026-09-12T21:40:03Z,10569816
tenk/000082922425000114_sbux-20250928.htm,https://www.sec.gov/Archives/edgar/data/829224/000082922425000114/sbux-20250928.htm,2026-09-12T21:40:06Z,3126999
tenk/000031670926000009_schw-20251231.htm,https://www.sec.gov/Archives/edgar/data/316709/000031670926000009/schw-20251231.htm,2026-09-12T21:40:07Z,5307796
tenk/000008980026000008_shw-20251231.htm,https://www.sec.gov/Archives/edgar/data/89800/000008980026000008/shw-20251231.htm,2026-09-12T21:40:08Z,3046221
tenk/000009141926000050_sjm-20260430.htm,https://www.sec.gov/Archives/edgar/data/91419/000009141926000050/sjm-20260430.htm,2026-09-12T21:40:14Z,2930166
tenk/000119312526021017_slb-20251231.htm,https://www.sec.gov/Archives/edgar/data/87347/000119312526021017/slb-20251231.htm,2026-09-12T21:40:14Z,7331565
tenk/000137536526000022_smci-20260630.htm,https://www.sec.gov/Archives/edgar/data/1375365/000137536526000022/smci-20260630.htm,2026-09-12T21:40:16Z,3990369
tenk/000009144026000045_sna-20260103.htm,https://www.sec.gov/Archives/edgar/data/91440/000009144026000045/sna-20260103.htm,2026-09-12T21:40:18Z,4176966
tenk/000162828026057406_sndk-20260703.htm,https://www.sec.gov/Archives/edgar/data/2023554/000162828026057406/sndk-20260703.htm,2026-09-12T21:40:20Z,2223283
tenk/000088324125000028_snps-20251031.htm,https://www.sec.gov/Archives/edgar/data/883241/000088324125000028/snps-20251031.htm,2026-09-12T21:40:28Z,3031429
tenk/000009212226000006_so-20251231.htm,https://www.sec.gov/Archives/edgar/data/92122/000009212226000006/so-20251231.htm,2026-09-12T21:40:30Z,15639198
tenk/000196473826000007_solv-20251231.htm,https://www.sec.gov/Archives/edgar/data/1964738/000196473826000007/solv-20251231.htm,2026-09-12T21:40:31Z,3086309
tenk/000110465926019419_spg-20251231x10k.htm,https://www.sec.gov/Archives/edgar/data/1063761/000110465926019419/spg-20251231x10k.htm,2026-09-12T21:40:38Z,11335574
tenk/000006404026000013_spgi-20251231.htm,https://www.sec.gov/Archives/edgar/data/64040/000006404026000013/spgi-20251231.htm,2026-09-12T21:40:42Z,4097560
tenk/000103220826000010_sre-20251231.htm,https://www.sec.gov/Archives/edgar/data/1032208/000103220826000010/sre-20251231.htm,2026-09-12T21:40:51Z,10290993
tenk/000162828026039136_ste-20260331.htm,https://www.sec.gov/Archives/edgar/data/1757898/000162828026039136/ste-20260331.htm,2026-09-12T21:40:53Z,2977416
tenk/000110465926021395_stld-20251231x10k.htm,https://www.sec.gov/Archives/edgar/data/1022671/000110465926021395/stld-20251231x10k.htm,2026-09-12T21:40:58Z,3356621
tenk/000009375126000124_stt-20251231.htm,https://www.sec.gov/Archives/edgar/data/93751/000009375126000124/stt-20251231.htm,2026-09-12T21:41:07Z,7694408
tenk/000113778926000159_stx-20260703.htm,https://www.sec.gov/Archives/edgar/data/1137789/000113778926000159/stx-20260703.htm,2026-09-12T21:41:21Z,2342633
tenk/000001691826000011_stz-20260228.htm,https://www.sec.gov/Archives/edgar/data/16918/000001691826000011/stz-20260228.htm,2026-09-12T21:41:24Z,3617536
tenk/000162828026012555_smur-20251231.htm,https://www.sec.gov/Archives/edgar/data/2005951/000162828026012555/smur-20251231.htm,2026-09-12T21:42:06Z,6978273
tenk/000009355626000009_swk-20260103.htm,https://www.sec.gov/Archives/edgar/data/93556/000009355626000009/swk-20260103.htm,2026-09-12T21:42:07Z,3081620
tenk/000000412725000085_swks-20251003.htm,https://www.sec.gov/Archives/edgar/data/4127/000000412725000085/swks-20251003.htm,2026-09-12T21:42:08Z,1708601
tenk/000160171226000006_syf-20251231.htm,https://www.sec.gov/Archives/edgar/data/1601712/000160171226000006/syf-20251231.htm,2026-09-12T21:42:08Z,3794221
tenk/000031076426000010_syk-20251231.htm,https://www.sec.gov/Archives/edgar/data/310764/000031076426000010/syk-20251231.htm,2026-09-12T21:42:09Z,6549273
tenk/000009602126000033_syy-20260627.htm,https://www.sec.gov/Archives/edgar/data/96021/000009602126000033/syy-20260627.htm,2026-09-12T21:42:11Z,4050399
tenk/000073271726000120_t-20251231.htm,https://www.sec.gov/Archives/edgar/data/732717/000073271726000120/t-20251231.htm,2026-09-12T21:42:11Z,3931782
tenk/000002454526000006_tap-20251231.htm,https://www.sec.gov/Archives/edgar/data/24545/000002454526000006/tap-20251231.htm,2026-09-12T21:42:12Z,3754632
tenk/000126022125000081_tdg-20250930.htm,https://www.sec.gov/Archives/edgar/data/1260221/000126022125000081/tdg-20250930.htm,2026-09-12T21:42:12Z,2542655
tenk/000109428526000017_tdy-20251228.htm,https://www.sec.gov/Archives/edgar/data/1094285/000109428526000017/tdy-20251228.htm,2026-09-12T21:42:13Z,2839741
tenk/000110465926100322_tech-20260630x10k.htm,https://www.sec.gov/Archives/edgar/data/842023/000110465926100322/tech-20260630x10k.htm,2026-09-12T21:42:13Z,3906869
tenk/000110465925109150_tel-20250926x10k.htm,https://www.sec.gov/Archives/edgar/data/1385157/000110465925109150/tel-20250926x10k.htm,2026-09-12T21:42:14Z,5644696
tenk/000119312526059002_ter-20251231.htm,https://www.sec.gov/Archives/edgar/data/97210/000119312526059002/ter-20251231.htm,2026-09-12T21:42:15Z,7554803
tenk/000009223026000030_tfc-20251231.htm,https://www.sec.gov/Archives/edgar/data/92230/000009223026000030/tfc-20251231.htm,2026-09-12T21:42:15Z,8116203
tenk/000002741926000016_tgt-20260131.htm,https://www.sec.gov/Archives/edgar/data/27419/000002741926000016/tgt-20260131.htm,2026-09-12T21:42:16Z,2059294
tenk/000010919826000008_tjx-20260131.htm,https://www.sec.gov/Archives/edgar/data/109198/000010919826000008/tjx-20260131.htm,2026-09-12T21:42:16Z,2326381
tenk/000119312526071651_tko-20251231.htm,https://www.sec.gov/Archives/edgar/data/1973266/000119312526071651/tko-20251231.htm,2026-09-12T21:42:17Z,6707328
tenk/000009774526000018_tmo-20251231.htm,https://www.sec.gov/Archives/edgar/data/97745/000009774526000018/tmo-20251231.htm,2026-09-12T21:42:17Z,3237873
tenk/000128369926000010_tmus-20251231.htm,https://www.sec.gov/Archives/edgar/data/1283699/000128369926000010/tmus-20251231.htm,2026-09-12T21:42:18Z,4452585
tenk/000181107426000018_tpl-20251231.htm,https://www.sec.gov/Archives/edgar/data/1811074/000181107426000018/tpl-20251231.htm,2026-09-12T21:42:18Z,2873106
tenk/000111613226000018_tpr-20260627.htm,https://www.sec.gov/Archives/edgar/data/1116132/000111613226000018/tpr-20260627.htm,2026-09-12T21:42:19Z,2871121
tenk/000119312526059296_trgp-20251231.htm,https://www.sec.gov/Archives/edgar/data/1389170/000119312526059296/trgp-20251231.htm,2026-09-12T21:42:19Z,8128869
tenk/000086474926000015_trmb-20260102.htm,https://www.sec.gov/Archives/edgar/data/864749/000086474926000015/trmb-20260102.htm,2026-09-12T21:42:20Z,1978775
tenk/000162828026008002_trow-20251231.htm,https://www.sec.gov/Archives/edgar/data/1113169/000162828026008002/trow-20251231.htm,2026-09-12T21:42:21Z,2783131
tenk/000008631226000065_trv-20251231.htm,https://www.sec.gov/Archives/edgar/data/86312/000008631226000065/trv-20251231.htm,2026-09-12T21:42:22Z,6901439
tenk/000091636526000014_tsco-20251227.htm,https://www.sec.gov/Archives/edgar/data/916365/000091636526000014/tsco-20251227.htm,2026-09-12T21:42:23Z,1811335
tenk/000162828026003952_tsla-20251231.htm,https://www.sec.gov/Archives/edgar/data/1318605/000162828026003952/tsla-20251231.htm,2026-09-12T21:42:24Z,2391529
tenk/000010049325000095_tsn-20250927.htm,https://www.sec.gov/Archives/edgar/data/100493/000010049325000095/tsn-20250927.htm,2026-09-12T21:42:24Z,3290079
tenk/000162828026005731_tt-20251231.htm,https://www.sec.gov/Archives/edgar/data/1466258/000162828026005731/tt-20251231.htm,2026-09-12T21:42:26Z,2824516
tenk/000167193326000014_ttd-20251231.htm,https://www.sec.gov/Archives/edgar/data/1671933/000167193326000014/ttd-20251231.htm,2026-09-12T21:42:27Z,1732832
tenk/000162828026037434_ttwo-20260331.htm,https://www.sec.gov/Archives/edgar/data/946581/000162828026037434/ttwo-20260331.htm,2026-09-12T21:42:28Z,2662462
tenk/000009747626000059_txn-20251231.htm,https://www.sec.gov/Archives/edgar/data/97476/000009747626000059/txn-20251231.htm,2026-09-12T21:42:28Z,2110366
tenk/000021734626000006_txt-20260103.htm,https://www.sec.gov/Archives/edgar/data/217346/000021734626000006/txt-20260103.htm,2026-09-12T21:42:29Z,2736958
tenk/000086073126000016_tyl-20251231.htm,https://www.sec.gov/Archives/edgar/data/860731/000086073126000016/tyl-20251231.htm,2026-09-12T21:42:30Z,2212168
tenk/000010051726000023_ual-20251231.htm,https://www.sec.gov/Archives/edgar/data/100517/000010051726000023/ual-20251231.htm,2026-09-12T21:42:31Z,2932877
tenk/000154315126000015_uber-20251231.htm,https://www.sec.gov/Archives/edgar/data/1543151/000154315126000015/uber-20251231.htm,2026-09-12T21:42:33Z,3177126
tenk/000007420826000013_udr-20251231x10k.htm,https://www.sec.gov/Archives/edgar/data/74208/000007420826000013/udr-20251231x10k.htm,2026-09-12T21:42:33Z,8540069
tenk/000119312526071676_uhs-20251231.htm,https://www.sec.gov/Archives/edgar/data/352915/000119312526071676/uhs-20251231.htm,2026-09-12T21:42:34Z,8021095
tenk/000110465926035243_ulta-20260131x10k.htm,https://www.sec.gov/Archives/edgar/data/1403568/000110465926035243/ulta-20260131x10k.htm,2026-09-12T21:42:37Z,2974678
tenk/000073176626000062_unh-20251231.htm,https://www.sec.gov/Archives/edgar/data/731766/000073176626000062/unh-20251231.htm,2026-09-12T21:42:38Z,2870606
tenk/000010088526000037_unp-20251231.htm,https://www.sec.gov/Archives/edgar/data/100885/000010088526000037/unp-20251231.htm,2026-09-12T21:42:38Z,2185539
tenk/000162828026008432_ups-20251231.htm,https://www.sec.gov/Archives/edgar/data/1090727/000162828026008432/ups-20251231.htm,2026-09-12T21:42:39Z,4075933
tenk/000106770126000007_uri-20251231.htm,https://www.sec.gov/Archives/edgar/data/1067701/000106770126000007/uri-20251231.htm,2026-09-12T21:42:40Z,2629421
tenk/000003610426000011_usb-20251231.htm,https://www.sec.gov/Archives/edgar/data/36104/000003610426000011/usb-20251231.htm,2026-09-12T21:42:41Z,972606
tenk/000140316125000089_v-20250930.htm,https://www.sec.gov/Archives/edgar/data/1403161/000140316125000089/v-20250930.htm,2026-09-12T21:42:43Z,2909461
tenk/000139305226000014_veev-20260131.htm,https://www.sec.gov/Archives/edgar/data/1393052/000139305226000014/veev-20260131.htm,2026-09-12T21:42:44Z,2126462
tenk/000170569626000034_vici-20251231.htm,https://www.sec.gov/Archives/edgar/data/1705696/000170569626000034/vici-20251231.htm,2026-09-12T21:42:45Z,3435838
tenk/000162828026011499_vlo-20251231.htm,https://www.sec.gov/Archives/edgar/data/1035002/000162828026011499/vlo-20251231.htm,2026-09-12T21:42:46Z,3896409
tenk/000196768026000011_vlto-20251231.htm,https://www.sec.gov/Archives/edgar/data/1967680/000196768026000011/vlto-20251231.htm,2026-09-12T21:42:46Z,2439225
tenk/000162828026009546_vmc-20251231.htm,https://www.sec.gov/Archives/edgar/data/1396009/000162828026009546/vmc-20251231.htm,2026-09-12T21:42:48Z,3726422
tenk/000119312526051433_eqr-20251231.htm,https://www.sec.gov/Archives/edgar/data/906107/000119312526051433/eqr-20251231.htm,2026-09-12T21:42:49Z,16694604
tenk/000143774926004452_vrsk20251231_10k.htm,https://www.sec.gov/Archives/edgar/data/1442145/000143774926004452/vrsk20251231_10k.htm,2026-09-12T21:42:49Z,3400787
tenk/000101447326000006_vrsn-20251231.htm,https://www.sec.gov/Archives/edgar/data/1014473/000101447326000006/vrsn-20251231.htm,2026-09-12T21:42:50Z,1369519
tenk/000167410126000008_vrt-20251231.htm,https://www.sec.gov/Archives/edgar/data/1674101/000167410126000008/vrt-20251231.htm,2026-09-12T21:42:51Z,2328331
tenk/000087532026000056_vrtx-20251231.htm,https://www.sec.gov/Archives/edgar/data/875320/000087532026000056/vrtx-20251231.htm,2026-09-12T21:42:52Z,5031479
tenk/000169281926000006_vistra-20251231.htm,https://www.sec.gov/Archives/edgar/data/1692819/000169281926000006/vistra-20251231.htm,2026-09-12T21:42:53Z,5587052
tenk/000074026026000006_vtr-20251231.htm,https://www.sec.gov/Archives/edgar/data/740260/000074026026000006/vtr-20251231.htm,2026-09-12T21:42:53Z,4361255
tenk/000179204426000013_vtrs-20251231.htm,https://www.sec.gov/Archives/edgar/data/1792044/000179204426000013/vtrs-20251231.htm,2026-09-12T21:42:54Z,3827749
tenk/000073271226000007_vz-20251231.htm,https://www.sec.gov/Archives/edgar/data/732712/000073271226000007/vz-20251231.htm,2026-09-12T21:42:57Z,3989586
tenk/000162828026008067_wab-20251231.htm,https://www.sec.gov/Archives/edgar/data/943452/000162828026008067/wab-20251231.htm,2026-09-12T21:42:57Z,2490117
tenk/000119312526062604_d778470d10k.htm,https://www.sec.gov/Archives/edgar/data/1000697/000119312526062604/d778470d10k.htm,2026-09-12T21:42:58Z,3024698
tenk/000143710726000020_wbd-20251231.htm,https://www.sec.gov/Archives/edgar/data/1437107/000143710726000020/wbd-20251231.htm,2026-09-12T21:42:59Z,3969149
tenk/000132781126000014_wday-20260131.htm,https://www.sec.gov/Archives/edgar/data/1327811/000132781126000014/wday-20260131.htm,2026-09-12T21:43:02Z,2198322
tenk/000162828026057139_wdc-20260703.htm,https://www.sec.gov/Archives/edgar/data/106040/000162828026057139/wdc-20260703.htm,2026-09-12T21:43:02Z,2500199
tenk/000078332526000018_wec-20251231.htm,https://www.sec.gov/Archives/edgar/data/783325/000078332526000018/wec-20251231.htm,2026-09-12T21:43:03Z,6590988
tenk/000076670426000010_well-20251231.htm,https://www.sec.gov/Archives/edgar/data/766704/000076670426000010/well-20251231.htm,2026-09-12T21:43:04Z,5403154
tenk/000007297126000133_wfc-20251231_d2.htm,https://www.sec.gov/Archives/edgar/data/72971/000007297126000133/wfc-20251231_d2.htm,2026-09-12T21:43:04Z,359609
tenk/000110465926012049_wm-20251231x10k.htm,https://www.sec.gov/Archives/edgar/data/823768/000110465926012049/wm-20251231x10k.htm,2026-09-12T21:43:05Z,4648452
tenk/000010726326000006_wmb-20251231.htm,https://www.sec.gov/Archives/edgar/data/107263/000010726326000006/wmb-20251231.htm,2026-09-12T21:43:06Z,6095479
tenk/000010416926000055_wmt-20260131.htm,https://www.sec.gov/Archives/edgar/data/104169/000010416926000055/wmt-20260131.htm,2026-09-12T21:43:06Z,2323981
tenk/000001154426000005_wrb-20251231.htm,https://www.sec.gov/Archives/edgar/data/11544/000001154426000005/wrb-20251231.htm,2026-09-12T21:43:07Z,5127475
tenk/000071995526000059_wsm-20260201.htm,https://www.sec.gov/Archives/edgar/data/719955/000071995526000059/wsm-20260201.htm,2026-09-12T21:43:08Z,1370806
tenk/000010577026000010_wst-20251231.htm,https://www.sec.gov/Archives/edgar/data/105770/000010577026000010/wst-20251231.htm,2026-09-12T21:43:09Z,2705982
tenk/000119312526069307_wtw-20251231.htm,https://www.sec.gov/Archives/edgar/data/1140536/000119312526069307/wtw-20251231.htm,2026-09-12T21:43:10Z,9532413
tenk/000119312526051422_wy-20251231.htm,https://www.sec.gov/Archives/edgar/data/106535/000119312526051422/wy-20251231.htm,2026-09-12T21:43:13Z,8262050
tenk/000117492226000013_wynn-20251231.htm,https://www.sec.gov/Archives/edgar/data/1174922/000117492226000013/wynn-20251231.htm,2026-09-12T21:43:18Z,3157675
tenk/000007290326000009_xel-20251231.htm,https://www.sec.gov/Archives/edgar/data/72903/000007290326000009/xel-20251231.htm,2026-09-12T21:43:21Z,5225223
tenk/000152447226000012_xyl-20251231.htm,https://www.sec.gov/Archives/edgar/data/1524472/000152447226000012/xyl-20251231.htm,2026-09-12T21:43:23Z,3537143
tenk/000162828026012254_xyz-20251231.htm,https://www.sec.gov/Archives/edgar/data/1512673/000162828026012254/xyz-20251231.htm,2026-09-12T21:43:23Z,3098527
tenk/000104106126000084_yum-20251231.htm,https://www.sec.gov/Archives/edgar/data/1041061/000104106126000084/yum-20251231.htm,2026-09-12T21:43:24Z,3420263
tenk/000119312526059853_zbh-20251231.htm,https://www.sec.gov/Archives/edgar/data/1136869/000119312526059853/zbh-20251231.htm,2026-09-12T21:43:27Z,6952618
tenk/000162828026007668_zbra-20251231.htm,https://www.sec.gov/Archives/edgar/data/877212/000162828026007668/zbra-20251231.htm,2026-09-12T21:43:27Z,2190006
tenk/000155528026000011_zts-20251231.htm,https://www.sec.gov/Archives/edgar/data/1555280/000155528026000011/zts-20251231.htm,2026-09-12T21:43:28Z,3307949
