plan_year,cik,match,ACK_ID,SPONSOR_DFE_NAME,SPONS_DFE_EIN,SPONS_DFE_PN,PLAN_NAME,TYPE_PENSION_BNFT_CODE,participants,employer_contrib,DATE_RECEIVED
2022,0000001800,subsidiary,20230627230225NAL0007011776001,"X TECHNOLOGIES, INC.",742895612,002,"X TECHNOLOGIES, INC. 401(K) PLAN",2E2F2G2J2K3D,160.0,303223.0,2023-06-28
2022,0000001800,ein,20230718222648NAL0002851938001,ABBOTT LABORATORIES,360698440,334,ABBOTT LABORATORIES STOCK RETIREMENT PLAN,2E2F2G2J2K2O2T3F3H,38301.0,189912000.0,2023-07-18
2022,0000001800,subsidiary,20230725131245NAL0012018400001,"CARDIOVASCULAR SYSTEMS, INC.",411698056,001,"CARDIOVASCULAR SYSTEMS, INC. 401(K) PROFIT SHARING PLAN",2E2F2T2G2J2K3D,741.0,0.0,2023-07-25
2023,0000001800,ein,20240724165407NAL0013465729001,ABBOTT LABORATORIES,360698440,334,ABBOTT LABORATORIES STOCK RETIREMENT PLAN,2E2F2G2J2K2O2T3F3H,38433.0,205995000.0,2024-07-24
2023,0000001800,subsidiary,20240729014754NAL0012159859001,"X TECHNOLOGIES, INC.",742895612,002,"X TECHNOLOGIES, INC. 401(K) PLAN",2E2F2G2J2K3D,129.0,289139.0,2024-07-29
2024,0000001800,ein,20250714124503NAL0001716592001,ABBOTT LABORATORIES,360698440,334,ABBOTT LABORATORIES STOCK RETIREMENT PLAN,2E2F2G2J2K2O2T3F3H,38001.0,244939000.0,2025-07-14
2024,0000001800,subsidiary,20251010153054NAL0007951697003,"X TECHNOLOGIES, INC.",742895612,002,"X TECHNOLOGIES, INC. 401(K) PLAN",2E2F2G2J2K2T3D3H,112.0,260417.0,2025-10-10
2022,0000002488,ein,20231016150508NAL0025936147001,"ADVANCED MICRO DEVICES, INC.",941692300,003,"ADVANCED MICRO DEVICES, INC. RETIREMENT SAVINGS PLAN",2E2F2H2J2K2S2T2R3H,8898.0,59743311.0,2023-10-16
2023,0000002488,ein,20241009150306NAL0038224546001,"ADVANCED MICRO DEVICES, INC.",941692300,003,"ADVANCED MICRO DEVICES, INC. RETIREMENT SAVINGS PLAN",2R2G2E2F2J2K2S2T3H,9481.0,70942775.0,2024-10-09
2024,0000002488,ein,20251008084711NAL0012944386001,"ADVANCED MICRO DEVICES, INC.",941692300,003,"ADVANCED MICRO DEVICES, INC. RETIREMENT SAVINGS PLAN",2G2E2F2J2K2S2T3H2R,10320.0,79454475.0,2025-10-08
2022,0000002969,ein,20230630105040NAL0017237202001,"AIR PRODUCTS & CHEMICALS, INC.",231274455,001,"AIR PRODUCTS & CHEMICALS, INC. RETIREMENT SAVINGS PLAN",2A2E2F2G2J2K2O2S2T3F3H2R,5733.0,42308468.0,2023-06-30
2023,0000002969,ein,20240710091105NAL0031468722001,"AIR PRODUCTS & CHEMICALS, INC.",231274455,001,"AIR PRODUCTS & CHEMICALS, INC. RETIREMENT SAVINGS PLAN",2A2E2F2G2J2K2O2R2S2T3F3H,6170.0,48837729.0,2024-07-10
2024,0000002969,ein,20250708151748NAL0007147232001,"AIR PRODUCTS & CHEMICALS, INC.",231274455,001,"AIR PRODUCTS & CHEMICALS, INC. RETIREMENT SAVINGS PLAN",2A2E2F2G2J2K2O2S2T3F3H2R,6914.0,53932485.0,2025-07-08
2022,0000004127,ein,20230724143803NAL0005212595001,"SKYWORKS SOLUTIONS, INC.",042302115,002,SKYWORKS SOLUTIONS SAVINGS AND RETIREMENT 401(K) PLAN,2E2F2G2J2K2S2T3D2R,2639.0,13840050.0,2023-07-24
2023,0000004127,ein,20240814111204NAL0006759395001,"SKYWORKS SOLUTIONS, INC.",042302115,002,SKYWORKS SOLUTIONS SAVINGS AND RETIREMENT 401(K) PLAN,2E2F2G2J2K2S2T3D2R,2273.0,13250922.0,2024-08-14
2024,0000004127,ein,20250912130637NAL0000786515001,"SKYWORKS SOLUTIONS, INC.",042302115,002,SKYWORKS SOLUTIONS SAVINGS AND RETIREMENT 401(K) PLAN,2E2F2G2J2K2S2T3D2R,2480.0,14121875.0,2025-09-12
2022,0000004281,ein,20230620114111NAL0027741987001,HOWMET AEROSPACE INC.,250317820,008,HOWMET AEROSPACE HOURLY RETIREMENT SAVINGS PLAN,2F2G2J2K2O2R2S2T3H,9000.0,38482917.0,2023-06-20
2022,0000004281,ein,20230620141219NAL0027839363001,HOWMET AEROSPACE INC.,250317820,007,HOWMET AEROSPACE SALARIED RETIREMENT SAVINGS PLAN,2F2G2J2K2O2R2S2T3H,2895.0,25616184.0,2023-06-20
2022,0000004281,name,20230809164416NAL0027387313001,ARCONIC CORPORATION,842745636,001,ARCONIC CORP. SALARIED 401(K) PLAN,2O2S2T3H2F2G2J2K2R,2228.0,17633858.0,2023-08-09
2022,0000004281,name,20230809164903NAL0055990130001,ARCONIC CORPORATION,842745636,002,ARCONIC CORP. HOURLY 401(K) PLAN,2S2T3H2F2G2J2K2O2R,6136.0,27055677.0,2023-08-09
2023,0000004281,ein,20240620153652NAL0001078627001,HOWMET AEROSPACE INC.,250317820,007,HOWMET AEROSPACE SALARIED RETIREMENT SAVINGS PLAN,2F2G2J2K2O2R2S2T3H,3236.0,27950606.0,2024-06-20
2023,0000004281,ein,20240620153652NAL0001078627002,HOWMET AEROSPACE INC.,250317820,008,HOWMET AEROSPACE HOURLY RETIREMENT SAVINGS PLAN,2F2G2J2K2O2R2S2T3H,9640.0,43938470.0,2024-06-20
2023,0000004281,name,20241014143900NAL0046393936001,ARCONIC CORPORATION,842745636,002,ARCONIC CORP. HOURLY 401(K) PLAN,2S2T3H2F2G2J2K2O2R,5965.0,29690552.0,2024-10-14
2023,0000004281,name,20241014144543NAL0015132067001,ARCONIC CORPORATION,842745636,001,ARCONIC CORP. SALARIED 401(K) PLAN,2O2S2T3H2F2G2J2K2R,2284.0,18956976.0,2024-10-14
2024,0000004281,ein,20250613111225NAL0017524209001,HOWMET AEROSPACE INC.,250317820,007,HOWMET AEROSPACE SALARIED RETIREMENT SAVINGS PLAN,2F2G2J2K2O2R2S2T3H,3362.0,30948476.0,2025-06-13
2024,0000004281,ein,20250613114240NAL0015649379001,HOWMET AEROSPACE INC.,250317820,008,HOWMET AEROSPACE HOURLY RETIREMENT SAVINGS PLAN,2F2G2J2K2O2R2S2T3H,10509.0,50233460.0,2025-06-13
2024,0000004281,name,20251001191357NAL0012976769001,ARCONIC CORPORATION,842745636,002,ARCONIC CORP. HOURLY 401(K) PLAN,2F2G2J2K2R2S2T3H,5436.0,30481544.0,2025-10-01
2024,0000004281,name,20251001191635NAL0013599889001,ARCONIC CORPORATION,842745636,001,ARCONIC CORP. SALARIED 401(K) PLAN,2F2G2J2K2R2S2T3H,2169.0,19147581.0,2025-10-01
2022,0000004904,subsidiary,20231016061552NAL0037122433001,OHIO VALLEY ELECTRIC CORPORATION,314392702,002,SUPPLEMENTAL PENSION & SAVINGS PLAN FOR EE'S OF OHIO VALLEY ELECTRIC CORP AND INDIANA-KENTUCKY ELECTRIC CORP,2H2J2K2S2T3F3H,497.0,1963877.0,2023-10-16
2023,0000004904,subsidiary,20241010111523NAL0009940307001,OHIO VALLEY ELECTRIC CORPORATION,314392702,002,SUPPLEMENTAL PENSION & SAVINGS PLAN FOR EES OF OHIO VALLEY ELECTRIC CORP AND INDIANA-KENTUCKY ELECTRIC CORP,2H2J2K2S2T3F3H,511.0,1932452.0,2024-10-10
2024,0000004904,subsidiary,20251014110138NAL0001256675001,OHIO VALLEY ELECTRIC CORPORATION,314392702,002,SUPPLEMENTAL PENSION & SAVINGS PLAN FOR EES OF OHIO VALLEY ELECTRIC CORP AND INDIANA-KENTUCKY ELECTRIC CORP,2H2J2K2S2T3F3H,539.0,2600012.0,2025-10-14
2022,0000004962,ein,20230623064455NAL0000081667001,AMERICAN EXPRESS COMPANY AND ITS PARTICIPATING SUBSIDIARIES,134922250,002,AMERICAN EXPRESS RETIREMENT SAVINGS PLAN,2E2F2G2I2J2K2O2R2S2T3F3H3J,26493.0,218810587.0,2023-06-23
2023,0000004962,ein,20240621104243NAL0002424049001,AMERICAN EXPRESS COMPANY AND ITS PARTICIPATING SUBSIDIARIES,134922250,002,AMERICAN EXPRESS RETIREMENT SAVINGS PLAN,2E2F2G2I2J2K2O2R2S2T3F3H3J,25030.0,265004345.0,2024-06-21
2024,0000004962,ein,20250626081644NAL0008761217001,AMERICAN EXPRESS COMPANY AND ITS PARTICIPATING SUBSIDIARIES,134922250,002,AMERICAN EXPRESS RETIREMENT SAVINGS PLAN,2E2F2G2I2J2K2O2R2S2T3F3H3J,25049.0,268070180.0,2025-06-26
2022,0000004977,ein,20230702100848NAL0010868961001,AFLAC INCORPORATED,581167100,004,AFLAC INCORPORATED 401(K) SAVINGS AND PROFIT SHARING PLAN,2G2J2K2E2T,5665.0,28614490.0,2023-07-02
2023,0000004977,ein,20240702092910NAL0003412403001,AFLAC INCORPORATED,581167100,004,AFLAC INCORPORATED 401(K) SAVINGS AND PROFIT SHARING PLAN,2G2J2K2E2T,5693.0,31688139.0,2024-07-02
2024,0000004977,ein,20250723112245NAL0004012769001,AFLAC INCORPORATED,581167100,004,AFLAC INCORPORATED 401(K) SAVINGS AND PROFIT SHARING PLAN,2E2G2J2K2T,5776.0,41759839.0,2025-07-23
2022,0000005272,subsidiary,20231002071530NAL0011229123001,"ARTHUR J. GLATFELTER AGENCY, INC.",231686428,003,GLATFELTER INSURANCE GROUP 401(K) RETIREMENT PLAN,2E2F2G2J2K2S2T3D3H,473.0,2780136.0,2023-10-02
2022,0000005272,subsidiary,20231013173945NAL0068794818001,AIG INSURANCE COMPANY-PUERTO RICO,660319193,001,AIG INSURANCE COMPANY-PUERTO RICO CAPITAL GROWTH PLAN,2E2F2G2J2K2S2T3C3H3J,86.0,461060.0,2023-10-13
2022,0000005272,ein,20231013174426NAL0022528035001,"AMERICAN INTERNATIONAL GROUP, INC.",132592361,003,"AMERICAN INTERNATIONAL GROUP, INC. INCENTIVE SAVINGS PLAN",2E2F2G2J2K2S2T3F3H,8143.0,155372183.0,2023-10-13
2023,0000005272,subsidiary,20240916153448NAL0001152915001,"ARTHUR J. GLATFELTER AGENCY, INC.",231686428,003,GLATFELTER INSURANCE GROUP 401(K) RETIREMENT PLAN,2E2F2G2J2K2S2T3D3H,497.0,2885156.0,2024-09-16
2023,0000005272,ein,20241011161420NAL0044426354001,"AMERICAN INTERNATIONAL GROUP, INC.",132592361,003,"AMERICAN INTERNATIONAL GROUP, INC. INCENTIVE SAVINGS PLAN",2E2F2G2J2K2S2T3F3H,7155.0,94956923.0,2024-10-11
2023,0000005272,subsidiary,20241011164649NAL0045177730001,AIG INSURANCE COMPANY-PUERTO RICO,660319193,001,AIG INSURANCE COMPANY-PUERTO RICO CAPITAL GROWTH PLAN,2E2F2G2J2K2S2T3C3H3J,84.0,455540.0,2024-10-11
2024,0000005272,subsidiary,20250929101948NAL0004967123001,"ARTHUR J. GLATFELTER AGENCY, INC.",231686428,003,GLATFELTER INSURANCE GROUP 401(K) RETIREMENT PLAN,2E2F2G2J2K2S2T3D3H,486.0,3133815.0,2025-09-29
2024,0000005272,ein,20251010164103NAL0019119170001,"AMERICAN INTERNATIONAL GROUP, INC.",132592361,003,"AMERICAN INTERNATIONAL GROUP, INC. INCENTIVE SAVINGS PLAN",2E2F2G2J2K2S2T3F3H,5072.0,86233017.0,2025-10-10
2024,0000005272,subsidiary,20251014080529NAL0001099859001,AIG INSURANCE COMPANY-PUERTO RICO,660319193,001,AIG INSURANCE COMPANY-PUERTO RICO CAPITAL GROWTH PLAN,2E2F2G2J2K2S2T3C3H3J,86.0,438968.0,2025-10-14
2022,0000006281,ein,20231011190540NAL0030817393001,"ANALOG DEVICES, INC.",042348234,003,"ANALOG DEVICES, INC. THE INVESTMENT PARTNERSHIP PLAN",2S2T3F2E2G2J2F2K2R,6716.0,70960111.0,2023-10-11
2023,0000006281,ein,20241009134945NAL0010693059001,"ANALOG DEVICES, INC.",042348234,003,"ANALOG DEVICES, INC. THE INVESTMENT PARTNERSHIP PLAN",3F3H2T2E2F2G2J2K2R2S,6957.0,76960812.0,2024-10-09
2024,0000006281,ein,20250919102747NAL0002947011001,"ANALOG DEVICES, INC.",042348234,003,"ANALOG DEVICES, INC. THE INVESTMENT PARTNERSHIP PLAN",3F2T2E2F2G2J2K2S2R,6764.0,73966339.0,2025-09-19
2022,0000006951,ein,20231016113011NAL0024650995001,"APPLIED MATERIALS, INC.",941655526,333,"APPLIED MATERIALS, INC. EMPLOYEE SAVINGS & RETIREMENT PLAN",2F2G2J2K2S2T2E,14583.0,71529997.0,2023-10-16
2023,0000006951,ein,20241025101340NAL0000057457001,"APPLIED MATERIALS, INC.",941655526,333,"APPLIED MATERIALS, INC. EMPLOYEE SAVINGS & RETIREMENT PLAN",2F2G2J2K2S2T2E,14940.0,83810685.0,2024-10-25
2024,0000006951,ein,20251006160244NAL0003773393001,"APPLIED MATERIALS, INC.",941655526,333,"APPLIED MATERIALS, INC. EMPLOYEE SAVINGS & RETIREMENT PLAN",2E2F2G2J2K2S2T,15323.0,87266339.0,2025-10-06
2022,0000007084,subsidiary,20230928115407NAL0024663554001,"REVELA FOODS, LLC",320504214,001,"REVELA FOODS, LLC 401(K) PLAN",2E2F2G2J2K2T3D3H,247.0,500633.0,2023-09-28
2022,0000007084,ein,20231006123527NAL0015426819001,ARCHER DANIELS MIDLAND COMPANY,410129150,030,ADM 401(K) AND EMPLOYEE STOCK OWNERSHIP PLAN FOR HOURLY EMPLOYEES,2A2E2F2G2J2K2O2S2T3H,10114.0,22897472.0,2023-10-06
2022,0000007084,ein,20231006123714NAL0022720961001,ARCHER DANIELS MIDLAND COMPANY,410129150,029,ADM 401(K) AND EMPLOYEE STOCK OWNERSHIP PLAN FOR SALARIED EMPLOYEES,2A2E2F2G2J2K2O2S2T3H,8055.0,37795451.0,2023-10-06
2022,0000007084,subsidiary,20231013123953NAL0022692483001,"ADM ALLIANCE NUTRITION OF PUERTO RICO, LLC",351365349,001,"ADM ALLIANCE NUTRITION OF PUERTO RICO, LLC CASH OR DEFERRED ARRANGEMENT PROFIT SHARING PLAN",2E2F2G2T3C,91.0,113136.0,2023-10-13
2023,0000007084,subsidiary,20240909071511NAL0005184737001,"REVELA FOODS, LLC",320504214,001,"REVELA FOODS, LLC 401(K) PLAN",2E2F2G2J2K2T3D3H,365.0,619738.0,2024-09-09
2023,0000007084,ein,20240926094801NAL0000491105001,ARCHER DANIELS MIDLAND COMPANY,410129150,029,ADM 401(K) AND EMPLOYEE STOCK OWNERSHIP PLAN FOR SALARIED EMPLOYEES,2A2E2F2G2J2K2O2S2T3H,8289.0,41350734.0,2024-09-26
2023,0000007084,ein,20240926095236NAL0000922000001,ARCHER DANIELS MIDLAND COMPANY,410129150,030,ADM 401(K) AND EMPLOYEE STOCK OWNERSHIP PLAN FOR HOURLY EMPLOYEES,2A2E2F2G2J2K2O2S2T3H,9931.0,24679574.0,2024-09-26
2024,0000007084,ein,20250917103152NAL0000188563001,ARCHER DANIELS MIDLAND COMPANY,410129150,029,ADM 401(K) AND EMPLOYEE STOCK OWNERSHIP PLAN FOR SALARIED EMPLOYEES,2A2E2F2G2J2K2O2S2T3H,8748.0,44631276.0,2025-09-17
2024,0000007084,ein,20250917103540NAL0000406560001,ARCHER DANIELS MIDLAND COMPANY,410129150,030,ADM 401(K) AND EMPLOYEE STOCK OWNERSHIP PLAN FOR HOURLY EMPLOYEES,2A2E2F2G2J2K2O2S2T3H,10315.0,26923241.0,2025-09-17
2022,0000008670,subsidiary,20231006100940NAL0022553041001,"WORKFORCE SOFTWARE, LLC",453862733,001,"WORKFORCE SOFTWARE, LLC 401K PLAN",2G2J2K2T2F3D,442.0,1422241.0,2023-10-06
2022,0000008670,ein,20231015115605NAL0073042338003,"AUTOMATIC DATA PROCESSING, INC.",221467904,002,"AUTOMATIC DATA PROCESSING, INC. RETIREMENT AND SAVINGS PLAN",2E2G2J2K2S2T3H3J,33407.0,163606317.0,2023-10-15
2023,0000008670,subsidiary,20241011133239NAL0022839057001,"WORKFORCE SOFTWARE, LLC",453862733,001,"WORKFORCE SOFTWARE, LLC 401K PLAN",2G2J2K2T2F3D,412.0,1171161.0,2024-10-11
2023,0000008670,ein,20250709142102NAL0002876323001,"AUTOMATIC DATA PROCESSING, INC.",221467904,002,"AUTOMATIC DATA PROCESSING, INC. RETIREMENT AND SAVINGS PLAN",2E2G2J2K2S2T3H3J,34557.0,184122671.0,2025-07-09
2024,0000008670,subsidiary,20251009110738NAL0011325440001,"WORKFORCE SOFTWARE, LLC",453862733,001,"WORKFORCE SOFTWARE, LLC 401K PLAN",2F2G2J2K2T3D,443.0,1278435.0,2025-10-09
2024,0000008670,ein,20251015231159NAL0002943251001,"AUTOMATIC DATA PROCESSING, INC.",221467904,002,"AUTOMATIC DATA PROCESSING, INC. RETIREMENT AND SAVINGS PLAN",2E2G2J2K2S2T3H3J,34516.0,191237493.0,2025-10-16
2022,0000008818,subsidiary,20231013120119NAL0033169825001,"VESTCOM PARENT HOLDINGS, INC.",800874491,001,"VESTCOM PARENT HOLDINGS, INC. SAVINGS FOR RETIREMENT PLAN",2E2F2G2J2K3H2T3D,1063.0,1214098.0,2023-10-13
2022,0000008818,ein,20231013131053NAL0045086608001,AVERY DENNISON CORPORATION,951492269,004,AVERY DENNISON CORPORATION EMPLOYEE SAVINGS PLAN,2D2F2G2O2S2T2J2R,4892.0,0.0,2023-10-13
2023,0000008818,ein,20241012205741NAL0040801264001,AVERY DENNISON CORPORATION,951492269,004,AVERY DENNISON CORPORATION EMPLOYEE SAVINGS PLAN,2D2F2G2J2O2R2S2T,5750.0,0.0,2024-10-12
2024,0000008818,ein,20251125093111NAL0001647187001,AVERY DENNISON CORPORATION,951492269,004,AVERY DENNISON CORPORATION EMPLOYEE SAVINGS PLAN,2D2F2G2J2O2S2T2R3H,6059.0,0.0,2025-11-25
2022,0000009389,ein,20230621161229NAL0001596786001,BALL CORPORATION,350160610,030,BALL CORPORATION 401(K) AND EMPLOYEE STOCK OWNERSHIP PLAN,2E2F2G2J2K2O2S2T3F3I,10349.0,56025441.0,2023-06-21
2023,0000009389,ein,20240610100452NAL0026526481001,BALL CORPORATION,350160610,030,BALL CORPORATION 401(K) AND EMPLOYEE STOCK OWNERSHIP PLAN,2E2F2G2J2K2O2S2T3F3I,9935.0,62390294.0,2024-06-10
2023,0000009389,subsidiary,20250203115245NAL0003195491001,"FLORIDA CAN MANUFACTURING, LLC",843908221,001,CC1 FLORIDA EMPLOYEES RETIREMENT SAVINGS PLAN,2E2F2G2J2K2T3D,121.0,170082.0,2025-02-03
2024,0000009389,ein,20250606165910NAL0012860081001,BALL CORPORATION,350160610,030,BALL CORPORATION 401(K) AND EMPLOYEE STOCK OWNERSHIP PLAN,2E2F2G2J2K2O2S2T3F3I,4616.0,27986683.0,2025-06-06
2024,0000009389,subsidiary,20251015141601NAL0006388016001,"FLORIDA CAN MANUFACTURING, LLC",843908221,001,CC1 FLORIDA EMPLOYEES RETIREMENT SAVINGS PLAN,2E2F2G2J2K2T3D,141.0,12527.0,2025-10-15
2022,0000010456,ein,20231016112644NAL0025422611001,BAXTER INTERNATIONAL INC.,360781620,023,BAXTER INTERNATIONAL INC. AND SUBSIDIARIES U.S. RETIREMENT SAVINGS PLAN,2E2F2H2J2K2O2R2S2T3H,17767.0,61086499.0,2023-10-16
2023,0000010456,subsidiary,20241013170008NAL0014176259001,BAXTER HEALTHCARE OF PUERTO RICO LLC,661048257,024,BAXTER HEALTHCARE OF PUERTO RICO RETIREMENT SAVINGS PLAN,2E2F2G2J2K2S2T3H,2030.0,4292789.0,2024-10-13
2024,0000010456,subsidiary,20251015171944NAL0002806211001,BAXTER HEALTHCARE OF PUERTO RICO LLC,661048257,024,BAXTER HEALTHCARE OF PUERTO RICO RETIREMENT SAVINGS PLAN,2E2F2G2J2K2S2T3H3J,2026.0,10220341.0,2025-10-15
2022,0000010795,ein,20230630123540NAL0008294657001,"BECTON, DICKINSON AND COMPANY",220760120,011,BD 401(K) PLAN,2E2F2G2J2K2P2S2T,24730.0,140372929.0,2023-06-30
2022,0000010795,subsidiary,20230630123720NAL0008295345001,BECTON DICKINSON CARIBE LTD,660560107,001,BD SAVINGS PLAN FOR PUERTO RICO EMPLOYEES,2G3C,1390.0,2297983.0,2023-06-30
2022,0000010795,subsidiary,20231009082420NAL0034764720001,"PARATA SYSTEMS, LLC",522340471,001,"PARATA SYSTEMS, LLC 401(K) PLAN",2G2J2K2S2T2E3D,535.0,564288.0,2023-10-09
2022,0000010795,subsidiary,20231011170055NAL0020466963001,"SHIELD HEALTHCARE CENTERS, INC.",951940459,001,"SHIELD HEALTHCARE CENTERS, INC. EMPLOYEE 401 (K) SAVINGS PLAN",3D2F2G2T2K,320.0,294019.0,2023-10-11
2023,0000010795,ein,20240627125226NAL0021331634001,"BECTON, DICKINSON AND COMPANY",220760120,011,BD 401(K) PLAN,2E2F2G2J2K2P2S2T,22688.0,143117744.0,2024-06-27
2023,0000010795,subsidiary,20240627125331NAL0011166465001,BECTON DICKINSON CARIBE LTD,660560107,001,BD SAVINGS PLAN FOR PUERTO RICO EMPLOYEES,2G3C,1353.0,2457432.0,2024-06-27
2023,0000010795,subsidiary,20241014100236NAL0025880113001,"SHIELD HEALTHCARE CENTERS, INC.",951940459,001,"SHIELD HEALTHCARE CENTERS, INC. EMPLOYEE 401 (K) SAVINGS PLAN",3D2F2G2T2K,344.0,327414.0,2024-10-14
2024,0000010795,subsidiary,20250630203753NAL0006445539001,BECTON DICKINSON CARIBE LTD,660560107,001,BD SAVINGS PLAN FOR PUERTO RICO EMPLOYEES,2G3C,2036.0,3643672.0,2025-06-30
2024,0000010795,ein,20250630204040NAL0028207634001,"BECTON, DICKINSON AND COMPANY",220760120,011,BD 401(K) PLAN,2E2F2G2J2K2P2S2T,21926.0,153565018.0,2025-06-30
2024,0000010795,subsidiary,20251002083938NAL0000151587001,"SHIELD HEALTHCARE CENTERS, INC.",951940459,001,"SHIELD HEALTHCARE CENTERS, INC. EMPLOYEE 401 (K) SAVINGS PLAN",3D2F2G2T2K,368.0,358734.0,2025-10-02
2022,0000011544,subsidiary,20230530153729NAL0013038659001,"GREENWICH AEROGROUP, INC.",331151331,001,"GREENWICH AEROGROUP, INC. RETIREMENT SAVINGS PLAN",2E2F2G2J2K2T3D3H,634.0,1072431.0,2023-05-30
2022,0000011544,ein,20230802085310NAL0019153505001,W.R. BERKLEY CORPORATION,221867895,001,W.R. BERKLEY CORPORATION PROFIT SHARING PLAN,2E2F2G2J2S2T3H,5905.0,61579629.0,2023-08-02
2022,0000011544,subsidiary,20230927095537NAL0010217121001,"CRYPTON, LLC",383156045,002,"CRYPTON, LLC 401(K) PLAN",2A2S2E3D2G2J2K2F2T3H,176.0,386714.0,2023-09-27
2022,0000011544,subsidiary,20231016154620NAL0076853650001,CHILEWICH SULTAN LLC,133989690,001,CHILEWICH SULTAN LLC 401(K) PROFIT SHARING PLAN & TRUST,2E2F2G2J2K2T3D,124.0,175777.0,2023-10-16
2023,0000011544,subsidiary,20240603104719NAL0031250752001,"GREENWICH AEROGROUP, INC.",331151331,001,"GREENWICH AEROGROUP, INC. RETIREMENT SAVINGS PLAN",2E2F2G2J2K2T3D3H,665.0,1141384.0,2024-06-03
2023,0000011544,subsidiary,20240805135149NAL0000713427001,CHILEWICH SULTAN LLC,133989690,001,CHILEWICH SULTAN LLC 401(K) PROFIT SHARING PLAN & TRUST,2E2F2G2J2K2T3D,112.0,169709.0,2024-08-05
2023,0000011544,ein,20240821150158NAL0002459315001,W.R. BERKLEY CORPORATION,221867895,001,W.R. BERKLEY CORPORATION PROFIT SHARING PLAN,2E2F2G2J2S2T3H,6103.0,69781604.0,2024-08-21
2023,0000011544,subsidiary,20241007114518NAL0027337056001,"CRYPTON, LLC",383156045,002,"CRYPTON, LLC 401(K) PLAN",2A2S2E3D2G2J2K2F2T3H,166.0,378375.0,2024-10-07
2023,0000011544,subsidiary,20241014154908NAL0015241139001,"STEAMBOAT IS, INC.",271251861,001,"STEAMBOAT IS, INC. 401(K) PROFIT SHARING PLAN AND TRUST",2E2F2G2J2K2S2T3H3D,311.0,881376.0,2024-10-14
2024,0000011544,subsidiary,20250521162536NAL0001926323001,"GREENWICH AEROGROUP, INC.",331151331,001,"GREENWICH AEROGROUP, INC. RETIREMENT SAVINGS PLAN",2E2F2G2J2K2T3D3H,681.0,1158798.0,2025-05-21
2024,0000011544,subsidiary,20250811060551NAL0006736289001,"CRYPTON, LLC",383156045,002,"CRYPTON, LLC 401(K) PLAN",2A2S2E3D2G2J2K2F2T3H,172.0,421884.0,2025-08-11
2024,0000011544,ein,20250911180122NAL0000376067001,W.R. BERKLEY CORPORATION,221867895,001,W.R. BERKLEY CORPORATION PROFIT SHARING PLAN,2E2F2G2J2S2T3H,6382.0,69413189.0,2025-09-11
2024,0000011544,subsidiary,20251006114312NAL0002030691001,CHILEWICH SULTAN LLC,133989690,001,CHILEWICH SULTAN LLC 401(K) PROFIT SHARING PLAN AND TRUST,2E2F2G2J2K3D,112.0,162127.0,2025-10-06
2024,0000011544,subsidiary,20251014075626NAL0003327056001,"STEAMBOAT IS, INC.",271251861,001,"STEAMBOAT IS, INC. 401(K) PROFIT SHARING PLAN AND TRUST",2F2G2J2K2S2T3H2E3D,317.0,724615.0,2025-10-14
2022,0000012927,ein,20230720131959NAL0007105410001,THE BOEING CO. AND CONSOLIDATED SUBSIDIARIES,910425694,002,THE BOEING COMPANY 401(K) RETIREMENT PLAN,2E2G2J2K2O2S2T3F3H2F,128909.0,1413050923.0,2023-07-20
2022,0000012927,subsidiary,20230727065837NAL0006318435001,BOEING DISTRIBUTION SERVICES INC.,471639172,001,BOEING DISTRIBUTION SERVICES INC. RETIREMENT PLAN,2E2F2G2J2K2T3D3H,1268.0,5181088.0,2023-07-27
2022,0000012927,subsidiary,20230727101647NAL0016173840001,"INSITU, INC.",911641766,001,"INSITU, INC. 401(K) PLAN",2E2F2G2J2K2R2T3D3F3H,798.0,3409114.0,2023-07-27
2022,0000012927,subsidiary,20230925161643NAL0016017826001,"SPIRIT AEROSYSTEMS HOLDINGS, INC.",202436320,001,"SPIRIT AEROSYSTEMS HOLDINGS, INC. RETIREMENT & SAVINGS PLAN",2E2F2G2J3H2S2T2K,7704.0,21638616.0,2023-09-25
2023,0000012927,ein,20240709104247NAL0007805059001,THE BOEING CO. AND CONSOLIDATED SUBSIDIARIES,910425694,002,THE BOEING COMPANY 401(K) RETIREMENT PLAN,2E2G2J2K2O2S2T3F3H2F,139394.0,1553702239.0,2024-07-09
2023,0000012927,subsidiary,20240730141632NAL0013497747001,"INSITU, INC.",911641766,001,"INSITU, INC. 401(K) PLAN",2E2F2G2J2K2R2T3D3F3H,593.0,3339134.0,2024-07-30
2023,0000012927,subsidiary,20240819121903NAL0000811587001,BOEING DISTRIBUTION SERVICES INC.,471639172,001,BOEING DISTRIBUTION SERVICES INC. RETIREMENT PLAN,2E2F2G2J2K2T3D3H,1390.0,6121176.0,2024-08-19
2023,0000012927,subsidiary,20241014113628NAL0013212307001,"SPIRIT AEROSYSTEMS HOLDINGS, INC.",202436320,001,"SPIRIT AEROSYSTEMS HOLDINGS, INC. RETIREMENT & SAVINGS PLAN",2E2F2G2J3H2S2T2K,7736.0,23652992.0,2024-10-14
2024,0000012927,ein,20250725165111NAL0006865489001,THE BOEING CO. AND CONSOLIDATED SUBSIDIARIES,910425694,002,THE BOEING COMPANY 401(K) RETIREMENT PLAN,2E2G2J2K2O2S2T3F3H2F,143146.0,1418650874.0,2025-07-25
2024,0000012927,subsidiary,20251011050422NAL0008348801001,"SPIRIT AEROSYSTEMS HOLDINGS, INC.",202436320,001,"SPIRIT AEROSYSTEMS HOLDINGS, INC. RETIREMENT & SAVINGS PLAN",2E2F2G2J3H2S2T2K,7819.0,18037218.0,2025-10-11
2024,0000012927,subsidiary,20251111121545NAL0006389235001,"INSITU, INC.",911641766,001,"INSITU, INC. 401(K) PLAN",2E2F2G2J2K2R2T3D3F3H,527.0,2515230.0,2025-11-11
2022,0000014272,subsidiary,20230627155504NAL0004904353001,"BRISTOL-MYERS SQUIBB PUERTO RICO, INC.",660256665,002,"BRISTOL-MYERS SQUIBB PUERTO RICO, INC. SAVINGS AND INVESTMENT PROGRAM",2E2F2G2J2K3H,1649.0,8162332.0,2023-06-27
2022,0000014272,ein,20230627155509NAL0006405376001,BRISTOL-MYERS SQUIBB COMPANY,220790350,002,BRISTOL-MYERS SQUIBB SAVINGS AND INVESTMENT PROGRAM,2E2F2G2J2K2O3H,22254.0,170139102.0,2023-06-27
2022,0000014272,ein,20230627155511NAL0004904561001,BRISTOL-MYERS SQUIBB COMPANY,220790350,007,BRISTOL-MYERS SQUIBB COMPANY EMPLOYEE INCENTIVE THRIFT PLAN,2E2F2G2J2K2O3H,163.0,853878.0,2023-06-27
2022,0000014272,subsidiary,20231006141404NAL0015569011001,"2SEVENTY BIO, INC.",863658454,001,"2SEVENTY BIO, INC. 401(K) PLAN",2F2T2G2J2K2S2E3D,413.0,3179066.0,2023-10-06
2022,0000014272,subsidiary,20231010124456NAL0027691425001,"MIRATI THERAPEUTICS, INC.",462693615,001,"MIRATI THERAPEUTICS, INC. 401(K) PLAN",2F2G2J2K2T3D2E,587.0,5178137.0,2023-10-10
2023,0000014272,subsidiary,20240517111159NAL0052287952001,"MIRATI THERAPEUTICS, INC.",462693615,001,"MIRATI THERAPEUTICS, INC. 401(K) PLAN",2G2J2K2T2E3D2F,528.0,7457379.0,2024-05-17
2023,0000014272,subsidiary,20240731104008NAL0048249330001,"2SEVENTY BIO, INC.",863658454,001,"2SEVENTY BIO, INC. 401(K) PLAN",2F2T2G2J2K2S2E3D,276.0,3228878.0,2024-07-31
2023,0000014272,ein,20240823172503NAL0013694642001,BRISTOL-MYERS SQUIBB COMPANY,220790350,002,BRISTOL-MYERS SQUIBB SAVINGS AND INVESTMENT PROGRAM,2E2F2G2J2K2O3H,20346.0,289290354.0,2024-08-23
2023,0000014272,ein,20240823172506NAL0003797379001,BRISTOL-MYERS SQUIBB COMPANY,220790350,007,BRISTOL-MYERS SQUIBB COMPANY EMPLOYEE INCENTIVE THRIFT PLAN,2E2F2G2J2K2O3H,162.0,883651.0,2024-08-23
2023,0000014272,subsidiary,20240823172512NAL0003293235001,"BRISTOL-MYERS SQUIBB PUERTO RICO, INC.",660256665,002,"BRISTOL-MYERS SQUIBB PUERTO RICO, INC. SAVINGS AND INVESTMENT PROGRAM",2E2F2G2J2K3H,1326.0,8595308.0,2024-08-23
2023,0000014272,subsidiary,20241004071437NAL0019092512001,KARUNA THERAPEUTICS,270605902,001,KARUNA THERAPEUTICS 401(K) PLAN,2A2E2J2K2F2G3D,317.0,2874828.0,2024-10-04
2024,0000014272,subsidiary,20250625095117NAL0004546835001,"RAYZEBIO, INC.",844388509,001,RAYZEBIO 401(K) PLAN,2A2E2F2G2J2K2S2T3D,190.0,0.0,2025-06-25
2024,0000014272,ein,20250630122505NAL0016371424001,BRISTOL-MYERS SQUIBB COMPANY,220790350,007,BRISTOL-MYERS SQUIBB COMPANY EMPLOYEE INCENTIVE THRIFT PLAN,2E2F2G2J2K2O3H,167.0,932217.0,2025-06-30
2024,0000014272,ein,20250630122517NAL0006293059001,BRISTOL-MYERS SQUIBB COMPANY,220790350,002,BRISTOL-MYERS SQUIBB SAVINGS AND INVESTMENT PROGRAM,2E2F2G2J2K2O3H,20913.0,352723353.0,2025-06-30
2024,0000014272,subsidiary,20250708122502NAL0006367760001,"BRISTOL-MYERS SQUIBB PUERTO RICO, INC.",660256665,002,"BRISTOL-MYERS SQUIBB PUERTO RICO, INC. SAVINGS AND INVESTMENT PROGRAM",2E2F2G2J2K3H,1252.0,7122345.0,2025-07-08
2024,0000014272,subsidiary,20250718132405NAL0001803793001,"2SEVENTY BIO, INC.",863658454,001,"2SEVENTY BIO, INC. 401(K) PLAN",2F2T2G2J2K2S2E3D,69.0,1128954.0,2025-07-18
2022,0000014693,ein,20230914140912NAL0029676896001,BROWN-FORMAN CORPORATION,610143150,006,BROWN-FORMAN CORPORATION SAVINGS PLAN,2E2F2G2J2K2T2S,2362.0,12199670.0,2023-09-14
2022,0000014693,ein,20230914141634NAL0016505955001,BROWN-FORMAN CORPORATION,610143150,016,BROWN-FORMAN CORPORATION SAVINGS PLAN FOR COLLECTIVELY BARGAINED EMPLOYEES,2E2F2G2J2K2S2T,374.0,1196921.0,2023-09-14
2023,0000014693,ein,20240919092121NAL0005681697001,BROWN-FORMAN CORPORATION,610143150,006,BROWN-FORMAN CORPORATION SAVINGS PLAN,2E2F2G2J2K2T2S,2423.0,12755348.0,2024-09-19
2023,0000014693,ein,20240919093511NAL0005723457001,BROWN-FORMAN CORPORATION,610143150,016,BROWN-FORMAN CORPORATION SAVINGS PLAN FOR COLLECTIVELY BARGAINED EMPLOYEES,2E2F2G2J2K2S2T,345.0,1192863.0,2024-09-19
2024,0000014693,ein,20250929101535NAL0004966067001,BROWN-FORMAN CORPORATION,610143150,006,BROWN-FORMAN CORPORATION SAVINGS PLAN,2E2F2G2J2K2T2S,2054.0,12121788.0,2025-09-29
2024,0000014693,ein,20250929101946NAL0004967075001,BROWN-FORMAN CORPORATION,610143150,016,BROWN-FORMAN CORPORATION SAVINGS PLAN FOR COLLECTIVELY BARGAINED EMPLOYEE,2E2F2G2J2K2S2T,335.0,809896.0,2025-09-29
2022,0000016918,ein,20231003080707NAL0017773169001,"CONSTELLATION BRANDS, INC.",160716709,002,"CONSTELLATION BRANDS, INC. 401(K) AND PROFIT SHARING PLAN",2E2F2G2J2K2R2S2T3H,3888.0,23333666.0,2023-10-03
2022,0000016918,subsidiary,20231003080902NAL0024556256001,"CONSTELLATION BRANDS U.S. OPERATIONS, INC.",161462887,001,"CANANDAIGUA WINE COMPANY, INC. UNION 401(K) PLAN",2E2F2G2J2K2S2T3D,174.0,548309.0,2023-10-03
2023,0000016918,ein,20241014135009NAL0027466161001,"CONSTELLATION BRANDS, INC.",160716709,002,"CONSTELLATION BRANDS, INC. 401(K) AND PROFIT SHARING PLAN",2E2F2G2J2K2R2S2T3H,3762.0,24949285.0,2024-10-14
2023,0000016918,subsidiary,20241014135218NAL0013400451001,"CONSTELLATION BRANDS U.S. OPERATIONS, INC.",161462887,001,"CANANDAIGUA WINE COMPANY, INC. UNION 401(K) PLAN",2E2F2G2J2K2S2T3D,172.0,569035.0,2024-10-14
2024,0000016918,ein,20251014123413NAL0002910945001,"CONSTELLATION BRANDS, INC.",160716709,002,"CONSTELLATION BRANDS, INC. 401(K) AND PROFIT SHARING PLAN",2E2F2G2J2K2R2S2T3H,4111.0,27797560.0,2025-10-14
2024,0000016918,subsidiary,20251014123825NAL0005962642001,"CONSTELLATION BRANDS U.S. OPERATIONS, INC.",161462887,001,"CANANDAIGUA WINE COMPANY, INC. UNION 401(K) PLAN",2E2F2G2J2K2S2T3D,171.0,535057.0,2025-10-14
2022,0000018230,subsidiary,20230801012125NAL0023141296001,"ADVANCED FILTRATION SYSTEMS, INC",371201637,001,AFSI EMPLOYEE RETIREMENT PLAN,2E2F2G2J2K2R2T3D,201.0,761643.0,2023-08-01
2022,0000018230,subsidiary,20230814080950NAL0043902000001,PROGRESS RAIL LOCOMOTIVE INC.,201932740,002,CATERPILLAR RAIL DIVISION RETIREMENT SAVINGS PLAN FOR COLLECTIVELY BARGAINED EMPLOYEES,2F2G2J2K2O2R2T3F3H,57.0,74291.0,2023-08-14
2022,0000018230,subsidiary,20230814081342NAL0019149923001,SOLAR TURBINES INCORPORATED,953621514,013,SOLAR SAVINGS AND INVESTMENT PLAN,2F2G2J2K2O2R2S2T3F3H,1162.0,6195800.0,2023-08-14
2022,0000018230,ein,20230814081717NAL0019150403001,CATERPILLAR INC.,370602744,033,CATERPILLAR INC. TAX DEFERRED RETIREMENT PLAN,2F2G2J2K2O2R2S2T3F3H,7079.0,13940366.0,2023-08-14
2022,0000018230,ein,20230814082051NAL0019151075001,CATERPILLAR INC.,370602744,035,CATERPILLAR 401(K) SAVINGS PLAN,2A2F2G2J2K2O2R2S2T3F3H,41360.0,405069082.0,2023-08-14
2022,0000018230,ein,20230814082418NAL0019151763001,CATERPILLAR INC.,370602744,037,CATERPILLAR GLOBAL MINING LEGACY HOURLY EMPLOYEES' SAVINGS PLAN,2E2F2G2J2K2O2R2S2T3F3H,288.0,942596.0,2023-08-14
2022,0000018230,subsidiary,20231010101908NAL0027950337001,FLEXGEN POWER SYSTEMS,474542499,001,FLEXGEN 401(K) PLAN,2E2F2G2J2K2S2T3D,177.0,233223.0,2023-10-10
2022,0000018230,subsidiary,20231101120304NAL0015175697001,"HADADY, LLC",362785323,001,HADADY CORPORATION PROFIT SHARING & 401(K) SAVINGS PLAN,2S2E3D2G2J2K2F2T,105.0,42306.0,2023-11-01
2023,0000018230,ein,20240730192913NAL0021536769001,CATERPILLAR INC.,370602744,033,CATERPILLAR INC. TAX DEFERRED RETIREMENT PLAN,2A2F2G2J2K2O2R2S2T3F3H,7176.0,24251135.0,2024-07-30
2023,0000018230,ein,20240730193138NAL0013792691001,CATERPILLAR INC.,370602744,035,CATERPILLAR 401(K) SAVINGS PLAN,2A2F2G2J2K2O2R2S2T3F3H,43798.0,442923590.0,2024-07-30
2023,0000018230,ein,20240730193336NAL0013794499001,CATERPILLAR INC.,370602744,037,CATERPILLAR GLOBAL MINING LEGACY HOURLY EMPLOYEES' SAVINGS PLAN,2A2E2F2G2J2K2O2R2S2T3F3H,300.0,1485829.0,2024-07-30
2023,0000018230,subsidiary,20240730193538NAL0020845697001,SOLAR TURBINES INCORPORATED,953621514,013,SOLAR SAVINGS AND INVESTMENT PLAN,2F2G2J2K2O2R2S2T3F3H,1494.0,7630389.0,2024-07-30
2023,0000018230,subsidiary,20240730194114NAL0021561777001,PROGRESS RAIL LOCOMOTIVE INC.,201932740,002,CATERPILLAR RAIL DIVISION RETIREMENT SAVINGS PLAN FOR COLLECTIVELY BARGAINED EMPLOYEES,2F2G2J2K2O2R2T3F3H,55.0,88227.0,2024-07-30
2023,0000018230,subsidiary,20240923170505NAL0020956464001,"ADVANCED FILTRATION SYSTEMS, INC",371201637,001,AFSI EMPLOYEE RETIREMENT PLAN,2E2F2G2J2K2R2T3D,177.0,548796.0,2024-09-23
2023,0000018230,subsidiary,20240924110134NAL0022751104001,FLEXGEN POWER SYSTEMS,474542499,001,FLEXGEN 401(K) PLAN,2E2F2G2J2K2S2T3D,178.0,876195.0,2024-09-24
2023,0000018230,subsidiary,20241014131755NAL0026242753001,"HADADY, LLC",362785323,001,HADADY CORPORATION PROFIT SHARING & 401(K) SAVINGS PLAN,2E2F2G2J2K2S2T3D3F,94.0,44029.0,2024-10-14
2024,0000018230,subsidiary,20250729115622NAL0007366114001,PROGRESS RAIL LOCOMOTIVE INC.,201932740,002,CATERPILLAR RAIL DIVISION RETIREMENT SAVINGS PLAN FOR COLLECTIVELY BARGAINED EMPLOYEES,2F2G2J2K2O2R2T3F3H,55.0,95610.0,2025-07-29
2024,0000018230,subsidiary,20250729122552NAL0003832096001,SOLAR TURBINES INCORPORATED,953621514,013,SOLAR SAVINGS AND INVESTMENT PLAN,2F2G2J2K2O2R2S2T3F3H,1516.0,8507009.0,2025-07-29
2024,0000018230,ein,20250729123058NAL0001598867001,CATERPILLAR INC.,370602744,033,CATERPILLAR INC. TAX DEFERRED RETIREMENT PLAN,2A2F2G2J2K2O2R2S2T3F3H,6852.0,17451147.0,2025-07-29
2024,0000018230,ein,20250729123537NAL0001603043001,CATERPILLAR INC.,370602744,035,CATERPILLAR 401(K) SAVINGS PLAN,2A2F2G2J2K2O2R2S2T3F3H,44489.0,487040710.0,2025-07-29
2024,0000018230,ein,20250729123731NAL0001320787001,CATERPILLAR INC.,370602744,037,CATERPILLAR GLOBAL MINING LEGACY HOURLY EMPLOYEES' SAVINGS PLAN,2A2E2F2G2J2K2O2R2S2T3F3H,295.0,1209512.0,2025-07-29
2024,0000018230,subsidiary,20250904122654NAL0010034467001,"HADADY, LLC",362785323,001,HADADY LLC PROFIT SHARING & 401(K) SAVINGS PLAN,2E2F2G2J2K2S2T3D3F,98.0,39542.0,2025-09-04
2024,0000018230,subsidiary,20250924131105NAL0007586753001,"ADVANCED FILTRATION SYSTEMS, INC",371201637,001,AFSI EMPLOYEE RETIREMENT PLAN,2E2F2G2J2K2R2T3D,213.0,660552.0,2025-09-24
2024,0000018230,subsidiary,20251010092324NAL0007432849001,FLEXGEN POWER SYSTEMS,474542499,001,FLEXGEN 401(K) PLAN,2E2F2G2J2K2S2T3D,176.0,1028922.0,2025-10-10
2022,0000020286,ein,20230621123635NAL0000796384001,CINCINNATI FINANCIAL CORPORATION,310746871,002,CINCINNATI FINANCIAL CORPORATION TAX-QUALIFIED SAVINGS PLAN,2E2F2G2J2K2O2R2S2T3F3H,5113.0,24194871.0,2023-06-21
2023,0000020286,ein,20240618154936NAL0002457793001,CINCINNATI FINANCIAL CORPORATION,310746871,002,CINCINNATI FINANCIAL CORPORATION TAX-QUALIFIED SAVINGS PLAN,2E2F2G2J2K2O2R2S2T3F3H,5372.0,26334611.0,2024-06-18
2024,0000020286,ein,20250620104634NAL0002291347001,CINCINNATI FINANCIAL CORPORATION,310746871,002,CINCINNATI FINANCIAL CORPORATION TAX-QUALIFIED SAVINGS PLAN,2E2F2G2J2K2O2R2S2T3F3H,5564.0,28558484.0,2025-06-20
2022,0000021076,ein,20231011072439NAL0059182178001,THE CLOROX COMPANY,310595760,007,THE CLOROX COMPANY EE RETIREMENT INVESTMENT PLAN FOR PUERTO RICO,2E2F2G2J2K2S2T3C3H,86.0,442656.0,2023-10-11
2022,0000021076,ein,20231011072738NAL0018719699001,THE CLOROX COMPANY,310595760,001,THE CLOROX COMPANY 401(K) PLAN,2E2F2G2J2K2O2R2S2T3H,6451.0,53236091.0,2023-10-11
2023,0000021076,ein,20241011131647NAL0022813809001,THE CLOROX COMPANY,310595760,007,THE CLOROX COMPANY EE RETIREMENT INVESTMENT PLAN FOR PUERTO RICO,2E2F2G2J2K2S2T3C3H,68.0,425855.0,2024-10-11
2023,0000021076,ein,20241011132846NAL0021938961001,THE CLOROX COMPANY,310595760,001,THE CLOROX COMPANY 401(K) PLAN,2E2F2G2J2K2O2R2S2T3H,6123.0,60804119.0,2024-10-11
2024,0000021076,ein,20250725160215NAL0017629538001,THE CLOROX COMPANY,310595760,001,THE CLOROX COMPANY 401(K) PLAN,2E2F2G2J2K2O2R2S2T3H,5521.0,36820773.0,2025-07-25
2024,0000021076,ein,20250725160701NAL0003282387001,THE CLOROX COMPANY,310595760,007,THE CLOROX COMPANY EE RETIREMENT INVESTMENT PLAN FOR PUERTO RICO,2E2F2G2J2K2S2T3C3H,66.0,394389.0,2025-07-25
2022,0000021344,ein,20231009154546NAL0017070547001,THE COCA-COLA COMPANY,580628465,002,THE COCA-COLA COMPANY 401K PLAN,2E2F2G2J2K2O2S2T3F3H,7730.0,38213449.0,2023-10-09
2022,0000021344,subsidiary,20231010170316NAL0028742321001,"FAIRLIFE, LLC",800864026,001,FAIRLIFE 401(K) PLAN,2E2F2G2J2K2S2T3D,686.0,2011545.0,2023-10-10
2022,0000021344,subsidiary,20231016160121NAL0026101987001,"BA SPORTS NUTRITION, LLC",274278917,001,BODYARMOR 401(K) PLAN,2A2E2J2K2F2G2R3D,365.0,643544.0,2023-10-16
2023,0000021344,ein,20240807163057NAL0006579408002,THE COCA-COLA COMPANY,580628465,002,THE COCA-COLA COMPANY 401K PLAN,2E2F2G2J2K2O2S2T3F3H,7547.0,39338554.0,2024-08-07
2023,0000021344,subsidiary,20241010083007NAL0035267248001,"FAIRLIFE, LLC",800864026,001,FAIRLIFE 401(K) PLAN,2E2F2G2J2K2S2T3D,814.0,2506492.0,2024-10-10
2024,0000021344,subsidiary,20251007100800NAL0002368435001,"FAIRLIFE, LLC",800864026,001,FAIRLIFE 401(K) PLAN,2E2F2G2J2K2S2T3D3H,903.0,3265208.0,2025-10-07
2024,0000021344,ein,20251014132131NAL0001410739001,THE COCA-COLA COMPANY,580628465,002,THE COCA-COLA COMPANY 401K PLAN,2E2F2G2J2K2O2S2T3F3H,7812.0,43289972.0,2025-10-14
2022,0000021665,subsidiary,20231012115946NAL0020289123001,COLGATE-PALMOLIVE COMPANY DISTR. LLC,660388332,001,COLGATE-PALMOLIVE PUERTO RICO SAVINGS AND INVESTMENT PLAN,2A2E2F2G2J2K2T3C3H,36.0,330853.0,2023-10-12
2022,0000021665,ein,20231012120022NAL0021220419001,COLGATE-PALMOLIVE COMPANY,131815595,003,COLGATE-PALMOLIVE COMPANY EMPLOYEES SAVINGS & INVESTMENT PLAN,2A2E2F2H2I2J2K2P2S2T3H,4873.0,50241160.0,2023-10-12
2022,0000021665,subsidiary,20231013174804NAL0045454624001,"CP SKIN HEALTH GROUP, INC.",752265066,001,"PHYSICIANS CARE ALLIANCE, LLC 401(K) PLAN",2A2E3D2G2J2K2F2T,207.0,630789.0,2023-10-13
2023,0000021665,subsidiary,20241015064349NAL0015916403001,COLGATE-PALMOLIVE COMPANY DISTR. LLC,660388332,001,COLGATE-PALMOLIVE PUERTO RICO SAVINGS AND INVESTMENT PLAN,2A2E2F2G2J2K2T3C3H,41.0,326339.0,2024-10-15
2023,0000021665,ein,20241015115202NAL0047675328001,COLGATE-PALMOLIVE COMPANY,131815595,003,COLGATE-PALMOLIVE COMPANY EMPLOYEES SAVINGS & INVESTMENT PLAN,2A2E2F2H2I2J2K2P2S2T3H,5766.0,56539258.0,2024-10-15
2024,0000021665,subsidiary,20251010145258NAL0004725331001,COLGATE-PALMOLIVE COMPANY DISTR. LLC,660388332,001,COLGATE-PALMOLIVE PUERTO RICO SAVINGS AND INVESTMENT PLAN,2A2E2F2G2J2K2T3C3H,42.0,337532.0,2025-10-10
2024,0000021665,ein,20251010145338NAL0004725843001,COLGATE-PALMOLIVE COMPANY,131815595,003,COLGATE-PALMOLIVE COMPANY EMPLOYEES SAVINGS & INVESTMENT PLAN,2A2E2F2H2I2J2K2P2S2T3H,6041.0,70690314.0,2025-10-10
2022,0000024545,subsidiary,20231002142425NAL0011558931004,MOLSON COORS BEVERAGE COMPANY USA LLC,262387410,049,MOLSON COORS CONSOLIDATED RETIREMENT AND THRIFT SAVINGS PLAN,2E2F2G2J2K3H,1960.0,10870666.0,2023-10-02
2023,0000024545,subsidiary,20240806150416NAL0001453139002,MOLSON COORS BEVERAGE COMPANY USA LLC,262387410,049,MOLSON COORS CONSOLIDATED RETIREMENT AND THRIFT SAVINGS PLAN,2E2F2G2J2K3H,1943.0,11564713.0,2024-08-06
2024,0000024545,subsidiary,20250919105709NAL0002408705001,MOLSON COORS BEVERAGE COMPANY USA LLC,262387410,049,MOLSON COORS CONSOLIDATED RETIREMENT AND THRIFT SAVINGS PLAN,2E2F2G2J2K2S2T3H,1873.0,10838311.0,2025-09-19
2022,0000024741,subsidiary,20230726111010NAL0014337568001,"EUROKERA NORTH AMERICA, INC.",571011612,001,"EUROKERA NORTH AMERICA, INC. 401(K) PLAN",2E2G2J2K3D2R,111.0,222239.0,2023-07-26
2022,0000024741,subsidiary,20230829125141NAL0005121217001,US CONEC LTD.,561775843,002,US CONEC INVESTMENT PLAN,2E2F2G2J2K2T3D2S,335.0,691130.0,2023-08-29
2022,0000024741,ein,20231013140146NAL0067726834001,CORNING INCORPORATED,160393470,002,CORNING INCORPORATED INVESTMENT PLAN,2J2K2S2G2T2E2F,13574.0,54206297.0,2023-10-13
2022,0000024741,ein,20231013141005NAL0022891651001,CORNING INCORPORATED,160393470,006,CORNING INV PLAN UNIONIZED EMPLOYEES,2J2K2S2G2T2E2F,3805.0,9055959.0,2023-10-13
2023,0000024741,ein,20240726101200NAL0015268545001,CORNING INCORPORATED,160393470,002,CORNING INCORPORATED INVESTMENT PLAN,2J2K2S2G2T2E2F2O,11946.0,51260075.0,2024-07-26
2023,0000024741,ein,20240726101549NAL0010093411001,CORNING INCORPORATED,160393470,006,CORNING INCORPORATED INVESTMENT PLAN FOR UNIONIZED EMPLOYEES,2J2K2S2G2T2E2F2O,3457.0,8133007.0,2024-07-26
2023,0000024741,subsidiary,20240730090132NAL0044826194001,"EUROKERA NORTH AMERICA, INC.",571011612,001,"EUROKERA NORTH AMERICA, INC. 401(K) PLAN",2E2G2J2K3D2R,98.0,216124.0,2024-07-30
2023,0000024741,subsidiary,20240731124644NAL0022232609001,US CONEC LTD.,561775843,002,US CONEC INVESTMENT PLAN,2E2F2G2J2K2T3D2S3H,307.0,1025797.0,2024-07-31
2024,0000024741,ein,20250711111703NAL0017239346001,CORNING INCORPORATED,160393470,002,CORNING INCORPORATED INVESTMENT PLAN,2E2F2G2J2K2S2T2O3H,11726.0,48161757.0,2025-07-11
2024,0000024741,ein,20250711112032NAL0017247138001,CORNING INCORPORATED,160393470,006,CORNING INCORPORATED INVESTMENT PLAN FOR UNIONIZED EMPLOYEES,2E2F2G2J2K2O2S2T3H,3194.0,7893147.0,2025-07-11
2024,0000024741,subsidiary,20250812085440NAL0007099907001,US CONEC LTD.,561775843,002,US CONEC INVESTMENT PLAN,2E2F2G2J2K2T3D2S3H,364.0,1315435.0,2025-08-12
2024,0000024741,subsidiary,20251006104510NAL0006270000001,"EUROKERA NORTH AMERICA, INC.",571011612,001,"EUROKERA NORTH AMERICA, INC. 401(K) PLAN",2E2G2J2K3D2R,93.0,217539.0,2025-10-06
2022,0000026172,ein,20230808065510NAL0026356897001,CUMMINS INC.,350257090,030,CUMMINS RETIREMENT AND SAVINGS PLAN FOR CERTAIN COLLECTIVELY BARGAINED EMPLOYEES,2E2F2G2J2K2O2S2T3F3H,441.0,281573.0,2023-08-08
2022,0000026172,ein,20230808065535NAL0014752163001,CUMMINS INC.,350257090,020,CUMMINS RETIREMENT AND SAVINGS PLAN,2E2F2G2J2K2O2S2T3F3H,21452.0,86735435.0,2023-08-08
2022,0000026172,subsidiary,20231011094056NAL0039630976001,"MERITOR, INC.",383354643,333,"MERITOR, INC. SAVINGS PLAN",2A2E2F2G2J2K2S2T3H,4265.0,21425336.0,2023-10-11
2023,0000026172,ein,20240920062553NAL0007109489001,CUMMINS INC.,350257090,020,CUMMINS RETIREMENT AND SAVINGS PLAN,2E2F2G2J2K2O2S2T3F3H,29216.0,92685153.0,2024-09-20
2023,0000026172,ein,20240920062607NAL0009904176001,CUMMINS INC.,350257090,030,CUMMINS RETIREMENT AND SAVINGS PLAN FOR CERTAIN COLLECTIVELY BARGAINED EMPLOYEES,2E2F2G2J2K2O2S2T3F3H,676.0,233715.0,2024-09-20
2024,0000026172,ein,20250720182743NAL0000293059001,CUMMINS INC.,350257090,020,CUMMINS RETIREMENT AND SAVINGS PLAN,2E2F2G2J2K2O2S2T3F3H,28337.0,110336894.0,2025-07-20
2024,0000026172,ein,20250720182945NAL0001667314001,CUMMINS INC.,350257090,030,CUMMINS RETIREMENT AND SAVINGS PLAN FOR CERTAIN COLLECTIVELY BARGAINED EMPLOYEES,2E2F2G2J2K2O2S2T3F3H,560.0,832571.0,2025-07-20
2022,0000027419,ein,20231006091125NAL0014365907001,TARGET CORPORATION,410215170,002,TARGET CORPORATION 401(K) PLAN,2E2F2G2I2J2K2O2T3F3H,427640.0,346365685.0,2023-10-06
2023,0000027419,ein,20241008100150NAL0017380305001,TARGET CORPORATION,410215170,002,TARGET CORPORATION 401(K) PLAN,2E2F2G2I2J2K2O2T3F3H,402673.0,356492610.0,2024-10-08
2024,0000027419,ein,20251002093904NAL0000210707001,TARGET CORPORATION,410215170,002,TARGET CORPORATION 401(K) PLAN,2E2F2G2I2J2K2O2T3F3H,427999.0,382473638.0,2025-10-02
2024,0000027419,name,20251015074445NAL0001993539001,"TARGET HOLDINGS, INC.",475664919,001,"TARGET HOLDINGS, INC. EMPLOYEE STOCK OWNERSHIP PLAN",2E2P3H3I,155.0,903243.0,2025-10-15
2022,0000027904,subsidiary,20231003125836NAL0018117393001,"MONROE ENERGY, LLC",455201144,001,MONROE ENERGY RETIREMENT PLAN,2E2F2G2J2K2S2T3B3H3D2R,509.0,6122431.0,2023-10-03
2022,0000027904,ein,20231016135315NAL0025736963001,"DELTA AIR LINES, INC.",580218548,004,DELTA 401(K) RETIREMENT PLAN,2E2F2G2J2K2R2S2T3F3H,83136.0,456074006.0,2023-10-16
2022,0000027904,ein,20231016135412NAL0051182240001,"DELTA AIR LINES, INC.",580218548,014,DELTA 401(K) RETIREMENT PLAN FOR PILOTS,2E2F2G2J2K2R2S2T3F3H,13283.0,459128470.0,2023-10-16
2022,0000027904,ein,20231016135533NAL0038536737001,"DELTA AIR LINES, INC.",580218548,021,DELTA 401(K) RETIREMENT PLAN FOR SEASONAL EMPLOYEES,2E2F2G2J2K2R2S2T3F3H,1568.0,1281414.0,2023-10-16
2022,0000027904,ein,20231016135730NAL0051195760001,"DELTA AIR LINES, INC.",580218548,020,DELTA 401(K) RETIREMENT PLAN FOR SUBSIDIARIES,2E2F2G2J2K2R2T3H,841.0,2587230.0,2023-10-16
2022,0000027904,subsidiary,20231016162739NAL0077095922001,"ENDEAVOR AIR, INC.",581605378,001,ENDEAVOR AIR SAVINGS PLAN,2E2F2G2J2K2R2S2T3D3H,3431.0,6888152.0,2023-10-16
2022,0000027904,subsidiary,20231016165526NAL0077245442001,"ENDEAVOR AIR, INC.",581605378,002,ENDEAVOR AIR PILOT SAVINGS PLAN,2E2F2G2J2K2R2S2T3D3H,1738.0,9522663.0,2023-10-16
2023,0000027904,subsidiary,20240821101348NAL0007831122001,"MONROE ENERGY, LLC",455201144,001,MONROE ENERGY RETIREMENT PLAN,2E2F2G2J2K2S2T3B3H3D2R,508.0,6920059.0,2024-08-21
2023,0000027904,subsidiary,20240923105611NAL0015308288001,"ENDEAVOR AIR, INC.",581605378,002,ENDEAVOR AIR PILOT SAVINGS PLAN,2E2F2G2J2K2R2S2T3D3H,1533.0,9667850.0,2024-09-23
2023,0000027904,subsidiary,20240925095722NAL0019539072001,"ENDEAVOR AIR, INC.",581605378,001,ENDEAVOR AIR SAVINGS PLAN,2E2F2G2J2K2R2S2T3D3H,3115.0,7404545.0,2024-09-25
2023,0000027904,ein,20241009130830NAL0019236785001,"DELTA AIR LINES, INC.",580218548,004,DELTA 401(K) RETIREMENT PLAN,2E2F2G2J2K2R2S2T3F3H,89836.0,547169408.0,2024-10-09
2023,0000027904,ein,20241009130922NAL0032714528001,"DELTA AIR LINES, INC.",580218548,014,DELTA 401(K) RETIREMENT PLAN FOR PILOTS,2E2F2G2J2K2R2S2T3F3H,14473.0,608678365.0,2024-10-09
2023,0000027904,ein,20241009131005NAL0009229475001,"DELTA AIR LINES, INC.",580218548,021,DELTA 401(K) RETIREMENT PLAN FOR SEASONAL EMPLOYEES,2E2F2G2J2K2R2S2T3F3H,2154.0,1089224.0,2024-10-09
2023,0000027904,ein,20241009131045NAL0031270144001,"DELTA AIR LINES, INC.",580218548,020,DELTA 401(K) RETIREMENT PLAN FOR SUBSIDIARIES,2E2F2G2J2K2R2T3H,1031.0,3667424.0,2024-10-09
2023,0000027904,ein,20241009131229NAL0010635123001,"DELTA AIR LINES, INC.",580218548,030,THE DELTA 401(K) RETIREMENT PLAN - PUERTO RICO,2E2F2G2J2K2T3C3F3H,125.0,546423.0,2024-10-09
2024,0000027904,subsidiary,20250923090754NAL0006621648001,"MONROE ENERGY, LLC",455201144,001,MONROE ENERGY RETIREMENT PLAN,2E2F2G2J2K2S2T3B3H3D2R,531.0,7268225.0,2025-09-23
2024,0000027904,subsidiary,20251008134617NAL0009884384001,"ENDEAVOR AIR, INC.",581605378,002,ENDEAVOR AIR PILOT SAVINGS PLAN,2E2F2G2J2K2R2S2T3D3H,1556.0,9655316.0,2025-10-08
2024,0000027904,subsidiary,20251008134700NAL0003053603001,"ENDEAVOR AIR, INC.",581605378,001,ENDEAVOR AIR SAVINGS PLAN,2E2F2G2J2K2R2S2T3D3H,3209.0,8139739.0,2025-10-08
2024,0000027904,ein,20251014143425NAL0004243664001,"DELTA AIR LINES, INC.",580218548,004,DELTA 401(K) RETIREMENT PLAN,2E2F2G2J2K2R2S2T3F3H,89993.0,605694243.0,2025-10-14
2024,0000027904,ein,20251014143617NAL0003173265001,"DELTA AIR LINES, INC.",580218548,014,DELTA 401(K) RETIREMENT PLAN FOR PILOTS,2E2F2G2J2K2R2S2T3F3H,14981.0,737206700.0,2025-10-14
2024,0000027904,ein,20251014143709NAL0003037585001,"DELTA AIR LINES, INC.",580218548,021,DELTA 401(K) RETIREMENT PLAN FOR SEASONAL EMPLOYEES,2E2F2G2J2K2R2S2T3F3H,2004.0,927256.0,2025-10-14
2024,0000027904,ein,20251014143803NAL0001517155001,"DELTA AIR LINES, INC.",580218548,020,DELTA 401(K) RETIREMENT PLAN FOR SUBSIDIARIES,2E2F2G2J2K2R2T3H,1080.0,4109225.0,2025-10-14
2024,0000027904,ein,20251014143928NAL0003179441001,"DELTA AIR LINES, INC.",580218548,030,THE DELTA 401(K) RETIREMENT PLAN - PUERTO RICO,2E2F2G2J2K2T3C3F3H,144.0,639736.0,2025-10-14
2022,0000029534,ein,20230928103619NAL0024503762001,DOLLAR GENERAL CORPORATION,610502302,002,DOLLAR GENERAL CORP 401(K) SAVINGS AND RETIREMENT PLAN,2E2F2G2J2K2T3H,199599.0,35222803.0,2023-09-28
2023,0000029534,ein,20240927101116NAL0000968035001,DOLLAR GENERAL CORPORATION,610502302,002,DOLLAR GENERAL CORP 401(K) SAVINGS AND RETIREMENT PLAN,2E2F2G2J2K2T3H,217948.0,35812747.0,2024-09-27
2024,0000029534,ein,20251014134042NAL0004109328001,DOLLAR GENERAL CORPORATION,610502302,002,DOLLAR GENERAL CORP 401(K) SAVINGS AND RETIREMENT PLAN,2E2F2G2J2K2T3H,194837.0,37935922.0,2025-10-14
2022,0000029905,subsidiary,20230803230406NAL0012227795001,MARSHALL EXCELSIOR COMPANY,382155581,001,MARSHALL EXCELSIOR COMPANY 401(K) PLAN,2E2F2G2J2K2S2T3D3H,239.0,324761.0,2023-08-04
2022,0000029905,ein,20231015100437NAL0048670816001,DOVER CORPORATION,530257888,030,DOVER CORPORATION RETIREMENT SAVINGS PLAN,2E2F2G2I2J2K2O2S2T3H3I,13212.0,42181464.0,2023-10-15
2023,0000029905,subsidiary,20240724051743NAL0007924947001,MARSHALL EXCELSIOR COMPANY,382155581,001,MARSHALL EXCELSIOR COMPANY 401(K) PLAN,2E2F2G2J2K2S2T3D3H,165.0,372151.0,2024-07-24
2023,0000029905,ein,20241007130028NAL0015194849001,DOVER CORPORATION,530257888,030,DOVER CORPORATION RETIREMENT SAVINGS PLAN,2E2F2G2I2J2K2O2S2T3H3I,12744.0,45478178.0,2024-10-07
2024,0000029905,ein,20250917123504NAL0000359441001,DOVER CORPORATION,530257888,030,DOVER CORPORATION RETIREMENT SAVINGS PLAN,2E2F2G2I2J2K2O2S2T3H3I,11251.0,48530492.0,2025-09-17
2024,0000029905,subsidiary,20250925050833NAL0008837520001,MARSHALL EXCELSIOR COMPANY,382155581,001,MARSHALL EXCELSIOR COMPANY 401(K) PLAN,2E2F2G2J2K2S2T3D3H,143.0,398778.0,2025-09-25
2022,0000029989,ein,20230929135651NAL0013927233001,OMNICOM GROUP INC.,131514814,004,OMNICOM GROUP RETIREMENT SAVINGS PLAN,2E2F2G2J2K2O2T3H,27549.0,48674146.0,2023-09-29
2023,0000029989,ein,20240909125849NAL0002372595001,OMNICOM GROUP INC.,131514814,004,OMNICOM GROUP RETIREMENT SAVINGS PLAN,2E2F2G2J2K2O2T3H,25936.0,51909733.0,2024-09-09
2024,0000029989,ein,20250917124745NAL0000550592001,OMNICOM GROUP INC.,131514814,004,OMNICOM GROUP RETIREMENT SAVINGS PLAN,2E2F2G2J2K2O2T3H,24911.0,4075424.0,2025-09-17
2022,0000031462,subsidiary,20231004101102NAL0040241058001,"BARCLAY WATER MANAGEMENT, INC.",042558176,001,"BARCLAY WATER MANAGEMENT, INC. 401(K) PLAN",2E2F2G2J2K2S2T3B3D,163.0,0.0,2023-10-04
2022,0000031462,ein,20231011094829NAL0018850451001,ECOLAB INC.,410231510,003,ECOLAB SAVINGS PLAN AND ESOP,2E2F2G2I2J2K2O2T3F3H,18246.0,82275034.0,2023-10-11
2022,0000031462,ein,20231012153659NAL0042378320001,ECOLAB INC.,410231510,005,ECOLAB PUERTO RICO SAVINGS PLAN,2E2F2G2J2K2T3C3H,111.0,299165.0,2023-10-12
2022,0000031462,subsidiary,20231016135402NAL0076223586001,PUROLITE LLC,871088122,001,PUROLITE 401(K) PLAN,2E2F2G2J2K2S2T3D3H,177.0,329727.0,2023-10-16
2022,0000031462,subsidiary,20240715064735NAL0000653507001,"BARCLAY WATER TREATMENT CO., INC.",042772059,002,"BARCLAY WATER TREATMENT CO., INC. EMPLOYEE STOCK OWNERSHIP PLAN",2I2P2Q3H3I,192.0,2016619.0,2024-07-15
2023,0000031462,ein,20240725075634NAL0008056835001,ECOLAB INC.,410231510,005,ECOLAB PUERTO RICO SAVINGS PLAN,2E2F2G2J2K2T3C3H,118.0,307494.0,2024-07-25
2023,0000031462,subsidiary,20240918083547NAL0004046481001,"BARCLAY WATER MANAGEMENT, INC.",042558176,001,"BARCLAY WATER MANAGEMENT, INC. 401(K) PLAN",2E2F2G2J2K2S2T3B3D,193.0,0.0,2024-09-18
2023,0000031462,ein,20241010155154NAL0036341872001,ECOLAB INC.,410231510,003,ECOLAB SAVINGS PLAN AND ESOP,2E2F2G2I2J2K2O2T3F3H,19691.0,83438474.0,2024-10-10
2023,0000031462,subsidiary,20250815115733NAL0005867123001,"BARCLAY WATER TREATMENT CO., INC.",042772059,002,"BARCLAY WATER TREATMENT CO., INC. EMPLOYEE STOCK OWNERSHIP PLAN",2F2I2P2Q3H3I,210.0,1475727.0,2025-08-15
2024,0000031462,ein,20251014150106NAL0001547955001,ECOLAB INC.,410231510,003,ECOLAB SAVINGS PLAN AND ESOP,2E2F2G2I2J2K2O2T3F3H,19704.0,91621823.0,2025-10-14
2024,0000031462,ein,20251014154347NAL0001635187001,ECOLAB INC.,410231510,005,ECOLAB PUERTO RICO SAVINGS PLAN,2E2F2G2J2K2T3C3H,121.0,335178.0,2025-10-14
2024,0000031462,subsidiary,20251015114523NAL0009039826001,"BARCLAY WATER MANAGEMENT, INC.",042558176,001,"BARCLAY WATER MANAGEMENT, INC. 401(K) PLAN",2E2F2G2J2K2S2T3B3D,192.0,0.0,2025-10-15
2022,0000032604,subsidiary,20231010162143NAL0018245667001,"BRISTOL GROUP, INC.",311491447,001,"BRISTOL GROUP, INC. 401(K) PLAN",2F2G2J2T3D,139.0,269384.0,2023-10-10
2022,0000032604,subsidiary,20231011092015NAL0019768419001,NATIONAL INSTRUMENTS CORPORATION,741871327,001,NATIONAL INSTRUMENTS 401(K) PLAN,2F2G2J2K2R2S2T3D,2172.0,9813263.0,2023-10-11
2022,0000032604,subsidiary,20231013211930NAL0035030049001,ASPENTECH CORPORATION,042739697,001,ASPENTECH 401(K) SAVINGS PLAN,2E2F2G2J2K2T3D,998.0,3507221.0,2023-10-13
2022,0000032604,ein,20240712102535NAL0028146224001,EMERSON ELECTRIC COMPANY,430259330,114,PROFIT SHARING RETIREMENT PLAN FOR DIVISIONS AND SUBSIDIARIES OF EMERSON ELECTRIC CO.,2E2F2G2T3H,3940.0,25522676.0,2024-07-12
2022,0000032604,ein,20240712102843NAL0011181827001,EMERSON ELECTRIC COMPANY,430259330,101,EMERSON ELECTRIC CO. RETIREMENT SAVINGS PLAN,2E2F2H2J2K2S2T3H,4696.0,10027405.0,2024-07-12
2022,0000032604,ein,20240712103110NAL0017454065001,EMERSON ELECTRIC COMPANY,430259330,016,EMERSON ELECTRIC COMPANY EMPLOYEE SAVINGS INVESTMENT PLAN,2E2F2H2J2K2S2T3H,10316.0,43979455.0,2024-07-12
2023,0000032604,subsidiary,20241002132943NAL0004038899001,"BRISTOL GROUP, INC.",311491447,001,"BRISTOL GROUP, INC. 401(K) PLAN",2F2G2J2T3D,125.0,215564.0,2024-10-02
2023,0000032604,subsidiary,20241014140349NAL0013416723003,NATIONAL INSTRUMENTS CORPORATION,741871327,001,NATIONAL INSTRUMENTS 401(K) PLAN,2F2G2J2K2R2S2T3D,1667.0,9941457.0,2024-10-14
2023,0000032604,subsidiary,20241015093316NAL0055379970001,ASPENTECH CORPORATION,042739697,001,ASPENTECH 401(K) SAVINGS PLAN,3H2E2F2G2J2K2T3D,1859.0,6419933.0,2024-10-15
2023,0000032604,ein,20250715084608NAL0001892833001,EMERSON ELECTRIC COMPANY,430259330,114,PROFIT SHARING RETIREMENT PLAN FOR DIVISIONS AND SUBSIDIARIES OF EMERSON ELECTRIC CO.,2E2F2G2T3H,3819.0,27380075.0,2025-07-15
2023,0000032604,ein,20250715084821NAL0001449187001,EMERSON ELECTRIC COMPANY,430259330,101,EMERSON ELECTRIC CO. RETIREMENT SAVINGS PLAN,2E2F2H2J2K2S2T3H,4055.0,7567383.0,2025-07-15
2023,0000032604,ein,20250715085134NAL0001849889001,EMERSON ELECTRIC COMPANY,430259330,016,EMERSON ELECTRIC COMPANY EMPLOYEE SAVINGS INVESTMENT PLAN,2E2F2H2J2K2S2T3H,8315.0,37802501.0,2025-07-15
2024,0000032604,subsidiary,20251014185916NAL0007188274001,ASPENTECH CORPORATION,042739697,001,ASPENTECH 401(K) SAVINGS PLAN,3H2E2F2G2J2K2T3D,1759.0,6026582.0,2025-10-14
2024,0000032604,ein,20260713094252NAL0007797202001,EMERSON ELECTRIC COMPANY,430259330,016,EMERSON SAVINGS PLAN,2E2F2H2J2K2S2T3H,14639.0,52385780.0,2026-07-13
2024,0000032604,ein,20260713094822NAL0000005186001,EMERSON ELECTRIC COMPANY,430259330,101,EMERSON ELECTRIC CO. RETIREMENT SAVINGS PLAN,2E2F2H2J2K2S2T3H,436.0,2493211.0,2026-07-13
2022,0000033185,ein,20231016153804NAL0025276675001,EQUIFAX INC.,580401110,003,EQUIFAX INC. 401K PLAN,2E2F2G2J2K3F3H,7486.0,37589817.0,2023-10-16
2023,0000033185,ein,20250303142012NAL0011300594001,EQUIFAX INC.,580401110,003,EQUIFAX INC. 401K PLAN,2E2F2G2J2K3F3H,6793.0,37316537.0,2025-03-03
2024,0000033185,ein,20251015211022NAL0002892323001,"EQUIFAX, INC",580401110,003,EQUIFAX INC. 401K PLAN,2E2F2G2J2K3F3H,6424.0,37272888.0,2025-10-15
2022,0000033213,ein,20230623155549NAL0000682817001,EQT CORPORATION,250464690,202,EQT CORPORATION EMPLOYEE SAVINGS PLAN,2E2F2G2J2K2O2S2T3H,742.0,7761843.0,2023-06-23
2023,0000033213,ein,20240702155258NAL0003682115001,EQT CORPORATION,250464690,202,EQT CORPORATION EMPLOYEE SAVINGS PLAN,2E2F2G2J2K2O2S2T3H,882.0,8982773.0,2024-07-02
2024,0000033213,ein,20250624135217NAL0007310465001,EQT CORPORATION,250464690,202,EQT CORPORATION EMPLOYEE SAVINGS PLAN,2E2F2G2J2K2O2S2T3H,1501.0,14467691.0,2025-06-24
2022,0000034903,ein,20231016142102NAL0051277120001,FEDERAL REALTY OP LP,520782497,001,FEDERAL REALTY INVESTMENT TRUST SAVINGS AND RETIREMENT 401(K) PLAN,2E2F2G2J2K2S2T,313.0,891907.0,2023-10-16
2023,0000034903,ein,20241015100654NAL0028014865001,FEDERAL REALTY OP LP,520782497,001,FEDERAL REALTY INVESTMENT TRUST SAVINGS AND RETIREMENT 401(K) PLAN,2E2F2G2J2K2S2T,305.0,976549.0,2024-10-15
2024,0000034903,ein,20251014154738NAL0006664914001,FEDERAL REALTY OP LP,520782497,001,FEDERAL REALTY INVESTMENT TRUST SAVINGS AND RETIREMENT 401(K) PLAN,2E2F2G2J2K2S2T,327.0,932358.0,2025-10-14
2022,0000035527,ein,20231016132201NAL0024889011001,FIFTH THIRD BANCORP,310854434,001,FIFTH THIRD BANCORP 401(K) SAVINGS PLAN,2E2F2G2J2K2R2T3H,19559.0,110276118.0,2023-10-16
2023,0000035527,ein,20241010152346NAL0021338193001,FIFTH THIRD BANCORP,310854434,001,FIFTH THIRD BANCORP 401(K) SAVINGS PLAN,2E2F2G2J2K2R2T3H,19005.0,113074199.0,2024-10-10
2024,0000035527,ein,20251010111855NAL0012423024001,FIFTH THIRD BANCORP,310854434,001,FIFTH THIRD BANCORP 401(K) SAVINGS PLAN,2E2F2G2J2K2R2T3H,18855.0,113929251.0,2025-10-10
2022,0000036104,ein,20231008122633NAL0051318802001,U.S. BANCORP,410255900,004,U.S. BANK 401(K) SAVINGS PLAN,2E2F2J2K2O2S2T3H,68145.0,214104879.0,2023-10-08
2023,0000036104,ein,20241015084808NAL0047083808001,U.S. BANCORP,410255900,004,U.S. BANK 401(K) SAVINGS PLAN,2E2F2J2K2O2S2T3H,72919.0,252582634.0,2024-10-15
2024,0000036104,ein,20251014102030NAL0002608113001,U.S. BANCORP,410255900,004,U.S. BANK 401(K) SAVINGS PLAN,2E2F2J2K2O2S2T3H,67658.0,254567828.0,2025-10-14
2022,0000036270,ein,20230825122917NAL0001710066001,M&T BANK CORPORATION,160968385,001,"EMPLOYEE STOCK OWNERSHIP PLAN OF PEOPLE'S UNITED FINANCIAL, INC.",2F2H2P2T3H3I2E,3287.0,954306.0,2023-08-25
2023,0000036270,ein,20240715123848NAL0000837395001,M&T BANK CORPORATION,160968385,001,"EMPLOYEE STOCK OWNERSHIP PLAN OF PEOPLE'S UNITED FINANCIAL, INC.",2E2F2H2P2T3H3I,1.0,0.0,2024-07-15
2022,0000037996,ein,20231013095102NAL0066751634001,FORD MOTOR COMPANY,380549190,010,FORD MOTOR CO. SAVINGS AND STOCK INVESTMENT PLAN FOR SALARIED EMPLOYEES,2E2F2G2J2K2O2S2T3F3H3J,30282.0,263139449.0,2023-10-13
2022,0000037996,ein,20231013095956NAL0021564547001,FORD MOTOR COMPANY,380549190,025,FORD MOTOR CO. TAX-EFFICIENT SAVINGS PLAN FOR HOURLY EMPLOYEES,2E2F2G2J2O2S2T3H3F,59247.0,129970680.0,2023-10-13
2023,0000037996,ein,20241010093042NAL0020758769001,FORD MOTOR COMPANY,380549190,010,FORD MOTOR CO. SAVINGS AND STOCK INVESTMENT PLAN FOR SALARIED EMPLOYEES,2E2F2G2J2K2O2S2T3F3H3J,31840.0,273538421.0,2024-10-10
2023,0000037996,ein,20241010131744NAL0040820018001,FORD MOTOR COMPANY,380549190,025,FORD MOTOR CO. TAX-EFFICIENT SAVINGS PLAN FOR HOURLY EMPLOYEES,2E2F2G2J2O2S2T3H3F,60979.0,165349032.0,2024-10-10
2024,0000037996,ein,20251009165049NAL0016131874001,FORD MOTOR COMPANY,380549190,010,FORD MOTOR CO. SAVINGS AND STOCK INVESTMENT PLAN FOR SALARIED EMPLOYEES,2E2F2G2J2K2O2S2T3F3H3J,34102.0,312161150.0,2025-10-09
2024,0000037996,ein,20251009165518NAL0007339409001,FORD MOTOR COMPANY,380549190,025,FORD MOTOR CO. TAX-EFFICIENT SAVINGS PLAN FOR HOURLY EMPLOYEES,2E2F2G2J2O2S2T3H3F,59199.0,280301246.0,2025-10-09
2022,0000038777,subsidiary,20230622151019NAL0001470995001,FRANKLIN CORPORATION,640478766,002,FRANKLIN CORPORATION 401(K) PLAN,2G2J2K2T3H2F3D,694.0,57452.0,2023-06-22
2022,0000038777,subsidiary,20230712111000NAL0043922002001,"WESTERN ASSET MANAGEMENT COMPANY, LLC",952705767,005,THE WESTERN ASSET MANAGEMENT 401(K) PLAN,2E2F2G2J2K2S2T3H2R,558.0,9846282.0,2023-07-12
2022,0000038777,ein,20230720143920NAL0004452080001,"FRANKLIN RESOURCES, INC.",132670991,003,FRANKLIN TEMPLETON 401(K) RETIREMENT PLAN,2E2F2G2J2K2S2T,3755.0,55218989.0,2023-07-20
2022,0000038777,subsidiary,20230920085017NAL0001210099001,"ROYCE & ASSOCIATES GP, LLC",364833044,002,"ROYCE & ASSOCIATES GP, LLC 401(K) PROFIT SHARING PLAN",2E2G2J2K2R2S2T3D3H,98.0,777259.0,2023-09-20
2022,0000038777,subsidiary,20231004130403NAL0040401426001,"CLARION PARTNERS, LLC",133379970,001,"CLARION PARTNERS, LLC 401K PROFIT SHARING PLAN",2E2F2G2J2K3D3H,334.0,3868433.0,2023-10-04
2022,0000038777,subsidiary,20231012120247NAL0041728112001,"THE FRANKLIN GROUP, INC.",261690029,002,"THE FRANKLIN GROUP, INC. EMPLOYEE STOCK OWNERSHIP PLAN AND TRUST",2I2P2Q3I,519.0,2852352.0,2023-10-12
2022,0000038777,subsidiary,20231016134956NAL0037983441001,LEXINGTON PARTNERS L.P.,263860011,001,LEXINGTON PARTNERS 401(K) RETIREMENT PLAN,2E2F2G2J2K2T3D,112.0,3297247.0,2023-10-16
2023,0000038777,subsidiary,20240702142423NAL0003637907001,FRANKLIN CORPORATION,640478766,002,FRANKLIN CORPORATION 401(K) PLAN,2G2J2K2T3H2F3D,658.0,52989.0,2024-07-02
2023,0000038777,subsidiary,20240711130700NAL0026095760001,"WESTERN ASSET MANAGEMENT COMPANY, LLC",952705767,005,THE WESTERN ASSET MANAGEMENT 401(K) PLAN,2E2F2G2J2K2S2T3H2R,498.0,5427730.0,2024-07-11
2023,0000038777,ein,20240718104156NAL0005644033001,"FRANKLIN RESOURCES, INC.",132670991,003,FRANKLIN TEMPLETON 401(K) RETIREMENT PLAN,2E2F2G2J2K2S2T,4628.0,56811957.0,2024-07-18
2023,0000038777,subsidiary,20240919164914NAL0003730995001,"THE FRANKLIN GROUP, INC.",261690029,002,"THE FRANKLIN GROUP, INC. EMPLOYEE STOCK OWNERSHIP PLAN AND TRUST",2I2P2Q3F3H3I,536.0,5251871.0,2024-09-19
2023,0000038777,subsidiary,20241007154628NAL0016358833001,"ROYCE & ASSOCIATES GP, LLC",364833044,002,"ROYCE & ASSOCIATES GP, LLC 401(K) PROFIT SHARING PLAN",2E2G2J2K2R2S2T3D3H,96.0,1012642.0,2024-10-07
2023,0000038777,subsidiary,20241008100403NAL0017381841001,"CLARION PARTNERS, LLC",133379970,001,"CLARION PARTNERS, LLC 401K PROFIT SHARING PLAN",2E2F2G2J2K3D3H,339.0,4293483.0,2024-10-08
2023,0000038777,subsidiary,20250404124242NAL0011805505001,LEXINGTON PARTNERS L.P.,263860011,001,LEXINGTON PARTNERS 401(K) RETIREMENT PLAN,2E2F2G2J2K2T3D,119.0,3224982.0,2025-04-04
2024,0000038777,subsidiary,20250610152128NAL0025807328001,FRANKLIN CORPORATION,640478766,002,FRANKLIN CORPORATION 401(K) PLAN,2G2J2K2T3H2F3D,690.0,90069.0,2025-06-10
2024,0000038777,ein,20250703132904NAL0001489042001,"FRANKLIN RESOURCES, INC.",132670991,003,FRANKLIN TEMPLETON 401(K) RETIREMENT PLAN,2E2F2G2J2K2R2S2T,4383.0,67951500.0,2025-07-03
2024,0000038777,subsidiary,20250826175906NAL0004588883001,"THE FRANKLIN GROUP, INC.",261690029,002,"THE FRANKLIN GROUP, INC. EMPLOYEE STOCK OWNERSHIP PLAN AND TRUST",2I2P2Q3F3I,499.0,3540507.0,2025-08-26
2024,0000038777,subsidiary,20250923100632NAL0008966258001,"CLARION PARTNERS, LLC",133379970,001,"CLARION PARTNERS, LLC 401(K) PROFIT SHARING PLAN",2E2F2G2J2K3D3H,320.0,4637404.0,2025-09-23
2024,0000038777,subsidiary,20251010092031NAL0012215520001,"FRANKLIN GROUP COMPANIES, LLC",462209448,001,FRANKLIN GROUP 401(K) PLAN,2A2E2F2G2J2K2S2T3D3H,867.0,674260.0,2025-10-10
2024,0000038777,subsidiary,20251010103226NAL0017663410001,"WESTERN ASSET MANAGEMENT COMPANY, LLC",952705767,005,THE WESTERN ASSET MANAGEMENT 401(K) PLAN,2E2F2G2J2K2S2T3H2R,466.0,4797988.0,2025-10-10
2024,0000038777,subsidiary,20251015141255NAL0002427539001,LEXINGTON PARTNERS L.P.,263860011,001,LEXINGTON PARTNERS 401(K) RETIREMENT PLAN,2E2F2G2J2K2T3D,135.0,5402438.0,2025-10-15
2024,0000038777,subsidiary,20251029103439NAL0001672962001,"ROYCE & ASSOCIATES GP, LLC",364833044,002,"ROYCE & ASSOCIATES GP, LLC 401(K) PROFIT SHARING PLAN",2E2G2J2K2R2S2T3D3H,93.0,991618.0,2025-10-29
2022,0000040533,ein,20230725071924NAL0011603968001,GENERAL DYNAMICS CORPORATION,131673581,076,"PRAXIS ENGINEERING TECHNOLOGIES, INC. 401(K) PLAN",2A2E2F2G2J2S2T3D3H,312.0,3347028.0,2023-07-25
2022,0000040533,ein,20230928082115NAL0007753683001,GENERAL DYNAMICS CORPORATION,131673581,080,"PROGENY SYSTEMS, LLC 401(K) PLAN",2E2F2G2J2K2R2S2T3D3F3H,603.0,4661042.0,2023-09-28
2022,0000040533,ein,20230928082537NAL0007756291001,GENERAL DYNAMICS CORPORATION,131673581,012,GENERAL DYNAMICS CORPORATION 401(K) PLAN 3.0,2E2F2G2I2J2K2O2R2S2T3F3H,1728.0,867575.0,2023-09-28
2022,0000040533,ein,20230928082625NAL0016106128001,GENERAL DYNAMICS CORPORATION,131673581,013,GENERAL DYNAMICS CORPORATION 401(K) PLAN FOR REPRESENTED EMPLOYEES,2A2E2F2G2I2J2K2O2R2S2T3F3H3I,16900.0,41994509.0,2023-09-28
2022,0000040533,ein,20230928083039NAL0007758499001,GENERAL DYNAMICS CORPORATION,131673581,069,GENERAL DYNAMICS CORPORATION 401(K) PLAN 6.0,2E2F2G2I2J2K2O2R2S2T3F3H,48860.0,228240690.0,2023-09-28
2022,0000040533,subsidiary,20231016084755NAL0024370067001,"NASSCO, INC.",391151715,001,"NASSCO, INC. PROFIT SHARING AND 401(K) PLAN",2E2F2G2J2K2S2T3D,137.0,414007.0,2023-10-16
2023,0000040533,ein,20241002134115NAL0008336481001,GENERAL DYNAMICS CORPORATION,131673581,012,GENERAL DYNAMICS CORPORATION 401(K) PLAN 3.0,2E2F2G2I2J2K2O2R2S2T3F3H,1711.0,976883.0,2024-10-02
2023,0000040533,ein,20241002135058NAL0008351697001,GENERAL DYNAMICS CORPORATION,131673581,013,GENERAL DYNAMICS CORPORATION 401(K) PLAN FOR REPRESENTED EMPLOYEES,2A2E2F2G2I2J2K2O2R2S2T3F3H3I,17637.0,56044056.0,2024-10-02
2023,0000040533,ein,20241002140112NAL0008371281001,GENERAL DYNAMICS CORPORATION,131673581,068,GENERAL DYNAMICS CORPORATION 401(K) QACA PLAN,2E2F2G2I2J2K2O2R2S2T3F3H3J,27525.0,120981214.0,2024-10-02
2023,0000040533,ein,20241002140455NAL0004062883001,GENERAL DYNAMICS CORPORATION,131673581,069,GENERAL DYNAMICS CORPORATION 401(K) PLAN 6.0,2E2F2G2I2J2K2O2R2S2T3F3H,49414.0,288789304.0,2024-10-02
2023,0000040533,ein,20241003002207NAL0016448576001,GENERAL DYNAMICS CORPORATION,131673581,076,"PRAXIS ENGINEERING TECHNOLOGIES, LLC 401(K) PLAN",2A2E2F2G2J2S2T3D3H,271.0,3390632.0,2024-10-03
2023,0000040533,subsidiary,20241003124721NAL0009855393001,"NASSCO, INC.",391151715,001,"NASSCO, INC. PROFIT SHARING AND 401(K) PLAN",2E2F2G2J2K2S2T3D,168.0,622156.0,2024-10-03
2024,0000040533,subsidiary,20250916045739NAL0001113459001,"NASSCO, INC.",391151715,001,"NASSCO, INC. PROFIT SHARING AND 401(K) PLAN",2E2F2G2J2K2S2T3D,165.0,652404.0,2025-09-16
2024,0000040533,ein,20250930141152NAL0029511282001,GENERAL DYNAMICS CORPORATION,131673581,012,GENERAL DYNAMICS CORPORATION 401(K) PLAN 3.0,2E2F2G2I2J2K2O2R2S2T3F3H,2096.0,722917.0,2025-09-30
2024,0000040533,ein,20250930142049NAL0012392753001,GENERAL DYNAMICS CORPORATION,131673581,013,GENERAL DYNAMICS CORPORATION 401(K) PLAN FOR REPRESENTED EMPLOYEES,2A2E2F2G2I2J2K2O2R2S2T3F3H3I,18408.0,55352547.0,2025-09-30
2024,0000040533,ein,20250930142351NAL0012395825001,GENERAL DYNAMICS CORPORATION,131673581,068,GENERAL DYNAMICS CORPORATION 401(K) QACA PLAN,2E2F2G2I2J2K2O2R2S2T3F3H3J,28117.0,126796759.0,2025-09-30
2024,0000040533,ein,20250930142514NAL0005540995001,GENERAL DYNAMICS CORPORATION,131673581,069,GENERAL DYNAMICS CORPORATION 401(K) PLAN 6.0,2E2F2G2I2J2K2O2R2S2T3F3H,52307.0,325538546.0,2025-09-30
2024,0000040533,subsidiary,20251003112117NAL0003293170001,"IRON EAGLEX, INC.",814901482,001,"IRON EAGLEX, INC. 401(K) PLAN",2E2F2G2J2K2S2T3D3H,222.0,1263454.0,2025-10-03
2024,0000040533,ein,20251008124609NAL0005563985001,GENERAL DYNAMICS CORPORATION,131673581,072,SC3 401(K) RETIREMENT SAVINGS PLAN,3H2E2G2F2J2K2T3D,28.0,0.0,2025-10-08
2022,0000040704,ein,20231013153017NAL0022233651001,"GENERAL MILLS, INC.",410274440,002,GENERAL MILLS 401(K) PLAN,2E2F2H2I2J2K2P2R2S2T3F3H,15274.0,84665140.0,2023-10-13
2023,0000040704,ein,20241015085407NAL0027876721001,"GENERAL MILLS, INC.",410274440,002,GENERAL MILLS 401(K) PLAN,2E2F2H2I2J2K2P2R2S2T3F3H,15991.0,99824881.0,2024-10-15
2024,0000040704,ein,20251015095522NAL0002108211001,"GENERAL MILLS, INC.",410274440,002,GENERAL MILLS 401(K) PLAN,2E2F2H2I2J2K2P2R2S2T3F3H,16628.0,85771995.0,2025-10-15
2022,0000040987,ein,20230717134429NAL0037449008001,GENUINE PARTS COMPANY,580254510,003,GENUINE PARTS COMPANY 401(K) SAVINGS PLAN,2E2F2G2J2K2S2T3H,29019.0,70726211.0,2023-07-17
2023,0000040987,ein,20240729105136NAL0042117042001,GENUINE PARTS COMPANY,580254510,003,GENUINE PARTS COMPANY 401(K) SAVINGS PLAN,2E2F2G2J2K2S2T3H,29568.0,76495750.0,2024-07-29
2024,0000040987,ein,20250725145420NAL0003257235001,GENUINE PARTS COMPANY,580254510,003,GENUINE PARTS COMPANY 401(K) SAVINGS PLAN,2E2F2G2J2K2S2T3H,31464.0,78470590.0,2025-07-25
2022,0000045012,ein,20230908112248NAL0015878081001,HALLIBURTON COMPANY,752677995,001,HALLIBURTON RETIREMENT AND SAVINGS PLAN,2E2F2G2J2K2S2T3F3H,15155.0,102800000.0,2023-09-08
2023,0000045012,ein,20240920103902NAL0007655777001,HALLIBURTON COMPANY,752677995,001,HALLIBURTON RETIREMENT AND SAVINGS PLAN,2E2F2G2J2K2S2T3F3H,15306.0,115590000.0,2024-09-20
2024,0000045012,ein,20250908101304NAL0032529184001,HALLIBURTON COMPANY,752677995,001,HALLIBURTON RETIREMENT AND SAVINGS PLAN,2E2F2G2J2K2S2T3F3H,14859.0,108441000.0,2025-09-08
2022,0000046080,ein,20230726092316NAL0010950257001,"HASBRO, INC.",050155090,004,"HASBRO, INC. RETIREMENT SAVINGS PLAN",2E2F2G2J2K2T3H,2772.0,23761486.0,2023-07-26
2023,0000046080,ein,20240903141018NAL0018563345001,"HASBRO, INC.",050155090,004,"HASBRO, INC. RETIREMENT SAVINGS PLAN",2E2F2G2J2K2T3H,2379.0,28147573.0,2024-09-03
2024,0000046080,ein,20250923130747NAL0008055731001,"HASBRO, INC.",050155090,004,"HASBRO, INC. RETIREMENT SAVINGS PLAN",2F2G2J2K2E2T3H,2382.0,27788281.0,2025-09-23
2022,0000047111,ein,20231006103924NAL0023009793001,THE HERSHEY COMPANY,230691590,010,THE HERSHEY COMPANY 401(K) PLAN,2E2F2J2K2S2T3H3J2G,10921.0,51222593.0,2023-10-06
2022,0000047111,ein,20231006104808NAL0014452291001,THE HERSHEY COMPANY,230691590,011,THE HERSHEY COMPANY PUERTO RICO 401K PLAN,2E2F2G2J2K2S2T3H,41.0,139645.0,2023-10-06
2022,0000047111,subsidiary,20231009102719NAL0017641251001,"PRETZELS, INC",351447774,001,"PRETZELS, INC. 401(K) & PROFIT SHARING PLAN",2E3D2G2J2K2F2T,335.0,696544.0,2023-10-09
2022,0000047111,subsidiary,20231009104510NAL0016719443001,"PRETZELS, INC",351447774,003,"PRETZELS, INC. 401(K)",2E3D2G2J2K2F2T,143.0,43481.0,2023-10-09
2023,0000047111,ein,20241011073812NAL0010703187001,THE HERSHEY COMPANY,230691590,011,THE HERSHEY COMPANY PUERTO RICO 401K PLAN,2E2F2G2J2K2S2T3H,44.0,181615.0,2024-10-11
2023,0000047111,ein,20251013154704NAL0001652161001,THE HERSHEY COMPANY,230691590,010,THE HERSHEY COMPANY 401(K) PLAN,3J2G3D2T2E2F2J2K2S,11492.0,62236052.0,2025-10-13
2024,0000047111,ein,20251015104201NAL0002159859001,THE HERSHEY COMPANY,230691590,010,THE HERSHEY COMPANY 401(K) PLAN,2E2F2J2K2S2T3J2G,11915.0,62085595.0,2025-10-15
2022,0000047217,ein,20230725090439NAL0018084482001,HP INC.,941081436,004,HP INC. 401(K) PLAN,2F2G2I2J2K2O2R2S3H,15497.0,57495501.0,2023-07-25
2022,0000047217,subsidiary,20231011091054NAL0039022688001,"CYBERCORE TECHNOLOGIES, LLC",522233779,001,"CYBERCORE TECHNOLOGIES, LLC 401(K) RETIREMENT PLAN",2E2F2G2J2K2S2T3B3D,249.0,820463.0,2023-10-11
2022,0000047217,subsidiary,20231011162719NAL0040054400001,"PLANTRONICS, INC.",770207692,002,"PLANTRONICS, INC. 401(K) PLAN",2J2K2S2T2E2F2G3D2R,1406.0,7999276.0,2023-10-11
2022,0000047217,subsidiary,20231012094831NAL0042033696001,"HP INTERNATIONAL TRADING B.V. (PUERTO RICO BRANCH), LLC",660835384,002,HP INC. PUERTO RICO TAX SAVINGS CAPITAL ACCUMULATION PLAN,2E2F2G3C3H,33.0,314699.0,2023-10-12
2023,0000047217,ein,20240725153324NAL0009418355001,HP INC.,941081436,004,HP INC. 401(K) PLAN,2F2G2I2J2K2O2R2S3H,14722.0,65306787.0,2024-07-25
2023,0000047217,subsidiary,20241010140758NAL0010095331001,"HP INTERNATIONAL TRADING B.V. (PUERTO RICO BRANCH), LLC",660835384,002,HP INC. PUERTO RICO TAX SAVINGS CAPITAL ACCUMULATION PLAN,2E2F2G3C3H,25.0,41318.0,2024-10-10
2023,0000047217,subsidiary,20241015091429NAL0016040371001,"CYBERCORE TECHNOLOGIES, LLC",522233779,001,"CYBERCORE TECHNOLOGIES, LLC 401(K) RETIREMENT PLAN",2E2F2G2J2K2S2T3B3D,145.0,796841.0,2024-10-15
2024,0000047217,ein,20250721125115NAL0001918944001,HP INC.,941081436,004,HP INC. 401(K) PLAN,2F2G2I2J2K2O2R2S3H,14808.0,64687398.0,2025-07-21
2024,0000047217,subsidiary,20251014184808NAL0007166770001,"CYBERCORE TECHNOLOGIES, LLC",522233779,001,"CYBERCORE TECHNOLOGIES, LLC 401(K) RETIREMENT PLAN",2E2F2G2J2K2S2T3B3D,140.0,743822.0,2025-10-14
2024,0000047217,subsidiary,20251014223945NAL0001865603001,"HP INTERNATIONAL TRADING B.V. (PUERTO RICO BRANCH), LLC",660835384,002,HP INC. PUERTO RICO TAX SAVINGS CAPITAL ACCUMULATION PLAN,2E2F2G3C3H,25.0,30725.0,2025-10-14
2022,0000048465,ein,20230724151929NAL0004492099001,HORMEL FOODS CORPORATION,410319970,050,HORMEL FOODS CORPORATION TAX DEFERRED INVESTMENT PLAN A,2E2F2G2J2K2O2R2S2T3H,5009.0,7576994.0,2023-07-24
2022,0000048465,ein,20230724152045NAL0008753505001,HORMEL FOODS CORPORATION,410319970,051,HORMEL FOODS CORPORATION TAX DEFERRED INVESTMENT PLAN B,2E2F2H2J2K2O2R2S2T3H,3134.0,744809.0,2023-07-24
2022,0000048465,subsidiary,20230724152117NAL0005257603001,"ROCHELLE FOODS, LLC",363889635,001,CAPITAL ACCUMULATION PLAN,2E2F2G2J2K2O2R2S2T3H,5262.0,1453626.0,2023-07-24
2022,0000048465,subsidiary,20230724152211NAL0005258147001,"JENNIE-O TURKEY STORE, INC.",410734466,003,JENNIE-O TURKEY STORE RETIREMENT SAVINGS PLAN,2E2F2G2J2K2O2R2S2T3H,5176.0,2097977.0,2023-07-24
2022,0000048465,ein,20230724152243NAL0016929042001,HORMEL FOODS CORPORATION,410319970,030,HORMEL FOODS CORPORATION JOINT EARNINGS PROFIT SHARING TRUST,2E2F2G2K2O2R2T3H,4575.0,0.0,2023-07-24
2023,0000048465,name,20240813092505NAL0005671763001,HORMEL FOODS CORPORATION,410734466,003,JENNIE-O TURKEY STORE RETIREMENT SAVINGS PLAN,2E2F2G2J2K2O2R2S2T3H,5099.0,1994270.0,2024-08-13
2023,0000048465,name,20240813092904NAL0010395377001,HORMEL FOODS CORPORATION,363889635,001,CAPITAL ACCUMULATION PLAN,2E2F2G2J2K2O2R2S2T3H,5158.0,7401926.0,2024-08-13
2023,0000048465,ein,20240813093015NAL0010399281001,HORMEL FOODS CORPORATION,410319970,030,HORMEL FOODS CORPORATION JOINT EARNINGS PROFIT SHARING TRUST,2E2F2G2K2O2R2T3H,4375.0,9172948.0,2024-08-13
2023,0000048465,ein,20240813093235NAL0005680099001,HORMEL FOODS CORPORATION,410319970,050,HORMEL FOODS CORPORATION TAX DEFERRED INVESTMENT PLAN A *,2E2F2G2J2K2R2S2T3H2O,4950.0,16164883.0,2024-08-13
2023,0000048465,ein,20240813093322NAL0005681555001,HORMEL FOODS CORPORATION,410319970,051,HORMEL FOODS CORPORATION TAX DEFERRED INVESTMENT PLAN B,2E2F2G2J2K2O2R2S2T3H,3218.0,1972212.0,2024-08-13
2024,0000048465,ein,20250919134842NAL0001104899001,HORMEL FOODS CORPORATION,410319970,050,HORMEL FOODS CORPORATION TAX DEFERRED INVESTMENT PLAN A *,2E2F2G2J2K2R2S2T3H2O,4987.0,20692822.0,2025-09-19
2024,0000048465,ein,20250919135204NAL0003152291001,HORMEL FOODS CORPORATION,410319970,030,HORMEL FOODS CORPORATION JOINT EARNINGS PROFIT SHARING TRUST,2E2F2G2K2R2T3H2O,4249.0,9423191.0,2025-09-19
2024,0000048465,ein,20250919135529NAL0001105891001,HORMEL FOODS CORPORATION,410319970,051,HORMEL FOODS CORPORATION TAX DEFERRED INVESTMENT PLAN B,2E2F2G2J2K2O2R2S2T3H,3221.0,2320913.0,2025-09-19
2024,0000048465,subsidiary,20250919135648NAL0003641602001,"ROCHELLE FOODS, LLC",363889635,001,CAPITAL ACCUMULATION PLAN,2E2F2G2J2K2R2S2T3H2O,5132.0,8132055.0,2025-09-19
2024,0000048465,subsidiary,20250919135751NAL0005531586001,"JENNIE-O TURKEY STORE, INC.",410734466,003,JENNIE-O TURKEY STORE RETIREMENT SAVINGS PLAN,2E2F2G2J2K2R2S2T3H2O,4996.0,2159793.0,2025-09-19
2022,0000048898,subsidiary,20231013151805NAL0034299585001,HUBBELL CARIBE LIMITED,980470569,001,"HUBBELL CARIBE, INC. EMPLOYEES' RETIREMENT PLAN",2E2G2S2T3C3F3H,654.0,1259421.0,2023-10-13
2022,0000048898,ein,20231013151910NAL0068140770001,HUBBELL INCORPORATED,060397030,061,HUBBELL INCORPORATED EMPLOYEE SAVINGS & INVESTMENT PLAN FOR COLLECTIVELY BARGAINED EMPLOYEES,2E2F2G2J2K2R2T3F3H,1934.0,2535989.0,2023-10-13
2022,0000048898,ein,20231013152055NAL0034308849001,HUBBELL INCORPORATED,060397030,060,HUBBELL INCORPORATED EMPLOYEE SAVINGS & INVESTMENT PLAN,2E2F2G2J2K2R2S2T3D3F3H,7595.0,37124512.0,2023-10-13
2022,0000048898,subsidiary,20231016102651NAL0024526355001,"NORTHERN STAR INDUSTRIES, INC.",381683485,005,IBEW LU2221 EMPLOYEE RETIREMENT PLAN,2E2F2J2K2R2T3D,487.0,661551.0,2023-10-16
2022,0000048898,subsidiary,20231016103820NAL0025335555001,"NORTHERN STAR INDUSTRIES, INC.",381683485,001,"NORTHERN STAR INDUSTRIES, INC. 401K PROFIT SHARING PLAN",2E2F2G2J2K2T3D,288.0,1875599.0,2023-10-16
2023,0000048898,subsidiary,20241007130257NAL0016083937001,"NORTHERN STAR INDUSTRIES, INC.",381683485,001,"NORTHERN STAR INDUSTRIES, INC. 401K PROFIT SHARING PLAN",2E2F2G2J2K2T3D,308.0,2579785.0,2024-10-07
2023,0000048898,subsidiary,20241007131223NAL0026184560001,"NORTHERN STAR INDUSTRIES, INC.",381683485,005,IBEW LU2221 EMPLOYEE RETIREMENT PLAN,2E2F2J2K2R2T3D,532.0,748117.0,2024-10-07
2023,0000048898,subsidiary,20241011132244NAL0044434690001,HUBBELL CARIBE LIMITED,980470569,001,"HUBBELL CARIBE, INC. EMPLOYEES' RETIREMENT PLAN",2E2G2S2T3F3H,553.0,1175432.0,2024-10-11
2023,0000048898,ein,20241011132556NAL0022828705001,HUBBELL INCORPORATED,060397030,061,HUBBELL INCORPORATED EMPLOYEE SAVINGS & INVESTMENT PLAN FOR COLLECTIVELY BARGAINED EMPLOYEES,2E2F2G2J2K2R2T3F3H,2021.0,2736332.0,2024-10-11
2023,0000048898,ein,20241011133012NAL0037052448001,HUBBELL INCORPORATED,060397030,060,HUBBELL INCORPORATED EMPLOYEE SAVINGS & INVESTMENT PLAN,2E2F2G2J2K2R2S2T3D3F3H,8548.0,43440307.0,2024-10-11
2024,0000048898,ein,20251014081301NAL0005017026001,HUBBELL INCORPORATED,060397030,061,HUBBELL INCORPORATED EMPLOYEE SAVINGS AND INVESTMENT PLAN FOR COLLECTIVELY BARGAINED EMPLOYEES,2E2F2G2J2K2R2T3F3H,1942.0,3506351.0,2025-10-14
2024,0000048898,ein,20251014083101NAL0001126227001,HUBBELL INCORPORATED,060397030,060,HUBBELL INCORPORATED EMPLOYEE SAVINGS & INVESTMENT PLAN,2E2F2G2J2K2R2S2T3D3F3H,7630.0,47604461.0,2025-10-14
2024,0000048898,subsidiary,20251014083441NAL0005083266001,HUBBELL CARIBE LIMITED,980470569,001,"HUBBELL CARIBE,INC. EMPLOYEES' RETIREMENT PLAN",2E2G2S2T3F3H,535.0,1217046.0,2025-10-14
2024,0000048898,subsidiary,20251015103354NAL0009096530001,"NORTHERN STAR INDUSTRIES, INC.",381683485,001,"NORTHERN STAR INDUSTRIES, INC. 401K PROFIT SHARING PLAN",2E2F2G2J2K2T3D,268.0,439843.0,2025-10-15
2024,0000048898,subsidiary,20251015134520NAL0005025649001,"NORTHERN STAR INDUSTRIES, INC.",381683485,005,IBEW LU2221 EMPLOYEE RETIREMENT PLAN,2E2F2J2K2R2T3D,406.0,857610.0,2025-10-15
2022,0000049071,ein,20230711134009NAL0020284305001,HUMANA INC.,610647538,002,HUMANA RETIREMENT SAVINGS PLAN,2E2F2G2J2K2O2R2S2T3H,44251.0,250105008.0,2023-07-11
2022,0000049071,ein,20230711163646NAL0042775394001,HUMANA INC.,610647538,004,HUMANA PUERTO RICO RETIREMENT SAVINGS PLAN,2E2F2G2J2K2R2S2T3C,1167.0,3178588.0,2023-07-11
2022,0000049071,subsidiary,20230920105803NAL0003387778001,"VITALITY HOME CARE, INC.",812019673,001,TRILOGY 401(K) PLAN,2E2F2G2J2K2T3D,1024.0,434409.0,2023-09-20
2022,0000049071,subsidiary,20231013151418NAL0044956672001,SYNERGY COMPANIES,943057724,001,SYNERGY COMPANIES 401K PLAN,2E2G2J2K3D2F2A,335.0,288936.0,2023-10-13
2023,0000049071,ein,20240724134145NAL0012694033002,HUMANA INC.,610647538,002,HUMANA RETIREMENT SAVINGS PLAN,2E2F2G2J2K2O2R2S2T3H,44901.0,259471713.0,2024-07-24
2023,0000049071,ein,20240724135207NAL0008216835002,HUMANA INC.,610647538,004,HUMANA PUERTO RICO RETIREMENT SAVINGS PLAN,2E2F2G2J2K2R2S2T3C,1163.0,3519226.0,2024-07-24
2023,0000049071,subsidiary,20241014124852NAL0026182097001,SYNERGY COMPANIES,943057724,001,SYNERGY COMPANIES 401K PLAN,2E2G2J2K3D2F2A,335.0,249625.0,2024-10-14
2024,0000049071,ein,20250624094321NAL0017181234004,HUMANA INC.,610647538,004,HUMANA PUERTO RICO RETIREMENT SAVINGS PLAN,2E2F2G2J2K2R2S2T3C,1117.0,3380361.0,2025-06-24
2024,0000049071,subsidiary,20250924121241NAL0006731793001,SYNERGY COMPANIES,943057724,001,SYNERGY COMPANIES 401K PLAN,2E2G2J2K3D2F2A,453.0,316546.0,2025-09-24
2024,0000049071,ein,20251105164318NAL0010915057001,HUMANA INC.,610647538,002,HUMANA RETIREMENT SAVINGS PLAN,2E2F2G2J2K2O2R2S2T3H,42968.0,241513252.0,2025-11-05
2022,0000049196,ein,20230628091234NAL0007389248001,HUNTINGTON BANCSHARES INCORPORATED,310724920,002,THE HUNTINGTON 401(K) PLAN,2F2G2J2K3H2E2R,19962.0,60380028.0,2023-06-28
2023,0000049196,ein,20240701102808NAL0002789091001,HUNTINGTON BANCSHARES INCORPORATED,310724920,002,THE HUNTINGTON 401(K) PLAN,2F2G2J2K3H2E2R2S,19626.0,61629183.0,2024-07-01
2024,0000049196,ein,20250626123904NAL0004982451001,HUNTINGTON BANCSHARES INCORPORATED,310724920,002,THE HUNTINGTON 401(K) PLAN,2F2G2J2K3H2E2S2R,20450.0,60861214.0,2025-06-26
2022,0000049826,ein,20230911125310NAL0041937090001,ILLINOIS TOOL WORKS INC.,361258310,003,ITW SAVINGS AND INVESTMENT PLAN,2J2G2F2K3H3F2O2S2T2E,16489.0,97980773.0,2023-09-11
2022,0000049826,ein,20230911125335NAL0019416833001,ILLINOIS TOOL WORKS INC.,361258310,039,ITW BARGAINING SAVINGS AND INVESTMENT PLAN,2E2F2G2J2K2S2T2O,368.0,677335.0,2023-09-11
2023,0000049826,ein,20240911140126NAL0007124273001,ILLINOIS TOOL WORKS INC.,361258310,039,ITW BARGAINING SAVINGS AND INVESTMENT PLAN,2E2F2G2J2K2S2T2O,362.0,724146.0,2024-09-11
2023,0000049826,ein,20240911140148NAL0014435810001,ILLINOIS TOOL WORKS INC.,361258310,003,ITW SAVINGS AND INVESTMENT PLAN,2J2G2F2K3H3F2O2S2T2E,15838.0,100381108.0,2024-09-11
2024,0000049826,ein,20250918121915NAL0001395617001,ILLINOIS TOOL WORKS INC.,361258310,003,ITW SAVINGS AND INVESTMENT PLAN,2J2G2F2K3H3F2O2S2T2E,15573.0,101024390.0,2025-09-18
2024,0000049826,ein,20250918121927NAL0001502896001,ILLINOIS TOOL WORKS INC.,361258310,039,ITW BARGAINING SAVINGS AND INVESTMENT PLAN,2E2F2G2J2K2S2T2O,357.0,735896.0,2025-09-18
2024,0000049826,subsidiary,20251015135414NAL0004739457001,"JST MANUFACTURING, INC.",820372929,001,"JST MANUFACTURING, INC. 401(K) PLAN",2E2J2F2G3D,166.0,232041.0,2025-10-15
2022,0000050863,ein,20230830165839NAL0009280480001,INTEL CORPORATION,941672743,003,INTEL 401(K) SAVINGS PLAN,2E2F2G2J2O2R2S2T3F3H2K,59863.0,461490396.0,2023-08-30
2023,0000050863,ein,20240912150843NAL0005274467001,INTEL CORPORATION,941672743,003,INTEL 401(K) SAVINGS PLAN,2E2F2G2J2O2R2S2T3F3H2K,55298.0,254143557.0,2024-09-12
2024,0000050863,ein,20250902075715NAL0024134752001,INTEL CORPORATION,941672743,003,INTEL 401(K) SAVINGS PLAN,2E2F2G2J2O2R2S2T3F3H2K,46693.0,570462285.0,2025-09-02
2022,0000051143,ein,20230714174210NAL0016753603001,INTERNATIONAL BUSINESS MACHINES CORPORATION,130871985,005,IBM 401 (K) PLUS PLAN,2E2F2J2K2O3J2G2S2T,54912.0,489480360.0,2023-07-14
2022,0000051143,subsidiary,20231004084801NAL0040018146001,"RED HAT, INC.",061364380,001,"RED HAT, INC. 401(K) AND PROFIT SHARING PLAN",2E2F2G2J2K2T3F3H3D,8059.0,36276780.0,2023-10-04
2023,0000051143,ein,20240713053616NAL0010553539001,INTERNATIONAL BUSINESS MACHINES CORPORATION,130871985,005,IBM 401 (K) PLUS PLAN,2E2F2J2K2O3J2G2S2T,52674.0,538656721.0,2024-07-13
2023,0000051143,subsidiary,20241002135525NAL0008359297001,"RED HAT, INC.",061364380,001,"RED HAT, INC. 401(K) AND PROFIT SHARING PLAN",2E2F2G2J2K2T3F3H3D,7477.0,38438670.0,2024-10-02
2024,0000051143,subsidiary,20251003080105NAL0002876178001,"RED HAT, INC.",061364380,001,"RED HAT, INC. 401(K) AND PROFIT SHARING PLAN",2E2F2G2J2K2T3F3H3D,7529.0,38093783.0,2025-10-03
2022,0000051253,ein,20230824144628NAL0018144866001,INTERNATIONAL FLAVORS & FRAGRANCES INC.,131432060,001,INTERNATIONAL FLAVORS & FRAGRANCES INC. RETIREMENT INVESTMENT FUND PLAN,2E2F2G2J2K2R2S2T3D3H,1988.0,12008775.0,2023-08-24
2023,0000051253,ein,20240822155423NAL0003134883001,INTERNATIONAL FLAVORS & FRAGRANCES INC.,131432060,001,INTERNATIONAL FLAVORS & FRAGRANCES INC. RETIREMENT INVESTMENT FUND PLAN,2S2T2E3H3D2R2F2G2J2K,5071.0,28879009.0,2024-08-22
2024,0000051253,ein,20250819131851NAL0004367490001,INTERNATIONAL FLAVORS & FRAGRANCES INC.,131432060,001,INTERNATIONAL FLAVORS & FRAGRANCES INC. RETIREMENT INVESTMENT FUND PLAN,2E2F2G2J2K2R2S2T3D3H,5363.0,31178509.0,2025-08-19
2022,0000051434,ein,20230724084255NAL0009913072001,INTERNATIONAL PAPER COMPANY,130872805,118,INTERNATIONAL PAPER COMPANY HOURLY SAVINGS PLAN,2E2G2J2K2R2S2T3H2I2O,20512.0,32626643.0,2023-07-24
2022,0000051434,ein,20230724084702NAL0009918592001,INTERNATIONAL PAPER COMPANY,130872805,007,INTERNATIONAL PAPER COMPANY SALARIED SAVINGS PLAN,2E2G2J2K2R2S2T3H2I2O,12144.0,106458805.0,2023-07-24
2023,0000051434,ein,20240722105611NAL0009824113001,INTERNATIONAL PAPER COMPANY,130872805,118,INTERNATIONAL PAPER COMPANY HOURLY SAVINGS PLAN,2E2G2J2K2R2S2T3H2I2O,20871.0,34078016.0,2024-07-22
2023,0000051434,ein,20240722105909NAL0010313345001,INTERNATIONAL PAPER COMPANY,130872805,007,INTERNATIONAL PAPER COMPANY SALARIED SAVINGS PLAN,2E2G2J2K2R2S2T3H2I2O,12558.0,109055945.0,2024-07-22
2024,0000051434,ein,20250721115147NAL0001839184001,INTERNATIONAL PAPER COMPANY,130872805,007,INTERNATIONAL PAPER COMPANY SALARIED SAVINGS PLAN,2E2G2J2K2R2S2T3H2I2O,12229.0,114339004.0,2025-07-21
2024,0000051434,ein,20250721121251NAL0001177841001,INTERNATIONAL PAPER COMPANY,130872805,118,INTERNATIONAL PAPER COMPANY HOURLY SAVINGS PLAN,2E2G2J2K2R2S2T3H2I2O,19680.0,35726105.0,2025-07-21
2022,0000052988,ein,20231016194203NAL0078006594001,"JACOBS ENGINEERING GROUP, INC.",954081636,005,JACOBS UNION 401(K) PLUS SAVINGS PLAN,2E2F2G2J2K2T3H,64.0,11400.0,2023-10-16
2022,0000052988,ein,20231016195646NAL0026602915001,JACOBS ENGINEERING GROUP INC.,954081636,002,JACOBS 401(K) PLUS SAVINGS PLAN,2E2F2G2J2K2T3H3J,15739.0,57961800.0,2023-10-16
2023,0000052988,ein,20241015170427NAL0030436577001,"JACOBS ENGINEERING GROUP, INC.",954081636,005,JACOBS UNION 401(K) PLUS SAVINGS PLAN,2E2F2G2J2K2T3H,61.0,10000.0,2024-10-15
2023,0000052988,ein,20241015170652NAL0030442273001,JACOBS ENGINEERING GROUP INC.,954081636,002,JACOBS 401(K) PLUS SAVINGS PLAN,2E2F2G2J2K2T3H3J,15962.0,81220900.0,2024-10-15
2024,0000052988,ein,20251020143231NAL0000699057001,JACOBS ENGINEERING GROUP INC.,954081636,002,JACOBS 401(K) PLUS SAVINGS PLAN,2E2F2G2J2K2T3H3J,16218.0,82377100.0,2025-10-20
2024,0000052988,ein,20251023101042NAL0002057489001,"JACOBS ENGINEERING GROUP, INC.",954081636,005,JACOBS UNION 401(K) PLUS SAVINGS PLAN,2E2F2G2J2K2T3H,97.0,104900.0,2025-10-23
2022,0000055785,ein,20231009111535NAL0053642418001,KIMBERLY-CLARK CORPORATION,390394230,016,KIMBERLY-CLARK CORPORATION 401(K) & PROFIT SHARING PLAN,2E2F2G2J2K2O2R2S2T3H,11236.0,90096000.0,2023-10-09
2023,0000055785,ein,20241007092120NAL0008744819001,KIMBERLY-CLARK CORPORATION,390394230,016,KIMBERLY-CLARK CORPORATION 401(K) & PROFIT SHARING PLAN,2E2F2G2J2K2O2R2S2T3H,11661.0,129953000.0,2024-10-07
2024,0000055785,ein,20251007083457NAL0007544208001,KIMBERLY-CLARK CORPORATION,390394230,016,KIMBERLY-CLARK CORPORATION 401(K) & PROFIT SHARING PLAN,2E2F2G2J2K2O2R2S2T3H,11273.0,131588000.0,2025-10-07
2022,0000056873,subsidiary,20231002170912NAL0017065521001,"HARRIS TEETER SUPERMARKETS, INC.",560905940,003,"HARRIS TEETER SUPERMARKETS, INC. RETIREMENT AND SAVINGS PLAN",2A2E2F2G2J2K2O2S2T3H,31912.0,37259807.0,2023-10-02
2022,0000056873,ein,20231005071516NAL0014098579001,THE KROGER CO.,310345740,004,THE KROGER CO. SAVINGS PLAN,2E2F2G2J2T2O,236780.0,0.0,2023-10-05
2022,0000056873,subsidiary,20231005071900NAL0013235699001,"DILLON COMPANIES, LLC",480196590,001,"DILLON COMPANIES, LLC EMPLOYEES' PROFIT SHARING PLAN",2E2F2G2T,2040.0,82000.0,2023-10-05
2022,0000056873,ein,20231005072210NAL0042533954001,THE KROGER CO.,310345740,010,THE KROGER CO. 401(K) RETIREMENT SAVINGS ACCOUNT PLAN,2E2F2G2J2T2O,129769.0,282538000.0,2023-10-05
2022,0000056873,subsidiary,20231013110623NAL0067002290001,MURRAYS CHEESE,320376453,001,MURRAY'S CHEESE 401K,2E2F2G2J2T3D,180.0,209013.0,2023-10-13
2023,0000056873,subsidiary,20241002161352NAL0008608609001,"HARRIS TEETER SUPERMARKETS, INC.",560905940,003,"HARRIS TEETER SUPERMARKETS, INC. RETIREMENT AND SAVINGS PLAN",2A2E2F2G2I2J2K2O2S2T3H,34189.0,40885100.0,2024-10-02
2023,0000056873,ein,20241003093933NAL0005627107001,THE KROGER CO.,310345740,004,THE KROGER CO. SAVINGS PLAN,2E2F2G2J2T2O,251930.0,0.0,2024-10-03
2023,0000056873,subsidiary,20241003094006NAL0009698433001,"DILLON COMPANIES, LLC",480196590,001,"DILLON COMPANIES, LLC EMPLOYEES' PROFIT SHARING PLAN",2E2F2G2T,1850.0,21000.0,2024-10-03
2023,0000056873,ein,20241004152610NAL0005794819001,THE KROGER CO.,310345740,010,THE KROGER CO. 401(K) RETIREMENT SAVINGS ACCOUNT PLAN,2E2F2G2J2T2O,135373.0,282092000.0,2024-10-04
2023,0000056873,subsidiary,20241008093308NAL0028270256001,MURRAYS CHEESE,320376453,001,MURRAY'S CHEESE 401K,2E2F2G2J2T3D,225.0,244583.0,2024-10-08
2024,0000056873,ein,20251013091809NAL0000917441001,THE KROGER CO.,310345740,010,THE KROGER CO. 401(K) RETIREMENT SAVINGS ACCOUNT PLAN,2E2F2G2J2T2O,380891.0,277314000.0,2025-10-13
2024,0000056873,subsidiary,20251014084806NAL0005155618001,"HARRIS TEETER SUPERMARKETS, INC.",560905940,003,"HARRIS TEETER SUPERMARKETS, INC. RETIREMENT AND SAVINGS PLAN",2A2E2F2G2I2J2K2O2S2T3H,35407.0,41793816.0,2025-10-14
2024,0000056873,subsidiary,20251015131150NAL0002345555001,MURRAYS CHEESE,320376453,001,MURRAY'S CHEESE 401K,2E2F2G2J2T3D,239.0,301937.0,2025-10-15
2022,0000059478,subsidiary,20230720171330NAL0004637152001,"ADVERUM BIOTECHNOLOGIES, INC.",205258327,001,"ADVERUM BIOTECHNOLOGIES, INC. 401(K) PLAN",2E2F2G2J2K2T3D,123.0,1153609.0,2023-07-20
2022,0000059478,subsidiary,20231006140152NAL0046785586001,"LILLY DEL CARIBE, INC.",980167031,004,THE SAVINGS PLAN FOR LILLY AFFILIATE EMPLOYEES IN PUERTO RICO,2E2F2G2I2K2R2S2T3F3H3J,1093.0,4566115.0,2023-10-06
2022,0000059478,ein,20231006140232NAL0014680451001,ELI LILLY AND COMPANY,350470950,002,THE LILLY EMPLOYEE 401(K) PLAN,2E2F2G2I2J2K2R2S2T3F3H,17704.0,118955960.0,2023-10-06
2022,0000059478,subsidiary,20231016082418NAL0025141267001,"SIGILON THERAPEUTICS, INC",474005543,001,"SIGILON, INC 401(K) PLAN",2E3D2G2J2K2F2T,64.0,291193.0,2023-10-16
2023,0000059478,subsidiary,20240618132833NAL0001893747001,MORPHIC THERAPEUTIC INC,473882977,001,MORPHIC THERAPEUTIC 401(K) PLAN,2E2F2G2J2K2T3D,122.0,1154717.0,2024-06-18
2023,0000059478,subsidiary,20240713133317NAL0021292897001,"ADVERUM BIOTECHNOLOGIES, INC.",205258327,001,"ADVERUM BIOTECHNOLOGIES, INC. 401(K) PLAN",2E2F2G2J2K2T3D,126.0,874195.0,2024-07-13
2023,0000059478,subsidiary,20240724172950NAL0008483683001,"SIGILON THERAPEUTICS, INC.",474005543,001,"SIGILON, INC. 401(K) PLAN",2E3D2G2J2K2F2T,62.0,278250.0,2024-07-24
2023,0000059478,subsidiary,20241010083308NAL0011301523001,"VERVE THERAPEUTICS, INC.",824800132,001,"VERVE THERAPEUTICS, INC. 401K PLAN",2E2F2G2J2K2T3D,258.0,1515688.0,2024-10-10
2023,0000059478,ein,20241011104147NAL0010829123001,ELI LILLY AND COMPANY,350470950,002,THE LILLY EMPLOYEE 401(K) PLAN,2E2F2G2I2J2K2R2S2T3F3H,19912.0,152833770.0,2024-10-11
2023,0000059478,subsidiary,20241011104200NAL0012381027001,"LILLY DEL CARIBE, INC.",980167031,004,THE SAVINGS PLAN FOR LILLY AFFILIATE EMPLOYEES IN PUERTO RICO,2E2F2G2I2K2R2S2T3F3H3J,1172.0,5044840.0,2024-10-11
2024,0000059478,subsidiary,20250626121156NAL0020788002001,MORPHIC THERAPEUTIC INC,473882977,001,MORPHIC THERAPEUTIC 401(K) PLAN,2E2F2G2J2K2T3D,115.0,1477027.0,2025-06-26
2024,0000059478,subsidiary,20250702135007NAL0018900976001,"ADVERUM BIOTECHNOLOGIES, INC.",205258327,001,"ADVERUM BIOTECHNOLOGIES, INC. 401(K) PLAN",2E2F2G2J2K2T3D,153.0,945837.0,2025-07-02
2024,0000059478,subsidiary,20250926143228NAL0010225632001,"VERVE THERAPEUTICS, INC.",824800132,001,"VERVE THERAPEUTICS, INC. 401K PLAN",2E2F2G2J2K2T3D,275.0,1870960.0,2025-09-26
2024,0000059478,ein,20251009064245NAL0003384659001,ELI LILLY AND COMPANY,350470950,002,THE LILLY EMPLOYEE 401(K) PLAN,2E2F2G2I2J2K2R2S2T3F3H,21803.0,172858045.0,2025-10-09
2024,0000059478,subsidiary,20251009064349NAL0003384979001,"LILLY DEL CARIBE, INC.",980167031,004,THE SAVINGS PLAN FOR LILLY AFFILIATE EMPLOYEES IN PUERTO RICO,2E2F2G2I2K2R2S2T3F3H3J,1145.0,5326069.0,2025-10-09
2024,0000059478,subsidiary,20251229050247NAL0010078291001,"SCORPION THERAPEUTICS, INC",845066858,001,SCORPION THERAPEUTICS 401K RETIREMENT PLAN,2E2F2G2J2K2T3D,138.0,427240.0,2025-12-29
2022,0000060086,subsidiary,20230912142126NAL0044610162001,CONTINENTAL CASUALTY COMPANY,362114545,005,CNA 401K PLAN,2E2F2G2J2K2S2T3H,4990.0,59485000.0,2023-09-12
2022,0000060086,subsidiary,20231002194907NAL0011077859001,CNA NATIONAL WARRANTY CORPORATION,364034956,002,CNA NATIONAL WARRANTY CORPORATION 401K PLAN,2E2F2G2J2K2S2T3F3H,291.0,1187922.0,2023-10-02
2022,0000060086,ein,20231016150646NAL0076639986001,LOEWS CORPORATION,132646102,023,LOEWS CORPORATION EMPLOYEES' SAVINGS PLAN,2E2J2K2R,128.0,2674568.0,2023-10-16
2022,0000060086,subsidiary,20231215093200NAL0018473267001,"BOARDWALK PIPELINE PARTNERS, LP",061687421,003,"BOARDWALK PIPELINE PARTNERS, LP SAVINGS PLAN",2E2F2G2J2K2R2S2T3D3F3H,1219.0,12838541.0,2023-12-15
2023,0000060086,subsidiary,20240730085847NAL0013223955001,"BOARDWALK PIPELINE PARTNERS, LP",061687421,003,"BOARDWALK PIPELINE PARTNERS, LP SAVINGS PLAN",2E2F2G2J2K2R2S2T3D3F3H,1263.0,13846080.0,2024-07-30
2023,0000060086,subsidiary,20240924133722NAL0007476595001,CNA NATIONAL WARRANTY CORPORATION,364034956,002,CNA NATIONAL WARRANTY CORPORATION 401K PLAN,2E2F2G2J2K2S2T3F3H,305.0,1360918.0,2024-09-24
2023,0000060086,subsidiary,20240930152030NAL0003360723001,CONTINENTAL CASUALTY COMPANY,362114545,005,CNA 401K PLAN,2E2F2G2J2K2S2T3H,5387.0,66180000.0,2024-09-30
2023,0000060086,ein,20241014171531NAL0027954401001,LOEWS CORPORATION,132646102,023,LOEWS CORPORATION EMPLOYEES' SAVINGS PLAN,2E2J2K2R,127.0,2757125.0,2024-10-14
2024,0000060086,subsidiary,20250730094721NAL0005302336001,"BOARDWALK PIPELINE PARTNERS, LP",061687421,003,"BOARDWALK PIPELINE PARTNERS, LP SAVINGS PLAN",2E2F2G2J2K2R2S2T3D3F3H,1292.0,14927315.0,2025-07-30
2024,0000060086,subsidiary,20250911181223NAL0000392483001,CNA NATIONAL WARRANTY CORPORATION,364034956,002,CNA NATIONAL WARRANTY CORPORATION 401K PLAN,2E2F2G2J2K2S2T3F3H,306.0,1539471.0,2025-09-11
2024,0000060086,subsidiary,20251003122024NAL0000800131001,CONTINENTAL CASUALTY COMPANY,362114545,005,CNA 401K PLAN,2E2F2G2J2K2S2T3H,5585.0,69344000.0,2025-10-03
2024,0000060086,ein,20251014131341NAL0004059040001,LOEWS CORPORATION,132646102,023,LOEWS CORPORATION EMPLOYEES' SAVINGS PLAN,2E2J2K2R,121.0,2861681.0,2025-10-14
2022,0000060667,ein,20230627164023NAL0004977937001,LOWES COMPANIES INC,560578072,003,LOWES 401(K) PLAN,2E2G2J2K2T2F2O,275854.0,199849706.0,2023-06-27
2023,0000060667,ein,20240624091305NAL0005840817001,LOWES COMPANIES INC,560578072,003,LOWES 401(K) PLAN,2E2G2J2K2T2F2O,266998.0,196357009.0,2024-06-24
2024,0000060667,ein,20250711181121NAL0006540737001,"LOWE'S COMPANIES, INC.",560578072,003,LOWES 401(K) PLAN,2E2G2J2K2T2F2O,263650.0,195258548.0,2025-07-11
2022,0000062709,ein,20230928152405NAL0008133747001,"MARSH & MCLENNAN COMPANIES, INC.",362668272,006,MARSH & MCLENNAN AGENCY 401(K) SAVINGS & INVESTMENT PLAN,2F2H2I2J2K2O3H3I,9739.0,23121238.0,2023-09-28
2022,0000062709,ein,20230928152732NAL0012694961001,"MARSH & MCLENNAN COMPANIES, INC.",362668272,003,MARSH & MCLENNAN COMPANIES 401(K) SAVINGS AND INVESTMENT PLAN,2O2J2K2H2I2F3H3I,18101.0,129688263.0,2023-09-28
2023,0000062709,ein,20241001170849NAL0012254928001,"MARSH & MCLENNAN COMPANIES, INC.",362668272,006,MARSH & MCLENNAN AGENCY 401(K) SAVINGS & INVESTMENT PLAN,2F2H2I2J2K2O3H3I,11530.0,27103772.0,2024-10-01
2023,0000062709,ein,20241001183306NAL0007251089001,"MARSH & MCLENNAN COMPANIES, INC.",362668272,003,MARSH & MCLENNAN COMPANIES 401(K) SAVINGS AND INVESTMENT PLAN,2O2J2K2H2I2F3H3I,20222.0,143930698.0,2024-10-01
2024,0000062709,ein,20251006144237NAL0003603617001,"MARSH & MCLENNAN COMPANIES, INC.",362668272,003,MARSH & MCLENNAN COMPANIES 401(K) SAVINGS AND INVESTMENT PLAN,2O2J2K2H2I2F3H3I,17704.0,152866555.0,2025-10-06
2024,0000062709,ein,20251006144317NAL0003820225001,"MARSH & MCLENNAN COMPANIES, INC.",362668272,006,MARSH & MCLENNAN AGENCY 401(K) SAVINGS & INVESTMENT PLAN,2F2H2I2J2K2O3H3I,15230.0,32863905.0,2025-10-06
2024,0000062709,subsidiary,20251015124720NAL0002430515001,"MARSH PUERTO RICO, INC.",660307769,001,"MARSH PUERTO RICO, INC. SALARY SAVINGS PLAN",2E2F2G2J3C,72.0,270634.0,2025-10-15
2022,0000062996,ein,20230609144628NAL0031309025001,MASCO CORPORATION,381794485,033,MASCO CORPORATION 401(K) PLAN,2E2J2K2R3H,8816.0,37967346.0,2023-06-09
2022,0000062996,subsidiary,20231014090820NAL0046982704001,"HANSGROHE, INC.",770173272,001,"HANSGROHE, INC. RETIREMENT PLAN",2E2F2G2J2K2S2T3D,194.0,248689.0,2023-10-14
2023,0000062996,ein,20240611082745NAL0043761104001,MASCO CORPORATION,381794485,033,MASCO CORPORATION 401(K) PLAN,2J2K2R3H2E,8286.0,60360805.0,2024-06-11
2023,0000062996,subsidiary,20241015214228NAL0030981793001,"HANSGROHE, INC.",770173272,001,"HANSGROHE, INC. RETIREMENT PLAN",2E2F2G2J2K2S2T3D,170.0,241507.0,2024-10-15
2024,0000062996,ein,20250613084728NAL0015559619001,MASCO CORPORATION,381794485,033,MASCO CORPORATION 401(K) PLAN,2E2J2K2R3H,8523.0,52791448.0,2025-06-13
2024,0000062996,subsidiary,20251009054223NAL0006179649001,"HANSGROHE, INC.",770173272,001,"HANSGROHE, INC. RETIREMENT PLAN",2E2F2G2J2K2S2T3D,184.0,231175.0,2025-10-09
2022,0000063754,ein,20230616103012NAL0025645171001,"MCCORMICK & COMPANY, INC.",520408290,004,MCCORMICK 401(K) RETIREMENT PLAN,2E2F2G2J2K2S2T3F3H,4865.0,29586112.0,2023-06-16
2023,0000063754,ein,20240626115514NAL0005408675001,"MCCORMICK & COMPANY, INC.",520408290,004,MCCORMICK 401(K) RETIREMENT PLAN,2E2F2G2J2K2S2T3F3H,4616.0,29679928.0,2024-06-26
2024,0000063754,ein,20250714133422NAL0000724675001,"MCCORMICK & COMPANY, INC.",520408290,004,MCCORMICK 401(K) RETIREMENT PLAN,2E2F2G2J2K2S2T3F3H,4796.0,33418287.0,2025-07-14
2024,0000063754,ein,20251014140925NAL0002980993001,MCCORMICK & COMPANY INC,520408290,005,THE FRENCHS UNION 401(K) RETIREMENT PLAN,2E2F2G2J2S2T,197.0,460253.0,2025-10-14
2022,0000063908,ein,20231010140751NAL0018982915001,MCDONALDS CORPORATION AND SUBSIDIARIES,362361282,001,MCDONALD'S CORPORATION 401(K) PLAN,2E2F2G2I2J2K2P2S2T3H3F,20872.0,38438711.0,2023-10-10
2023,0000063908,ein,20240918144354NAL0004490433001,MCDONALDS CORPORATION AND SUBSIDIARIES,362361282,001,MCDONALD'S CORPORATION 401(K) PLAN,2E2F2G2I2J2K2P2S2T3H3F,22475.0,39503364.0,2024-09-18
2024,0000063908,ein,20251001111800NAL0005895203001,MCDONALDS CORPORATION AND SUBSIDIARIES,362361282,001,MCDONALD'S CORPORATION 401(K) PLAN,2E2F2G2I2J2K2P2S2T3H3F,24044.0,43092014.0,2025-10-01
2022,0000064803,ein,20231005125130NAL0028416992001,CVS HEALTH CORPORATION,050494040,024,CVS HEALTH PUERTO RICO SAVINGS PLAN,2E2G2T3C,713.0,858497.0,2023-10-05
2022,0000064803,ein,20231013130441NAL0021876227001,CVS HEALTH CORPORATION,050494040,017,CVS HEALTH FUTURE FUND 401(K) PLAN,2E2F2G2I2J2K2O2T,265760.0,540433376.0,2023-10-13
2023,0000064803,ein,20240927094243NAL0001840513001,CVS HEALTH CORPORATION,050494040,024,CVS HEALTH PUERTO RICO SAVINGS PLAN,2E2G2T3C,694.0,874568.0,2024-09-27
2023,0000064803,ein,20240927094952NAL0004183314001,CVS HEALTH CORPORATION,050494040,017,CVS HEALTH FUTURE FUND 401(K) PLAN,2E2F2G2I2J2K2O2T,240493.0,565851699.0,2024-09-27
2024,0000064803,ein,20251006111440NAL0002013443001,CVS HEALTH CORPORATION,050494040,024,CVS HEALTH PUERTO RICO SAVINGS PLAN,2E2G2T3C,230.0,335351.0,2025-10-06
2024,0000064803,ein,20251006141123NAL0003741777001,CVS HEALTH CORPORATION,050494040,017,CVS HEALTH FUTURE FUND 401(K) PLAN,2E2F2G2I2J2K2O2T,313966.0,558308804.0,2025-10-06
2022,0000065984,ein,20231005105020NAL0042962578001,ENTERGY CORPORATION,721229752,019,SAVINGS PLAN OF ENTERGY CORPORATION AND SUBSIDIARIES VIII,2E2F2G2I2J2K2O2R2S2T3F3H,1482.0,7153192.0,2023-10-05
2022,0000065984,ein,20231005105629NAL0014249859001,ENTERGY CORPORATION,721229752,003,SAVINGS PLAN OF ENTERGY CORPORATION AND SUBSIDIARIES,2E2F2G2I2J2K2O2R2S2T3F3H,10136.0,52167472.0,2023-10-05
2023,0000065984,ein,20241007150849NAL0008992611001,ENTERGY CORPORATION,721229752,003,SAVINGS PLAN OF ENTERGY CORPORATION AND SUBSIDIARIES,2E2F2G2I2J2K2O2R2S2T3F3H,9655.0,53253406.0,2024-10-07
2023,0000065984,ein,20241007151411NAL0015397073001,ENTERGY CORPORATION,721229752,020,SAVINGS PLAN OF ENTERGY CORPORATION AND SUBSIDIARIES IX,2E2F2G2I2J2K2O2R2S2T3F3H,359.0,1222577.0,2024-10-07
2023,0000065984,ein,20241007152328NAL0007724211001,ENTERGY CORPORATION,721229752,019,SAVINGS PLAN OF ENTERGY CORPORATION AND SUBSIDIARIES VIII,2E2F2G2I2J2K2O2R2S2T3F3H,2261.0,13789597.0,2024-10-07
2024,0000065984,ein,20251009124819NAL0006599265001,ENTERGY CORPORATION,721229752,003,SAVINGS PLAN OF ENTERGY CORPORATION AND SUBSIDIARIES,2E2F2G2I2J2K2O2R2S2T3F3H,9114.0,53789083.0,2025-10-09
2024,0000065984,ein,20251009125010NAL0003921747001,ENTERGY CORPORATION,721229752,019,SAVINGS PLAN OF ENTERGY CORPORATION AND SUBSIDIARIES VIII,2E2F2G2I2J2K2O2R2S2T3F3H,2661.0,18846299.0,2025-10-09
2024,0000065984,ein,20251009125203NAL0003587379001,ENTERGY CORPORATION,721229752,020,SAVINGS PLAN OF ENTERGY CORPORATION AND SUBSIDIARIES IX,2E2F2G2I2J2K2O2R2S2T3F3H,544.0,2517533.0,2025-10-09
2022,0000066740,ein,20231011213007NAL0020757555001,3M COMPANY,410417775,013,3M SAVINGS PLAN,2E2H2J2K2S2T3H3I2R,1710.0,4733688.0,2023-10-11
2022,0000066740,ein,20231011213159NAL0041273104001,3M COMPANY,410417775,333,3M VOLUNTARY INVESTMENT PLAN AND EMPLOYEE STOCK OWNERSHIP PLAN,2E2H2J2K2P2R3H3I,36049.0,234937915.0,2023-10-11
2023,0000066740,ein,20241014163248NAL0027868097001,3M COMPANY,410417775,333,3M VOLUNTARY INVESTMENT PLAN AND EMPLOYEE STOCK OWNERSHIP PLAN,2E2H2J2K2P2R3H3I,32964.0,220001972.0,2024-10-14
2023,0000066740,ein,20241014163331NAL0027869057001,3M COMPANY,410417775,013,3M SAVINGS PLAN,2E2H2J2K2S2T3H3I2R,1663.0,4704501.0,2024-10-14
2024,0000066740,ein,20251015112126NAL0009307266001,3M COMPANY,410417775,333,3M VOLUNTARY INVESTMENT PLAN AND EMPLOYEE STOCK OWNERSHIP PLAN,2E2H2J2K2P2R3H3I,21780.0,167267770.0,2025-10-15
2024,0000066740,ein,20251015112627NAL0002323379001,3M COMPANY,410417775,013,3M SAVINGS PLAN,2E2H2J2K2S2T3H3I2R,1539.0,4751410.0,2025-10-15
2022,0000068505,subsidiary,20230929121133NAL0018231792001,"RAVE WIRELESS, INC.",201931600,001,RAVE 401(K) PLAN,2E2F2G2J2K2T3D,197.0,397785.0,2023-09-29
2022,0000068505,ein,20231009084745NAL0017563091001,"MOTOROLA SOLUTIONS, INC.",361115800,001,MOTOROLA SOLUTIONS 401(K) PLAN,2E2F2G2J2K2O2S2T3H,9365.0,42956000.0,2023-10-09
2022,0000068505,subsidiary,20231129183352NAL0020673714001,"SILVUS TECHNOLOGIES, INC.",201402290,001,"SILVUS TECHNOLOGIES, INC. 401(K) PLAN",2E2J2K2F2G3D,125.0,552226.0,2023-11-29
2023,0000068505,subsidiary,20240912102545NAL0004365587001,"SILVUS TECHNOLOGIES, INC.",201402290,001,"SILVUS TECHNOLOGIES, INC. 401(K) PLAN",2E2J2K2F2G3D,177.0,666959.0,2024-09-12
2023,0000068505,ein,20241008120358NAL0008314531001,"MOTOROLA SOLUTIONS, INC.",361115800,001,MOTOROLA SOLUTIONS 401(K) PLAN,2E2F2G2J2K2O2S2T3H,9780.0,46390000.0,2024-10-08
2024,0000068505,ein,20251008085808NAL0002875907001,"MOTOROLA SOLUTIONS, INC.",361115800,001,MOTOROLA SOLUTIONS 401(K) PLAN,2E2F2G2J2K2O2S2T3H,10200.0,50024000.0,2025-10-08
2024,0000068505,subsidiary,20251014121835NAL0001362771001,"SILVUS TECHNOLOGIES, INC.",201402290,001,"SILVUS TECHNOLOGIES, INC. 401(K) PLAN",2E2J2K2F2G3D,212.0,628466.0,2025-10-14
2022,0000070858,ein,20230728090909NAL0026096354001,BANK OF AMERICA CORPORATION,560906609,003,THE BANK OF AMERICA 401(K) PLAN,2E2F2G2J2K2O2S2T3H3J,173899.0,1203295659.0,2023-07-28
2023,0000070858,ein,20240717090659NAL0002379907001,BANK OF AMERICA CORPORATION,560906609,003,THE BANK OF AMERICA 401(K) PLAN,2E2F2G2J2K2O2S2T3H3J,168963.0,1253316447.0,2024-07-17
2024,0000070858,ein,20250721130517NAL0000605299001,BANK OF AMERICA CORPORATION,560906609,003,THE BANK OF AMERICA 401(K) PLAN,2E2F2G2J2K2O2S2T3H3J,168229.0,1287193919.0,2025-07-21
2022,0000072331,ein,20231002132356NAL0022398848001,NORDSON CORPORATION,340590250,002,NORDSON EMPLOYEES' SAVINGS TRUST PLAN,2E2F2H2J2K2S2T3H,3592.0,11545236.0,2023-10-02
2022,0000072331,ein,20231002132356NAL0022398848002,NORDSON CORPORATION,340590250,015,NORDSON HOURLY-RATED EMPLOYEES' SAVINGS TRUST PLAN,2E2F2H2J2K2S2T3H,129.0,341568.0,2023-10-02
2023,0000072331,ein,20240927145432NAL0001360115002,NORDSON CORPORATION,340590250,002,NORDSON EMPLOYEES' SAVINGS TRUST PLAN,2E2F2H2J2K2S2T3H,3291.0,11811069.0,2024-09-27
2023,0000072331,ein,20240927145432NAL0001360115003,NORDSON CORPORATION,340590250,015,NORDSON HOURLY-RATED EMPLOYEES' SAVINGS TRUST PLAN,2E2F2H2J2K2S2T3H,115.0,310981.0,2024-09-27
2024,0000072331,ein,20251013114154NAL0000547395003,NORDSON CORPORATION,340590250,002,NORDSON EMPLOYEES' SAVINGS TRUST PLAN,2E2F2H2J2K2S2T3H,3133.0,11897246.0,2025-10-13
2024,0000072331,ein,20251013114154NAL0000547395004,NORDSON CORPORATION,340590250,015,NORDSON HOURLY-RATED EMPLOYEES' SAVINGS TRUST PLAN,2E2F2H2J2K2S2T3H,61.0,273170.0,2025-10-13
2022,0000072741,subsidiary,20231004113005NAL0012444675004,EVERSOURCE ENERGY SERVICE COMPANY,060810627,005,EVERSOURCE 401K PLAN,2A2F2H2J2K2P2R2S2T,9504.0,57292209.0,2023-10-04
2022,0000072741,subsidiary,20231016185505NAL0077801858001,AQUARION WATER COMPANY,060852232,006,SAVINGS PLAN FOR EMPLOYEES OF AQUARION WATER COMPANY,2G2J,372.0,1685812.0,2023-10-16
2023,0000072741,subsidiary,20241002153006NAL0004167475001,EVERSOURCE ENERGY SERVICE COMPANY,060810627,005,EVERSOURCE 401K PLAN,2A2F2H2J2K2P2R2S2T,10041.0,64573157.0,2024-10-02
2023,0000072741,subsidiary,20241015172520NAL0049126192001,AQUARION WATER COMPANY,060852232,006,SAVINGS PLAN FOR EMPLOYEES OF AQUARION WATER COMPANY,2G2J,373.0,1857309.0,2024-10-15
2024,0000072741,subsidiary,20251014110009NAL0001255027008,EVERSOURCE ENERGY SERVICE COMPANY,060810627,005,EVERSOURCE 401K PLAN,2A2F2H2J2K2P2R2S2T,10538.0,73326861.0,2025-10-14
2024,0000072741,subsidiary,20251015172523NAL0002701683001,AQUARION WATER COMPANY,060852232,006,SAVINGS PLAN FOR EMPLOYEES OF AQUARION WATER COMPANY,2G2J,381.0,1976925.0,2025-10-15
2022,0000072903,ein,20230706033014NAL0029298546001,XCEL ENERGY INC,410448030,003,XCEL ENERGY 401(K) SAVINGS PLAN,2E2F2G2J2K2O2R2S2T3F3H,9334.0,30768767.0,2023-07-06
2022,0000072903,ein,20230706033903NAL0007970211001,XCEL ENERGY INC.,410448030,012,"NUCLEAR MANAGEMENT COMPANY, LLC NMC SAVINGS AND RETIREMENT PLAN",2E2F2G2J2K2O2R2S2T3F3H,240.0,2001776.0,2023-07-06
2022,0000072903,ein,20230706035009NAL0007976339001,XCEL ENERGY INC,410448030,005,"NEW CENTURY ENERGIES, INC. EMPLOYEES' SAVINGS AND STOCK OWNERSHIP PLAN FOR BARGAINING UNIT EMPLOYEES AND FORMER NON-BARGAINING UNIT EMPLOYEE",2E2F2G2J2K2O2R2S2T3F3H,1933.0,10714404.0,2023-07-06
2022,0000072903,ein,20230706043719NAL0030163218001,XCEL ENERGY INC,410448030,006,"NEW CENTURY ENERGIES, INC EMPLOYEE INVESTMENT PLAN FOR BARGAINING UNIT EMPLOYEES AND FORMER NON-BARGAINING UNIT EMPLOYEES",2E2F2G2J2K2O2R2S2T3F3H,985.0,2150415.0,2023-07-06
2023,0000072903,ein,20240625044837NAL0007490161001,XCEL ENERGY INC,410448030,006,"NEW CENTURY ENERGIES, INC EMPLOYEE INVESTMENT PLAN FOR BARGAINING UNIT EMPLOYEES AND FORMER NON-BARGAINING UNIT EMPLOYEES",2E2F2G2J2K2O2R2S2T3F3H,993.0,2364810.0,2024-06-25
2023,0000072903,ein,20240625044945NAL0007491329001,XCEL ENERGY INC,410448030,005,"NEW CENTURY ENERGIES, INC. EMPLOYEES' SAVINGS AND STOCK OWNERSHIP PLAN FOR BARGAINING UNIT EMPLOYEES AND FORMER NON-BARGAINING UNIT EMPLOYEE",2E2F2G2J2K2O2R2S2T3F3H,1925.0,11076375.0,2024-06-25
2023,0000072903,ein,20240625045440NAL0006906689001,XCEL ENERGY INC.,410448030,012,"NUCLEAR MANAGEMENT COMPANY, LLC NMC SAVINGS AND RETIREMENT PLAN",2E2F2G2J2K2O2R2S2T3F3H,246.0,2286346.0,2024-06-25
2023,0000072903,ein,20240625045550NAL0007496065001,XCEL ENERGY INC,410448030,003,XCEL ENERGY 401(K) SAVINGS PLAN,2E2F2G2J2K2O2R2S2T3F3H,8941.0,33576229.0,2024-06-25
2024,0000072903,ein,20250703100449NAL0000876064001,XCEL ENERGY INC.,410448030,012,"NUCLEAR MANAGEMENT COMPANY, LLC NMC SAVINGS AND RETIREMENT PLAN",2E2F2G2J2K2O2R2S2T3F3H,241.0,2328063.0,2025-07-03
2024,0000072903,ein,20250703100709NAL0000155747001,XCEL ENERGY INC.,410448030,005,"NEW CENTURY ENERGIES, INC. EMPLOYEES' SAVINGS AND STOCK OWNERSHIP PLAN FOR BARGAINING UNIT EMPLOYEES AND FORMER NON-BARGAINING UNIT EMPLOYEE",2E2F2G2J2K2O2R2S2T3F3H,1867.0,12063809.0,2025-07-03
2024,0000072903,ein,20250703100942NAL0000479105001,XCEL ENERGY INC.,410448030,003,XCEL ENERGY 401(K) SAVINGS PLAN,2E2F2G2J2K2O2R2S2T3F3H,9075.0,33085637.0,2025-07-03
2024,0000072903,ein,20250703101236NAL0000628449001,XCEL ENERGY INC.,410448030,006,"NEW CENTURY ENERGIES, INC. EMPLOYEE INVESTMENT PLAN FOR BARGAINING UNIT EMPLOYEES AND FORMER NON-BARGAINING UNIT EMPLOYEES",2E2F2G2J2K2O2R2S2T3F3H,961.0,2564466.0,2025-07-03
2022,0000072971,ein,20230926135353NAL0005352115001,WELLS FARGO & COMPANY,410449260,002,WELLS FARGO & COMPANY 401(K) PLAN,2E2F2H2J2K2P2T3F3H,192694.0,1025988686.0,2023-09-26
2023,0000072971,ein,20241007115126NAL0015120241001,WELLS FARGO & COMPANY,410449260,002,WELLS FARGO & COMPANY 401(K) PLAN,2E2F2H2J2K2P2T3F3H,178049.0,965370966.0,2024-10-07
2024,0000072971,ein,20250910122413NAL0013437923001,WELLS FARGO & COMPANY,410449260,002,WELLS FARGO & COMPANY 401(K) PLAN,2F2G2J2K2O2T3F3H,167176.0,1028810596.0,2025-09-10
2022,0000073124,name,20230623153046NAL0001256754001,THE NORTHERN TRUST COMPANY,361561860,002,THE NORTHERN TRUST COMPANY THRIFT-INCENTIVE PLAN,2E2F2G2J2K2O2S2T3H,9829.0,29494397.0,2023-06-23
2023,0000073124,name,20240627164910NAL0011615937001,THE NORTHERN TRUST COMPANY,361561860,002,THE NORTHERN TRUST COMPANY THRIFT-INCENTIVE PLAN,2E2F2G2J2K2O2S2T3H,9576.0,32971740.0,2024-06-27
2024,0000073124,name,20250626095956NAL0021140514001,THE NORTHERN TRUST COMPANY,361561860,002,THE NORTHERN TRUST COMPANY THRIFT-INCENTIVE PLAN,2E2F2G2J2K2O2S2T3H,9702.0,34114038.0,2025-06-26
2022,0000073309,ein,20231004125517NAL0019680065001,NUCOR CORPORATION,131860817,003,NUCOR CORPORATION EMPLOYEE STOCK OWNERSHIP PLAN,2O3F3I2I,155.0,0.0,2023-10-04
2022,0000073309,subsidiary,20231016190834NAL0052294464001,"CALIFORNIA STEEL INDUSTRIES, INC.",330051150,001,"CALIFORNIA STEEL INDUSTRIES, INC 401K SAVINGS PLAN",2E2F2G2J2K3D2T2S,805.0,3784324.0,2023-10-16
2023,0000073309,ein,20241003152224NAL0017333344001,NUCOR CORPORATION,131860817,003,NUCOR CORPORATION EMPLOYEE STOCK OWNERSHIP PLAN,2I2O3F3I,122.0,0.0,2024-10-03
2024,0000073309,ein,20251008064218NAL0005479681001,NUCOR CORPORATION,131860817,003,NUCOR CORPORATION EMPLOYEE STOCK OWNERSHIP PLAN,2I2O3F3I,95.0,0.0,2025-10-08
2022,0000074208,ein,20231011144726NAL0060556706001,"UDR, INC. AND ITS AFFILIATED COMPANIES",540857512,002,"UDR, INC. 401(K) PLAN",2F2G2J2K2T3H3D2R,1218.0,1870557.0,2023-10-11
2023,0000074208,ein,20240919103956NAL0010291632001,"UDR, INC. AND ITS AFFILIATED COMPANIES",540857512,002,"UDR, INC. 401(K) PLAN",2F2G2J2K2T3H3D2R,1226.0,2128420.0,2024-09-19
2024,0000074208,ein,20251013141046NAL0001393729001,"UDR, INC. AND ITS AFFILIATED COMPANIES",540857512,002,"UDR, INC. 401(K) PLAN",2F2G2J2K2T3H3D2R,1367.0,2287505.0,2025-10-13
2022,0000075362,ein,20230721151746NAL0005213825001,PACCAR INC,910351110,002,PACCAR INC SAVINGS INVESTMENT PLAN,2E2F2H2J2K2O2S2T3I,11084.0,44524296.0,2023-07-21
2023,0000075362,ein,20240726120117NAL0015918945001,PACCAR INC,910351110,002,PACCAR INC SAVINGS INVESTMENT PLAN,2E2F2H2J2K2O2S2T3I,11793.0,50915106.0,2024-07-26
2024,0000075362,ein,20250729163438NAL0008140226001,PACCAR INC,910351110,002,PACCAR INC SAVINGS INVESTMENT PLAN,2E2F2H2J2K2O2S2T3I,10793.0,53512860.0,2025-07-29
2022,0000075677,ein,20230927131031NAL0007125507001,PACKAGING CORPORATION OF AMERICA,364277050,002,PACKAGING CORPORATION OF AMERICA RETIREMENT SAVINGS PLAN FOR SALARIED EMPLOYEES,2A2F2G2J2K2O2R2S2T3F3H,4458.0,35621397.0,2023-09-27
2022,0000075677,ein,20230927131643NAL0007131987001,PACKAGING CORPORATION OF AMERICA,364277050,001,PACKAGING CORPORATION OF AMERICA THRIFT PLAN FOR HOURLY EMPLOYEES,2A2F2G2J2K2O2R2S2T3F3H,10792.0,49660318.0,2023-09-27
2023,0000075677,ein,20240628125538NAL0000409795001,PACKAGING CORPORATION OF AMERICA,364277050,001,PACKAGING CORPORATION OF AMERICA THRIFT PLAN FOR HOURLY EMPLOYEES,2A2F2G2J2K2O2R2S2T3F3H,10556.0,51204926.0,2024-06-28
2023,0000075677,ein,20240628125850NAL0001156498001,PACKAGING CORPORATION OF AMERICA,364277050,002,PACKAGING CORPORATION OF AMERICA RETIREMENT SAVINGS PLAN FOR SALARIED EMPLOYEES,2A2F2G2J2K2O2R2S2T3F3H,4286.0,37436811.0,2024-06-28
2024,0000075677,ein,20250714115248NAL0000847427001,PACKAGING CORPORATION OF AMERICA,364277050,001,PACKAGING CORPORATION OF AMERICA THRIFT PLAN FOR HOURLY EMPLOYEES,2A2F2G2J2K2O2R2S2T3F3H,11794.0,58016278.0,2025-07-14
2024,0000075677,ein,20250714120742NAL0001676608001,PACKAGING CORPORATION OF AMERICA,364277050,002,PACKAGING CORPORATION OF AMERICA RETIREMENT SAVINGS PLAN FOR SALARIED EMPLOYEES,2A2F2G2J2K2O2R2S2T3F3H,4332.0,38131259.0,2025-07-14
2022,0000076334,ein,20230920140401NAL0001204259001,PARKER HANNIFIN CORPORATION,340451060,075,PARKER RETIREMENT SAVINGS PLAN,2F2H2J2K2P2R2E2S,25764.0,157883739.0,2023-09-20
2022,0000076334,subsidiary,20231003115712NAL0011466435001,"MEGGITT-USA, INC.",953639799,001,"MEGGITT-USA, INC. 401(K) PLAN",2E2F2G2J2K2S2T3H,4581.0,21849975.0,2023-10-03
2023,0000076334,ein,20240926075224NAL0000682016001,PARKER HANNIFIN CORPORATION,340451060,075,PARKER RETIREMENT SAVINGS PLAN,2F2H2J2K2P2E2S2R,26315.0,181767195.0,2024-09-26
2023,0000076334,subsidiary,20241014081206NAL0045276736001,"MEGGITT-USA, INC.",953639799,001,"MEGGITT-USA, INC. 401(K) PLAN",2E2F2G2J2K2S2T3H,4336.0,21704998.0,2024-10-14
2022,0000077360,name,20230927085547NAL0005995763001,"PENTAIR, INC.",410907434,002,"PENTAIR, INC. RETIREMENT SAVINGS AND STOCK",2E2F2I2J2K2O3H,5714.0,21465219.0,2023-09-27
2023,0000077360,name,20240903133302NAL0010579603001,PENTAIR INC,410907434,002,PENTAIR INC RETIREMENT SAVINGS AND STOCK,2E2F2I2J2K2O3H,5040.0,19549528.0,2024-09-03
2024,0000077360,name,20250826160622NAL0004540771001,PENTAIR INC,410907434,002,PENTAIR INC RETIREMENT SAVINGS AND STOCK,2E2F2I2J2K2O3H,4636.0,19706037.0,2025-08-26
2022,0000077476,ein,20230616072022NAL0025595587001,"PEPSICO, INC.",131584302,207,PEPSICO PUERTO RICO SAVINGS AND RETIREMENT PLAN,3C2E2G2F2T3H,477.0,796895.0,2023-06-16
2022,0000077476,ein,20230621060954NAL0000460672001,"PEPSICO, INC.",131584302,203,THE PEPSICO SAVINGS PLAN,2E2F2J2R3H2I2O2G2K2S2A2T,133596.0,280912000.0,2023-06-21
2022,0000077476,subsidiary,20230925140137NAL0007613473001,"SABRA DIPPING COMPANY, LLC",261538484,001,"SABRA DIPPING COMPANY, LLC 401(K) PLAN",2E2F2G2J2K2S2T3B3D3F,538.0,1742788.0,2023-09-25
2022,0000077476,subsidiary,20231010115322NAL0037534352001,PEPSI NORTHWEST BEVERAGES,204737891,003,PEPSI NORTHWEST BEVERAGES 401(K) PLAN,2E2F2G2J2K2R2S2T3D,375.0,1966688.0,2023-10-10
2023,0000077476,ein,20240617134659NAL0003255266001,"PEPSICO, INC.",131584302,203,THE PEPSICO SAVINGS PLAN,2E2F2J2R3H2I2O2G2K2S2A2T,137398.0,361547000.0,2024-06-17
2023,0000077476,ein,20240617134758NAL0002053184001,"PEPSICO, INC.",131584302,207,PEPSICO PUERTO RICO SAVINGS AND RETIREMENT PLAN,3C2E2G2F2T3H,479.0,882405.0,2024-06-17
2023,0000077476,subsidiary,20241010143041NAL0020338433001,"SABRA DIPPING COMPANY, LLC",261538484,001,"SABRA DIPPING COMPANY, LLC 401(K) PLAN",2E2F2G2J2K2S2T3B3F3D,497.0,1579855.0,2024-10-10
2023,0000077476,subsidiary,20241015200609NAL0057988354001,PEPSI NORTHWEST BEVERAGES,204737891,003,PEPSI NORTHWEST BEVERAGES 401(K) PLAN,2E2F2G2J2K2R2S2T3D,386.0,2030115.0,2024-10-15
2024,0000077476,ein,20250623160621NAL0003829283001,"PEPSICO, INC.",131584302,207,PEPSICO PUERTO RICO SAVINGS AND RETIREMENT PLAN,3C2E2G2F2T3H,468.0,998726.0,2025-06-23
2024,0000077476,ein,20250623160632NAL0009391344001,"PEPSICO, INC.",131584302,203,THE PEPSICO SAVINGS PLAN,2E2F2J2R3H2I2O2G2K2S2A2T,134629.0,414346000.0,2025-06-23
2024,0000077476,subsidiary,20250729220021NAL0003976433009,VNGR BEVERAGE LLC,810966458,001,VNGR BEVERAGE 401(K) PLAN,2E2F2G2J2S2T3B3D,190.0,0.0,2025-07-29
2024,0000077476,subsidiary,20250814135614NAL0009651633001,"SABRA DIPPING COMPANY, LLC",261538484,001,"SABRA DIPPING COMPANY, LLC 401(K) PLAN",2E2F2G2J2K2S2T3B3F3D,474.0,1627207.0,2025-08-14
2024,0000077476,subsidiary,20250929131210NAL0012206400001,"PEPSI NORTHWEST BEVERAGES, LLC",204737891,003,PEPSI NORTHWEST BEVERAGES 401(K) PLAN,2E2F2G2J2K2R2S2T3D,392.0,2007291.0,2025-09-29
2022,0000078003,subsidiary,20230926122913NAL0011851152001,SEAGEN INC.,911874389,001,SEAGEN INC. 401(K) PLAN,2K2S2T2E2F2G2J3D2R,2901.0,25019401.0,2023-09-26
2022,0000078003,ein,20230929161120NAL0028614226001,PFIZER INC,135315170,029,GLOBAL BLOOD THERAPEUTICS INC 401K PLAN,2E2F2G2J2K2R2S2T3D,487.0,3693236.0,2023-09-29
2022,0000078003,ein,20230930092213NAL0014629137001,PFIZER INC,135315170,002,PFIZER SAVINGS PLAN,2E2F2H2J2K2O2R3F3H,30033.0,487237763.0,2023-09-30
2022,0000078003,subsidiary,20230930092405NAL0020192400001,PBG PUERTO RICO LLC,660914590,002,PFIZER SAVINGS PLAN FOR EMPLOYEES RESIDENT IN PUERTO RICO,2E2J,87.0,1838193.0,2023-09-30
2023,0000078003,subsidiary,20241002071125NAL0013807968001,PBG PUERTO RICO LLC,660914590,002,PFIZER SAVINGS PLAN FOR EMPLOYEES RESIDENT IN PUERTO RICO,2E2J,88.0,1913624.0,2024-10-02
2023,0000078003,subsidiary,20241010154722NAL0011685891001,SEAGEN INC.,911874389,001,SEAGEN INC. 401(K) PLAN,2E2F2G2J2K2R2S2T3D,3297.0,34544470.0,2024-10-10
2023,0000078003,ein,20250709090205NAL0003209043001,PFIZER INC,135315170,002,PFIZER SAVINGS PLAN,2E2F2H2J2K2O2R3F3H,33309.0,552885441.0,2025-07-09
2024,0000078003,ein,20251002084241NAL0000160195001,PFIZER INC,135315170,002,PFIZER SAVINGS PLAN,2E2F2H2J2K2O2R3F3H,29469.0,552327166.0,2025-10-02
2024,0000078003,subsidiary,20251002084406NAL0000206689001,PBG PUERTO RICO LLC,660914590,002,PFIZER SAVINGS PLAN FOR EMPLOYEES RESIDENT IN PUERTO RICO,2E2J,86.0,1834245.0,2025-10-02
2022,0000079282,ein,20230727072653NAL0007161539001,"BROWN & BROWN, INC.",590864469,002,"BROWN & BROWN, INC EMPLOYEE SAVINGS PLAN",2F2G2J2K2O2R2T3H,11793.0,37609749.0,2023-07-27
2022,0000079282,subsidiary,20231016101919NAL0024514371001,"RSC INSURANCE BROKERAGE, INC.",161689464,001,"RSC INSURANCE BROKERAGE, INC. 401(K) PLAN",2E2F2G2J2K2T3D2S,2232.0,8988910.0,2023-10-16
2022,0000079282,subsidiary,20240301122108NAL0028729602001,"OXFORD MANAGEMENT GROUP, LLC",273225597,001,"OXFORD MANAGEMENT GROUP, LLC 401(K) PLAN",2E2J2F2G3D2T,641.0,43400.0,2024-03-01
2023,0000079282,ein,20240709162528NAL0008938883001,"BROWN & BROWN, INC.",590864469,002,"BROWN & BROWN, INC EMPLOYEE SAVINGS PLAN",2F2G2J2K2O2R2T3H,11864.0,40954856.0,2024-07-09
2023,0000079282,subsidiary,20241015120725NAL0016327635001,"ACCESSION RISK MANAGEMENT GROUP, INC.",475281014,001,ACCESSION RISK MANAGEMENT GROUP 401(K)PLAN,2E2F2G2J2K2T3D2S,4620.0,14577324.0,2024-10-15
2024,0000079282,ein,20250708155938NAL0004862913001,"BROWN & BROWN, INC.",590864469,002,"BROWN & BROWN, INC EMPLOYEE SAVINGS PLAN",2F2G2J2K2O2R2T3H,12393.0,43521837.0,2025-07-08
2024,0000079282,subsidiary,20251014150423NAL0004323328001,"OXFORD MANAGEMENT GROUP, LLC",273225597,001,"OXFORD MANAGEMENT GROUP, LLC 401(K) PLAN",2F2G2J2K2S2T3D,624.0,127415.0,2025-10-14
2024,0000079282,subsidiary,20251014155944NAL0001654195001,"ACCESSION RISK MANAGEMENT GROUP, INC.",475281014,001,ACCESSION RISK MANAGEMENT GROUP 401(K)PLAN,2E2F2G2J2K2T3D2S,4990.0,18743655.0,2025-10-14
2022,0000079879,ein,20231006103650NAL0030865360001,"PPG INDUSTRIES, INC.",250730780,385,PPG PUERTO RICO EMPLOYEE SAVINGS PLAN,2E2F2G2T3C,144.0,245807.0,2023-10-06
2022,0000079879,ein,20231011101117NAL0019828547001,"PPG INDUSTRIES, INC.",250730780,384,"PPG INDUSTRIES, INC. EMPLOYEE SAVINGS PLAN",2K2P3I2E2F2H2J,15938.0,86239194.0,2023-10-11
2023,0000079879,ein,20241003161221NAL0017560384001,"PPG INDUSTRIES, INC.",250730780,384,"PPG INDUSTRIES, INC. EMPLOYEE SAVINGS PLAN",2P3I2E2F2K2H2J,16534.0,95576544.0,2024-10-03
2023,0000079879,ein,20241008102812NAL0017400961001,"PPG INDUSTRIES, INC.",250730780,385,PPG PUERTO RICO EMPLOYEE SAVINGS PLAN,2E2F2G2T3C,145.0,348283.0,2024-10-08
2024,0000079879,ein,20251010201829NAL0018827954001,"PPG INDUSTRIES, INC.",250730780,385,PPG PUERTO RICO EMPLOYEE SAVINGS PLAN,2E2F2G2T3C,11.0,345689.0,2025-10-10
2024,0000079879,ein,20251013150331NAL0001578705001,"PPG INDUSTRIES, INC.",250730780,384,"PPG INDUSTRIES, INC. EMPLOYEE SAVINGS PLAN",2E2F2H2J2K2P3I,11668.0,98399202.0,2025-10-13
2022,0000080424,subsidiary,20230620131458NAL0025733235001,PROCTER & GAMBLE COMMERCIAL LLC,660676831,002,THE PROCTER & GAMBLE COMMERCIAL COMPANY EMPLOYEES' SAVINGS PLAN,2H2T3C3H3I,36.0,64729.0,2023-06-20
2022,0000080424,subsidiary,20230717101445NAL0027597329001,"AGILE PURSUITS, INC.",383760479,001,"AGILE PURSUITS, INC. 401(K) PLAN",2E3D2G2J2K2F2T,162.0,279269.0,2023-07-17
2022,0000080424,ein,20231213082845NAL0025564033001,THE PROCTER & GAMBLE COMPANY,310411980,002,PROCTER & GAMBLE PROFIT SHARING TRUST & EMPLOYEE STOCK OWNERSHIP PLAN,2A2C2E2H2I2P3F3H3I,32289.0,317896269.0,2023-12-13
2022,0000080424,subsidiary,20231213091412NAL0025622193001,PROCTER & GAMBLE COMMERCIAL LLC,660676831,001,THE PROFIT SHARING RETIREMENT PLAN OF THE PROCTER & GAMBLE COMMERCIAL COMPANY,2A2E2G2T3H3J,39.0,594603.0,2023-12-13
2022,0000080424,subsidiary,20240213071727NAL0024443715001,"NEW CHAPTER, INC.",030301418,001,"NEW CHAPTER, INC. 401(K) PLAN",2E2F2G2J2K2S2T3D,167.0,504365.0,2024-02-13
2023,0000080424,subsidiary,20240605085539NAL0042425554001,PROCTER & GAMBLE COMMERCIAL LLC,660676831,002,THE PROCTER & GAMBLE COMMERCIAL COMPANY EMPLOYEES' SAVINGS PLAN,2H2T3C3H3I,40.0,67479.0,2024-06-05
2023,0000080424,subsidiary,20240716141443NAL0002730833001,"AGILE PURSUITS, INC.",383760479,001,"AGILE PURSUITS, INC. 401(K) PLAN",2E3D2G2J2K2F2T,148.0,260882.0,2024-07-16
2023,0000080424,ein,20241206063919NAL0003631555001,THE PROCTER & GAMBLE COMPANY,310411980,002,PROCTER & GAMBLE PROFIT SHARING TRUST & EMPLOYEE STOCK OWNERSHIP PLAN,2A2C2E2H2I2P3F3H3I,33968.0,347278785.0,2024-12-06
2023,0000080424,subsidiary,20241206065206NAL0003692563001,PROCTER & GAMBLE COMMERCIAL LLC,660676831,001,THE PROFIT SHARING RETIREMENT PLAN OF THE PROCTER & GAMBLE COMMERCIAL COMPANY,2A2E2G2T3H3J,42.0,672781.0,2024-12-06
2023,0000080424,subsidiary,20250403140920NAL0010345297001,"NEW CHAPTER, INC.",030301418,001,"NEW CHAPTER, INC. 401(K) PLAN",2E2F2G2J2K2S2T3D,180.0,530181.0,2025-04-03
2024,0000080424,subsidiary,20250603110158NAL0007184851001,PROCTER & GAMBLE COMMERCIAL LLC,660676831,002,THE PROCTER & GAMBLE COMMERCIAL COMPANY EMPLOYEES' SAVINGS PLAN,2H2T3C3H3I,35.0,74200.0,2025-06-03
2024,0000080424,subsidiary,20250618142147NAL0006417442001,"AGILE PURSUITS, INC.",383760479,001,"AGILE PURSUITS, INC. 401(K) PLAN",2E3D2G2J2K2F2T,44.0,196727.0,2025-06-18
2024,0000080424,ein,20251205083856NAL0003062993001,THE PROCTER & GAMBLE COMPANY,310411980,042,THE PROCTER & GAMBLE SAVINGS PLAN,2G2I2J2O2S2T3F3H,30424.0,96040.0,2025-12-05
2024,0000080424,ein,20251205085529NAL0002059971001,THE PROCTER & GAMBLE COMPANY,310411980,002,PROCTER & GAMBLE PROFIT SHARING TRUST & EMPLOYEE STOCK OWNERSHIP PLAN,2A2C2E2H2I2P3F3H3I,35178.0,447970847.0,2025-12-05
2024,0000080424,subsidiary,20251205090559NAL0002062707001,PROCTER & GAMBLE COMMERCIAL LLC,660676831,001,THE PROFIT SHARING RETIREMENT PLAN OF THE PROCTER & GAMBLE COMMERCIAL COMPANY,2A2E2G2T3H3J,36.0,672148.0,2025-12-05
2024,0000080424,subsidiary,20260409155238NAL0012347969001,"NEW CHAPTER, INC.",030301418,001,"NEW CHAPTER, INC. 401(K) PLAN",2E2F2G2J2K2S2T3D,185.0,639010.0,2026-04-09
2022,0000080661,ein,20230517134514NAL0001688435001,THE PROGRESSIVE CORPORATION & ITS PARTICIPATING SUBSIDIARIES,340963169,003,THE PROGRESSIVE 401(K) PLAN,2E2F2G2J2K2O2R2S,56176.0,184456887.0,2023-05-17
2023,0000080661,ein,20240521160915NAL0006038578001,THE PROGRESSIVE CORPORATION & ITS PARTICIPATING SUBSIDIARIES,340963169,003,THE PROGRESSIVE 401(K) PLAN,2E2F2G2J2K2O2R2S,62521.0,205253824.0,2024-05-21
2024,0000080661,ein,20250520131349NAL0001242561001,THE PROGRESSIVE CORPORATION & ITS PARTICIPATING SUBSIDIARIES,340963169,003,THE PROGRESSIVE 401(K) PLAN,2E2F2G2J2K2O2R2S,67357.0,232817733.0,2025-05-20
2022,0000084839,ein,20230915090626NAL0030828752001,"ROLLINS, INC & SUBSIDIARIES",510068479,002,ROLLINS 401(K) SAVINGS PLAN,2J2E2F2K2G3H2T2S3D,12732.0,32715837.0,2023-09-15
2023,0000084839,ein,20240722105919NAL0006291171001,"ROLLINS, INC & SUBSIDIARIES",510068479,002,ROLLINS 401(K) SAVINGS PLAN,2J2E2F2K2G3H2T2S3D,13404.0,30996838.0,2024-07-22
2024,0000084839,ein,20260519141628NAL0000609891001,"ROLLINS, INC & SUBSIDIARIES",510068479,002,ROLLINS 401(K) SAVINGS PLAN,2E2F2G2J2K2S2T3H,16088.0,32302690.0,2026-05-19
2022,0000086312,ein,20230927120811NAL0006708771001,"TRAVELERS COMPANIES, INC.",410518860,002,THE TRAVELERS 401(K) SAVINGS PLAN,2E2F2G2J2K2O2R2S2T3H,29650.0,130300102.0,2023-09-27
2022,0000086312,subsidiary,20231016105541NAL0025364163001,SIMPLY BUSINESS LLC,300956205,001,SIMPLY BUSINESS LLC 401(K) PROFIT SHARING PLAN & TRUST,2E2F2G2J2K2T3D,283.0,694004.0,2023-10-16
2023,0000086312,ein,20240925150741NAL0029483794001,"TRAVELERS COMPANIES, INC.",410518860,002,THE TRAVELERS 401(K) SAVINGS PLAN,2E2F2G2J2K2O2R2S2T3H,30233.0,145806027.0,2024-09-25
2024,0000086312,ein,20250925101201NAL0008396353001,"TRAVELERS COMPANIES, INC.",410518860,002,THE TRAVELERS 401(K) SAVINGS PLAN,2E2F2G2J2K2O2R2S2T3H,30785.0,149533994.0,2025-09-25
2022,0000087347,ein,20231013183505NAL0022600627001,SCHLUMBERGER LIMITED,520684746,015,SCHLUMBERGER LIMITED SAVINGS AND PROFIT SHARING PLAN,2E2F2G2J2K2R2S2T3H,81.0,632119.0,2023-10-13
2023,0000087347,ein,20241014203302NAL0047431280001,SCHLUMBERGER TECHNOLOGY CORPORATION,520684746,015,SCHLUMBERGER LIMITED SAVINGS AND PROFIT SHARING PLAN,2E2F2G2J2K2R2S2T3H,85.0,951920.0,2024-10-14
2024,0000087347,ein,20251003085101NAL0001190065001,SCHLUMBERGER TECHNOLOGY CORPORATION,520684746,015,SCHLUMBERGER LIMITED SAVINGS AND RETIREMENT PLAN,2E2F2G2J2K2R2S2T3H,76.0,1123355.0,2025-10-03
2022,0000089800,ein,20231011191935NAL0030294529001,THE SHERWIN-WILLIAMS COMPANY,340526850,001,THE SHERWIN-WILLIAMS COMPANY 401(K) PLAN,2F2H2I2J2K2O2S2T3H3J,47362.0,137769176.0,2023-10-11
2022,0000089800,ein,20231011192013NAL0030294945001,THE SHERWIN-WILLIAMS COMPANY,340526850,022,THE SHERWIN-WILLIAMS COMPANY HOURLY 401(K) PLAN,2E2F2G2J2S2T3H,1042.0,119386.0,2023-10-11
2022,0000089800,ein,20231011192057NAL0030296209001,THE SHERWIN-WILLIAMS COMPANY,340526850,010,THE SHERWIN-WILLIAMS COMPANY SALARIED EMPLOYEES' REVISED PENSION INVESTMENT PLAN,2C2F2H2T3H3J,47282.0,58945234.0,2023-10-11
2023,0000089800,ein,20241015210951NAL0030927233001,THE SHERWIN-WILLIAMS COMPANY,340526850,001,THE SHERWIN-WILLIAMS COMPANY 401(K) PLAN,2F2H2I2J2K2O2S2T3H3J,47459.0,149906331.0,2024-10-15
2023,0000089800,ein,20241015211147NAL0029682417001,THE SHERWIN-WILLIAMS COMPANY,340526850,022,THE SHERWIN-WILLIAMS COMPANY HOURLY 401(K) PLAN,2E2F2G2J2S2T3H,1001.0,150804.0,2024-10-15
2023,0000089800,ein,20241015211304NAL0030930097001,THE SHERWIN-WILLIAMS COMPANY,340526850,010,THE SHERWIN-WILLIAMS COMPANY SALARIED EMPLOYEES' REVISED PENSION INVESTMENT PLAN,2C2F2H2T3H3J,47538.0,98328549.0,2024-10-15
2024,0000089800,ein,20251015174451NAL0005561537001,THE SHERWIN-WILLIAMS COMPANY,340526850,001,THE SHERWIN-WILLIAMS COMPANY 401(K) PLAN,2F2H2I2J2K2O2S2T3H3J,47319.0,160255363.0,2025-10-15
2024,0000089800,ein,20251015175018NAL0010597634001,THE SHERWIN-WILLIAMS COMPANY,340526850,022,THE SHERWIN-WILLIAMS COMPANY HOURLY 401(K) PLAN,2E2F2G2J2S2T3H,935.0,158788.0,2025-10-15
2024,0000089800,ein,20251015175537NAL0010618178001,THE SHERWIN-WILLIAMS COMPANY,340526850,010,THE SHERWIN-WILLIAMS COMPANY SALARIED EMPLOYEES' REVISED PENSION INVESTMENT PLAN,2C2F2H2T3H3J,47415.0,103192611.0,2025-10-15
2022,0000091142,ein,20230809094426NAL0026876129002,A O SMITH CORPORATION,390619790,018,A O SMITH RETIREMENT SECURITY PLAN,2E2G2J2K2S2T,4638.0,14754755.0,2023-08-09
2023,0000091142,ein,20240718122812NAL0009136944003,A O SMITH CORPORATION,390619790,018,A O SMITH RETIREMENT SECURITY PLAN,2E2G2J2K2S2T,4837.0,16687574.0,2024-07-18
2024,0000091142,ein,20251010122329NAL0007711425003,A O SMITH CORPORATION,390619790,018,A O SMITH RETIREMENT SECURITY PLAN,2E2G2J2K2S2T,4854.0,11268618.0,2025-10-10
2022,0000091419,ein,20231011105207NAL0029278225001,THE J.M. SMUCKER COMPANY,340538550,011,THE J.M. SMUCKER COMPANY EMPLOYEE SAVINGS PLAN,2E2F2G2J2K2S2T2R,6655.0,37575250.0,2023-10-11
2022,0000091419,subsidiary,20231016085644NAL0037877169001,"HOSTESS BRANDS, LLC",371719327,001,"HOSTESS BRANDS, LLC 401(K) PLAN",2E2F2G2J2K2S2T3D3F3H,2401.0,3860541.0,2023-10-16
2023,0000091419,ein,20241014155520NAL0054311986001,THE J.M. SMUCKER COMPANY,340538550,011,THE J.M. SMUCKER COMPANY EMPLOYEE SAVINGS PLAN,2E2F2G2J2K2S2T2R,6105.0,37482841.0,2024-10-14
2023,0000091419,subsidiary,20241015095121NAL0014345795001,"HOSTESS BRANDS, LLC",371719327,001,"HOSTESS BRANDS, LLC 401(K) PLAN",2E2F2G2J2K2S2T3D3F3H,2615.0,6914663.0,2024-10-15
2024,0000091419,ein,20251015120454NAL0009118834001,THE J.M. SMUCKER COMPANY,340538550,011,THE J.M. SMUCKER COMPANY EMPLOYEE SAVINGS PLAN,2E2F2G2J2K2S2T2R,7886.0,40711062.0,2025-10-15
2022,0000091440,ein,20230727093602NAL0015102720001,SNAP-ON INCORPORATED,390622040,005,SNAP-ON INCORPORATED 401K SAVINGS PLAN,2E2F2G2J2K2S2T3H,6457.0,11294694.0,2023-07-27
2023,0000091440,ein,20240730135027NAL0031851456001,SNAP-ON INCORPORATED,390622040,005,SNAP-ON INCORPORATED 401K SAVINGS PLAN,2E2F2G2J2K2S2T3H,6759.0,12000909.0,2024-07-30
2024,0000091440,ein,20250723113517NAL0001844739001,SNAP-ON INCORPORATED,390622040,005,SNAP-ON INCORPORATED 401K SAVINGS PLAN,2E2F2G2J2K2S2T3H,6599.0,12083880.0,2025-07-23
2024,0000091440,subsidiary,20251015171159NAL0010488770001,"MOUNTZ, INC.",942625117,001,"MOUNTZ, INC. 401(K) PROFIT SHARING PLAN & TRUST",2A2E2J2K2F2G3D2T2S,78.0,234967.0,2025-10-15
2022,0000091576,ein,20231013192654NAL0034854209002,KEYCORP,346542451,002,KEYCORP 401K SAVINGS PLAN,2E2G2J2K2O2S2T3H3I,19118.0,84130136.0,2023-10-13
2023,0000091576,ein,20240914162742NAL0006864707001,KEYCORP,346542451,002,KEYCORP 401K SAVINGS PLAN,2E2G2J2K2O2S2T3H3I,17635.0,99845649.0,2024-09-14
2024,0000091576,ein,20250812170605NAL0018664450001,KEYCORP,346542451,002,KEYCORP 401K SAVINGS PLAN,2E2G2J2K2O2S2T3H3I,17385.0,101218868.0,2025-08-12
2022,0000092230,ein,20230726083648NAL0010642481001,TRUIST FINANCIAL CORPORATION,560939887,003,TRUIST FINANCIAL CORPORATION 401(K) SAVINGS PLAN,2F2G2J2K2O2T3H2E2R,55480.0,255494138.0,2023-07-26
2023,0000092230,ein,20240701082120NAL0005140032001,TRUIST FINANCIAL CORPORATION,560939887,003,TRUIST FINANCIAL CORPORATION 401(K) SAVINGS PLAN,2G2J2K2O2T3H2F2E2R,52699.0,260645308.0,2024-07-01
2024,0000092230,ein,20250626074041NAL0020365506001,TRUIST FINANCIAL CORPORATION,560939887,003,TRUIST FINANCIAL CORPORATION 401(K) SAVINGS PLAN,2F2E2R2G2J2K2O2T3H,38574.0,197297679.0,2025-06-26
2022,0000092380,ein,20230914100949NAL0029337392001,SOUTHWEST AIRLINES CO.,741563240,004,SOUTHWEST AIRLINES CO. 401K PLAN,2E2F2G2J2K2R2S2T3H,59610.0,294466763.0,2023-09-14
2022,0000092380,ein,20230914101811NAL0031364672001,SOUTHWEST AIRLINES CO.,741563240,001,SOUTHWEST AIRLINES CO. PROFITSHARING PLAN,2E2F2G2R2T3H,71460.0,98448830.0,2023-09-14
2023,0000092380,ein,20240913131019NAL0005087843001,SOUTHWEST AIRLINES CO.,741563240,001,SOUTHWEST AIRLINES CO. PROFITSHARING PLAN,2E2F2G2R2T3H,79787.0,84290016.0,2024-09-13
2023,0000092380,ein,20240913132821NAL0006000515001,SOUTHWEST AIRLINES CO.,741563240,004,SOUTHWEST AIRLINES CO. 401K PLAN,2E2F2G2J2K2R2S2T3H,67305.0,326460475.0,2024-09-13
2024,0000092380,ein,20250924095327NAL0008455920001,SOUTHWEST AIRLINES CO.,741563240,004,SOUTHWEST AIRLINES CO. RETIREMENT SAVINGS PLAN,2E2F2G2J2K2R2S2T3H,74221.0,481719433.0,2025-09-24
2022,0000093410,subsidiary,20230622114112NAL0001794193001,"PDC ENERGY, INC.",952636730,001,"THE PDC ENERGY, INC. 401(K) & PROFIT SHARING PLAN",2E2F2G2J2K2T3D,613.0,8763065.0,2023-06-22
2022,0000093410,ein,20231011124300NAL0019062163001,CHEVRON CORPORATION,940890210,001,CHEVRON EMPLOYEE SAVINGS INVESTMENT PLAN,2E2F2G2J2K2P2T3H2R,20352.0,290374770.0,2023-10-11
2023,0000093410,subsidiary,20240708124129NAL0014073697001,"PDC ENERGY, INC.",952636730,001,"THE PDC ENERGY, INC. 401(K) & PROFIT SHARING PLAN",2E2F2G2J2K2T3D,543.0,11369566.0,2024-07-08
2023,0000093410,ein,20241015144322NAL0049977328001,CHEVRON CORPORATION,940890210,001,CHEVRON EMPLOYEE SAVINGS INVESTMENT PLAN,2E2F2G2J2K2P2R2T3H,21505.0,313217679.0,2024-10-15
2024,0000093410,ein,20251014085817NAL0002451201001,CHEVRON CORPORATION,940890210,001,CHEVRON EMPLOYEE SAVINGS INVESTMENT PLAN,2F2G2J2K2T3H2R2O2E,22195.0,319724723.0,2025-10-14
2022,0000093556,ein,20230928122755NAL0012405889001,"STANLEY BLACK & DECKER, INC.",060548860,009,STANLEY BLACK & DECKER RETIREMENT ACCOUNT PLAN,2E2F2H2J2K2S2T3H,19093.0,43909188.0,2023-09-28
2023,0000093556,ein,20241011110059NAL0036728576001,"STANLEY BLACK & DECKER, INC.",060548860,009,STANLEY BLACK & DECKER RETIREMENT ACCOUNT PLAN,2E2F2H2J2K2S2T3H,18183.0,41407013.0,2024-10-11
2024,0000093556,ein,20250729083806NAL0006830290001,"STANLEY BLACK & DECKER, INC.",060548860,009,STANLEY BLACK & DECKER RETIREMENT ACCOUNT PLAN,2E2F2H2J2K2S2T3H,16084.0,34926053.0,2025-07-29
2022,0000093751,ein,20231010145157NAL0019066211001,STATE STREET CORPORATION,042456637,002,STATE STREET SALARY SAVINGS PROGRAM,2G2J2K2O2T3F3H2R,12168.0,89589814.0,2023-10-10
2023,0000093751,ein,20241011121208NAL0036872704001,STATE STREET CORPORATION,042456637,002,STATE STREET SALARY SAVINGS PROGRAM,2K2T3F2R2G2J3H,12777.0,96166666.0,2024-10-11
2024,0000093751,ein,20250929100558NAL0012035056001,STATE STREET CORPORATION,042456637,002,STATE STREET SALARY SAVINGS PROGRAM,2K2T3F2G2J2R,11992.0,98806837.0,2025-09-29
2022,0000096021,subsidiary,20231012140643NAL0020521107001,BIX PRODUCE CO.,201800034,001,"BIX PRODUCE COMPANY, LLC 401(K) RETIREMENT PLAN",2F2G2J2K2T3B3D,370.0,469346.0,2023-10-12
2022,0000096021,subsidiary,20231013090853NAL0066609538001,EDWARD DON & COMPANY,362081964,005,THE EDWARD DON & COMPANY COMPREHENSIVE PROFIT SHARING AND SAVINGS PLAN,2E2F2G2J2K2S2T3D3H,1185.0,1561856.0,2023-10-13
2022,0000096021,ein,20231016163245NAL0077131058001,SYSCO CORPORATION,741648137,015,SYSCO CORPORATION EMPLOYEES' 401(K) PLAN,2A2E2G2J2K2S2T3H,43419.0,156763110.0,2023-10-16
2023,0000096021,subsidiary,20241004152553NAL0012389905001,BIX PRODUCE CO.,201800034,001,"BIX PRODUCE COMPANY, LLC 401(K) RETIREMENT PLAN",2F2G2J2K2T3B3D,429.0,482627.0,2024-10-04
2023,0000096021,subsidiary,20241011103506NAL0038447552001,EDWARD DON & COMPANY,362081964,005,THE EDWARD DON & COMPANY COMPREHENSIVE PROFIT SHARING AND SAVINGS PLAN,2E2F2G2J2K2S2T3D3H,193.0,1534740.0,2024-10-11
2023,0000096021,ein,20241015082725NAL0015985443001,SYSCO CORPORATION,741648137,015,SYSCO CORPORATION EMPLOYEES' 401(K) PLAN,2A2E2G2J2K2S2T3H,44285.0,169832962.0,2024-10-15
2024,0000096021,subsidiary,20250924093028NAL0010370466001,BIX PRODUCE CO.,201800034,001,"BIX PRODUCE COMPANY, LLC 401(K) RETIREMENT PLAN",2F2G2J2K2T3B3D,446.0,132130.0,2025-09-24
2024,0000096021,ein,20251014135322NAL0004142848001,SYSCO CORPORATION,741648137,015,SYSCO CORPORATION EMPLOYEES' 401(K) PLAN,2A2E2G2J2K2S2T3H,44702.0,186363674.0,2025-10-14
2022,0000097210,ein,20231011141955NAL0040286864001,"TERADYNE, INC. & SUBSIDIARIES",042272148,001,"TERADYNE, INC. SAVINGS PLAN",2G2J2K2T2F2R,2068.0,12529330.0,2023-10-11
2023,0000097210,ein,20241001105600NAL0006965841001,"TERADYNE, INC. & SUBSIDIARIES",042272148,001,"TERADYNE, INC. SAVINGS PLAN",2G2J2K2T2F2R,2041.0,12529625.0,2024-10-01
2024,0000097210,ein,20251003104804NAL0001281217001,"TERADYNE, INC. & SUBSIDIARIES",042272148,001,"TERADYNE, INC. SAVINGS PLAN",2J2K2T2F2R2G,2241.0,12992053.0,2025-10-03
2022,0000097476,ein,20230629134612NAL0004503331001,TEXAS INSTRUMENTS INCORPORATED,750289970,017,TI 401(K) SAVINGS PLAN,2E2F2G2H2J2K2R2T3F3H,498.0,1984110.0,2023-06-29
2022,0000097476,ein,20230629134710NAL0004504083001,TEXAS INSTRUMENTS INCORPORATED,750289970,092,TI CONTRIBUTION AND 401(K) SAVINGS PLAN,2E2F2G2J2K2R2S2T3F3H,13037.0,68421502.0,2023-06-29
2023,0000097476,ein,20240627100600NAL0010915025001,TEXAS INSTRUMENTS INCORPORATED,750289970,017,TI 401(K) SAVINGS PLAN,2E2F2G2H2J2K2R2T3F3H,463.0,1331089.0,2024-06-27
2023,0000097476,ein,20240627100654NAL0014143376001,TEXAS INSTRUMENTS INCORPORATED,750289970,092,TI CONTRIBUTION AND 401(K) SAVINGS PLAN,2E2F2G2J2K2R2S2T3F3H,13777.0,73883331.0,2024-06-27
2024,0000097476,ein,20250620100845NAL0009482690001,TEXAS INSTRUMENTS INCORPORATED,750289970,017,TI 401(K) SAVINGS PLAN,2E2F2G2H2J2K2R2T3F3H,426.0,1206007.0,2025-06-20
2024,0000097476,ein,20250620100924NAL0002271139001,TEXAS INSTRUMENTS INCORPORATED,750289970,092,TI CONTRIBUTION AND 401(K) SAVINGS PLAN,2E2F2G2J2K2R2S2T3F3H,13175.0,75024922.0,2025-06-20
2022,0000097745,ein,20230731075256NAL0033139970001,"THERMO FISHER SCIENTIFIC, INC.",042209186,001,THERMO FISHER SCIENTIFIC INC. 401(K) RETIREMENT PLAN,2E2F2G2J2K2S2T3H,41102.0,230058000.0,2023-07-31
2022,0000097745,subsidiary,20230731075422NAL0008844435001,FISHER SCIENTIFIC COMPANY LLC,232942737,001,THERMO FISHER 401(K) RETIREMENT PLAN FOR EMPLOYEES OF PUERTO RICO,2E2F2G2J2K3H3J,620.0,1342868.0,2023-07-31
2022,0000097745,subsidiary,20231006163429NAL0015778067001,"THE BINDING SITE, INC.",330282653,001,"THE BINDING SITE, INC. 401(K) RETIREMENT SAVINGS PLAN",2E2F2G2J2T3D,122.0,967502.0,2023-10-06
2022,0000097745,subsidiary,20231012121136NAL0041746720002,"COREVITAS, LLC",465268103,001,"COREVITAS, LLC 401(K) PLAN",2E2F2G2J2K2T3D,208.0,1679913.0,2023-10-12
2022,0000097745,subsidiary,20231012150001NAL0031597985001,"EVIDERA, INC.",541759539,001,EVIDERA 401(K) PLAN,2E2F2G2J2K2T3H3D,290.0,1423760.0,2023-10-12
2022,0000097745,subsidiary,20231012150109NAL0064009538001,"PHARMACEUTICAL PRODUCT DEVELOPMENT, LLC",561640186,001,"PHARMACEUTICAL PRODUCT DEVELOPMENT, LLC RETIREMENT SAVINGS PLAN",2F2G2J2K2T3F3H2E3D,15886.0,36865368.0,2023-10-12
2023,0000097745,ein,20240826092131NAL0009558737001,"THERMO FISHER SCIENTIFIC, INC.",042209186,001,THERMO FISHER SCIENTIFIC INC. 401(K) RETIREMENT PLAN,2E2F2G2J2K2S2T3H,36150.0,209558000.0,2024-08-26
2023,0000097745,subsidiary,20240826092224NAL0009558945001,FISHER SCIENTIFIC INTERNATIONAL LLC,020451017,001,THERMO FISHER 401(K) RETIREMENT PLAN FOR EMPLOYEES OF PUERTO RICO,2E2F2G2J2K3H3J,626.0,1449417.0,2024-08-26
2023,0000097745,subsidiary,20241011143454NAL0011026371001,"PHARMACEUTICAL PRODUCT DEVELOPMENT, LLC",561640186,001,"PHARMACEUTICAL PRODUCT DEVELOPMENT, LLC RETIREMENT SAVINGS PLAN",2F2G2J2K2T3F3H2E3D,14922.0,77180153.0,2024-10-11
2023,0000097745,subsidiary,20241014113657NAL0014853091002,"COREVITAS, LLC",465268103,001,"COREVITAS, LLC 401(K) PLAN",2E2F2G2J2K2T3D,277.0,1740050.0,2024-10-14
2023,0000097745,subsidiary,20241014155345NAL0053020434001,"THE BINDING SITE, INC.",330282653,001,"THE BINDING SITE, INC. 401(K) RETIREMENT SAVINGS PLAN",2E2F2G2J2T3D,131.0,1111360.0,2024-10-14
2023,0000097745,subsidiary,20241016064950NAL0017600771001,OLINK PROTEOMICS INC,473642478,001,OLINK PROTEOMICS INC 401(K) PROFIT SHARING PLAN & TRUST,2E2F2G2J2K2T3D,148.0,925200.0,2024-10-16
2023,0000097745,subsidiary,20250130142808NAL0001421008001,"EVIDERA, INC.",541759539,001,EVIDERA 401(K) PLAN,2E2F2G2J2K2T3H3D,278.0,2300018.0,2025-01-30
2024,0000097745,ein,20250625103136NAL0019155202001,THERMO FISHER SCIENTIFIC INC.,042209186,001,THERMO FISHER SCIENTIFIC INC. 401(K) RETIREMENT PLAN,2J2K2S2T2E3H2G2F,52390.0,266690768.0,2025-06-25
2024,0000097745,subsidiary,20250625114115NAL0011489168001,FISHER SCIENTIFIC INTERNATIONAL LLC,020451017,001,THERMO FISHER 401(K) RETIREMENT PLAN FOR EMPLOYEES OF PUERTO RICO,2E2F2G2J2K3H3J,642.0,1486656.0,2025-06-25
2024,0000097745,subsidiary,20251008123458NAL0009771408001,OLINK PROTEOMICS INC,473642478,001,OLINK PROTEOMICS INC 401(K) PROFIT SHARING PLAN & TRUST,2E2F2G2J2K2T3D,153.0,674842.0,2025-10-08
2022,0000100493,subsidiary,20230808120004NAL0013863315001,"WILLIAMS SAUSAGE COMPANY, INC.",620919614,002,"WILLIAMS SAUSAGE, INC. 401(K) PLAN",2E2F2G2J2K3D,322.0,236457.0,2023-08-08
2022,0000100493,ein,20230907162742NAL0032895810001,"TYSON FOODS, INC.",710225165,004,"TYSON FOODS, INC. RETIREMENT SAVINGS PLAN",2G2J2K2E2F2T3H,113806.0,114334940.0,2023-09-07
2023,0000100493,ein,20241015130032NAL0016443683001,"TYSON FOODS, INC.",710225165,004,"TYSON FOODS, INC. RETIREMENT SAVINGS PLAN",2G2J2K2E2F2T3H,118403.0,111780670.0,2024-10-15
2024,0000100493,ein,20251009102138NAL0006818097001,"TYSON FOODS, INC.",710225165,004,"TYSON FOODS, INC. RETIREMENT SAVINGS PLAN",2E2F2G2J2K2T3D3H,118435.0,115199904.0,2025-10-09
2022,0000100517,name,20231009095654NAL0016680675001,"UNITED AIRLINES, INC.",742099724,202,UNITED AIRLINES PILOT RETIREMENT ACCOUNT PLAN,2E2F2G2J2K2R3H2S2T3J,14959.0,476420916.0,2023-10-09
2022,0000100517,name,20231012195808NAL0065147202001,"UNITED AIRLINES, INC.",742099724,205,"CONTINENTAL MICRONESIA, INC. 401(K) SAVINGS PLAN",2E2J2F2G2K,921.0,1363046.0,2023-10-12
2022,0000100517,name,20231013102133NAL0022461731001,"UNITED AIRLINES, INC.",742099724,008,UNITED AIRLINES FLIGHT ATTENDANT 401(K) PLAN,2E2F2G2J2R2S2T3H,24331.0,73960531.0,2023-10-13
2022,0000100517,name,20231013102704NAL0032968497001,"UNITED AIRLINES, INC.",742099724,222,UNITED AIRLINES 401(K) SAVINGS PLAN,2E2F2G2J2R2T3H,47594.0,133513324.0,2023-10-13
2023,0000100517,name,20241008174235NAL0009946339001,"UNITED AIRLINES, INC.",742099724,205,"CONTINENTAL MICRONESIA, INC. 401(K) SAVINGS PLAN",2E2J2F2G2K,1300.0,1600588.0,2024-10-08
2023,0000100517,name,20241010175111NAL0021552849001,"UNITED AIRLINES, INC.",742099724,222,UNITED AIRLINES 401(K) SAVINGS PLAN,2E2F2G2J2R2T3H,57326.0,152356466.0,2024-10-10
2023,0000100517,name,20241010175443NAL0034933936001,"UNITED AIRLINES, INC.",742099724,008,UNITED AIRLINES FLIGHT ATTENDANT 401(K) PLAN,2E2F2G2J2R2S2T3H,27196.0,80492673.0,2024-10-10
2023,0000100517,name,20260311161534NAL0005496625001,"UNITED AIRLINES, INC.",742099724,202,UNITED AIRLINES PILOT RETIREMENT ACCOUNT PLAN,2E2F2G2J2K2R3H2S2T3J,16617.0,595374149.0,2026-03-11
2024,0000100517,name,20251012180947NAL0000858976001,"UNITED AIRLINES, INC.",742099724,205,"CONTINENTAL MICRONESIA, INC. 401(K) SAVINGS PLAN",2E2J2F2G2K,1019.0,1797237.0,2025-10-12
2024,0000100517,name,20251013141952NAL0000708243001,"UNITED AIRLINES, INC.",742099724,008,UNITED AIRLINES FLIGHT ATTENDANT 401(K) PLAN,2E2F2G2J2R2S2T3H,27891.0,85529425.0,2025-10-13
2024,0000100517,name,20251015145838NAL0010232146001,"UNITED AIRLINES, INC.",742099724,222,UNITED AIRLINES 401(K) SAVINGS PLAN,2E2F2G2J2R2T3H,68568.0,164852259.0,2025-10-15
2024,0000100517,name,20260429165613NAL0006006931001,"UNITED AIRLINES, INC.",742099724,202,UNITED AIRLINES PILOT RETIREMENT ACCOUNT PLAN,2E2F2G2J2K2R3H2S2T3J,17444.0,740948382.0,2026-04-29
2022,0000100885,subsidiary,20230731071415NAL0032580130001,UNION PACIFIC RAILROAD COMPANY,946001323,015,UNION PACIFIC AGREEMENT EMPLOYEE 401K RETIREMENT THRIFT PLAN,2E2F2G2J2K2T3H,27770.0,1450894.0,2023-07-31
2022,0000100885,ein,20230731072433NAL0008830195001,UNION PACIFIC CORPORATION,132626465,004,UNION PACIFIC CORPORATION THRIFT PLAN,2E2F2G2J2K2S2T3H,5470.0,22363134.0,2023-07-31
2023,0000100885,ein,20240729082915NAL0019130257001,UNION PACIFIC CORPORATION,132626465,004,UNION PACIFIC CORPORATION THRIFT PLAN,2E2F2G2J2K2O2S2T3H,5350.0,25592530.0,2024-07-29
2023,0000100885,subsidiary,20240729083254NAL0010879859001,UNION PACIFIC RAILROAD COMPANY,946001323,015,UNION PACIFIC AGREEMENT EMPLOYEE 401K RETIREMENT THRIFT PLAN,2E2F2G2J2K2O2T3H,28813.0,1616170.0,2024-07-29
2024,0000100885,ein,20251010081808NAL0007796929001,UNION PACIFIC CORPORATION,132626465,004,UNION PACIFIC CORPORATION THRIFT PLAN,2E2F2G2J2K2O2S2T3H,5184.0,27158761.0,2025-10-10
2024,0000100885,subsidiary,20251010081844NAL0012119760001,UNION PACIFIC RAILROAD COMPANY,946001323,015,UNION PACIFIC AGREEMENT EMPLOYEE 401K RETIREMENT THRIFT PLAN,2E2F2G2J2K2O2T3H,27598.0,1434885.0,2025-10-10
2022,0000101829,ein,20230915144321NAL0052577106001,RAYTHEON TECHNOLOGIES CORPORATION,060570975,017,UNITED TECHNOLOGIES CORPORATION EMPLOYEE SAVINGS PLAN,2E2F2H2J2K2P3H,59521.0,339081000.0,2023-09-15
2022,0000101829,name,20230915144627NAL0052587650001,RAYTHEON TECHNOLOGIES CORPORATION,363823933,039,UTC PUERTO RICO SAVINGS PLAN,2E2F2G2J2K3C3H,2394.0,3881212.0,2023-09-15
2023,0000101829,ein,20240925173212NAL0014745905001,RTX CORPORATION,060570975,017,RTX SAVINGS PLAN,2E2F2H2J2K2P3H,124224.0,986829000.0,2024-09-25
2024,0000101829,ein,20251013222127NAL0000968995001,RTX CORPORATION,060570975,017,RTX SAVINGS PLAN,2E2F2H2J2K2P3H,123327.0,1082185000.0,2025-10-13
2022,0000104169,ein,20230920093453NAL0003714642001,WALMART INC.,710415188,003,WALMART 401(K) PLAN,2E2F2G2J2K2T3H2O,1611202.0,1485071421.0,2023-09-20
2022,0000104169,ein,20230920094904NAL0001538993001,WALMART INC.,710415188,004,WALMART PUERTO RICO 401(K) PLAN,2E2F2G2J2K2T3C3H2O,10789.0,9165864.0,2023-09-20
2023,0000104169,ein,20241017130108NAL0063675474001,WALMART INC.,710415188,004,WALMART PUERTO RICO 401(K) PLAN,2E2F2G2J2K2T3C3H2O,10907.0,9015024.0,2024-10-17
2023,0000104169,ein,20241017130927NAL0016357411001,WALMART INC.,710415188,003,WALMART 401(K) PLAN,2E2F2G2J2K2T3H2O,1635899.0,1586359465.0,2024-10-17
2024,0000104169,ein,20250814104459NAL0013576224001,WALMART INC.,710415188,004,WALMART PUERTO RICO 401(K) PLAN,2E2F2G2J2K2T3C3H2O,11133.0,8989257.0,2025-08-14
2024,0000104169,ein,20250814105617NAL0005370979001,WALMART INC.,710415188,003,WALMART 401(K) PLAN,2E2F2G2J2K2T3H2O,1670732.0,1825137785.0,2025-08-14
2022,0000105634,ein,20231009105049NAL0026065089001,"EMCOR GROUP, INC.",112125338,003,"EMCOR GROUP, INC. AND SUBSIDIARIES UNION EMPLOYEES' 401(K) PLAN",2E2F2G2J2K2T3H,910.0,1063552.0,2023-10-09
2022,0000105634,ein,20231009105413NAL0016727251001,"EMCOR GROUP, INC.",112125338,002,"EMCOR GROUP, INC. 401(K) SAVINGS PLAN",2E2F2G2J2K2S2T3H,12575.0,40414832.0,2023-10-09
2023,0000105634,ein,20241004115458NAL0011389089001,"EMCOR GROUP, INC.",112125338,003,"EMCOR GROUP, INC. AND SUBSIDIARIES UNION EMPLOYEES' 401(K) PLAN",2E2F2G2J2K2T3H,889.0,663128.0,2024-10-04
2023,0000105634,ein,20241004120141NAL0022626082001,"EMCOR GROUP, INC.",112125338,002,"EMCOR GROUP, INC. 401(K) SAVINGS PLAN",2E2F2G2J2K2S2T3H,13017.0,46169417.0,2024-10-04
2024,0000105634,ein,20251014163202NAL0001686307001,"EMCOR GROUP, INC.",112125338,002,"EMCOR GROUP, INC. 401(K) SAVINGS PLAN",2E2F2G2J2K2S2T3H,12965.0,55660959.0,2025-10-14
2024,0000105634,ein,20251014174705NAL0007043314001,"EMCOR GROUP, INC.",112125338,003,"EMCOR GROUP, INC. AND SUBSIDIARIES UNION EMPLOYEES' 401(K) PLAN",2E2F2G2J2K2T3H,792.0,629111.0,2025-10-14
2022,0000105770,ein,20230719093619NAL0004013586001,"WEST PHARMACEUTICAL SERVICES, INC.",231210010,008,"WEST PHARMACEUTICAL SERVICES, INC. 401(K) PLAN",2E2F2G2J2K2O2S2T3H,4447.0,20986927.0,2023-07-19
2022,0000105770,subsidiary,20230719093814NAL0002125121001,WEST CONTRACT MANUFACTURING LLC,860640193,001,WEST CONTRACT MANUFACTURING SAVINGS AND RET. PLAN,2E2F2G2J2K2S2T3H3J,168.0,451474.0,2023-07-19
2023,0000105770,ein,20240719101510NAL0003827907001,"WEST PHARMACEUTICAL SERVICES, INC.",231210010,008,"WEST PHARMACEUTICAL SERVICES, INC. 401(K) PLAN",2F2G2T3D2J2K2S2E3F,4527.0,21675004.0,2024-07-19
2023,0000105770,subsidiary,20240719104131NAL0011800624001,WEST CONTRACT MANUFACTURING LLC,860640193,001,WEST CONTRACT MANUFACTURING SAVINGS AND RET. PLAN,2E2F2G2J2K2S2T3H3J,213.0,455046.0,2024-07-19
2024,0000105770,subsidiary,20251014112003NAL0003776048001,WEST CONTRACT MANUFACTURING LLC,860640193,001,WEST CONTRACT MANUFACTURING SAVINGS AND RET. PLAN,2E2F2G2J2K2S2T3H3J,222.0,535604.0,2025-10-14
2024,0000105770,ein,20251014124544NAL0001364547001,"WEST PHARMACEUTICAL SERVICES, INC.",231210010,008,"WEST PHARMACEUTICAL SERVICES, INC. 401(K) PLAN",2F2G2T2J2K2S2E3F3D,4473.0,23275031.0,2025-10-14
2022,0000106040,ein,20230927123352NAL0007094995001,WESTERN DIGITAL CORPORATION,330956711,003,WESTERN DIGITAL CORPORATION 401(K) PLAN,2E2F2G2J2K2R2S2T3D3H,7690.0,34193594.0,2023-09-27
2023,0000106040,ein,20240918111637NAL0009363154001,WESTERN DIGITAL CORPORATION,330956711,003,WESTERN DIGITAL CORPORATION 401(K) PLAN,2E2F2G2J2K2R2S2T3D3H,6558.0,4602018.0,2024-09-18
2024,0000106040,ein,20251013163438NAL0001604737001,WESTERN DIGITAL CORPORATION,330956711,003,WESTERN DIGITAL CORPORATION 401(K) PLAN,2E2F2G2T3D2J2K2S2R3H,6598.0,26408521.0,2025-10-13
2022,0000106535,ein,20231013163956NAL0023253171001,WEYERHAEUSER COMPANY,910470860,035,WEYERHAEUSER 401(K) PLAN,2E2F2G2I2J2K2O2S2T3H,7743.0,28745000.0,2023-10-13
2023,0000106535,ein,20240919140327NAL0006261473001,WEYERHAEUSER COMPANY,910470860,035,WEYERHAEUSER 401(K) PLAN,2E2F2G2I2J2K2O2S2T3H,7871.0,32202000.0,2024-09-19
2024,0000106535,ein,20250908114157NAL0032626672001,WEYERHAEUSER COMPANY,910470860,035,WEYERHAEUSER 401(K) PLAN,2E2F2G2I2J2K2O2S2T3H,7901.0,33935000.0,2025-09-08
2022,0000107263,subsidiary,20230911133110NAL0011766723001,CARDINAL OPERATING COMPANY,341025410,001,CARDINAL OPERATING COMPANY 401(K) PLAN,2A2E2F2G2J2K2S2T3D,272.0,3603116.0,2023-09-11
2022,0000107263,ein,20231003155614NAL0012642451001,"THE WILLIAMS COMPANIES, INC.",730569878,008,THE WILLIAMS INVESTMENT PLUS PLAN,2E2F2G2J2K2O2R2S2T3H,5041.0,52261951.0,2023-10-03
2022,0000107263,subsidiary,20231010114518NAL0037512064001,"WILLIAMS INTERNATIONAL CO, LLC",383232737,004,WILLIAMS INTERNATIONAL RESULTS BASED PENSION PLAN,2F2G2T2J2K2E2R,2150.0,5402098.0,2023-10-10
2022,0000107263,subsidiary,20231010114741NAL0027602369001,"WILLIAMS INTERNATIONAL CO, LLC",383232737,003,WILLIAMS INTERNATIONAL EMPLOYEES SAVINGS PLAN,2J2K2S2T2G2E2R,2016.0,2951962.0,2023-10-10
2022,0000107263,subsidiary,20231016160316NAL0025352003001,"BLUE RACER MIDSTREAM, LLC",461520107,001,BLUE RACER MIDSTREAM 401(K) PLAN,2E2F2G2J2K2T3D,180.0,1409411.0,2023-10-16
2023,0000107263,subsidiary,20240711093228NAL0010253635001,CARDINAL OPERATING COMPANY,341025410,001,CARDINAL OPERATING COMPANY 401(K) PLAN,2A2E2F2G2J2K2S2T3D,265.0,3621043.0,2024-07-11
2023,0000107263,name,20240909141824NAL0005587937001,"THE WILLIAMS COMPANIES, INC.",461520107,002,BLUE RACER MIDSTREAM 401(K) PLAN,2F2G2J2K2T3D2E,213.0,1607334.0,2024-09-09
2023,0000107263,subsidiary,20240930070127NAL0008970496001,"WILLIAMS INTERNATIONAL CO, LLC",383232737,003,WILLIAMS INTERNATIONAL EMPLOYEES SAVINGS PLAN,2T2G2E3D2R2J2K2S,2182.0,3449597.0,2024-09-30
2023,0000107263,subsidiary,20240930070229NAL0005410417001,"WILLIAMS INTERNATIONAL CO, LLC",383232737,004,WILLIAMS INTERNATIONAL RESULTS BASED PENSION PLAN,2F2G2T2J2K2E3D2R,2198.0,4811933.0,2024-09-30
2023,0000107263,ein,20241011111510NAL0012413059001,"THE WILLIAMS COMPANIES, INC.",730569878,008,THE WILLIAMS INVESTMENT PLUS PLAN,2E2F2G2J2K2O2R2S2T3H,5204.0,59548965.0,2024-10-11
2023,0000107263,ein,20250311215729NAL0018356321001,"THE WILLIAMS COMPANIES, INC.",730569878,002,BLUE RACER MIDSTREAM 401(K) PLAN,2F2G2J2K2T3D2E,213.0,1607334.0,2025-03-11
2024,0000107263,subsidiary,20250725101123NAL0006487745001,CARDINAL OPERATING COMPANY,341025410,001,CARDINAL OPERATING COMPANY 401(K) PLAN,2A2E2F2G2J2K2S2T3D,257.0,3630502.0,2025-07-25
2024,0000107263,ein,20251008121549NAL0003265331001,"THE WILLIAMS COMPANIES, INC.",730569878,008,THE WILLIAMS INVESTMENT PLUS PLAN,2E2F2G2J2K2O2R2S2T3H,5692.0,65948743.0,2025-10-08
2024,0000107263,subsidiary,20251013103054NAL0000489251001,"WILLIAMS INTERNATIONAL CO, LLC",383232737,004,WILLIAMS INTERNATIONAL RESULTS BASED PENSION PLAN,2F2G2T2J2K2E3D2R,2224.0,7124134.0,2025-10-13
2024,0000107263,subsidiary,20251013103238NAL0001722544001,"WILLIAMS INTERNATIONAL CO, LLC",383232737,003,WILLIAMS INTERNATIONAL EMPLOYEES SAVINGS PLAN,2T2G2E2J2K2S3D2R,2238.0,3686920.0,2025-10-13
2022,0000109198,ein,20231003144301NAL0018305441001,"THE TJX COMPANIES, INC.",042207613,005,"THE TJX COMPANIES, INC. GENERAL SAVINGS/PROFIT SHARING PLAN (P. R. )",2E2F2G2T3C,1951.0,965570.0,2023-10-03
2022,0000109198,ein,20231003145140NAL0012583459001,"THE TJX COMPANIES, INC.",042207613,004,"THE TJX COMPANIES, INC. GENERAL SAVINGS/PROFIT SHARING PLAN",2E2F2G2J2K2T2S,108909.0,84787105.0,2023-10-03
2023,0000109198,ein,20241008112531NAL0008292963001,"THE TJX COMPANIES, INC.",042207613,004,"THE TJX COMPANIES, INC. 401(K) SAVINGS PLAN",2E2F2G2J2K2T2S,285277.0,100801289.0,2024-10-08
2023,0000109198,ein,20241008112921NAL0009591491001,"THE TJX COMPANIES, INC.",042207613,005,"THE TJX COMPANIES, INC. PUERTO RICO SAVINGS PLAN",2E2F2G2T3C,3777.0,1027389.0,2024-10-08
2024,0000109198,ein,20251001101810NAL0013054545001,"THE TJX COMPANIES, INC.",042207613,004,"THE TJX COMPANIES, INC. 401(K) SAVINGS PLAN",2E2F2G2J2K2T2S,294348.0,110532156.0,2025-10-01
2024,0000109198,ein,20251001102049NAL0013059393001,"THE TJX COMPANIES, INC.",042207613,005,"THE TJX COMPANIES, INC. PUERTO RICO SAVINGS PLAN",2E2F2G2T3C,3717.0,1124962.0,2025-10-01
2022,0000200406,subsidiary,20230911150943NAL0011855939001,"ABIOMED, INC.",042743260,001,ABIOMED RETIREMENT SAVINGS PLAN,2E2F2G2J2K2S2T3D3F3H,1396.0,5203483.0,2023-09-11
2022,0000200406,name,20230918101951NAL0027036801001,"JOHNSON & JOHNSON, INC.",570189850,001,"JOHNSON & JOHNSON, INC. PROFIT SHARING PLAN",2E2F2G2J2K2S2T3H3D2A,478.0,1404434.0,2023-09-18
2022,0000200406,subsidiary,20231003145320NAL0037753874001,"SHOCKWAVE MEDICAL, INC.",270494101,001,"SHOCKWAVE MEDICAL, INC. 401(K) PLAN",2F2G2J2K2S2T2E3D,881.0,3733849.0,2023-10-03
2022,0000200406,ein,20231012080910NAL0041245776001,JOHNSON AND JOHNSON,221024240,100,JOHNSON AND JOHNSON SAVINGS PLAN,2E2F2G2J2K2O2S2T3F3H,41291.0,268184717.0,2023-10-12
2022,0000200406,ein,20231012081115NAL0062593842001,JOHNSON AND JOHNSON,221024240,200,JOHNSON AND JOHNSON RETIREMENT SAVINGS PLAN,2E2F2G2K2O2S2T3C3H,4990.0,7469319.0,2023-10-12
2022,0000200406,name,20231013073718NAL0022269587001,"JOHNSON & JOHNSON, INC.",590799238,001,"JOHNSON & JOHNSON, INC. 401(K) PROFIT SHARING PLAN AND TRUST",2E2F2G2J2K2T3D3H,205.0,117650.0,2023-10-13
2023,0000200406,subsidiary,20240724094848NAL0008032195001,"ABIOMED, INC.",042743260,001,ABIOMED RETIREMENT SAVINGS PLAN,2E2F2G2J2K2S2T3F3H3D,1694.0,4971193.0,2024-07-24
2023,0000200406,subsidiary,20240802162902NAL0025163905001,"SHOCKWAVE MEDICAL, INC.",270494101,001,"SHOCKWAVE MEDICAL, INC. 401(K) PLAN",2F2G2J2K2S2T2E3D,1191.0,5138471.0,2024-08-02
2023,0000200406,ein,20241008061829NAL0008147283001,JOHNSON AND JOHNSON,221024240,100,JOHNSON AND JOHNSON SAVINGS PLAN,2E2F2G2J2K2O2S2T3F3H,42583.0,255766166.0,2024-10-08
2023,0000200406,ein,20241008061842NAL0008147331001,JOHNSON AND JOHNSON,221024240,200,JOHNSON AND JOHNSON RETIREMENT SAVINGS PLAN,2E2F2G2J2K2O2S2T3C3H,4562.0,7000063.0,2024-10-08
2023,0000200406,name,20241008132802NAL0008399299001,"JOHNSON & JOHNSON, INC.",570189850,001,"JOHNSON & JOHNSON, INC. PROFIT SHARING PLAN",2E2F2G2J2K2S2T3H2A3D,518.0,1541067.0,2024-10-08
2023,0000200406,name,20241014074042NAL0014605651001,"JOHNSON & JOHNSON, INC.",590799238,001,"JOHNSON & JOHNSON, INC. 401(K) PROFIT SHARING PLAN AND TRUST",2E2F2G2J2K2T3D3H,346.0,143568.0,2024-10-14
2024,0000200406,subsidiary,20250424131042NAL0007397697001,"SHOCKWAVE MEDICAL, INC.",270494101,001,"SHOCKWAVE MEDICAL, INC. 401(K) PLAN",2F2G2J2K2S2T2E3D,1394.0,6327779.0,2025-04-24
2024,0000200406,subsidiary,20250717130736NAL0000472080001,"ABIOMED, INC.",042743260,001,ABIOMED RETIREMENT SAVINGS PLAN,2E2F2G2J2K2S2T3F3H3D,1554.0,0.0,2025-07-17
2024,0000200406,name,20251012140631NAL0000839954001,"JOHNSON & JOHNSON, INC.",590799238,001,"JOHNSON & JOHNSON, INC. 401(K) PROFIT SHARING PLAN AND TRUST",2E2F2G2J2K2T3D3H,347.0,153362.0,2025-10-12
2024,0000200406,name,20251013145326NAL0003356002001,"JOHNSON & JOHNSON, INC.",570189850,001,"JOHNSON & JOHNSON, INC. PROFIT SHARING PLAN",2E2F2G2J2K2S2T3H2A3D,601.0,1908132.0,2025-10-13
2024,0000200406,ein,20251015120755NAL0006024272001,JOHNSON AND JOHNSON,221024240,100,JOHNSON AND JOHNSON SAVINGS PLAN,2E2F2G2J2K2O2S2T3F3H,44280.0,274200961.0,2025-10-15
2024,0000200406,ein,20251015120808NAL0002263747001,JOHNSON AND JOHNSON,221024240,200,JOHNSON AND JOHNSON RETIREMENT SAVINGS PLAN,2E2F2G2J2K2O2S2T3C3H,4097.0,7866275.0,2025-10-15
2022,0000202058,subsidiary,20230605183422NAL0026258321001,"AEROJET ROCKETDYNE HOLDINGS, INC.",340244000,334,AEROJET ROCKETDYNE RETIREMENT SAVINGS PLAN,2E2F2H2J2K2R2T3F3H,4668.0,23748590.0,2023-06-05
2022,0000202058,ein,20230928074550NAL0011809969001,"L3HARRIS TECHNOLOGIES, INC.",340276860,015,L3HARRIS RETIREMENT SAVINGS PLAN,2E2F2G2J2K2S2T3F2R,40665.0,534205.0,2023-09-28
2022,0000202058,name,20231013105323NAL0044163568001,HARRIS GROUP INC.,910931646,001,HARRIS GROUP DEFERRED INCOME PLAN AND TRUST,2E2F2G2J2K2S2T3D,90.0,179711.0,2023-10-13
2022,0000202058,name,20231013105532NAL0021655971001,HARRIS GROUP INC.,910931646,002,HARRIS GROUP INC. EMPLOYEE STOCK OWNERSHIP PLAN,2I2P2Q3I,79.0,238533.0,2023-10-13
2023,0000202058,ein,20240905163435NAL0046993746001,"L3HARRIS TECHNOLOGIES, INC.",340276860,015,L3HARRIS RETIREMENT SAVINGS PLAN,2F2E2J2K2R2S2T3F2G,40330.0,523934.0,2024-09-05
2023,0000202058,name,20240927154410NAL0004010144001,HARRIS GROUP INC.,910931646,001,HARRIS GROUP DEFERRED INCOME PLAN AND TRUST,2E2F2G2J2K2S2T3D,96.0,203568.0,2024-09-27
2023,0000202058,name,20240927160927NAL0001415907001,HARRIS GROUP INC.,910931646,002,HARRIS GROUP INC. EMPLOYEE STOCK OWNERSHIP PLAN,2I2P2Q3I,85.0,275368.0,2024-09-27
2024,0000202058,ein,20250910143324NAL0013496243001,"L3HARRIS TECHNOLOGIES, INC.",340276860,015,L3HARRIS RETIREMENT SAVINGS PLAN,2F2E2J2K2S2T3F2G2R,41945.0,424182.0,2025-09-10
2024,0000202058,name,20251015112844NAL0002217235001,HARRIS GROUP INC.,910931646,002,HARRIS GROUP INC. EMPLOYEE STOCK OWNERSHIP PLAN,2I2P2Q3I,75.0,267833.0,2025-10-15
2024,0000202058,name,20251015113017NAL0009335058001,HARRIS GROUP INC.,910931646,001,HARRIS GROUP DEFERRED INCOME PLAN AND TRUST,2E2F2G2J2K2S2T3D,86.0,215693.0,2025-10-15
2022,0000217346,ein,20230724105010NAL0004313219001,TEXTRON INC.,050315468,030,TEXTRON SAVINGS PLAN,2E2F2H2J2K2O2S2T3F3H3I2R,26580.0,133119994.0,2023-07-24
2022,0000217346,ein,20230724123401NAL0004360643001,"TEXTRON, INC.",050315468,077,TEXTRON RETIREMENT ACCOUNT PLAN TRUST,2E2H2T3F3H,10046.0,11457985.0,2023-07-24
2023,0000217346,ein,20240625082205NAL0007028545001,"TEXTRON, INC.",050315468,077,TEXTRON RETIREMENT ACCOUNT PLAN TRUST,2E2H2T3F3H,9563.0,10715465.0,2024-06-25
2023,0000217346,ein,20240625125724NAL0008045313001,TEXTRON INC.,050315468,030,TEXTRON SAVINGS PLAN,2E2F2H2J2K2O2S2T3F3H3I2R,26609.0,146508431.0,2024-06-25
2024,0000217346,ein,20250708132051NAL0004714017001,TEXTRON INC.,050315468,030,TEXTRON SAVINGS PLAN,2E2F2H2J2K2O2S2T3F3H3I2R,26117.0,153828040.0,2025-07-08
2024,0000217346,ein,20250708160536NAL0002365955001,"TEXTRON, INC.",050315468,077,TEXTRON INC RETIREMENT ACCOUNT PLAN,2E2H2T3F3H,8937.0,10401668.0,2025-07-08
2022,0000277135,ein,20230925090759NAL0010103792001,"W. W. GRAINGER, INC.",361150280,002,"W. W. GRAINGER, INC. 401K PLAN",2E2F2G2J2K3D3H,735.0,4134047.0,2023-09-25
2022,0000277135,ein,20230925091451NAL0007383425001,"W.W. GRAINGER, INC.",361150280,001,"W. W. GRAINGER, INC. RETIREMENT SAVINGS PLAN",2A2E2F2G2T3F3H3J,18524.0,83588672.0,2023-09-25
2023,0000277135,ein,20241011061835NAL0042734514001,"W. W. GRAINGER, INC.",361150280,002,"W. W. GRAINGER, INC. 401K PLAN",2E2F2G2J2K3D3H,675.0,4462316.0,2024-10-11
2023,0000277135,ein,20241011062130NAL0010657107001,"W.W. GRAINGER, INC.",361150280,001,"W. W. GRAINGER, INC. RETIREMENT SAVINGS PLAN",2A2E2F2G2T3F3H3J,18584.0,87961717.0,2024-10-11
2024,0000277135,ein,20250926113102NAL0003983347001,"W.W. GRAINGER, INC.",361150280,001,"W. W. GRAINGER, INC. RETIREMENT SAVINGS PLAN",2A2E2F2G2T3F3H3J,18757.0,91516355.0,2025-09-26
2024,0000277135,ein,20250926115124NAL0010098800001,"W. W. GRAINGER, INC.",361150280,002,"W. W. GRAINGER, INC. 401K PLAN",2E2F2G2J2K3D3H,702.0,4699672.0,2025-09-26
2022,0000277948,ein,20231005145506NAL0021887217001,CSX CORPORATION,621051971,004,CSX CORPORATION CAPITAL BUILDER PLAN,2A2F2G2J2K2T3H2O3I3J,20710.0,6579935.0,2023-10-05
2022,0000277948,ein,20231005145629NAL0021446593001,CSX CORPORATION,621051971,003,CSX CORPORATION 401(K) PLAN,2E2F2G2J2K2S2T3H2O3J3I,3305.0,12392258.0,2023-10-05
2023,0000277948,ein,20241003100844NAL0010379409001,CSX CORPORATION,621051971,003,CSX CORPORATION 401(K) PLAN,2E2F2G2J2K2S2T3H2O3J3I,3335.0,14898810.0,2024-10-03
2023,0000277948,ein,20241003101126NAL0016827424001,CSX CORPORATION,621051971,004,CSX CORPORATION CAPITAL BUILDER PLAN,2A2F2G2J2K2T3H2O3I3J,20134.0,5036677.0,2024-10-03
2024,0000277948,ein,20251008083603NAL0005569969001,CSX CORPORATION,621051971,003,CSX CORPORATION 401(K) PLAN,2E2F2G2J2K2O2S3H3I3J,3385.0,15724463.0,2025-10-08
2022,0000310158,ein,20230920185735NAL0005187266001,"MERCK & CO., INC.",221918501,001,MERCK US SAVINGS PLAN,2E2F2H2J2K2O3F3H,26850.0,169192528.0,2023-09-20
2022,0000310158,ein,20230920190335NAL0005200306001,"MERCK & CO., INC.",221918501,004,MSD EMPLOYEE STOCK PURCHASE & SAVINGS PLAN,2E2F2H2J2K2O3F3H,2487.0,6636615.0,2023-09-20
2022,0000310158,subsidiary,20231012094825NAL0042033296001,"PROMETHEUS BIOSCIENCES, INC.",814282653,001,"PROMETHEUS BIOSCIENCES, INC. 401(K) PLAN",2E2F2G2J2T,86.0,1034847.0,2023-10-12
2023,0000310158,ein,20240924095034NAL0022608432001,"MERCK & CO., INC.",221918501,001,MERCK US SAVINGS PLAN,2E2F2H2J2K2O3F3H,27956.0,192947897.0,2024-09-24
2023,0000310158,ein,20240924095451NAL0012782817001,"MERCK & CO., INC.",221918501,004,MSD EMPLOYEE STOCK PURCHASE & SAVINGS PLAN,2E2F2H2J2K2O3F3H,2195.0,6322677.0,2024-09-24
2024,0000310158,ein,20250922090523NAL0005406704001,"MERCK & CO., INC.",221918501,001,MERCK US SAVINGS PLAN,2E2F2H2J2K2O3F3H,29178.0,209188698.0,2025-09-22
2024,0000310158,ein,20250922091219NAL0002069555001,"MERCK & CO., INC.",221918501,004,MSD EMPLOYEE STOCK PURCHASE & SAVINGS PLAN,2E2F2H2J2K2O3F3H,2219.0,6556421.0,2025-09-22
2022,0000310764,ein,20230914153103NAL0029831792001,STRYKER CORPORATION,381239739,002,STRYKER CORPORATION 401(K) SAVINGS AND RETIREMENT PLAN,2E2F2G2J2K2S2T3F3H,24750.0,230598876.0,2023-09-14
2022,0000310764,subsidiary,20231005085131NAL0014157251001,"INARI MEDICAL, INC.",452902923,001,"INARI MEDICAL, INC. 401(K) PLAN",2A2E2F2G2J2K2S2T3D,1015.0,6734201.0,2023-10-05
2022,0000310764,subsidiary,20231014115148NAL0023022547001,"STRYKER PUERTO RICO, LLC",660955512,001,STRYKER PUERTO RICO SAVINGS AND RETIREMENT PLAN,2E2G2J2K3C3H,845.0,2289034.0,2023-10-14
2023,0000310764,ein,20240930124207NAL0005683489001,STRYKER CORPORATION,381239739,002,STRYKER CORPORATION 401(K) SAVINGS AND RETIREMENT PLAN,2E2F2G2J2K2S2T3F3H,25035.0,250752511.0,2024-09-30
2023,0000310764,subsidiary,20241015092625NAL0056783474001,"INARI MEDICAL, INC.",452902923,001,"INARI MEDICAL, INC. 401(K) PLAN",2A2E2F2G2J2K2S2T3D3H,1155.0,8452496.0,2024-10-15
2023,0000310764,subsidiary,20241015153443NAL0016768547001,"VERTOS MEDICAL, INC.",202214577,001,"VERTOS MEDICAL, INC. 401(K) PLAN",2E2J2K2F2G3D2T,184.0,589300.0,2024-10-15
2023,0000310764,subsidiary,20250820155209NAL0001658723001,"STRYKER PUERTO RICO, LLC",660955512,001,STRYKER PUERTO RICO SAVINGS AND RETIREMENT PLAN,2E2G2J2K3C3H,978.0,2238465.0,2025-08-20
2024,0000310764,subsidiary,20250523101232NAL0009862754001,"VERTOS MEDICAL, INC.",202214577,001,"VERTOS MEDICAL, INC. 401(K) PLAN",2E2J2K2F2G3D2T,66.0,721197.0,2025-05-23
2024,0000310764,ein,20250714144343NAL0000956691001,STRYKER CORPORATION,381239739,002,STRYKER CORPORATION 401(K) SAVINGS AND RETIREMENT PLAN,2E2F2G2J2K2S2T3F3H,26501.0,292845894.0,2025-07-14
2024,0000310764,subsidiary,20250925092341NAL0009581280001,"INARI MEDICAL, INC.",452902923,001,"INARI MEDICAL, INC. 401(K) PLAN",2E2F2G2J2K2S2T3D3H,1251.0,11363582.0,2025-09-25
2022,0000313616,subsidiary,20231002095559NAL0034833906001,"ALDEVRON, LLC",450451327,001,ALDEVRON RETIREMENT SAVINGS PLAN,2E2F2G2J2K2S2T3B3D3F3H,895.0,1493454.0,2023-10-02
2022,0000313616,ein,20231002191021NAL0035853042001,DANAHER CORPORATION,591995548,004,DANAHER CORPORATION & SUBSIDIARIES SAVINGS PLAN,2E2G2J2K2R2S2T3H,29444.0,204157604.0,2023-10-02
2022,0000313616,ein,20231115083822NAL0011743042001,DANAHER CORPORATION,591995548,014,DANAHER CORPORATION & SUBSIDIARIES PUERTO RICO SAVINGS PLAN,2E2F2G2T3C3H,819.0,1928105.0,2023-11-15
2023,0000313616,ein,20240805104445NAL0001247441001,DANAHER CORPORATION,591995548,014,DANAHER CORPORATION & SUBSIDIARIES PUERTO RICO SAVINGS PLAN,2E2F2G2T3C3H,646.0,1837392.0,2024-08-05
2023,0000313616,ein,20241011115330NAL0022698769001,DANAHER CORPORATION,591995548,004,DANAHER CORPORATION & SUBSIDIARIES SAVINGS PLAN,2E2G2J2K2R2S2T3H,23090.0,199900609.0,2024-10-11
2024,0000313616,ein,20250725140325NAL0003224019001,DANAHER CORPORATION,591995548,014,DANAHER CORPORATION & SUBSIDIARIES PUERTO RICO SAVINGS PLAN,2E2F2G2T3C3H,599.0,1606773.0,2025-07-25
2024,0000313616,ein,20251010101149NAL0007491633001,DANAHER CORPORATION,591995548,004,DANAHER CORPORATION & SUBSIDIARIES SAVINGS PLAN,2E2G2J2K2R2S2T3H,23252.0,166646643.0,2025-10-10
2022,0000313927,ein,20230828110652NAL0005425120001,"CHURCH & DWIGHT CO., INC.",134996950,008,"CHURCH & DWIGHT CO. , INC. SAVINGS AND PROFIT SHARING PLAN FOR SALARIED EMPLOYEES",2E2F2H2J2K2O2S2T3I,1805.0,17425356.0,2023-08-28
2022,0000313927,ein,20230828111000NAL0003860705001,"CHURCH & DWIGHT CO., INC",134996950,006,"CHURCH & DWIGHT CO. , INC. SAVINGS AND PROFIT SHARING PLAN FOR HOURLY EMPLOYEES",2E2F2H2J2K2O2S2T3I,2284.0,9761029.0,2023-08-28
2023,0000313927,ein,20240712133005NAL0011299267001,"CHURCH & DWIGHT CO., INC.",134996950,008,"CHURCH & DWIGHT CO. , INC. SAVINGS AND PROFIT SHARING PLAN FOR SALARIED EMPLOYEES",2E2F2H2J2K2O2S2T3I,1995.0,30630562.0,2024-07-12
2023,0000313927,ein,20240712141013NAL0019999505001,"CHURCH & DWIGHT CO., INC",134996950,006,"CHURCH & DWIGHT CO. , INC. SAVINGS AND PROFIT SHARING PLAN FOR HOURLY EMPLOYEES",2E2F2H2J2K2O2S2T3I,2351.0,16694525.0,2024-07-12
2024,0000313927,ein,20250711150954NAL0006446785001,"CHURCH & DWIGHT CO., INC.",134996950,008,"CHURCH & DWIGHT CO. , INC. SAVINGS AND PROFIT SHARING PLAN FOR SALARIED EMPLOYEES",2E2F2H2J2K2O2S2T3I,2029.0,33350536.0,2025-07-11
2024,0000313927,ein,20250711151205NAL0006449249001,"CHURCH & DWIGHT CO., INC",134996950,006,"CHURCH & DWIGHT CO. , INC. SAVINGS AND PROFIT SHARING PLAN FOR HOURLY EMPLOYEES",2E2F2H2J2K2O2S2T3I,2351.0,17019628.0,2025-07-11
2022,0000315189,subsidiary,20230808103517NAL0034328848001,"JOHN DEERE KERNERSVILLE, LLC",371232263,001,"JOHN DEERE KERNERSVILLE, LLC EMPLOYEES' SAVINGS AND RETIREMENT PLAN",3H2E2F2G2J2K2S2T3D,632.0,2560053.0,2023-08-08
2022,0000315189,subsidiary,20231011141912NAL0040285056001,"WIRTGEN AMERICA, INC.",621250621,001,WIRTGEN EMPLOYEE 401(K) PLAN,2E3D2G2J2K2F2T3H,235.0,1115455.0,2023-10-11
2022,0000315189,ein,20240805122120NAL0003194482001,DEERE & COMPANY,362382580,003,JOHN DEERE SAVINGS AND INVESTMENT PLAN,2J3D3H2K2O2G2R,19031.0,231675092.0,2024-08-05
2022,0000315189,ein,20240805122321NAL0000695299001,DEERE & COMPANY,362382580,008,JOHN DEERE TAX DEFERRED SAVINGS PLAN,2J3D3H2K2G2O2R,13538.0,54056746.0,2024-08-05
2023,0000315189,subsidiary,20240924125735NAL0012996449001,"JOHN DEERE KERNERSVILLE, LLC",371232263,001,"JOHN DEERE KERNERSVILLE, LLC EMPLOYEES' SAVINGS AND RETIREMENT PLAN",2F2G2J2K2S2T3D3H2E,694.0,4956592.0,2024-09-24
2023,0000315189,subsidiary,20241014174448NAL0047043888001,"WIRTGEN AMERICA, INC.",621250621,001,WIRTGEN EMPLOYEE 401(K) PLAN,2E3D2G2J2K2F2T3H,233.0,1198784.0,2024-10-14
2023,0000315189,ein,20250813085232NAL0004782499001,DEERE & COMPANY,362382580,003,JOHN DEERE SAVINGS AND INVESTMENT PLAN,2J2R3H2O2G,17840.0,257159627.0,2025-08-13
2023,0000315189,ein,20250813085417NAL0019869746001,DEERE & COMPANY,362382580,008,JOHN DEERE TAX DEFERRED SAVINGS PLAN,2J2K2G2O2R3H,12516.0,52592400.0,2025-08-13
2024,0000315189,subsidiary,20250917091746NAL0000302689001,"WIRTGEN AMERICA, INC.",621250621,001,WIRTGEN EMPLOYEE 401(K) PLAN,2E3D2G2J2K2F2T3H,239.0,1208582.0,2025-09-17
2024,0000315189,ein,20260804121214NAL0001759440001,DEERE & COMPANY,362382580,003,JOHN DEERE SAVINGS AND INVESTMENT PLAN,2J2R3H2O2G,17518.0,255570179.0,2026-08-04
2024,0000315189,ein,20260804121623NAL0001923330001,DEERE & COMPANY,362382580,008,JOHN DEERE TAX DEFERRED SAVINGS PLAN,2J2K2G2O2R3H,11623.0,41479788.0,2026-08-04
2022,0000316709,ein,20230929143829NAL0018518400001,THE CHARLES SCHWAB CORPORATION,943025021,002,SCHWABPLAN RETIREMENT SAVINGS AND INVESTMENT PLAN,2E2F2G2J2K2R2S2T2O,33913.0,216388240.0,2023-09-29
2023,0000316709,ein,20240918144905NAL0008057792001,THE CHARLES SCHWAB CORPORATION,943025021,002,SCHWABPLAN RETIREMENT SAVINGS AND INVESTMENT PLAN,2E2F2G2J2K2R2S2T2O3F3J,34203.0,232824121.0,2024-09-18
2024,0000316709,ein,20251113121430NAL0001050211001,THE CHARLES SCHWAB CORPORATION,943025021,002,SCHWABPLAN RETIREMENT SAVINGS AND INVESTMENT PLAN,2E2F2G2J2K2R2S2T2O3F3J,32145.0,218128123.0,2025-11-13
2022,0000318154,subsidiary,20230907092846NAL0031829698001,"HORIZON THERAPEUTICS USA, INC.",562523161,001,"HORIZON THERAPEUTICS USA, INC. 401(K) PLAN",2E2F2G2J2K2T3D3H,1798.0,20785482.0,2023-09-07
2022,0000318154,ein,20231005161353NAL0028936688001,AMGEN INC.,953540776,001,AMGEN RETIREMENT AND SAVINGS PLAN,2E2F2G2J2K2R2S2T3H2O,12714.0,201864096.0,2023-10-05
2022,0000318154,subsidiary,20231005161637NAL0014665939001,"AMGEN MANUFACTURING, LIMITED",980210484,001,"THE RETIREMENT AND SAVINGS PLAN FOR AMGEN MANUFACTURING, LIMITED",2E2F2G2R3C2S2T3H,2713.0,20160074.0,2023-10-05
2022,0000318154,subsidiary,20231016171403NAL0051936352001,CHEMOCENTRYX INC,943254365,001,CHEMOCENTRYX INC 401(K) PROFIT SHARING PLAN & TRUST,2E2F2G2J2T3D,192.0,817289.0,2023-10-16
2023,0000318154,subsidiary,20241008095648NAL0034308306001,"HORIZON THERAPEUTICS USA, INC.",562523161,001,"HORIZON THERAPEUTICS USA, INC. 401(K) PLAN",2E2F2G2J2K2T3H3D,1877.0,26096159.0,2024-10-08
2023,0000318154,ein,20241008160914NAL0030474304001,AMGEN INC.,953540776,001,AMGEN RETIREMENT AND SAVINGS PLAN,2E2F2G2J2K2R2S2T3H2O,12355.0,210497095.0,2024-10-08
2023,0000318154,subsidiary,20241008161253NAL0017958193001,AMGEN MANUFACTURING LIMITED LLC,980210484,001,THE RETIREMENT AND SAVINGS PLAN FOR AMGEN MANUFACTURING LIMITED LLC,2E2F2G2R3C2S2T3H,2608.0,20198444.0,2024-10-08
2024,0000318154,ein,20251009163950NAL0007320609001,AMGEN INC.,953540776,001,AMGEN RETIREMENT AND SAVINGS PLAN,2E2F2G2J2K2R2S2T3H2O,14965.0,268014992.0,2025-10-09
2024,0000318154,subsidiary,20251009165203NAL0006923569001,AMGEN MANUFACTURING LIMITED LLC,980210484,001,THE RETIREMENT AND SAVINGS PLAN FOR AMGEN MANUFACTURING LIMITED LLC,2E2F2G2R3C2S2T3H,2589.0,21287553.0,2025-10-09
2022,0000319201,ein,20231016123658NAL0075868258001,KLA CORPORATION,042564110,001,KLA 401(K) PLAN,2H2J2K2S2T3H2E2F2R,4426.0,27890144.0,2023-10-16
2023,0000319201,ein,20240812151414NAL0016366400001,KLA CORPORATION,042564110,001,KLA 401(K) PLAN,2H2J2K2S2T3H2E2F2R,4593.0,26396249.0,2024-08-12
2024,0000319201,ein,20250820150009NAL0001659683001,KLA CORPORATION,042564110,001,KLA 401(K) PLAN,2H2J2K2S2T3H2E2F2R,7680.0,27508445.0,2025-08-20
2022,0000320187,ein,20240207140306NAL0002319728001,"NIKE, INC.",930584541,001,"401(K) SAVINGS AND PROFIT SHARING PLAN FOR EMPLOYEES OF NIKE, INC.",2E2F2H2J2K2R3F3H,40345.0,140594286.0,2024-02-07
2023,0000320187,ein,20241211155259NAL0023686962001,"NIKE, INC.",930584541,001,"401(K) SAVINGS AND PROFIT SHARING PLAN FOR EMPLOYEES OF NIKE, INC.",2E2F2H2J2K2R3F3H,37293.0,160176204.0,2024-12-11
2024,0000320187,ein,20260311135023NAL0005400643001,"NIKE, INC.",930584541,001,"401(K) SAVINGS AND PROFIT SHARING PLAN FOR EMPLOYEES OF NIKE, INC.",2E2F2H2J2K2R3F3H,36539.0,140627198.0,2026-03-11
2022,0000320193,ein,20231009122042NAL0035611264001,APPLE INC.,942404110,001,APPLE 401(K) PLAN,2A2E2F2G2J2K2R2S2T3F3H,106111.0,595665866.0,2023-10-09
2023,0000320193,ein,20241011101049NAL0010800659001,APPLE INC.,942404110,001,APPLE 401(K) PLAN,2A2E2F2G2J2K2R2S2T3F3H,101450.0,679521343.0,2024-10-11
2024,0000320193,ein,20250917213639NAL0000924912001,APPLE INC.,942404110,001,APPLE 401(K) PLAN,2A2E2F2G2J2K2R2S2T3F3H,101217.0,733748273.0,2025-09-17
2022,0000320335,ein,20230821100850NAL0006337584001,GLOBE LIFE INC.,630780404,001,GLOBE LIFE INC. SAVINGS AND INVESTMENT PLAN,2E2F2G2J2K2S2T3D3H,2592.0,4598955.0,2023-08-21
2023,0000320335,ein,20240819145215NAL0001665217001,GLOBE LIFE INC.,630780404,001,GLOBE LIFE INC. SAVINGS AND INVESTMENT PLAN,2E2F2G2J2K2S2T3D3H,2686.0,4954190.0,2024-08-19
2024,0000320335,ein,20250828143045NAL0010537985001,GLOBE LIFE INC.,630780404,001,GLOBE LIFE INC. SAVINGS AND INVESTMENT PLAN,2E2F2G2J2K2S2T3D3H,2816.0,5315525.0,2025-08-28
2022,0000352915,subsidiary,20230918105535NAL0037301856001,"FIRST HOSPITAL PANAMERICANO, INC.",660490148,001,FIRST HOSPITAL PANAMERICANO 401K SAVINGS PLAN,2E2F2G2J3C,438.0,279729.0,2023-09-18
2022,0000352915,ein,20230918140532NAL0059846754001,"UNIVERSAL HEALTH SERVICES, INC.",232077891,001,"UNIVERSAL HEALTH SERVICES, INC. RETIREMENT SAVINGS PLAN",2E2F2G2J2K2T3H,62716.0,70734299.0,2023-09-18
2022,0000352915,subsidiary,20231011140802NAL0060376274001,VALLEY HEALTH SYSTEM,521357729,002,VALLEY HEALTH SYSTEM EMPLOYEE CONTRIBUTORY 403(B) PLAN,2F2G2L2M2T3D,6099.0,14584469.0,2023-10-11
2023,0000352915,ein,20240917132732NAL0005255392001,"UNIVERSAL HEALTH SERVICES, INC.",232077891,001,"UNIVERSAL HEALTH SERVICES, INC. RETIREMENT SAVINGS PLAN",2E2F2G2J2K2T3H,64712.0,73746833.0,2024-09-17
2023,0000352915,subsidiary,20240923122125NAL0020387072001,"FIRST HOSPITAL PANAMERICANO, INC.",660490148,001,FIRST HOSPITAL PANAMERICANO 401K SAVINGS PLAN,2E2F2G2J3C,451.0,287652.0,2024-09-23
2023,0000352915,subsidiary,20241015055706NAL0027691345001,VALLEY HEALTH SYSTEM,521357729,002,VALLEY HEALTH SYSTEM EMPLOYEE CONTRIBUTORY 403(B) PLAN,2F2G2L2M2T3D2S,6188.0,15284229.0,2024-10-15
2024,0000352915,subsidiary,20250825141920NAL0003921555001,"FIRST HOSPITAL PANAMERICANO, INC.",660490148,001,FIRST HOSPITAL PANAMERICANO 401K SAVINGS PLAN,2E2F2G2J3C,425.0,260601.0,2025-08-25
2024,0000352915,ein,20251008084307NAL0012934370001,"UNIVERSAL HEALTH SERVICES, INC.",232077891,001,"UNIVERSAL HEALTH SERVICES, INC. RETIREMENT SAVINGS PLAN",2E2F2G2J2K2T3H,64799.0,79262984.0,2025-10-08
2024,0000352915,subsidiary,20251015054238NAL0001918931001,VALLEY HEALTH SYSTEM,521357729,002,VALLEY HEALTH SYSTEM EMPLOYEE CONTRIBUTORY 403(B) PLAN,2F2G2L2M2T3D2S,6268.0,15503780.0,2025-10-15
2022,0000354190,subsidiary,20231012104832NAL0063029890001,WOODRUFF SAWYER & CO.,941625126,002,WOODRUFF-SAWYER & CO. PROFIT-SHARING AND PRE-TAX SAVINGS PLAN,2E2F2G2J2K2T3D,612.0,3029652.0,2023-10-12
2022,0000354190,subsidiary,20231012105210NAL0041564704001,WOODRUFF-SAWYER & CO.,941625126,003,WOODRUFF-SAWYER & CO. EMPLOYEE STOCK OWNERSHIP PLAN,2I2O3H3I,467.0,1726098.0,2023-10-12
2022,0000354190,subsidiary,20231012160027NAL0042456464001,"ASSUREDPARTNERS, INC.",275176829,001,ASSUREDPARTNERS 401(K) PLAN,2E2F2G2J2K2R2S2T3D3H,8513.0,21079633.0,2023-10-12
2022,0000354190,subsidiary,20231013131842NAL0044534384001,"BUCK GLOBAL, LLC",133954297,005,BUCK 401(K) SAVINGS PLAN,2E2F2G2J2K3D,650.0,3599843.0,2023-10-13
2023,0000354190,subsidiary,20241008160111NAL0016999297001,"BUCK GLOBAL, LLC",133954297,005,BUCK 401(K) SAVINGS PLAN,2E2F2G2J2K3D,584.0,3594072.0,2024-10-08
2023,0000354190,subsidiary,20241011173921NAL0045330386001,WOODRUFF SAWYER & CO.,941625126,002,WOODRUFF-SAWYER & CO. PROFIT-SHARING AND PRE-TAX SAVINGS PLAN,2E2F2G2J2K2S2T3D,648.0,6114521.0,2024-10-11
2023,0000354190,subsidiary,20241014104831NAL0014791107001,WOODRUFF-SAWYER & CO.,941625126,003,WOODRUFF-SAWYER & CO. EMPLOYEE STOCK OWNERSHIP PLAN,2I2O3H3I,544.0,1845367.0,2024-10-14
2023,0000354190,subsidiary,20241015155224NAL0030240049001,"ASSUREDPARTNERS, INC.",275176829,001,ASSUREDPARTNERS 401(K) PLAN,2E2F2G2J2K2R2S2T3D3H,9234.0,24050151.0,2024-10-15
2024,0000354190,subsidiary,20250916095324NAL0001237267001,"ASSUREDPARTNERS, INC.",275176829,001,ASSUREDPARTNERS 401(K) PLAN,2E2F2G2J2K2R2S2T3D3H,9755.0,26963750.0,2025-09-16
2024,0000354190,subsidiary,20251013140403NAL0003122018001,WOODRUFF SAWYER & CO.,941625126,002,WOODRUFF-SAWYER & CO. PROFIT-SHARING AND PRE-TAX SAVINGS PLAN,2E2F2G2J2K2S2T3D,639.0,3664667.0,2025-10-13
2024,0000354190,subsidiary,20260113154257NAL0020674242001,WOODRUFF-SAWYER & CO.,941625126,003,WOODRUFF-SAWYER & CO. EMPLOYEE STOCK OWNERSHIP PLAN,2I2O3H3I,585.0,2179912.0,2026-01-13
2022,0000354950,ein,20230731124833NAL0009029779001,"THE HOME DEPOT, INC.",953261426,001,THE HOME DEPOT FUTUREBUILDER,2E2F2G2J2K2O2R2T3H,413365.0,248275340.0,2023-07-31
2022,0000354950,subsidiary,20231011080854NAL0059374402001,HD SUPPLY,752007383,001,HD SUPPLY 401(K) RETIREMENT PLAN,2F2G2J2K2S2T3D3H,11882.0,19234673.0,2023-10-11
2022,0000354950,subsidiary,20231013114357NAL0033733521001,SRS DISTRIBUTION INC.,261965852,001,SRS DISTRIBUTION INC. 401(K) PLAN,2F2G2J2K2S2T2E3D2R,9305.0,34097877.0,2023-10-13
2023,0000354950,ein,20240731082409NAL0021930065001,"THE HOME DEPOT, INC.",953261426,001,THE HOME DEPOT FUTUREBUILDER,2E2F2G2J2K2O2R2T3H,398464.0,257914405.0,2024-07-31
2023,0000354950,subsidiary,20241009163758NAL0010848419001,HD SUPPLY,752007383,001,HD SUPPLY 401(K) RETIREMENT PLAN,2F2G2J2K2S2T3D3H,11753.0,21404436.0,2024-10-09
2023,0000354950,subsidiary,20241010135425NAL0035914816001,SRS DISTRIBUTION INC.,261965852,001,SRS DISTRIBUTION INC. 401(K) PLAN,2F2G2J2K2S2T2E3D2R,10546.0,31433241.0,2024-10-10
2024,0000354950,ein,20250724062251NAL0010599490001,"THE HOME DEPOT, INC.",953261426,001,THE HOME DEPOT FUTUREBUILDER,2E2F2G2J2K2O2R2T3H,391522.0,270502186.0,2025-07-24
2024,0000354950,subsidiary,20250826151150NAL0015377872001,SRS DISTRIBUTION INC.,261965852,001,SRS DISTRIBUTION INC. 401(K) PLAN,2F2G2J2K2S2T2E3D2R3H,10432.0,38490241.0,2025-08-26
2024,0000354950,subsidiary,20250930093217NAL0011492737001,HD SUPPLY,752007383,001,HD SUPPLY 401(K) RETIREMENT PLAN,2F2G2J2K2S2T3D3H,12171.0,22344149.0,2025-09-30
2022,0000702165,ein,20230616152029NAL0040062337001,NORFOLK SOUTHERN CORPORATION,521188014,003,THOROUGHBRED RETIREMENT INVESTMENT PLAN OF NORFOLK SOUTHERN CORPORATION AND PARTICIPATING SUBSIDIARY COMPANIES,2F2G2I2J2K2O2T3H,12177.0,3116540.0,2023-06-16
2022,0000702165,ein,20230616152126NAL0055825040001,NORFOLK SOUTHERN CORPORATION,521188014,002,THRIFT & INVESTMENT PLAN OF NORFOLK SOUTHERN CORPORATION AND PARTICIPATING SUBSIDIARY COMPANIES,3H2F2G2I2J2K2S2T2O2E,4713.0,12917748.0,2023-06-16
2022,0000702165,subsidiary,20231011123208NAL0019993571001,DELAWARE OTSEGO CORPORATION,160913491,001,DOC & NYS & W RAILWAY 401(K) SAVINGS PLAN & TRUST,2E2G2J2K2S2T3D3H,134.0,424052.0,2023-10-11
2022,0000702165,subsidiary,20231016135358NAL0050905184001,INDIANA HARBOR BELT RAILROAD COMPANY,366001389,003,INDIANA HARBOR BELT RAILROAD COMPANY AGREEMENT EMPLOYEES' SAVINGS PLAN,2E2F2G2J2S2T,523.0,16337.0,2023-10-16
2023,0000702165,ein,20240628105612NAL0000326883001,NORFOLK SOUTHERN CORPORATION,521188014,002,THRIFT & INVESTMENT PLAN OF NORFOLK SOUTHERN CORPORATION AND PARTICIPATING SUBSIDIARY COMPANIES,3H2F2G2I2J2K2S2T2O2E,5094.0,14692446.0,2024-06-28
2023,0000702165,ein,20240628114008NAL0000360659001,NORFOLK SOUTHERN CORPORATION,521188014,003,THOROUGHBRED RETIREMENT INVESTMENT PLAN OF NORFOLK SOUTHERN CORPORATION AND PARTICIPATING SUBSIDIARY COMPANIES,2F2G2I2J2K2O2T3H,12078.0,3255363.0,2024-06-28
2023,0000702165,subsidiary,20241011094358NAL0021612177001,DELAWARE OTSEGO CORPORATION,160913491,001,DOC & NYS & W RAILWAY 401(K) SAVINGS PLAN & TRUST,2E2G2J2K2S2T3D3H,127.0,246921.0,2024-10-11
2023,0000702165,subsidiary,20241015091320NAL0029100289001,INDIANA HARBOR BELT RAILROAD COMPANY,366001389,003,INDIANA HARBOR BELT RAILROAD COMPANY AGREEMENT EMPLOYEES' SAVINGS PLAN,2E2F2G2J2S2T,540.0,18885.0,2024-10-15
2024,0000702165,ein,20250627170808NAL0005435603001,NORFOLK SOUTHERN CORPORATION,521188014,002,THRIFT AND INVESTMENT PLAN OF NORFOLK SOUTHERN CORPORATION AND PARTICIPATING SUBSIDIARY COMPANIES,2E2F2G2I2J2K2O2S2T3H,4579.0,14676667.0,2025-06-27
2024,0000702165,ein,20250627171334NAL0005436435001,NORFOLK SOUTHERN CORPORATION,521188014,003,THOROUGHBRED RETIREMENT INVESTMENT PLAN OF NORFOLK SOUTHERN CORPORATION AND PARTICIPATING SUBSIDIARY COMPANIES,2F2G2I2J2K2O2T3H,12062.0,3400226.0,2025-06-27
2024,0000702165,subsidiary,20251010070340NAL0012032160001,DELAWARE OTSEGO CORPORATION,160913491,001,DOC & NYS & W RAILWAY 401(K) SAVINGS PLAN & TRUST,2E2G2J2K2S2T3D3H,111.0,264452.0,2025-10-10
2024,0000702165,subsidiary,20251015145204NAL0002485699001,INDIANA HARBOR BELT RAILROAD COMPANY,366001389,003,INDIANA HARBOR BELT RAILROAD COMPANY AGREEMENT EMPLOYEES' SAVINGS PLAN,2E2F2G2J2S2T,529.0,21768.0,2025-10-15
2022,0000707549,ein,20230613135020NAL0035533873001,LAM RESEARCH CORPORATION,942634797,001,"SAVINGS PLUS PLAN, LAM RESEARCH 401(K)",2E2F2G2J2K2S2T3D2R,9237.0,35197692.0,2023-06-13
2023,0000707549,ein,20240628143128NAL0000877329001,LAM RESEARCH CORPORATION,942634797,001,"SAVINGS PLUS PLAN, LAM RESEARCH 401(K)",2E2F2G2J2K2S2T3D2R,7708.0,33216487.0,2024-06-28
2024,0000707549,ein,20250924175635NAL0009551683001,LAM RESEARCH CORPORATION,942634797,001,"SAVINGS PLUS PLAN, LAM RESEARCH 401(K)",2E2F2G2J2K2S2T3D2R,8132.0,34055957.0,2025-09-24
2022,0000711404,name,20230817122728NAL0000424880001,"COOPER HOLDINGS, INC.",581680026,001,"COOPER HOLDINGS, INC. 401(K) PLAN",2E2F2G2J2K2T3D3H2R,124.0,139410.0,2023-08-17
2022,0000711404,ein,20230828153248NAL0005165712003,"THE COOPER COMPANIES, INC.",942657368,102,"THE COOPER COMPANIES, INC. 401(K) SAVINGS PLAN",2F2G2J2K2S2T3D3H3J,3702.0,9199891.0,2023-08-28
2022,0000711404,name,20231006122308NAL0046254210001,"THE COOPER GROUP, INC.",850871337,001,"THE RETIREMENT PLAN FOR EMPLOYEES OF THE COOPER GROUP, INC. AND PARTICIPATING AFFILIATES",2E2F2G2J2K2T3F3H3D,824.0,1716208.0,2023-10-06
2022,0000711404,subsidiary,20231013124117NAL0021842931001,"COOPERVISION MANUFACTURING PUERTO RICO, LLC",980213394,001,"COOPERVISION MANUFACTURING PUERTO RICO, LLC SAVINGS PLAN",2E2F2G2T3C,1804.0,2285333.0,2023-10-13
2022,0000711404,subsidiary,20231016180744NAL0026414963001,SYNERGEYES INC,330980069,001,SYNERGEYES INC. 401(K) PROFIT SHARING PLAN & TRUST,2A2E2F2G2J2K2T3D,4.0,57953.0,2023-10-16
2023,0000711404,name,20240814104610NAL0006451603001,"COOPER HOLDINGS, INC.",581680026,001,"COOPER HOLDINGS, INC. 401(K) PLAN",2E2F2G2J2K2T3D3H,108.0,151625.0,2024-08-14
2023,0000711404,ein,20240826095822NAL0015594944001,"THE COOPER COMPANIES, INC.",942657368,102,"THE COOPER COMPANIES, INC. 401(K) SAVINGS PLAN",2F2G2J2K2S2T3D3H3J,3964.0,10139005.0,2024-08-26
2023,0000711404,name,20240913141212NAL0006027299001,"THE COOPER GROUP, INC.",850871337,001,"THE RETIREMENT PLAN FOR EMPLOYEES OF THE COOPER GROUP, INC. AND PARTICIPATING AFFILIATES",2E2F2G2J2K2T3F3H3D,818.0,1771960.0,2024-09-13
2023,0000711404,subsidiary,20241015105605NAL0029320897001,"COOPERVISION MANUFACTURING PUERTO RICO, LLC",980213394,001,"COOPERVISION MANUFACTURING PUERTO RICO, LLC SAVINGS PLAN",2E2F2G2T3C,1878.0,2548333.0,2024-10-15
2024,0000711404,ein,20250815123351NAL0010493665001,"THE COOPER COMPANIES, INC.",942657368,102,"THE COOPER COMPANIES, INC. 401(K) SAVINGS PLAN",2F2G2J2K2S2T3D3H3J,4166.0,10908124.0,2025-08-15
2024,0000711404,name,20250916161301NAL0003303456001,"THE COOPER GROUP, INC.",850871337,001,"THE RETIREMENT PLAN FOR EMPLOYEES OF THE COOPER GROUP, INC. AND PARTICIPATING AFFILIATES",2E2F2G2J2K2T3F3H3D,926.0,1867330.0,2025-09-16
2024,0000711404,name,20251014140224NAL0006309826001,"COOPER HOLDINGS, INC.",581680026,001,"COOPER HOLDINGS, INC. 401(K) PLAN",2E2F2G2J2K2T3D3H2R,101.0,138038.0,2025-10-14
2024,0000711404,subsidiary,20251015074736NAL0002077795001,"COOPERVISION MANUFACTURING PUERTO RICO, LLC",980213394,001,"COOPERVISION MANUFACTURING PUERTO RICO, LLC SAVINGS PLAN",2E2F2G2T3C,2162.0,2962612.0,2025-10-15
2022,0000713676,ein,20231013155307NAL0034399745001,"THE PNC FINANCIAL SERVICES GROUP, INC.",251435979,001,"THE PNC FINANCIAL SERVICES GROUP, INC. INCENTIVE SAVINGS PLAN",2F2G2J2O2S2T3H,61697.0,176773000.0,2023-10-13
2023,0000713676,ein,20241010120937NAL0020041345001,"THE PNC FINANCIAL SERVICES GROUP, INC.",251435979,001,"THE PNC FINANCIAL SERVICES GROUP, INC. INCENTIVE SAVINGS PLAN",2F2G2J2O2S2T3H,55879.0,185907000.0,2024-10-10
2024,0000713676,ein,20251015111606NAL0002308595003,"THE PNC FINANCIAL SERVICES GROUP, INC.",251435979,001,"THE PNC FINANCIAL SERVICES GROUP, INC. INCENTIVE SAVINGS PLAN",2F2G2J2O2S2T3H,53180.0,177317000.0,2025-10-15
2022,0000715957,ein,20230619125606NAL0027253219001,"DOMINION ENERGY, INC.",541229715,001,DOMINION ENERGY SALARIED SAVINGS PLAN,2A2E2F2G2J2K2O2S2T3F3H,13734.0,65528028.0,2023-06-19
2022,0000715957,ein,20230619125814NAL0059360640001,"DOMINION ENERGY, INC.",541229715,005,DOMINION ENERGY HOURLY SAVINGS PLAN,2A2E2F2G2J2K2O2S2T3F3H,2622.0,6909550.0,2023-06-19
2022,0000715957,ein,20230619130020NAL0057827152001,"DOMINION ENERGY, INC.",541229715,027,DOMINION ENERGY WEST VIRGINIA UNION SAVINGS PLAN,2A2E2F2G2J2K2O2S2T3F3H,10.0,356299.0,2023-06-19
2022,0000715957,ein,20230619130225NAL0085748354001,"DOMINION ENERGY, INC.",541229715,028,DOMINION ENERGY OHIO UNION SAVINGS PLAN,2A2E2F2G2J2K2O2S2T3F3H,1014.0,2435184.0,2023-06-19
2023,0000715957,ein,20240626120701NAL0008638033001,"DOMINION ENERGY, INC.",541229715,028,DOMINION ENERGY OHIO UNION SAVINGS PLAN,2A2E2F2G2J2K2O2S2T3F3H,1036.0,2558088.0,2024-06-26
2023,0000715957,ein,20240626120807NAL0005696099001,"DOMINION ENERGY, INC.",541229715,001,DOMINION ENERGY SALARIED SAVINGS PLAN,2A2E2F2G2J2K2O2S2T3F3H,14237.0,75969333.0,2024-06-26
2023,0000715957,ein,20240626120808NAL0018188402001,"DOMINION ENERGY, INC.",541229715,005,DOMINION ENERGY HOURLY SAVINGS PLAN,2A2E2F2G2J2K2O2S2T3F3H,2702.0,7412578.0,2024-06-26
2024,0000715957,ein,20250723145055NAL0008999170001,"DOMINION ENERGY, INC.",541229715,001,DOMINION ENERGY 401(K) PLAN,2A2E2F2G2J2K2O2R2S2T3H,12152.0,78266883.0,2025-07-23
2024,0000715957,ein,20250723152551NAL0009074626001,"DOMINION ENERGY, INC.",541229715,005,DOMINION ENERGY VIRGINIA 401(K) PLAN FOR UNION-REPRESENTED EMPLOYEES,2A2E2F2G2J2K2O2S2T3H,2751.0,7974775.0,2025-07-23
2022,0000719955,ein,20230720095304NAL0004359488001,"WILLIAMS-SONOMA, INC.",942203880,001,"WILLIAMS-SONOMA, INC. 401(K) PLAN",2F2G2J2K2O2R,20250.0,10865823.0,2023-07-20
2023,0000719955,ein,20240717084959NAL0004151921002,"WILLIAMS-SONOMA, INC.",942203880,001,"WILLIAMS-SONOMA, INC. 401(K) PLAN",2F2G2J2K2O2R,18200.0,12096384.0,2024-07-17
2024,0000719955,ein,20251027134349NAL0009724704001,"WILLIAMS-SONOMA, INC.",942203880,001,"WILLIAMS-SONOMA, INC. 401(K) PLAN",2F2G2J2K2O2R,18337.0,10512077.0,2025-10-27
2022,0000720005,ein,20230713102104NAL0022594273001,"RAYMOND JAMES FINANCIAL, INC.",591517485,010,"RAYMOND JAMES FINANCIAL, INC. 401(K) PLAN",2E2F2G2J2K2S2T3D3H,14269.0,12574393.0,2023-07-13
2022,0000720005,ein,20240709150836NAL0007995539001,"RAYMOND JAMES FINANCIAL, INC.",591517485,001,"RAYMOND JAMES FINANCIAL, INC. & AFFILIATES PROFIT SHARING PLAN",2E3D3H,15507.0,98414711.0,2024-07-09
2023,0000720005,ein,20240709151401NAL0008853459001,"RAYMOND JAMES FINANCIAL, INC.",591517485,010,"RAYMOND JAMES FINANCIAL, INC. 401(K) PLAN",2E2F2G2J2K2S2T3D3H,15528.0,13858990.0,2024-07-09
2023,0000720005,ein,20250702203249NAL0000097824001,"RAYMOND JAMES FINANCIAL, INC.",591517485,002,"RAYMOND JAMES FINANCIAL, INC. & AFFILIATES EMPLOYEE STOCK OWNERSHIP PLAN",2E2H2I2O2T3H,16038.0,77980049.0,2025-07-02
2023,0000720005,ein,20250702203345NAL0000026080001,"RAYMOND JAMES FINANCIAL, INC.",591517485,001,"RAYMOND JAMES FINANCIAL, INC. & AFFILIATES PROFIT SHARING PLAN",2E3D3H,16039.0,114858868.0,2025-07-02
2024,0000720005,ein,20250702203437NAL0000076929001,"RAYMOND JAMES FINANCIAL, INC.",591517485,010,"RAYMOND JAMES FINANCIAL, INC. 401(K) PLAN",2E2F2G2J2K2S2T3D3H,16088.0,14263686.0,2025-07-02
2024,0000720005,ein,20260713124807NAL0000234064001,"RAYMOND JAMES FINANCIAL, INC.",591517485,001,"RAYMOND JAMES FINANCIAL, INC. & AFFILIATES PROFIT SHARING PLAN",2E3D3H,16489.0,123445228.0,2026-07-13
2024,0000720005,ein,20260713125008NAL0000199537001,"RAYMOND JAMES FINANCIAL, INC.",591517485,002,"RAYMOND JAMES FINANCIAL, INC. & AFFILIATES EMPLOYEE STOCK OWNERSHIP PLAN",2E2H2I2O2T3H,16491.0,44555893.0,2026-07-13
2022,0000721371,ein,20230726101234NAL0005671699001,"CARDINAL HEALTH, INC.",310958666,062,CARDINAL HEALTH 401(K) SAVINGS PLAN FOR EMPLOYEES OF PUERTO RICO,2E2F2G2J2K2O2T3C3F3H,651.0,1133454.0,2023-07-26
2022,0000721371,ein,20230726101305NAL0020966770001,"CARDINAL HEALTH, INC.",310958666,055,CARDINAL HEALTH 401(K) SAVINGS PLAN,2E2F2G2J2K2O2T3F3H,30698.0,69354119.0,2023-07-26
2022,0000721371,subsidiary,20230915141541NAL0031254288001,GRIFFIN CAPITAL COMPANY LLC,954599958,001,GRIFFIN CAPITAL 401(K) PLAN,2F2G2J2K2T3D3H,46.0,274544.0,2023-09-15
2023,0000721371,ein,20240731080901NAL0021906657001,"CARDINAL HEALTH, INC.",310958666,055,CARDINAL HEALTH 401(K) SAVINGS PLAN,2E2F2G2J2K2O2T3F3H,31337.0,75500734.0,2024-07-31
2023,0000721371,ein,20240731080922NAL0014123683001,"CARDINAL HEALTH, INC.",310958666,062,CARDINAL HEALTH 401(K) SAVINGS PLAN FOR EMPLOYEES OF PUERTO RICO,2E2F2G2J2K2O2T3C3F3H,646.0,1185411.0,2024-07-31
2023,0000721371,subsidiary,20241014173136NAL0054643586001,"GRIFFIN CAPITAL COMPANY, LLC",954599958,001,GRIFFIN CAPITAL 401(K) PLAN,2E2F2G2J2K2T3D3B2A2S,51.0,319578.0,2024-10-14
2024,0000721371,ein,20250730154837NAL0010840498001,"CARDINAL HEALTH, INC.",310958666,055,CARDINAL HEALTH 401(K) SAVINGS PLAN,2E2F2G2J2K2O2T3F3H,31015.0,78591039.0,2025-07-30
2024,0000721371,ein,20250730154920NAL0002058515001,"CARDINAL HEALTH, INC.",310958666,062,CARDINAL HEALTH 401(K) SAVINGS PLAN FOR EMPLOYEES OF PUERTO RICO,2E2F2G2J2K2O2T3C3F3H,650.0,1196376.0,2025-07-30
2024,0000721371,subsidiary,20251013061139NAL0000353907001,"GRIFFIN CAPITAL COMPANY, LLC",954599958,001,GRIFFIN CAPITAL 401(K) PLAN,2E2F2G2J2K2T3B2A2S3D,64.0,220967.0,2025-10-13
2022,0000723125,ein,20230621102044NAL0000648800001,"MICRON TECHNOLOGY, INC.",751618004,004,MICRON TECHNOLOGY INC. RETIREMENT AT MICRON (RAM) PLAN,2E2F2G2J2K2S2T3F2R,9865.0,67505454.0,2023-06-21
2023,0000723125,ein,20240715151404NAL0002753712001,"MICRON TECHNOLOGY, INC.",751618004,004,MICRON TECHNOLOGY INC. RETIREMENT AT MICRON (RAM) PLAN,2E2F2G2J2K2R2S2T3F,8598.0,57813860.0,2024-07-15
2024,0000723125,ein,20251015124531NAL0006295680001,"MICRON TECHNOLOGY, INC.",751618004,004,MICRON TECHNOLOGY INC. RETIREMENT AT MICRON (RAM) PLAN,2E2F2G2J2K2S2T3F2R,9878.0,72128454.0,2025-10-15
2022,0000723254,ein,20230707125250NAL0009074755001,CINTAS CORPORATION,311188630,006,CINTAS PARTNERS' PLAN,2E2F2H2J2K2O2S2T3H3I,48960.0,84772600.0,2023-07-07
2022,0000723254,ein,20230921111345NAL0003270913001,CINTAS CORPORATION,311188630,023,CINTAS CORPORATION (G&K SERVICES) 401(K) SAVINGS INCENTIVE PLAN,2F2G2J2K2T3H,114.0,82350.0,2023-09-21
2023,0000723254,ein,20240716131120NAL0004493104001,CINTAS CORPORATION,311188630,006,CINTAS PARTNERS' PLAN,2E2F2H2J2K2O2S2T3H3I,51470.0,99025429.0,2024-07-16
2023,0000723254,ein,20241009083023NAL0010432259001,CINTAS CORPORATION,311188630,023,CINTAS CORPORATION (G&K SERVICES) 401(K) SAVINGS INCENTIVE PLAN,2F2G2J2K2T3H,108.0,80153.0,2024-10-09
2024,0000723254,ein,20250625123836NAL0007814193001,CINTAS CORPORATION,311188630,006,CINTAS PARTNERS' PLAN,2E2F2H2J2K2O2S2T3H3I,47026.0,113646591.0,2025-06-25
2024,0000723254,ein,20250903070753NAL0031125010001,CINTAS CORPORATION,311188630,023,CINTAS CORPORATION (G&K SERVICES) 401(K) SAVINGS INCENTIVE PLAN,2F2G2J2K2T3H,51.0,56646.0,2025-09-03
2024,0000723531,ein,20250729115442NAL0007362866001,"PAYCHEX , INC.",161124166,001,"PAYCHEX, INC. 401(K) INCENTIVE RETIREMENT PLAN",2E2G2J2K2O2T,15000.0,37258766.0,2025-07-29
2022,0000726728,ein,20231016052740NAL0049753104001,REALTY INCOME CORPORATION,330580106,002,REALTY INCOME RETIREMENT SAVINGS PLAN,2E2F2G2J2K2S2T3D,357.0,1318392.0,2023-10-16
2023,0000726728,ein,20240913113210NAL0016147568001,REALTY INCOME CORPORATION,330580106,002,REALTY INCOME RETIREMENT SAVINGS PLAN,2E2F2G2J2K2S2T3D,361.0,1330824.0,2024-09-13
2024,0000726728,ein,20251011055953NAL0013651632001,REALTY INCOME CORPORATION,330580106,002,REALTY INCOME RETIREMENT SAVINGS PLAN,2E2F2G2J2K2S2T3D,404.0,1281922.0,2025-10-11
2022,0000726958,ein,20231013115820NAL0021767171001,CASEY'S GENERAL STORES INC.,420935283,002,CASEY'S GENERAL STORES 401(K) PLAN,2E2F2H2J2K2O2T3H3I,29099.0,11753690.0,2023-10-13
2023,0000726958,ein,20241014094159NAL0026931041001,CASEY'S GENERAL STORES INC.,420935283,002,CASEY'S GENERAL STORES 401(K) PLAN,2E2F2H2J2K2O2T3H3I,34287.0,12940454.0,2024-10-14
2024,0000726958,ein,20251015114729NAL0009049682001,CASEY'S GENERAL STORES INC.,420935283,002,CASEY'S GENERAL STORES 401(K) PLAN,2E2F2H2J2K2O2T3H3I,36804.0,16199504.0,2025-10-15
2022,0000728535,ein,20230905150338NAL0017597904001,"J.B. HUNT TRANSPORT SERVICES, INC.",710335111,001,"J.B. HUNT TRANSPORT SERVICES, INC. EMPLOYEE RETIREMENT PLAN",2E2F2G2J2K2T,39077.0,31263803.0,2023-09-05
2023,0000728535,ein,20240724140454NAL0020507648001,"J.B. HUNT TRANSPORT SERVICES, INC.",710335111,001,"J.B. HUNT TRANSPORT SERVICES, INC. EMPLOYEE RETIREMENT PLAN",2E2F2G2J2K2T,35023.0,34258508.0,2024-07-24
2024,0000728535,ein,20250819100612NAL0001082595001,"J.B. HUNT TRANSPORT SERVICES, INC.",710335111,001,"J.B. HUNT TRANSPORT SERVICES, INC. EMPLOYEE RETIREMENT PLAN",2E2F2G2J2K2T,34171.0,37391401.0,2025-08-19
2022,0000731766,ein,20230717175710NAL0037986432001,UNITEDHEALTH GROUP INCORPORATED,411321939,001,UNITEDHEALTH GROUP 401(K) SAVINGS PLAN,2E2F2G2J2K2R2S2T3H,198787.0,540440703.0,2023-07-17
2023,0000731766,ein,20240621091513NAL0003508144001,UNITEDHEALTH GROUP INCORPORATED,411321939,001,UNITEDHEALTH GROUP 401(K) SAVINGS PLAN,2E2F2G2J2K2R2S2T3H,205074.0,628955721.0,2024-06-21
2024,0000731766,ein,20250716132709NAL0002446659001,UNITEDHEALTH GROUP INCORPORATED,411321939,001,UNITEDHEALTH GROUP 401(K) SAVINGS PLAN,2E2F2G2J2K2R2S2T3H,199134.0,665377224.0,2025-07-16
2022,0000731802,ein,20230831100733NAL0014699490001,ATMOS ENERGY CORPORATION,751743247,002,ATMOS ENERGY CORPORATION RETIREMENT SAVINGS PLAN AND TRUST,2E2F2G2J2K2O2S2T,4812.0,22456182.0,2023-08-31
2023,0000731802,ein,20241010152216NAL0034590656001,ATMOS ENERGY CORPORATION,751743247,002,ATMOS ENERGY CORPORATION RETIREMENT SAVINGS PLAN AND TRUST,2E2F2G2J2K2O2S2T,5016.0,24394434.0,2024-10-10
2024,0000731802,ein,20250930141202NAL0013341616001,ATMOS ENERGY CORPORATION,751743247,002,ATMOS ENERGY CORPORATION RETIREMENT SAVINGS PLAN AND TRUST,2E2F2G2J2K2O2S2T,5287.0,27928929.0,2025-09-30
2022,0000732712,ein,20230721070809NAL0002665507001,VERIZON COMMUNICATIONS INC.,232259884,102,VERIZON SAVINGS PLAN FOR MANAGEMENT EMPLOYEES,2E2F2G2I2J2K2O2S2T3H,78072.0,479896864.0,2023-07-21
2022,0000732712,ein,20230721070910NAL0004660657001,VERIZON COMMUNICATIONS INC.,232259884,011,VERIZON SAVINGS & SECURITY PLAN FOR NEW YORK AND NEW ENGLAND ASSOCIATES,2E2F2G2I2J2K2O2T3H,12824.0,57557011.0,2023-07-21
2022,0000732712,ein,20230721071113NAL0005661600001,VERIZON COMMUNICATIONS INC.,232259884,004,VERIZON SAVINGS SECURITY PLAN FOR MID-ATLANTIC ASSOCIATES,2E2F2G2I2J2K2O2S2T3H,12505.0,51303676.0,2023-07-21
2022,0000732712,ein,20230721071419NAL0005990592001,VERIZON COMMUNICATIONS INC.,232259884,105,VERIZON SAVINGS AND SECURITY PLAN FOR WEST REGION HOURLY EMPLOYEES,2E2F2G2I2J2K2O2S2T3H,484.0,1289583.0,2023-07-21
2023,0000732712,ein,20240625123152NAL0007310161001,VERIZON COMMUNICATIONS INC.,232259884,102,VERIZON SAVINGS PLAN FOR MANAGEMENT EMPLOYEES,2E2F2G2I2J2K2O2S2T3H,69218.0,477467200.0,2024-06-25
2023,0000732712,ein,20240625123300NAL0010411968001,VERIZON COMMUNICATIONS INC.,232259884,011,VERIZON SAVINGS & SECURITY PLAN FOR NEW YORK AND NEW ENGLAND ASSOCIATES,2E2F2G2I2J2K2O2T3H,12658.0,57535474.0,2024-06-25
2023,0000732712,ein,20240625123311NAL0010412384001,VERIZON COMMUNICATIONS INC.,232259884,105,VERIZON SAVINGS AND SECURITY PLAN FOR WEST REGION HOURLY EMPLOYEES,2E2F2G2I2J2K2O2S2T3H,466.0,1829917.0,2024-06-25
2023,0000732712,ein,20240625123402NAL0008027329001,VERIZON COMMUNICATIONS INC.,232259884,004,VERIZON SAVINGS SECURITY PLAN FOR MID-ATLANTIC ASSOCIATES,2E2F2G2I2J2K2O2S2T3H,12015.0,51180180.0,2024-06-25
2024,0000732712,ein,20250625074519NAL0011196096001,VERIZON COMMUNICATIONS INC.,232259884,102,VERIZON SAVINGS PLAN FOR MANAGEMENT EMPLOYEES,2E2F2G2I2J2K2O2S2T3H,63563.0,462054878.0,2025-06-25
2024,0000732712,ein,20250625074519NAL0018815170001,VERIZON COMMUNICATIONS INC.,232259884,004,VERIZON SAVINGS SECURITY PLAN FOR MID-ATLANTIC ASSOCIATES,2E2F2G2I2J2K2O2S2T3H,11674.0,51478712.0,2025-06-25
2024,0000732712,ein,20250625074619NAL0004576019001,VERIZON COMMUNICATIONS INC.,232259884,011,VERIZON SAVINGS & SECURITY PLAN FOR NEW YORK AND NEW ENGLAND ASSOCIATES,2E2F2G2I2J2K2O2T3H,12203.0,58014566.0,2025-06-25
2024,0000732712,ein,20250625074723NAL0011200560001,VERIZON COMMUNICATIONS INC.,232259884,105,VERIZON SAVINGS AND SECURITY PLAN FOR WEST REGION HOURLY EMPLOYEES,2E2F2G2I2J2K2O2S2T3H,430.0,1782536.0,2025-06-25
2022,0000732717,ein,20231003144317NAL0037710450001,AT&T INC.,431301883,011,AT&T PUERTO RICO RETIREMENT SAVINGS PLAN,2E2F2G2I2R2S2T3C3F3H,228.0,442000.0,2023-10-03
2022,0000732717,ein,20231003144635NAL0025248000001,AT&T INC.,431301883,004,AT&T SAVINGS AND SECURITY PLAN,2E2F2G2I2J2K2O2T3F3H,26699.0,26589000.0,2023-10-03
2023,0000732717,ein,20241009164520NAL0010852323001,AT&T INC.,431301883,009,AT&T RETIREMENT SAVINGS PLAN,2E2F2G2I2J2K2O2R2S2T3F3H,109889.0,531349000.0,2024-10-09
2023,0000732717,ein,20241009164620NAL0018769297001,AT&T INC.,431301883,011,AT&T PUERTO RICO RETIREMENT SAVINGS PLAN,2E2F2G2I2R2S2T3C3F3H,176.0,362000.0,2024-10-09
2023,0000732717,ein,20241009164710NAL0010853747001,AT&T INC.,431301883,004,AT&T SAVINGS AND SECURITY PLAN,2E2F2G2I2J2K2O2T3F3H,25236.0,22949000.0,2024-10-09
2024,0000732717,ein,20251008164602NAL0010190992001,AT&T INC.,431301883,009,AT&T RETIREMENT SAVINGS PLAN,2E2F2G2I2J2K2O2R2S2T3F3H,102760.0,524705000.0,2025-10-08
2024,0000732717,ein,20251008164640NAL0006153185001,AT&T INC.,431301883,011,AT&T PUERTO RICO RETIREMENT SAVINGS PLAN,2E2F2G2I2R2S2T3C3F3H,171.0,285000.0,2025-10-08
2024,0000732717,ein,20251008164728NAL0009795232001,AT&T INC.,431301883,004,AT&T SAVINGS AND SECURITY PLAN,2E2F2G2I2J2K2O2T3F3H,23855.0,21801000.0,2025-10-08
2022,0000740260,ein,20230905144913NAL0012795041001,"VENTAS, INC.",611055020,001,"VENTAS, INC. 401(K) PROFIT SHARING PLAN",2E2F2G2J2K2R2S2T3D3H,454.0,1593788.0,2023-09-05
2023,0000740260,ein,20240927114626NAL0002228577001,"VENTAS, INC.",611055020,001,"VENTAS, INC. 401(K) PROFIT SHARING PLAN",2E2F2G2J2K2R2S2T3D3H,488.0,2015106.0,2024-09-27
2024,0000740260,ein,20251003111231NAL0000772947001,"VENTAS, INC.",611055020,001,"VENTAS, INC. 401(K) PROFIT SHARING PLAN",2E2F2G2J2K2R2S2T3D3H,501.0,2100708.0,2025-10-03
2022,0000745732,ein,20230825161702NAL0000611843001,"ROSS STORES, INC.",941390387,001,"ROSS STORES, INC. 401(K) SAVINGS PLAN",2E2F2G2J2K2T3F3H,50399.0,24706778.0,2023-08-25
2023,0000745732,ein,20240828145134NAL0006871747001,"ROSS STORES, INC.",941390387,001,"ROSS STORES, INC. 401(K) SAVINGS PLAN",2E2F2G2J2K2T3D3F3H,52747.0,26716151.0,2024-08-28
2024,0000745732,ein,20250827145936NAL0009505201001,"ROSS STORES, INC.",941390387,001,"ROSS STORES, INC. 401(K) SAVINGS PLAN",2E2F2G2J2K2T3D3F3H,56638.0,28368202.0,2025-08-27
2022,0000746515,ein,20231012140334NAL0042069584001,"EXPEDITORS INTERNATIONAL OF WASHINGTON, INC.",911069248,001,"EXPEDITORS INTERNATIONAL OF WASHINGTON, INC. 401(K) PLAN",2E2F2G2J2K2S2T3D3H,6966.0,17965349.0,2023-10-12
2023,0000746515,ein,20241011155825NAL0011151843001,"EXPEDITORS INTERNATIONAL OF WASHINGTON, INC.",911069248,001,"EXPEDITORS INTERNATIONAL OF WASHINGTON, INC. 401(K) PLAN",2E2F2G2J2K2S2T3D3H,6343.0,17109625.0,2024-10-11
2024,0000746515,ein,20250919144739NAL0003193552001,"EXPEDITORS INTERNATIONAL OF WASHINGTON, INC.",911069248,001,"EXPEDITORS INTERNATIONAL OF WASHINGTON, INC. 401(K) PLAN",2E2F2G2J2K2S2T3D3H,6417.0,16574924.0,2025-09-19
2022,0000749251,ein,20231010144250NAL0019048803001,"GARTNER, INC.",043099750,002,GARTNER INC. SAVINGS AND INVESTMENT PLAN,2E2F2G2J2K2S2T,10371.0,50376178.0,2023-10-10
2023,0000749251,ein,20241011152448NAL0039291632001,"GARTNER, INC.",043099750,002,GARTNER INC. SAVINGS AND INVESTMENT PLAN,2E2F2G2J2K2S2T,10650.0,56011037.0,2024-10-11
2024,0000749251,ein,20251014094042NAL0001179523001,"GARTNER, INC.",043099750,002,GARTNER INC. SAVINGS AND INVESTMENT PLAN,2E2F2G2J2K2S2T,10956.0,57480648.0,2025-10-14
2023,0000753308,ein,20241011224129NAL0038464064001,"NEXTERA ENERGY, INC.",592449419,002,"NEXTERA ENERGY, INC. EMPLOYEE RETIREMENT SAVINGS PLAN",2E2F2H2I2J2K2O2S2T3H,16678.0,77922196.0,2024-10-11
2024,0000753308,ein,20251013202500NAL0001931937001,"NEXTERA ENERGY, INC.",592449419,002,"NEXTERA ENERGY, INC. EMPLOYEE RETIREMENT SAVINGS PLAN",2E2F2H2I2J2K2O2S2T3H,16733.0,83053766.0,2025-10-13
2022,0000759944,name,20230914105520NAL0014320387001,"CITIZENS FINANCIAL CORPORATION, INC.",611187135,001,CITIZENS FINANCIAL CORP. 401(K) SAVINGS PLAN AND TRUST AGREEMENT,2E2F2G2J2S2T3H3D,588.0,519179.0,2023-09-14
2022,0000759944,ein,20231002132438NAL0011485283001,"CITIZENS FINANCIAL GROUP, INC.",050412693,002,CFG RETIREMENT SAVINGS PLAN,2E2F2G2J2K2R2T3H,19047.0,79196192.0,2023-10-02
2023,0000759944,ein,20240925111010NAL0028904994001,"CITIZENS FINANCIAL GROUP, INC.",050412693,002,CFG RETIREMENT SAVINGS PLAN,2E2F2G2J2K2R2T3H,17893.0,82306230.0,2024-09-25
2023,0000759944,name,20241011171045NAL0011217635001,"CITIZENS FINANCIAL CORPORATION, INC.",611187135,001,CITIZENS FINANCIAL CORP. 401(K) SAVINGS PLAN AND TRUST AGREEMENT,2E2F2G2J2S2T3H3D,628.0,630086.0,2024-10-11
2024,0000759944,ein,20250930144855NAL0012421393001,"CITIZENS FINANCIAL GROUP, INC.",050412693,002,CFG RETIREMENT SAVINGS PLAN,2E2F2G2J2K2R2T3H,17701.0,85289218.0,2025-09-30
2024,0000759944,name,20251015145725NAL0006524112001,"CITIZENS FINANCIAL CORPORATION, INC.",611187135,001,CITIZENS FINANCIAL CORP. 401(K) SAVINGS PLAN AND TRUST AGREEMENT,2E2F2G2J2S2T3H3D,743.0,601678.0,2025-10-15
2022,0000764478,ein,20230822150531NAL0006271985001,"BEST BUY STORES PUERTO RICO, LLC",410907483,003,BEST BUY PUERTO RICO RETIREMENT SAVINGS PLAN,2E2F2G2J2K2T,282.0,177623.0,2023-08-22
2022,0000764478,subsidiary,20230822151223NAL0012666194001,"BEST BUY ENTERPRISE SERVICES, INC.",550805038,002,BEST BUY RETIREMENT SAVINGS PLAN,2E2F2G2J2K2T3H,88147.0,71349416.0,2023-08-22
2023,0000764478,subsidiary,20240701141924NAL0002911683001,"BEST BUY ENTERPRISE SERVICES, INC.",550805038,002,BEST BUY RETIREMENT SAVINGS PLAN,2E2F2G2J2K2T3H,85980.0,68038400.0,2024-07-01
2023,0000764478,ein,20240819111419NAL0001420593001,"BEST BUY STORES PUERTO RICO, LLC",410907483,003,BEST BUY PUERTO RICO RETIREMENT SAVINGS PLAN,2E2F2G2J2K2T,300.0,170606.0,2024-08-19
2024,0000764478,ein,20250814121452NAL0022039074001,"BEST BUY STORES PUERTO RICO, LLC",410907483,003,BEST BUY PUERTO RICO RETIREMENT SAVINGS PLAN,2E2F2G2J2K2T,283.0,161149.0,2025-08-14
2024,0000764478,subsidiary,20250814124745NAL0009881985001,"BEST BUY ENTERPRISE SERVICES, INC.",550805038,002,BEST BUY RETIREMENT SAVINGS PLAN,2E2F2G2J2K2O2T3H,83696.0,65011650.0,2025-08-14
2022,0000764622,ein,20230621091634NAL0000391283001,PINNACLE WEST CAPITAL CORPORATION,860512431,002,PINNACLE WEST CAPITAL CORPORATION SAVINGS PLAN,2E2F2G2J2K2O2R2S2T3F3H,5820.0,23401892.0,2023-06-21
2023,0000764622,ein,20240618142604NAL0002797793001,PINNACLE WEST CAPITAL CORPORATION,860512431,002,PINNACLE WEST CAPITAL CORPORATION SAVINGS PLAN,2E2F2G2J2K2O2R2S2T3F3H,6085.0,24766651.0,2024-06-18
2024,0000764622,ein,20250616103605NAL0000449635001,PINNACLE WEST CAPITAL CORPORATION,860512431,002,PINNACLE WEST CAPITAL CORPORATION SAVINGS PLAN,2E2F2G2J2K2O2R2S2T3F3H,6358.0,27038574.0,2025-06-16
2022,0000765880,ein,20230822134605NAL0002563939001,"HEALTHPEAK PROPERTIES, INC.",330091377,001,"HEALTHPEAK PROPERTIES, INC.401(K) RETIREMENT PLAN",2E2F2G2J2K2T3H2A3D,197.0,1436781.0,2023-08-22
2023,0000765880,ein,20241001093759NAL0003873331001,"HEALTHPEAK PROPERTIES, INC.",330091377,001,"HEALTHPEAK PROPERTIES, INC.401(K) RETIREMENT PLAN",2T2A2E2F2G2J2K3D3H,193.0,1715005.0,2024-10-01
2024,0000765880,ein,20250925091651NAL0007482593001,"HEALTHPEAK PROPERTIES, INC.",330091377,001,"HEALTHPEAK PROPERTIES, INC.401(K) RETIREMENT PLAN",2T2A2E2F2G2J2K3H3D,399.0,2013726.0,2025-09-25
2022,0000766704,ein,20231011165604NAL0030565217001,WELLTOWER INC.,341096634,001,WELLTOWER INC. RETIREMENT PLAN AND TRUST,2E2F2G2J2K2T3D2R,481.0,4114878.0,2023-10-11
2023,0000766704,ein,20240930151451NAL0005712977001,WELLTOWER INC.,341096634,001,WELLTOWER INC. RETIREMENT PLAN AND TRUST,2E2F2G2J2K2T3D2R,510.0,4607951.0,2024-09-30
2024,0000766704,ein,20251014113150NAL0001287059001,WELLTOWER INC.,341096634,001,WELLTOWER INC. RETIREMENT PLAN AND TRUST,2E2F2G2J2K2R2T3D,651.0,5288296.0,2025-10-14
2022,0000769397,ein,20230925144313NAL0008011985001,"AUTODESK, INC.",942819853,001,AUTODESK 401(K) PLAN,2E2F2G2J2K2R2T3H,5684.0,24492119.0,2023-09-25
2023,0000769397,ein,20241011122159NAL0012476835001,"AUTODESK, INC.",942819853,001,AUTODESK 401(K) PLAN,2E2F2G2J2K2R2T3H,5804.0,24979336.0,2024-10-11
2024,0000769397,ein,20251007120441NAL0002443923001,"AUTODESK, INC.",942819853,001,AUTODESK 401(K) PLAN,2E2F2G2J2K2R2T3H,5920.0,25802039.0,2025-10-07
2022,0000773840,ein,20231016090236NAL0025187555001,HONEYWELL INTERNATIONAL INC,222640650,302,HONEYWELL 401(K) PLAN,2E2F2H2J2K2O2T3H,40004.0,207116531.0,2023-10-16
2022,0000773840,ein,20231016093133NAL0050129616001,HONEYWELL INTERNATIONAL INC,222640650,341,HONEYWELL PUERTO RICO SAVINGS PLAN,2E2F2H2O2T3H3J,1012.0,1476740.0,2023-10-16
2023,0000773840,ein,20241015182934NAL0057676994001,HONEYWELL INTERNATIONAL INC,222640650,341,HONEYWELL PUERTO RICO SAVINGS PLAN,2E2F2H2O2T3H,1012.0,2018702.0,2024-10-15
2023,0000773840,ein,20241015183827NAL0017057347001,HONEYWELL INTERNATIONAL INC,222640650,302,HONEYWELL 401(K) PLAN,2E2F2H2J2K2O2T3H,39468.0,226788775.0,2024-10-15
2024,0000773840,ein,20251030220624NAL0001484515001,HONEYWELL INTERNATIONAL INC,222640650,341,HONEYWELL PUERTO RICO SAVINGS PLAN,2E2F2H2O2T3H,1085.0,2276861.0,2025-10-30
2024,0000773840,ein,20251030221332NAL0003937104001,HONEYWELL INTERNATIONAL INC,222640650,302,HONEYWELL 401(K) PLAN,2E2F2H2J2K2O2T3H3I,44069.0,235668656.0,2025-10-30
2022,0000779152,ein,20230726145023NAL0013880320001,JACK HENRY & ASSOCIATES INC,431128385,003,"JACK HENRY & ASSOCIATES, INC 401K RETIREMENT SAVINGS PLAN",2E2F2G2J2K2O2S2T,6955.0,28809853.0,2023-07-26
2023,0000779152,ein,20240710113029NAL0009511251001,JACK HENRY & ASSOCIATES INC,431128385,003,"JACK HENRY & ASSOCIATES, INC 401K RETIREMENT SAVINGS PLAN",2E2F2G2J2K2O2S2T,6719.0,30934420.0,2024-07-10
2024,0000779152,ein,20250716094555NAL0006600130001,JACK HENRY & ASSOCIATES INC,431128385,003,"JACK HENRY & ASSOCIATES, INC 401K RETIREMENT SAVINGS PLAN",2E2F2G2J2K2S2T2O,7243.0,33235724.0,2025-07-16
2022,0000783325,ein,20230724145517NAL0005226739001,"WEC ENERGY GROUP, INC.",391391525,031,WEC ENERGY GROUP EMPLOYEE RETIREMENT SAVINGS PLAN,2E2G2J2K3H2O2S2T,3558.0,19657000.0,2023-07-24
2022,0000783325,ein,20230724145747NAL0008305377001,"WEC ENERGY GROUP, INC.",391391525,050,WEC ENERGY GROUP LIMITED RETIREMENT SAVINGS PLAN,2E2G2J2K3H2O2S2T,210.0,785000.0,2023-07-24
2022,0000783325,ein,20230724150031NAL0005232579001,"WEC ENERGY GROUP, INC.",391391525,049,WEC ENERGY GROUP RETIREMENT SAVINGS PLAN,2E2G2J2K3H2O2S2T,3386.0,31641000.0,2023-07-24
2022,0000783325,subsidiary,20230911143537NAL0019531761001,ATC MANAGEMENT INC,391999363,001,ATC 401(K) PLAN,2G2J2K2R2T3D2F,511.0,2775921.0,2023-09-11
2022,0000783325,subsidiary,20230911143645NAL0019705665001,ATC MANAGEMENT INC,391999363,002,ATC INDIVIDUAL ACCOUNT PENSION PLAN,2G2T2C2F3D2R,511.0,3590455.0,2023-09-11
2023,0000783325,ein,20240626124851NAL0005716627001,"WEC ENERGY GROUP, INC.",391391525,031,WEC ENERGY GROUP EMPLOYEE RETIREMENT SAVINGS PLAN,2E2G2J2K3H2O2S2T,3645.0,22319000.0,2024-06-26
2023,0000783325,ein,20240626125213NAL0005719363001,"WEC ENERGY GROUP, INC.",391391525,049,WEC ENERGY GROUP RETIREMENT SAVINGS PLAN,2E2G2J2K3H2O2S2T,3383.0,33046000.0,2024-06-26
2023,0000783325,ein,20240626125359NAL0005720803001,"WEC ENERGY GROUP, INC.",391391525,050,WEC ENERGY GROUP LIMITED RETIREMENT SAVINGS PLAN,2E2G2J2K3H2O2S2T,153.0,730000.0,2024-06-26
2023,0000783325,subsidiary,20250807075514NAL0004733872001,ATC MANAGEMENT INC,391999363,001,ATC 401(K) PLAN,2F2G2J2K2R2T3D,537.0,2919987.0,2025-08-07
2023,0000783325,subsidiary,20250807075803NAL0002076291001,ATC MANAGEMENT INC,391999363,002,ATC INDIVIDUAL ACCOUNT PENSION PLAN,2C2F2G2R2T3D,537.0,3753438.0,2025-08-07
2024,0000783325,ein,20250604103252NAL0008351667001,"WEC ENERGY GROUP, INC.",391391525,031,WEC ENERGY GROUP EMPLOYEE RETIREMENT SAVINGS PLAN,2E2G2J2K3H2O2S2T,3713.0,25876000.0,2025-06-04
2024,0000783325,ein,20250604110533NAL0010810385001,"WEC ENERGY GROUP, INC.",391391525,049,WEC ENERGY GROUP RETIREMENT SAVINGS PLAN,2E2G2J2K3H2O2S2T,3358.0,34046000.0,2025-06-04
2024,0000783325,ein,20250604110841NAL0011161345001,"WEC ENERGY GROUP, INC.",391391525,050,WEC ENERGY GROUP LIMITED RETIREMENT SAVINGS PLAN,2E2G2J2K3H2O2S2T,171.0,654000.0,2025-06-04
2024,0000783325,subsidiary,20250929143419NAL0015337747001,ATC MANAGEMENT INC,391999363,001,ATC 401(K) PLAN,2G2J2K2T2F3D2R,587.0,3190893.0,2025-09-29
2024,0000783325,subsidiary,20250929143518NAL0015339027001,ATC MANAGEMENT INC,391999363,002,ATC INDIVIDUAL ACCOUNT PENSION PLAN,2G2T2C2F3D2R,580.0,4117786.0,2025-09-29
2022,0000788784,ein,20231011123631NAL0060137218001,PUBLIC SERVICE ENTERPRISE GROUP INCORPORATED,222625848,006,PUBLIC SERVICE ENTERPRISE GROUP INC. EMPLOYEE SAVINGS PLAN,2E2F2G2J2K2O2R2S3F,6642.0,22159494.0,2023-10-11
2022,0000788784,ein,20231011123704NAL0029448177001,PUBLIC SERVICE ENTERPRISE GROUP INCORPORATED,222625848,004,PUBLIC SERVICE ENTERPRISE GROUP INC. THRIFT & TAX DEFERRED SAVINGS PLAN,2E2F2G2J2K2O2R2S3F,3917.0,19854541.0,2023-10-11
2023,0000788784,ein,20241008150214NAL0035129362001,PUBLIC SERVICE ENTERPRISE GROUP INCORPORATED,222625848,006,PUBLIC SERVICE ENTERPRISE GROUP INC. EMPLOYEE SAVINGS PLAN,2E2F2G2J2K2O2R2S3F,6585.0,23214326.0,2024-10-08
2023,0000788784,ein,20241008150246NAL0035130818001,PUBLIC SERVICE ENTERPRISE GROUP INCORPORATED,222625848,004,PUBLIC SERVICE ENTERPRISE GROUP INC. THRIFT & TAX DEFERRED SAVINGS PLAN,2E2F2G2J2K2O2R2S3F,3869.0,19947798.0,2024-10-08
2024,0000788784,ein,20251013134813NAL0003060242001,PUBLIC SERVICE ENTERPRISE GROUP INCORPORATED,222625848,006,PUBLIC SERVICE ENTERPRISE GROUP INC. EMPLOYEE SAVINGS PLAN,2E2F2G2J2K2O2R2S3F,6569.0,24051477.0,2025-10-13
2024,0000788784,ein,20251013135043NAL0000674275001,PUBLIC SERVICE ENTERPRISE GROUP INCORPORATED,222625848,004,PUBLIC SERVICE ENTERPRISE GROUP INC. THRIFT & TAX DEFERRED SAVINGS PLAN,2E2F2G2J2K2O2R2S3F,4086.0,20010229.0,2025-10-13
2022,0000789019,subsidiary,20230724142456NAL0008675729001,ACTIVISION BLIZZARD,942606438,001,ACTIVISION BLIZZARD 401(K) PLAN,3H2G2J2K2T2E2F3D,7924.0,21387330.0,2023-07-24
2022,0000789019,ein,20230727112514NAL0015201904001,MICROSOFT CORPORATION,911144442,001,MICROSOFT CORPORATION SAVINGS PLUS 401K PLAN,2E2F2G2I2J2K2O2R2T3H,123296.0,1007242056.0,2023-07-27
2023,0000789019,ein,20240730192503NAL0032915856001,MICROSOFT CORPORATION,911144442,001,MICROSOFT CORPORATION SAVINGS PLUS 401K PLAN,2E2F2G2I2J2K2O2R2T3H,118818.0,1104421787.0,2024-07-30
2023,0000789019,subsidiary,20240816122826NAL0014551505001,ACTIVISION BLIZZARD,942606438,001,ACTIVISION BLIZZARD 401(K) PLAN,3H2G2J2K2T2E2F3D,7971.0,26109931.0,2024-08-16
2024,0000789019,ein,20250627162504NAL0005423731001,MICROSOFT CORPORATION,911144442,001,MICROSOFT CORPORATION SAVINGS PLUS 401K PLAN,2E2F2G2I2J2K2O2R2T3H,123878.0,1159497574.0,2025-06-27
2024,0000789019,subsidiary,20251010160157NAL0012962688001,ACTIVISION BLIZZARD,942606438,001,ACTIVISION BLIZZARD 401(K) PLAN,3H2G2J2K2T2E2F3D,6832.0,26554489.0,2025-10-10
2022,0000789570,subsidiary,20231016200858NAL0025890803001,NEVADA PROPERTY 1 LLC,271695189,001,THE COSMOPOLITAN RESORT & CASINO RETIREMENT PLAN,2E2F2G2J2K2T3D,3741.0,989236.0,2023-10-16
2023,0000789570,ein,20241010162427NAL0010253107001,MGM RESORTS INTERNATIONAL,880215232,002,THE MGM RESORTS 401(K) SAVINGS PLAN,2E2F2G2J2K2R2T3H,37719.0,31430784.0,2024-10-10
2024,0000789570,ein,20251008104625NAL0002932243001,MGM RESORTS INTERNATIONAL,880215232,002,THE MGM RESORTS 401(K) SAVINGS PLAN,2E2F2G2J2K2R2T3H,37717.0,33408834.0,2025-10-08
2022,0000796343,ein,20230831123514NAL0004031395001,ADOBE INC.,770019522,001,ADOBE INC. 401(K) RETIREMENT SAVINGS PLAN,2E2F2G2J2K2R2S2T3D3F3H,14731.0,78524680.0,2023-08-31
2023,0000796343,ein,20241004111045NAL0006633283001,ADOBE INC.,770019522,001,ADOBE INC. 401(K) RETIREMENT SAVINGS PLAN,2E2F2G2J2K2R2S2T3D3F3H,14863.0,87226073.0,2024-10-04
2024,0000796343,ein,20251015140643NAL0004775505001,ADOBE INC.,770019522,001,ADOBE INC. 401(K) RETIREMENT SAVINGS PLAN,2E2F2G2J2K2R2S2T3D3F3H,15199.0,92175813.0,2025-10-15
2022,0000797468,ein,20231011085949NAL0018795139001,OCCIDENTAL PETROLEUM CORPORATION,954035997,060,OCCIDENTAL PETROLEUM CORPORATION RETIREMENT PLAN,2C2G3H2A2T2F,8018.0,70080880.0,2023-10-11
2022,0000797468,ein,20231011090838NAL0059521922001,OCCIDENTAL PETROLEUM CORPORATION,954035997,001,OCCIDENTAL PETROLEUM CORPORATION SAVINGS PLAN,2E2H2J2K3H2O3I2T2F,8374.0,80784829.0,2023-10-11
2023,0000797468,ein,20240927104701NAL0001163123001,OCCIDENTAL PETROLEUM CORPORATION,954035997,001,OCCIDENTAL PETROLEUM CORPORATION SAVINGS PLAN,2E2H2J2K3H2O3I2T2F,8835.0,89944301.0,2024-09-27
2023,0000797468,ein,20241014143932NAL0013464083001,OCCIDENTAL PETROLEUM CORPORATION,954035997,060,OCCIDENTAL PETROLEUM CORPORATION RETIREMENT PLAN,2C2G3H2A2T2F,8471.0,78752041.0,2024-10-14
2024,0000797468,ein,20250930145315NAL0005551923001,OCCIDENTAL PETROLEUM CORPORATION,954035997,001,OCCIDENTAL PETROLEUM CORPORATION SAVINGS PLAN,2E2H2J2K3H2O3I2T2F,9533.0,102366193.0,2025-09-30
2024,0000797468,ein,20251013103831NAL0000489459001,OCCIDENTAL PETROLEUM CORPORATION,954035997,060,OCCIDENTAL PETROLEUM CORPORATION RETIREMENT PLAN,2C2G3H2A2T2F,9179.0,88846574.0,2025-10-13
2022,0000798354,subsidiary,20230725132104NAL0009597857001,"FISERV SOLUTIONS, LLC.",391833695,004,FISERV 401(K) SAVINGS PLAN,2E2F2G2J2K2R2S2T3H,25280.0,69769731.0,2023-07-25
2023,0000798354,subsidiary,20240704042219NAL0005147507001,"FISERV SOLUTIONS, LLC.",391833695,004,FISERV 401(K) SAVINGS PLAN,2E2F2G2J2K2R2S2T3H,26372.0,68763385.0,2024-07-04
2024,0000798354,subsidiary,20250806082732NAL0002783331001,"FISERV SOLUTIONS, LLC.",391833695,004,FISERV 401(K) SAVINGS PLAN,2E2F2G2J2K2R2S2T3H,22809.0,70267899.0,2025-08-06
2022,0000804328,ein,20231016145337NAL0025902227001,QUALCOMM INCORPORATED,953685934,001,QUALCOMM INCORPORATED EMPLOYEE SAVINGS AND RETIREMENT PLAN,2E2F2G2J2K2T2R,16200.0,81603167.0,2023-10-16
2023,0000804328,ein,20240923145103NAL0015631536001,QUALCOMM INCORPORATED,953685934,001,QUALCOMM INCORPORATED EMPLOYEE SAVINGS AND RETIREMENT PLAN,2F2G2J2K2T2R2E,13777.0,81269576.0,2024-09-23
2024,0000804328,ein,20251010194901NAL0004477923001,QUALCOMM INCORPORATED,953685934,001,QUALCOMM INCORPORATED EMPLOYEE SAVINGS AND RETIREMENT PLAN,2F2G2J2K2T2E2R,13500.0,74802187.0,2025-10-10
2022,0000813672,ein,20230911132527NAL0013188163001,CADENCE DESIGN SYSTEMS INC,770148231,001,"CADENCE DESIGN SYSTEMS, INC. 401(K) PLAN",2E2F2G2J2K2R2S2T3H,3437.0,18056489.0,2023-09-11
2023,0000813672,subsidiary,20240614104030NAL0015200179001,CADENCE INTERNATIONAL,846027655,001,403(B) THRIFT PLAN OF CADENCE INTERNATIONAL,2G3D2J2S2T,167.0,0.0,2024-06-14
2023,0000813672,ein,20240910111841NAL0011446658001,CADENCE DESIGN SYSTEMS INC,770148231,001,"CADENCE DESIGN SYSTEMS, INC. 401(K) PLAN",2E2F2G2J2K2R2S2T3H,3690.0,20994951.0,2024-09-10
2024,0000813672,ein,20251006131700NAL0002086739001,CADENCE DESIGN SYSTEMS INC,770148231,001,"CADENCE DESIGN SYSTEMS, INC. 401(K) PLAN",2E2F2G2J2K2R2S2T3H,3716.0,21734041.0,2025-10-06
2024,0000813672,subsidiary,20251013172304NAL0002472736001,CADENCE INTERNATIONAL,846027655,001,403(B) THRIFT PLAN FOR EMPLOYEES OF CADENCE INTERNATIONAL,2G3D2J2S2T,160.0,0.0,2025-10-13
2022,0000814547,ein,20231012183342NAL0021024035001,FAIR ISAAC CORPORATION,941499887,003,FAIR ISAAC 401(K) PLAN,2F2E2G2J2K2T3H2R,1301.0,8527515.0,2023-10-12
2023,0000814547,ein,20241009132123NAL0018385281001,FAIR ISAAC CORPORATION,941499887,003,FAIR ISAAC 401(K) PLAN,2F2E2G2J2K2T3H2R,1326.0,9162563.0,2024-10-09
2024,0000814547,ein,20251015123127NAL0006080576001,FAIR ISAAC CORPORATION,941499887,003,FAIR ISAAC 401(K) PLAN,2E2F2G2J2K2R2T3H,1364.0,9512560.0,2025-10-15
2022,0000815097,ein,20231013134345NAL0045192832001,CARNIVAL CORPORATION,591562976,002,CARNIVAL CORPORATION FUN SHIP SAVINGS PLAN,2A2E2F2G2J2K3H3J,3031.0,14591246.0,2023-10-13
2023,0000815097,ein,20241015161516NAL0057181314001,CARNIVAL CORPORATION,591562976,002,CARNIVAL CORPORATION FUN SHIP SAVINGS PLAN,2A2E2F2G2J2K3H3J,3566.0,14358004.0,2024-10-15
2024,0000815097,ein,20251014131814NAL0003006945001,CARNIVAL CORPORATION,591562976,002,THE CARNIVAL CORPORATION FUN SHIP SAVINGS PLAN,2A2E2F2G2J2K3H3J,3725.0,16176594.0,2025-10-14
2022,0000815556,ein,20230607170048NAL0020172195001,FASTENAL COMPANY & SUBSIDIARIES,410948415,001,FASTENAL COMPANY & SUBSIDIARIES 401(K) AND EMPLOYEE STOCK OWNERSHIP PLAN,2E2F2G2J2K2O2S2T3H,16898.0,20890787.0,2023-06-07
2023,0000815556,ein,20240606162645NAL0010694339001,FASTENAL COMPANY & SUBSIDIARIES,410948415,001,FASTENAL COMPANY & SUBSIDIARIES 401(K) AND EMPLOYEE STOCK OWNERSHIP PLAN,2E2F2G2J2K2O2S2T3H,17512.0,21858051.0,2024-06-06
2024,0000815556,ein,20250606083720NAL0021055088001,FASTENAL COMPANY & SUBSIDIARIES,410948415,001,FASTENAL COMPANY & SUBSIDIARIES 401(K) AND EMPLOYEE STOCK OWNERSHIP PLAN,2E2F2G2J2K2O2S2T3H,17820.0,19715874.0,2025-06-06
2022,0000820027,ein,20230719212256NAL0005681794001,"AMERIPRISE FINANCIAL, INC.",133180631,001,AMERIPRISE FINANCIAL 401(K) PLAN,2F2G2J2K2O2R2T3F3H,9313.0,63306817.0,2023-07-19
2023,0000820027,ein,20240722142235NAL0005918819001,"AMERIPRISE FINANCIAL, INC.",133180631,001,AMERIPRISE FINANCIAL 401(K) PLAN,2F2G2J2K2O2R2T3F3H,9298.0,65539012.0,2024-07-22
2024,0000820027,ein,20250710101125NAL0005405713001,"AMERIPRISE FINANCIAL, INC.",133180631,001,AMERIPRISE FINANCIAL 401(K) PLAN,2F2G2J2K2O2R2T3F3H,8958.0,68094662.0,2025-07-10
2022,0000820313,subsidiary,20230724123211NAL0005113939001,AIRMAR TECHNOLOGY CORPORATION,020361502,001,AIRMAR TECHNOLOGY CORPORATION 401(K) PLAN,2G2J2K2T3D2F,334.0,760171.0,2023-07-24
2022,0000820313,subsidiary,20230920141501NAL0001215331001,"Q MICROWAVE, INC.",330821536,001,"Q MICROWAVE, INC. 401(K) PLAN",2E3D2G2J2K2F2T,118.0,97358.0,2023-09-20
2022,0000820313,subsidiary,20231002092124NAL0017015921001,"ROCHESTER SENSORS, LLC",750979821,001,"ROCHESTER SENSORS, LLC",3D2E2F2G2J2K2R2S2T3B,208.0,238799.0,2023-10-02
2022,0000820313,subsidiary,20231005114135NAL0014285843001,"SSI TECHNOLOGIES, LLC",391373997,001,"SSI TECHNOLOGIES, LLC SAVINGS AND RETIREMENT PLAN",2T3H3D2S2E2F2G2J2K,564.0,879415.0,2023-10-05
2022,0000820313,ein,20231006123039NAL0046270658001,AMPHENOL CORPORATION & AFFILIATED COMPANIES,222785165,015,AMPHENOL AFFILIATED COMPANIES EMPLOYEE SAVINGS 401(K) PLAN,2E2J2K2F2G3D,1053.0,1392692.0,2023-10-06
2022,0000820313,ein,20231006123541NAL0046486626001,AMPHENOL CORPORATION & AFFILIATED COMPANIES,222785165,010,AMPHENOL CORPORATION EMPLOYEE SAVINGS/401(K) PLAN,3D2G2J2K3H2F2E,5415.0,18113296.0,2023-10-06
2022,0000820313,subsidiary,20231006124805NAL0023155617001,"AMPHENOL THERMOMETRICS, INC.",250590780,002,"AMPHENOL THERMOMETRICS, INC. EMPLOYEE SAVINGS/401(K) PLAN",2E2F2G2J2K3D3H,372.0,1853545.0,2023-10-06
2022,0000820313,subsidiary,20231006125247NAL0030398944001,"TIMES MICROWAVE SYSTEMS, INC.",010816035,002,TIMES MICROWAVE SYSTEMS UNION 401(K) PLAN,3D2E2J2K2F2G3H,140.0,233020.0,2023-10-06
2022,0000820313,subsidiary,20231009105041NAL0016723827001,"POSITRONIC INDUSTRIES, INC.",430864718,001,"POSITRONIC INDUSTRIES, INC. 401(K) RETIREMENT SAVINGS PLAN",2E2F2G2J2K2T3D3H,382.0,475662.0,2023-10-09
2022,0000820313,subsidiary,20231013160313NAL0022327891001,"AMPHENOL ADVANCED SENSORS PUERTO RICO, LLC",660812424,001,AMPHENOL PUERTO RICO RETIREMENT PLAN,2E2F2G2T3C,134.0,201861.0,2023-10-13
2022,0000820313,subsidiary,20231016104446NAL0075422882001,"PCB PIEZOTRONICS, INC.",161503703,001,PCB PIEZOTRONICS AND AFFILIATED COMPANIES RETIREMENT SAVINGS PLAN,2E2F2G2J2K2R2S2T3F3H,1538.0,581813.0,2023-10-16
2022,0000820313,subsidiary,20241018150949NAL0057291456001,TPC WIRE & CABLE CORP.,270235381,001,TPC WIRE & CABLE CORP. 401(K) RETIREMENT SAVINGS PLAN,2E2F2G2J2K2S2T3D3H,720.0,1594344.0,2024-10-18
2023,0000820313,subsidiary,20240715101104NAL0002346386001,AIRMAR TECHNOLOGY CORPORATION,020361502,001,AIRMAR TECHNOLOGY CORPORATION 401(K) PLAN,3H2G2J2K2T2F3D,375.0,967948.0,2024-07-15
2023,0000820313,subsidiary,20240724112250NAL0008097139001,"POSITRONIC INDUSTRIES, INC.",430864718,001,"POSITRONIC INDUSTRIES, INC. 401(K) RETIREMENT SAVINGS PLAN",2E2F2G2J2K2T3H3D,331.0,742935.0,2024-07-24
2023,0000820313,subsidiary,20240729162733NAL0032512464001,TPC WIRE & CABLE CORP.,270235381,002,TPC WIRE & CABLE CORP. 401(K) RETIREMENT SAVINGS PLAN,2E2F2G2J2K2T3D3H,174.0,80152.0,2024-07-29
2023,0000820313,subsidiary,20240916104302NAL0001413073001,"ROCHESTER SENSORS, LLC",750979821,001,"ROCHESTER SENSORS, LLC",2E2F2G2J2K2S2T3B3D2R,203.0,242051.0,2024-09-16
2023,0000820313,subsidiary,20240919172823NAL0003762707001,"AMPHENOL ADVANCED SENSORS PUERTO RICO, LLC",660812424,001,AMPHENOL PUERTO RICO RETIREMENT PLAN,2E2F2G2T3C,134.0,223667.0,2024-09-19
2023,0000820313,ein,20241001200443NAL0013365392001,AMPHENOL CORPORATION & AFFILIATED COMPANIES,222785165,015,AMPHENOL AFFILIATED COMPANIES EMPLOYEE SAVINGS 401(K) PLAN,2E2J2K2F2G3D,913.0,1905245.0,2024-10-01
2023,0000820313,ein,20241001200843NAL0014830914001,AMPHENOL CORPORATION & AFFILIATED COMPANIES,222785165,010,AMPHENOL CORPORATION EMPLOYEE SAVINGS/401(K) PLAN,3D2G2J2K3H2F2E,5339.0,23432499.0,2024-10-01
2023,0000820313,subsidiary,20241001201550NAL0007353681001,"AMPHENOL THERMOMETRICS, INC.",250590780,002,"AMPHENOL THERMOMETRICS, INC. EMPLOYEE SAVINGS/401(K) PLAN",2E2F2G2J2K3D3H,374.0,2048649.0,2024-10-01
2023,0000820313,subsidiary,20241001201759NAL0007353953001,"TIMES MICROWAVE SYSTEMS, INC.",010816035,002,TIMES MICROWAVE SYSTEMS UNION 401(K) PLAN,3D2E2J2K2F2G3H,129.0,243514.0,2024-10-01
2023,0000820313,subsidiary,20241002010837NAL0013181552001,"PCB PIEZOTRONICS, INC.",161503703,001,PCB PIEZOTRONICS AND AFFILIATED COMPANIES RETIREMENT SAVINGS PLAN,2E2F2G2J2K2R2S2T3D3F3H,1447.0,628609.0,2024-10-02
2023,0000820313,subsidiary,20241002151018NAL0004153059001,"SSI TECHNOLOGIES, LLC",391373997,001,"SSI TECHNOLOGIES, LLC SAVINGS AND RETIREMENT PLAN",2T3H2S2E2F2G2J2K3D,446.0,836379.0,2024-10-02
2023,0000820313,subsidiary,20241014081259NAL0014633731001,RFS TECHNOLOGIES INC.,133379797,001,RFS TECHNOLOGIES INC. SAVINGS PLAN,2F2G2J2K3D2R2T,148.0,578459.0,2024-10-14
2024,0000820313,subsidiary,20250721121040NAL0000570579001,AIRMAR TECHNOLOGY CORPORATION,020361502,001,AIRMAR TECHNOLOGY CORPORATION 401(K) PLAN,3H2G2J2K2T2F3D,301.0,821287.0,2025-07-21
2024,0000820313,subsidiary,20250731142757NAL0010715330001,"ROCHESTER SENSORS, LLC",750979821,001,"ROCHESTER SENSORS, LLC",2E2F2G2J2K2S2T3B3D2R,185.0,241240.0,2025-07-31
2024,0000820313,subsidiary,20250814095737NAL0027592978001,"AMPHENOL ADVANCED SENSORS PUERTO RICO, LLC",660812424,001,AMPHENOL PUERTO RICO RETIREMENT PLAN,2E2F2G2T3C,133.0,230746.0,2025-08-14
2024,0000820313,ein,20251002092215NAL0000236321001,AMPHENOL CORPORATION & AFFILIATED COMPANIES,222785165,010,AMPHENOL CORPORATION EMPLOYEE SAVINGS/401(K) PLAN,3D2G2J2K3H2F2E,6984.0,24698766.0,2025-10-02
2024,0000820313,ein,20251002092426NAL0000241825001,AMPHENOL CORPORATION & AFFILIATED COMPANIES,222785165,015,AMPHENOL AFFILIATED COMPANIES EMPLOYEE SAVINGS 401(K) PLAN,2E2J2K2F2G3D,958.0,1901826.0,2025-10-02
2024,0000820313,subsidiary,20251002092643NAL0000440272001,"AMPHENOL THERMOMETRICS, INC.",250590780,002,"AMPHENOL THERMOMETRICS, INC. EMPLOYEE SAVINGS/401(K) PLAN",2E2F2G2J2K3D3H,356.0,1751389.0,2025-10-02
2024,0000820313,subsidiary,20251002093146NAL0000259441001,"TIMES MICROWAVE SYSTEMS, INC.",010816035,002,TIMES MICROWAVE SYSTEMS UNION 401(K) PLAN,3D2E2J2K2F2G3H,134.0,278637.0,2025-10-02
2024,0000820313,subsidiary,20251007163102NAL0002606691001,"PCB PIEZOTRONICS, INC.",161503703,001,PCB PIEZOTRONICS AND AFFILIATED COMPANIES RETIREMENT SAVINGS PLAN,2E2F2G2J2K2R2S2T3D3F3H,1318.0,1118779.0,2025-10-07
2024,0000820313,subsidiary,20251008144306NAL0006015601001,TPC WIRE & CABLE CORP.,270235381,002,TPC WIRE & CABLE CORP. 401(K) RETIREMENT SAVINGS PLAN,2E2F2G2J2K2T3D3H,167.0,671207.0,2025-10-08
2024,0000820313,subsidiary,20251010110005NAL0004526259001,"POSITRONIC INDUSTRIES, INC.",430864718,001,"POSITRONIC INDUSTRIES, INC. 401(K) RETIREMENT SAVINGS PLAN",2E2F2G2J2K2T3H3D,347.0,569217.0,2025-10-10
2024,0000820313,name,20251013065300NAL0000754113001,AMPHENOL CORPORATION,391373997,001,"SSI TECHNOLOGIES, LLC SAVINGS AND RETIREMENT PLAN",2T3H2S2E2F2G2J2K3D,271.0,650681.0,2025-10-13
2024,0000820313,subsidiary,20251013092356NAL0002204434001,RFS TECHNOLOGIES INC.,133379797,001,RFS TECHNOLOGIES INC. SAVINGS PLAN,2F2G2J2K2T3D2R,150.0,476288.0,2025-10-13
2024,0000820313,subsidiary,20251015220541NAL0005941825001,"UNLIMITED SERVICES OF WISCONSIN, LLC",391417867,001,"UNLIMITED SERVICES, INC. RETIREMENT SAVINGS PLAN",2E2F2G2J2K2T3D,154.0,217274.0,2025-10-15
2022,0000820318,name,20230728160425NAL0017544096001,COHERENT CORP.,941622541,001,COHERENT CORP. 401(K) PROFIT SHARING PLAN,2E2F2G2J2K2S2T3H,1639.0,6903159.0,2023-07-28
2022,0000820318,ein,20231003125639NAL0037731890001,COHERENT CORP.,251214948,001,COHERENT CORP. 401(K) PROFIT SHARING PLAN,2A2E2F2G2J2K2S2T3D,3749.0,12194032.0,2023-10-03
2023,0000820318,ein,20241204150656NAL0004003425001,COHERENT CORP.,251214948,001,COHERENT CORP. 401(K) PROFIT SHARING PLAN,2E2F2G2J2K2S2T3D2A,3054.0,11262671.0,2024-12-04
2024,0000820318,ein,20251015132704NAL0002484851001,COHERENT CORP.,251214948,001,COHERENT CORP. 401(K) PROFIT SHARING PLAN,2E2F2G2J2K2S2T2A3D,4242.0,16490929.0,2025-10-15
2022,0000821189,ein,20230719142204NAL0002391569001,"EOG RESOURCES, INC.",470684736,001,"EOG RESOURCES, INC. SAVINGS AND RETIREMENT PLAN",2A2E2F2G2J2K2S2T,2739.0,50385718.0,2023-07-19
2023,0000821189,ein,20240724133548NAL0013034001002,"EOG RESOURCES, INC.",470684736,001,"EOG RESOURCES, INC. SAVINGS AND RETIREMENT PLAN",2A2E2F2G2J2K2S2T,2933.0,56084353.0,2024-07-24
2024,0000821189,ein,20250619134326NAL0004758720002,"EOG RESOURCES, INC.",470684736,001,"EOG RESOURCES, INC. SAVINGS AND RETIREMENT PLAN",2A2E2F2G2J2K2S2T,3003.0,60156173.0,2025-06-19
2022,0000822416,ein,20230926101728NAL0008942209001,"PULTEGROUP, INC.",382766606,001,"PULTEGROUP, INC. 401(K) PLAN",2E2F2G2J2K2S2T3H,6690.0,27628132.0,2023-09-26
2023,0000822416,ein,20240801081535NAL0050836802001,"PULTEGROUP, INC.",382766606,001,"PULTEGROUP, INC. 401(K) PLAN",2E2F2G2J2K2S2T3H,6503.0,27812018.0,2024-08-01
2024,0000822416,ein,20250722090944NAL0001077811001,"PULTEGROUP, INC.",382766606,001,"PULTEGROUP, INC. 401(K) PLAN",2E2F2G2J2K2S2T3H,6941.0,31163183.0,2025-07-22
2022,0000823768,ein,20230913132927NAL0021882721001,"WASTE MANAGEMENT, INC.",731309529,001,WASTE MANAGEMENT RETIREMENT SAVINGS PLAN,2F2G2J2K2O2R2S2T3H,39493.0,101605778.0,2023-09-13
2022,0000823768,subsidiary,20231009113144NAL0026117041001,"STERICYCLE, INC.",363640402,003,"STERICYCLE, INC. 401(K) RETIREMENT PLAN",2F2G2J2K2S2T3D3H2E,8955.0,9800772.0,2023-10-09
2022,0000823768,subsidiary,20231010111533NAL0037461616001,"STERICYCLE, INC.",363640402,004,"STERICYCLE, INC. P. R. SAVINGS PLAN",2E2F2G2J2K2S2T3C,86.0,60817.0,2023-10-10
2022,0000823768,subsidiary,20231013114539NAL0044851488001,"WASTE-AWAY GROUP, LTD",351941306,001,"WASTE-AWAY GROUP, LIMITED EMPLOYEES' 401(K) PLAN AND TRUST",2E2F2G2J2K2S2T3D3H,306.0,500552.0,2023-10-13
2022,0000823768,subsidiary,20240228080904NAL0015382400001,WB WASTE SOLUTIONS,471312254,001,WB WASTE SOLUTIONS 401(K) PROFIT SHARING PLAN & TRUST,2E2F2G2J2K2T3D,202.0,191931.0,2024-02-28
2023,0000823768,subsidiary,20240904103753NAL0040932914001,"STERICYCLE, INC.",363640402,003,"STERICYCLE, INC. 401(K) RETIREMENT PLAN",2F2G2J2K2S2T3H2E3D2R,9251.0,9911822.0,2024-09-04
2023,0000823768,subsidiary,20240904104356NAL0032575392001,"STERICYCLE, INC.",363640402,004,"STERICYCLE, INC. P. R. SAVINGS PLAN",2E2F2G2J2K2S2T3C,84.0,67744.0,2024-09-04
2023,0000823768,subsidiary,20240917095425NAL0002727457001,WINTERS BROS. WASTE SYSTEMS OF LONG ISLAND,611729674,001,WINTERS BROS. OF LONG ISLAND 401(K) PLAN,2E2G2J2K2S2T3D3H,127.0,415809.0,2024-09-17
2023,0000823768,ein,20241011130610NAL0021910337001,"WASTE MANAGEMENT, INC.",731309529,001,WASTE MANAGEMENT RETIREMENT SAVINGS PLAN,2F2G2J2K2O2R2S2T3H,38676.0,117947363.0,2024-10-11
2023,0000823768,subsidiary,20241014080832NAL0026794113001,WB WASTE SOLUTIONS,471312254,001,WB WASTE SOLUTIONS 401(K) PROFIT SHARING PLAN & TRUST,2E2F2G2J2K2T3D,201.0,245013.0,2024-10-14
2023,0000823768,subsidiary,20241015182650NAL0030627473001,"WASTE-AWAY GROUP, LTD",351941306,001,"WASTE-AWAY GROUP, LIMITED EMPLOYEES' 401(K) PLAN AND TRUST",2E2F2G2J2K2S2T3D3H,348.0,458911.0,2024-10-15
2024,0000823768,subsidiary,20251009162819NAL0016639842001,"STERICYCLE, INC.",363640402,003,"STERICYCLE, INC. 401(K) RETIREMENT PLAN",2F2G2J2K2S2T3H2E3D2R,8738.0,11525362.0,2025-10-09
2024,0000823768,ein,20251010123318NAL0013120160001,"WASTE MANAGEMENT, INC.",731309529,001,WASTE MANAGEMENT RETIREMENT SAVINGS PLAN,2F2G2J2K2O2R2S2T3H,38168.0,120149981.0,2025-10-10
2024,0000823768,subsidiary,20260210065039NAL0002784496001,WB WASTE SOLUTIONS,471312254,001,WB WASTE SOLUTIONS 401(K) PROFIT SHARING PLAN & TRUST,2E2F2G2J2K2T3D3H,283.0,439034.0,2026-02-10
2022,0000827052,subsidiary,20230927202701NAL0015808528001,SOUTHERN CALIFORNIA EDISON COMPANY,951240335,002,EDISON 401(K) SAVINGS PLAN,2E2F2G2I2J2K2R2T3F3H,13202.0,102206580.0,2023-09-27
2023,0000827052,subsidiary,20240926164959NAL0000597315003,SOUTHERN CALIFORNIA EDISON COMPANY,951240335,002,EDISON 401(K) SAVINGS PLAN,2E2F2G2I2J2K2R2T3F3H,14119.0,120797443.0,2024-09-26
2024,0000827052,subsidiary,20251015132610NAL0002362355001,SOUTHERN CALIFORNIA EDISON COMPANY,951240335,002,EDISON 401(K) SAVINGS PLAN,2E2F2G2I2J2K2R2T3F3H,13749.0,136000663.0,2025-10-15
2022,0000827054,ein,20231009174502NAL0017207379001,MICROCHIP TECHNOLOGY INCORPORATED,860629024,001,MICROCHIP TECHNOLOGY INCORPORATED SAVINGS PLAN,2T2F3D2R3H2K2G2J,6751.0,23907904.0,2023-10-09
2023,0000827054,ein,20241009125801NAL0018322801001,MICROCHIP TECHNOLOGY INCORPORATED,860629024,001,MICROCHIP TECHNOLOGY INCORPORATED SAVINGS PLAN,2T2F3H2K2G2J3D2R,7051.0,22177299.0,2024-10-09
2024,0000827054,ein,20251006173014NAL0002068067001,MICROCHIP TECHNOLOGY INCORPORATED,860629024,001,MICROCHIP TECHNOLOGY INCORPORATED SAVINGS PLAN,2T2F3H2K2G2J3D2R,6662.0,7442713.0,2025-10-06
2022,0000829224,ein,20230811184045NAL0017266499001,STARBUCKS CORPORATION,911325671,001,STARBUCKS CORPORATION 401(K) PLAN,2F2G2J2K2T3H3D2E,260701.0,150948727.0,2023-08-11
2023,0000829224,ein,20240809124301NAL0011026736001,STARBUCKS CORPORATION,911325671,001,STARBUCKS CORPORATION 401(K) PLAN,2E2F2G2J2K2T3D3H,231064.0,173171402.0,2024-08-09
2024,0000829224,ein,20250819115333NAL0002267921001,STARBUCKS CORPORATION,911325671,001,STARBUCKS CORPORATION 401(K) PLAN,2F2G2J2K2T3D2E3H,220791.0,183628891.0,2025-08-19
2022,0000831001,ein,20230722114622NAL0011983762001,CITIGROUP INC.,521568099,004,CITI RETIREMENT SAVINGS PLAN,2E2F2G2J2K2O2S2T3H,78295.0,468560846.0,2023-07-22
2023,0000831001,ein,20241011143252NAL0022936913001,CITIGROUP INC.,521568099,004,CITI RETIREMENT SAVINGS PLAN,2E2F2G2J2K2O2S2T3H,79128.0,541368158.0,2024-10-11
2024,0000831001,ein,20251010151325NAL0013397952001,CITIGROUP INC.,521568099,004,CITI RETIREMENT SAVINGS PLAN,2E2F2G2J2K2O2S2T3H,74487.0,584072828.0,2025-10-10
2022,0000831259,ein,20231009185623NAL0018216483001,FREEPORT-MCMORAN INC.,742480931,001,FREEPORT-MCMORAN INC. EMPLOYEE CAPITAL ACCUMULATION PROGRAM,2A2E2F2G2J2K2R2S2T3H,12622.0,103781103.0,2023-10-09
2023,0000831259,ein,20241010093521NAL0011338371004,FREEPORT-MCMORAN INC.,742480931,001,FREEPORT-MCMORAN INC. EMPLOYEE CAPITAL ACCUMULATION PROGRAM,2A2E2F2G2J2K2R2S2T3H,13241.0,119775763.0,2024-10-10
2024,0000831259,ein,20251014141427NAL0006261730002,FREEPORT-MCMORAN INC.,742480931,001,FREEPORT-MCMORAN INC. EMPLOYEE CAPITAL ACCUMULATION PROGRAM,2A2E2F2G2J2K2R2S2T3H,14200.0,132800359.0,2025-10-14
2022,0000832101,subsidiary,20230927150311NAL0014863088001,SUPERIOR TECHNICAL CERAMICS CORPORATION,221543838,002,SUPERIOR TECHNICAL CERAMICS CORPORATION 401(K) PLAN,2E2F2G2J3D3H,184.0,509290.0,2023-09-27
2022,0000832101,ein,20231016163731NAL0077149298001,IDEX CORPORATION,363555336,045,IDEX CORPORATION SAVINGS PLAN,2E2F2G2J2K3H,4521.0,16581342.0,2023-10-16
2023,0000832101,subsidiary,20240930144713NAL0002696371001,SUPERIOR TECHNICAL CERAMICS CORPORATION,221543838,002,SUPERIOR TECHNICAL CERAMICS CORPORATION 401(K) PLAN,2E2F2G2J3D3H,171.0,607868.0,2024-09-30
2023,0000832101,ein,20241015122359NAL0056109170001,IDEX CORPORATION,363555336,045,IDEX CORPORATION SAVINGS PLAN,2E2F2G2J2K3H,4277.0,28308876.0,2024-10-15
2024,0000832101,subsidiary,20250723150813NAL0010801218001,SUPERIOR TECHNICAL CERAMICS CORPORATION,221543838,002,SUPERIOR TECHNICAL CERAMICS CORPORATION 401(K) PLAN,2E2F2G2J3D3H,152.0,591291.0,2025-07-23
2024,0000832101,ein,20250930124715NAL0013211440001,IDEX CORPORATION,363555336,045,IDEX CORPORATION SAVINGS PLAN,2E2F2G2J2K3H,4213.0,28412066.0,2025-09-30
2022,0000833444,name,20230816144407NAL0002537968001,"JOHNSON CONTROLS, INC.",390380010,026,JOHNSON CONTROLS RETIREMENT SAVINGS AND INVESTMENT PLAN,2E3H2F2G2J2K2T,28904.0,168857347.0,2023-08-16
2022,0000833444,name,20230816144758NAL0001983105001,"JOHNSON CONTROLS, INC.",390380010,011,JOHNSON CONTROLS SELECT HOURLY RETIREMENT SAVINGS AND INVESTMENT PLAN,2E2F2G2J2K3H2T,8052.0,6281428.0,2023-08-16
2023,0000833444,name,20240718152635NAL0003581411001,"JOHNSON CONTROLS, INC.",390380010,011,JOHNSON CONTROLS SELECT HOURLY RETIREMENT SAVINGS AND INVESTMENT PLAN,2E2F2G2J2K3H2T,8604.0,6547902.0,2024-07-18
2023,0000833444,name,20240718152941NAL0006063617001,"JOHNSON CONTROLS, INC.",390380010,026,JOHNSON CONTROLS RETIREMENT SAVINGS AND INVESTMENT PLAN,2E3H2F2G2J2K2T,28489.0,168897640.0,2024-07-18
2024,0000833444,name,20250716095228NAL0002297683001,"JOHNSON CONTROLS, INC.",390380010,026,JOHNSON CONTROLS RETIREMENT SAVINGS AND INVESTMENT PLAN,2E3H2F2G2J2K2T,34487.0,174542340.0,2025-07-16
2022,0000842023,ein,20240415112224NAL0001717601001,BIO-TECHNE CORPORATION,411427402,001,BIO-TECHNE CORPORATION AND AFFILIATES PROFIT SHARING AND SAVINGS PLAN,2E2F2G2J2K2T3D3H,2218.0,5618843.0,2024-04-15
2023,0000842023,ein,20250413181647NAL0000796977001,BIO-TECHNE CORPORATION,411427402,001,BIO-TECHNE CORPORATION AND AFFILIATES PROFIT SHARING AND SAVINGS PLAN,2E2F2G2J2K2T3D3H,2226.0,6061022.0,2025-04-13
2024,0000842023,ein,20260415070126NAL0011623651001,BIO-TECHNE CORPORATION,411427402,001,BIO-TECHNE CORPORATION AND AFFILIATES PROFIT SHARING AND SAVINGS PLAN,2E2F2G2J2K2T3D3H,2193.0,6351310.0,2026-04-15
2022,0000849395,subsidiary,20230714110730NAL0023831841001,ECO MATERIAL TECHNOLOGIES INC.,873609739,001,ECO MATERIAL TECHNOLOGIES 401(K) PLAN,2E2F2G2J2K2T3D3H,992.0,2002443.0,2023-07-14
2022,0000849395,subsidiary,20231009090532NAL0053345170001,"NATIONAL PIPE & PLASTICS, INC.",133916482,001,"NATIONAL PIPE & PLASTICS, INC. 401(K) INVESTMENT PLAN",2E2F2G2J2K2T3D,208.0,226898.0,2023-10-09
2023,0000849395,subsidiary,20240708154241NAL0020276768001,ECO MATERIAL TECHNOLOGIES INC.,873609739,001,ECO MATERIAL TECHNOLOGIES 401(K) PLAN,2E2F2G2J2K2T3H3D,868.0,2514125.0,2024-07-08
2024,0000849395,subsidiary,20250625091152NAL0004625075001,ECO MATERIAL TECHNOLOGIES INC.,873609739,001,ECO MATERIAL TECHNOLOGIES 401(K) PLAN,2E2F2G2J2K2T3H3D,1109.0,2662037.0,2025-06-25
2022,0000849399,ein,20231008150010NAL0051708402001,NORTONLIFELOCK INC.,770181864,001,NORTONLIFELOCK SECTION 401(K) PLAN,2E2F2G2J2K2R2T3H,1209.0,4215711.0,2023-10-08
2022,0000849399,subsidiary,20231016083026NAL0037250705001,"MONEYLION, INC.",464036860,001,"MONEYLION, INC. 401(K) PROFIT SHARING PLAN",2A2E2F2G2J2T3D3H,275.0,915767.0,2023-10-16
2023,0000849399,ein,20241011141447NAL0011009523001,GEN DIGITAL INC.,770181864,001,GEN DIGITAL INC. 401(K) PLAN,2T3D2R2E2F2G2J2K,1270.0,3150915.0,2024-10-11
2023,0000849399,subsidiary,20241014143218NAL0027568449001,"MONEYLION, INC.",464036860,001,"MONEYLION, INC. 401(K) PROFIT SHARING PLAN",2A2E2F2G2J2T3D3H,296.0,1388402.0,2024-10-14
2024,0000849399,ein,20251008155201NAL0005785265001,GEN DIGITAL INC.,770181864,001,GEN DIGITAL INC. 401(K) PLAN,2E2F2G2J2K2R2T,982.0,4043596.0,2025-10-08
2024,0000849399,subsidiary,20251009121930NAL0011440480001,"MONEYLION, INC.",464036860,001,"MONEYLION, INC. 401(K) PROFIT SHARING PLAN",2A2E2F2G2J2T3D3H,276.0,1425975.0,2025-10-09
2022,0000857005,ein,20231013080134NAL0043792288003,PTC INC.,042866152,001,PTC 401K SAVINGS PLAN,2T2F2G2J2K3D,2306.0,8538057.0,2023-10-13
2023,0000857005,ein,20241014081045NAL0012999075004,PTC INC.,042866152,001,PTC 401K SAVINGS PLAN,2T2F2G2J2K3D,2559.0,9087043.0,2024-10-14
2024,0000857005,ein,20251015193402NAL0005739137001,PTC INC.,042866152,001,PTC 401K SAVINGS PLAN,2E2F2G2J2K2T3D,2450.0,8847424.0,2025-10-15
2022,0000858877,ein,20230731180414NAL0017386097001,"CISCO SYSTEMS,INC.",770059951,001,"CISCO SYSTEMS,INC. 401(K) PLAN",2F2G2J2K2T3F2E2R,40364.0,323364879.0,2023-07-31
2022,0000858877,subsidiary,20230823173516NAL0016052658001,SPLUNK INC.,861106510,001,SPLUNK INC. RETIREMENT PLAN,2S2T2J2K2E2F2G3D2R,5602.0,32021825.0,2023-08-23
2023,0000858877,subsidiary,20240723172020NAL0020451616001,SPLUNK INC.,861106510,001,SPLUNK INC. RETIREMENT PLAN,2S2T2J2K2E2F2G3D2R,5343.0,31864691.0,2024-07-23
2023,0000858877,ein,20240731171554NAL0022786433001,"CISCO SYSTEMS,INC.",770059951,001,"CISCO SYSTEMS,INC. 401(K) PLAN",2K2J2T3F2E2R2F2G,40452.0,360981694.0,2024-07-31
2024,0000858877,ein,20250730174516NAL0005109777001,"CISCO SYSTEMS,INC.",770059951,001,"CISCO SYSTEMS,INC. 401(K) PLAN",2E2F2G2J2K2R2T3F,40599.0,360041223.0,2025-07-30
2022,0000860730,subsidiary,20230921133811NAL0002352451001,JUDSON,340714539,002,JUDSON 403(B) PLAN,2F2G2L2M2S2T3D3F,468.0,259575.0,2023-09-21
2022,0000860730,subsidiary,20231009124407NAL0026598673001,SAN ANTONIO REGIONAL HOSPITAL,951183919,002,SAN ANTONIO REGIONAL HOSPITAL SAVINGS PLAN,2E2F2G2J2K2T,2245.0,2998135.0,2023-10-09
2022,0000860730,subsidiary,20231010124301NAL0017879187001,"LINCOLN SURGERY CENTER, LLC",470807324,001,LINCOLN SURGERY CTR 401(K) PLAN,2E2F2G2J2K2T3D3F3H,434.0,930425.0,2023-10-10
2022,0000860730,subsidiary,20231013072632NAL0065997186001,MEMORIAL HEALTHCARE,381358208,002,MEMORIAL RETIREMENT PLAN,2E2G2J2S2T3D,1514.0,1459862.0,2023-10-13
2022,0000860730,subsidiary,20231016095756NAL0050195216002,HOUSTON HEALTHCARE,711045290,002,"HOUSTON HOSPITALS, INC. PARTICIPATORY RETIREMENT PLAN",2F2G2L2M2R2T,2417.0,2861856.0,2023-10-16
2022,0000860730,subsidiary,20231016130549NAL0038393441001,"MEDICAL SPECIALTIES, INC.",560750099,001,"MEDICAL SPECIALTIES, INC. RETIREMENT PLAN",2E2G2J2K2T3D3H,171.0,122458.0,2023-10-16
2022,0000860730,subsidiary,20231206164426NAL0035839202001,"HCA PHYSICIAN SERVICES, INC.",621821475,001,PROVIDER CARE GROUP MIRROR 401(K) PLAN,2E2F2G2J2K2T3D,1078.0,5753942.0,2023-12-06
2023,0000860730,subsidiary,20240912111456NAL0016955650001,MEMORIAL HEALTHCARE,381358208,002,MEMORIAL RETIREMENT PLAN,2E2G2J2S2T3D,1464.0,1546960.0,2024-09-12
2023,0000860730,subsidiary,20241001135154NAL0004075171001,JUDSON,340714539,002,JUDSON 403(B) PLAN,2F2G2L2M2S2T3D3F,434.0,261100.0,2024-10-01
2023,0000860730,subsidiary,20241007112129NAL0008818675001,"LINCOLN SURGERY CENTER, LLC",470807324,001,LINCOLN SURGERY CTR 401(K) PLAN,2E2F2G2J2K2T3D3F3H,446.0,1037001.0,2024-10-07
2023,0000860730,subsidiary,20241010122158NAL0020057553001,SAN ANTONIO REGIONAL HOSPITAL,951183919,002,SAN ANTONIO REGIONAL HOSPITAL SAVINGS PLAN,2E2F2G2J2K2T2S3D,2345.0,3233032.0,2024-10-10
2023,0000860730,subsidiary,20241015142506NAL0016618115001,"HCA PHYSICIAN SERVICES, INC.",621821475,001,PROVIDER CARE GROUP MIRROR 401(K) PLAN,2E2F2G2J2K2T,1258.0,6423763.0,2024-10-15
2023,0000860730,subsidiary,20241015161756NAL0016860659001,HOUSTON HEALTHCARE,711045290,002,"HOUSTON HOSPITALS, INC. PARTICIPATORY RETIREMENT PLAN",2F2G2L2M2R2T,2401.0,3406783.0,2024-10-15
2023,0000860730,subsidiary,20241104084143NAL0014825858001,"MEDICAL SPECIALTIES, INC.",560750099,001,"MEDICAL SPECIALTIES, INC. RETIREMENT PLAN",2E2G2J2K2T3D3H,189.0,133135.0,2024-11-04
2024,0000860730,subsidiary,20250818214239NAL0000842227001,"HCA PHYSICIAN SERVICES, INC.",621821475,001,PROVIDER CARE GROUP MIRROR 401(K) PLAN,2E2F2G2J2K2S2T3H,3271.0,9877906.0,2025-08-18
2024,0000860730,subsidiary,20250924163850NAL0006936433001,SAN ANTONIO REGIONAL HOSPITAL,951183919,002,SAN ANTONIO REGIONAL HOSPITAL SAVINGS PLAN,2E2F2G2J2K2T2S3D3H,2362.0,4165387.0,2025-09-24
2024,0000860730,subsidiary,20251009144024NAL0007151297001,"LINCOLN SURGERY CENTER, LLC",470807324,001,LINCOLN SURGERY CTR 401(K) PLAN,2E2F2G2J2K2T3D3F3H,438.0,1152665.0,2025-10-09
2024,0000860730,subsidiary,20251014163734NAL0003301473001,JUDSON,340714539,002,JUDSON UNION 403(B) PLAN,2F2G2L2M2S2T3D3F,112.0,157245.0,2025-10-14
2024,0000860730,subsidiary,20251014164242NAL0004555104001,JUDSON,340714539,003,JUDSON NON-UNION 403(B) PLAN,2F2G2L2M2S2T3D3F,378.0,200274.0,2025-10-14
2024,0000860730,subsidiary,20251015113139NAL0008985858001,HOUSTON HEALTHCARE,711045290,002,"HOUSTON HOSPITALS, INC. PARTICIPATORY RETIREMENT PLAN",2E2F2G2K2L2M2R2T3D3H,2427.0,3594589.0,2025-10-15
2024,0000860730,subsidiary,20251015124600NAL0004578209001,"MEDICAL SPECIALTIES, INC.",560750099,001,"MEDICAL SPECIALTIES, INC. RETIREMENT PLAN",2E2G2J2K2T3D3H,127.0,132361.0,2025-10-15
2024,0000860730,subsidiary,20251015164412NAL0002654787001,MEMORIAL HEALTHCARE,381358208,002,MEMORIAL RETIREMENT PLAN,2E2G2J2S2T3D,1780.0,2194828.0,2025-10-15
2022,0000860731,ein,20230721094932NAL0002732995001,"TYLER TECHNOLOGIES, INC.",752303920,002,"TYLER TECHNOLOGIES, INC. 401(K) PROFIT SHARING PLAN & TRUST",2E2F2G2J2K2T3H3D2R,7271.0,17322166.0,2023-07-21
2023,0000860731,ein,20240724104735NAL0012506721001,"TYLER TECHNOLOGIES, INC.",752303920,002,"TYLER TECHNOLOGIES, INC. 401(K) PROFIT SHARING PLAN & TRUST",2E2F2G2J2K2T3H3D2R,7065.0,18589330.0,2024-07-24
2024,0000860731,ein,20250623150556NAL0003798851001,"TYLER TECHNOLOGIES, INC.",752303920,002,"TYLER TECHNOLOGIES, INC. 401(K) PROFIT SHARING PLAN & TRUST",2E2F2G2J2K2T3H3D2R,7135.0,19046493.0,2025-06-23
2022,0000864749,ein,20231015065641NAL0072697586001,TRIMBLE INC.,942802192,001,TRIMBLE INC. SAVINGS AND RETIREMENT PLAN,2F2G2J2K2T3F3H2E3I2R,5114.0,15926937.0,2023-10-15
2023,0000864749,ein,20241011180113NAL0011253859001,TRIMBLE INC.,942802192,001,TRIMBLE INC. SAVINGS AND RETIREMENT PLAN,2F2G2J2K2T3F3H2E3I2R,5612.0,15297185.0,2024-10-11
2024,0000864749,ein,20251010165023NAL0004420819001,TRIMBLE INC.,942802192,001,TRIMBLE INC. SAVINGS AND RETIREMENT PLAN,2E2F2G2J2K2R2T3F3H3I,4729.0,14427499.0,2025-10-10
2022,0000865752,ein,20231016174700NAL0026369315001,MONSTER BEVERAGE CORPORATION,471809393,001,MONSTER ENERGY COMPANY 401 K PLAN,2E2F2G2J2K2S2T3D,3003.0,6999208.0,2023-10-16
2023,0000865752,ein,20240905174223NAL0000031681001,MONSTER BEVERAGE CORPORATION,471809393,001,MONSTER ENERGY COMPANY 401 K PLAN,2E2F2G2J2K2S2T3D,3506.0,9053719.0,2024-09-05
2024,0000865752,ein,20251015153541NAL0002678899001,MONSTER BEVERAGE CORPORATION,471809393,001,MONSTER ENERGY COMPANY 401 K PLAN,2E2F2G2J2K2S2T3D,3696.0,9603902.0,2025-10-15
2022,0000866374,subsidiary,20231013115634NAL0033159313001,"FLEXTRONICS INTERNATIONAL USA, INC.",943061570,001,FLEX 401(K) PLAN,2E2F2G2J2K2T3F3H2R,7390.0,19545222.0,2023-10-13
2022,0000866374,subsidiary,20231014134435NAL0035067025001,CROWN TECHNICAL SYSTEMS,330775810,002,CROWN TECHNICAL SYSTEMS 401(K) PLAN,2A2E2F2G2J2K2T3D,198.0,38702.0,2023-10-14
2023,0000866374,subsidiary,20241008080743NAL0016311649001,CROWN TECHNICAL SYSTEMS,330775810,002,CROWN TECHNICAL SYSTEMS 401(K) PLAN,2A2E2F2G2J2K2T3D,268.0,84997.0,2024-10-08
2023,0000866374,subsidiary,20241014162355NAL0045292512001,ELEMENTUM LTD,981200641,001,ELEMENTUM RETIREMENT PLAN,2A2E2F2J2K2R2T3D,40.0,161471.0,2024-10-14
2023,0000866374,subsidiary,20241025101501NAL0000058513001,"FLEXTRONICS INTERNATIONAL USA, INC.",943061570,001,FLEX 401(K) PLAN,2E2F2G2J2K2R2T3F3H,7310.0,18918489.0,2024-10-25
2024,0000866374,subsidiary,20250924175538NAL0009550307001,ELEMENTUM LTD,981200641,001,ELEMENTUM RETIREMENT PLAN,2A2E2F2J2K2T3D2R,38.0,22253.0,2025-09-24
2024,0000866374,subsidiary,20251009150839NAL0004025827001,"FLEXTRONICS INTERNATIONAL USA, INC.",943061570,001,FLEX 401(K) PLAN,2E2F2G2J2K2T3F3H2R,10524.0,18240895.0,2025-10-09
2022,0000866787,ein,20231016131953NAL0024882899001,"AUTOZONE, INC.",621482048,001,"AUTOZONE, INC. 401(K) PLAN",2E2F2G2J2K2T,18535.0,37228827.0,2023-10-16
2023,0000866787,ein,20241015105758NAL0014442803001,"AUTOZONE, INC.",621482048,001,"AUTOZONE, INC. 401(K) PLAN",2E2F2G2J2K2T3D3H,20036.0,36962765.0,2024-10-15
2024,0000866787,ein,20251015140545NAL0004773041001,"AUTOZONE, INC.",621482048,001,"AUTOZONE, INC. 401(K) PLAN",2F2G2J2K2T3H3D2E,99222.0,40368494.0,2025-10-15
2022,0000872589,ein,20230818105039NAL0001649137001,"REGENERON PHARMACEUTICALS, INC.",133444607,001,"REGENERON PHARMACEUTICALS, INC. 401(K) SAVINGS PLAN",2E2F2H2J2K2S2T3F3D2R,9850.0,61790675.0,2023-08-18
2023,0000872589,ein,20240920081306NAL0004273571001,"REGENERON PHARMACEUTICALS, INC.",133444607,001,"REGENERON PHARMACEUTICALS, INC. 401(K) SAVINGS PLAN",2E2F2H2J2K2R2S2T3D3F,10876.0,73353990.0,2024-09-20
2024,0000872589,ein,20250917144825NAL0000609105001,"REGENERON PHARMACEUTICALS, INC.",133444607,001,"REGENERON PHARMACEUTICALS, INC. 401(K) SAVINGS PLAN",2E2F2H2J2K2S2T3F3D2R,11960.0,79081635.0,2025-09-17
2022,0000874716,ein,20231003085119NAL0037159394001,"IDEXX LABORATORIES, INC.",010393723,001,IDEXX RETIREMENT AND INCENTIVE SAVINGS PLAN,2E2F2G2J2K2S2T3D3H,6594.0,28311227.0,2023-10-03
2023,0000874716,ein,20241003161606NAL0010158753001,"IDEXX LABORATORIES, INC.",010393723,001,IDEXX RETIREMENT AND INCENTIVE SAVINGS PLAN,2E2F2G2J2K2S2T3D3H,6776.0,30290370.0,2024-10-03
2024,0000874716,ein,20251013095641NAL0000461587001,"IDEXX LABORATORIES, INC.",010393723,001,IDEXX RETIREMENT AND INCENTIVE SAVINGS PLAN,2E2F2G2J2K2S2T3D3H,6742.0,31184453.0,2025-10-13
2022,0000874761,ein,20230726141304NAL0014638016001,THE AES CORPORATION,541163725,006,THE AES CORPORATION RETIREMENT SAVINGS PLAN,2E2F2G2J2K2O2R2S2T3H,2197.0,24905225.0,2023-07-26
2022,0000874761,subsidiary,20230726141913NAL0006612499001,INDIANAPOLIS POWER & LIGHT COMPANY,350413620,003,EMPLOYEES' THRIFT PLAN OF INDIANAPOLIS POWER & LIGHT COMPANY,2E2F2G2J2K2R2S2T3H,905.0,3864786.0,2023-07-26
2022,0000874761,subsidiary,20230906144007NAL0009270851001,DAYTON POWER AND LIGHT COMPANY,310258470,004,THE DAYTON POWER AND LIGHT COMPANY EMPLOYEE SAVINGS PLAN,2E2F2G2J2K2R2S2T3F3H,361.0,977715.0,2023-09-06
2022,0000874761,subsidiary,20230906144510NAL0030119954001,THE DAYTON POWER AND LIGHT COMPANY,310258470,005,THE DAYTON POWER AND LIGHT COMPANY SAVINGS PLAN FOR COLLECTIVE BARGAINING EMPLOYEES,2E2F2G2J2K2R2S2T3H,411.0,2382363.0,2023-09-06
2022,0000874761,subsidiary,20231016084417NAL0050032080001,"AES PUERTO RICO, LP",660547978,001,"AES PUERTO RICO, LP RETIREMENT PLAN",2E2F2H2T3C3I,111.0,634759.0,2023-10-16
2022,0000874761,subsidiary,20240808131316NAL0004957761001,"FLUENCE ENERGY, LLC",822138818,001,FLUENCE SAVINGS PLAN,2E2F2G2J2K2S2T3D3H,583.0,3637054.0,2024-08-08
2023,0000874761,ein,20240715121021NAL0001231505001,THE AES CORPORATION,541163725,006,THE AES CORPORATION RETIREMENT SAVINGS PLAN,2E2F2G2J2K2O2R2S2T3H,2613.0,31427031.0,2024-07-15
2023,0000874761,subsidiary,20240717140155NAL0002443923001,INDIANAPOLIS POWER & LIGHT COMPANY,350413620,003,EMPLOYEES' THRIFT PLAN OF INDIANAPOLIS POWER & LIGHT COMPANY,2E2F2G2J2K2O2R2S2T3H,894.0,3720625.0,2024-07-17
2023,0000874761,subsidiary,20240909143717NAL0009356610001,"AES PUERTO RICO, LP",660547978,001,"AES PUERTO RICO, LP RETIREMENT PLAN",2E2F2H2T3C3I,116.0,689034.0,2024-09-09
2023,0000874761,subsidiary,20241011082941NAL0010732947001,DAYTON POWER AND LIGHT COMPANY,310258470,004,THE DAYTON POWER AND LIGHT COMPANY EMPLOYEE SAVINGS PLAN,2E2F2G2J2K2R2S2T3F3H,363.0,1038788.0,2024-10-11
2023,0000874761,subsidiary,20241011083601NAL0022420705001,THE DAYTON POWER AND LIGHT COMPANY,310258470,005,THE DAYTON POWER AND LIGHT COMPANY SAVINGS PLAN FOR COLLECTIVE BARGAINING EMPLOYEES,2E2F2G2J2K2R2S2T3H,455.0,2613377.0,2024-10-11
2023,0000874761,subsidiary,20241022094111NAL0002567281001,"FLUENCE ENERGY, LLC",822138818,001,FLUENCE SAVINGS PLAN,2E2F2G2J2K2S2T3D3H,613.0,4467103.0,2024-10-22
2024,0000874761,subsidiary,20250630081612NAL0006507955001,INDIANAPOLIS POWER & LIGHT COMPANY,350413620,003,EMPLOYEES' THRIFT PLAN OF INDIANAPOLIS POWER & LIGHT COMPANY,2E2F2G2J2K2O2R2S2T3H,904.0,3990427.0,2025-06-30
2024,0000874761,ein,20250630082524NAL0006510419001,THE AES CORPORATION,541163725,006,THE AES CORPORATION RETIREMENT SAVINGS PLAN,2E2F2G2J2K2O2R2S2T3H,2968.0,39406257.0,2025-06-30
2024,0000874761,subsidiary,20250929075544NAL0011856320001,"AES PUERTO RICO, LP",660547978,001,"AES PUERTO RICO, LP RETIREMENT PLAN",2E2F2H2T3C3I,114.0,752326.0,2025-09-29
2024,0000874761,subsidiary,20251009111604NAL0006896801001,DAYTON POWER AND LIGHT COMPANY,310258470,004,THE DAYTON POWER AND LIGHT COMPANY EMPLOYEE SAVINGS PLAN,2E2F2G2J2K2R2S2T3F3H,302.0,1105549.0,2025-10-09
2024,0000874761,subsidiary,20251009125718NAL0003927635001,THE DAYTON POWER AND LIGHT COMPANY,310258470,005,THE DAYTON POWER AND LIGHT COMPANY SAVINGS PLAN FOR COLLECTIVE BARGAINING EMPLOYEES,2E2F2G2J2K2R2S2T3H,464.0,2822770.0,2025-10-09
2024,0000874761,subsidiary,20251229111012NAL0025842336001,"FLUENCE ENERGY, LLC",822138818,001,FLUENCE SAVINGS PLAN,2E2F2G2J2K2S2T3D3H,736.0,5865760.0,2025-12-29
2022,0000875045,ein,20231006111423NAL0015333939001,BIOGEN INC.,330112644,001,BIOGEN 401(K) SAVINGS PLAN,2A2E2F2G2J2K2T,5003.0,52942357.0,2023-10-06
2022,0000875045,subsidiary,20231012113508NAL0020257315001,"REATA PHARMACEUTICALS, INC.",113651945,001,"REATA PHARMACEUTICALS, INC. 401(K) PLAN",2E2F2G2J2K3D2T,316.0,1856226.0,2023-10-12
2023,0000875045,ein,20241010141348NAL0034370032001,BIOGEN INC.,330112644,001,BIOGEN 401(K) SAVINGS PLAN,2A2E2F2G2J2K2T,4292.0,51741537.0,2024-10-10
2024,0000875045,ein,20251014142941NAL0001504963001,BIOGEN INC.,330112644,001,BIOGEN 401(K) SAVINGS PLAN,2A2E2F2G2J2K2T,4289.0,46151108.0,2025-10-14
2022,0000875320,ein,20231012080721NAL0020926531001,VERTEX PHARMACEUTICALS INCORPORATED,043039129,001,VERTEX PHARMACEUTICALS INCORPORATED 401(K) PLAN,2F2G2J2K2T3F3H3I3D,3789.0,26713032.0,2023-10-12
2023,0000875320,ein,20241009201539NAL0019910465001,VERTEX PHARMACEUTICALS INCORPORATED,043039129,001,VERTEX PHARMACEUTICALS INCORPORATED 401(K) PLAN,2G2J2K2T3F3H3I3D2F,4388.0,33812426.0,2024-10-09
2024,0000875320,ein,20251013115037NAL0000564915001,VERTEX PHARMACEUTICALS INCORPORATED,043039129,001,VERTEX PHARMACEUTICALS INCORPORATED 401(K) PLAN,2J2K2T3F3H3I2F2G3D,5091.0,40435954.0,2025-10-13
2022,0000877212,ein,20231010120352NAL0028115153001,ZEBRA TECHNOLOGIES CORPORATION,362675536,002,ZEBRA 401(K) PLAN,2E2F2G2J2K2R2S2T3F3H,4662.0,23602233.0,2023-10-10
2023,0000877212,ein,20241011053531NAL0043249346001,ZEBRA TECHNOLOGIES CORPORATION,362675536,002,ZEBRA 401(K) PLAN,2E2F2G2J2K2R2S2T3F3H,4327.0,23335859.0,2024-10-11
2024,0000877212,ein,20251010084117NAL0004075283001,ZEBRA TECHNOLOGIES CORPORATION,362675536,002,ZEBRA 401(K) PLAN,2E2F2G2J2K2R2S2T3F3H,4375.0,20415231.0,2025-10-10
2022,0000878927,ein,20230627091839NAL0004506577001,"OLD DOMINION FREIGHT LINE, INC.",560751714,002,OLD DOMINION 401(K) RETIREMENT PLAN,2E2F2G2K3J2O,24399.0,135198718.0,2023-06-27
2023,0000878927,ein,20240725104409NAL0008151251001,"OLD DOMINION FREIGHT LINE, INC.",560751714,002,OLD DOMINION 401(K) RETIREMENT PLAN,2E2F2G2J2K2S2T2O3D,23225.0,119351465.0,2024-07-25
2024,0000878927,ein,20250708151822NAL0011526178001,"OLD DOMINION FREIGHT LINE, INC.",560751714,002,OLD DOMINION 401(K) RETIREMENT PLAN,2E2F2G2J2K2S2T3D2O,22714.0,112344278.0,2025-07-08
2023,0000879101,ein,20240710125823NAL0022855056001,KIMCO REALTY CORPORATION,132744380,001,KIMCO REALTY CORPORATION 401(K) PLAN,2A2E2F2G2J2K2T3D,751.0,6663589.0,2024-07-10
2024,0000879101,ein,20250710144130NAL0004128899001,KIMCO REALTY CORPORATION,132744380,001,KIMCO REALTY CORPORATION 401(K) PLAN,2A2E2F2G2J2K2T3D,708.0,3364047.0,2025-07-10
2022,0000879169,ein,20230807121838NAL0050608146001,INCYTE CORPORATION,943136539,001,INCYTE CORPORATION 401(K) PLAN,2E2F2G2J2K2T,1645.0,15660610.0,2023-08-07
2023,0000879169,ein,20240604145757NAL0031536096003,INCYTE CORPORATION,943136539,001,INCYTE CORPORATION 401(K) PLAN,2E2F2G2J2K2T,1781.0,18329583.0,2024-06-04
2024,0000879169,ein,20250603075217NAL0007091011001,INCYTE CORPORATION,943136539,001,INCYTE CORPORATION 401(K) PLAN,2E2F2G2J2K2T,1903.0,20564735.0,2025-06-03
2022,0000882095,ein,20230928163440NAL0012809009001,"GILEAD SCIENCES, INC.",943047598,001,GILEAD SCIENCES 401(K) PLAN,2G2J2K2T3H3D2R2F,10757.0,136121887.0,2023-09-28
2023,0000882095,ein,20240916201147NAL0001972801001,"GILEAD SCIENCES, INC.",943047598,001,GILEAD SCIENCES 401(K) PLAN,2G2J2K2T3H2F3D2R,11304.0,151571587.0,2024-09-16
2024,0000882095,ein,20250606160409NAL0021488048001,"GILEAD SCIENCES, INC.",943047598,001,GILEAD SCIENCES 401(K) PLAN,2J2K2T3H2F2G3D2R,10903.0,152873951.0,2025-06-06
2022,0000882835,subsidiary,20230626091726NAL0004471136001,ORCHARD SOFTWARE CORPORATION,351890652,001,ORCHARD SOFTWARE CORPORATION 401(K) PROFIT SHARING PLAN AND TRUST,2E2F2G2J2K2S2T3D,290.0,762938.0,2023-06-26
2022,0000882835,ein,20230724091451NAL0007935617001,"ROPER TECHNOLOGIES, INC.",510263969,004,"ROPER TECHNOLOGIES, INC. EMPLOYEES' RETIREMENT SAVINGS 004 PLAN",2E2F2G2J2K2S2T3D3H,10095.0,29957176.0,2023-07-24
2022,0000882835,ein,20230724091757NAL0008307201001,"ROPER TECHNOLOGIES, INC.",510263969,003,"ROPER TECHNOLOGIES, INC. EMPLOYEES' RETIREMENT SAVINGS 003 PLAN",2E2F2G2J2K2S2T3D3H,997.0,6867184.0,2023-07-24
2022,0000882835,subsidiary,20230912181135NAL0045756370001,PROCARE SOFTWARE LLC,931098604,002,PROCARE SOFTWARE LLC 401(K) PLAN,2E2F2G2J2K2S2T3B3D3H,402.0,1584178.0,2023-09-12
2022,0000882835,subsidiary,20231003102657NAL0037005778001,ROPER CORPORATION,581812847,001,ROPER EMPLOYEE VOLUNTARY RETIREMENT PLAN,3H2E2F2G2J2K2T3F,2130.0,4256698.0,2023-10-03
2022,0000882835,subsidiary,20231004081416NAL0019301025001,CENTRALREACH,274445737,001,CENTRALREACH 401(K) PLAN,2E2F2G2J2K2S2T3D3H,383.0,1175979.0,2023-10-04
2022,0000882835,subsidiary,20231004122533NAL0019633953001,"SUBSPLASH, INC.",203535373,001,SUBSPLASH 401(K) PLAN,2E2F2G2J2K2T3D,238.0,666303.0,2023-10-04
2022,0000882835,subsidiary,20231013063310NAL0044297648001,TRANSACT CAMPUS,813824965,002,TRANSACT CAMPUS 401(K) PLAN,2E2F2G2J2K2R2S2T3D,409.0,584559.0,2023-10-13
2022,0000882835,subsidiary,20231013091902NAL0066333042001,"FRONTLINE TECHNOLOGIES GROUP, LLC",465125936,001,FRONTLINE EDUCATION 401(K) PLAN,2E2F2G2J2K2S2T3B3H3D,711.0,1700422.0,2023-10-13
2023,0000882835,ein,20240719131017NAL0012056832001,"ROPER TECHNOLOGIES, INC.",510263969,004,"ROPER TECHNOLOGIES, INC. EMPLOYEES' RETIREMENT SAVINGS 004 PLAN",2E2F2G2J2K2S2T3D3H,10008.0,31122834.0,2024-07-19
2023,0000882835,ein,20240719131717NAL0004411683001,"ROPER TECHNOLOGIES, INC.",510263969,003,"ROPER TECHNOLOGIES, INC. EMPLOYEES' RETIREMENT SAVINGS 003 PLAN",2E2F2G2J2K2S2T3D3H,169.0,1407333.0,2024-07-19
2023,0000882835,subsidiary,20240722083043NAL0021161714001,ORCHARD SOFTWARE CORPORATION,351890652,001,ORCHARD SOFTWARE CORPORATION 401(K) PROFIT SHARING PLAN AND TRUST,2E2F2G2J2K2S2T3D,271.0,749910.0,2024-07-22
2023,0000882835,subsidiary,20240920113214NAL0007762561001,ROPER CORPORATION,581812847,001,ROPER EMPLOYEE VOLUNTARY RETIREMENT PLAN,3H2E2F2G2J2K2T3F3D2R,2285.0,4180615.0,2024-09-20
2023,0000882835,subsidiary,20241002083159NAL0008035937001,"SUBSPLASH, INC.",203535373,001,SUBSPLASH 401(K) PLAN,2E2F2G2J2K2T3D,269.0,804445.0,2024-10-02
2023,0000882835,subsidiary,20241002092214NAL0008075489001,"CENTRALREACH, LLC",274445737,001,CENTRALREACH 401(K) PLAN,2E2F2G2J2K2S2T3B3D3H,360.0,1509613.0,2024-10-02
2023,0000882835,subsidiary,20241009131059NAL0018344193001,PROCARE SOFTWARE LLC,931098604,002,PROCARE SOFTWARE LLC 401(K) PLAN,2E2F2G2J2K2S2T3B3D3H,407.0,1325877.0,2024-10-09
2023,0000882835,subsidiary,20241013101649NAL0012387795001,TRANSACT CAMPUS,813824965,002,TRANSACT CAMPUS 401(K) PLAN,2E2F2G2J2K2R2S2T3D,481.0,929115.0,2024-10-13
2024,0000882835,subsidiary,20250618085333NAL0001190515001,ORCHARD SOFTWARE CORPORATION,351890652,001,ORCHARD SOFTWARE CORPORATION 401(K) PROFIT SHARING PLAN AND TRUST,2E2F2G2J2K2S2T3D,263.0,708816.0,2025-06-18
2024,0000882835,subsidiary,20250813162258NAL0012804576001,"CENTRALREACH, LLC",274445737,001,CENTRALREACH 401(K) PLAN,2E2F2G2J2K2S2T3B3D3H,358.0,1529194.0,2025-08-13
2024,0000882835,ein,20250904170645NAL0034144194001,"ROPER TECHNOLOGIES, INC.",510263969,004,"ROPER TECHNOLOGIES, INC. EMPLOYEES' RETIREMENT SAVINGS 004 PLAN",2E2F2G2J2K2S2T3D3H,10938.0,36149485.0,2025-09-04
2024,0000882835,ein,20250904170924NAL0027735856001,"ROPER TECHNOLOGIES, INC.",510263969,003,"ROPER TECHNOLOGIES, INC. EMPLOYEES' RETIREMENT SAVINGS 003 PLAN",2E2F2G2J2K2S2T3D3H,185.0,1822832.0,2025-09-04
2024,0000882835,subsidiary,20250924134744NAL0006818497001,ROPER CORPORATION,581812847,001,ROPER EMPLOYEE VOLUNTARY RETIREMENT PLAN,3H2E2F2G2J2K2T3F3D2R,2538.0,4420834.0,2025-09-24
2024,0000882835,subsidiary,20251001162436NAL0012838065001,"SUBSPLASH, INC.",203535373,001,SUBSPLASH 401(K) PLAN,2E2F2G2J2K2T3D,280.0,850980.0,2025-10-01
2022,0000883241,ein,20231005134158NAL0021290033001,"SYNOPSYS, INC.",561546236,001,SYNOPSYS 401(K) PLAN,2G2J2K2T3H2E2F2R,4934.0,13920048.0,2023-10-05
2023,0000883241,ein,20240926121105NAL0001136576001,"SYNOPSYS, INC.",561546236,001,SYNOPSYS 401(K) PLAN,2G2J2K2T3H2E2F2R,4817.0,14333849.0,2024-09-26
2024,0000883241,ein,20251013181128NAL0001715601001,"SYNOPSYS, INC.",561546236,001,SYNOPSYS 401(K) PLAN,2G2J2K2T3H2E2F2R,4114.0,14160601.0,2025-10-13
2022,0000884887,ein,20231012133127NAL0031353745001,ROYAL CARIBBEAN CRUISES LTD.,980081645,003,ROYAL CARIBBEAN CRUISES LTD. RET. SAVINGS PLAN,2E2F2G2J2K2T3H,4217.0,19610267.0,2023-10-12
2023,0000884887,ein,20240918101118NAL0002465603001,ROYAL CARIBBEAN CRUISES LTD.,980081645,003,ROYAL CARIBBEAN CRUISES LTD. RET. SAVINGS PLAN,2E2F2G2J2K2T3H,4078.0,21362300.0,2024-09-18
2024,0000884887,ein,20250910152917NAL0021282961001,ROYAL CARIBBEAN CRUISES LTD.,980081645,003,ROYAL CARIBBEAN CRUISES LTD. RET. SAVINGS PLAN,2E2F2G2J2K2T3H,4275.0,22941043.0,2025-09-10
2022,0000885725,ein,20230725091842NAL0012562352001,BOSTON SCIENTIFIC CORPORATION,042695240,001,BOSTON SCIENTIFIC CORPORATION 401(K) RETIREMENT SAVINGS PLAN,2E2F2G2J2K2S2T,19881.0,122658252.0,2023-07-25
2023,0000885725,ein,20240723092212NAL0023923922001,BOSTON SCIENTIFIC CORPORATION,042695240,001,BOSTON SCIENTIFIC CORPORATION 401(K) RETIREMENT SAVINGS PLAN,2E2F2G2J2K2S2T,20639.0,133775041.0,2024-07-23
2024,0000885725,ein,20250717131129NAL0000166739001,BOSTON SCIENTIFIC CORPORATION,042695240,001,BOSTON SCIENTIFIC CORPORATION 401(K) RETIREMENT SAVINGS PLAN,2E2F2G2J2K2S2T,21923.0,144752569.0,2025-07-17
2022,0000886982,ein,20231012142504NAL0042153424001,"THE GOLDMAN SACHS GROUP, INC.",134019460,001,THE GOLDMAN SACHS 401(K) PLAN,2E2F2G2J2K2S2T3F3H,24866.0,212192863.0,2023-10-12
2023,0000886982,ein,20241014145504NAL0046462560001,"THE GOLDMAN SACHS GROUP, INC.",134019460,001,THE GOLDMAN SACHS 401(K) PLAN,2E2F2G2J2K2S2T3F3H,23227.0,206873156.0,2024-10-14
2024,0000886982,ein,20251015145512NAL0009864834001,"THE GOLDMAN SACHS GROUP, INC.",134019460,001,THE GOLDMAN SACHS 401(K) PLAN,2E2F2G2J2K2S2T3F3H,23891.0,200759266.0,2025-10-15
2022,0000895126,ein,20230821133759NAL0002468243001,CHESAPEAKE ENERGY CORPORATION,731395733,001,CHESAPEAKE ENERGY CORPORATION SAVINGS AND INCENTIVE STOCK BONUS PLAN,2E2F2G2J2K2R2S2T3D3H,1192.0,24732240.0,2023-08-21
2023,0000895126,ein,20240717153501NAL0007291488001,CHESAPEAKE ENERGY CORPORATION,731395733,001,CHESAPEAKE ENERGY CORPORATION SAVINGS AND INCENTIVE STOCK BONUS PLAN,2E2F2G2J2K2S2T3H3D2R,954.0,9554426.0,2024-07-17
2024,0000895126,ein,20251014140745NAL0001514547001,EXPAND ENERGY CORPORATION,731395733,001,CHESAPEAKE ENERGY CORPORATION SAVINGS AND INCENTIVE STOCK BONUS PLAN,2E2F2G2J2K2R2S2T3D3H,1742.0,9191821.0,2025-10-14
2022,0000895421,subsidiary,20231010101428NAL0017679603001,"MORGAN STANLEY DOMESTIC HOLDINGS, INC.",208764829,003,MORGAN STANLEY 401(K) PLAN,2E2F2G2J2K2O2T3F3H2A,51602.0,365544383.0,2023-10-10
2023,0000895421,subsidiary,20241002155747NAL0009097377001,"MORGAN STANLEY DOMESTIC HOLDINGS, LLC",208764829,003,MORGAN STANLEY 401(K) PLAN,2E2F2G2J2K2O2T3F3H2A,54356.0,395458159.0,2024-10-02
2024,0000895421,subsidiary,20251010150034NAL0004732579001,"MORGAN STANLEY DOMESTIC HOLDINGS, LLC",208764829,003,MORGAN STANLEY 401(K) PLAN,2E2F2G2J2K2O2T3F3H2A,54084.0,397705435.0,2025-10-10
2022,0000896878,ein,20230912155858NAL0020813041001,INTUIT INC.,770034661,001,INTUIT INC. 401(K) PLAN,2E2F2G2J2K2R2S2T3H,19607.0,107471456.0,2023-09-12
2022,0000896878,subsidiary,20231016183750NAL0077747890001,"CREDIT KARMA, LLC",260451139,001,"CREDIT KARMA, LLC RETIREMENT TRUST",2E2F2G2J2K2T3D,1659.0,16437236.0,2023-10-16
2023,0000896878,subsidiary,20241010110840NAL0011403411001,"CREDIT KARMA, LLC",260451139,001,"CREDIT KARMA, LLC RETIREMENT TRUST",2E2F2G2J2K2T3D,1506.0,17953490.0,2024-10-10
2023,0000896878,ein,20260211102605NAL0002760931001,INTUIT INC.,770034661,001,INTUIT INC. 401(K) PLAN,2E2F2G2J2K2R2S2T3D3H,20635.0,114278321.0,2026-02-11
2024,0000896878,ein,20251014203454NAL0007416482001,INTUIT INC.,770034661,001,INTUIT INC. 401(K) PLAN,2E2F2G2J2K2R2S2T3D3H,24200.0,122847147.0,2025-10-14
2024,0000896878,subsidiary,20260326193440NAL0008213890001,"CREDIT KARMA, LLC",260451139,001,"CREDIT KARMA, LLC RETIREMENT TRUST",2E2F2G2J2K2T3D,1536.0,17727560.0,2026-03-26
2022,0000898173,ein,20230918115043NAL0019697251001,"O'REILLY AUTOMOTIVE, INC.",274358837,002,"O'REILLY AUTOMOTIVE, INC. PROFIT SHARING AND SAVINGS PLAN",2E2F2G2J2K2S2T3D,74266.0,32455503.0,2023-09-18
2023,0000898173,ein,20241014083231NAL0013012435001,"O'REILLY AUTOMOTIVE, INC.",274358837,002,"O'REILLY AUTOMOTIVE, INC. PROFIT SHARING AND SAVINGS PLAN",2F2G2J2K2S2T3D2E3H,76538.0,87301601.0,2024-10-14
2024,0000898173,ein,20250929142447NAL0010970097001,"O'REILLY AUTOMOTIVE, INC.",274358837,002,"O'REILLY AUTOMOTIVE, INC. PROFIT SHARING AND SAVINGS PLAN",2F2G2J2K2S2T2E3D,80513.0,52042714.0,2025-09-29
2022,0000898293,subsidiary,20231004141842NAL0026541024001,"PHARMACEUTICS INTERNATIONAL, INC.",521901342,001,"PHARMACEUTICS INTERNATIONAL, INC. 401(K) PLAN",2E2F2G2J2S2T3D,242.0,710978.0,2023-10-04
2022,0000898293,ein,20231006113044NAL0022654257001,"JABIL, INC.",381886260,002,JABIL 401(K) RETIREMENT PLAN,2E2F2G2J2K2S2T,9601.0,29520587.0,2023-10-06
2022,0000898293,subsidiary,20231013084721NAL0066218674001,PROCUREABILITY INC,452404673,001,PROCUREABILITY INC 401(K) PROFIT SHARING PLAN & TRUST,2E2F2G2J2K2T3D,133.0,205825.0,2023-10-13
2022,0000898293,subsidiary,20231016180948NAL0077614514001,"NYPRO PUERTO RICO, INC.",660320194,001,"NYPRO PUERTO RICO, INC. 401(K) RETIREMENT PLAN",2E2F2G2J2K,503.0,241502.0,2023-10-16
2023,0000898293,subsidiary,20241013154052NAL0024884113001,"PHARMACEUTICS INTERNATIONAL, INC.",521901342,001,"PHARMACEUTICS INTERNATIONAL, INC. 401(K) PLAN",2E2F2G2J2S2T3D,292.0,867849.0,2024-10-13
2023,0000898293,ein,20241014081046NAL0052765778001,"JABIL, INC.",381886260,002,JABIL 401(K) RETIREMENT PLAN,2E2F2G2J2K2S2T,9781.0,31440751.0,2024-10-14
2023,0000898293,subsidiary,20241231223552NAL0009366259001,"NYPRO PUERTO RICO, INC.",660320194,001,"NYPRO PUERTO RICO, INC. 401(K) RETIREMENT PLAN",2E2F2G2J2K,453.0,463518.0,2024-12-31
2024,0000898293,ein,20251010162132NAL0008470465001,"JABIL, INC.",381886260,002,JABIL 401(K) RETIREMENT PLAN,2E2F2G2J2K2S2T,10610.0,33955139.0,2025-10-10
2024,0000898293,subsidiary,20251015154857NAL0005042145001,"PHARMACEUTICS INTERNATIONAL, INC.",521901342,001,"PHARMACEUTICS INTERNATIONAL, INC. 401(K) PLAN",2E2F2G2J2S2T3D,298.0,1019430.0,2025-10-15
2024,0000898293,subsidiary,20251015170328NAL0005485889001,"NYPRO PUERTO RICO, INC.",660320194,001,"NYPRO PUERTO RICO, INC. 401(K) RETIREMENT PLAN",2E2F2G2J2K,397.0,369094.0,2025-10-15
2022,0000899051,subsidiary,20231004181357NAL0020255441001,"INFOARMOR, INC.",260634314,002,INFOARMOR RETIREMENT PLAN,2A2E2F2G2J2K2T3F3D,346.0,101775.0,2023-10-04
2022,0000899051,ein,20231011162938NAL0040616096001,THE ALLSTATE CORPORATION,363871531,001,ALLSTATE 401(K) SAVINGS PLAN,2E2F2G2I2J2K2O2S2T3F3H,40645.0,130178511.0,2023-10-11
2022,0000899051,subsidiary,20231012123038NAL0041797520001,"SQUARETRADE, INC.",943340669,001,"SQUARETRADE, INC. 401(K) PLAN",2S2T3H2E2F2G2J2K3D2R,620.0,3050347.0,2023-10-12
2023,0000899051,subsidiary,20240925163031NAL0020239744001,"INFOARMOR, INC.",260634314,002,INFOARMOR RETIREMENT PLAN,2A2E2F2G2J2K2T3F3D,316.0,290725.0,2024-09-25
2023,0000899051,subsidiary,20241011162220NAL0022319809001,"SQUARETRADE, INC.",943340669,001,"SQUARETRADE, INC. 401(K) PLAN",2S2T3H2E2F2G2J2K3D2R,569.0,3310160.0,2024-10-11
2023,0000899051,ein,20241014110650NAL0025999553001,THE ALLSTATE CORPORATION,363871531,001,ALLSTATE 401(K) SAVINGS PLAN,2E2F2G2I2J2K2O2R2S2T3F3H,38866.0,123547707.0,2024-10-14
2024,0000899051,ein,20251007160533NAL0002597571001,THE ALLSTATE CORPORATION,363871531,001,ALLSTATE 401(K) SAVINGS PLAN,2E2F2G2I2J2K2O2R2S2T3F3H,39454.0,125908285.0,2025-10-07
2022,0000900075,ein,20231004141125NAL0019820033001,"COPART, INC.",942867490,001,"COPART, INC. 401(K) RETIREMENT SAVINGS PLAN",2E2F2G2J2K3D,6830.0,1596380.0,2023-10-04
2022,0000900075,subsidiary,20231011181143NAL0030159217001,"PURPLE WAVE, INC.",260724318,001,"PURPLE WAVE, INC. RETIREMENT PLAN",2E2F2G2J2K2T3D,217.0,527698.0,2023-10-11
2023,0000900075,ein,20241001135927NAL0014273730001,"COPART, INC.",942867490,001,"COPART, INC. 401(K) RETIREMENT SAVINGS PLAN",2E2F2G2J2K3D,7339.0,1818314.0,2024-10-01
2023,0000900075,subsidiary,20241007075731NAL0014906593001,"PURPLE WAVE, INC.",260724318,001,"PURPLE WAVE, INC. RETIREMENT PLAN",2E2F2G2J2K2T3D,249.0,610928.0,2024-10-07
2024,0000900075,subsidiary,20251002081856NAL0000188849001,"PURPLE WAVE, INC.",260724318,001,"PURPLE WAVE, INC. RETIREMENT PLAN",2E2F2G2J2K2T3D,356.0,781957.0,2025-10-02
2024,0000900075,ein,20251015083613NAL0002113091001,"COPART, INC.",942867490,001,"COPART, INC. 401(K) RETIREMENT SAVINGS PLAN",2E2F2G2J2K2T3D2S3H,7203.0,2518038.0,2025-10-15
2022,0000906107,ein,20230801153728NAL0010684755001,EQUITY RESIDENTIAL,133675988,001,EQUITY RESIDENTIAL ADVANTAGE RETIREMENT SAVINGS PLAN,2E2F2G2J2K2S2T,2263.0,5212833.0,2023-08-01
2023,0000906107,ein,20240712162928NAL0010222003001,EQUITY RESIDENTIAL,133675988,001,EQUITY RESIDENTIAL ADVANTAGE RETIREMENT SAVINGS PLAN,2E2F2G2J2K2S2T3F3H,2202.0,5462383.0,2024-07-12
2024,0000906107,ein,20251003102456NAL0000788275001,EQUITY RESIDENTIAL,133675988,001,EQUITY RESIDENTIAL ADVANTAGE RETIREMENT SAVINGS PLAN,2E2F2G2J2K2S2T3F3H,2323.0,5408563.0,2025-10-03
2022,0000906163,ein,20230927135800NAL0007186035001,"NVR, INC.",541394360,333,"NVR, INC. PROFIT SHARING PLAN",2E2F2G2J2K2T3F3H2R,6865.0,5532848.0,2023-09-27
2022,0000906163,ein,20230927141318NAL0006849443001,"NVR, INC.",541394360,334,"NVR, INC. EMPLOYEE STOCK OWNERSHIP PLAN",2P2T3F3H3I2I2R,6866.0,26754763.0,2023-09-27
2023,0000906163,ein,20240930134940NAL0003283939001,"NVR, INC.",541394360,333,"NVR, INC. PROFIT SHARING PLAN",2E2F2G2J2K2T3F3H2R,6515.0,5177880.0,2024-09-30
2023,0000906163,ein,20240930140430NAL0005624353001,"NVR, INC.",541394360,334,"NVR, INC. EMPLOYEE STOCK OWNERSHIP PLAN",2T2P3F3H3I2I2R,6515.0,26165882.0,2024-09-30
2024,0000906163,ein,20250929151210NAL0011461905001,"NVR, INC.",541394360,333,"NVR, INC. PROFIT SHARING PLAN",2F2E2G2J2K2T3F3H2R,7289.0,5513353.0,2025-09-29
2024,0000906163,ein,20250929152537NAL0005109635001,"NVR, INC.",541394360,334,"NVR, INC. EMPLOYEE STOCK OWNERSHIP PLAN",2T2P3F3H3I2I2R,7288.0,30232100.0,2025-09-29
2022,0000906345,subsidiary,20231013120044NAL0022616659001,CAMDEN DEVELOPMENT INC.,760417730,001,"CAMDEN DEVELOPMENT, INC. 401(K) PLAN AND TRUST",2E2F2G2J2K2S2T3D2R,1434.0,3395469.0,2023-10-13
2023,0000906345,subsidiary,20241008134403NAL0008420739001,CAMDEN DEVELOPMENT INC.,760417730,001,"CAMDEN DEVELOPMENT, INC. 401(K) PLAN AND TRUST",2E2F2G2J2K2S2T3D2R,1489.0,3417879.0,2024-10-08
2024,0000906345,subsidiary,20251001115251NAL0014213488001,CAMDEN DEVELOPMENT INC.,760417730,001,"CAMDEN DEVELOPMENT, INC. 401(K) PLAN AND TRUST",2E2F2G2J2K2S2T3D2R,1694.0,3388957.0,2025-10-01
2022,0000909832,ein,20230907143852NAL0020984800001,COSTCO WHOLESALE CORPORATION,911223280,002,COSTCO 401K RETIREMENT PLAN,2E2F2G2J2K2O2S2T3H,193739.0,579043522.0,2023-09-07
2022,0000909832,ein,20230907153709NAL0015044641001,COSTCO WHOLESALE CORPORATION,911223280,005,COSTCO PUERTO RICO RETIREMENT PLAN,2E2F2G2I2J2K2S2T3C3H,1548.0,4684000.0,2023-09-07
2023,0000909832,ein,20240801120658NAL0015171539001,COSTCO WHOLESALE CORPORATION,911223280,005,COSTCO PUERTO RICO RETIREMENT PLAN,2E2F2G2I2J2K2S2T3C3H,1505.0,5041535.0,2024-08-01
2023,0000909832,ein,20240805154453NAL0000823779001,COSTCO WHOLESALE CORPORATION,911223280,002,COSTCO 401K RETIREMENT PLAN,2E2F2G2J2K2O2S2T3H,202468.0,644916236.0,2024-08-05
2024,0000909832,ein,20250707151535NAL0009305842001,COSTCO WHOLESALE CORPORATION,911223280,002,COSTCO 401K RETIREMENT PLAN,2E2F2G2J2K2O2S2T3H,212976.0,680725254.0,2025-07-07
2024,0000909832,ein,20250805163143NAL0002386720001,COSTCO WHOLESALE CORPORATION,911223280,005,COSTCO PUERTO RICO RETIREMENT PLAN,2E2F2G2I2J2K2S2T3C3H,1340.0,5161753.0,2025-08-05
2022,0000910521,ein,20231006143428NAL0046684594001,DECKERS OUTDOOR CORPORATION,953015862,001,DECKERS OUTDOOR CORPORATION 401(K) PLAN,2A2E2F2G2J2K2S2T3D,1679.0,4257731.0,2023-10-06
2023,0000910521,ein,20241009153314NAL0019539649001,DECKERS OUTDOOR CORPORATION,953015862,001,DECKERS OUTDOOR CORPORATION 401(K) PLAN,2A2E2F2G2J2K2S2T3D3H,1877.0,4857179.0,2024-10-09
2024,0000910521,ein,20251009144623NAL0011684704001,DECKERS OUTDOOR CORPORATION,953015862,001,DECKERS OUTDOOR CORPORATION 401(K) PLAN,2A2E2F2G2J2K2S2T3D3H,2257.0,6158691.0,2025-10-09
2022,0000910606,ein,20230607103256NAL0038711392001,REGENCY CENTERS,593191743,001,REGENCY CENTERS 401(K) PROFIT SHARING PLAN,2E2F2G2J2K2R2S2T3D,431.0,4484974.0,2023-06-07
2023,0000910606,ein,20240920154421NAL0007714305001,REGENCY CENTERS,593191743,001,REGENCY CENTERS 401(K) PROFIT SHARING PLAN,2E2F2G2J2K2R2S2T3D,482.0,5324063.0,2024-09-20
2024,0000910606,ein,20250620155301NAL0004030705001,REGENCY CENTERS,593191743,001,REGENCY CENTERS 401(K) PROFIT SHARING PLAN,2E2F2G2J2K2R2S2T3D,489.0,5688617.0,2025-06-20
2022,0000912595,ein,20230727130829NAL0015326208001,"MID-AMERICA APARTMENT COMMUNITIES, INC.",621543819,001,MAA 401(K) SAVINGS PLAN,2A2F2G2J2K2S2T3B3D,2032.0,4437588.0,2023-07-27
2023,0000912595,ein,20240731092926NAL0014182819001,"MID-AMERICA APARTMENT COMMUNITIES, INC.",621543819,001,MAA 401(K) SAVINGS PLAN,2A2F2G2J2K2S2T3H3D,2035.0,4664004.0,2024-07-31
2024,0000912595,ein,20250605153604NAL0008585315001,"MID-AMERICA APARTMENT COMMUNITIES, INC.",621543819,001,MAA 401(K) SAVINGS PLAN,2A2F2G2J2K2S2T3H3D,2142.0,4902560.0,2025-06-05
2022,0000914208,subsidiary,20230824111240NAL0008292065001,"INVESCO HOLDING COMPANY (US), INC.",582287224,010,INVESCO 401(K) PLAN,2E2F2G2H2J2K2O2R2S3H,3323.0,49123302.0,2023-08-24
2023,0000914208,subsidiary,20240823151907NAL0010626512001,"INVESCO HOLDING COMPANY (US), INC.",582287224,010,INVESCO 401(K) PLAN,2E2F2G2J2K2R2S2T3H,3216.0,34300219.0,2024-08-23
2024,0000914208,subsidiary,20250917111228NAL0000535426003,"INVESCO HOLDING COMPANY (US), INC.",582287224,010,INVESCO 401(K) PLAN,2E2F2G2J2K2R2S2T3H,3148.0,38428405.0,2025-09-17
2022,0000915913,ein,20231012085928NAL0020979939001,ALBEMARLE CORPORATION,541692118,002,ALBEMARLE CORPORATION RETIREMENT SAVINGS PLAN,2E2F2G2I2J2K2O2R2S2T,2058.0,27466801.0,2023-10-12
2023,0000915913,ein,20241014175721NAL0047082768001,ALBEMARLE CORPORATION,541692118,002,ALBEMARLE CORPORATION RETIREMENT SAVINGS PLAN,2E2F2G2I2J2K2O2R2S2T,2532.0,40769126.0,2024-10-14
2024,0000915913,ein,20251006100701NAL0006186240001,ALBEMARLE CORPORATION,541692118,002,ALBEMARLE CORPORATION RETIREMENT SAVINGS PLAN,2E2F2G2I2J2K2O2R2S2T,2139.0,38336129.0,2025-10-06
2022,0000916076,ein,20230706074044NAL0014322705001,"MARTIN MARIETTA MATERIALS, INC.",561848578,006,MARTIN MARIETTA SAVINGS AND INVESTMENT PLAN,2E2F2G2J2K2S2T3H,8839.0,20251230.0,2023-07-06
2023,0000916076,ein,20240820161258NAL0001839923001,"MARTIN MARIETTA MATERIALS, INC.",561848578,006,MARTIN MARIETTA SAVINGS AND INVESTMENT PLAN,2E2F2G2J2K2S2T3H,8807.0,21822476.0,2024-08-20
2024,0000916076,ein,20250731101444NAL0002497651001,"MARTIN MARIETTA MATERIALS, INC.",561848578,006,MARTIN MARIETTA SAVINGS AND INVESTMENT PLAN,2E2F2G2J2K2S2T3H,8886.0,22251861.0,2025-07-31
2022,0000916365,ein,20231010144707NAL0057413826001,TRACTOR SUPPLY COMPANY,133139732,001,TRACTOR SUPPLY COMPANY 401(K) RETIREMENT SAVINGS PLAN,2E2F2G2J2K2T3H,49648.0,17349005.0,2023-10-10
2022,0000916365,subsidiary,20231013103228NAL0044686480001,"AGROPEC TRADING, LLC",593214707,001,ALLIVET 401(K) RETIREMENT SAVINGS PLAN,2E2F2G2J2K2T3D3H,113.0,67632.0,2023-10-13
2023,0000916365,ein,20241004103510NAL0011312481001,TRACTOR SUPPLY COMPANY,133139732,001,TRACTOR SUPPLY COMPANY 401(K) RETIREMENT SAVINGS PLAN,2E2F2G2J2K2T3H,49025.0,19222517.0,2024-10-04
2024,0000916365,ein,20251015144753NAL0006642368001,TRACTOR SUPPLY COMPANY,133139732,001,TRACTOR SUPPLY COMPANY 401(K) RETIREMENT SAVINGS PLAN,2E2F2G2J2K2T3H,55849.0,21089421.0,2025-10-15
2022,0000920148,name,20231013152629NAL0023082131001,LABORATORY CORPORATION OF AMERICA HOLDINGS,133757370,003,LABORATORY CORPORATION OF AMERICA HOLDINGS 401(K) SAVINGS PLAN,2E2F2G2J2K3H,50826.0,111490811.0,2023-10-13
2023,0000920148,subsidiary,20241001062158NAL0006453441001,"OVULINE, INC.",455608650,001,OVIA HEALTH 401(K) PLAN,2F2G2J2K2S2T3D2E,61.0,3333.0,2024-10-01
2023,0000920148,name,20241001104408NAL0012134704001,LABORATORY CORPORATION OF AMERICA HOLDINGS,133757370,003,LABORATORY CORPORATION OF AMERICA HOLDINGS 401(K) SAVINGS PLAN,2E2F2G2J2K3H,47710.0,112645704.0,2024-10-01
2024,0000920148,name,20251015164322NAL0010369362001,LABORATORY CORPORATION OF AMERICA HOLDINGS,133757370,003,LABORATORY CORPORATION OF AMERICA HOLDINGS 401(K) SAVINGS PLAN,2E2F2G2J2K3H,50677.0,118115262.0,2025-10-15
2022,0000920760,subsidiary,20230707133657NAL0010654579001,"QUARTERRA SERVICES, LLC",880658257,001,"THE QUARTERRA SERVICES, LLC 401(K) PLAN",2E2F2G2J2K2S2T3D3H,846.0,1527514.0,2023-07-07
2022,0000920760,subsidiary,20231005103350NAL0021486241001,"BUILDER HOMESITE, INC",752869576,001,BUILDER HOMESITE 401(K) PLAN,2S2E3D2G2J2K2R2F2T,190.0,322888.0,2023-10-05
2022,0000920760,subsidiary,20231015143505NAL0048975328001,"TREASURE ISLAND, LLC",880279092,001,TREASURE ISLAND 401(K) PLAN,2E2F2G2J2K2T3D3H,1074.0,0.0,2023-10-15
2022,0000920760,ein,20231016085903NAL0025181827001,LENNAR CORPORATION,954337490,002,LENNAR CORPORATION 401(K) PLAN,2E2J2G2K3H2F2T2S,10681.0,38424289.0,2023-10-16
2023,0000920760,subsidiary,20240916103901NAL0000631267001,"TREASURE ISLAND, LLC",880279092,001,TREASURE ISLAND 401(K) PLAN,2E2F2G2J2K2T3D3H,1125.0,538.0,2024-09-16
2023,0000920760,subsidiary,20241014132403NAL0014997507001,"QUARTERRA SERVICES, LLC",880658257,001,"THE QUARTERRA SERVICES, LLC 401(K) PLAN",2E2F2G2J2K2S2T3D3F,866.0,3856928.0,2024-10-14
2023,0000920760,ein,20250108130712NAL0022188306001,LENNAR CORPORATION,954337490,002,LENNAR CORPORATION 401(K) PLAN,2E2F2G2J2K2S2T3H2R,11477.0,53643822.0,2025-01-08
2023,0000920760,subsidiary,20250218104223NAL0002271955001,GREYSTONE CONSTRUCTION COMPANY,411585072,001,GREYSTONE CONSTRUCTION COMPANY EMPLOYEE SAVINGS PLAN,2E2F2G2J2K2S2T3D3H,131.0,952019.0,2025-02-18
2024,0000920760,subsidiary,20251013101249NAL0000997953001,"TREASURE ISLAND, LLC",880279092,001,TREASURE ISLAND 401(K) PLAN,2E2F2G2J2K2T3D3H,1142.0,0.0,2025-10-13
2024,0000920760,subsidiary,20251013144541NAL0001542097001,GREYSTONE CONSTRUCTION COMPANY,411585072,001,GREYSTONE CONSTRUCTION COMPANY EMPLOYEE SAVINGS PLAN,2E2F2G2J2K2S2T3D3H,147.0,652699.0,2025-10-13
2024,0000920760,ein,20251014151544NAL0003257409001,LENNAR CORPORATION,954337490,002,LENNAR CORPORATION 401(K) PLAN,2E2F2G2J2K2S2T3H2R,13135.0,72201582.0,2025-10-14
2024,0000920760,subsidiary,20251014203939NAL0004908352001,"QUARTERRA SERVICES, LLC",880658257,001,"THE QUARTERRA SERVICES, LLC 401(K) PLAN",2E2F2G2J2K2S2T3D3F,569.0,3882116.0,2025-10-14
2022,0000922224,subsidiary,20231013173040NAL0023345363001,LG&E AND KU ENERGY LLC,200523163,005,LG&E AND KU SAVINGS PLAN,2E2F2G2J2K2R2S2T3F3H,3353.0,20358196.0,2023-10-13
2023,0000922224,subsidiary,20241011090818NAL0043127410001,LG&E AND KU ENERGY LLC,200523163,005,LG&E AND KU SAVINGS PLAN,2E2F2G2J2K2R2S2T3F3H,2788.0,20973011.0,2024-10-11
2024,0000922224,subsidiary,20251014133352NAL0004090144001,LG&E AND KU ENERGY LLC,200523163,005,LG&E AND KU SAVINGS PLAN,2E2F2G2J2K2R2S2T3F3H,2706.0,22377588.0,2025-10-14
2022,0000922621,ein,20230915110738NAL0017263603001,ERIE INDEMNITY COMPANY,250466020,002,ERIE INSURANCE GROUP EMPLOYEE SAVINGS PLAN,2E2F2G2J2K2S2T3F3H2R,5972.0,16722918.0,2023-09-15
2023,0000922621,ein,20240923141159NAL0015546448001,ERIE INDEMNITY COMPANY,250466020,002,ERIE INSURANCE GROUP EMPLOYEE SAVINGS PLAN,2E2F2G2J2K2S2T3F3H2R,6484.0,18431716.0,2024-09-23
2024,0000922621,ein,20251006094357NAL0001762403001,ERIE INDEMNITY COMPANY,250466020,002,ERIE INSURANCE GROUP EMPLOYEE SAVINGS PLAN,2E2F2G2J2K2S2T3F3H2R,6803.0,20975922.0,2025-10-06
2022,0000927066,ein,20230727152318NAL0016567088001,DAVITA INC.,510354549,001,DAVITA RETIREMENT SAVINGS PLAN,2E2F2G2J2K2S2T3H,57711.0,71158089.0,2023-07-27
2023,0000927066,ein,20240716104430NAL0004176240001,DAVITA INC.,510354549,001,DAVITA RETIREMENT SAVINGS PLAN,2E2F2G2J2K2S2T3H,57900.0,73828267.0,2024-07-16
2024,0000927066,ein,20250709125721NAL0005706369001,DAVITA INC.,510354549,001,DAVITA RETIREMENT SAVINGS PLAN,2E2F2G2J2K2S2T3H,56918.0,79918698.0,2025-07-09
2024,0000927628,ein,20251010111631NAL0004542995001,CAPITAL ONE FINANCIAL CORPORATION,541719854,002,CAPITAL ONE FINANCIAL CORPORATION ASSOCIATE SAVINGS PLAN,2F2G2J2K2T3F2E2R,45199.0,466075524.0,2025-10-10
2022,0000927653,ein,20240115173706NAL0024271216001,MCKESSON CORPORATION,943207296,002,MCKESSON CORPORATION 401(K) RETIREMENT SAVINGS PLAN,2E2F2H2J2K2P2A2R2T3H,26345.0,88835887.0,2024-01-15
2023,0000927653,ein,20250113154622NAL0018637937001,MCKESSON CORPORATION,943207296,002,MCKESSON CORPORATION 401(K) RETIREMENT SAVINGS PLAN,2A2E2F2H2J2K2P2R2T3H,25981.0,97917332.0,2025-01-13
2024,0000927653,ein,20260115135138NAL0016465521001,MCKESSON CORPORATION,943207296,002,MCKESSON CORPORATION 401(K) RETIREMENT SAVINGS PLAN,2A2E2F2H2J2K2P2T3H2R,26640.0,101113729.0,2026-01-15
2022,0000935703,name,20231011183038NAL0030198881001,"DOLLAR TREE, INC.",262018846,001,DOLLAR TREE RETIREMENT SAVINGS PLAN,2E2F2G2J2K2T3D3H,87769.0,31293625.0,2023-10-11
2023,0000935703,name,20240918102751NAL0002468307001,"DOLLAR TREE, INC.",262018846,001,DOLLAR TREE RETIREMENT SAVINGS PLAN,2E2F2G2J2K2T3D3H,74709.0,35429719.0,2024-09-18
2024,0000935703,name,20251120134611NAL0002925491001,"DOLLAR TREE, INC.",262018846,001,DOLLAR TREE RETIREMENT SAVINGS PLAN,2E2F2G2J2K2T3D3H,99632.0,37843715.0,2025-11-20
2022,0000936395,ein,20231013122749NAL0044398704001,CIENA CORPORATION,232725311,001,CIENA CORPORATION 401(K) PLAN,2E2F2G2J2K2S2T3D,1892.0,10085854.0,2023-10-13
2023,0000936395,ein,20240912155826NAL0017566770002,CIENA CORPORATION,232725311,001,CIENA CORPORATION 401(K) PLAN,2E2F2G2J2K2S2T3D,1943.0,11217332.0,2024-09-12
2024,0000936395,ein,20251103104703NAL0007687345001,CIENA CORPORATION,232725311,001,CIENA CORPORATION 401(K) PLAN,2E2F2G2J2K2S2T3D,1879.0,11334209.0,2025-11-03
2022,0000936468,ein,20230727142517NAL0006582499001,LOCKHEED MARTIN CORPORATION,521893632,021,LOCKHEED MARTIN CORPORATION BASIC BENEFIT PLAN FOR HOURLY EMPLOYEES,2E2O3H2F2G2R3F2T,10489.0,2312678.0,2023-07-27
2022,0000936468,ein,20230727143023NAL0016460800001,LOCKHEED MARTIN CORPORATION,521893632,019,LOCKHEED MARTIN CORPORATION CAPITAL ACCUMULATION PLAN,2E2F2G3H2R3F2T2O,5003.0,4879143.0,2023-07-27
2022,0000936468,ein,20230727143918NAL0016478960001,LOCKHEED MARTIN CORPORATION,521893632,018,LOCKHEED MARTIN CORPORATION HOURLY EMPLOYEE SAVINGS PLAN PLUS,2O2E2G2I2F2J2T3H3F2K,15472.0,28201389.0,2023-07-27
2022,0000936468,ein,20230727144816NAL0016495376001,LOCKHEED MARTIN CORPORATION,521893632,020,LOCKHEED MARTIN CORPORATION CAPITAL ACCUMULATION PLAN FOR HOURLY EES,2E2F2G3H2R3F2T2O,3867.0,5631447.0,2023-07-27
2022,0000936468,ein,20230727145310NAL0024034754001,LOCKHEED MARTIN CORPORATION,521893632,033,LOCKHEED MARTIN CORPORATION OPERATIONS SUPPORT SAVINGS PLAN,2E2G2J2O2I2S2T2F3F3H,1447.0,561012.0,2023-07-27
2022,0000936468,ein,20230727145822NAL0006611155001,LOCKHEED MARTIN CORPORATION,521893632,055,LOCKHEED MARTIN CORPORATION PERFORMANCE SHARING PLAN FOR BARGAINING EMPLOYEES,2E2G2J2F2I2S2T3H3F2K2O,12688.0,46706405.0,2023-07-27
2022,0000936468,ein,20230727150423NAL0012357361001,LOCKHEED MARTIN CORPORATION,521893632,017,LOCKHEED MARTIN CORPORATION SALARIED SAVINGS PLAN,2O2J2I2E2F2H2S2T3H3F,90679.0,980614269.0,2023-07-27
2022,0000936468,subsidiary,20230830122715NAL0007875296001,ZETA ASSOCIATES,541279046,001,ZETA ASSOCIATES INCORPORATED SAVINGS PLAN,2F2E2G2J2T3H3D2R,488.0,20469674.0,2023-08-30
2022,0000936468,subsidiary,20231013104326NAL0021635507001,"LOCKHEED MARTIN GLOBAL, INC.",521047729,001,LOCKHEED MARTIN SAVINGS PLAN FOR EMPLOYEES IN PUERTO RICO,2E2F2J2K2S2T3C3H,453.0,873017.0,2023-10-13
2023,0000936468,ein,20240724134350NAL0012698801001,LOCKHEED MARTIN CORPORATION,521893632,017,LOCKHEED MARTIN CORPORATION SALARIED SAVINGS PLAN,2O2J2I2E2F2H2S2T3H3F,96747.0,1067557338.0,2024-07-24
2023,0000936468,ein,20240724135540NAL0013077521001,LOCKHEED MARTIN CORPORATION,521893632,021,LOCKHEED MARTIN CORPORATION BASIC BENEFIT PLAN FOR HOURLY EMPLOYEES,2E2O3H2F2G2R3F2T,7492.0,1154319.0,2024-07-24
2023,0000936468,ein,20240724141024NAL0012764065001,LOCKHEED MARTIN CORPORATION,521893632,018,LOCKHEED MARTIN CORPORATION HOURLY EMPLOYEE SAVINGS PLAN PLUS,2O2E2G2I2F2J2T3H3F2K,10760.0,27226557.0,2024-07-24
2023,0000936468,ein,20240724184206NAL0007742835001,LOCKHEED MARTIN CORPORATION,521893632,019,LOCKHEED MARTIN CORPORATION CAPITAL ACCUMULATION PLAN,2E2F2G3H2R3F2T2O,7445.0,9363919.0,2024-07-24
2023,0000936468,ein,20240724185459NAL0008590147001,LOCKHEED MARTIN CORPORATION,521893632,020,LOCKHEED MARTIN CORPORATION CAPITAL ACCUMULATION PLAN FOR HOURLY EES,2E2F2G3H2R3F2T2O,4157.0,4110662.0,2024-07-24
2023,0000936468,ein,20240724190116NAL0028617426001,LOCKHEED MARTIN CORPORATION,521893632,033,LOCKHEED MARTIN CORPORATION OPERATIONS SUPPORT SAVINGS PLAN,2E2G2J2O2I2S2T2F3F3H,1338.0,529147.0,2024-07-24
2023,0000936468,ein,20240724190813NAL0013698849001,LOCKHEED MARTIN CORPORATION,521893632,055,LOCKHEED MARTIN CORPORATION PERFORMANCE SHARING PLAN FOR BARGAINING EMPLOYEES,2E2G2J2F2I2S2T3H3F2K2O,18360.0,68485333.0,2024-07-24
2023,0000936468,subsidiary,20240724191745NAL0007779347001,"LOCKHEED MARTIN GLOBAL, INC.",521047729,001,LOCKHEED MARTIN SAVINGS PLAN FOR EMPLOYEES IN PUERTO RICO,2E2F2J2K2S2T3C3H,489.0,1213458.0,2024-07-24
2023,0000936468,subsidiary,20240829081944NAL0023990688001,ZETA ASSOCIATES,541279046,001,ZETA ASSOCIATES INCORPORATED SAVINGS PLAN,2F2E2G2J2T3H3D2R,515.0,22362815.0,2024-08-29
2024,0000936468,subsidiary,20250715133413NAL0002153377001,ZETA ASSOCIATES,541279046,001,ZETA ASSOCIATES INCORPORATED SAVINGS PLAN,2F2E2G2J2T3H3D2R,566.0,23590169.0,2025-07-15
2024,0000936468,ein,20250723141104NAL0008913138001,LOCKHEED MARTIN CORPORATION,521893632,018,LOCKHEED MARTIN CORPORATION HOURLY EMPLOYEE SAVINGS PLAN PLUS,2O2E2G2I2F2J2T3H3F2K,6626.0,19759683.0,2025-07-23
2024,0000936468,ein,20250723142834NAL0001955795001,LOCKHEED MARTIN CORPORATION,521893632,019,LOCKHEED MARTIN CORPORATION CAPITAL ACCUMULATION PLAN,2E2F2G3H2R3F2T2O,7290.0,8950736.0,2025-07-23
2024,0000936468,ein,20250723143411NAL0010716306001,LOCKHEED MARTIN CORPORATION,521893632,020,LOCKHEED MARTIN CORPORATION CAPITAL ACCUMULATION PLAN FOR HOURLY EES,2E2F2G3H2R3F2T2O,1391.0,532800.0,2025-07-23
2024,0000936468,ein,20250723144000NAL0002093283001,LOCKHEED MARTIN CORPORATION,521893632,021,LOCKHEED MARTIN CORPORATION BASIC BENEFIT PLAN FOR HOURLY EMPLOYEES,2E2O3H2F2G2R3F2T,2983.0,101295.0,2025-07-23
2024,0000936468,ein,20250723154317NAL0002001587001,LOCKHEED MARTIN CORPORATION,521893632,033,LOCKHEED MARTIN CORPORATION OPERATIONS SUPPORT SAVINGS PLAN,2E2G2J2O2I2S2T2F3F3H,1125.0,471735.0,2025-07-23
2024,0000936468,subsidiary,20250723155336NAL0004703504001,"LOCKHEED MARTIN GLOBAL, INC.",521047729,001,LOCKHEED MARTIN SAVINGS PLAN FOR EMPLOYEES IN PUERTO RICO,2E2F2J2K2S2T3C3H,492.0,2007002.0,2025-07-23
2024,0000936468,ein,20250728202436NAL0003649264001,LOCKHEED MARTIN CORPORATION,521893632,055,LOCKHEED MARTIN CORPORATION PERFORMANCE SHARING PLAN FOR BARGAINING EMPLOYEES,2E2G2J2F2I2S2T3H3F2K2O,18568.0,89228770.0,2025-07-28
2024,0000936468,ein,20250728202928NAL0003650576001,LOCKHEED MARTIN CORPORATION,521893632,017,LOCKHEED MARTIN CORPORATION SALARIED SAVINGS PLAN,2O2J2I2E2F2H2S2T3H3F,94445.0,1110246326.0,2025-07-28
2022,0000940944,ein,20231019135454NAL0000362787001,"DARDEN RESTAURANTS, INC.",593305930,044,DARDEN SAVINGS PLAN,2E2F2G2J2K2T3F,173993.0,45348013.0,2023-10-19
2023,0000940944,ein,20250128093301NAL0007813635001,"DARDEN RESTAURANTS, INC.",593305930,044,DARDEN SAVINGS PLAN,2E2F2G2J2K2T3F,181690.0,54830808.0,2025-01-28
2024,0000940944,ein,20251016123456NAL0003362835001,"DARDEN RESTAURANTS, INC.",593305930,044,DARDEN SAVINGS PLAN,2E2F2G2J2K2T3F,197946.0,44015238.0,2025-10-16
2022,0000943452,ein,20230719121424NAL0002245409001,WESTINGHOUSE AIR BRAKE TECHNOLOGIES CORPORATION,251615902,004,WABTEC SAVINGS PLAN,2E2F2G2J2K3H,11141.0,49243614.0,2023-07-19
2022,0000943452,subsidiary,20231013131553NAL0033326161001,"L&M RADIATOR, INC.",410791661,002,L&M RADIATOR 401(K) RETIREMENT SAVINGS PLAN,2A2E2F2G2J2K2T3D3F3H,308.0,529171.0,2023-10-13
2022,0000943452,subsidiary,20241211131606NAL0007087379001,"BLOOM ENGINEERING COMPANY, INC.",250938174,003,"BLOOM ENGINEERING COMPANY, INC. SAVINGS PLAN",2E2J2K2F2G3D2T2S,99.0,701877.0,2024-12-11
2023,0000943452,ein,20240730172145NAL0021280689001,WESTINGHOUSE AIR BRAKE TECHNOLOGIES CORPORATION,251615902,004,WABTEC SAVINGS PLAN,2E2F2G2J2K3H,12095.0,55019203.0,2024-07-30
2023,0000943452,subsidiary,20241211132326NAL0023469970001,"BLOOM ENGINEERING COMPANY, INC.",250938174,003,"BLOOM ENGINEERING COMPANY, INC. SAVINGS PLAN",2E2J2K2F2G3D2T2S,107.0,811701.0,2024-12-11
2024,0000943452,ein,20250714182258NAL0001069075001,WESTINGHOUSE AIR BRAKE TECHNOLOGIES CORPORATION,251615902,004,WABTEC SAVINGS PLAN,2E2F2G2J2K3H,11741.0,59465130.0,2025-07-14
2024,0000943452,subsidiary,20251015144123NAL0002587539001,"BLOOM ENGINEERING COMPANY, INC.",250938174,003,"BLOOM ENGINEERING COMPANY, INC. SAVINGS PLAN",2E2J2K2F2G3D2T2S,100.0,937918.0,2025-10-15
2022,0000943819,name,20230726112537NAL0011056209001,RESMED CORP.,411653149,001,RESMED U S 401(K) PLAN,2G2J2K2S2T2E3H2F3D,3056.0,11869598.0,2023-07-26
2023,0000943819,name,20240730122006NAL0013372675001,RESMED CORP.,411653149,001,RESMED U S 401(K) PLAN,2G2J2K2S2T2E3H2F3D,2807.0,13879638.0,2024-07-30
2024,0000943819,name,20250917115445NAL0000234067001,RESMED CORP.,411653149,001,RESMED U S 401(K) PLAN,2G2J2K2S2T2E3H2F3D,2761.0,13024667.0,2025-09-17
2022,0000946581,ein,20231010131406NAL0027740497001,"TAKE-TWO INTERACTIVE SOFTWARE, INC.",510350842,001,"TAKE-TWO INTERACTIVE SOFTWARE, INC. 401(K) PLAN",2E2F2G2J2K2R2S2T3D3H,4623.0,14970715.0,2023-10-10
2022,0000946581,subsidiary,20231016174348NAL0039236385001,GEARBOX SOFTWARE LLC,752806132,001,GEARBOX SOFTWARE LLC 401(K) PLAN,3H2E2F2G2J2K2T3B3D,1054.0,3132733.0,2023-10-16
2023,0000946581,ein,20240910122822NAL0002987971001,"TAKE-TWO INTERACTIVE SOFTWARE, INC.",510350842,001,"TAKE-TWO INTERACTIVE SOFTWARE, INC. 401(K) PLAN",2E2F2G2J2K2S2T3H3D2R,4807.0,23712397.0,2024-09-10
2023,0000946581,subsidiary,20241010104258NAL0009922067001,GEARBOX SOFTWARE LLC,752806132,001,GEARBOX SOFTWARE LLC 401(K) PLAN,3H2E2F2G2J2K2T3B3D,1039.0,4478061.0,2024-10-10
2024,0000946581,ein,20250923150357NAL0007003856001,"TAKE-TWO INTERACTIVE SOFTWARE, INC.",510350842,001,"TAKE-TWO INTERACTIVE SOFTWARE, INC. 401(K) PLAN",2E2F2G2J2K2S2T3H3D2R,5300.0,26357958.0,2025-09-23
2022,0000947484,subsidiary,20231003151535NAL0018885985001,ARCH CAPITAL GROUP (U.S.) INC.,061424716,001,ARCH CAPITAL GROUP (U.S.) INC. EMPLOYEE RETIREMENT PLAN,2F2G2J2K2T3F3H2E3D2R,3193.0,47691596.0,2023-10-03
2022,0000947484,subsidiary,20231013114726NAL0021749395001,PROPELLER,455286846,001,PROPELLER 401(K) PROFIT SHARING PLAN TRUST,2E2F2G2J2K2T3B3D,239.0,760730.0,2023-10-13
2022,0000947484,subsidiary,20231213172448NAL0017188419001,"PROPELLER, INC.",455286846,002,"PROPELLER, INC. EMPLOYEE STOCK OWNERSHIP PLAN",2I2P2Q3I,141.0,365000.0,2023-12-13
2023,0000947484,subsidiary,20240930205110NAL0003527779001,ARCH CAPITAL GROUP (U.S.) INC.,061424716,001,ARCH CAPITAL GROUP (U.S.) INC. EMPLOYEE RETIREMENT PLAN,2F2G2J2K2T3F3H2E3D2R,3245.0,53679301.0,2024-09-30
2023,0000947484,subsidiary,20241013105051NAL0012396019001,"PROPELLER, INC.",455286846,002,"PROPELLER, INC. EMPLOYEE STOCK OWNERSHIP PLAN",2I2P2Q3I,174.0,1320511.0,2024-10-13
2023,0000947484,subsidiary,20241014170451NAL0015335971001,PROPELLER,455286846,001,PROPELLER 401(K) PROFIT SHARING PLAN TRUST,2E2F2G2J2K2T3B3D,190.0,725786.0,2024-10-14
2024,0000947484,subsidiary,20251006144400NAL0006350384001,ARCH CAPITAL GROUP (U.S.) INC.,061424716,001,ARCH CAPITAL GROUP (U.S.) INC. EMPLOYEE RETIREMENT PLAN,2F2G2J2K2T3F3H2E3D2R,3978.0,61499742.0,2025-10-06
2024,0000947484,subsidiary,20251009111006NAL0006495393001,"PROPELLER, INC.",455286846,002,"PROPELLER, INC. EMPLOYEE STOCK OWNERSHIP PLAN",2I2P2Q3I,122.0,867909.0,2025-10-09
2024,0000947484,subsidiary,20251009174842NAL0016204386001,PROPELLER,455286846,001,PROPELLER 401(K) PROFIT SHARING PLAN TRUST,2E2F2G2J2K2T3B3D,145.0,469471.0,2025-10-09
2022,0001000228,ein,20230717124137NAL0056825906001,"HENRY SCHEIN, INC.",113136595,003,"HENRY SCHEIN, INC. 401(K) SAVINGS PLAN",2J2F2K2T3F3H3I2H2E,7483.0,30872673.0,2023-07-17
2022,0001000228,subsidiary,20231012175942NAL0042802160001,"ACE SURGICAL SUPPLY CO., INC.",042428967,004,"ACE SURGICAL SUPPLY CO., INC. 401(K) PLAN",2E2F2G2J2K2T3H3D,105.0,298406.0,2023-10-12
2022,0001000228,name,20231016160121NAL0026102003001,HENRY SCHEIN INC.,581853076,001,"PETER BRASSELER HOLDINGS, LLC PROFIT SHARING AND 401(K) PLAN",2G2J2K2S2T3D3H2E2F,383.0,1167305.0,2023-10-16
2023,0001000228,ein,20240708125323NAL0007263075001,"HENRY SCHEIN, INC.",113136595,003,"HENRY SCHEIN, INC. 401(K) SAVINGS PLAN",2J2F2K2T3F3H3I2H2E,7053.0,31189938.0,2024-07-08
2023,0001000228,subsidiary,20240925154756NAL0005571699001,"ACE SURGICAL SUPPLY CO., INC.",042428967,004,"ACE SURGICAL SUPPLY CO., INC. 401(K) PLAN",2E2F2G2J2K2T3H3D,104.0,341789.0,2024-09-25
2024,0001000228,subsidiary,20251008120659NAL0002982659001,"ACE SURGICAL SUPPLY CO., INC.",042428967,004,"ACE SURGICAL SUPPLY CO., INC. 401(K) PLAN",2E2F2G2J2K2T3H3D,60.0,239178.0,2025-10-08
2024,0001000228,name,20251010142105NAL0004324675001,HENRY SCHEIN INC.,581853076,001,"PETER BRASSELER HOLDINGS, LLC PROFIT SHARING AND 401(K) PLAN",2J2K2S2T2G3H2E2F3D,395.0,1423874.0,2025-10-10
2022,0001001250,name,20231002172114NAL0017091953001,"ESTEE LAUDER, INC.",131871348,002,THE ESTEE LAUDER COMPANIES 401(K) SAVINGS PLAN,2E2F2G2J2K,11823.0,48254218.0,2023-10-02
2023,0001001250,name,20240917122652NAL0002890001001,"ESTEE LAUDER, INC.",131871348,002,THE ESTEE LAUDER COMPANIES 401(K) SAVINGS PLAN,2E2F2G2J2K,10680.0,49735211.0,2024-09-17
2024,0001001250,name,20250929120531NAL0015157907001,"ESTEE LAUDER, INC.",131871348,002,THE ESTEE LAUDER COMPANIES 401(K) SAVINGS PLAN,2E2F2G2J2K,9754.0,52667130.0,2025-09-29
2022,0001002047,ein,20231003135903NAL0018753761001,"NETAPP, INC.",770307520,001,"NETAPP, INC. EMPLOYEES' 401(K) SAVINGS PLAN",2K2T2F2G2J,6378.0,31720058.0,2023-10-03
2023,0001002047,ein,20241014150714NAL0027657649001,NETAPP INC,770307520,001,"NETAPP, INC. EMPLOYEES' 401(K) SAVINGS PLAN",2K2T2F2G2J,5549.0,30302132.0,2024-10-14
2024,0001002047,ein,20251016165952NAL0003324611001,NETAPP INC,770307520,001,"NETAPP, INC. EMPLOYEES' 401(K) SAVINGS PLAN",2T2F2G2K2J,5559.0,29950073.0,2025-10-16
2022,0001002910,ein,20231023163118NAL0004399555001,AMEREN CORPORATION,431723446,003,AMEREN CORPORATION SAVINGS INVESTMENT PLAN,2H2J2K2O3H3I2E2T2F2S,9356.0,42404368.0,2023-10-23
2023,0001002910,ein,20241011111507NAL0012412995001,AMEREN CORPORATION,431723446,003,AMEREN CORPORATION SAVINGS INVESTMENT PLAN,2H2J2K2O3H3I2E2T2F2S,9504.0,55018432.0,2024-10-11
2024,0001002910,ein,20250905104138NAL0028746192001,AMEREN CORPORATION,431723446,003,AMEREN CORPORATION SAVINGS INVESTMENT PLAN,2E2F2H2J2K2O2S2T3H3I,9085.0,48651827.0,2025-09-05
2022,0001004980,ein,20231012162550NAL0020820483001,PG&E CORPORATION,943234914,001,PG&E CORPORATION RETIREMENT SAVINGS PLAN,2F2H2J2K2O2R2S2T,9525.0,67509000.0,2023-10-12
2022,0001004980,ein,20231012162631NAL0020821555001,PG&E CORPORATION,943234914,002,PG&E CORP. RETIREMENT SAVINGS PLAN FOR UNION-REPRESENTED EMPLOYEES,2F2H2J2K2O2R2S2T,15679.0,76579000.0,2023-10-12
2023,0001004980,ein,20240809170005NAL0011425824001,PG&E CORPORATION,943234914,002,PG&E CORP. RETIREMENT SAVINGS PLAN FOR UNION-REPRESENTED EMPLOYEES,2F2H2J2K2O2R2S2T,17143.0,84907000.0,2024-08-09
2023,0001004980,ein,20240809171650NAL0013809522001,PG&E CORPORATION,943234914,001,PG&E CORPORATION RETIREMENT SAVINGS PLAN,2H2J2K2O2R2S2T2F,10231.0,72841000.0,2024-08-09
2024,0001004980,ein,20260710120056NAL0001003587001,PG&E CORPORATION,943234914,002,PG&E CORP. RETIREMENT SAVINGS PLAN FOR UNION-REPRESENTED EMPLOYEES,2H2J2K2O2S2T2R2F,17676.0,92923000.0,2026-07-10
2024,0001004980,ein,20260710120857NAL0000962435001,PG&E CORPORATION,943234914,001,PG&E CORPORATION RETIREMENT SAVINGS PLAN,2H2J2K2O2S2T2F2R,10864.0,81234000.0,2026-07-10
2022,0001013237,ein,20230925100716NAL0015193938001,FACTSET RESEARCH SYSTEMS INC.,133362547,004,FACTSET RESEARCH SYSTEMS INC. PLAN,2J2K2T3D2E2F2G,2428.0,13255143.0,2023-09-25
2023,0001013237,ein,20241008102043NAL0009538963001,FACTSET RESEARCH SYSTEMS INC.,133362547,004,FACTSET RESEARCH SYSTEMS INC. PLAN,2E2F2G2J2K2T3D,2410.0,13462881.0,2024-10-08
2024,0001013237,ein,20251009151144NAL0016451394001,FACTSET RESEARCH SYSTEMS INC.,133362547,004,FACTSET RESEARCH SYSTEMS INC. PLAN,2E2F2G2J2K2T3D,2364.0,14025188.0,2025-10-09
2022,0001013871,subsidiary,20231016110100NAL0025373475001,"NRG AFFILIATE SERVICES, INC",411960764,001,NRG AFFILIATES EMPLOYEE SAVINGS PLAN,2E2F2G2J2K2T,6623.0,29666593.0,2023-10-16
2023,0001013871,subsidiary,20241014131131NAL0026229457001,"NRG AFFILIATE SERVICES, INC",411960764,001,NRG AFFILIATES EMPLOYEE SAVINGS PLAN,2E2F2G2J2K2T,6476.0,44993909.0,2024-10-14
2024,0001013871,subsidiary,20251013133533NAL0001345281001,"NRG AFFILIATE SERVICES, INC",411960764,001,NRG AFFILIATES EMPLOYEE SAVINGS PLAN,2E2F2G2J2K2R2T,11745.0,47651390.0,2025-10-13
2022,0001014473,ein,20230918131621NAL0027843489001,"VERISIGN, INC.",943221585,001,"VERISIGN, INC. 401(K) PLAN",2E2F2G2J2K2S2T3D,857.0,5481149.0,2023-09-18
2023,0001014473,ein,20240822154550NAL0010995282001,"VERISIGN, INC.",943221585,001,"VERISIGN, INC. 401(K) PLAN",2E2F2G2J2K2S2T3D,851.0,5821448.0,2024-08-22
2024,0001014473,ein,20250731103225NAL0002506291001,"VERISIGN, INC.",943221585,001,"VERISIGN, INC. 401(K) PLAN",2E2F2G2J2K2S2T3D,863.0,6028273.0,2025-07-31
2022,0001018724,subsidiary,20231005155317NAL0013787747001,"AMAZON.COM SERVICES, LLC",911986545,001,AMAZON 401(K) PLAN,2E2F2G2J2K2S2T3H2R,1103349.0,741101168.0,2023-10-05
2023,0001018724,subsidiary,20250101203230NAL0000631587001,"AMAZON.COM SERVICES,LLC",911986545,001,A SINGLE-EMPLOYER PLAN,2G,1209303.0,858321700.0,2025-01-01
2024,0001018724,subsidiary,20251013090823NAL0000403731001,"AMAZON.COM SERVICES, LLC",820544687,001,AMAZON 401(K) PLAN,2F2G2J2K2S2T3H2R2E,1207759.0,916401682.0,2025-10-13
2022,0001020569,ein,20231006090015NAL0022882593001,IRON MOUNTAIN INCORPORATED,232588479,001,THE IRON MOUNTAIN COMPANIES 401(K) PLAN,2F2E2G2J2K2R2S2T3H,8643.0,15875016.0,2023-10-06
2022,0001020569,subsidiary,20231010075136NAL0017549411001,"CLUTTER, INC",874762089,001,CLUTTER 401(K) PLAN,2S2E2G2J2K2F2T,384.0,140414.0,2023-10-10
2023,0001020569,ein,20241009084611NAL0010445011001,IRON MOUNTAIN INCORPORATED,232588479,001,THE IRON MOUNTAIN COMPANIES 401(K) PLAN,2E2F2G2J2K2R2S2T3D3H,9146.0,18617463.0,2024-10-09
2024,0001020569,ein,20251010083034NAL0007809057001,IRON MOUNTAIN INCORPORATED,232588479,001,THE IRON MOUNTAIN COMPANIES 401(K) PLAN,2E2F2G2J2K2R2S2T3D3H,10113.0,27744204.0,2025-10-10
2022,0001024478,ein,20230615180259NAL0023022787001,ROCKWELL AUTOMATION,251797617,008,ROCKWELL AUTOMATION RETIREMENT SAVINGS PLAN,2E2H2J2K2O2S2T,8877.0,45161519.0,2023-06-15
2023,0001024478,ein,20240813164946NAL0018649104001,ROCKWELL AUTOMATION,251797617,008,ROCKWELL AUTOMATION RETIREMENT SAVINGS PLAN,2E2H2J2K2O2S2T,9217.0,66656612.0,2024-08-13
2023,0001024478,subsidiary,20260223151629NAL0001312096001,SENSIA LLC,842131830,001,THE SENSIA 401(K) SAVINGS PLAN,2E2G2J2K2R2S2T3D,268.0,2332774.0,2026-02-23
2024,0001024478,subsidiary,20251010213007NAL0004912915001,SENSIA LLC,842131830,001,THE SENSIA 401(K) SAVINGS PLAN,2E2G2J2K2R2S2T,272.0,2367928.0,2025-10-10
2024,0001024478,ein,20251010213450NAL0004913347001,ROCKWELL AUTOMATION,251797617,008,ROCKWELL AUTOMATION RETIREMENT SAVINGS PLAN,2E2G2J2K2O2R2S2T,8097.0,59106965.0,2025-10-10
2022,0001031296,ein,20230801201650NAL0018713777001,FIRSTENERGY CORP.,341843785,002,FIRSTENERGY CORP. SAVINGS PLAN,2G2H2J2K2T3F2F3H2E2R,12114.0,41606042.0,2023-08-01
2023,0001031296,ein,20240702054409NAL0006771152001,FIRSTENERGY CORP.,341843785,002,FIRSTENERGY CORP. SAVINGS PLAN,2G2H2J2K2T3F2F3H2E2R,12582.0,42006181.0,2024-07-02
2024,0001031296,ein,20250731064450NAL0002381251001,FIRSTENERGY CORP.,341843785,002,FIRSTENERGY CORP. SAVINGS PLAN,2E2F2G2H2J2K2R2T3F3H,12394.0,42456995.0,2025-07-31
2022,0001032208,subsidiary,20230626115354NAL0001952035001,SAN DIEGO GAS & ELECTRIC COMPANY,951184800,001,SAN DIEGO GAS & ELECTRIC COMPANY SAVINGS PLAN,2F2G2I2J2K2O2R2S2T3H,4805.0,18776764.0,2023-06-26
2022,0001032208,ein,20230626120410NAL0001712579001,SEMPRA,330732627,002,SEMPRA ENERGY SAVINGS PLAN,2F2G2I2J2K2O2R2S2T3H,863.0,4370435.0,2023-06-26
2022,0001032208,subsidiary,20230626121532NAL0001962899001,SOUTHERN CALIFORNIA GAS COMPANY,951240705,002,SOUTHERN CALIFORNIA GAS COMPANY RETIREMENT SAVINGS PLAN,2F2G2I2J2K2O2R2S2T3H,8850.0,30260213.0,2023-06-26
2023,0001032208,ein,20240812020614NAL0015684464001,SEMPRA,330732627,002,SEMPRA SAVINGS PLAN,2F2G2I2J2K2O2R2S2T3F3H,991.0,5162061.0,2024-08-12
2023,0001032208,subsidiary,20240812022448NAL0015852624001,SAN DIEGO GAS & ELECTRIC COMPANY,951184800,001,SAN DIEGO GAS & ELECTRIC COMPANY SAVINGS PLAN,2F2G2I2J2K2O2R2S2T3F3H,4936.0,19951779.0,2024-08-12
2023,0001032208,subsidiary,20240812023826NAL0009098433001,SOUTHERN CALIFORNIA GAS COMPANY,951240705,002,SOUTHERN CALIFORNIA GAS COMPANY RETIREMENT SAVINGS PLAN,2F2G2I2J2K2O2R2S2T3F3H,9002.0,31590181.0,2024-08-12
2024,0001032208,ein,20250627075443NAL0022931298009,SEMPRA,330732627,002,SEMPRA SAVINGS PLAN,2F2G2I2J2K2O2R2S2T3F3H,1078.0,6078977.0,2025-06-27
2024,0001032208,subsidiary,20250627080813NAL0013484768001,SAN DIEGO GAS & ELECTRIC COMPANY,951184800,001,SAN DIEGO GAS & ELECTRIC COMPANY SAVINGS PLAN,2F2G2I2J2K2O2R2S2T3F3H,4789.0,21074603.0,2025-06-27
2024,0001032208,subsidiary,20250627082613NAL0005405603002,SOUTHERN CALIFORNIA GAS COMPANY,951240705,002,SOUTHERN CALIFORNIA GAS COMPANY RETIREMENT SAVINGS PLAN,2F2G2I2J2K2O2R2S2T3F3H,8846.0,32335344.0,2025-06-27
2022,0001034054,name,20231014071450NAL0070094642001,SBA COMMUNICATIONS CORPORATION,650911445,002,"SBA NETWORK SERVICES, LLC 401(K) PROFIT SHARING PLAN",2E2F2G2J2K2S2T3D,1162.0,3164227.0,2023-10-14
2023,0001034054,name,20241008154809NAL0009858883001,SBA COMMUNICATIONS CORPORATION,650911445,002,"SBA NETWORK SERVICES, LLC 401(K) PROFIT SHARING PLAN",2E2F2G2J2K2S2T3D,1119.0,3314118.0,2024-10-08
2024,0001034054,name,20251002103719NAL0000255443001,SBA COMMUNICATIONS CORPORATION,650911445,002,"SBA NETWORK SERVICES, LLC 401(K) PROFIT SHARING PLAN",2E2F2G2J2K2S2T3D,1058.0,3043600.0,2025-10-02
2022,0001035002,ein,20230717113126NAL0016027139001,VALERO ENERGY CORPORATION,741828067,002,VALERO ENERGY CORPORATION THRIFT PLAN,2E2F2G2J2K2O2R2S2T3F3H,7914.0,67732855.0,2023-07-17
2022,0001035002,ein,20230717113343NAL0016028787001,VALERO ENERGY CORPORATION,741828067,010,PREMCOR RETIREMENT SAVINGS PLAN,2F2G2J2K2T3F3H,693.0,6130490.0,2023-07-17
2023,0001035002,ein,20240709084242NAL0021561728001,VALERO ENERGY CORPORATION,741828067,002,VALERO ENERGY CORPORATION THRIFT PLAN,2E2F2G2J2K2O2R2S2T3F3H,8053.0,70027471.0,2024-07-09
2023,0001035002,ein,20240709085153NAL0020641440001,VALERO ENERGY CORPORATION,741828067,010,PREMCOR RETIREMENT SAVINGS PLAN,2F2G2J2K2T3F3H,715.0,5774974.0,2024-07-09
2024,0001035002,ein,20250709093214NAL0003224867001,VALERO ENERGY CORPORATION,741828067,010,PREMCOR RETIREMENT SAVINGS PLAN,2F2G2J2K2T3F3H,724.0,6418666.0,2025-07-09
2024,0001035002,ein,20250709094045NAL0012644226001,VALERO ENERGY CORPORATION,741828067,002,VALERO ENERGY CORPORATION THRIFT PLAN,2E2F2G2J2K2O2R2S2T3F3H,7722.0,73036463.0,2025-07-09
2022,0001035267,ein,20231010175025NAL0058091650001,"INTUITIVE SURGICAL, INC.",770416458,001,"INTUITIVE SURGICAL, INC. 401(K) PLAN",2E2F2G2J2K2T3D,7518.0,9902551.0,2023-10-10
2023,0001035267,ein,20241008184154NAL0009988275001,"INTUITIVE SURGICAL, INC.",770416458,001,"INTUITIVE SURGICAL, INC. 401(K) PLAN",2E2F2G2J2K2T3D,8091.0,10713106.0,2024-10-08
2024,0001035267,ein,20250702120650NAL0007298851001,"INTUITIVE SURGICAL, INC.",770416458,001,"INTUITIVE SURGICAL, INC. 401(K) PLAN",2E2F2G2J2K2T3D,8736.0,15398577.0,2025-07-02
2022,0001035443,ein,20231014140748NAL0070645954001,"ALEXANDRIA REAL ESTATE EQUITIES, INC.",954502084,001,"ALEXANDRIA REAL ESTATE EQUITIES, INC. 401(K) PROFIT SHARING PLAN",2A2E2F2G2J2R2S2T3D,572.0,8597628.0,2023-10-14
2023,0001035443,ein,20241015125248NAL0016431555001,"ALEXANDRIA REAL ESTATE EQUITIES, INC.",954502084,001,"ALEXANDRIA REAL ESTATE EQUITIES, INC. 401(K) PROFIT SHARING PLAN",2A2E2F2G2J2R2S2T3D,550.0,8684995.0,2024-10-15
2024,0001035443,ein,20251014212913NAL0003625649001,"ALEXANDRIA REAL ESTATE EQUITIES, INC.",954502084,001,"ALEXANDRIA REAL ESTATE EQUITIES, INC. 401(K) PROFIT SHARING PLAN",2A2E2F2G2J2R2S2T3D,537.0,7781323.0,2025-10-14
2022,0001035983,subsidiary,20230630152549NAL0011727792001,"SUMMIT INDUSTRIAL CONSTRUCTION, LLC",452831413,001,"SUMMIT INDUSTRIAL CONSTRUCTION, LLC PROFIT SHARING 401(K) PLAN",2E2F2G2J2K2S2T3D,289.0,165279.0,2023-06-30
2022,0001035983,subsidiary,20230804072704NAL0028081648001,"ATLANTIC ELECTRIC, LLC",550811925,001,ATLANTIC ELECTRIC 401(K) PLAN,2S2E3D2G2J2K2R2F2T3H,115.0,344594.0,2023-08-04
2022,0001035983,subsidiary,20230814120751NAL0032375345001,"ELDECO, INC.",570547558,001,"ELDECO, INC. 401(K) PROFIT SHARING PLAN & TRUST",2E2F2G2J2K2T3D,460.0,336896.0,2023-08-14
2022,0001035983,ein,20231016165742NAL0026253203001,"COMFORT SYSTEMS USA, INC.",760526487,001,"COMFORT SYSTEMS USA, INC. 401(K) PLAN",2E2J2F2G2K3H2T2R3D2S,11497.0,16662542.0,2023-10-16
2022,0001035983,ein,20231016170133NAL0077291442001,"COMFORT SYSTEMS USA, INC.",760526487,002,"COMFORT SYSTEMS USA, INC. PREVAILING WAGE PLAN",2E2F2G2T3H2R3D,586.0,614660.0,2023-10-16
2022,0001035983,subsidiary,20231115080048NAL0007347440001,"MEISNER ELECTRIC, INC.",592312811,001,"MEISNER ELECTRIC, INC. EMPLOYEE SAVINGS AND INVESTMENT PLAN",2F2G2J2K2T3D,203.0,114969.0,2023-11-15
2023,0001035983,subsidiary,20240625142732NAL0007494417001,"SUMMIT INDUSTRIAL CONSTRUCTION, LLC",452831413,001,"SUMMIT INDUSTRIAL CONSTRUCTION, LLC PROFIT SHARING 401(K) PLAN",2E2F2G2J2K2S2T3D,431.0,219760.0,2024-06-25
2023,0001035983,subsidiary,20240918094407NAL0001631827001,"ELDECO, INC.",570547558,001,"ELDECO, INC. 401(K) PROFIT SHARING PLAN & TRUST",2E2F2G2J2K2T3D,507.0,868797.0,2024-09-18
2023,0001035983,ein,20241014154151NAL0015231491001,"COMFORT SYSTEMS USA, INC.",760526487,002,"COMFORT SYSTEMS USA, INC. PREVAILING WAGE PLAN",2E2F2G2R2T3D3H,235.0,444576.0,2024-10-14
2023,0001035983,ein,20241203163822NAL0003124897001,"COMFORT SYSTEMS USA, INC.",760526487,001,"COMFORT SYSTEMS USA, INC. 401(K) PLAN",2E2F2G2J2K2R2S2T3D3H,14682.0,23236585.0,2024-12-03
2023,0001035983,subsidiary,20250108075739NAL0017549088001,"MEISNER ELECTRIC, INC.",592312811,001,"MEISNER ELECTRIC, INC. EMPLOYEE SAVINGS AND INVESTMENT PLAN",2G2J2K2T3D2F,207.0,110675.0,2025-01-08
2024,0001035983,ein,20251007171408NAL0002625747001,"COMFORT SYSTEMS USA, INC.",760526487,002,"COMFORT SYSTEMS USA, INC. PREVAILING WAGE PLAN",2E2F2G2R2T3D3H,2119.0,974212.0,2025-10-07
2024,0001035983,ein,20251014094008NAL0001186659001,"COMFORT SYSTEMS USA, INC.",760526487,001,"COMFORT SYSTEMS USA, INC. 401(K) PLAN",2E2F2G2J2K2R2S2T3D3F,18367.0,28393746.0,2025-10-14
2024,0001035983,subsidiary,20251223154010NAL0005962387001,"MEISNER ELECTRIC, INC.",592312811,001,"MEISNER ELECTRIC, INC. EMPLOYEE SAVINGS AND INVESTMENT PLAN",2G2J2K2T2F3D,248.0,130580.0,2025-12-23
2022,0001037038,ein,20231013163235NAL0022390947001,RALPH LAUREN CORPORATION,132622036,001,RALPH LAUREN CORPORATION 401(K) PLAN,2E2F2G2J2K2T3H,11342.0,8875063.0,2023-10-13
2023,0001037038,ein,20241015081554NAL0014235395001,RALPH LAUREN CORPORATION,132622036,001,RALPH LAUREN CORPORATION 401(K) PLAN,2E2F2G2J2K2T3H,11047.0,9836960.0,2024-10-15
2024,0001037038,ein,20251014233802NAL0001887747001,RALPH LAUREN CORPORATION,132622036,001,RALPH LAUREN CORPORATION 401(K) PLAN,2E2F2G2J2K2T3H,10794.0,15117315.0,2025-10-15
2022,0001037540,subsidiary,20231013153036NAL0068202370001,"BP MANAGEMENT, L.P.",043377269,001,BOSTON PROPERTIES RETIREMENT SAVINGS PLAN,2E2F2G2J2K2R2S2T,688.0,4588303.0,2023-10-13
2023,0001037540,subsidiary,20241015114037NAL0028222641001,"BP MANAGEMENT, L.P.",043377269,001,BOSTON PROPERTIES RETIREMENT SAVINGS PLAN,2E2F2G2J2K2R2S2T3D,719.0,5585316.0,2024-10-15
2024,0001037540,subsidiary,20251015161713NAL0006895952001,"BP MANAGEMENT, L.P.",043377269,001,BOSTON PROPERTIES RETIREMENT SAVINGS PLAN,2E2F2G2J2K2R2S2T,717.0,5766682.0,2025-10-15
2022,0001037646,name,20230717072333NAL0036906768001,"METTLER-TOLEDO, LLC",341538688,031,"METTLER-TOLEDO, LLC ENHANCED RETIREMENT SAVINGS PLAN",2E2F2H2J2K3H,3401.0,16661859.0,2023-07-17
2022,0001037646,subsidiary,20231016174904NAL0025636243001,"TROEMNER, LLC",471976482,001,"TROEMNER, LLC CASH OR DEFERRED PROFIT SHARING PLAN AND TRUST",2E2F2G2J2K2S2T3D,148.0,232679.0,2023-10-16
2023,0001037646,name,20241009094400NAL0018112289001,"METTLER-TOLEDO, LLC",341538688,031,"METTLER-TOLEDO, LLC ENHANCED RETIREMENT SAVINGS PLAN",2E2F2H2J2K3H,3327.0,14960629.0,2024-10-09
2023,0001037646,subsidiary,20241013101338NAL0012386547001,"TROEMNER, LLC",471976482,001,"TROEMNER, LLC CASH OR DEFERRED PROFIT SHARING PLAN AND TRUST",2E2F2G2J2K2S2T3D,131.0,219724.0,2024-10-13
2024,0001037646,name,20250701101917NAL0018359328001,"METTLER-TOLEDO, LLC",341538688,031,"METTLER-TOLEDO, LLC ENHANCED RETIREMENT SAVINGS PLAN",2E2F2H2J2K3H,3411.0,12199974.0,2025-07-01
2022,0001037868,ein,20230706093605NAL0009536947001,"AMETEK, INC.",141682544,078,THE AMETEK RETIREMENT AND SAVINGS PLAN,2A2E2F2G2J2K2S2T3H,8563.0,36390893.0,2023-07-06
2022,0001037868,subsidiary,20230706093900NAL0029825042001,"SUPERIOR TUBE COMPANY, INC.",861118863,001,"SUPERIOR TUBE COMPANY, INC. UNION 401(K) PLAN",2E2F2G2J2K2T3D,130.0,307252.0,2023-07-06
2022,0001037868,subsidiary,20231002112703NAL0035024002001,"FARO TECHNOLOGIES, INC.",593157093,001,FARO 401(K) PLAN,2F2G2J2S2T3D2E,474.0,1746068.0,2023-10-02
2022,0001037868,subsidiary,20231013175055NAL0022539795001,RAULAND-BORG CORPORATION,362124601,001,RAULAND-BORG CORPORATION PROFIT SHARING & RETIREMENT SAVINGS PLAN,2A2F2G2J2K2S2T2E3D,93.0,0.0,2023-10-13
2022,0001037868,subsidiary,20231015110347NAL0048700176001,PRECISION ENGINEERED PRODUCTS HOLDINGS INC.,010757400,001,MW LIFE SCIENCES RETIREMENT SAVINGS PLAN,2K2S2T3H2E2F2G2J3D2R,1593.0,3980454.0,2023-10-15
2022,0001037868,subsidiary,20250311095829NAL0017405361001,AMPLIFIER RESEARCH CORP.,231722529,001,AR PROFIT SHARING PLAN,2A2E3D3H,139.0,504000.0,2025-03-11
2023,0001037868,subsidiary,20240710085131NAL0008453763001,"SUPERIOR TUBE COMPANY, INC.",861118863,001,"SUPERIOR TUBE COMPANY, INC. UNION 401(K) PLAN",2E2F2G2J2K2T3D,138.0,333338.0,2024-07-10
2023,0001037868,ein,20240710085501NAL0009416147001,"AMETEK, INC.",141682544,078,THE AMETEK RETIREMENT AND SAVINGS PLAN,2A2E2F2G2J2K2S2T3H,8769.0,39861873.0,2024-07-10
2023,0001037868,subsidiary,20240927102500NAL0002085073001,PRECISION ENGINEERED PRODUCTS HOLDINGS INC.,010757400,001,MW LIFE SCIENCES RETIREMENT SAVINGS PLAN,2E2F2G2J2K2R2S2T3D,1587.0,4134292.0,2024-09-27
2023,0001037868,subsidiary,20241007153957NAL0007737363001,"FARO TECHNOLOGIES, INC.",593157093,001,FARO 401(K) PLAN,2F2G2J2S2T2E3D,402.0,1672622.0,2024-10-07
2023,0001037868,subsidiary,20241010100234NAL0009888131001,RAULAND-BORG CORPORATION,362124601,001,RAULAND-BORG CORPORATION PROFIT SHARING & RETIREMENT SAVINGS PLAN,2A2F2G2J2K2S2T2E3D,87.0,0.0,2024-10-10
2024,0001037868,ein,20250728111452NAL0003147906001,"AMETEK, INC.",141682544,078,THE AMETEK RETIREMENT AND SAVINGS PLAN,2A2E2F2G2J2K2S2T3H,8402.0,39637227.0,2025-07-28
2024,0001037868,subsidiary,20251010140540NAL0012745728001,RAULAND-BORG CORPORATION,362124601,001,RAULAND-BORG CORPORATION PROFIT SHARING & RETIREMENT SAVINGS PLAN,2A2F2G2J2K2S2T2E3D,237.0,0.0,2025-10-10
2024,0001037868,subsidiary,20251010144709NAL0018867586001,PRECISION ENGINEERED PRODUCTS HOLDINGS INC.,010757400,001,MW LIFE SCIENCES RETIREMENT SAVINGS PLAN,2E2F2G2J2K2S2T3D2R,1469.0,4433975.0,2025-10-10
2024,0001037868,subsidiary,20251014134832NAL0006159298001,"FARO TECHNOLOGIES, INC.",593157093,001,FARO 401(K) PLAN,2E2F2G2J2S2T3D,400.0,1571323.0,2025-10-14
2022,0001039684,ein,20230911081407NAL0019384721001,"ONEOK, INC.",731520922,002,"ONEOK, INC. 401(K) PLAN",2E2F2G2J2K2O2S2T3F,2965.0,34784000.0,2023-09-11
2022,0001039684,subsidiary,20231013104356NAL0021636531001,"MAGELLAN MIDSTREAM HOLDINGS GP, LLC",200019326,003,MAGELLAN 401(K) PLAN,2E2G2J2K2F2R3H2T,1705.0,11630603.0,2023-10-13
2022,0001039684,subsidiary,20231016102818NAL0037484321001,"MEDALLION OPERATING COMPANY, LLC",454004852,001,"MEDALLION OPERATING COMPANY, LLC 401K PLAN",2E2J2K2F2G3D2T,162.0,1096066.0,2023-10-16
2022,0001039684,subsidiary,20250630100746NAL0010997249001,"ENLINK MIDSTREAM OPERATING, LP",113666506,001,"ENLINK MIDSTREAM OPERATING, LP 401(K) TRUST",2E2F2G2J2K2S2T3D,1130.0,7628055.0,2025-06-30
2023,0001039684,ein,20240821170015NAL0002524131001,"ONEOK, INC.",731520922,002,"ONEOK, INC. 401(K) PLAN",2E2F2G2J2K2O2S2T3F3H,4756.0,47209000.0,2024-08-21
2023,0001039684,subsidiary,20241010113311NAL0035573008001,"MAGELLAN MIDSTREAM HOLDINGS GP, LLC",200019326,003,MAGELLAN 401(K) PLAN,2E2G2J2K2F2R3H2T,2.0,9697806.0,2024-10-10
2023,0001039684,subsidiary,20250116092617NAL0013603699001,"MEDALLION OPERATING COMPANY, LLC",454004852,001,"MEDALLION OPERATING COMPANY, LLC 401K PLAN",2E2J2K2F2G2T3D,156.0,1117349.0,2025-01-16
2023,0001039684,subsidiary,20250630103754NAL0011714577001,"ENLINK MIDSTREAM OPERATING, LP",113666506,001,"ENLINK MIDSTREAM OPERATING, LP 401(K) TRUST",2E2F2G2J2K2S2T3D,1073.0,8436503.0,2025-06-30
2024,0001039684,ein,20250922105540NAL0005111745001,"ONEOK, INC.",731520922,002,"ONEOK, INC. 401(K) PLAN",2E2F2G2J2K2O2S2T3F3H,5150.0,68040000.0,2025-09-22
2024,0001039684,subsidiary,20251002111511NAL0000267635001,"ENLINK MIDSTREAM OPERATING, LP",113666506,001,"ENLINK MIDSTREAM OPERATING, LP 401(K) TRUST",2E2F2G2J2K2S2T3D,1082.0,7979780.0,2025-10-02
2022,0001041061,ein,20231011152029NAL0060848514001,"YUM BRANDS, INC.",133951308,003,YUM BRANDS 401K PLAN,2E2G2H2J2K2O2R3H2F,21365.0,19496816.0,2023-10-11
2023,0001041061,ein,20240725141152NAL0009331267001,"YUM BRANDS, INC.",133951308,003,YUM BRANDS 401K PLAN,2E2G2H2J2K2O2R3H2F,22260.0,21599121.0,2024-07-25
2024,0001041061,ein,20250729172611NAL0003721441001,"YUM BRANDS, INC.",133951308,003,YUM BRANDS 401K PLAN,2E2G2H2J2K2O2R3H2F,22667.0,23309141.0,2025-07-29
2022,0001043277,name,20230629163725NAL0015542738001,"C.H. ROBINSON COMPANY, INC.",411956721,001,ROBINSON COMPANIES RETIREMENT PLAN,2E2F2G2J2K2R2S2T3D,10967.0,56529057.0,2023-06-29
2022,0001043277,subsidiary,20240308112840NAL0019196371001,"ROBINSON, INC.",391212475,001,ROBINSON 401(K) PROFIT SHARING PLAN,2E2F2G2J2K2S2T3D,536.0,841353.0,2024-03-08
2022,0001043277,subsidiary,20240410194632NAL0032606336001,"ROBINSON, INC.",391212475,002,ROBINSON INC. ESOP PLAN & TRUST,3I2P2Q2E2I,445.0,7500000.0,2024-04-10
2023,0001043277,name,20240710131622NAL0022874976001,"C.H. ROBINSON COMPANY, INC.",411956721,001,ROBINSON COMPANIES RETIREMENT PLAN,2F2E2G2J2K2R2S2T3D,9197.0,51574147.0,2024-07-10
2023,0001043277,subsidiary,20250317155054NAL0003265808001,"ROBINSON, INC.",391212475,001,ROBINSON 401(K) PROFIT SHARING PLAN,2E2F2G2J2K2S2T3D,562.0,1054594.0,2025-03-17
2023,0001043277,subsidiary,20250319145336NAL0007595520001,"ROBINSON, INC.",391212475,002,ROBINSON INC. ESOP PLAN & TRUST,3I2P2Q2E2I,423.0,3348988.0,2025-03-19
2024,0001043277,name,20250710141915NAL0006662897001,"C.H. ROBINSON COMPANY, INC.",411956721,001,ROBINSON COMPANIES RETIREMENT PLAN,2E2F2G2J2K2R2S2T3D,8285.0,44813762.0,2025-07-10
2024,0001043277,subsidiary,20260305075608NAL0004131761001,"ROBINSON, INC.",391212475,002,ROBINSON INC. ESOP PLAN & TRUST,3I2P2Q2E2I,461.0,3598695.0,2026-03-05
2024,0001043277,subsidiary,20260326123426NAL0007544274001,"ROBINSON, INC.",391212475,001,ROBINSON 401(K) PROFIT SHARING PLAN,2E2F2G2J2K2S2T3D,742.0,1263443.0,2026-03-26
2022,0001045810,ein,20231218163054NAL0064430514001,NVIDIA CORPORATION,943177549,001,NVIDIA CORPORATION 401(K) PLAN,2F2G2J2T2E2K3F2S3D2R,12725.0,105746806.0,2023-12-18
2023,0001045810,ein,20241015123152NAL0049402832001,NVIDIA CORPORATION,943177549,001,NVIDIA CORPORATION 401(K) PLAN,2G2J2T2E2K3F2S3D2F2R,14652.0,116680904.0,2024-10-15
2024,0001045810,ein,20251015114211NAL0009386514001,NVIDIA CORPORATION,943177549,001,NVIDIA CORPORATION 401(K) PLAN,2G2J2T2E2K3F2S2F3D2R,17275.0,176364626.0,2025-10-15
2022,0001048286,ein,20230921152312NAL0003166369001,"MARRIOTT INTERNATIONAL, INC.",522055918,004,MARRIOTT RETIREMENT SAVINGS PLAN,2E2F2G2J2K2O2T3H,96353.0,141000555.0,2023-09-21
2022,0001048286,subsidiary,20230922112409NAL0006221088001,"LUXURY HOTELS INTERNATIONAL OF PUERTO RICO, INC.",743052234,001,"THE MARRIOTT INTERNATIONAL, INC. PUERTO RICO RETIREMENT PLAN",2E2F2G2J2K3D3H,1480.0,460387.0,2023-09-22
2023,0001048286,ein,20240926110752NAL0001308994001,"MARRIOTT INTERNATIONAL, INC.",522055918,004,MARRIOTT RETIREMENT SAVINGS PLAN,2E2F2G2J2K2O2T3H,101417.0,216566233.0,2024-09-26
2023,0001048286,subsidiary,20240926111430NAL0000341507001,"LUXURY HOTELS INTERNATIONAL OF PUERTO RICO, INC.",743052234,001,"THE MARRIOTT INTERNATIONAL, INC. PUERTO RICO RETIREMENT PLAN",2E2F2G2J2K3D3H,1506.0,511526.0,2024-09-26
2024,0001048286,ein,20251009101330NAL0003488915001,"MARRIOTT INTERNATIONAL, INC.",522055918,004,MARRIOTT RETIREMENT SAVINGS PLAN,2E2F2G2J2K2O2T3H,114079.0,249551760.0,2025-10-09
2024,0001048286,subsidiary,20251013091924NAL0001583888001,"LUXURY HOTELS INTERNATIONAL OF PUERTO RICO, INC.",743052234,001,"MARRIOTT INTERNATIONAL, INC. PUERTO RICO RETIREMENT PLAN",2E2F2G2J2K3H,2061.0,664927.0,2025-10-13
2022,0001048695,ein,20230925145028NAL0004649587001,"F5, INC.",911714307,001,"F5, INC. 401(K) PROFIT SHARING PLAN AND TRUST",2E2F2G2J2K2R2T3D3F3H,3539.0,13176702.0,2023-09-25
2023,0001048695,ein,20241014154911NAL0045178400001,"F5, INC.",911714307,001,"F5, INC. 401(K) PROFIT SHARING PLAN AND TRUST",2E2F2G2J2K2R2T3D3F3H,3243.0,12592183.0,2024-10-14
2024,0001048695,ein,20251014172938NAL0007032466001,"F5, INC.",911714307,001,"F5, INC. 401(K) PROFIT SHARING PLAN AND TRUST",2E2F2G2J2K2R2T3D3F,2992.0,10438660.0,2025-10-14
2022,0001048911,subsidiary,20231010140049NAL0018969603001,FEDERAL EXPRESS CORPORATION,710427007,007,FEDERAL EXPRESS CORPORATION PILOTS RETIREMENT SAVINGS PLAN,2E2G2J2K2R2T3H,5728.0,135635007.0,2023-10-10
2022,0001048911,subsidiary,20231010140159NAL0057213762001,FEDERAL EXPRESS CORPORATION,710427007,008,FEDEX CORPORATION RETIREMENT SAVINGS PLAN FOR PUERTO RICO,2E2F2G2J2K2R2T3C3H,567.0,828635.0,2023-10-10
2022,0001048911,subsidiary,20231010142020NAL0018031475001,"FEDEX OFFICE AND PRINT SERVICES, INC.",770433330,001,"FEDEX OFFICE AND PRINT SERVICES, INC. 401(K) RETIREMENT SAVINGS PLAN",2E2F2G2J2K2R2T3H,13831.0,49952444.0,2023-10-10
2022,0001048911,ein,20231010161810NAL0057755346001,FEDEX CORPORATION,621721435,001,FEDEX CORPORATION RETIREMENT SAVINGS PLAN,2E2F2G2J2K2R2S2T3H,127010.0,295448272.0,2023-10-10
2022,0001048911,ein,20231010162109NAL0019210627001,FEDEX CORPORATION,621721435,004,FEDEX CORPORATION RETIREMENT SAVINGS PLAN II,2E2F2G2J2K2R2S2T3H,99296.0,322918547.0,2023-10-10
2022,0001048911,ein,20231010164701NAL0028212001001,FEDEX CORPORATION,621721435,003,FEDEX SCA EMPLOYEES 401(K) RETIREMENT SAVINGS PLAN,2E2F2G2J2R2T3C3H,179.0,727296.0,2023-10-10
2023,0001048911,subsidiary,20241015132421NAL0014712195001,FEDERAL EXPRESS CORPORATION,710427007,007,FEDERAL EXPRESS CORPORATION PILOTS RETIREMENT SAVINGS PLAN,2E2G2J2K2R2T3H,5830.0,141386747.0,2024-10-15
2023,0001048911,subsidiary,20241015132706NAL0014716947001,FEDERAL EXPRESS CORPORATION,710427007,008,FEDEX CORPORATION RETIREMENT SAVINGS PLAN FOR PUERTO RICO,2E2F2G2J2K2R2T3C3H,530.0,850678.0,2024-10-15
2023,0001048911,subsidiary,20241015133013NAL0016493027001,"FEDEX OFFICE AND PRINT SERVICES, INC.",770433330,001,"FEDEX OFFICE AND PRINT SERVICES, INC. 401(K) RETIREMENT SAVINGS PLAN",2E2F2G2J2K2R2T3H,13321.0,49911772.0,2024-10-15
2023,0001048911,ein,20241015133132NAL0016497027001,FEDEX CORPORATION,621721435,001,FEDEX CORPORATION RETIREMENT SAVINGS PLAN,2E2F2G2J2K2R2S2T3H,113079.0,271519971.0,2024-10-15
2023,0001048911,ein,20241015133242NAL0049636336001,FEDEX CORPORATION,621721435,004,FEDEX CORPORATION RETIREMENT SAVINGS PLAN II,2E2F2G2J2K2R2S2T3H,94890.0,332217573.0,2024-10-15
2023,0001048911,ein,20241015134008NAL0014738483001,FEDEX CORPORATION,621721435,003,FEDEX SCA 401(K) RETIREMENT SAVINGS PLAN,2E2F2G2J2R2T3C3H,183.0,768686.0,2024-10-15
2023,0001048911,subsidiary,20250311221954NAL0011226627001,"FEDEX DATAWORKS, INC.",871450120,002,"SHOPRUNNER, INC. RETIREMENT PLAN",2E2F2G2J2K2S2T3D,129.0,93895.0,2025-03-11
2024,0001048911,subsidiary,20251014155850NAL0001653379001,FEDERAL EXPRESS CORPORATION,710427007,007,FEDERAL EXPRESS CORPORATION PILOTS RETIREMENT SAVINGS PLAN,2E2G2J2K2R2T3H,5411.0,140407755.0,2025-10-14
2024,0001048911,subsidiary,20251014164941NAL0003444481001,FEDERAL EXPRESS CORPORATION,710427007,008,FEDEX CORPORATION RETIREMENT SAVINGS PLAN FOR PUERTO RICO,2E2F2G2J2K2R2T3C3H,523.0,911932.0,2025-10-14
2024,0001048911,subsidiary,20251014165326NAL0001671251001,"FEDEX OFFICE AND PRINT SERVICES, INC.",770433330,001,"FEDEX OFFICE AND PRINT SERVICES, INC. 401(K) RETIREMENT SAVINGS PLAN",2E2F2G2J2K2R2T3H,13295.0,51336636.0,2025-10-14
2024,0001048911,ein,20251014165436NAL0006873746001,FEDEX CORPORATION,621721435,001,FEDEX CORPORATION RETIREMENT SAVINGS PLAN,2E2F2G2J2K2R2S2T3H,102265.0,261966075.0,2025-10-14
2024,0001048911,ein,20251014165555NAL0003337169001,FEDEX CORPORATION,621721435,004,FEDEX CORPORATION RETIREMENT SAVINGS PLAN II,2E2F2G2J2K2R2S2T3H,217166.0,451866582.0,2025-10-14
2024,0001048911,ein,20251014170203NAL0001710659001,FEDEX CORPORATION,621721435,003,FEDEX SCA EMPLOYEES' 401(K) RETIREMENT SAVINGS PLAN,2E2F2G2J2R2T3C3H,205.0,944120.0,2025-10-14
2024,0001048911,subsidiary,20251014170302NAL0003348961001,"FEDEX DATAWORKS, INC.",871450120,002,"SHOPRUNNER, INC. RETIREMENT PLAN",2E2F2G2J2K2S2T3D3H,114.0,10862.0,2025-10-14
2022,0001050915,subsidiary,20231010135040NAL0017983507001,WILSON CONSTRUCTION COMPANY,930455270,001,WILSON CONSTRUCTION COMPANY 401(K) PROFIT SHARING PLAN,2A2E2F2G2J2K2S2T3D3H,185.0,1090404.0,2023-10-10
2022,0001050915,subsidiary,20231013095905NAL0066471794001,SOUTHERN ELECTRIC CORPORATION OF MISSISSIPPI,640732376,001,SOUTHERN ELECTRIC CORPORATION 401(K) PROFIT SHARING PLAN,2E2G2J2K3D,763.0,221742.0,2023-10-13
2022,0001050915,subsidiary,20231013132522NAL0033977185001,W. T. BYLER CO. INC.,800331414,001,W. T. BYLER CO. INC. 401(K) PLAN,2E2F2G2J2K2T3D,547.0,497278.0,2023-10-13
2022,0001050915,subsidiary,20231016185213NAL0077802210001,"CUPERTINO ELECTRIC, INC.",941403967,006,"CUPERTINO ELECTRIC, INC. PROFIT SHARING AND 401(K) PLAN",2F2G2J2K2R2S2T2A2E3D,790.0,3342382.0,2023-10-16
2022,0001050915,subsidiary,20240408081212NAL0011480595001,"SHERMAN & REILLY, INC.",620355760,001,SHERMAN & REILLY 401(K) PLAN,2E2F2G2J2K2T3D,122.0,211210.0,2024-04-08
2022,0001050915,subsidiary,20240712145558NAL0010129155001,TRI-CITY ELECTRIC COMPANY OF IOWA,420569050,005,TRI-CITY ELECTRIC COMPANY OF IOWA PROFIT SHARING 401(K) PLAN,2E2F2G2J2K3D,171.0,595855.0,2024-07-12
2023,0001050915,subsidiary,20241008113002NAL0009591939001,WILSON CONSTRUCTION COMPANY,930455270,001,WILSON CONSTRUCTION COMPANY 401(K) PROFIT SHARING PLAN,2A2E2F2G2J2K2S2T3D3H,213.0,1184283.0,2024-10-08
2023,0001050915,subsidiary,20241014102108NAL0013123299001,W. T. BYLER CO. INC.,800331414,001,W. T. BYLER CO. INC. 401(K) PLAN,2E2F2G2J2K2T3D,632.0,505767.0,2024-10-14
2023,0001050915,subsidiary,20241014183455NAL0047171760001,"CUPERTINO ELECTRIC, INC.",941403967,006,"CUPERTINO ELECTRIC, INC. PROFIT SHARING AND 401(K) PLAN",2F2G2J2K2S2T2A2E3D2R,817.0,3731708.0,2024-10-14
2023,0001050915,subsidiary,20250218095555NAL0002945665001,"SHERMAN & REILLY, INC.",620355760,001,SHERMAN & REILLY 401(K) PLAN,2E2F2G2J2K2T3D,123.0,272021.0,2025-02-18
2023,0001050915,subsidiary,20250715074811NAL0001148627001,TRI-CITY ELECTRIC COMPANY OF IOWA,420569050,005,TRI-CITY ELECTRIC COMPANY OF IOWA PROFIT SHARING 401(K) PLAN,2E2F2G2J2K3D,226.0,878847.0,2025-07-15
2024,0001050915,subsidiary,20250808164433NAL0006679856001,WILSON CONSTRUCTION COMPANY,930455270,001,WILSON CONSTRUCTION COMPANY 401(K) PROFIT SHARING PLAN,2A2E2F2G2J2K2S2T3D3H,237.0,1419163.0,2025-08-08
2024,0001050915,subsidiary,20251013151815NAL0002293712001,"MEARS INSTALLATION, LLC",411625874,333,PIPELINERS' RETIREMENT PLAN,2E2F2G2J2K3D,412.0,972383.0,2025-10-13
2024,0001050915,subsidiary,20251015075450NAL0005610528001,W. T. BYLER CO. INC.,800331414,001,W. T. BYLER CO. INC. 401(K) PLAN,2E2F2G2J2K2T3D,644.0,569299.0,2025-10-15
2024,0001050915,subsidiary,20260715120830NAL0003689120001,TRI-CITY ELECTRIC COMPANY OF IOWA,420569050,005,TRI-CITY ELECTRIC COMPANY OF IOWA PROFIT SHARING 401(K) PLAN,2E2F2G2J2K3D,259.0,1295127.0,2026-07-15
2022,0001051470,ein,20231006154939NAL0023057345001,CROWN CASTLE INC.,760470458,001,CROWN CASTLE INC. 401(K) PLAN,2A2E2F2G2J2K2R2S2T3D3H,5302.0,62573233.0,2023-10-06
2023,0001051470,ein,20241015103921NAL0047402016001,CROWN CASTLE INC.,760470458,001,CROWN CASTLE INC. 401(K) PLAN,2A2E2F2G2J2K2R2S2T3D3H,4745.0,62520319.0,2024-10-15
2024,0001051470,ein,20251106091154NAL0025295362001,CROWN CASTLE INC.,760470458,001,CROWN CASTLE INC. 401(K) PLAN,2A2E2F2G2J2K2R2S2T3D3H,3947.0,51568347.0,2025-11-06
2022,0001053507,ein,20230925093547NAL0010114304001,AMERICAN TOWER CORPORATION,650723837,001,AMERICAN TOWER RETIREMENT SAVINGS PLAN,2F2G2J2K2S2T3H2E3D,1910.0,8629998.0,2023-09-25
2022,0001053507,subsidiary,20231013134126NAL0044616608001,"CORESITE, L.L.C.",522349902,001,"CORESITE, L.L.C. EMPLOYEE RETIREMENT PLAN",2E2F2G2J2T3D3H,488.0,2154082.0,2023-10-13
2023,0001053507,ein,20240924142318NAL0012878017001,AMERICAN TOWER CORPORATION,650723837,001,AMERICAN TOWER RETIREMENT SAVINGS PLAN,2F2G2J2K2S2T3H2E3D,1913.0,9113004.0,2024-09-24
2023,0001053507,subsidiary,20240930191220NAL0012016082001,"CORESITE, L.L.C.",522349902,001,"CORESITE, L.L.C. EMPLOYEE RETIREMENT PLAN",2E2F2G2J2T3H3D,546.0,2481695.0,2024-09-30
2024,0001053507,ein,20250916142350NAL0002060129001,AMERICAN TOWER CORPORATION,650723837,001,AMERICAN TOWER RETIREMENT SAVINGS PLAN,2F2G2J2K2S2T3H2E3D,2436.0,11613008.0,2025-09-16
2022,0001057352,subsidiary,20231012102031NAL0031592145001,"COSTAR REALTY INFORMATION, INC.",522134617,001,"COSTAR REALTY INFORMATION, INC. 401(K) RETIREMENT PLAN",2E2F2G2J2K2R2S2T3D,5010.0,22143456.0,2023-10-12
2022,0001057352,subsidiary,20231014062008NAL0046767344001,"VISUAL LEASE, LLC",223468118,001,"VISUAL LEASE, LLC 401(K) PLAN",2A2E2F2G2J2K2S2T3D,221.0,871969.0,2023-10-14
2023,0001057352,subsidiary,20240726051402NAL0025819504001,"VISUAL LEASE, LLC",223468118,001,"VISUAL LEASE, LLC 401(K) PLAN",2A2E2F2G2J2K2S2T3D,197.0,892470.0,2024-07-26
2023,0001057352,subsidiary,20241014092210NAL0026896577001,"COSTAR REALTY INFORMATION, INC.",522134617,001,"COSTAR REALTY INFORMATION, INC. 401(K) RETIREMENT PLAN",2E2F2G2J2K2R2S2T3D,5398.0,26913461.0,2024-10-14
2024,0001057352,subsidiary,20250923050406NAL0002432915001,"VISUAL LEASE, LLC",223468118,001,"VISUAL LEASE, LLC 401(K) PLAN",2A2E2F2G2J2K2S2T3D,7.0,754722.0,2025-09-23
2024,0001057352,subsidiary,20251009151421NAL0015898770001,"COSTAR REALTY INFORMATION, INC.",522134617,001,"COSTAR REALTY INFORMATION, INC. 401(K) RETIREMENT PLAN",2E2F2G2J2K2R2S2T3D,5808.0,26122189.0,2025-10-09
2022,0001058090,ein,20230911124822NAL0025016272001,"CHIPOTLE MEXICAN GRILL, INC.",841219301,002,"CHIPOTLE MEXICAN GRILL, INC. 401(K) PLAN",2E2F2G2J2K2T3D3H,95246.0,12495885.0,2023-09-11
2023,0001058090,ein,20241014002658NAL0012746979001,"CHIPOTLE MEXICAN GRILL, INC.",841219301,002,"CHIPOTLE MEXICAN GRILL, INC. 401(K) PLAN",2E2F2G2J2K2T3D3H,83496.0,13657585.0,2024-10-14
2024,0001058090,ein,20251010191350NAL0008591905001,"CHIPOTLE MEXICAN GRILL, INC.",841219301,002,"CHIPOTLE MEXICAN GRILL, INC. 401(K) PLAN",2E2F2G2J2K2T3D3H,94731.0,16708329.0,2025-10-10
2022,0001058290,subsidiary,20231004180353NAL0013814403001,"THIRDERA, LLC",541831241,001,"THIRDERA, LLC",2E2F2G2J2K2T3D,225.0,329137.0,2023-10-04
2022,0001058290,name,20231012084215NAL0031424481001,COGNIZANT TECHNOLOGY SOLUTIONS,133924155,001,COGNIZANT TECHNOLOGY SOLUTIONS 401(K) SAVINGS PLAN,2E2F2G2J2K2T3D3H,74792.0,113879064.0,2023-10-12
2022,0001058290,subsidiary,20231012093214NAL0020083539001,"BELCAN, LLC",311312684,001,BELCAN RETIREMENT SAVINGS PLAN,2E2F2G2J2K2S2T3H,4241.0,5664834.0,2023-10-12
2023,0001058290,subsidiary,20240925171641NAL0014722433001,"THIRDERA, LLC",541831241,001,"THIRDERA, LLC",2F2G2J2K2T3D2E,213.0,441841.0,2024-09-25
2023,0001058290,subsidiary,20241012164208NAL0024757841001,"BELCAN, LLC",311312684,001,BELCAN RETIREMENT SAVINGS PLAN,2E2F2G2J2K2S2T3H,4110.0,6940808.0,2024-10-12
2023,0001058290,name,20241014130837NAL0014975299001,COGNIZANT TECHNOLOGY SOLUTIONS,133924155,001,COGNIZANT TECHNOLOGY SOLUTIONS 401(K) SAVINGS PLAN,2E2F2G2J2K2T3D3H,35909.0,112210626.0,2024-10-14
2024,0001058290,name,20251015091306NAL0008793570001,COGNIZANT TECHNOLOGY SOLUTIONS,133924155,001,COGNIZANT TECHNOLOGY SOLUTIONS 401(K) SAVINGS PLAN,2E2F2G2J2K2T3D3H,38923.0,113833589.0,2025-10-15
2024,0001058290,subsidiary,20251015100803NAL0002124675001,"BELCAN, LLC",311312684,001,BELCAN RETIREMENT SAVINGS PLAN,2E2F2G2J2K2R2S2T3H,4017.0,4819113.0,2025-10-15
2022,0001059556,ein,20230915084635NAL0032861328001,MOODYS CORPORATION,133998945,002,PROFIT PARTICIPATION PLAN OF MOODY'S CORPORATION,2G2J2K2O2S2T2E2F3H,5095.0,50271611.0,2023-09-15
2022,0001059556,name,20231016172538NAL0051969040001,THE DUN & BRADSTREET CORPORATION,223725387,002,THE DUN & BRADSTREET CORPORATION 401(K) PLAN,2E2F2H2J2K2S2T,2496.0,10072698.0,2023-10-16
2023,0001059556,ein,20241008131627NAL0017633377001,MOODYS CORPORATION,133998945,002,PROFIT PARTICIPATION PLAN OF MOODY'S CORPORATION,2G2J2K2O2S2T2E2F,5247.0,45515659.0,2024-10-08
2023,0001059556,subsidiary,20241010142114NAL0021220849001,"NUMERATED GROWTH TECHNOLOGIES, INC.",820764149,001,NUMERATED GROWTH TECHNOLOGIES 401(K) PLAN,2E2F2G2J2T3D,65.0,259.0,2024-10-10
2023,0001059556,name,20241011113214NAL0038586432001,THE DUN & BRADSTREET CORPORATION,223725387,002,THE DUN & BRADSTREET CORPORATION 401(K) PLAN,2E2F2H2J2K2S2T,2439.0,9930823.0,2024-10-11
2024,0001059556,ein,20250926104359NAL0011702611001,MOODYS CORPORATION,133998945,002,PROFIT PARTICIPATION PLAN OF MOODY'S CORPORATION,2E2F2G2J2K2O2S2T,5221.0,65938039.0,2025-09-26
2024,0001059556,name,20251012175549NAL0000139603001,THE DUN & BRADSTREET CORPORATION,223725387,002,THE DUN & BRADSTREET CORPORATION 401(K) PLAN,2E2F2H2J2K2S2T,2239.0,9842905.0,2025-10-12
2022,0001060391,subsidiary,20231005160532NAL0013807539003,"CENTRAL TEXAS REFUSE, LLC",845138047,002,CENTRAL TEXAS REFUSE 401(K) PLAN,2E2F2G2J2K2T3D2S,108.0,335048.0,2023-10-05
2022,0001060391,ein,20231009105712NAL0016730339001,"REPUBLIC SERVICES, INC.",650716904,002,"REPUBLIC SERVICES, INC. EMPLOYEE SAVINGS PLAN",2E2F2G2J2K2T3H,331.0,903196.0,2023-10-09
2022,0001060391,ein,20231009110115NAL0026077585001,"REPUBLIC SERVICES, INC.",650716904,003,"REPUBLIC SERVICES, INC. 401(K) PLAN",2E2F2G2J2K2S2T3H,28131.0,70107329.0,2023-10-09
2022,0001060391,subsidiary,20231010130244NAL0018869907001,SHAMROCK ENVIRONMENTAL CORPORATION,561885383,001,SHAMROCK ENVIRONMENTAL CORPORATION RETIREMENT PLAN,2E2F2G2J2K2S2T3D3H,289.0,459123.0,2023-10-10
2022,0001060391,subsidiary,20231012104936NAL0021123843002,"US ECOLOGY, INC.",953889638,003,"US ECOLOGY, INC. 401(K) SAVINGS AND RETIREMENT PLAN",2F2G2J2K2S2T3D3H,2567.0,6445059.0,2023-10-12
2023,0001060391,subsidiary,20240923162518NAL0011626321001,ADVANCED CHEMICAL TRANSPORT LLC,522226818,001,ADVANCED CHEMICAL TRANSPORT INC,2E2F2G2J2K2S3D2T,700.0,1507866.0,2024-09-23
2023,0001060391,subsidiary,20240925102332NAL0014161969002,"CENTRAL TEXAS REFUSE, LLC",845138047,002,CENTRAL TEXAS REFUSE 401(K) PLAN,2E2F2G2J2K2T3D2S,176.0,361605.0,2024-09-25
2023,0001060391,subsidiary,20241002091105NAL0014016880001,SHAMROCK ENVIRONMENTAL CORPORATION,561885383,001,SHAMROCK ENVIRONMENTAL CORPORATION RETIREMENT PLAN,2E2F2G2J2K2S2T3D3H,244.0,521819.0,2024-10-02
2023,0001060391,ein,20241014135142NAL0046237968001,"REPUBLIC SERVICES, INC.",650716904,003,"REPUBLIC SERVICES, INC. 401(K) PLAN",2E2F2G2J2K2S2T3H,32629.0,81184598.0,2024-10-14
2024,0001060391,subsidiary,20251001155428NAL0014495936001,SHAMROCK ENVIRONMENTAL CORPORATION,561885383,001,SHAMROCK ENVIRONMENTAL CORPORATION RETIREMENT PLAN,2E2F2G2J2K2S2T3D,292.0,541186.0,2025-10-01
2024,0001060391,subsidiary,20251002092632NAL0000416704001,ADVANCED CHEMICAL TRANSPORT LLC,522226818,001,ADVANCED CHEMICAL TRANSPORT LLC RETIREMENT SAVINGS,2E2F2G2J2K2S2T3D,807.0,1642165.0,2025-10-02
2024,0001060391,ein,20251015061708NAL0008324946001,"REPUBLIC SERVICES, INC.",650716904,003,"REPUBLIC SERVICES, INC. 401(K) PLAN",2E2F2G2J2K2S2T3H,33316.0,88389865.0,2025-10-15
2022,0001063761,subsidiary,20231009193739NAL0036501616001,"SIMON PROPERTY GROUP, L.P.",341755769,002,SIMON PROPERTY GROUP AND ADOPTING ENTITIES MATCHING SAVINGS PLAN,2E2F2G2J2K3H,3390.0,11153782.0,2023-10-09
2023,0001063761,subsidiary,20240826145458NAL0020668002001,"SIMON PROPERTY GROUP, L.P.",341755769,002,SIMON PROPERTY GROUP AND ADOPTING ENTITIES MATCHING SAVINGS PLAN,2E2F2G2J2K3H,3474.0,12161041.0,2024-08-26
2024,0001063761,subsidiary,20250716115131NAL0003096353001,"SIMON PROPERTY GROUP, L.P.",341755769,002,SIMON PROPERTY GROUP AND ADOPTING ENTITIES MATCHING SAVINGS PLAN,2E2F2G2J2K3H,3223.0,12818474.0,2025-07-16
2022,0001065088,ein,20231011153005NAL0029807137001,EBAY INC.,770430924,001,EBAY INC. 401(K) SAVINGS PLAN,2K2T3H2E2F2G2J,6880.0,40253397.0,2023-10-11
2023,0001065088,ein,20241011194835NAL0012891923001,EBAY INC.,770430924,001,EBAY INC. 401(K) SAVINGS PLAN,2E2F2G2J2K2T3H,7588.0,44024477.0,2024-10-11
2024,0001065088,ein,20251007122541NAL0002664339001,EBAY INC.,770430924,001,EBAY INC. 401(K) SAVINGS PLAN,2F2G2J2K2T3H2E,7067.0,48537053.0,2025-10-07
2022,0001065280,ein,20231013131213NAL0021890035001,"NETFLIX, INC.",770467272,001,NETFLIX 401(K) PLAN,2F2G2J2K2R2T3D,7513.0,72081001.0,2023-10-13
2023,0001065280,ein,20241011151547NAL0044230194001,"NETFLIX, INC.",770467272,001,NETFLIX 401(K) PLAN,2F2G2J2K2T3D2R,7815.0,76225822.0,2024-10-11
2024,0001065280,ein,20250915135311NAL0001435840001,"NETFLIX, INC.",770467272,001,NETFLIX 401(K) PLAN,2F2G2J2K2T3D2R3H,8780.0,84027461.0,2025-09-15
2022,0001067983,subsidiary,20230623123557NAL0000193987001,BENJAMIN MOORE & CO.,135256230,003,BENJAMIN MOORE & CO. DEFERRED SAVINGS AND INVESTMENT PLAN,2E2F2G2J2K2S2T3H,1819.0,8110036.0,2023-06-23
2022,0001067983,subsidiary,20230629110828NAL0007646897001,"NEBRASKA FURNITURE MART, INC.",470428274,002,"THE NEBRASKA FURNITURE MART, INC. PROFIT SHARING PLAN",2A2E2F2G2J2K2S2T3D3H,4955.0,5975343.0,2023-06-29
2022,0001067983,subsidiary,20230725150415NAL0009753249001,GENERAL RE CORPORATION,061026471,002,EMPLOYEE SAVINGS AND STOCK OWNERSHIP PLAN OF GENERAL RE CORP AND ITS DOMESTIC SUBSIDIARIES,2H2J2K2P2S2T3H,1030.0,3281393.0,2023-07-25
2022,0001067983,subsidiary,20230726102630NAL0013503664001,JOHNS MANVILLE CORPORATION,840856796,005,JOHNS MANVILLE EMPLOYEES 401(K) PLAN,2K2S2T3H2E2F2G2J,5755.0,21638945.0,2023-07-26
2022,0001067983,subsidiary,20230726142300NAL0006618179001,"OTC BRANDS, INC.",274791180,002,"OTC BRANDS, INC. 401(K) RETIREMENT PLAN",2E2F2G2J2K2T3D3F3H,1032.0,1116242.0,2023-07-26
2022,0001067983,subsidiary,20230811115859NAL0039368912001,"ACME BUILDING BRANDS, INC.",752864968,014,ACME BRICK COMPANY 401(K) RETIREMENT & SAVINGS PLAN,2A2E2F2G2J2K2T,1771.0,1670247.0,2023-08-11
2022,0001067983,subsidiary,20230812083156NAL0017662515001,"SHAW INDUSTRIES GROUP, INC.",581032521,002,"SHAW INDUSTRIES GROUP, INC. RETIREMENT SAVINGS PLAN",2E2F2G2J2K2S2T3H,18966.0,37383700.0,2023-08-12
2022,0001067983,subsidiary,20230911071225NAL0019343329001,"CLAYTON HOMES, INC.",621671360,002,"CLAYTON HOMES, INC. 401(K) RETIREMENT PLAN",2E2F2G2J2K2S2T3H,19824.0,50725133.0,2023-09-11
2022,0001067983,subsidiary,20230914131851NAL0023453617001,LIQUIDPOWER SPECIALTY PRODUCTS INC.,736091775,001,LIQUIDPOWER SPECIALTY PRODUCTS INC. 401(K) AND PROFIT SHARING PLAN,2A2E2F2G2J2K2S2T3H3D,432.0,4334266.0,2023-09-14
2022,0001067983,subsidiary,20230915104746NAL0024245985001,BNSF RAILWAY COMPANY,416034000,006,BNSF RAILWAY COMPANY NON-SALARIED EMPLOYEES 401(K) RETIREMENT PLAN,2E2F2G2I2J2K2O2T3F3H,25966.0,9434383.0,2023-09-15
2022,0001067983,subsidiary,20230915105000NAL0017258099001,"BURLINGTON NORTHERN SANTA FE, LLC",271754839,002,BURLINGTON NORTHERN SANTA FE INVESTMENT AND RETIREMENT PLAN,2E2F2G2I2J2K2O2T3F3H,6551.0,44117502.0,2023-09-15
2022,0001067983,subsidiary,20230920162238NAL0001353875001,"RICHLINE GROUP, INC.",260232774,001,"RICHLINE GROUP, INC. 401(K) PROFIT SHARING PLAN",2E2F2G2J2K2S2T3D3H,956.0,1169060.0,2023-09-20
2022,0001067983,subsidiary,20230921083634NAL0001779955001,"JORDANS FURNITURE, INC.",943342606,001,JORDAN'S FURNITURE COMPANY 401K SAVINGS PLAN,2E2G2J2K2S2T,990.0,1896083.0,2023-09-21
2022,0001067983,subsidiary,20230922092409NAL0009073362001,STAR FURNITURE COMPANY,740920070,001,STAR FURNITURE 401(K) PLAN,2E2F2G2J2K2T3D,292.0,132408.0,2023-09-22
2022,0001067983,subsidiary,20230929045616NAL0026994482001,FECHHEIMER BROTHERS COMPANY,311000330,001,THE FECHHEIMER BROTHERS COMPANY PROFIT SHARING PLAN,2E2F2G2J2K2S2T3D3H,220.0,360961.0,2023-09-29
2022,0001067983,subsidiary,20231002101401NAL0034875938001,THE LUBRIZOL CORPORATION,340367600,003,THE LUBRIZOL CORPORATION EMPLOYEES' PROFIT SHARING AND SAVINGS PLAN,2E2F2G2J2K2R2S2T3H2A,4289.0,47949075.0,2023-10-02
2022,0001067983,subsidiary,20231003091609NAL0024648384001,"INTERNATIONAL DAIRY QUEEN, INC.",522066843,001,"INTERNATIONAL DAIRY QUEEN, INC. RETIREMENT SAVINGS PLAN",2E2F2G2J2K2S2T3D,391.0,1417814.0,2023-10-03
2022,0001067983,subsidiary,20231004114401NAL0013338339001,"BUSINESS WIRE, INC.",204146409,002,BUSINESS WIRE 401(K) SAVINGS TRUST,2E2F2G2J2K3D3F3H,369.0,2195669.0,2023-10-04
2022,0001067983,subsidiary,20231004115446NAL0013343699001,"BORSHEIM JEWELRY COMPANY, INC.",470546003,001,BORSHEIM JEWELRY COMPANY 401(K) SAVINGS PLAN,2S2E3D2G2J2K2F2T3H,183.0,456523.0,2023-10-04
2022,0001067983,subsidiary,20231006103727NAL0023006561001,"THE PAMPERED CHEF, LTD.",363269007,001,THE PAMPERED CHEF 401(K) PLAN,2E2F2G2J2K2S2T3D3H,294.0,944573.0,2023-10-06
2022,0001067983,subsidiary,20231006122457NAL0022710753001,"H.H. BROWN SHOE COMPANY, INC.",041127910,002,"H.H. BROWN SHOE COMPANY, INC. UNION EMPLOYEES 401(K) SAVINGS PLAN",2E2F2G2J2K2T3D3H,169.0,47305.0,2023-10-06
2022,0001067983,subsidiary,20231006162828NAL0014899027001,"BEN BRIDGE JEWELER, INC.",910695728,001,BEN BRIDGE RETIREMENT SAVINGS PLAN,2E2F2G2J2K2R2S2T3D,412.0,752629.0,2023-10-06
2022,0001067983,subsidiary,20231006163815NAL0014913683001,"BH SHOE HOLDINGS, INC",061355982,002,"BH SHOE HOLDINGS, INC. INVESTMENT AND RETIREMENT PLAN (401(K) PLAN FOR NON UNION EMPLOYEES)",2E2F2G2J2K2S2T3D3H,1005.0,1728626.0,2023-10-06
2022,0001067983,subsidiary,20231009093927NAL0025976609001,"PILOT TRAVEL CENTERS, LLC",341953155,001,PILOT TRAVEL CENTERS LLC 401(K) PLAN,2E2F2G2J2K2S2T3D3F3H,24256.0,16070707.0,2023-10-09
2022,0001067983,subsidiary,20231009175053NAL0018152227001,NATIONAL INDEMNITY COMPANY,470355979,001,NATIONAL INDEMNITY COMPANY EMPLOYEE RETIREMENT AND SAVINGS PLAN,2E2F2G2J2K2S2T3D3F3H,2749.0,10249608.0,2023-10-09
2022,0001067983,subsidiary,20231009183013NAL0035871968001,"NETJETS AVIATION, INC.",310682096,001,"NETJETS AVIATION, INC. 401(K) RETIREMENT PLAN",2E2F2G2J2K2S2T3D3H,3128.0,72183378.0,2023-10-09
2022,0001067983,subsidiary,20231009183146NAL0035872896001,NETJETS INC.,510383060,001,NETJETS INC. 401(K) PLAN,2F2G2J2K2R2S2T3D3H,2587.0,19065595.0,2023-10-09
2022,0001067983,subsidiary,20231009195025NAL0036004592001,CORT BUSINESS SERVICES CORPORATION,141543982,001,CORT 401(K) RETIREMENT SAVINGS PLAN,2F2G2J2K2S2T3H3D2R,1975.0,1936432.0,2023-10-09
2022,0001067983,subsidiary,20231010165455NAL0037773104001,MEDPRO GROUP,351620927,001,MEDPRO GROUP 401(K) & PROFIT SHARING PLAN,2E2F2G2J2K2T3H3D2R,1150.0,10531968.0,2023-10-10
2022,0001067983,subsidiary,20231010194448NAL0018512099001,"SEE'S CANDIES, INC.",940852350,004,SEE'S RETIREMENT PLAN,2E2F2G2J2T3D,1469.0,4218995.0,2023-10-10
2022,0001067983,subsidiary,20231011090459NAL0059508786001,LARSON-JUHL US LLC,582398627,001,LARSON-JUHL RETIREMENT INVESTMENT PLAN,2E2F2G2J2K2S2T3B3H3D,339.0,290761.0,2023-10-11
2022,0001067983,subsidiary,20231011185845NAL0020635811001,"BROOKS SPORTS, INC.",911580860,002,BROOKS SAVE HAPPY 401(K) PLAN,2E2F2G2J2S2T3D3H,804.0,2856553.0,2023-10-11
2022,0001067983,subsidiary,20231012110939NAL0031691425001,UNITED STATES LIABILITY INSURANCE COMPANY,231383313,001,UNITED STATES LIABILITY INSURANCE COMPANY EMPLOYEES' PROFIT SHARING PLAN,2A2E3D3H,1322.0,17257630.0,2023-10-12
2022,0001067983,subsidiary,20231012180621NAL0032030481001,"UNION UNDERWEAR COMPANY, INC",611411269,004,FRUIT OF THE LOOM 401(K) RETIREMENT SAVINGS PLAN,2E2F2G2J2K2S2T3H,1770.0,5840126.0,2023-10-12
2022,0001067983,subsidiary,20231013104129NAL0033001617001,"CAPSPECIALTY, INC.",391052658,002,"CAPSPECIALTY, INC. 401(K) PLAN",2E2F2G2J2K2S2T3D3H,324.0,1957774.0,2023-10-13
2022,0001067983,subsidiary,20231013105323NAL0033023361001,W&W-AFCO STEEL LLC,352530653,003,"HIRSCHFELD HOLDINGS, LP EMPLOYEE SAVINGS PLAN",2E2F2G2J2K2S2T3B3H3D,699.0,1068152.0,2023-10-13
2022,0001067983,subsidiary,20231013105420NAL0033643217001,W&W-AFCO STEEL LLC,352530653,002,W&W STEEL 401(K) SAVINGS PLAN,2E2F2G2J2K2S2T3B3H3D,483.0,1308730.0,2023-10-13
2022,0001067983,subsidiary,20231013112825NAL0021712531001,"KAHN VENTURES, INC.",581360668,002,"KAHN VENTURES, INC. 401(K) PLAN",2A2E2F2G2J2K2S2T3D3H,1708.0,5962199.0,2023-10-13
2022,0001067983,subsidiary,20231013144853NAL0022134483001,"FOREST RIVER, INC.",203284366,001,"FOREST RIVER, INC. 401(K) PLAN",2E2F2G2J2K2T3H3D,12631.0,0.0,2023-10-13
2022,0001067983,subsidiary,20231013153141NAL0022238947001,"TRANSATLANTIC HOLDINGS, INC.",800795986,001,TRANSRE RETIREMENT ACCUMULATION PLAN,2E2F2G2T3H,382.0,1356062.0,2023-10-13
2022,0001067983,subsidiary,20231013153334NAL0022244739001,"TRANSATLANTIC HOLDINGS, INC.",800795986,002,TRANSRE INCENTIVE RETIREMENT PLAN,2E2F2G2J2K2T3D3H2S,416.0,3127273.0,2023-10-13
2022,0001067983,subsidiary,20231013160113NAL0068082722001,"MCLANE COMPANY, INC.",741478631,001,"MCLANE COMPANY, INC. PROFIT SHARING PLAN",2E2F2G2J2K2S2T3H,23152.0,34487650.0,2023-10-13
2022,0001067983,subsidiary,20231013161048NAL0068128946001,W&W-AFCO STEEL LLC,352530653,001,AFCO STEEL 401(K) SAVINGS PLAN,2E2F2G2J2K2S2T3B3H3D,521.0,1935537.0,2023-10-13
2022,0001067983,subsidiary,20231014114157NAL0047171728001,WESTGUARD INSURANCE COMPANY,061678760,001,BERKSHIRE HATHAWAY GUARD PROFIT SHARING/401(K) PLAN,2E2F2G2J2K2S2T3D3H,1309.0,4866824.0,2023-10-14
2022,0001067983,subsidiary,20231016082336NAL0074961298001,"MARMON HOLDINGS, INC.",363104690,001,MARMON EMPLOYEES' RETIREMENT PLAN,2E2F2G2J2K2T3F3H,11281.0,51289401.0,2023-10-16
2022,0001067983,subsidiary,20231016083451NAL0050010416001,MARMON ENGINEERED COMPONENTS COMPANY,320023596,001,MARMON CONSOLIDATED RETIREMENT PLAN,2A2E2F2G2J2K2T3H,2983.0,5184667.0,2023-10-16
2022,0001067983,subsidiary,20231016085110NAL0024374739001,HOMEMAKERS PLAZA INC,954830456,002,HOMEMAKERS PLAZA INC. 401K PLAN,2E2F2G2J2K2S2T3D,289.0,319936.0,2023-10-16
2022,0001067983,subsidiary,20231016120459NAL0037701121001,PRECISION CASTPARTS CORP.,930460598,004,PRECISION CASTPARTS CORP. 401(K) RETIREMENT SAVINGS PLAN,2F2G2J2K2T3F3H2E,16687.0,44157512.0,2023-10-16
2022,0001067983,subsidiary,20231016123043NAL0024772003001,"BELL LABORATORIES, INC.",391204865,002,"RETIREMENT SAVINGS PLAN OF BELL LABORATORIES, INC.",2E2F2G2J2K2S2T3D,430.0,1873754.0,2023-10-16
2022,0001067983,subsidiary,20231016145715NAL0076573026001,"DURACELL U.S. OPERATIONS, INC.",474217945,001,DURACELL RETIREMENT & SAVINGS PLAN,2A2E2F2G2J2K2T3H,1546.0,12148120.0,2023-10-16
2022,0001067983,subsidiary,20231016150030NAL0025923779001,BERKSHIRE PRODUCTION SUPPLY LLC,202178725,003,BERKSHIRE PRODUCTION SUPPLY 401(K) PROFIT SHARING PLAN,2E2F2G2J2K2T3D3H,465.0,1221743.0,2023-10-16
2022,0001067983,subsidiary,20231016162956NAL0025429123001,"JAZWARES, LLC",510388825,001,"JAZWARES, LLC SAFE HARBOR 401(K) PLAN",2A2E2F2G2J2K2T3D,731.0,1456480.0,2023-10-16
2022,0001067983,subsidiary,20231020154117NAL0002182833001,"CHARTER BROKERAGE, LLC",050562792,004,"CHARTER BROKERAGE, LLC 401(K) PROFIT SHARING PLAN",2A2E2F2G2J2R2T3D3H,162.0,1279562.0,2023-10-20
2022,0001067983,subsidiary,20231121091642NAL0000332739001,"INGERSOLL CUTTING TOOL COMPANY, INC.",752908703,001,INGERSOLL CUTTING TOOL 401(K) PLAN,2E2F2G2J2K3D3H,391.0,929107.0,2023-11-21
2022,0001067983,subsidiary,20231215172138NAL0059240194001,"SEE'S CANDY SHOPS, INC.",951205740,001,SEE'S PROFIT SHARING PLAN,2E2H2T3D,507.0,1361014.0,2023-12-15
2022,0001067983,subsidiary,20240122152656NAL0005984563001,"IPS-INTEGRATED PROJECT SERVICES, LLC",232561581,001,IPS & AFFILIATES 401(K) PLAN,2E2G2J2K2S2T3D3H,1036.0,5289869.0,2024-01-22
2022,0001067983,subsidiary,20251010181233NAL0004448467001,MIDAMERICAN ENERGY COMPANY,421425214,002,MIDAMERICAN ENERGY COMPANY RETIREMENT SAVINGS PLAN,2E2F2G2J2K2R2T3H,5056.0,47970818.0,2025-10-10
2022,0001067983,subsidiary,20251013205230NAL0004160754001,"HOMESERVICES OF AMERICA, INC",411945806,010,HOMESERVICES RETIREMENT SAVINGS PLAN,2E2F2G2J2K2R2S2T3H,4584.0,11307291.0,2025-10-13
2023,0001067983,subsidiary,20240619085857NAL0008319938001,JOHNS MANVILLE CORPORATION,840856796,005,JOHNS MANVILLE EMPLOYEES 401(K) PLAN,2K2S2T3H2E2F2G2J,5727.0,27092639.0,2024-06-19
2023,0001067983,subsidiary,20240626122132NAL0005417315001,"NEBRASKA FURNITURE MART, INC.",470428274,002,"THE NEBRASKA FURNITURE MART, INC. PROFIT SHARING PLAN",2A2E2F2G2J2K2S2T3D3H,4880.0,6415422.0,2024-06-26
2023,0001067983,subsidiary,20240628203952NAL0001451121001,GENERAL RE CORPORATION,061026471,002,EMPLOYEE SAVINGS AND STOCK OWNERSHIP PLAN OF GENERAL RE CORP AND ITS DOMESTIC SUBSIDIARIES,2H2J2K2P2S2T3H,1060.0,10445405.0,2024-06-28
2023,0001067983,subsidiary,20240730071540NAL0031196416001,"ACME BUILDING BRANDS, INC.",752864968,014,ACME BRICK COMPANY 401(K) RETIREMENT & SAVINGS PLAN,2A2E2F2G2J2K2T,1893.0,1799772.0,2024-07-30
2023,0001067983,subsidiary,20240731152331NAL0012822931001,"OTC BRANDS, INC.",274791180,002,"OTC BRANDS, INC. 401(K) RETIREMENT PLAN",2E2F2G2J2K2T3D3F3H,1070.0,1168182.0,2024-07-31
2023,0001067983,subsidiary,20240807144029NAL0003633473001,LIQUIDPOWER SPECIALTY PRODUCTS INC.,736091775,001,LIQUIDPOWER SPECIALTY PRODUCTS INC. 401(K) AND PROFIT SHARING PLAN,2F2G2A2J2K2S2T3D3H2E,459.0,5366820.0,2024-08-07
2023,0001067983,subsidiary,20240809164209NAL0011407616001,BENJAMIN MOORE & CO.,135256230,003,BENJAMIN MOORE & CO. DEFERRED SAVINGS AND INVESTMENT PLAN,2E2F2G2J2K2S2T3H,1765.0,9017500.0,2024-08-09
2023,0001067983,subsidiary,20240816083407NAL0014060337001,"THE PAMPERED CHEF, LTD.",363269007,001,THE PAMPERED CHEF 401(K) PLAN,2E2F2G2J2K2S2T3D3H,277.0,863759.0,2024-08-16
2023,0001067983,subsidiary,20240820120026NAL0001441171001,"CLAYTON HOMES, INC.",621671360,002,"CLAYTON HOMES, INC. 401(K) RETIREMENT PLAN",2F2G2J2K2S2T3H2E,18297.0,51815875.0,2024-08-20
2023,0001067983,subsidiary,20240823135441NAL0006476945001,"INTERNATIONAL DAIRY QUEEN, INC.",522066843,001,"INTERNATIONAL DAIRY QUEEN, INC. RETIREMENT SAVINGS PLAN",2E2F2G2J2K2S2T3D,396.0,1507077.0,2024-08-23
2023,0001067983,subsidiary,20240906154207NAL0001310529001,"BORSHEIM JEWELRY COMPANY, INC.",470546003,001,BORSHEIM JEWELRY COMPANY 401(K) SAVINGS PLAN,2S2E3D2G2J2K2F2T3H,195.0,469654.0,2024-09-06
2023,0001067983,subsidiary,20240909123838NAL0005471361001,"BH SHOE HOLDINGS, INC",061355982,002,"BH SHOE HOLDINGS, INC. INVESTMENT AND RETIREMENT PLAN (401(K) PLAN FOR NON UNION EMPLOYEES)",2E2F2G2J2K2S2T3D3H,1056.0,1759380.0,2024-09-09
2023,0001067983,subsidiary,20240913153943NAL0011884993001,NATIONAL INDEMNITY COMPANY,470355979,001,NATIONAL INDEMNITY COMPANY EMPLOYEE RETIREMENT AND SAVINGS PLAN,2E2F2G2J2K2S2T3D3F3H,3075.0,11891933.0,2024-09-13
2023,0001067983,subsidiary,20240918145759NAL0004743681001,"BEN BRIDGE JEWELER, INC.",910695728,001,BEN BRIDGE RETIREMENT SAVINGS PLAN,2E2F2G2J2K2R2S2T3D,426.0,599415.0,2024-09-18
2023,0001067983,subsidiary,20240919125247NAL0002353219001,LARSON-JUHL US LLC,582398627,001,LARSON-JUHL RETIREMENT INVESTMENT PLAN,2E2F2G2J2K2S2T3B3D3H,296.0,317761.0,2024-09-19
2023,0001067983,subsidiary,20240920114239NAL0007427633003,"RICHLINE GROUP, INC.",260232774,001,"RICHLINE GROUP, INC. 401(K) PROFIT SHARING PLAN",2E2F2G2J2K2S2T3D3H,999.0,1162340.0,2024-09-20
2023,0001067983,subsidiary,20240920132929NAL0013200608001,STAR FURNITURE COMPANY,740920070,001,STAR FURNITURE 401(K) PLAN,2E2J2K2T3D2F2G,277.0,67103.0,2024-09-20
2023,0001067983,subsidiary,20241001125435NAL0007076609001,"SHAW INDUSTRIES GROUP, INC.",581032521,002,"SHAW INDUSTRIES GROUP, INC. RETIREMENT SAVINGS PLAN",2E2F2G2J2K2S2T3H,17692.0,36126363.0,2024-10-01
2023,0001067983,subsidiary,20241002084700NAL0008540881001,FECHHEIMER BROTHERS COMPANY,311000330,001,THE FECHHEIMER BROTHERS COMPANY PROFIT SHARING PLAN,2E2F2G2J2K2S2T3D3H,232.0,364770.0,2024-10-02
2023,0001067983,subsidiary,20241002110011NAL0017015426001,"JORDANS FURNITURE, INC.",943342606,001,JORDAN'S FURNITURE COMPANY 401K SAVINGS PLAN,2E2G2J2K2S2T,1015.0,1908528.0,2024-10-02
2023,0001067983,subsidiary,20241002142145NAL0004079379001,"UNION UNDERWEAR COMPANY, INC",611411269,004,FRUIT OF THE LOOM 401(K) RETIREMENT SAVINGS PLAN,2E2F2G2J2K2S2T3H,1542.0,4701307.0,2024-10-02
2023,0001067983,subsidiary,20241003145453NAL0010684433001,CORT BUSINESS SERVICES CORPORATION,141543982,001,CORT 401(K) RETIREMENT SAVINGS PLAN,2F2G2J2K2S2T3H3D2R,2106.0,2587873.0,2024-10-03
2023,0001067983,subsidiary,20241003183133NAL0010330977001,"BROOKS SPORTS, INC.",911580860,002,BROOKS SAVE HAPPY 401(K) PLAN,2E2F2G2J2S2T3D3H,808.0,3322321.0,2024-10-03
2023,0001067983,subsidiary,20241004103244NAL0019456624001,UNITED STATES LIABILITY INSURANCE COMPANY,231383313,001,UNITED STATES LIABILITY INSURANCE COMPANY EMPLOYEES' PROFIT SHARING PLAN,2A2E3D3H,1428.0,19087517.0,2024-10-04
2023,0001067983,subsidiary,20241004145959NAL0005783203001,W&W-AFCO STEEL LLC,352530653,001,AFCO STEEL 401(K) SAVINGS PLAN,2E2F2G2J2K2S2T3B3H3D,539.0,2292402.0,2024-10-04
2023,0001067983,subsidiary,20241004162536NAL0012432865001,MEDPRO GROUP,351620927,001,MEDPRO GROUP 401(K) & PROFIT SHARING PLAN,2F2G2J2K2T3H3D2R2E,1295.0,12207772.0,2024-10-04
2023,0001067983,subsidiary,20241007212732NAL0009193635001,"CAPSPECIALTY, INC.",391052658,002,"CAPSPECIALTY, INC. 401(K) PLAN",2E2F2G2J2K2S2T3D3H,321.0,1937560.0,2024-10-07
2023,0001067983,subsidiary,20241008100531NAL0028313520001,THE LUBRIZOL CORPORATION,340367600,003,THE LUBRIZOL CORPORATION EMPLOYEES PROFIT SHARING AND SAVINGS PLAN,2E2F2G2J2K2R2S2T3H2A,4082.0,47118488.0,2024-10-08
2023,0001067983,subsidiary,20241009081809NAL0018903425001,"MCLANE COMPANY, INC.",741478631,001,"MCLANE COMPANY, INC. PROFIT SHARING PLAN",2E2F2G2J2K2S2T3H,22143.0,37509983.0,2024-10-09
2023,0001067983,subsidiary,20241009090909NAL0010460755001,W&W-AFCO STEEL LLC,352530653,003,"HIRSCHFELD HOLDINGS, LP EMPLOYEE SAVINGS PLAN",2E2F2G2J2K2S2T3B3D,702.0,1343141.0,2024-10-09
2023,0001067983,subsidiary,20241009100205NAL0018985985001,"HOMEMAKERS PLAZA, INC.",954830456,002,"HOMEMAKERS PLAZA, INC. 401(K) PLAN",2A2F2K2T2E2G2J2S3D,304.0,380704.0,2024-10-09
2023,0001067983,subsidiary,20241010093525NAL0009861923001,BNSF RAILWAY COMPANY,416034000,006,BNSF RAILWAY COMPANY NON-SALARIED EMPLOYEES 401(K) RETIREMENT PLAN,2E2F2G2I2J2K2O2T3F3H,27055.0,11662033.0,2024-10-10
2023,0001067983,subsidiary,20241010093816NAL0011340723001,"BURLINGTON NORTHERN SANTA FE, LLC",271754839,002,BURLINGTON NORTHERN SANTA FE INVESTMENT AND RETIREMENT PLAN,2E2F2G2I2J2K2O2T3F3H,6424.0,49921968.0,2024-10-10
2023,0001067983,subsidiary,20241010104653NAL0020845521001,"BELL LABORATORIES, INC.",391204865,002,"RETIREMENT SAVINGS PLAN OF BELL LABORATORIES, INC.",2E2F2G2J2K2S2T3D,453.0,2110299.0,2024-10-10
2023,0001067983,subsidiary,20241011080103NAL0022378513001,W&W-AFCO STEEL LLC,352530653,002,W&W STEEL 401(K) SAVINGS PLAN,2E2F2G2J2K2S2T3B3H3D,507.0,1560708.0,2024-10-11
2023,0001067983,subsidiary,20241011092308NAL0022477121001,"INGERSOLL CUTTING TOOL COMPANY, INC.",752908703,001,INGERSOLL CUTTING TOOL 401(K) PLAN,2E2F2G2J2K3D3H,421.0,961529.0,2024-10-11
2023,0001067983,subsidiary,20241011094934NAL0021620561001,"TRANSATLANTIC HOLDINGS, INC.",800795986,001,TRANSRE RETIREMENT ACCUMULATION PLAN,2E2F2G2T3H,390.0,1249027.0,2024-10-11
2023,0001067983,subsidiary,20241011172043NAL0022426753001,"BUSINESS WIRE, INC.",204146409,002,BUSINESS WIRE 401K SAVINGS TRUST,2E3D2G2J2K2F2T,323.0,2065064.0,2024-10-11
2023,0001067983,subsidiary,20241014085120NAL0051604578001,WESTGUARD INSURANCE COMPANY,061678760,001,BERKSHIRE HATHAWAY GUARD PROFIT SHARING/401(K) PLAN,2E2F2G2J2K2S2T3D3H,1371.0,2807751.0,2024-10-14
2023,0001067983,subsidiary,20241014090741NAL0013037875001,"MARMON HOLDINGS, INC",363104690,001,MARMON EMPLOYEES' RETIREMENT PLAN,2E2F2G2J2K2T3F3H,12036.0,56407650.0,2024-10-14
2023,0001067983,subsidiary,20241014105709NAL0025984513001,MARMON ENGINEERED COMPONENTS COMPANY,320023596,001,MARMON CONSOLIDATED RETIREMENT PLAN,2A2E2F2G2J2K2T3H,4022.0,6726154.0,2024-10-14
2023,0001067983,subsidiary,20241014115554NAL0044396272001,"CHARTER BROKERAGE, LLC",050562792,004,"CHARTER BROKERAGE, LLC 401(K) PROFIT SHARING PLAN",2A2E2F2G2J2R2T3D3H,173.0,1428220.0,2024-10-14
2023,0001067983,subsidiary,20241014123519NAL0044500720001,"DURACELL U.S. OPERATIONS, INC.",474217945,001,DURACELL RETIREMENT & SAVINGS PLAN,2A2E2F2G2J2K2T3H,1628.0,14342811.0,2024-10-14
2023,0001067983,subsidiary,20241014154239NAL0026608529001,PRECISION CASTPARTS CORP.,930460598,004,PRECISION CASTPARTS CORP. 401(K) RETIREMENT SAVINGS PLAN,2F2G2J2K2T3F3H2E,17047.0,52625786.0,2024-10-14
2023,0001067983,subsidiary,20241015082111NAL0027819873001,"FOREST RIVER, INC.",203284366,001,"FOREST RIVER, INC. 401(K) PLAN",2E2F2G2J2K2T3H3D,11867.0,0.0,2024-10-15
2023,0001067983,subsidiary,20241015124220NAL0016414259001,"PILOT TRAVEL CENTERS, LLC",341953155,001,PILOT TRAVEL CENTERS LLC 401(K) PLAN,2E2F2G2J2K2T3D3F3H,26508.0,20582474.0,2024-10-15
2023,0001067983,subsidiary,20241015130457NAL0028512289002,"NETJETS AVIATION, INC.",310682096,001,"NETJETS AVIATION, INC. 401(K) RETIREMENT PLAN",2E2F2G2J2K2S2T3D3H,3522.0,78312649.0,2024-10-15
2023,0001067983,subsidiary,20241015130457NAL0028512289003,NETJETS INC.,510383060,001,NETJETS INC. 401(K) PLAN,2F2G2J2K2R2S2T3D3H,2951.0,23653027.0,2024-10-15
2023,0001067983,subsidiary,20241015142823NAL0048397856001,"SEE'S CANDIES, INC.",940852350,004,SEE'S RETIREMENT PLAN,2E2F2G2J2T3D,1397.0,4783725.0,2024-10-15
2023,0001067983,subsidiary,20241015145257NAL0016677635001,BERKSHIRE PRODUCTION SUPPLY LLC,202178725,003,BERKSHIRE PRODUCTION SUPPLY 401(K) PROFIT SHARING PLAN,2E2F2G2J2K2T3D3H,560.0,1394498.0,2024-10-15
2023,0001067983,subsidiary,20241015194913NAL0029530321001,"IPS- INTEGRATED PROJECT SERVICES, LLC",232561581,001,IPS & AFFILIATES 401(K) PLAN,2E2G2J2K2S2T3H3D,1371.0,6687821.0,2024-10-15
2023,0001067983,subsidiary,20241213160751NAL0013883889001,"SEE'S CANDY SHOPS, INC.",951205740,001,SEE'S PROFIT SHARING PLAN,2E2H2T3D3H,517.0,1692440.0,2024-12-13
2023,0001067983,subsidiary,20241219144900NAL0005044865001,"KAHN VENTURES, INC.",581360668,002,"KAHN VENTURES, INC. 401(K) PLAN",2A2E2F2G2J2K2S2T3D3H,1770.0,6302215.0,2024-12-19
2023,0001067983,subsidiary,20250501154405NAL0004874240001,"JAZWARES, LLC",510388825,001,"JAZWARES, LLC SAFE HARBOR 401(K) PLAN",2A2E2F2G2J2K2T3D,844.0,1984707.0,2025-05-01
2023,0001067983,subsidiary,20251013203724NAL0004137394001,"HOMESERVICES OF AMERICA, INC",411945806,010,HOMESERVICES RETIREMENT SAVINGS PLAN,2E2F2G2J2K2R2S2T3H,5900.0,17410202.0,2025-10-13
2024,0001067983,subsidiary,20250613162805NAL0018034289001,JOHNS MANVILLE CORPORATION,840856796,005,JOHNS MANVILLE EMPLOYEES 401(K) PLAN,2K2S2T3H2E2F2G2J,5957.0,28694163.0,2025-06-13
2024,0001067983,subsidiary,20250618085455NAL0005434626001,"NEBRASKA FURNITURE MART, INC.",470428274,002,"THE NEBRASKA FURNITURE MART, INC. PROFIT SHARING PLAN",2A2E2F2G2J2K2S2T3D3H,4640.0,6862696.0,2025-06-18
2024,0001067983,subsidiary,20250626082915NAL0005058531002,GENERAL RE CORPORATION,061026471,002,EMPLOYEE SAVINGS AND STOCK OWNERSHIP PLAN OF GENERAL RE CORP AND ITS DOMESTIC SUBSIDIARIES,2H2J2K2P2S2T3H,1085.0,9354939.0,2025-06-26
2024,0001067983,subsidiary,20250716100100NAL0003018065003,BENJAMIN MOORE & CO.,135256230,003,BENJAMIN MOORE & CO. DEFERRED SAVINGS AND INVESTMENT PLAN,2E2F2G2J2K2S2T3H,1799.0,10413904.0,2025-07-16
2024,0001067983,subsidiary,20250723111636NAL0003357681001,"BH SHOE HOLDINGS, INC",061355982,002,"BH SHOE HOLDINGS, INC. INVESTMENT AND RETIREMENT PLAN (401(K) PLAN FOR NON UNION EMPLOYEES)",2E2F2G2J2K2S2T3D3H,952.0,1858788.0,2025-07-23
2024,0001067983,subsidiary,20250730134558NAL0005712912001,"OTC BRANDS, INC.",274791180,002,"OTC BRANDS, INC. 401(K) RETIREMENT PLAN",2E2F2G2J2K2T3D3F3H,971.0,1208462.0,2025-07-30
2024,0001067983,subsidiary,20250820125754NAL0003254305001,"CLAYTON HOMES, INC.",621671360,002,"CLAYTON HOMES, INC. 401(K) RETIREMENT PLAN",2F2G2J2K2S2T3H2E,22418.0,57355603.0,2025-08-20
2024,0001067983,subsidiary,20250902132129NAL0024493856001,UNITED STATES LIABILITY INSURANCE COMPANY,231383313,001,UNITED STATES LIABILITY INSURANCE COMPANY EMPLOYEES' PROFIT SHARING PLAN,2A2E3D3H,1493.0,21091021.0,2025-09-02
2024,0001067983,subsidiary,20250903115041NAL0015152609001,"RICHLINE GROUP, INC.",260232774,001,"RICHLINE GROUP, INC. 401(K) PROFIT SHARING PLAN",2E2F2G2J2K2S2T3D3H,903.0,1033952.0,2025-09-03
2024,0001067983,subsidiary,20250908091252NAL0019171889001,"INTERNATIONAL DAIRY QUEEN, INC.",522066843,001,"INTERNATIONAL DAIRY QUEEN, INC. RETIREMENT SAVINGS PLAN",2E2F2G2J2K2S2T3D3H,424.0,1853465.0,2025-09-08
2024,0001067983,subsidiary,20250909135318NAL0020307777001,"JORDANS FURNITURE, INC.",943342606,001,JORDAN'S FURNITURE COMPANY 401K SAVINGS PLAN,2E2G2J2K2S2T,983.0,1843030.0,2025-09-09
2024,0001067983,subsidiary,20250916103755NAL0001788769001,"THE PAMPERED CHEF, LTD.",363269007,001,THE PAMPERED CHEF 401(K) PLAN,2E2F2G2J2K2S2T3D3H,272.0,905030.0,2025-09-16
2024,0001067983,subsidiary,20250916132835NAL0001337155001,"SHAW INDUSTRIES GROUP, INC.",581032521,002,"SHAW INDUSTRIES GROUP, INC. RETIREMENT SAVINGS PLAN",2E2F2G2J2K2S2T3H,16672.0,35676044.0,2025-09-16
2024,0001067983,subsidiary,20250922125658NAL0002145987001,"SEE'S CANDIES, INC.",940852350,004,SEE'S RETIREMENT PLAN,2E2F2G2J2K2T3D,1672.0,5161623.0,2025-09-22
2024,0001067983,subsidiary,20250922140515NAL0012462578001,"SEE'S CANDY SHOPS, INC.",951205740,001,SEE'S PROFIT SHARING PLAN,2E2H2T3D3H,626.0,1925155.0,2025-09-22
2024,0001067983,subsidiary,20250924102040NAL0006622785001,"HOMEMAKERS PLAZA, INC.",954830456,002,"HOMEMAKERS PLAZA, INC. 401(K) PLAN",2A2F2K2T2E2G2J2S3D,320.0,397367.0,2025-09-24
2024,0001067983,subsidiary,20250924144110NAL0009356627001,FECHHEIMER BROTHERS COMPANY,311000330,001,THE FECHHEIMER BROTHERS COMPANY PROFIT SHARING PLAN,2E2F2G2J2K2S2T3D3H,248.0,405900.0,2025-09-24
2024,0001067983,subsidiary,20250924151107NAL0010787986001,"BROOKS SPORTS, INC.",911580860,002,BROOKS 401(K) RETIREMENT SAVINGS PLAN,2E2F2G2J2S2T3D3H,877.0,3726529.0,2025-09-24
2024,0001067983,subsidiary,20250924151937NAL0009389971001,MEDPRO GROUP,351620927,001,MEDPRO GROUP 401(K) & PROFIT SHARING PLAN,2F2G2J2K2T3H2E3D2R,1276.0,13531867.0,2025-09-24
2024,0001067983,subsidiary,20250925090813NAL0019033906001,LIQUIDPOWER SPECIALTY PRODUCTS INC.,736091775,001,LIQUIDPOWER SPECIALTY PRODUCTS INC. 401(K) AND PROFIT SHARING PLAN,2A2E2F2G2J2K2S2T3D3H,485.0,5849103.0,2025-09-25
2024,0001067983,subsidiary,20250929122700NAL0005023251001,NATIONAL INDEMNITY COMPANY,470355979,001,NATIONAL INDEMNITY COMPANY EMPLOYEE RETIREMENT AND SAVINGS PLAN,2E2F2G2J2K2S2T3D3F3H,3352.0,13208085.0,2025-09-29
2024,0001067983,subsidiary,20251002152211NAL0000645633001,"CHARTER BROKERAGE, LLC",050562792,004,"CHARTER BROKERAGE, LLC 401(K) PROFIT SHARING PLAN",2A2E2F2G2J2R2T3D3H,168.0,1523997.0,2025-10-02
2024,0001067983,subsidiary,20251007164914NAL0002617907001,"BELL LABORATORIES, INC.",391204865,002,"RETIREMENT SAVINGS PLAN OF BELL LABORATORIES, INC.",2E2F2G2J2K2S2T3D,464.0,2467676.0,2025-10-07
2024,0001067983,subsidiary,20251008084334NAL0002864947001,CORT BUSINESS SERVICES CORPORATION,141543982,001,CORT 401(K) RETIREMENT SAVINGS PLAN,2F2G2J2K2S2T3H3D2R,2225.0,2867799.0,2025-10-08
2024,0001067983,subsidiary,20251008094240NAL0009487248001,PILOT TRAVEL CENTERS LLC,341953155,001,PILOT TRAVEL CENTERS LLC 401(K) PLAN,2E2F2G2J2K2T3C3D3F3H,29888.0,22566717.0,2025-10-08
2024,0001067983,subsidiary,20251008150025NAL0010019312001,STAR FURNITURE COMPANY,740920070,001,STAR FURNITURE 401(K) PLAN,2E2F2G2J2K2T3D,261.0,98766.0,2025-10-08
2024,0001067983,subsidiary,20251009083559NAL0006299809001,"KAHN VENTURES, INC.",581360668,002,"KAHN VENTURES, INC. 401(K) PLAN",2A2E2F2G2J2K2S2T3D3H,1775.0,5999612.0,2025-10-09
2024,0001067983,subsidiary,20251010130530NAL0008197905001,"FOREST RIVER, INC.",203284366,001,"FOREST RIVER, INC. 401(K) PLAN",2E2F2G2J2K2T3H3D,22247.0,0.0,2025-10-10
2024,0001067983,subsidiary,20251013105057NAL0002540994001,"CAPSPECIALTY, INC.",391052658,002,"CAPSPECIALTY, INC. 401(K) PLAN",2E2F2G2J2K2S2T3D3H,322.0,1976681.0,2025-10-13
2024,0001067983,subsidiary,20251013105410NAL0002497570001,BNSF RAILWAY COMPANY,416034000,006,BNSF RAILWAY COMPANY NON-SALARIED EMPLOYEES 401(K) RETIREMENT PLAN,2E2F2G2I2J2K2O2T3F3H,27379.0,12485759.0,2025-10-13
2024,0001067983,subsidiary,20251013105550NAL0000511907001,"BURLINGTON NORTHERN SANTA FE, LLC",271754839,002,BURLINGTON NORTHERN SANTA FE INVESTMENT AND RETIREMENT PLAN,2E2F2G2I2J2K2O2T3F3H,6015.0,49835520.0,2025-10-13
2024,0001067983,subsidiary,20251013114854NAL0001159345001,WESTGUARD INSURANCE COMPANY,061678760,001,BERKSHIRE HATHAWAY GUARD PROFIT SHARING/401(K) PLAN,2E2F2G2J2K2S2T3D3H,1456.0,3337478.0,2025-10-13
2024,0001067983,subsidiary,20251013135309NAL0000677267001,THE LUBRIZOL CORPORATION,340367600,003,THE LUBRIZOL CORPORATION EMPLOYEES PROFIT SHARING AND SAVINGS PLAN,2E2F2G2J2K2R2S2T3H2A,3932.0,48630516.0,2025-10-13
2024,0001067983,subsidiary,20251014074858NAL0001087619001,W&W-AFCO STEEL LLC,352530653,002,W&W STEEL 401(K) SAVINGS PLAN,2E2F2G2J2K2S2T3B3H3D,765.0,1691904.0,2025-10-14
2024,0001067983,subsidiary,20251014085215NAL0001138707001,W&W-AFCO STEEL LLC,352530653,003,"HIRSCHFELD HOLDINGS, LP EMPLOYEE SAVINGS PLAN",2E2F2G2J2K2S2T3B3D,738.0,1277393.0,2025-10-14
2024,0001067983,subsidiary,20251014090030NAL0005185426001,W&W-AFCO STEEL LLC,352530653,001,AFCO STEEL 401(K) SAVINGS PLAN,2E2F2G2J2K2S2T3B3H3D,654.0,2526039.0,2025-10-14
2024,0001067983,subsidiary,20251014091332NAL0002476785001,"DURACELL U.S. OPERATIONS, INC.",474217945,001,DURACELL RETIREMENT & SAVINGS PLAN,2A2E2F2G2J2K2T3H,1565.0,13961018.0,2025-10-14
2024,0001067983,subsidiary,20251014112007NAL0001276547001,"MARMON HOLDINGS, INC",363104690,001,MARMON EMPLOYEES' RETIREMENT PLAN,2E2F2G2J2K2T3F3H,14175.0,70011619.0,2025-10-14
2024,0001067983,subsidiary,20251014112504NAL0005680658001,MARMON ENGINEERED COMPONENTS COMPANY,320023596,001,MARMON CONSOLIDATED RETIREMENT PLAN,2A2E2F2G2J2K2T3H,4314.0,6877526.0,2025-10-14
2024,0001067983,subsidiary,20251014121912NAL0002870417001,"TRANSATLANTIC HOLDINGS, INC.",800795986,001,TRANSRE RETIREMENT ACCUMULATION PLAN,2E2F2G2T3H,405.0,1534338.0,2025-10-14
2024,0001067983,subsidiary,20251014122145NAL0002877953001,"TRANSATLANTIC HOLDINGS, INC.",800795986,002,TRANSRE INCENTIVE RETIREMENT PLAN,2E2F2G2J2K2T3D3H2S,428.0,2290138.0,2025-10-14
2024,0001067983,subsidiary,20251014125938NAL0004025360001,"UNION UNDERWEAR COMPANY, INC",611411269,004,FRUIT OF THE LOOM 401(K) RETIREMENT SAVINGS PLAN,2E2F2G2J2K2S2T3H,1232.0,4184924.0,2025-10-14
2024,0001067983,subsidiary,20251014135823NAL0004166864001,LARSON-JUHL US LLC,582398627,001,LARSON-JUHL RETIREMENT INVESTMENT PLAN,2E2F2G2J2K2S2T3B3D3H,253.0,256198.0,2025-10-14
2024,0001067983,subsidiary,20251014181836NAL0003550881001,PRECISION CASTPARTS CORP.,930460598,004,PRECISION CASTPARTS CORP. 401(K) RETIREMENT SAVINGS PLAN,2F2G2J2K2T3F3H2E,17695.0,60138244.0,2025-10-14
2024,0001067983,subsidiary,20251014201621NAL0001815747001,"BUSINESS WIRE, INC.",204146409,002,BUSINESS WIRE 401K SAVINGS TRUST,2E3D2G2J2K2F2T,322.0,1745090.0,2025-10-14
2024,0001067983,subsidiary,20251015084434NAL0002038627001,"MCLANE COMPANY, INC.",741478631,001,"MCLANE COMPANY, INC. PROFIT SHARING PLAN",2E2F2G2J2K2S2T3H,21394.0,40058490.0,2025-10-15
2024,0001067983,subsidiary,20251015135026NAL0009566034001,"IPS- INTEGRATED PROJECT SERVICES, LLC",232561581,001,IPS & AFFILIATES 401(K) PLAN,2G2J2K2S2T3D3H2E,1440.0,7880900.0,2025-10-15
2024,0001067983,subsidiary,20251015170749NAL0005493121003,"HOMESERVICES OF AMERICA, INC",411945806,010,HOMESERVICES RETIREMENT SAVINGS PLAN,2E2F2G2J2K2R2S2T3H,5458.0,16232503.0,2025-10-15
2024,0001067983,subsidiary,20251015221616NAL0007391520001,"INGERSOLL CUTTING TOOL COMPANY, INC.",752908703,001,INGERSOLL CUTTING TOOL 401(K) PLAN,2E2F2G2J2K3D3H,302.0,904821.0,2025-10-15
2024,0001067983,subsidiary,20251111134427NAL0002836883001,"BEN BRIDGE JEWELER, INC.",910695728,001,BEN BRIDGE RETIREMENT SAVINGS PLAN,2E2F2G2J2K2R2S2T3D,456.0,674386.0,2025-11-11
2024,0001067983,subsidiary,20251205093903NAL0007060178001,"NETJETS AVIATION, INC.",310682096,001,"NETJETS AVIATION, INC. 401(K) RETIREMENT PLAN",2E2F2G2J2K2S2T3D3H,4042.0,95676995.0,2025-12-05
2024,0001067983,subsidiary,20251205094118NAL0003093537001,NETJETS INC.,510383060,001,NETJETS INC. 401(K) PLAN,2F2G2J2K2R2S2T3D3H,3191.0,25153864.0,2025-12-05
2024,0001067983,subsidiary,20260102101623NAL0000744451001,BERKSHIRE PRODUCTION SUPPLY LLC,202178725,003,BERKSHIRE PRODUCTION SUPPLY 401(K) PROFIT SHARING PLAN,2E2F2G2J2K2T3D3H,802.0,1770766.0,2026-01-02
2024,0001067983,subsidiary,20260212140646NAL0000226370001,"BORSHEIM JEWELRY COMPANY, INC.",470546003,001,BORSHEIM JEWELRY COMPANY 401(K) SAVINGS PLAN,2S2E3D2G2J2K2F2T3H,186.0,501680.0,2026-02-12
2024,0001067983,subsidiary,20260415065905NAL0019524353001,"ACME BUILDING BRANDS, INC.",752864968,014,ACME BRICK COMPANY 401(K) RETIREMENT & SAVINGS PLAN,2A2E2F2G2J2K2T,1817.0,1842778.0,2026-04-15
2022,0001069183,ein,20230912135612NAL0012654163001,"AXON ENTERPRISE, INC.",860741227,001,AXON 401(K) PLAN,2E2F2G2J2K2S2T3D,2266.0,9604432.0,2023-09-12
2023,0001069183,ein,20240815103839NAL0013057057001,"AXON ENTERPRISE, INC.",860741227,001,AXON 401(K) PLAN,2E2F2G2J2K2S2T3D,2614.0,12305861.0,2024-08-15
2024,0001069183,ein,20250902145310NAL0029860178001,"AXON ENTERPRISE, INC.",860741227,001,AXON 401(K) PLAN,2E2F2G2J2K2S2T3D,3206.0,15764960.0,2025-09-02
2022,0001069202,ein,20231016133203NAL0025681011001,LENNOX INTERNATIONAL INC.,420991521,042,LENNOX INTERNATIONAL INC. MERGED PROFIT SHARING AND 401(K) RETIREMENT PLAN FOR SALARIED EMPLOYEES,2S2T3H2K2E2F2H2J,3525.0,19364960.0,2023-10-16
2022,0001069202,ein,20231016133330NAL0076128338001,LENNOX INTERNATIONAL INC.,420991521,045,LENNOX INTERNATIONAL INC. 401(K) FOR HOURLY EMPLOYEES,2F2G2J2K2E2T3H,5347.0,5774624.0,2023-10-16
2023,0001069202,ein,20241015153606NAL0016771555001,LENNOX INTERNATIONAL INC.,420991521,042,LENNOX INTERNATIONAL INC. MERGED PROFIT SHARING AND 401(K) RETIREMENT PLAN FOR SALARIED EMPLOYEES,2S2T2K2E2F2H2J,3597.0,19899459.0,2024-10-15
2023,0001069202,ein,20241015153659NAL0028964305001,LENNOX INTERNATIONAL INC.,420991521,045,LENNOX INTERNATIONAL INC. 401(K) FOR HOURLY EMPLOYEES,2E2F2G2J2K2T,4779.0,5440471.0,2024-10-15
2024,0001069202,ein,20251015081955NAL0004329793001,LENNOX INTERNATIONAL INC.,420991521,042,LENNOX INTERNATIONAL INC. MERGED PROFIT SHARING AND 401(K) RETIREMENT PLAN FOR SALARIED EMPLOYEES,2S2T2K2E2F2H2J3H,3851.0,22546390.0,2025-10-15
2024,0001069202,ein,20251015082131NAL0008636530001,LENNOX INTERNATIONAL INC.,420991521,045,LENNOX INTERNATIONAL INC. 401(K) FOR HOURLY EMPLOYEES,2E2F2G2J2K2T3H,5006.0,6697907.0,2025-10-15
2022,0001070750,subsidiary,20231010151018NAL0028007921001,HOST HOTELS & RESORTS L.P.,522095412,001,HOST HOTELS & RESORTS L. P. RETIREMENT AND SAVINGS PLAN,2E2F2G2J2K2R2S2T,170.0,2112167.0,2023-10-10
2023,0001070750,subsidiary,20241014083925NAL0026835937001,HOST HOTELS & RESORTS L.P.,522095412,001,HOST HOTELS & RESORTS L. P. RETIREMENT AND SAVINGS PLAN,2E2F2G2J2K2R2S2T,168.0,2283305.0,2024-10-14
2024,0001070750,subsidiary,20251010104422NAL0004515587001,HOST HOTELS & RESORTS L.P.,522095412,001,HOST HOTELS & RESORTS L. P. RETIREMENT AND SAVINGS PLAN,2E2F2G2J2K2R2S2T,164.0,2471974.0,2025-10-10
2022,0001071739,name,20231005143736NAL0014497683001,CENTENE CORPORATION,391864073,001,CENTENE MANAGEMENT CORPORATION RETIREMENT PLAN,3H2E2F2G2J2K2S2T3D,53822.0,99469532.0,2023-10-05
2022,0001071739,name,20231005143944NAL0021408497001,CENTENE CORPORATION,391864073,002,CENTENE CONSOLIDATED FROZEN RETIREMENT PLAN,2E2F2G2J2K2T3D,2.0,0.0,2023-10-05
2023,0001071739,name,20241011131042NAL0021916753001,CENTENE CORPORATION,391864073,001,CENTENE MANAGEMENT CORPORATION RETIREMENT PLAN,3H2E2F2G2J2K2S2T3D,53760.0,112789737.0,2024-10-11
2023,0001071739,name,20241011131308NAL0010950419001,CENTENE CORPORATION,391864073,002,CENTENE CONSOLIDATED FROZEN RETIREMENT PLAN,2F2G2J2K2T3D2E,26.0,0.0,2024-10-11
2024,0001071739,name,20251003160757NAL0000958675001,CENTENE CORPORATION,391864073,001,CENTENE MANAGEMENT CORPORATION RETIREMENT PLAN,3H2E2F2G2J2K2S2T3D,54939.0,112110128.0,2025-10-03
2024,0001071739,name,20251003161016NAL0000960307001,CENTENE CORPORATION,391864073,002,CENTENE CONSOLIDATED FROZEN RETIREMENT PLAN,2F2G2J2K2T2E3D,30.0,0.0,2025-10-03
2023,0001075531,ein,20240916162131NAL0001758769001,BOOKING HOLDINGS INC,061528493,001,"THE BOOKING HOLDINGS INC, 401(K) PLAN",2E2F2G2J2K2S3D3H,3143.0,13111864.0,2024-09-16
2024,0001075531,ein,20251008150935NAL0003100595001,BOOKING HOLDINGS INC,061528493,001,"THE BOOKING HOLDINGS INC, 401(K) PLAN",2E2F2G2J2K2S3D3H,3119.0,13516235.0,2025-10-08
2022,0001086222,ein,20231006132228NAL0031118944001,"AKAMAI TECHNOLOGIES, INC.",043432319,001,"AKAMAI TECHNOLOGIES, INC. 401(K) PLAN",2E2F2G2J2K2S2T3D2R,3788.0,18840194.0,2023-10-06
2023,0001086222,ein,20241010121248NAL0020044161001,"AKAMAI TECHNOLOGIES, INC.",043432319,001,"AKAMAI TECHNOLOGIES, INC. 401(K) PLAN",2E2F2G2J2K2S2T3D2R,3815.0,19737771.0,2024-10-10
2024,0001086222,ein,20250919104743NAL0002969939001,"AKAMAI TECHNOLOGIES, INC.",043432319,001,"AKAMAI TECHNOLOGIES, INC. 401(K) PLAN",2E2F2G2J2K2S2T3D2R,3799.0,19865652.0,2025-09-19
2022,0001090012,ein,20231011164506NAL0030541489001,DEVON ENERGY CORPORATION,731567067,002,DEVON ENERGY CORPORATION INCENTIVE SAVINGS PLAN,2G2J2K2S2T2F3F2R,1858.0,38986661.0,2023-10-11
2023,0001090012,ein,20240923153553NAL0011555537001,DEVON ENERGY CORPORATION,731567067,002,DEVON ENERGY CORPORATION INCENTIVE SAVINGS PLAN,2G2J2K2S2T2F3F2R,1958.0,40902424.0,2024-09-23
2024,0001090012,ein,20251014172038NAL0003376753001,DEVON ENERGY CORPORATION,731567067,002,DEVON ENERGY CORPORATION INCENTIVE SAVINGS PLAN,2G2J2K2S2T2F3F2R,2305.0,41720908.0,2025-10-14
2022,0001090727,name,20230911141608NAL0019674257001,UNITED PARCEL SERVICE COMPANY,131686691,002,UPS/IPA DEFINED CONTRIBUTION MONEY PURCHASE PENSION PLAN,2C2F2G2S2R2T,2143.0,96503744.0,2023-09-11
2022,0001090727,name,20230911143734NAL0025162240001,UNITED PARCEL SERVICE COMPANY,131686691,001,UPS/IBT LOCAL 2727 DEFINED CONTRIBUTION MONEY PURCHASE PENSION PLAN,2C2F2G2R2S2T,1810.0,22676316.0,2023-09-11
2022,0001090727,name,20230911145221NAL0013291651001,UNITED PARCEL SERVICE COMPANY,131686691,004,UPS/IBT LOCAL 2727 401 (K) PLAN,2J2K2F2G2R2T,1811.0,6368620.0,2023-09-11
2022,0001090727,subsidiary,20230912091316NAL0012422547001,"UNITED PARCEL SERVICE OF AMERICA, INC.",951732075,004,UPS 401 (K) SAVINGS PLAN,2E2F2G2I2J2K2R2S2T,102231.0,266944527.0,2023-09-12
2022,0001090727,subsidiary,20231012164606NAL0021782931001,MNX GLOBAL LOGISTICS CORP.,954804487,001,MNX 401(K) PLAN,2E2F2G2J2K2S2T3D,526.0,590433.0,2023-10-12
2022,0001090727,subsidiary,20231013133611NAL0021949139001,MARKEN LLP,383855670,001,THE MARKEN 401K PLAN,2F2G2J2K2T3D3H,698.0,844122.0,2023-10-13
2022,0001090727,subsidiary,20231015153134NAL0023873283001,"ROADIE, INC.",320438580,001,ROADIE 401(K) PLAN,2A2E2F2G2J2K2S2T,161.0,304867.0,2023-10-15
2023,0001090727,name,20241002131529NAL0008305137001,UNITED PARCEL SERVICE COMPANY,131686691,001,UPS/IBT LOCAL 2727 DEFINED CONTRIBUTION MONEY PURCHASE PENSION PLAN,2C2F2G2R2T3J,1824.0,23286719.0,2024-10-02
2023,0001090727,name,20241002131738NAL0008307393001,UNITED PARCEL SERVICE COMPANY,131686691,002,UPS/IPA DEFINED CONTRIBUTION MONEY PURCHASE PENSION PLAN,2C2F2G2R2T,1984.0,107162309.0,2024-10-02
2023,0001090727,name,20241002131940NAL0015056176001,UNITED PARCEL SERVICE COMPANY,131686691,004,UPS/IBT LOCAL 2727 401(K) PLAN,2F2G2J2K2R2T3J,1825.0,6389030.0,2024-10-02
2023,0001090727,subsidiary,20241002132437NAL0004036531001,"UNITED PARCEL SERVICE OF AMERICA, INC.",951732075,004,UPS 401(K) SAVINGS PLAN,2E2F2G2I2J2K2R2S2T3J,95250.0,674136000.0,2024-10-02
2023,0001090727,subsidiary,20241011130259NAL0044369090001,"ROADIE, INC.",320438580,001,ROADIE 401(K) PLAN,2A2E2F2G2J2K2S2T,227.0,467619.0,2024-10-11
2023,0001090727,subsidiary,20241015124314NAL0016415827001,"UNITED PARCEL SERVICE OF AMERICA, INC.",383855670,001,THE MARKEN 401K PLAN,2F2G2J2K2T3D3H,771.0,1009309.0,2024-10-15
2023,0001090727,subsidiary,20260702135602NAL0014601137001,MNX GLOBAL LOGISTICS CORP.,954804487,001,MNX 401(K) PLAN,2E2F2G2J2K2S2T3D3H,461.0,635802.0,2026-07-02
2024,0001090727,subsidiary,20251010100441NAL0012282960001,"ROADIE, INC.",320438580,001,ROADIE 401(K) PLAN,2A2E2F2G2J2K2S2T,279.0,940557.0,2025-10-10
2024,0001090727,subsidiary,20251014095300NAL0001190931001,MARKEN LLP,383855670,001,THE MARKEN 401K PLAN,2F2G2J2K2T3D3H,658.0,1065206.0,2025-10-14
2024,0001090727,name,20251015034908NAL0007790930001,UNITED PARCEL SERVICE COMPANY,131686691,001,UPS/IBT LOCAL 2727 DEFINED CONTRIBUTION MONEY PURCHASE PENSION PLAN,2C2F2G2R2T3J,1911.0,25117722.0,2025-10-15
2024,0001090727,name,20251015035049NAL0003808625001,UNITED PARCEL SERVICE COMPANY,131686691,002,UPS/IPA DEFINED CONTRIBUTION MONEY PURCHASE PENSION PLAN,2C2F2G2R2T,1993.0,106608636.0,2025-10-15
2024,0001090727,name,20251015035708NAL0007808130001,UNITED PARCEL SERVICE COMPANY,131686691,004,UPS/IBT LOCAL 2727 401(K) PLAN,2F2G2J2K2R2T3J,1912.0,7324060.0,2025-10-15
2024,0001090727,subsidiary,20251015115659NAL0004465985003,"UNITED PARCEL SERVICE OF AMERICA, INC.",951732075,004,UPS 401(K) SAVINGS PLAN,2E2F2G2I2J2K2R2S2T3J,84091.0,620200841.0,2025-10-15
2024,0001090727,subsidiary,20260702135806NAL0017954448001,MNX GLOBAL LOGISTICS CORP.,954804487,001,MNX 401(K) PLAN,2F2G2J2K2S2T3D2E3H,388.0,602982.0,2026-07-02
2022,0001090872,ein,20231016154756NAL0038888465005,"AGILENT TECHNOLOGIES, INC.",770518772,003,"AGILENT TECHNOLOGIES, INC. 401(K) PLAN",2F2G2J2K3F3H,6437.0,47338999.0,2023-10-16
2023,0001090872,ein,20241010172609NAL0011780307003,"AGILENT TECHNOLOGIES, INC.",770518772,003,"AGILENT TECHNOLOGIES, INC. 401(K) PLAN",2F2G2J2K3F3H,6169.0,46779049.0,2024-10-10
2024,0001090872,ein,20251014161905NAL0003385409004,"AGILENT TECHNOLOGIES, INC.",770518772,003,"AGILENT TECHNOLOGIES, INC. 401(K) PLAN",2F2G2J2K3F3H,5787.0,45324008.0,2025-10-14
2022,0001091667,ein,20230801150658NAL0009817955001,"CHARTER COMMUNICATIONS, INC.",841496755,003,"CHARTER COMMUNICATIONS, INC. RETIREMENT ACCUMULATION PLAN",2E2F2G2R2S2T,96058.0,151547412.0,2023-08-01
2022,0001091667,ein,20230801151106NAL0009822899001,"CHARTER COMMUNICATIONS, INC.",841496755,004,"CHARTER COMMUNICATIONS, INC. 401(K) SAVINGS PLAN",2E2F2G2J2K2R2S2T,101973.0,295784415.0,2023-08-01
2023,0001091667,ein,20240807121543NAL0003641777001,"CHARTER COMMUNICATIONS, INC.",841496755,003,"CHARTER COMMUNICATIONS, INC. RETIREMENT ACCUMULATION PLAN",2E2F2G2R2S2T3D,96794.0,173603520.0,2024-08-07
2023,0001091667,ein,20240807121640NAL0003643537001,"CHARTER COMMUNICATIONS, INC.",841496755,004,"CHARTER COMMUNICATIONS, INC. 401(K) SAVINGS PLAN",2E2F2G2J2K2R2S2T,102013.0,346953424.0,2024-08-07
2024,0001091667,ein,20251013171045NAL0003678834001,"CHARTER COMMUNICATIONS, INC.",841496755,003,"CHARTER COMMUNICATIONS, INC. RETIREMENT ACCUMULATION PLAN",2E2F2G2R2S2T3D,92554.0,155936397.0,2025-10-13
2024,0001091667,ein,20251013172855NAL0000860659001,"CHARTER COMMUNICATIONS, INC.",841496755,004,"CHARTER COMMUNICATIONS, INC. 401(K) SAVINGS PLAN",2E2F2G2J2K2R2S2T,94858.0,338786427.0,2025-10-13
2022,0001093557,ein,20230925164343NAL0010675664001,DEXCOM INC,330857544,001,"DEXCOM, INC. 401(K) PLAN",2E2F2G2J2K2S2T3D,5230.0,11095245.0,2023-09-25
2023,0001093557,ein,20241007132004NAL0008897059001,DEXCOM INC,330857544,001,"DEXCOM, INC. 401(K) PLAN",2E2F2G2J2K2S2T3D,5822.0,14767680.0,2024-10-07
2024,0001093557,ein,20251008090235NAL0005596049001,DEXCOM INC,330857544,001,"DEXCOM, INC. 401(K) PLAN",2E2F2G2J2K2S2T3D,5331.0,17486317.0,2025-10-08
2022,0001094285,ein,20230718191939NAL0001730512001,TELEDYNE TECHNOLOGIES INCORPORATED,251843385,002,TELEDYNE TECHNOLOGIES INCORPORATED 401(K) PLAN,2F2G2J2K2S2T2R,9012.0,23242209.0,2023-07-18
2023,0001094285,ein,20240724151841NAL0008321923001,TELEDYNE TECHNOLOGIES INCORPORATED,251843385,002,TELEDYNE TECHNOLOGIES INCORPORATED 401(K) PLAN,2F2G2J2K2S2T2R,8893.0,24174121.0,2024-07-24
2024,0001094285,ein,20250718185504NAL0003240288001,TELEDYNE TECHNOLOGIES INCORPORATED,251843385,002,TELEDYNE TECHNOLOGIES INCORPORATED 401(K) PLAN,2G2F2J2K2S2T2R,8616.0,22555067.0,2025-07-18
2022,0001095073,name,20230614151243NAL0052527168001,EVEREST REINSURANCE COMPANY,222005057,001,EVEREST REINSURANCE EMPLOYEE SAVINGS PLAN,2E2F2G2J2K2S,1816.0,19050360.0,2023-06-14
2023,0001095073,name,20240618133148NAL0001899203001,EVEREST REINSURANCE COMPANY,222005057,001,EVEREST REINSURANCE EMPLOYEE SAVINGS PLAN,2E2F2G2J2K2S,2045.0,23280204.0,2024-06-18
2024,0001095073,name,20250701142012NAL0030818402001,EVEREST REINSURANCE COMPANY,222005057,001,EVEREST REINSURANCE EMPLOYEE SAVINGS PLAN,2E2F2G2J2K2S,2004.0,27828799.0,2025-07-01
2022,0001097149,ein,20231107161813NAL0012498803001,"ALIGN TECHNOLOGY, INC.",943267295,001,"ALIGN TECHNOLOGY, INC. 401(K) PROFIT SHARING PLAN",2E2F2G2J2K2S2T3F3H3D,2212.0,9713340.0,2023-11-07
2023,0001097149,ein,20241011154606NAL0012717859001,"ALIGN TECHNOLOGY, INC.",943267295,001,"ALIGN TECHNOLOGY, INC. 401(K) PROFIT SHARING PLAN",2E2F2G2J2K2S2T3F3H3D,2058.0,9079994.0,2024-10-11
2024,0001097149,ein,20250929214608NAL0012615360001,"ALIGN TECHNOLOGY, INC.",943267295,001,"ALIGN TECHNOLOGY, INC. 401(K) PROFIT SHARING PLAN",2E2F2G2J2K2S2T3F3H3D,1988.0,9363383.0,2025-09-29
2022,0001097864,ein,20230928092312NAL0024655890001,ON SEMICONDUCTOR CORPORATION,363840979,002,ONSEMI UNION SAVINGS AND RETIREMENT PLAN,2E2F2G2J2K2S2T3D,118.0,207488.0,2023-09-28
2022,0001097864,ein,20230928092927NAL0024673794001,ON SEMICONDUCTOR CORPORATION,363840979,001,ONSEMI 401(K) PLAN,2E2F2G2J2K2S2T3D,3121.0,17949092.0,2023-09-28
2023,0001097864,ein,20241015103552NAL0014412147001,ON SEMICONDUCTOR CORPORATION,363840979,002,ONSEMI UNION SAVINGS AND RETIREMENT PLAN,2G2J2K2R2S2E2T2F3D,102.0,197516.0,2024-10-15
2023,0001097864,ein,20241015103654NAL0029273905001,ON SEMICONDUCTOR CORPORATION,363840979,001,ONSEMI 401(K) PLAN,2E3D2F2G2R2S2T2J2K,3995.0,22031438.0,2024-10-15
2024,0001097864,subsidiary,20251013180425NAL0002560592001,"SEMICONDUCTOR COMPONENTS INDUSTRIES, LLC",364292817,001,ONSEMI 401(K) PLAN,2T2J2K3D2R2E2F2G2S,3794.0,20448852.0,2025-10-13
2024,0001097864,subsidiary,20251014131910NAL0006140002001,"SEMICONDUCTOR COMPONENTS INDUSTRIES, LLC",364292817,002,ONSEMI UNION SAVINGS AND RETIREMENT PLAN,2G2J2K2S2E2T2F3D2R,91.0,185031.0,2025-10-14
2022,0001099219,name,20231013063046NAL0044294496001,"METLIFE GROUP, INC.",550790010,003,METLIFE 401(K) PLAN,2F2G2J2K2R3F3H2E,14594.0,59250909.0,2023-10-13
2023,0001099219,name,20241008081623NAL0017271841001,"METLIFE GROUP, INC.",550790010,003,METLIFE 401(K) PLAN,2F2G2J2K2R3F3H2E,14717.0,64117106.0,2024-10-08
2024,0001099219,name,20251007065040NAL0007624240001,"METLIFE GROUP, INC.",550790010,003,METLIFE 401(K) PLAN,2F2G2J2K2R3F3H2E,14863.0,65639028.0,2025-10-07
2022,0001099800,ein,20230710182426NAL0011317219001,EDWARDS LIFESCIENCES CORPORATION,364316614,001,EDWARDS LIFESCIENCES CORPORATION 401K SAVINGS AND INVESTMENT PLAN,2E2F2G2J2K2R2S2T,7592.0,43290303.0,2023-07-10
2023,0001099800,ein,20240715153148NAL0002808128001,EDWARDS LIFESCIENCES CORPORATION,364316614,001,EDWARDS LIFESCIENCES CORPORATION 401K SAVINGS AND INVESTMENT PLAN,2E2F2G2J2K2R2S2T,8144.0,50051169.0,2024-07-15
2024,0001099800,ein,20250627134938NAL0009829745001,EDWARDS LIFESCIENCES CORPORATION,364316614,001,EDWARDS LIFESCIENCES CORPORATION 401K SAVINGS AND INVESTMENT PLAN,2E2F2G2J2K2R2S2T,7995.0,55268659.0,2025-06-27
2022,0001100682,name,20230912112103NAL0014177747001,"CHARLES RIVER LABORATORIES, INC.",760509980,004,"CHARLES RIVER LABORATORIES, INC. SAVINGS/PLUS PLAN",2S2T3F2J2F2G2K3D,13617.0,28130684.0,2023-09-12
2023,0001100682,name,20240829141557NAL0006498387001,"CHARLES RIVER LABORATORIES, INC.",760509980,004,"CHARLES RIVER LABORATORIES, INC. SAVINGS/PLUS PLAN",2S2T3F2J2F2G2K3D,10833.0,31580483.0,2024-08-29
2024,0001100682,name,20250821110018NAL0007263968001,"CHARLES RIVER LABORATORIES, INC.",760509980,004,"CHARLES RIVER LABORATORIES, INC. SAVINGS/PLUS PLAN",2S2T3F2J2F2G2K3D,9584.0,32006226.0,2025-08-21
2022,0001101239,ein,20230906114453NAL0028401954001,EQUINIX,770487526,001,"EQUINIX, INC. 401(K) PLAN",2E2F2G2J2K2S2T3D,4075.0,18035027.0,2023-09-06
2023,0001101239,ein,20241011152915NAL0011126515001,EQUINIX,770487526,001,"EQUINIX, INC. 401(K) PLAN",2F2G2J2K2S2T3D2E,4278.0,20271332.0,2024-10-11
2024,0001101239,ein,20251001161140NAL0018041507001,EQUINIX,770487526,001,"EQUINIX, INC. 401(K) PLAN",2F2G2J2K2S2T2E3D,4031.0,20719809.0,2025-10-01
2022,0001103982,subsidiary,20231010131030NAL0017917075001,"ENJOY LIFE NATURAL BRANDS, LLC",364433809,002,"ENJOY LIFE NATURAL BRANDS, LLC RETIREMENT SAVINGS PLAN",2E2F2G2J2K2S2T3D,172.0,240990.0,2023-10-10
2022,0001103982,subsidiary,20231013122934NAL0067051858001,GIVE AND GO PREPARED FOODS (U.S.A.) CORP.,980401256,001,GIVE AND GO 401(K) PLAN,2E2F2G2J2T3D,301.0,193118.0,2023-10-13
2022,0001103982,subsidiary,20231015193946NAL0037185777001,MONDELEZ GLOBAL LLC,383869170,125,MONDELEZ GLOBAL LLC THRIFT PLAN,2E2F2G2J2K2S2T3F3H,6445.0,50642000.0,2023-10-15
2022,0001103982,subsidiary,20231015194023NAL0074013570001,MONDELEZ GLOBAL LLC,383869170,001,MONDELEZ GLOBAL LLC TIP PLAN,2E2F2G2J2K2S2T3F3H,2491.0,15837000.0,2023-10-15
2022,0001103982,subsidiary,20231016160354NAL0051677888001,"TATES BAKE SHOP, INC.",113558095,001,TATE'S BAKE SHOP 401(K) PLAN,2E2J2K2F2G2S2T3D3H,507.0,450603.0,2023-10-16
2023,0001103982,subsidiary,20240822090601NAL0002955603001,"ENJOY LIFE NATURAL BRANDS, LLC",364433809,002,"ENJOY LIFE NATURAL BRANDS, LLC RETIREMENT SAVINGS PLAN",2E2F2G2J2K2S2T3D,38.0,154820.0,2024-08-22
2023,0001103982,subsidiary,20240918170017NAL0001821251001,MONDELEZ GLOBAL LLC,383869170,102,CLIF BAR & COMPANY RETIREMENT SAVINGS PLAN,2E2F2G2J2K2R2S2T3D,1116.0,5950342.0,2024-09-18
2023,0001103982,subsidiary,20240930184356NAL0005928225001,MONDELEZ GLOBAL LLC,383869170,125,MONDELEZ GLOBAL LLC THRIFT PLAN,2E2F2G2J2K2S2T3F3H,6043.0,53813000.0,2024-09-30
2023,0001103982,subsidiary,20240930184502NAL0005929313001,MONDELEZ GLOBAL LLC,383869170,001,MONDELEZ GLOBAL LLC TIP PLAN,2E2F2G2J2K2S2T3F3H,2674.0,12071000.0,2024-09-30
2023,0001103982,subsidiary,20241015152719NAL0014964915001,"TATES BAKE SHOP, INC.",113558095,001,TATE'S BAKE SHOP 401(K) PLAN,2E2F2G2J2K2S2T3D3H,464.0,473865.0,2024-10-15
2024,0001103982,subsidiary,20251015101145NAL0009010498001,MONDELEZ GLOBAL LLC,383869170,001,MONDELEZ GLOBAL LLC TIP PLAN,2E2F2G2J2K2S2T3F3H,2704.0,9715000.0,2025-10-15
2024,0001103982,subsidiary,20251015101540NAL0002131139001,MONDELEZ GLOBAL LLC,383869170,125,MONDELEZ GLOBAL LLC THRIFT PLAN,2E2F2G2J2K2S2T3F3H,7270.0,57205000.0,2025-10-15
2024,0001103982,subsidiary,20251015105414NAL0004642305001,MONDELEZ GLOBAL LLC,383869170,126,MONDELEZ GLOBAL LLC SALES SERVICE REPRESENTATIVES 401(K) SAVINGS PLAN,2E2F2G2J2K2S2T3F3H,5252.0,1696000.0,2025-10-15
2024,0001103982,subsidiary,20251015123334NAL0002296355001,"TATES BAKE SHOP, INC.",113558095,001,TATE'S BAKE SHOP 401(K) PLAN,2E2F2G2J2K2S2T3D3H,390.0,416073.0,2025-10-15
2022,0001108524,subsidiary,20230814160039NAL0032624145001,INFORMATICA LLC,770333710,001,INFORMATICA LLC 401(K) RETIREMENT PLAN,2F2G2E2J2K2T3D2R,1970.0,10276583.0,2023-08-14
2022,0001108524,ein,20231016084232NAL0037852433001,"SALESFORCE.COM, INC.",943320693,001,SALESFORCE 401(K) PLAN,2E2F2G2J2K2R2T3D3H,41578.0,216792624.0,2023-10-16
2023,0001108524,subsidiary,20240617140952NAL0001079779001,INFORMATICA LLC,770333710,001,INFORMATICA LLC 401(K) RETIREMENT PLAN,2F2G2E2J2K2T3D2R,1580.0,9115858.0,2024-06-17
2023,0001108524,ein,20241014122554NAL0027262321001,"SALESFORCE, INC.",943320693,001,SALESFORCE 401(K) PLAN,2E2F2G2J2K2T3H3D2R,36689.0,195518738.0,2024-10-14
2024,0001108524,subsidiary,20250701165547NAL0007136931001,INFORMATICA LLC,770333710,001,INFORMATICA LLC 401(K) RETIREMENT PLAN,2F2G2E2J2K2T3D2R,1654.0,8514706.0,2025-07-01
2024,0001108524,ein,20250922114057NAL0005580112001,"SALESFORCE, INC.",943320693,001,SALESFORCE 401(K) PLAN,2F2E2G2J2K2T3H3D2R,36537.0,188852116.0,2025-09-22
2024,0001108524,subsidiary,20251003152108NAL0001560577001,OWNCOMPANY INC.,473543961,001,"OWNCOMPANY, INC. 401(K) PLAN",2F2G2J2K2S2T2E3D,2.0,2176550.0,2025-10-03
2022,0001109357,ein,20230913141417NAL0028134640001,EXELON CORPORATION,232990190,003,EXELON CORPORATION EMPLOYEE SAVINGS PLAN,2E2F2G2J2K2O3F3H2S2T,19297.0,92210075.0,2023-09-13
2023,0001109357,ein,20241011101821NAL0043303826001,EXELON CORPORATION,232990190,003,EXELON CORPORATION EMPLOYEE SAVINGS PLAN,2E2F2G2J2K2O3F3H2S2T,20282.0,106486530.0,2024-10-11
2024,0001109357,ein,20251013111358NAL0001803648001,EXELON CORPORATION,232990190,003,EXELON CORPORATION EMPLOYEE SAVINGS PLAN,2E2F2G2J2K2O3F3H2S2T,20243.0,113781904.0,2025-10-13
2022,0001111711,ein,20230831083037NAL0014566882001,NISOURCE INC,352108964,005,NISOURCE INC RETIREMENT SAVINGS PLAN,2A2E2F2H2J2K2O3H2S2T,7525.0,41641022.0,2023-08-31
2023,0001111711,ein,20240816102546NAL0024436560001,NISOURCE INC,352108964,005,NISOURCE INC RETIREMENT SAVINGS PLAN,2A2E2F2H2J2K2O3H2S2T3F,7619.0,48733893.0,2024-08-16
2024,0001111711,ein,20250815085541NAL0012614912001,NISOURCE INC,352108964,005,NISOURCE INC RETIREMENT SAVINGS PLAN,2A2E2F2H2J2K2O3H2S2T3F,7982.0,57403718.0,2025-08-15
2022,0001113169,ein,20230720085005NAL0001919027001,"T. ROWE PRICE GROUP, INC.",522264646,005,T. ROWE PRICE U.S. RETIREMENT PROGRAM,2E2F2G2J2K2S2T3H2R,6292.0,113856570.0,2023-07-20
2023,0001113169,ein,20240613075157NAL0014371603001,"T. ROWE PRICE GROUP, INC.",522264646,005,T. ROWE PRICE U.S. RETIREMENT PROGRAM,2E2F2G2J2K2S2T3H2R,5901.0,134135913.0,2024-06-13
2024,0001113169,ein,20250707143606NAL0003885665001,"T. ROWE PRICE GROUP, INC.",522264646,005,T. ROWE PRICE U.S. RETIREMENT PROGRAM,2E2F2G2J2K2R2S2T3H,6820.0,137654008.0,2025-07-07
2022,0001116132,ein,20230801140530NAL0036397906001,"TAPESTRY, INC.",522242751,001,"TAPESTRY, INC. 401(K) SAVINGS PLAN",2F2E2G2J2K2T3D,10513.0,14941533.0,2023-08-01
2023,0001116132,ein,20240701151959NAL0008423682001,"TAPESTRY, INC.",522242751,001,"TAPESTRY, INC. 401(K) SAVINGS PLAN",2F2E2G2J2K2T3D,8968.0,14430425.0,2024-07-01
2024,0001116132,ein,20250703083823NAL0000787136001,"TAPESTRY, INC.",522242751,001,"TAPESTRY, INC. 401(K) SAVINGS PLAN",2F2E2G2J2K2T3D,11856.0,15124607.0,2025-07-03
2022,0001120193,ein,20231012185855NAL0021058403001,"NASDAQ, INC.",521165937,001,"NASDAQ, INC. 401(K) SAVINGS PLAN",2E2F2G2J2K2R2S2T,2366.0,17185168.0,2023-10-12
2023,0001120193,ein,20241007135949NAL0007653507001,"NASDAQ, INC.",521165937,001,"NASDAQ, INC. 401(K) SAVINGS PLAN",2E2F2G2J2K2R2S2T,2352.0,18822155.0,2024-10-07
2024,0001120193,ein,20251015072524NAL0005391248001,"NASDAQ, INC.",521165937,001,"NASDAQ, INC. 401(K) SAVINGS PLAN",2E2F2G2J2K2R2S2T,2388.0,19242484.0,2025-10-15
2022,0001121788,subsidiary,20230727144316NAL0024000930004,"GARMIN INTERNATIONAL, INC.",481088407,001,"GARMIN INTERNATIONAL, INC. RETIREMENT PLAN",2E2F2G2J2K2R2T3H,6485.0,65252103.0,2023-07-27
2023,0001121788,subsidiary,20240725121128NAL0014047457005,"GARMIN INTERNATIONAL, INC.",481088407,001,"GARMIN INTERNATIONAL, INC. RETIREMENT PLAN",2E2F2G2J2K2R2T3H,7082.0,70361829.0,2024-07-25
2024,0001121788,subsidiary,20250717163549NAL0000701137001,"GARMIN INTERNATIONAL, INC.",481088407,001,"GARMIN INTERNATIONAL, INC. RETIREMENT PLAN",2E2F2G2J2K2R2T3H,7390.0,78250438.0,2025-07-17
2022,0001123360,ein,20230816104245NAL0000909939001,GLOBAL PAYMENTS INC.,582567903,001,GLOBAL PAYMENTS INC. 401(K) PLAN,2E2F2G2J2K2T3H3D,14501.0,53424585.0,2023-08-16
2022,0001123360,subsidiary,20231013080159NAL0044388144001,"EVO MERCHANT SERVICES, LLC",454145354,001,EVO 401(K) SAVINGS PLAN,2A2E2F2G2J2K2R2S2T3B3D3H,678.0,1328578.0,2023-10-13
2023,0001123360,ein,20240626151914NAL0012297424001,GLOBAL PAYMENTS INC.,582567903,001,GLOBAL PAYMENTS INC. 401(K) PLAN,2E2F2G2J2K2T3H3D,13572.0,53882574.0,2024-06-26
2024,0001123360,ein,20250715154408NAL0002388449001,GLOBAL PAYMENTS INC.,582567903,001,GLOBAL PAYMENTS INC. 401(K) PLAN,2E2F2G2J2K2T3H3D,13174.0,54523300.0,2025-07-15
2022,0001126328,ein,20231012101419NAL0030967313001,"PRINCIPAL FINANCIAL GROUP, INC.",421520346,003,THE PRINCIPAL SELECT SAVINGS PLAN,2E2F2G2J2K2O2R2S2T3F3H,12779.0,68920629.0,2023-10-12
2023,0001126328,ein,20241014100442NAL0026980305001,"PRINCIPAL FINANCIAL GROUP, INC.",421520346,003,THE PRINCIPAL SELECT SAVINGS PLAN,2E2F2G2J2K2O2R2S2T3F3H,12782.0,73267443.0,2024-10-14
2024,0001126328,ein,20251015163209NAL0002755331001,"PRINCIPAL FINANCIAL GROUP, INC.",421520346,003,THE PRINCIPAL SELECT SAVINGS PLAN,2E2F2G2J2K2O2R2S2T3F3H,12662.0,76067723.0,2025-10-15
2022,0001130310,ein,20251211152208NAL0007485632001,"CENTERPOINT ENERGY, INC.",740694415,015,CENTERPOINT ENERGY SAVINGS PLAN,2F2G2J2K2O3H2E2S2T,9430.0,67050947.0,2025-12-11
2023,0001130310,ein,20241014092731NAL0014699683001,"CENTERPOINT ENERGY, INC.",740694415,015,CENTERPOINT ENERGY SAVINGS PLAN,2F2G2J2K2O3H2E2S2T,8850.0,67145528.0,2024-10-14
2024,0001130310,ein,20251010114739NAL0004198851001,"CENTERPOINT ENERGY, INC.",740694415,015,CENTERPOINT ENERGY SAVINGS PLAN,2F2G2J2K2O3H2E2S2T,8947.0,72167928.0,2025-10-10
2022,0001133421,ein,20230620154310NAL0088199570004,NORTHROP GRUMMAN CORPORATION,800640649,011,NORTHROP GRUMMAN SAVINGS PLAN,2E2F2G2J2K2O2R3H,97987.0,556323843.0,2023-06-20
2023,0001133421,ein,20250528141009NAL0018867442001,NORTHROP GRUMMAN CORPORATION,800640649,011,NORTHROP GRUMMAN SAVINGS PLAN,2E2F2G2J2K2O2R2S2T3H,104719.0,632353815.0,2025-05-28
2024,0001133421,ein,20250616134513NAL0000999633005,NORTHROP GRUMMAN CORPORATION,800640649,011,NORTHROP GRUMMAN SAVINGS PLAN,2E2F2G2J2K2O2R2S2T3H,99799.0,653387916.0,2025-06-16
2022,0001136869,subsidiary,20230911114354NAL0019380865001,"ZIMMER SURGICAL, INC.",810550216,001,"ZIMMER SURGICAL, INC. UNITED STEEL WORKERS LOCAL #2737-15 PLAN",2E2G2J2F3D,171.0,248216.0,2023-09-11
2022,0001136869,ein,20230911114439NAL0019530369001,"ZIMMER BIOMET HOLDINGS, INC.",134151777,001,"ZIMMER BIOMET HOLDINGS, INC. SAVINGS AND INVESTMENT 401(K) PROGRAM",2E2F2G2J2K2T3F3H2R,7493.0,32689749.0,2023-09-11
2022,0001136869,ein,20230911114551NAL0019383393001,"ZIMMER BIOMET HOLDINGS, INC.",134151777,002,ZIMMER BIOMET PUERTO RICO SAVINGS AND INVESTMENT 401(K) PROGRAM,2E2F2G2J2K2T3F3H3J,340.0,666402.0,2023-09-11
2022,0001136869,subsidiary,20231012103317NAL0063242290001,"PARAGON 28, INC.",273170186,001,"PARAGON 28, INC. 401(K) PLAN",2E2F2G2J2T3D,347.0,992201.0,2023-10-12
2023,0001136869,subsidiary,20240731111704NAL0014262131001,"ZIMMER SURGICAL, INC.",810550216,001,"ZIMMER SURGICAL, INC.- UNITED STEEL WORKERS LOCAL #2737-15 PLAN",2G2J2F3D2E,76.0,143235.0,2024-07-31
2023,0001136869,ein,20240731112418NAL0012633411001,"ZIMMER BIOMET HOLDINGS, INC.",134151777,001,"ZIMMER BIOMET HOLDINGS, INC. SAVINGS AND INVESTMENT 401(K) PROGRAM",2E2F2G2J2K2T3F3H2R,7882.0,36977524.0,2024-07-31
2023,0001136869,ein,20240731112930NAL0022147377001,"ZIMMER BIOMET HOLDINGS, INC.",134151777,002,ZIMMER BIOMET PUERTO RICO SAVINGS AND INVESTMENT 401(K) PROGRAM,2E2F2G2J2K2T3F3H3J,384.0,809604.0,2024-07-31
2023,0001136869,subsidiary,20241014194322NAL0027044417001,"PARAGON 28, INC.",273170186,001,"PARAGON 28, INC. 401(K) PLAN",2E2F2G2J2T3D,396.0,1189755.0,2024-10-14
2024,0001136869,name,20250804074016NAL0001112624001,"ZIMMER BIOMET HOLDINGS, INC.",810550216,001,"ZIMMER SURGICAL, INC.- UNITED STEEL WORKERS LOCAL #2737-15 PLAN",2G2J2F2E3D,44.0,98290.0,2025-08-04
2024,0001136869,ein,20250804074757NAL0000998736001,"ZIMMER BIOMET HOLDINGS, INC.",134151777,001,"ZIMMER BIOMET HOLDINGS, INC. SAVINGS AND INVESTMENT 401(K) PROGRAM",2E2F2G2J2K2T3F3H2R,7103.0,35198567.0,2025-08-04
2024,0001136869,ein,20250804074915NAL0000615123001,"ZIMMER BIOMET HOLDINGS, INC.",134151777,002,ZIMMER BIOMET PUERTO RICO SAVINGS AND INVESTMENT 401(K) PROGRAM,2E2F2G2J2K2T3F3H3J,363.0,663438.0,2025-08-04
2024,0001136869,subsidiary,20251015125153NAL0002435219001,"PARAGON 28, INC.",273170186,001,"PARAGON 28, INC. 401(K) PLAN",2E2F2G2J2T3D,398.0,1333983.0,2025-10-15
2022,0001136893,ein,20231005103330NAL0021485553001,FIDELITY NATIONAL INFORMATION SERVICES INC.,371490331,001,"FIDELITY NATIONAL INFORMATION SERVICES, INC. 401(K) PROFIT SHARING PLAN",2E2G2J2K2R2S2T3H,22816.0,62216900.0,2023-10-05
2023,0001136893,ein,20241009134705NAL0032928064001,"FIDELITY NATIONAL INFORMATION SERVICES, INC.",371490331,001,"FIDELITY NATIONAL INFORMATION SERVICES, INC. 401(K) PROFIT SHARING PLAN",2G2J2K2R2S2T3D2E,21289.0,61314774.0,2024-10-09
2024,0001136893,ein,20251015103156NAL0002248819001,"FIDELITY NATIONAL INFORMATION SERVICES, INC.",371490331,001,"FIDELITY NATIONAL INFORMATION SERVICES, INC. 401(K) PROFIT SHARING PLAN",2E2G2J2K2R2S2T,18321.0,60023272.0,2025-10-15
2022,0001137774,subsidiary,20230914131417NAL0014417779001,JENNISON ASSOCIATES LLC,522069785,006,JENNISON ASSOCIATES SAVINGS PLAN,2E2F2G2K3H2J2T,403.0,8857303.0,2023-09-14
2022,0001137774,subsidiary,20231005163714NAL0022083089001,THE PRUDENTIAL INSURANCE COMPANY OF AMERICA,221211670,002,THE PRUDENTIAL EMPLOYEE SAVINGS PLAN,2E2F2G2J2K2O2S2T3F3H,16321.0,75807767.0,2023-10-05
2023,0001137774,subsidiary,20240904151721NAL0011221859001,JENNISON ASSOCIATES LLC,522069785,006,JENNISON ASSOCIATES SAVINGS PLAN,2E2F2G2K3H2J2T,407.0,8063194.0,2024-09-04
2023,0001137774,subsidiary,20241011123437NAL0021861809001,THE PRUDENTIAL INSURANCE COMPANY OF AMERICA,221211670,002,THE PRUDENTIAL EMPLOYEE SAVINGS PLAN,2E2F2G2J2K2O2S2T3F3H,17685.0,83844832.0,2024-10-11
2024,0001137774,subsidiary,20250829092927NAL0011198897001,JENNISON ASSOCIATES LLC,522069785,006,JENNISON ASSOCIATES SAVINGS PLAN,2E2F2G2J2K2T3H,416.0,11432850.0,2025-08-29
2024,0001137774,subsidiary,20250924132044NAL0017172210001,THE PRUDENTIAL INSURANCE COMPANY OF AMERICA,221211670,002,THE PRUDENTIAL EMPLOYEE SAVINGS PLAN,2E2F2G2J2K2O2S2T3F3H,16248.0,85158725.0,2025-09-24
2022,0001138118,subsidiary,20230714093312NAL0048619138001,"CBRE SERVICES, INC.",521616016,001,CBRE 401(K) PLAN,2K2T3B3F3H3J2E2F2G2J,36574.0,98241603.0,2023-07-14
2022,0001138118,subsidiary,20231016200536NAL0039047281001,"J&J MAINTENANCE, INC.",741668145,001,J&J WORLDWIDE SERVICES RETIREMENT PLAN,2E2F2G2J2K2T3D3H,1877.0,3121513.0,2023-10-16
2022,0001138118,subsidiary,20231016202749NAL0052488992001,DIRECT LINE GLOBAL LLC,943270968,001,DIRECT LINE GLOBAL LLC 401K PLAN,2A2E2G2J2K3D,357.0,380583.0,2023-10-16
2023,0001138118,subsidiary,20240627082912NAL0014093376001,"CBRE SERVICES, INC.",521616016,001,CBRE 401(K) PLAN,2E2F2G2J2K2T3B3F3H3J,36834.0,108347536.0,2024-06-27
2023,0001138118,subsidiary,20241015141236NAL0014806611001,"J&J MAINTENANCE, INC.",741668145,001,J&J WORLDWIDE SERVICES RETIREMENT PLAN,2E2F2G2J2K2T3D3H,2275.0,4819965.0,2024-10-15
2023,0001138118,subsidiary,20241015194346NAL0030783617001,DIRECT LINE GLOBAL LLC,943270968,001,DIRECT LINE GLOBAL LLC 401K PLAN,2A2E2G2J2K3D,318.0,506422.0,2024-10-15
2024,0001138118,subsidiary,20250625143305NAL0011386768001,"CBRE SERVICES, INC.",521616016,001,CBRE 401(K) PLAN,2E2F2G2J2K2S2T3B3F3H3J,41038.0,112986656.0,2025-06-25
2024,0001138118,subsidiary,20250714151643NAL0001205329001,DIRECT LINE GLOBAL LLC,943270968,001,DIRECT LINE GLOBAL LLC 401K PLAN,2A2E2G2J2K3D,342.0,565164.0,2025-07-14
2022,0001140536,subsidiary,20231013125240NAL0022714355001,WILLIS TOWERS WATSON US LLC,530181291,005,WILLIS TOWERS WATSON SAVINGS PLAN FOR U.S. EMPLOYEES,2E2F2G2J2K2R2S2T3H,16804.0,51788078.0,2023-10-13
2023,0001140536,subsidiary,20241014082500NAL0045307632001,WILLIS TOWERS WATSON US LLC,530181291,005,WILLIS TOWERS WATSON SAVINGS PLAN FOR U.S. EMPLOYEES,2E2F2G2J2K2R2S2T3H,16510.0,47312456.0,2024-10-14
2024,0001140536,subsidiary,20251010154412NAL0004385603001,WILLIS TOWERS WATSON US LLC,530181291,005,WILLIS TOWERS WATSON SAVINGS PLAN FOR U.S. EMPLOYEES,2E2F2G2J2K2R2S2T3H,15893.0,62309592.0,2025-10-10
2022,0001140859,ein,20230824090416NAL0008197921001,AMERISOURCEBERGEN CORPORATION,233079390,010,AMERISOURCEBERGEN EMPLOYEE INVESTMENT PLAN,2E2G2J2K2S2T3H2O,17562.0,56700152.0,2023-08-24
2023,0001140859,ein,20240918083458NAL0004250705001,"CENCORA, INC.",233079390,010,AMERISOURCEBERGEN EMPLOYEE INVESTMENT PLAN,2E2G2J2K2S2T3H2O,17175.0,59295730.0,2024-09-18
2024,0001140859,ein,20250707113854NAL0003730913001,"CENCORA, INC.",233079390,010,CENCORA EMPLOYEE INVESTMENT PLAN,2E2G2J2K2S2T3H2O,16073.0,62504872.0,2025-07-07
2022,0001141391,subsidiary,20230930005301NAL0014703473001,MASTERCARD INTERNATIONAL INCORPORATED,952536378,002,MASTERCARD SAVINGS PLAN,2E2F2G2J2K2R2S3H,10421.0,129008042.0,2023-09-30
2023,0001141391,subsidiary,20240730155042NAL0044389810001,MASTERCARD INTERNATIONAL INCORPORATED,952536378,002,MASTERCARD SAVINGS PLAN,2E2F2G2J2K2R2S3H,11252.0,158427765.0,2024-07-30
2024,0001141391,subsidiary,20250730111146NAL0004571361001,MASTERCARD INTERNATIONAL INCORPORATED,952536378,002,MASTERCARD SAVINGS PLAN,2E2F2G2J2K2R2S3H,11144.0,166902408.0,2025-07-30
2022,0001145197,ein,20240131154136NAL0013528419001,INSULET CORPORATION,043523891,001,INSULET CORPORATION 401(K) PROFIT SHARING PLAN,2E2F2G2J2K2S2T3D,2038.0,7090981.0,2024-01-31
2023,0001145197,ein,20241014085333NAL0013027267001,INSULET CORPORATION,043523891,001,INSULET CORPORATION 401(K) PROFIT SHARING PLAN,2E2F2G2J2K2S2T3D,2284.0,8270175.0,2024-10-14
2024,0001145197,ein,20250926143206NAL0021856050001,INSULET CORPORATION,043523891,001,INSULET CORPORATION 401(K) PROFIT SHARING PLAN,2E2F2G2J2K2S2T3D,2707.0,9622829.0,2025-09-26
2022,0001156039,subsidiary,20230912071811NAL0043724162001,"PARAGON HEALTHCARE, INC.",453280551,001,PARAGON HEALTHCARE 401K PLAN,2E2F2G2J2K2T3D,1286.0,2088966.0,2023-09-12
2023,0001156039,subsidiary,20241009150557NAL0009336099001,"PARAGON HEALTHCARE, INC.",453280551,001,PARAGON HEALTHCARE 401K PLAN,2E2F2G2J2K2T3D,1164.0,2438583.0,2024-10-09
2022,0001156375,name,20231015095109NAL0036616817001,"CHICAGO MERCANTILE EXCHANGE, INC.",364340266,002,"CHICAGO MERCANTILE EXCHANGE, INC. 401(K) SAVINGS PLAN",2E2F2G2J2K2T,2282.0,8693913.0,2023-10-15
2023,0001156375,name,20241007124209NAL0007574467001,"CHICAGO MERCANTILE EXCHANGE, INC.",364340266,002,"CHICAGO MERCANTILE EXCHANGE, INC. 401(K) SAVINGS PLAN",2E2F2G2J2K2T,2204.0,9230824.0,2024-10-07
2024,0001156375,name,20251009133855NAL0003957811001,"CHICAGO MERCANTILE EXCHANGE, INC.",364340266,002,"CHICAGO MERCANTILE EXCHANGE, INC. 401(K) SAVINGS PLAN",2E2F2G2J2K2T,2245.0,9275636.0,2025-10-09
2022,0001163165,subsidiary,20230728141900NAL0017994352001,MARATHON OIL COMPANY,251410539,003,MARATHON OIL COMPANY THRIFT PLAN,2E2F2G2J2K2R2S2T3F3H,1177.0,11577205.0,2023-07-28
2022,0001163165,name,20231010133203NAL0057029858001,CONOCOPHILLIPS COMPANY,730400345,022,CONOCOPHILLIPS SAVINGS PLAN,2E2F2G2I2J2K2O2P2T3F3H,6260.0,136776694.0,2023-10-10
2023,0001163165,subsidiary,20240906160755NAL0000702851001,MARATHON OIL COMPANY,251410539,003,MARATHON OIL COMPANY THRIFT PLAN,2E2F2G2J2K2R2S2T3F3H,1279.0,12299778.0,2024-09-06
2023,0001163165,name,20241010091446NAL0039598130001,CONOCOPHILLIPS COMPANY,730400345,022,CONOCOPHILLIPS SAVINGS PLAN,2E2F2G2I2J2K2O2P2T3F3H,6596.0,154814900.0,2024-10-10
2024,0001163165,subsidiary,20250807091051NAL0002100787001,MARATHON OIL COMPANY,251410539,003,MARATHON OIL COMPANY THRIFT PLAN,2E2F2G2J2K2R2S2T3F3H,1059.0,13037603.0,2025-08-07
2024,0001163165,name,20251009103249NAL0006451185001,CONOCOPHILLIPS COMPANY,730400345,022,CONOCOPHILLIPS SAVINGS PLAN,2E2F2G2I2J2K2O2P2T3F3H,6894.0,152149304.0,2025-10-09
2022,0001164727,subsidiary,20230830151110NAL0003494387001,NEWMONT USA LIMITED,132526632,005,RETIREMENT SAVINGS PLAN OF NEWMONT,2E2F2G2J2K3F3H,1166.0,8280613.0,2023-08-30
2023,0001164727,subsidiary,20240925180857NAL0005622675001,NEWMONT USA LIMITED,132526632,005,RETIREMENT SAVINGS PLAN OF NEWMONT,2E2F2G2J2K3F,1165.0,9231057.0,2024-09-25
2024,0001164727,subsidiary,20251006104434NAL0003518017001,NEWMONT USA LIMITED,132526632,005,RETIREMENT SAVINGS PLAN OF NEWMONT,2E2F2G2J2K3F,1169.0,9472622.0,2025-10-06
2022,0001166691,subsidiary,20231004124142NAL0013385635001,"THE PRODUCTION HIVE, LLC",831934787,001,"THE PRODUCTION HIVE, LLC 401(K) PLAN",2E2F2G2J2L3D,203.0,330131.0,2023-10-04
2022,0001166691,subsidiary,20231009153727NAL0026501057002,"NBCUNIVERSAL, LLC",273526824,002,NBCUNIVERSAL CAPITAL ACCUMULATION PLAN (CAP),2E2F2G2J2K2S2T3F3H,8060.0,9591441.0,2023-10-09
2022,0001166691,subsidiary,20231012131434NAL0020408835001,"SOLAR ENERGY WORLD, LLC",320284821,001,"SOLAR ENERGY WORLD, LLC 401(K) PLAN",2E2F2G2J2K2T3D,234.0,171.0,2023-10-12
2022,0001166691,subsidiary,20231013080002NAL0033348017001,TELEMUNDO OF PUERTO RICO,660612727,001,TELEMUNDO OF PUERTO RICO UPAGRA RETIREMENT SAVINGS PLAN,2E2T2G2F3C,116.0,321003.0,2023-10-13
2023,0001166691,subsidiary,20241004100131NAL0019433328002,"NBCUNIVERSAL, LLC",273526824,002,NBCUNIVERSAL CAPITAL ACCUMULATION PLAN (CAP),2E2F2G2J2K2R2S2T3F3H,9285.0,11285922.0,2024-10-04
2023,0001166691,subsidiary,20241007075344NAL0025704800001,TELEMUNDO OF PUERTO RICO,660612727,001,TELEMUNDO OF PUERTO RICO UPAGRA RETIREMENT SAVINGS PLAN,2E2T2G2F3C,114.0,326406.0,2024-10-07
2023,0001166691,subsidiary,20241014131609NAL0013332307001,"THE PRODUCTION HIVE, LLC",831934787,001,"THE PRODUCTION HIVE, LLC 401(K) PLAN",2E2F2G2J2L3D,222.0,367792.0,2024-10-14
2024,0001166691,subsidiary,20251007174512NAL0008660608002,"NBCUNIVERSAL, LLC",273526824,002,NBCUNIVERSAL CAPITAL ACCUMULATION PLAN (CAP),2E2F2G2J2K2R2S2T3F3H,8982.0,14445476.0,2025-10-07
2024,0001166691,subsidiary,20251008083620NAL0005277665001,TELEMUNDO OF PUERTO RICO,660612727,001,TELEMUNDO OF PUERTO RICO UPAGRA RETIREMENT SAVINGS PLAN,2E2T2G2F3C,115.0,346430.0,2025-10-08
2024,0001166691,subsidiary,20251014075158NAL0002356993001,"THE PRODUCTION HIVE, LLC",831934787,001,"THE PRODUCTION HIVE, LLC 401(K) PLAN",2E2F2G2J2L3D,225.0,414584.0,2025-10-14
2022,0001174922,ein,20231013121803NAL0021804211001,"WYNN RESORTS, LIMITED",460484987,001,"WYNN RESORTS, LIMITED 401(K) PLAN",2E2F2G2J2K2T3D3H,9618.0,9181904.0,2023-10-13
2023,0001174922,ein,20241011153824NAL0023132961001,"WYNN RESORTS, LIMITED",460484987,001,"WYNN RESORTS, LIMITED 401(K) PLAN",2E2F2G2J2K2T3D3H,9984.0,10313282.0,2024-10-11
2024,0001174922,ein,20251008173231NAL0005869521001,"WYNN RESORTS, LIMITED",460484987,001,"WYNN RESORTS, LIMITED 401(K) PLAN",2E2F2G2J2K2T3D3H,9925.0,10289985.0,2025-10-08
2022,0001175454,name,20241106130057NAL0005294003001,"FLEETCOR TECHNOLOGIES, INC.",721074903,001,"FLEETCOR TECHNOLOGIES, INC. 401(K) SAVINGS PLAN",2E2F2G2J2K2S2T3D3H,4370.0,2755767.0,2024-11-06
2023,0001175454,name,20241015181040NAL0017022051001,"FLEETCOR TECHNOLOGIES, INC.",721074903,001,"FLEETCOR TECHNOLOGIES, INC. 401(K) SAVINGS PLAN",2E2F2G2J2K2S2T3D3H,4253.0,2901531.0,2024-10-15
2024,0001175454,subsidiary,20250930095438NAL0016312163001,"GPS CAPITAL MARKETS, LLC",030398239,002,"GPS CAPITAL MARKETS, LLC EMPLOYEE 401(K) PLAN",2E2F2T3D3B2A2G2J2K2R,161.0,518487.0,2025-09-30
2024,0001175454,name,20251014181245NAL0003543793001,"CORPAY, INC.",721074903,001,"CORPAY, INC. 401(K) SAVINGS PLAN",2E2F2G2J2K2S2T3D3H,4269.0,2974182.0,2025-10-14
2022,0001176948,name,20231020171017NAL0001905873001,ARES MANAGEMENT LLC,272078839,001,ARES RETIREMENT SAVINGS PLAN,2E2F2G2J2K2T3D3H,1728.0,13708275.0,2023-10-20
2023,0001176948,name,20240906134537NAL0001169025001,ARES MANAGEMENT LLC,272078839,001,ARES RETIREMENT SAVINGS PLAN,3H3D2E2F2G2J2K2T,1837.0,14506160.0,2024-09-06
2024,0001176948,name,20250828105520NAL0005502467001,ARES MANAGEMENT LLC,272078839,001,ARES RETIREMENT SAVINGS PLAN,3H2E2F2G2J2K2T3D,2003.0,15854273.0,2025-08-28
2022,0001260221,subsidiary,20231011163211NAL0020420467001,SERVOTRONICS INC,160837866,006,SERVOTRONICS INC 401(K) PROFIT SHARING PLAN & TRUST,2E2F2G2J2K2T3D,259.0,289142.0,2023-10-11
2022,0001260221,name,20231012102105NAL0031594113001,TRANSDIGM INC.,341750032,001,TRANSDIGM INC. 401(K) PLAN,2E2J2F2G2K2R3D3F3H2S2T,7331.0,24109122.0,2023-10-12
2022,0001260221,subsidiary,20240910124113NAL0006879169001,"SERVOTRONICS, INC.",160837866,004,"SERVOTRONICS, INC. EMPLOYEE STOCK OWNERSHIP PLAN",2P,215.0,122293.0,2024-09-10
2023,0001260221,subsidiary,20241002091219NAL0008578881001,SERVOTRONICS INC,160837866,006,SERVOTRONICS INC 401(K) PROFIT SHARING PLAN & TRUST,2E2F2G2J2K2T3D,266.0,352375.0,2024-10-02
2023,0001260221,name,20241014121702NAL0044450432001,TRANSDIGM INC.,341750032,001,TRANSDIGM INC. 401(K) PLAN,2E2J2F2G2K2R3D3F3H2S2T,7689.0,27108855.0,2024-10-14
2023,0001260221,subsidiary,20250912063846NAL0000663651001,"SERVOTRONICS, INC.",160837866,004,"SERVOTRONICS, INC. EMPLOYEE STOCK OWNERSHIP PLAN",2P,221.0,84149.0,2025-09-12
2024,0001260221,subsidiary,20250922121542NAL0006067904001,SERVOTRONICS INC,160837866,006,SERVOTRONICS INC 401(K) PROFIT SHARING PLAN & TRUST,2E2F2G2J2K2T3D,280.0,390975.0,2025-09-22
2024,0001260221,name,20251015080154NAL0004296801001,TRANSDIGM INC.,341750032,001,TRANSDIGM INC. 401(K) PLAN,2E2F2G2J2K2R2S2T3F3H3D,9035.0,34979296.0,2025-10-15
2022,0001262039,ein,20231016094941NAL0075231058001,"FORTINET, INC.",770560389,001,FORTINET INC. 401(K) PLAN,2F2G2J2K2T2E3D2R,3751.0,9285908.0,2023-10-16
2023,0001262039,ein,20241011140946NAL0011001667001,"FORTINET, INC.",770560389,001,FORTINET INC. 401(K) PLAN,2F2G2J2K2T2E3D2R,3826.0,13222420.0,2024-10-11
2024,0001262039,ein,20260617150119NAL0002359697001,"FORTINET, INC.",770560389,001,FORTINET INC. 401(K) PLAN,2F2G2J2K2T2E3D2R,4052.0,13246493.0,2026-06-17
2022,0001267238,ein,20230628090014NAL0007379376001,"ASSURANT, INC.",391126612,002,ASSURANT 401(K) PLAN,2E2F2G2J2K2O2S2T3F3H,10733.0,44839817.0,2023-06-28
2022,0001267238,subsidiary,20231012130339NAL0020388035001,"SUREWAY GROUP, INC.",364095137,001,THE SUREWAY GROUP 401(K) PLAN,2E2F2G2J2K2T3D,128.0,147547.0,2023-10-12
2022,0001267238,subsidiary,20240201144841NAL0014931443001,SIGNAL HOLDINGS LLC,454249779,001,SIGNAL HOLDINGS 401(K) PLAN,2E2F2G2J2K3D3H2T,154.0,454216.0,2024-02-01
2023,0001267238,ein,20240712095855NAL0009925923001,"ASSURANT, INC.",391126612,002,ASSURANT 401(K) PLAN,2E2F2G2J2K2O2S2T3F3H,9941.0,41450877.0,2024-07-12
2023,0001267238,subsidiary,20241011120739NAL0036865408001,"SUREWAY GROUP, INC.",364095137,001,THE SUREWAY GROUP 401(K) PLAN,2E2F2G2J2K2T3D,86.0,151829.0,2024-10-11
2024,0001267238,ein,20250630131053NAL0028836818001,"ASSURANT, INC.",391126612,002,ASSURANT 401(K) PLAN,2E2F2G2J2K2O2S2T3F3H,10096.0,42588670.0,2025-06-30
2024,0001267238,subsidiary,20251009164242NAL0011908144001,"SUREWAY GROUP, INC.",364095137,001,THE SUREWAY GROUP 401(K) PLAN,2E2F2G2J2K2T3D,111.0,145936.0,2025-10-09
2022,0001274494,ein,20230926122608NAL0008725681001,"FIRST SOLAR, INC.",204623678,001,"FIRST SOLAR, INC. 401(K) PLAN",2T3F3H2E2F2G2J2K2S3D,2490.0,5770683.0,2023-09-26
2023,0001274494,ein,20240904131908NAL0011147779001,"FIRST SOLAR, INC.",204623678,001,"FIRST SOLAR, INC. 401(K) PLAN",2T3F3H2E2F2G2J2K2S3D,2791.0,8063291.0,2024-09-04
2024,0001274494,ein,20250930075553NAL0016170387001,"FIRST SOLAR, INC.",204623678,001,"FIRST SOLAR, INC. 401(K) PLAN",2T3F3H2E2F2G2J2K2S3D,3960.0,10597208.0,2025-09-30
2022,0001280452,ein,20230912122103NAL0044264994001,"MONOLITHIC POWER SYSTEMS, INC.",770466789,001,"MONOLITHIC POWER SYSTEMS, INC. 401(K) SAVINGS PLAN",2F2G2E2J2K2T3D,350.0,0.0,2023-09-12
2023,0001280452,ein,20240731144349NAL0022468401001,"MONOLITHIC POWER SYSTEMS, INC.",770466789,001,"MONOLITHIC POWER SYSTEMS, INC. 401(K) SAVINGS PLAN",2F2G2E2J2K2T3D,406.0,0.0,2024-07-31
2024,0001280452,ein,20250925171746NAL0009419952001,"MONOLITHIC POWER SYSTEMS, INC.",770466789,001,"MONOLITHIC POWER SYSTEMS, INC. 401(K) SAVINGS PLAN",2F2G2E2J2K2T3D,428.0,0.0,2025-09-25
2022,0001281761,ein,20231013142202NAL0022925203001,REGIONS FINANCIAL CORPORATION,630589368,012,REGIONS FINANCIAL CORPORATION 401(K) PLAN,2E2F2G2J2K2O2S2T3H,20733.0,93513449.0,2023-10-13
2023,0001281761,ein,20240729162107NAL0019109441001,REGIONS FINANCIAL CORPORATION,630589368,012,REGIONS FINANCIAL CORPORATION 401(K) PLAN,2E2F2G2J2K2O2S2T3H,20782.0,99351716.0,2024-07-29
2024,0001281761,ein,20250717090658NAL0000026945001,REGIONS FINANCIAL CORPORATION,630589368,012,REGIONS FINANCIAL CORPORATION 401(K) PLAN,2E2F2G2J2K2O2S2T3H,20137.0,104393169.0,2025-07-17
2022,0001283699,subsidiary,20231011112904NAL0059812002001,T-MOBILE PUERTO RICO LLC,660649631,001,T-MOBILE PUERTO RICO 1165(E) PLAN,2E2F2G2S2T3H3J,804.0,1995838.0,2023-10-11
2022,0001283699,subsidiary,20231011113005NAL0019913523001,"T-MOBILE USA, INC.",911983600,001,"T-MOBILE USA, INC. 401(K) RETIREMENT SAVINGS PLAN & TRUST",2E2F2G2J2K2S2T3H3D2R,71538.0,190929862.0,2023-10-11
2023,0001283699,subsidiary,20241001144201NAL0003382563001,"T-MOBILE USA, INC.",911983600,001,"T-MOBILE USA, INC. 401(K) RETIREMENT SAVINGS PLAN & TRUST",2E2F2G2J2K2S2T3H3D2R,66624.0,181033570.0,2024-10-01
2023,0001283699,subsidiary,20241001144633NAL0006954497001,T-MOBILE PUERTO RICO LLC,660649631,001,T-MOBILE PUERTO RICO 1165(E) PLAN,2E2F2G2S2T3H3J,766.0,2101562.0,2024-10-01
2024,0001283699,subsidiary,20251009173756NAL0003790035001,"T-MOBILE USA, INC.",911983600,001,"T-MOBILE USA, INC. 401(K) RETIREMENT SAVINGS PLAN & TRUST",2E2F2G2J2K2S2T3H3D2R,69015.0,167364416.0,2025-10-09
2024,0001283699,subsidiary,20251013131601NAL0000642467001,T-MOBILE PUERTO RICO LLC,660649631,001,T-MOBILE PUERTO RICO 1165(E) PLAN,2E2F2G2S2T3H3J,815.0,2125432.0,2025-10-13
2022,0001285785,ein,20230620121328NAL0027747763001,THE MOSAIC COMPANY,201026454,019,MOSAIC UNION SAVINGS PLAN,2E2F2G2J2K2S3H,1767.0,12032331.0,2023-06-20
2022,0001285785,ein,20230620121740NAL0088047618001,THE MOSAIC COMPANY,201026454,004,MOSAIC INVESTMENT PLAN,2E2F2G2J2K2S3H,2033.0,29370058.0,2023-06-20
2022,0001285785,name,20231009123947NAL0017759251001,"MOSAIC GROUP, LLC",811918765,001,"MOSAIC GROUP, LLC 401(K) PLAN",2A2E2F2G2J2K2T3D,258.0,178555.0,2023-10-09
2023,0001285785,ein,20240709085033NAL0020638816001,THE MOSAIC COMPANY,201026454,004,MOSAIC INVESTMENT PLAN,2E2F2G2J2K2S3H,2173.0,29833481.0,2024-07-09
2023,0001285785,ein,20240709085223NAL0020642576001,THE MOSAIC COMPANY,201026454,019,MOSAIC UNION SAVINGS PLAN,2E2F2G2J2K2S3H,1756.0,12673673.0,2024-07-09
2023,0001285785,name,20240930131201NAL0010207008001,"MOSAIC GROUP, LLC",811918765,001,"MOSAIC GROUP, LLC 401(K) PLAN",2A2E2F2G2J2K2T3D,310.0,260430.0,2024-09-30
2024,0001285785,ein,20250709095518NAL0007446928001,THE MOSAIC COMPANY,201026454,019,MOSAIC UNION SAVINGS PLAN,2E2F2G2J2K2S3H,1777.0,12621415.0,2025-07-09
2024,0001285785,ein,20250709105117NAL0004699137001,THE MOSAIC COMPANY,201026454,004,MOSAIC INVESTMENT PLAN,2E2F2G2J2K2S3H,2163.0,29249892.0,2025-07-09
2024,0001285785,name,20251010135720NAL0013248608001,"MOSAIC GROUP, LLC",811918765,001,"MOSAIC GROUP, LLC 401(K) PLAN",2A2E2F2G2J2K2T3D,382.0,347931.0,2025-10-10
2022,0001286681,name,20230630151741NAL0008472561001,DOMINO'S PIZZA LLC,383495003,004,DOMINO'S PIZZA 401(K) SAVINGS PLAN,2E2G2J2K2T3D,6597.0,12901384.0,2023-06-30
2023,0001286681,name,20240626105000NAL0009334161001,DOMINO'S PIZZA LLC,383495003,004,DOMINO'S PIZZA 401(K) SAVINGS PLAN,2E2G2J2K2T3D,6815.0,13074457.0,2024-06-26
2024,0001286681,name,20250723160727NAL0002148707001,DOMINO'S PIZZA LLC,383495003,004,DOMINO'S PIZZA 401(K) SAVINGS PLAN,2E2G2J2K2T3D,9387.0,14806749.0,2025-07-23
2022,0001297996,subsidiary,20231012191801NAL0032809617001,"DIGITAL REALTY TRUST, L.P.",202402955,001,"DIGITAL REALTY TRUST, L.P. 401(K) PLAN",2F2G2J2K2S2T3B3H3D2R,1450.0,8214356.0,2023-10-12
2023,0001297996,subsidiary,20241015112617NAL0014484291001,"DIGITAL REALTY TRUST, L.P.",202402955,001,"DIGITAL REALTY TRUST, L.P. 401(K) PLAN",3D3H2F2G2J2K2R2S2T3B,1485.0,8878341.0,2024-10-15
2024,0001297996,subsidiary,20251014130939NAL0001395059001,"DIGITAL REALTY TRUST, L.P.",202402955,001,"DIGITAL REALTY TRUST, L.P. 401(K) PLAN",2F3H2G2J2K2S2T3B3D2R,1762.0,9639033.0,2025-10-14
2022,0001300514,ein,20230928133547NAL0016555760001,LAS VEGAS SANDS CORP.,270099920,001,LAS VEGAS SANDS CORP. 401(K) RETIREMENT PLAN,2F2G2J2K2T3D3H,597.0,1056601.0,2023-09-28
2023,0001300514,ein,20240916171126NAL0001808689001,LAS VEGAS SANDS CORP.,270099920,001,LAS VEGAS SANDS CORP. 401(K) RETIREMENT PLAN,2F2G2J2K2T3D3H,726.0,6466005.0,2024-09-16
2024,0001300514,ein,20250829203429NAL0019713008001,LAS VEGAS SANDS CORP.,270099920,001,LAS VEGAS SANDS CORP. 401(K) RETIREMENT PLAN,2F2G2J2K2T3H3D,806.0,5558614.0,2025-08-29
2022,0001316835,ein,20231010144638NAL0019056771001,"BUILDERS FIRSTSOURCE, INC.",522084569,001,BUILDERS FIRSTSOURCE 401(K) SAVINGS PLAN,2E2F2G2J2K2S2T3D3H,30738.0,32732576.0,2023-10-10
2023,0001316835,ein,20240809075401NAL0003349779001,"BUILDERS FIRSTSOURCE, INC.",522084569,001,BUILDERS FIRSTSOURCE 401(K) SAVINGS PLAN,2E2F2G2J2K2S2T3D3H,29845.0,33060848.0,2024-08-09
2024,0001316835,ein,20250724153728NAL0006443184001,"BUILDERS FIRSTSOURCE, INC.",522084569,001,BUILDERS FIRSTSOURCE 401(K) SAVINGS PLAN,2E2F2G2J2K2S2T3D3H,31456.0,34597087.0,2025-07-24
2022,0001318605,ein,20231016145413NAL0051403376001,"TESLA, INC.",912197729,001,"TESLA, INC. 401(K) PLAN",2E2F2G2J2K2S2T3D2R,74647.0,86709641.0,2023-10-16
2023,0001318605,ein,20241001133457NAL0011754240001,"TESLA, INC.",912197729,001,"TESLA, INC. 401(K) PLAN",2F2G2J2K2R2E2S2T3D,80827.0,100251533.0,2024-10-01
2024,0001318605,ein,20250905110013NAL0028770256001,"TESLA, INC.",912197729,001,"TESLA, INC. 401(K) PLAN",2F2G2J2K2E2S2T3D2R,72376.0,105870589.0,2025-09-05
2022,0001321655,ein,20231013165859NAL0068350674001,PALANTIR TECHNOLOGIES INC.,680551851,001,PALANTIR TECHNOLOGIES 401(K) PLAN,2E2F2G2J2K2T3H3D2R,2416.0,0.0,2023-10-13
2023,0001321655,ein,20241011143150NAL0012597571001,PALANTIR TECHNOLOGIES INC.,680551851,001,PALANTIR TECHNOLOGIES 401(K) PLAN,2E2F2G2J2K2R2T3D3H,2436.0,142.0,2024-10-11
2024,0001321655,ein,20251002154506NAL0000679873001,PALANTIR TECHNOLOGIES INC.,680551851,001,PALANTIR TECHNOLOGIES 401(K) PLAN,2E2F2G2J2K2T3H3D2R,2778.0,0.0,2025-10-02
2022,0001324404,ein,20231014130214NAL0046790672001,"CF INDUSTRIES HOLDINGS, INC.",202697511,001,"CF INDUSTRIES HOLDINGS, INC. 401(K) PLAN",2E2F2G2J2K2S2T,2050.0,13439418.0,2023-10-14
2023,0001324404,ein,20241015220321NAL0015457683001,"CF INDUSTRIES HOLDINGS, INC.",202697511,001,"CF INDUSTRIES HOLDINGS, INC. 401(K) PLAN",2E2F2G2J2K2S2T,2113.0,26986962.0,2024-10-15
2024,0001324404,ein,20251015151409NAL0009979314001,"CF INDUSTRIES HOLDINGS, INC.",202697511,001,"CF INDUSTRIES HOLDINGS, INC. 401(K) PLAN",2E2F2G2J2K2S2T,2232.0,30252382.0,2025-10-15
2022,0001324424,name,20230720111152NAL0002002963001,"EXPEDIA, INC.",911996083,002,EXPEDIA RETIREMENT SAVINGS PLAN,2E2F2G2J2K2S2T2R,8176.0,28090452.0,2023-07-20
2023,0001324424,name,20241009125830NAL0010620547001,"EXPEDIA, INC.",911996083,002,EXPEDIA RETIREMENT SAVINGS PLAN,2E2F2G2J2K2S2T2R,8260.0,32792725.0,2024-10-09
2024,0001324424,name,20250917085232NAL0000649426001,"EXPEDIA, INC.",911996083,002,EXPEDIA RETIREMENT SAVINGS PLAN,2G2J2K2S2T2R2E2F,7584.0,31602660.0,2025-09-17
2022,0001326160,ein,20231012184237NAL0042897104001,DUKE ENERGY CORPORATION,202777218,002,DUKE ENERGY RETIREMENT SAVINGS PLAN,2E2F2G2J2K2O2S2R2T,28121.0,245813000.0,2023-10-12
2023,0001326160,ein,20241010164909NAL0034799968001,DUKE ENERGY CORPORATION,202777218,002,DUKE ENERGY RETIREMENT SAVINGS PLAN,2E2F2G2J2K2O2S2R2T,27341.0,246331000.0,2024-10-10
2024,0001326160,ein,20251010135251NAL0018754754001,DUKE ENERGY CORPORATION,202777218,002,DUKE ENERGY RETIREMENT SAVINGS PLAN,2E2F2G2J2K2O2S2R2T,26616.0,252470000.0,2025-10-10
2022,0001326801,ein,20230818152022NAL0003618434001,"META PLATFORMS, INC.",201665019,001,"META PLATFORMS, INC 401(K) PLAN",2K2T3H2J2E3D2R2G2F2S,66696.0,693970336.0,2023-08-18
2023,0001326801,ein,20240627151945NAL0021931778001,"META PLATFORMS, INC.",201665019,001,"META PLATFORMS, INC 401(K) PLAN",2K2T3H2J2E2G2F2S3D2R,51434.0,674892444.0,2024-06-27
2024,0001326801,ein,20250626144952NAL0012969680001,"META PLATFORMS, INC.",201665019,001,"META PLATFORMS, INC 401(K) PLAN",2T3H2J2E2G2F2K2S3D2R,58603.0,670442409.0,2025-06-26
2022,0001327567,subsidiary,20230730015443NAL0020129040001,"CYBERARK SOFTWARE, INC.",522215591,001,"CYBERARK SOFTWARE, INC. 401K PLAN",2E2F2G2J2K2T3D3H2S,920.0,5626700.0,2023-07-30
2022,0001327567,ein,20230918115619NAL0058643314001,"PALO ALTO NETWORKS, INC.",202530195,001,"PALO ALTO NETWORKS, INC. 401(K) PLAN",2F2G2J2T3H3D2R,8249.0,7514764.0,2023-09-18
2023,0001327567,subsidiary,20240920115431NAL0002932067001,"CYBERARK SOFTWARE, INC.",522215591,001,"CYBERARK SOFTWARE, INC. 401K PLAN",2E2F2G2J2K2T3D3H2S,999.0,6580332.0,2024-09-20
2023,0001327567,ein,20240923154128NAL0023877234001,"PALO ALTO NETWORKS, INC.",202530195,001,"PALO ALTO NETWORKS, INC. 401(K) PLAN",2F2G2J2T3H3D2R,8164.0,7901140.0,2024-09-23
2024,0001327567,ein,20251009140457NAL0003977571001,"PALO ALTO NETWORKS, INC.",202530195,001,"PALO ALTO NETWORKS, INC. 401(K) PLAN",2J2T3H3D2R2F2G,8804.0,8363481.0,2025-10-09
2024,0001327567,subsidiary,20251010064840NAL0004394019001,"CYBERARK SOFTWARE, INC.",522215591,001,"CYBERARK SOFTWARE, INC. 401K PLAN",2E2F2G2J2K2T3D3H2S,1082.0,7181557.0,2025-10-10
2022,0001327811,ein,20231011113726NAL0029886497001,"WORKDAY, INC.",202480422,001,"WORKDAY, INC. 401(K) PLAN",2E2F2G2J3F3D2R,11805.0,54878678.0,2023-10-11
2023,0001327811,ein,20240923105057NAL0023286674001,"WORKDAY, INC.",202480422,001,"WORKDAY, INC. 401(K) PLAN",2E2F2G2J3F3D2R,12114.0,63742008.0,2024-09-23
2024,0001327811,ein,20251013112359NAL0001204753001,"WORKDAY, INC.",202480422,001,"WORKDAY, INC. 401(K) PLAN",2E2F2G2J3F3D2R,12750.0,69727407.0,2025-10-13
2022,0001336920,name,20230731123036NAL0017018289005,"LEIDOS, INC.",953630868,004,"LEIDOS, INC. RETIREMENT PLAN",2E2F2G2J2K2R2T3F3H3J,27043.0,132054338.0,2023-07-31
2022,0001336920,subsidiary,20230907131137NAL0032298610001,"LEIDOS BIOMEDICAL RESEARCH, INC.",330653185,003,"LEIDOS BIOMEDICAL RESEARCH, INC. CAPITAL ACCUMULATION PLAN",2E2F2G2J2K2T3H,2284.0,8118396.0,2023-09-07
2022,0001336920,subsidiary,20231009155743NAL0054515826001,"DYNETICS, INC.",630670881,002,"DYNETICS, INC. 401(K) PLAN",2F2G2J2K2T3H2S,2883.0,12566691.0,2023-10-09
2022,0001336920,subsidiary,20231010182837NAL0028905217001,"QTC MANAGEMENT, INC.",953948968,003,"QTC MANAGEMENT, INC. RETIREMENT SAVINGS PLAN",2E2F2G2J2K2T3D3H,2970.0,3606769.0,2023-10-10
2023,0001336920,subsidiary,20240730133427NAL0020083633001,"LEIDOS BIOMEDICAL RESEARCH, INC.",330653185,003,"LEIDOS BIOMEDICAL RESEARCH, INC. CAPITAL ACCUMULATION PLAN",2E2F2G2J2K2T3H,2429.0,8849582.0,2024-07-30
2023,0001336920,name,20240829151317NAL0024630880001,"LEIDOS, INC.",953630868,004,"LEIDOS, INC. RETIREMENT PLAN",2E2F2G2J2K2O2R2T3F3H3J,29734.0,153417700.0,2024-08-29
2023,0001336920,subsidiary,20240920081300NAL0004273459001,KUDU DYNAMICS,463357840,001,KUDU DYNAMICS 401(K) RETIREMENT PLA N,2E2F2G2J2K2T3D2A,155.0,1377182.0,2024-09-20
2023,0001336920,subsidiary,20241012191803NAL0013573827001,"QTC MANAGEMENT, INC.",953948968,003,"QTC MANAGEMENT, INC. RETIREMENT SAVINGS PLAN",2E2F2G2J2K2T3D3H,3822.0,4938882.0,2024-10-12
2024,0001336920,subsidiary,20250725105016NAL0003355075001,"LEIDOS BIOMEDICAL RESEARCH, INC.",330653185,003,"LEIDOS BIOMEDICAL RESEARCH, INC. CAPITAL ACCUMULATION PLAN",2E2F2G2J2K2T3H,2319.0,9239843.0,2025-07-25
2024,0001336920,name,20250918164145NAL0001505649001,"LEIDOS, INC.",953630868,004,"LEIDOS, INC. RETIREMENT PLAN",2E2F2G2J2K2O2R2T3F3H3J,30281.0,159419110.0,2025-09-18
2024,0001336920,subsidiary,20250919125249NAL0002309153001,"SAVANNA INDUSTRIES, INC.",862944369,002,SAVANNA INDUSTRIES EMPLOYEE STOCK OWNERSHIP PLAN,2P2Q3I,176.0,3089512.0,2025-09-19
2024,0001336920,subsidiary,20250930074014NAL0011407329001,KUDU DYNAMICS,463357840,001,KUDU DYNAMICS 401(K) RETIREMENT PLA N,2E2F2G2J2K2T3D2A,177.0,1739488.0,2025-09-30
2024,0001336920,subsidiary,20251015171939NAL0005511921001,"QTC MANAGEMENT, INC.",953948968,003,"QTC MANAGEMENT, INC. RETIREMENT SAVINGS PLAN",2E2F2G2J2K2T3D3H,4384.0,12438467.0,2025-10-15
2022,0001341439,ein,20230504180015NAL0013132899001,ORACLE CORPORATION,542185193,001,ORACLE CORPORATION 401(K) SAVINGS AND INVESTMENT PLAN,2E2F2G2J2K2R2T,63105.0,178898185.0,2023-05-04
2023,0001341439,ein,20240426174513NAL0018592529001,ORACLE CORPORATION,542185193,001,ORACLE CORPORATION 401(K) SAVINGS AND INVESTMENT PLAN,2E2F2G2J2K2R2T,58962.0,203832857.0,2024-04-26
2024,0001341439,ein,20250425143927NAL0005242051001,ORACLE CORPORATION,542185193,001,ORACLE CORPORATION 401(K) SAVINGS AND INVESTMENT PLAN,2E2F2G2J2K2R2T,58808.0,201444825.0,2025-04-25
2022,0001373715,ein,20231013113050NAL0033710385001,"SERVICENOW, INC.",202056195,001,"SERVICENOW, INC. 401(K) PLAN",3D2R2F2G2J2K2S2T3F2E,10956.0,32218324.0,2023-10-13
2023,0001373715,subsidiary,20240801154015NAL0023109825001,"DATA.WORLD, INC.",475115483,001,DATA.WORLD 401(K) PLAN,2E2F2G2J2K2S2T3D,135.0,0.0,2024-08-01
2023,0001373715,ein,20241010134134NAL0011513507001,"SERVICENOW, INC.",202056195,001,"SERVICENOW, INC. 401(K) PLAN",2E2F2G2J2K2R2S2T3D3F,11824.0,74529926.0,2024-10-10
2024,0001373715,subsidiary,20250708114021NAL0003918209001,"DATA.WORLD, INC.",475115483,001,DATA.WORLD 401(K) PLAN,2E2F2G2J2K2S2T3D,113.0,0.0,2025-07-08
2024,0001373715,ein,20251007141814NAL0011724802001,"SERVICENOW, INC.",202056195,001,"SERVICENOW, INC. 401(K) PLAN",2E2F2G2J2K2S2T3F3D2R,13322.0,76719545.0,2025-10-07
2022,0001374310,ein,20230928131146NAL0007962403001,"CBOE GLOBAL MARKETS, INC.",205446972,001,CBOE GLOBAL MARKETS SMART PLAN,2G2J2K3H3D2R2E,1030.0,12294756.0,2023-09-28
2023,0001374310,ein,20240717112009NAL0003964113001,"CBOE GLOBAL MARKETS, INC.",205446972,001,CBOE GLOBAL MARKETS SMART PLAN,2K3H2E3D2R2G2J,1143.0,15820441.0,2024-07-17
2024,0001374310,subsidiary,20250910100045NAL0021063425001,CBOE SERVICES CO.,113817385,001,CBOE GLOBAL MARKETS SMART PLAN,2K3H2E2G2J3D2R,1125.0,16108224.0,2025-09-10
2022,0001375365,ein,20231013182618NAL0023428195001,"SUPER MICRO COMPUTER, INC.",770353939,001,SUPER MICRO COMPUTER 401(K) RETIREMENT PLAN,2E2F2G2J2K2T3D,2426.0,0.0,2023-10-13
2023,0001375365,ein,20241009124542NAL0018302641001,"SUPER MICRO COMPUTER, INC.",770353939,001,SUPER MICRO COMPUTER 401(K) RETIREMENT PLAN,2E2F2G2J2K2T3D,2668.0,542.0,2024-10-09
2022,0001383312,ein,20231010204125NAL0019532915001,"BROADRIDGE FINANCIAL SOLUTIONS, INC.",331151291,001,"BROADRIDGE FINANCIAL SOLUTIONS, INC. RETIREMENT SAVINGS PLAN",2E2F2G2J2K2S2T3H,7085.0,49072566.0,2023-10-10
2023,0001383312,ein,20241009090438NAL0009055763001,"BROADRIDGE FINANCIAL SOLUTIONS, INC.",331151291,001,"BROADRIDGE FINANCIAL SOLUTIONS, INC. RETIREMENT SAVINGS PLAN",2E2F2G2J2K2S2T3H,6935.0,47929406.0,2024-10-09
2024,0001383312,ein,20251010093226NAL0007442721001,"BROADRIDGE FINANCIAL SOLUTIONS, INC.",331151291,001,"BROADRIDGE FINANCIAL SOLUTIONS, INC. RETIREMENT SAVINGS PLAN",2F2G2J2K2S2T3H2E,6802.0,49705742.0,2025-10-10
2022,0001385157,name,20231011132427NAL0039547696001,TE CONNECTIVITY CORPORATION,230332575,008,TE CONNECTIVITY RETIREMENT SAVINGS AND INVESTMENT PLAN,2E2F2G2J2K2S2T3H,9245.0,49466196.0,2023-10-11
2023,0001385157,name,20241001125938NAL0003264003001,TE CONNECTIVITY CORPORATION,230332575,008,TE CONNECTIVITY RETIREMENT SAVINGS AND INVESTMENT PLAN,2E2F2G2J2K2S2T3H,8846.0,46874312.0,2024-10-01
2024,0001385157,subsidiary,20250821081625NAL0003970865001,RICHARDS MFG CO SALES LLC,872299559,001,RICHARDS MANUFACTURING 401(K) PLAN,2A2E2F2G2J2K2T3D3H,349.0,730263.0,2025-08-21
2024,0001385157,name,20251009165106NAL0006921921001,TE CONNECTIVITY CORPORATION,230332575,008,TE CONNECTIVITY RETIREMENT SAVINGS AND INVESTMENT PLAN,2E2F2G2J2K2S2T3H,8252.0,47330800.0,2025-10-09
2023,0001389170,name,20241011151634NAL0023071985001,TARGA RESOURCES LLC,141904332,001,TARGA RESOURCES 401(K) AND PROFIT SHARING PLAN,2E2F2G2J2K2T3D2R,3181.0,31810390.0,2024-10-11
2024,0001389170,name,20251013102946NAL0002480738001,TARGA RESOURCES LLC,141904332,001,TARGA RESOURCES 401(K) AND PROFIT SHARING PLAN,2E2F2G2J2K2T3D2R,3421.0,34311199.0,2025-10-13
2022,0001390777,ein,20230825134558NAL0000966656001,THE BANK OF NEW YORK MELLON CORPORATION,132614959,004,THE BANK OF NEW YORK MELLON CORPORATION 401(K) SAVINGS PLAN,2E2F2G2J2K2O2R2S2T3H,25184.0,181829104.0,2023-08-25
2023,0001390777,ein,20241009133026NAL0009261619001,THE BANK OF NEW YORK MELLON CORPORATION,132614959,004,THE BANK OF NEW YORK MELLON CORPORATION 401(K) SAVINGS PLAN,2E2F2G2J2K2O2R2S2T3H,24183.0,181873169.0,2024-10-09
2024,0001390777,ein,20251013151144NAL0000750963001,THE BANK OF NEW YORK MELLON CORPORATION,132614959,004,THE BANK OF NEW YORK MELLON CORPORATION 401(K) SAVINGS PLAN,2E2F2G2J2K2O2R2S2T3H,22098.0,165680701.0,2025-10-13
2022,0001393052,ein,20240429115554NAL0013897872001,VEEVA SYSTEMS INC.,208235463,001,VEEVA SYSTEMS INC. 401(K) PLAN,2F2G2J2K2T2E3D,3682.0,6774166.0,2024-04-29
2023,0001393052,ein,20241014103608NAL0053140994001,VEEVA SYSTEMS INC.,208235463,001,VEEVA SYSTEMS INC. 401(K) PLAN,2F2G2J2K2T2E3D,3959.0,7634402.0,2024-10-14
2024,0001393052,ein,20250818095158NAL0000564195001,VEEVA SYSTEMS INC.,208235463,001,VEEVA SYSTEMS INC. 401(K) PLAN,2F2G2J2K2T2E3D,3977.0,7929750.0,2025-08-18
2022,0001393311,ein,20231006215429NAL0023540305001,PUBLIC STORAGE,953551121,001,PS 401(K) PROFIT SHARING PLAN,2E2F2G2J2K2R2T2U3D3H,5225.0,4630114.0,2023-10-06
2023,0001393311,ein,20240614135230NAL0032276353001,PUBLIC STORAGE,953551121,001,PS 401(K) PROFIT SHARING PLAN,2E2F2G2J2K2R2T3D3H,5686.0,4437729.0,2024-06-14
2024,0001393311,ein,20251014125438NAL0001374019001,PUBLIC STORAGE,953551121,001,PS 401(K) PROFIT SHARING PLAN,2E2F2G2J2K2R2T3D3H,5502.0,4732650.0,2025-10-14
2022,0001393818,subsidiary,20231004170417NAL0020618193001,"BLACKSTONE ADMINISTRATIVE SERVICES PARTNERSHIP, L.P.",133637000,002,BLACKSTONE 401(K) SAVINGS PLAN,2F2G2J2K2T3D2R2E,3483.0,8329073.0,2023-10-04
2023,0001393818,subsidiary,20240926140520NAL0000879025001,"BLACKSTONE ADMINISTRATIVE SERVICES PARTNERSHIP, L.P.",133637000,002,BLACKSTONE 401(K) SAVINGS PLAN,2F2G2J2K2T2E3D2R,3481.0,8789026.0,2024-09-26
2024,0001393818,subsidiary,20251014135915NAL0003091473001,"BLACKSTONE ADMINISTRATIVE SERVICES PARTNERSHIP, L.P.",133637000,002,BLACKSTONE 401(K) SAVINGS PLAN,2F2G2J2K2T2E3D2R,3723.0,8623618.0,2025-10-14
2022,0001396009,subsidiary,20230809141137NAL0014560499001,WAKE STONE CORPORATION,560946494,001,WAKE STONE CORPORATION PROFIT SHARING AND 401(K) PLAN,2E2F2J2T3D,147.0,2000000.0,2023-08-09
2022,0001396009,ein,20230925163337NAL0004745107001,VULCAN MATERIALS COMPANY,208579133,050,CMG HOURLY 401(K) PLAN,2E2J2K,894.0,2668559.0,2023-09-25
2022,0001396009,ein,20230925163635NAL0016418338001,VULCAN MATERIALS COMPANY,208579133,041,VULCAN 401K PLAN,2E2J2K,9486.0,67645611.0,2023-09-25
2023,0001396009,subsidiary,20240816074018NAL0008126547001,WAKE STONE CORPORATION,560946494,001,WAKE STONE CORPORATION PROFIT SHARING AND 401(K) PLAN,2E2F2J2T3D,158.0,2200000.0,2024-08-16
2023,0001396009,ein,20240822115518NAL0003035555001,VULCAN MATERIALS COMPANY,208579133,041,VULCAN 401K PLAN,2E2J2K,8626.0,78502864.0,2024-08-22
2023,0001396009,ein,20240822120012NAL0010639042001,VULCAN MATERIALS COMPANY,208579133,050,CMG HOURLY 401(K) PLAN,2E2J2K,709.0,3261443.0,2024-08-22
2024,0001396009,ein,20250625141002NAL0004635235001,VULCAN MATERIALS COMPANY,208579133,041,VULCAN 401K PLAN,2E2F2G2J2K2S,9218.0,70679536.0,2025-06-25
2024,0001396009,ein,20250625141212NAL0007904129001,VULCAN MATERIALS COMPANY,208579133,050,CMG HOURLY 401(K) PLAN,2E2J2K,646.0,2317674.0,2025-06-25
2024,0001396009,subsidiary,20250711161718NAL0004802067002,WAKE STONE CORPORATION,560946494,001,WAKE STONE CORPORATION PROFIT SHARING AND 401(K) PLAN,2E2F2J2T3D,175.0,2350000.0,2025-07-11
2022,0001397187,ein,20230922132759NAL0004295569001,LULULEMON ATHLETICA INC.,203842867,001,LULULEMON SAVINGS PLAN,2E2F2G2J2K2S2T3D,15491.0,8284184.0,2023-09-22
2023,0001397187,ein,20240924174040NAL0004869315001,LULULEMON ATHLETICA INC.,203842867,001,LULULEMON SAVINGS PLAN,2E2F2G2J2K2S2T3D,16949.0,12871492.0,2024-09-24
2024,0001397187,ein,20251010182040NAL0004452451001,LULULEMON ATHLETICA INC.,203842867,001,LULULEMON SAVINGS PLAN,2E2F2G2J2K2S2T3D,16468.0,13542061.0,2025-10-10
2022,0001403161,ein,20230711155033NAL0013917907001,VISA INC.,260267673,333,VISA 401K PLAN,2E2F2G2J2K2T3F3H2R,12481.0,169535366.0,2023-07-11
2023,0001403161,ein,20240815161211NAL0028225794001,VISA INC.,260267673,333,VISA 401K PLAN,2E2F2G2J2K2R2T3F3H,13121.0,197951390.0,2024-08-15
2024,0001403161,ein,20250910130052NAL0013182099001,VISA INC.,260267673,333,VISA 401K PLAN,2E2F2G2J2K2T3F3H2R,13476.0,214481348.0,2025-09-10
2022,0001403568,name,20231013084003NAL0032768257001,"ULTA SALON COSMETICS & FRAGRANCE, INC.",363685240,001,ULTA SALON COSMETICS & FRAGRANCE 401(K) RETIREMENT PLAN,2F2G2J2K2T3F3D,58144.0,20690628.0,2023-10-13
2023,0001403568,name,20241014145238NAL0026470385001,"ULTA SALON COSMETICS & FRAGRANCE, INC.",363685240,001,ULTA SALON COSMETICS & FRAGRANCE 401(K) RETIREMENT PLAN,2F2G2J2K2T3F3D,62972.0,24495571.0,2024-10-14
2024,0001403568,name,20251015142646NAL0004830161001,"ULTA SALON COSMETICS & FRAGRANCE, INC.",363685240,001,ULTA SALON COSMETICS & FRAGRANCE 401(K) RETIREMENT PLAN,2F2G2J2K2T3F3D,67118.0,26051130.0,2025-10-15
2022,0001404912,subsidiary,20230927090421NAL0020496722001,KOHLBERG KRAVIS ROBERTS & CO. L.P.,132857105,001,KOHLBERG KRAVIS ROBERTS AND CO. 401(K) PROFIT SHARING PLAN,2E2F2G2J2K2T2R,1562.0,11179043.0,2023-09-27
2022,0001404912,subsidiary,20231003154804NAL0012639971001,GLOBAL ATLANTIC FINANCIAL COMPANY,900928452,001,GLOBAL ATLANTIC FINANCIAL COMPANY 401(K) PLAN,2E2F2G2J2K2S2T3H3D,1356.0,11439904.0,2023-10-03
2023,0001404912,subsidiary,20240917163623NAL0003108513001,KOHLBERG KRAVIS ROBERTS & CO. L.P.,132857105,001,KOHLBERG KRAVIS ROBERTS AND CO. 401(K) PROFIT SHARING PLAN,2E2F2G2J2K2R2T3H,1557.0,13555289.0,2024-09-17
2023,0001404912,subsidiary,20241011124907NAL0038760000001,GLOBAL ATLANTIC FINANCIAL COMPANY,900928452,001,GLOBAL ATLANTIC FINANCIAL COMPANY 401(K) PLAN,2E2F2G2J2K2S2T3H3D,1567.0,13491895.0,2024-10-11
2024,0001404912,subsidiary,20250819154108NAL0002350657001,KOHLBERG KRAVIS ROBERTS & CO. L.P.,132857105,001,KOHLBERG KRAVIS ROBERTS AND CO. 401(K) PROFIT SHARING PLAN,2E2F2G2J2K2R2T3D3H,1627.0,14026862.0,2025-08-19
2024,0001404912,subsidiary,20251015134453NAL0009895570001,GLOBAL ATLANTIC FINANCIAL COMPANY,900928452,001,GLOBAL ATLANTIC FINANCIAL COMPANY 401(K) PLAN,3D2F2G2J2K2S2T3H2E,1624.0,15392294.0,2025-10-15
2022,0001408198,ein,20231013085038NAL0033433137001,MSCI INC.,134038723,001,MSCI INC. 401(K) RETIREMENT SAVINGS PLAN,2E2F2G2J2K2S2T3D3F3H,906.0,12392694.0,2023-10-13
2023,0001408198,ein,20241014090747NAL0026876097001,MSCI INC.,134038723,001,MSCI INC. 401(K) RETIREMENT SAVINGS PLAN,2E2F2G2J2K2S2T3D3H,1097.0,12616532.0,2024-10-14
2023,0001408198,ein,20250930074541NAL0012012001001,THE BURGISS GROUP LLC,134038723,005,BURGISS 401(K) PLAN,2S2E3D2G2J2K2F2T,214.0,976885.0,2025-09-30
2024,0001408198,ein,20251009125347NAL0007014497001,MSCI INC.,134038723,001,MSCI INC. 401(K) RETIREMENT SAVINGS PLAN,2E2F2G2J2K2S2T3H,1191.0,16993543.0,2025-10-09
2022,0001410636,ein,20231016124953NAL0075918786004,"AMERICAN WATER WORKS COMPANY, INC.",510063696,003,SAVS PL FOR EMPS OF AMER WTR WKS CO INC & ITS DESIG SUBS,2E2F2G2J2K2T3H,6474.0,37758057.0,2023-10-16
2023,0001410636,ein,20241011120511NAL0038649552005,"AMERICAN WATER WORKS COMPANY, INC.",510063696,003,SAVS PL FOR EMPS OF AMER WTR WKS CO INC & ITS DESIG SUBS,2E2F2G2J2K2S2T3H,6447.0,40309786.0,2024-10-11
2024,0001410636,ein,20251013165014NAL0000837235003,"AMERICAN WATER WORKS COMPANY, INC.",510063696,003,SAVS PL FOR EMPS OF AMER WTR WKS CO INC & ITS DESIG SUBS,2E2F2G2J2K2S2T3H,6721.0,43496846.0,2025-10-13
2022,0001413329,subsidiary,20231002113623NAL0010566339001,SWEDISH MATCH NORTH AMERICA LLC,621257378,006,EMPLOYEE RETIREMENT SAVINGS PLAN,2E2F2G2J2K2S2T3D3H,675.0,5560979.0,2023-10-02
2022,0001413329,subsidiary,20231002114134NAL0016601649001,SWEDISH MATCH CIGARS INC.,541925318,001,SWEDISH MATCH CIGARS 401(K) PLAN,2E2F2G2J2K2T3H,69.0,59725.0,2023-10-02
2022,0001413329,subsidiary,20231002114310NAL0034590178001,SWEDISH MATCH NORTH AMERICA LLC,621257378,004,PINKERTON TOBACCO HOURLY EMPLOYEES PROFIT SHARING PLAN,2E2F2G2J2K2T3H,516.0,2199506.0,2023-10-02
2022,0001413329,subsidiary,20231002114523NAL0023049488001,SWEDISH MATCH NORTH AMERICA LLC,621257378,003,SWEDISH MATCH NORTH AMERICA SALARIED PROFIT SHARING PLAN,2E2F2G2J2K2T3H,212.0,1675658.0,2023-10-02
2022,0001413329,subsidiary,20231103195050NAL0017113857001,PMI GLOBAL SERVICES INC,030494952,002,PHILIP MORRIS INTERNATIONAL DEFERRED PROFIT-SHARING PLAN,2E2F2G2J2S2T3H,247.0,4197251.0,2023-11-03
2023,0001413329,subsidiary,20240926213534NAL0002431954001,SWEDISH MATCH NORTH AMERICA LLC,621257378,006,EMPLOYEE RETIREMENT SAVINGS PLAN,2E2F2G2J2K2S2T3D3H,743.0,6679846.0,2024-09-26
2023,0001413329,subsidiary,20241011132225NAL0022822865001,SWEDISH MATCH NORTH AMERICA LLC,621257378,003,SWEDISH MATCH NORTH AMERICA SALARIED PROFIT SHARING PLAN,2E2F2G2J2K2T3H,191.0,1552970.0,2024-10-11
2023,0001413329,subsidiary,20241011132708NAL0037045744001,SWEDISH MATCH NORTH AMERICA LLC,621257378,004,PINKERTON TOBACCO HOURLY EMPLOYEES PROFIT SHARING PLAN,2E2F2G2J2K2S2T3H,623.0,3565140.0,2024-10-11
2023,0001413329,subsidiary,20251007083231NAL0007539584001,PMI GLOBAL SERVICES INC,030494952,002,PHILIP MORRIS INTERNATIONAL DEFERRED PROFIT-SHARING PLAN,2E2F2G2J2S2T3H,301.0,7258973.0,2025-10-07
2024,0001413329,subsidiary,20251013101037NAL0000462307001,SWEDISH MATCH NORTH AMERICA LLC,621257378,006,EMPLOYEE RETIREMENT SAVINGS PLAN,2E2F2G2J2K2S2T3D3H,908.0,8521321.0,2025-10-13
2024,0001413329,subsidiary,20251013101646NAL0000478707001,SWEDISH MATCH NORTH AMERICA LLC,621257378,004,PINKERTON TOBACCO HOURLY EMPLOYEES PROFIT SHARING PLAN,2E2F2G2J2K2S2T3H,931.0,4435260.0,2025-10-13
2024,0001413329,subsidiary,20251013101655NAL0000478771001,SWEDISH MATCH NORTH AMERICA LLC,621257378,003,SWEDISH MATCH NORTH AMERICA SALARIED PROFIT SHARING PLAN,2E2F2G2J2K2T3H,168.0,1514946.0,2025-10-13
2024,0001413329,subsidiary,20251013122617NAL0000591859001,PMI GLOBAL SERVICES INC,030494952,002,PHILIP MORRIS INTERNATIONAL DEFERRED PROFIT-SHARING PLAN,2E2F2G2J2S2T3H,366.0,9150399.0,2025-10-13
2022,0001415404,subsidiary,20231013131253NAL0022751811001,DISH NETWORK CORPORATION,880336997,001,DISH NETWORK CORPORATION 401(K) PLAN,2E2F2G2J2K2S2T3H,13820.0,27479686.0,2023-10-13
2022,0001415404,ein,20231013131915NAL0067532274001,ECHOSTAR CORPORATION,261232727,001,ECHOSTAR 401(K) PLAN,2G2J2K2T2F3H3D2R,1697.0,10895813.0,2023-10-13
2023,0001415404,subsidiary,20241004134806NAL0005743139001,DISH NETWORK CORPORATION,880336997,001,DISH NETWORK CORPORATION 401(K) PLAN,2E2F2G2J2K2S2T3H,12420.0,14537660.0,2024-10-04
2023,0001415404,ein,20241011064349NAL0012226211001,ECHOSTAR CORPORATION,261232727,001,ECHOSTAR 401(K) PLAN,2J2K2T2F3H3D2R2G,1722.0,5847108.0,2024-10-11
2024,0001415404,subsidiary,20251013153215NAL0003388834001,DISH NETWORK CORPORATION,880336997,001,DISH NETWORK CORPORATION 401(K) PLAN,2E2F2G2J2K2S2T2R,11903.0,34881162.0,2025-10-13
2022,0001418135,name,20230818141946NAL0001689409001,KEURIG DR PEPPER INC.,980517725,022,"DR PEPPER SNAPPLE GROUP, INC. UNION EMPLOYEES SAVINGS PLAN",2C2G2T,253.0,342300.0,2023-08-18
2022,0001418135,name,20230912104649NAL0020665329001,KEURIG DR PEPPER INC.,980517725,010,KEURIG DR PEPPER 401(K) PLAN,2K2T3F2F2G2E2J2R,22024.0,61481798.0,2023-09-12
2023,0001418135,name,20241010165727NAL0041618402001,KEURIG DR PEPPER INC.,980517725,010,KEURIG DR PEPPER 401(K) PLAN,2K2T3F2F2G2E2J2R,21709.0,64144214.0,2024-10-10
2023,0001418135,name,20241010171436NAL0041004034001,KEURIG DR PEPPER INC.,980517725,022,"DR PEPPER SNAPPLE GROUP, INC. UNION EMPLOYEES SAVINGS PLAN",2C2G2T,276.0,389614.0,2024-10-10
2024,0001418135,name,20250910115925NAL0021146961001,KEURIG DR PEPPER INC.,980517725,022,"DR PEPPER SNAPPLE GROUP, INC. UNION EMPLOYEES SAVINGS PLAN",2C2G2T,267.0,453819.0,2025-09-10
2024,0001418135,name,20250910120852NAL0013427267001,KEURIG DR PEPPER INC.,980517725,010,KEURIG DR PEPPER 401(K) PLAN,2J2R2E2K2T3F2F2G,21156.0,69209695.0,2025-09-10
2022,0001437107,subsidiary,20231003165046NAL0038026706001,"TTT WEST COAST, INC.",954448498,001,"TTT WEST COAST, INC. 401(K) RETIREMENT SAVINGS PLAN",2E2F2G2J2T3H,272.0,0.0,2023-10-03
2022,0001437107,subsidiary,20231012130719NAL0031925281001,"PARAGON COMMUNICATIONS, INC.",043501555,001,"PARAGON COMMUNICATIONS, INC. 401(K) PROFIT SHARING PLAN & TRUST",2E2F2G2J2K3D3H2T,100.0,161055.0,2023-10-12
2023,0001437107,ein,20240722144830NAL0017816000001,"WARNER BROS. DISCOVERY, INC.",352333914,001,WARNER BROS. DISCOVERY 401(K) SAVINGS PLAN,2E2F2G2J2K2R2S2T3F3H,18110.0,176259218.0,2024-07-22
2024,0001437107,ein,20250829075228NAL0021921186001,"WARNER BROS. DISCOVERY, INC.",352333914,001,WARNER BROS. DISCOVERY 401(K) SAVINGS PLAN,2E2F2G2J2K2R2S2T3F3H,17534.0,146586875.0,2025-08-29
2022,0001466258,subsidiary,20230824090508NAL0008667889001,NUVOLO TECHNOLOGIES CORPORATION,464487540,001,NUVOLO TECHNOLOGIES CORPORATION 401K PLAN,2E2F2G2J2K2S2T3D,122.0,898635.0,2023-08-24
2022,0001466258,name,20231016075754NAL0037207169001,TRANE TECHNOLOGIES COMPANY LLC,135156640,078,TRANE TECHNOLOGIES EMPLOYEE SAVINGS PLAN (ESP),2E2F2G2J2K3H,18144.0,126121092.0,2023-10-16
2022,0001466258,name,20231016075859NAL0049948640001,TRANE TECHNOLOGIES COMPANY LLC,135156640,076,TRANE TECHNOLOGIES EMPLOYEE SAVINGS PLAN FOR BARGAINED EMPLOYEES,2F2G2J2K3H2E,271.0,148238.0,2023-10-16
2022,0001466258,subsidiary,20231016080003NAL0049949856001,"THERMO KING PUERTO RICO MANUFACTURA, INC.",660777053,077,TRANE TECHNOLOGIES RETIREMENT SAVINGS PLAN FOR PARTICIPATING AFFILIATES IN PUERTO RICO,2E2F2G2J2K3H,772.0,2299946.0,2023-10-16
2022,0001466258,subsidiary,20231016080211NAL0037211777001,TRANE U.S. INC.,250900465,043,TRANE 401(K) AND THRIFT PLAN,2E2G2J2K3H,5373.0,8198082.0,2023-10-16
2022,0001466258,subsidiary,20240711141556NAL0009429411001,"ALLIANCE COMPRESSORS, LLC",133757304,001,"ALLIANCE COMPRESSORS, LLC 401K PLAN",2E2F2G2J2K2S2T,594.0,1079796.0,2024-07-11
2023,0001466258,name,20241014154847NAL0052993906001,TRANE TECHNOLOGIES COMPANY LLC,135156640,078,TRANE TECHNOLOGIES EMPLOYEE SAVINGS PLAN (ESP),2E2F2G2J2K3H,19674.0,153252695.0,2024-10-14
2023,0001466258,name,20241014154921NAL0013571443001,TRANE TECHNOLOGIES COMPANY LLC,135156640,076,TRANE TECHNOLOGIES EMPLOYEE SAVINGS PLAN FOR BARGAINED EMPLOYEES,2F2G2J2K3H2E,272.0,163428.0,2024-10-14
2023,0001466258,subsidiary,20241014155047NAL0015243203001,"THERMO KING PUERTO RICO MANUFACTURA, INC.",660777053,077,TRANE TECHNOLOGIES RETIREMENT SAVINGS PLAN FOR PARTICIPATING AFFILIATES IN PUERTO RICO,2E2F2G2J2K3H,863.0,2721363.0,2024-10-14
2023,0001466258,subsidiary,20241014155226NAL0027780145001,TRANE U.S. INC.,250900465,043,TRANE 401(K) AND THRIFT PLAN,2E2G2J2K3H,5197.0,7783176.0,2024-10-14
2023,0001466258,subsidiary,20241015090908NAL0048604352001,HELMER SCIENTIFIC LLC,411432277,001,HELMER SCIENTIFIC LLC 401(K) PLAN,2F2G2J2K2R2T2E3B3D,913.0,382842.0,2024-10-15
2023,0001466258,subsidiary,20250715151245NAL0001415203001,"ALLIANCE COMPRESSORS, LLC",133757304,001,"ALLIANCE COMPRESSORS, LLC 401K PLAN",2E2F2G2J2K2S2T,619.0,1055757.0,2025-07-15
2024,0001466258,name,20251008072019NAL0012801442001,TRANE TECHNOLOGIES COMPANY LLC,135156640,076,TRANE TECHNOLOGIES EMPLOYEE SAVINGS PLAN FOR BARGAINED EMPLOYEES,2F2G2J2K3H2E,207.0,178705.0,2025-10-08
2024,0001466258,name,20251008072227NAL0003096531001,TRANE TECHNOLOGIES COMPANY LLC,135156640,078,TRANE TECHNOLOGIES EMPLOYEE SAVINGS PLAN (ESP),2E2F2G2J2K3H,21584.0,175739531.0,2025-10-08
2024,0001466258,subsidiary,20251008072733NAL0005215057001,"THERMO KING PUERTO RICO MANUFACTURA, INC.",660777053,077,TRANE TECHNOLOGIES RETIREMENT SAVINGS PLAN FOR PARTICIPATING AFFILIATES IN PUERTO RICO,2E2F2G2J2K3H,811.0,2557248.0,2025-10-08
2024,0001466258,subsidiary,20251008072836NAL0005511313001,TRANE U.S. INC.,250900465,043,TRANE 401(K) AND THRIFT PLAN,2E2G2J2K3H,5330.0,8780331.0,2025-10-08
2024,0001466258,subsidiary,20251015075234NAL0002080787001,"ALLIANCE COMPRESSORS, LLC",133757304,001,"ALLIANCE COMPRESSORS, LLC 401K PLAN",2E2F2G2J2K2S2T,695.0,197062.0,2025-10-15
2022,0001467373,subsidiary,20230807104850NAL0014165491001,ASM RESEARCH LLC,541385056,002,ASM RESEARCH LLC 401(K) PLAN,2A2E2F2G2J2K2R2S2T3D,1677.0,4203914.0,2023-08-07
2022,0001467373,subsidiary,20230824231001NAL0000245089001,LOGIC INFORMATION SYSTEMS,411892770,002,LOGIC INFORMATION SYSTEMS 401(K) PLAN,2E2F2G2J2K2T3D,112.0,232229.0,2023-08-25
2022,0001467373,subsidiary,20231011151349NAL0020301507001,"COGNOSANTE, LLC",680121468,001,COGNOSANTE LLC 401(K) PLAN,2A2E2F2G2J2K3D,1500.0,3620493.0,2023-10-11
2022,0001467373,subsidiary,20231015104540NAL0072912882001,"NAVISITE, LLC",270371488,001,"REMOTE DBA EXPERTS, LLC 401(K)/PROFIT SHARING PLAN",2E2G2J2K2T3D3H,582.0,3170888.0,2023-10-15
2022,0001467373,subsidiary,20231016143756NAL0076475138001,LAFATA CONTRACT SERVICES LLC,233065905,001,LAFATA CONTRACT SERVICES LLC 401(K) PROFIT SHARING PLAN & TRUST,2E2F2G2J2K2T3D,239.0,1057339.0,2023-10-16
2022,0001467373,name,20240617093910NAL0002944226001,ACCENTURE LLP,720542904,105,ACCENTURE UNITED STATES DISCRETIONARY PROFIT SHARING PLAN,2D2E2F2G2R2T3H3J,10078.0,523.0,2024-06-17
2023,0001467373,subsidiary,20240731121235NAL0014289939001,ASM RESEARCH LLC,541385056,002,ASM RESEARCH LLC 401(K) PLAN,2A2E2F2G2J2K2R2S2T3D,1627.0,4623516.0,2024-07-31
2023,0001467373,subsidiary,20240823052203NAL0006104641001,LOGIC INFORMATION SYSTEMS,411892770,002,LOGIC INFORMATION SYSTEMS 401(K) PLAN,2E2F2G2J2K2T3D,105.0,326254.0,2024-08-23
2023,0001467373,subsidiary,20240925142622NAL0005509411001,"COGNOSANTE, LLC",680121468,001,COGNOSANTE LLC 401(K) PLAN,2A2E2F2G2J2K3D,1652.0,3461411.0,2024-09-25
2023,0001467373,subsidiary,20250131095503NAL0002190593001,"NAVISITE, LLC",270371488,001,"REMOTE DBA EXPERTS, LLC 401(K)/PROFIT SHARING PLAN",2E2G2J2K2T3D3H,486.0,2726330.0,2025-01-31
2024,0001467373,subsidiary,20250729163221NAL0005144496001,ASM RESEARCH LLC,541385056,002,ASM RESEARCH LLC 401(K) PLAN,2A2E2F2G2J2K2R2S2T3D,2619.0,4757418.0,2025-07-29
2024,0001467373,subsidiary,20250910130151NAL0044479698001,"COGNOSANTE, LLC",680121468,001,COGNOSANTE LLC 401(K) PLAN,2A2E2F2G2J2K3D,946.0,3730597.0,2025-09-10
2022,0001467858,subsidiary,20230929143635NAL0028282818001,TOOLING & EQUIPMENT INTERNATIONAL CORPORATION,382496224,002,TOOLING & EQUIPMENT INTERNATIONAL CORPORATION EMPLOYEES' 401K PLAN AND TRUST,2E2F2G2J2K2T3D,106.0,46029.0,2023-09-29
2022,0001467858,subsidiary,20231010095245NAL0018617027001,"GENERAL MOTORS FINANCIAL COMPANY, INC",752291093,001,GM FINANCIAL EMPLOYEES 401K PLAN,2E2F2H2J2K2S2T3D3H,7058.0,26292373.0,2023-10-10
2022,0001467858,name,20231013073037NAL0021371971001,GENERAL MOTORS LLC,270383222,014,THE GENERAL MOTORS PERSONAL SAVINGS PLAN FOR HOURLY-RATE EMPLOYEES IN THE UNITED STATES,2F2G2J2K2S2T3F3H,40369.0,113372569.0,2023-10-13
2022,0001467858,name,20231013115644NAL0021764819001,GENERAL MOTORS LLC,270383222,002,GENERAL MOTORS RETIREMENT SAVINGS PLAN FOR SALARIED EMPLOYEES IN THE UNITED STATES,2F2G2J2K2S2T3F3H,47305.0,497847890.0,2023-10-13
2023,0001467858,subsidiary,20241007151321NAL0026525376001,"GENERAL MOTORS FINANCIAL COMPANY, INC",752291093,001,GM FINANCIAL EMPLOYEES 401K PLAN,2E2F2H2J2K2S2T3D3H,7069.0,32482047.0,2024-10-07
2023,0001467858,name,20241014103212NAL0025928849001,GENERAL MOTORS LLC,270383222,002,GENERAL MOTORS RETIREMENT SAVINGS PLAN FOR SALARIED EMPLOYEES IN THE UNITED STATES,2F2G2J2K2S2T3F3H,43053.0,490996315.0,2024-10-14
2023,0001467858,name,20241014103307NAL0044165632001,GENERAL MOTORS LLC,270383222,014,THE GENERAL MOTORS PERSONAL SAVINGS PLAN FOR HOURLY-RATE EMPLOYEES IN THE UNITED STATES,2F2G2J2K2S2T3F3H,41725.0,132209919.0,2024-10-14
2024,0001467858,subsidiary,20251001084152NAL0031204178001,"GENERAL MOTORS FINANCIAL COMPANY, INC",752291093,001,GM FINANCIAL EMPLOYEES 401K PLAN,2E2F2H2J2K2S2T3D3H,6926.0,33129026.0,2025-10-01
2024,0001467858,name,20251007121441NAL0011264194001,GENERAL MOTORS LLC,270383222,002,GENERAL MOTORS RETIREMENT SAVINGS PLAN FOR SALARIED EMPLOYEES IN THE UNITED STATES,2F2G2J2K2S2T3F3H,41023.0,555641606.0,2025-10-07
2024,0001467858,name,20251007121522NAL0007872496001,GENERAL MOTORS LLC,270383222,014,THE GENERAL MOTORS PERSONAL SAVINGS PLAN FOR HOURLY-RATE EMPLOYEES IN THE UNITED STATES,2F2G2J2K2S2T3F3H,46747.0,228808655.0,2025-10-07
2024,0001467858,subsidiary,20251216093555NAL0002465905001,"ULTIUM CELLS, LLC",844244377,001,"ULTIUM CELLS, LLC 401(K) PLAN",2E2F2G2J2K2T3D,1955.0,4901426.0,2025-12-16
2022,0001474735,subsidiary,20230809104943NAL0015427843002,"GENERAC POWER SYSTEMS, INC",390963276,003,"GENERAC POWER SYSTEMS, INC. EMPLOYEES 401(K) SAVINGS PLAN",2F2G2J2K2S2T3H,621.0,8606453.0,2023-08-09
2023,0001474735,subsidiary,20241002113232NAL0008204369001,"GENERAC POWER SYSTEMS, INC",390963276,003,"GENERAC POWER SYSTEMS, INC. EMPLOYEES 401(K) SAVINGS PLAN",2F2G2J2K2S2T3H,5021.0,8421190.0,2024-10-02
2024,0001474735,subsidiary,20251009112719NAL0006510449001,"GENERAC POWER SYSTEMS, INC.",390963276,003,"GENERAC POWER SYSTEMS, INC. EMPLOYEES 401(K) SAVINGS PLAN",2E2F2G2J2K2S2T3D3H,6175.0,10721302.0,2025-10-09
2022,0001478242,subsidiary,20230928212051NAL0008524227001,"HCP MANAGEMENT OPERATIONS, INC.",811345533,001,"HCP MANAGEMENT OPERATIONS, INC. RETIREMENT SAVINGS PLAN",2E2F2G2J2K2T3H3D,352.0,670.0,2023-09-28
2022,0001478242,name,20231012071628NAL0030728001002,IQVIA INC.,061506026,004,IQVIA 401(K) PLAN,2E2F2G2J2K2T3F3H,20893.0,74391545.0,2023-10-12
2022,0001478242,subsidiary,20231016162706NAL0039021745001,"CEDAR GATE TECHNOLOGIES, INC.",831798988,001,CEDAR GATE TECHNOLOGIES 401(K) PLAN,2E2F2G2J2K2S2T3D3H,305.0,1119805.0,2023-10-16
2023,0001478242,name,20241010082504NAL0039511362001,IQVIA INC.,061506026,004,IQVIA 401(K) PLAN,2E2F2G2J2K2T3F3H,20245.0,81026702.0,2024-10-10
2023,0001478242,subsidiary,20241014081842NAL0014637891001,"HCP MANAGEMENT OPERATIONS, INC.",811345533,001,"HCP MANAGEMENT OPERATIONS, INC. RETIREMENT SAVINGS PLAN",2E2F2G2J2K2T3D3H,284.0,373250.0,2024-10-14
2023,0001478242,subsidiary,20241017092014NAL0052931168001,"CEDAR GATE TECHNOLOGIES, INC.",831798988,001,CEDAR GATE TECHNOLOGIES 401(K) PLAN,2E2F2G2J2K2S2T3D3H,249.0,1134672.0,2024-10-17
2024,0001478242,subsidiary,20250724132651NAL0004757169001,"HCP MANAGEMENT OPERATIONS, INC.",811345533,001,"HCP MANAGEMENT OPERATIONS, INC. RETIREMENT SAVINGS PLAN",2E2F2G2J2K2T3H3D,276.0,361867.0,2025-07-24
2024,0001478242,name,20251009075503NAL0003724867001,IQVIA INC.,061506026,004,IQVIA 401(K) PLAN,2E2F2G2J2K2T3F3H,19072.0,80239170.0,2025-10-09
2022,0001489393,subsidiary,20231002080832NAL0010446723001,"EQUISTAR CHEMICALS, LP",760550481,013,BASELL SAVINGS AND INVESTMENT PLAN,2E2F2G2J2K3H2R2T,69.0,270819.0,2023-10-02
2022,0001489393,subsidiary,20231002081131NAL0011254915001,HOUSTON REFINING LP,760395303,065,HOUSTON REFINING LP 401(K) AND SAVINGS PLAN FOR REPRESENTED EMPLOYEES,2F2G2J2K3H2R2E2T,378.0,1944426.0,2023-10-02
2022,0001489393,subsidiary,20231002081338NAL0034237970001,LYONDELL CHEMICAL COMPANY,954160558,007,LYONDELLBASELL SAVINGS PLAN,2E2F2G2J2K2R3H2T,7715.0,49812982.0,2023-10-02
2023,0001489393,subsidiary,20240927121906NAL0001057331001,"EQUISTAR CHEMICALS, LP",760550481,013,BASELL SAVINGS AND INVESTMENT PLAN,2E2F2G2J2K2R2T3H,69.0,259496.0,2024-09-27
2023,0001489393,subsidiary,20240927145757NAL0002428705001,LYONDELL CHEMICAL COMPANY,954160558,007,LYONDELLBASELL SAVINGS PLAN,2E2F2G2J2K2R2T3H,8059.0,53932212.0,2024-09-27
2023,0001489393,subsidiary,20240927151026NAL0002287617001,HOUSTON REFINING LP,760395303,065,HOUSTON REFINING LP 401(K) AND SAVINGS PLAN FOR REPRESENTED EMPLOYEES,2E2F2G2J2K2R2T3H,392.0,1580040.0,2024-09-27
2024,0001489393,subsidiary,20250926150543NAL0011965187001,LYONDELL CHEMICAL COMPANY,954160558,007,LYONDELLBASELL SAVINGS PLAN,2T2E2F2J2K2R2S2H3H,7839.0,57091587.0,2025-09-26
2024,0001489393,subsidiary,20250926150751NAL0011044288001,"EQUISTAR CHEMICALS, LP",760550481,013,BASELL SAVINGS AND INVESTMENT PLAN,2F2G2J2K2R2T3H2E,64.0,256177.0,2025-09-26
2024,0001489393,subsidiary,20250926151244NAL0011971187001,HOUSTON REFINING LP,760395303,065,HOUSTON REFINING LP 401(K) AND SAVINGS PLAN FOR REPRESENTED EMPLOYEES,2F2G2J2K2T2R3H2E,365.0,1858979.0,2025-09-26
2022,0001501585,ein,20230717093206NAL0029172785001,"HUNTINGTON INGALLS INDUSTRIES, INC.",900607005,310,HUNTINGTON INGALLS INDUSTRIES FINANCIAL SECURITY AND SAVINGS PROGRAM,2E2H2J2K2O3H,9186.0,4404551.0,2023-07-17
2022,0001501585,ein,20230717093500NAL0056484242001,"HUNTINGTON INGALLS INDUSTRIES, INC.",900607005,011,HUNTINGTON INGALLS INDUSTRIES SAVINGS PLAN,2E2F2G2J2K2O2R2S3H,35729.0,142354662.0,2023-07-17
2023,0001501585,ein,20240730095621NAL0044952370001,"HUNTINGTON INGALLS INDUSTRIES, INC.",900607005,310,HUNTINGTON INGALLS INDUSTRIES FINANCIAL SECURITY AND SAVINGS PROGRAM,2E2H2J2K2O3H,9484.0,4108713.0,2024-07-30
2023,0001501585,ein,20240730204206NAL0012278563001,"HUNTINGTON INGALLS INDUSTRIES, INC.",900607005,011,HUNTINGTON INGALLS INDUSTRIES SAVINGS PLAN,2E2F2G2J2K2O2R2S3H,36948.0,145690069.0,2024-07-30
2024,0001501585,ein,20250624114249NAL0010306080001,"HUNTINGTON INGALLS INDUSTRIES, INC.",900607005,011,HUNTINGTON INGALLS INDUSTRIES SAVINGS PLAN,2E2F2G2J2K2O2R2S3H,36917.0,156274128.0,2025-06-24
2024,0001501585,ein,20250624114417NAL0010308512001,"HUNTINGTON INGALLS INDUSTRIES, INC.",900607005,310,HUNTINGTON INGALLS INDUSTRIES FINANCIAL SECURITY AND SAVINGS PROGRAM,2E2H2J2K2O3H,9403.0,4206294.0,2025-06-24
2022,0001506307,name,20230724080851NAL0009872832001,"KINDER MORGAN, INC.",800682103,002,KINDER MORGAN SAVINGS PLAN,2E2F2G2J2K2R2S2T2O,10615.0,49851236.0,2023-07-24
2023,0001506307,name,20240731141318NAL0047043426001,"KINDER MORGAN, INC.",800682103,002,KINDER MORGAN SAVINGS PLAN,2E2F2G2J2K2R2S2T2O,10939.0,52670940.0,2024-07-31
2024,0001506307,name,20250731145640NAL0003168755001,"KINDER MORGAN, INC.",800682103,002,KINDER MORGAN SAVINGS PLAN,2E2F2G2J2K2R2O2S2T,10966.0,55817485.0,2025-07-31
2024,0001510295,name,20251002091339NAL0000177619001,MARATHON PETROLEUM COMPANY LP,311537655,010,MARATHON PETROLEUM THRIFT PLAN,2E2F2G2J2K2R2T3F3H,18320.0,180274647.0,2025-10-02
2022,0001512673,ein,20231012163540NAL0064426290001,"BLOCK, INC.",800429876,001,BLOCK 401(K) PLAN,2F2G2J2T3F3H2E3D2R,9358.0,38890812.0,2023-10-12
2023,0001512673,ein,20241003161043NAL0017557456001,"BLOCK, INC.",800429876,001,BLOCK 401(K) PLAN,2F2G2J2T3F3H2E3D2R,9841.0,44233243.0,2024-10-03
2024,0001512673,ein,20250923185549NAL0015554274001,"BLOCK, INC.",800429876,001,BLOCK 401(K) PLAN,2G2J2T3F3H2E3D2R2F,8800.0,43286494.0,2025-09-23
2022,0001521332,name,20230727122848NAL0023611426001,APTIV,930756626,002,APTIV RETIREMENT SAVINGS PLAN,2E2F2G2J2K2T3D,168.0,37685.0,2023-07-27
2022,0001521332,subsidiary,20231013120447NAL0067215282001,HELLERMANNTYTON CORPORATION,391154824,001,HELLERMANNTYTON CORPORATION 401(K) RETIREMENT AND PROFIT SHARING PLAN,2E2F2G2J2K2R2S2T3B3D3H,720.0,2773303.0,2023-10-13
2022,0001521332,subsidiary,20231016131314NAL0024861379001,"WIND RIVER SYSTEMS, INC.",942873391,001,"WIND RIVER SYSTEMS, INC. 401(K) PLAN",2F2G2J2K2T3F3H2E3D2R,511.0,2603354.0,2023-10-16
2022,0001521332,name,20231016144207NAL0051355920001,APTIV CORPORATION,270791190,004,APTIV HOURLY 401(K) PLAN,2E2F2G2J2K2R2S2T3H,1425.0,3183783.0,2023-10-16
2022,0001521332,name,20231016144436NAL0025121571001,APTIV CORPORATION,270791190,002,APTIV SALARIED 401(K) PLAN,2E2F2G2J2K2R2S2T3H,2557.0,24315658.0,2023-10-16
2022,0001521332,subsidiary,20231017152226NAL0027101203001,ANTAYA TECHNOLOGIES CORP.,050501678,001,ANTAYA TECHNOLOGIES CORP. 401(K) PROFIT SHARING PLAN,2E2F2G2J2K2T3D,236.0,172536.0,2023-10-17
2022,0001521332,subsidiary,20240710130701NAL0008607427001,WINCHESTER INTERCONNECT,204852662,001,WINCHESTER INTERCONNECT 401K PLAN,2E2F2G2J2K2T3D,797.0,1882560.0,2024-07-10
2023,0001521332,subsidiary,20240926053927NAL0000187939001,WINCHESTER INTERCONNECT,204852662,001,WINCHESTER INTERCONNECT 401K PLAN,2E2F2G2J2K2T3D,760.0,1923023.0,2024-09-26
2023,0001521332,name,20241004104701NAL0005635731001,APTIV,930756626,002,APTIV RETIREMENT SAVINGS PLAN,2E2F2G2J2K2T3D,132.0,34121.0,2024-10-04
2023,0001521332,name,20241006223022NAL0024948256001,APTIV CORPORATION,270791190,004,APTIV HOURLY 401(K) PLAN,2E2F2G2J2K2R2S2T3H,955.0,3207505.0,2024-10-06
2023,0001521332,name,20241006223118NAL0015374865001,APTIV CORPORATION,270791190,002,APTIV SALARIED 401(K) PLAN,2E2F2G2J2K2R2S2T3H,2207.0,27129552.0,2024-10-06
2023,0001521332,subsidiary,20241011134639NAL0012554723001,HELLERMANNTYTON CORPORATION,391154824,001,HELLERMANNTYTON CORPORATION 401(K) RETIREMENT AND PROFIT SHARING PLAN,2E2F2G2J2K2R2S2T3B3D,787.0,2913706.0,2024-10-11
2023,0001521332,subsidiary,20241107124746NAL0006006771001,"WIND RIVER SYSTEMS, INC.",942873391,001,"WIND RIVER SYSTEMS, INC. 401(K) PLAN",2F2G2J2K2T3F3H2E3D2R,491.0,3242849.0,2024-11-07
2024,0001521332,subsidiary,20250918051637NAL0001396819001,WINCHESTER INTERCONNECT,204852662,001,WINCHESTER INTERCONNECT 401K PLAN,2E2F2G2J2K2T3D,759.0,2065428.0,2025-09-18
2024,0001521332,subsidiary,20251015143109NAL0002571843001,"WIND RIVER SYSTEMS, INC.",942873391,001,"WIND RIVER SYSTEMS, INC. 401(K) PLAN",2F2G2J2K2T3F3H2E3D2R,503.0,3352111.0,2025-10-15
2024,0001521332,name,20251015155644NAL0005348337001,APTIV CORPORATION,270791190,004,APTIV HOURLY 401(K) PLAN,2E2F2G2J2K2R2S2T3H,970.0,3050035.0,2025-10-15
2024,0001521332,name,20251015155740NAL0002707907001,APTIV CORPORATION,270791190,002,APTIV SALARIED 401(K) PLAN,2E2F2G2J2K2R2S2T3H,2373.0,24787672.0,2025-10-15
2024,0001521332,subsidiary,20251016120328NAL0012645538001,HELLERMANNTYTON CORPORATION,391154824,001,HELLERMANNTYTON CORPORATION 401(K) RETIREMENT AND PROFIT SHARING PLAN,2E2F2G2J2K2R2S2T3B3D,785.0,3102999.0,2025-10-16
2022,0001524472,ein,20231016221848NAL0039228657001,XYLEM INC.,452080495,001,XYLEM RETIREMENT SAVINGS PLAN,2F2G2J2K2O2E2S2T3H2R,4636.0,33059904.0,2023-10-16
2022,0001524472,ein,20231016222650NAL0052449264001,XYLEM INC.,452080495,203,XYLEM BELL & GOSSETT SAVINGS PLAN FOR HOURLY EMPLOYEES,2E2F2G2J2K2T3H,324.0,338049.0,2023-10-16
2022,0001524472,ein,20231016223030NAL0052452624001,XYLEM INC.,452080495,209,XYLEM GOULDS PUMPS RETIREMENT SAVINGS AND INVESTMENT PLAN,2F2G2J2K2T3H2A2E,205.0,234567.0,2023-10-16
2022,0001524472,ein,20231016223529NAL0039746177001,XYLEM INC.,452080495,226,XYLEM STANDARD XCHANGE SAVINGS PLAN FOR HOURLY EMPLOYEES,2E2F2G2J2K2T3H,129.0,154460.0,2023-10-16
2022,0001524472,ein,20231016224024NAL0039752625001,XYLEM INC.,452080495,008,SENSUS USA INC. UNION 401(K) PLAN,2E2G2J2K2S2T3H,759.0,390379.0,2023-10-16
2023,0001524472,ein,20241015083848NAL0014258579001,XYLEM INC.,452080495,001,XYLEM RETIREMENT SAVINGS PLAN,2G2J2K2O2E2S2T2F3H2R,8328.0,49616530.0,2024-10-15
2023,0001524472,ein,20241015084203NAL0029042785001,XYLEM INC.,452080495,203,XYLEM BELL & GOSSETT SAVINGS PLAN FOR HOURLY EMPLOYEES,2F2G2J2K2T3H2E,338.0,365014.0,2024-10-15
2023,0001524472,ein,20241015084438NAL0027859073001,XYLEM INC.,452080495,209,XYLEM GOULDS PUMPS RETIREMENT SAVINGS AND INVESTMENT PLAN,2F2G2J2K2T3H2A2E,173.0,230718.0,2024-10-15
2023,0001524472,ein,20241015084910NAL0027867825001,XYLEM INC.,452080495,226,XYLEM STANDARD XCHANGE SAVINGS PLAN FOR HOURLY EMPLOYEES,2E2F2G2J2K2T3H,124.0,157556.0,2024-10-15
2023,0001524472,ein,20241015085140NAL0014271763001,XYLEM INC.,452080495,008,SENSUS USA INC. UNION 401(K) PLAN,2T3H2E2G2J2K2S,865.0,448644.0,2024-10-15
2024,0001524472,ein,20251014085009NAL0003455792001,XYLEM INC.,452080495,001,XYLEM RETIREMENT SAVINGS PLAN,2E2F2G2J2K2O2R2S2T3H,8288.0,59961672.0,2025-10-14
2024,0001524472,ein,20251014090152NAL0002368289001,XYLEM INC.,452080495,203,XYLEM BELL & GOSSETT SAVINGS PLAN FOR HOURLY EMPLOYEES,2E2F2G2J2K2T3H,288.0,377078.0,2025-10-14
2024,0001524472,ein,20251014091256NAL0003499920001,XYLEM INC.,452080495,209,XYLEM GOULDS PUMPS RETIREMENT SAVINGS AND INVESTMENT PLAN,2A2E2F2G2J2K2T3H,170.0,236909.0,2025-10-14
2024,0001524472,ein,20251014091817NAL0001162067001,XYLEM INC.,452080495,226,XYLEM STANDARD XCHANGE SAVINGS PLAN FOR HOURLY EMPLOYEES,2E2F2G2J2K2T3H,133.0,160453.0,2025-10-14
2024,0001524472,ein,20251014092408NAL0003480720001,XYLEM INC.,452080495,008,SENSUS USA INC. UNION 401(K) PLAN,2E2G2J2K2S2T3H,946.0,621362.0,2025-10-14
2022,0001534701,name,20230921111425NAL0003271761001,PHILLIPS 66 COMPANY,371652702,004,"DCP SERVICES, LLC 401(K) AND RETIREMENT PLAN",2A2E2F2G2J2K2T,1930.0,26118474.0,2023-09-21
2022,0001534701,name,20231011130535NAL0060095394001,PHILLIPS 66 COMPANY,371652702,002,PHILLIPS 66 SAVINGS PLAN,2E2F2G2I2J2K2O2S2T3F3H,10970.0,205619063.0,2023-10-11
2022,0001534701,subsidiary,20231013131522NAL0067203506001,"SENTINEL TRANSPORTATION, LLC",510392463,002,"THRIFT AND SAVINGS PLAN FOR EMPLOYEES OF SENTINEL TRANSPORTATION, LLC",2E2F2G2J2K2R2S2T3H,719.0,7008149.0,2023-10-13
2023,0001534701,name,20241009133948NAL0018454897001,PHILLIPS 66 COMPANY,371652702,002,PHILLIPS 66 SAVINGS PLAN,2E2F2G2I2J2K2O2S2T3F3H,12476.0,199244157.0,2024-10-09
2023,0001534701,subsidiary,20241011131908NAL0044420818001,"SENTINEL TRANSPORTATION, LLC",510392463,002,"THRIFT AND SAVINGS PLAN FOR EMPLOYEES OF SENTINEL TRANSPORTATION, LLC",2E2F2G2J2K2R2S2T3H,759.0,7175319.0,2024-10-11
2024,0001534701,name,20251007183315NAL0002648243001,PHILLIPS 66 COMPANY,371652702,002,PHILLIPS 66 SAVINGS PLAN,2E2F2G2I2J2K2O2S2T3F3H,12051.0,153717938.0,2025-10-07
2024,0001534701,subsidiary,20251014145131NAL0006430098001,"SENTINEL TRANSPORTATION, LLC",510392463,002,"THRIFT AND SAVINGS PLAN FOR EMPLOYEES OF SENTINEL TRANSPORTATION, LLC",2E2F2G2J2K2R2S2T3H,790.0,7840540.0,2025-10-14
2022,0001535527,name,20231012183454NAL0021025587001,"CROWDSTRIKE, INC.",453135639,001,"CROWDSTRIKE, INC. RETIREMENT TRUST",2E2F2G2J2K2T3F3D2R,4458.0,3704382.0,2023-10-12
2023,0001535527,name,20241011134354NAL0012553555001,"CROWDSTRIKE, INC.",453135639,001,"CROWDSTRIKE, INC. RETIREMENT TRUST",2E2F2G2J2K2T3F3D2R,4670.0,5596575.0,2024-10-11
2024,0001535527,name,20251011164855NAL0005191187001,"CROWDSTRIKE, INC.",453135639,001,"CROWDSTRIKE, INC. RETIREMENT TRUST",2E2F2G2J2K2T3F3D2R3H,5604.0,6917890.0,2025-10-11
2022,0001539838,subsidiary,20231005172336NAL0029079328001,DIAMONDBACK E & P LLC,364728559,001,DIAMONDBACK E & P LLC 401(K) PLAN,2E2F2G2J2K2S2T3D3H,954.0,11774900.0,2023-10-05
2024,0001539838,subsidiary,20251015152945NAL0005287713001,DIAMONDBACK E & P LLC,364728559,001,DIAMONDBACK E & P LLC 401(K) PLAN,2E2F2G2J2K2S2T3D3H,1028.0,15720529.0,2025-10-15
2022,0001543151,ein,20231009140524NAL0017867155001,"UBER TECHNOLOGIES, INC.",452647441,001,"UBER TECHNOLOGIES, INC. 401(K) PLAN",2E2F2G2J2K2S2T3F3H3D2R,12678.0,8692.0,2023-10-09
2023,0001543151,ein,20240812185258NAL0009799953001,"UBER TECHNOLOGIES, INC.",452647441,001,"UBER TECHNOLOGIES, INC. 401(K) PLAN",2E2F2G2J2K2R2S2T3D3F3H,10014.0,43877.0,2024-08-12
2024,0001543151,ein,20250606122700NAL0012652977001,"UBER TECHNOLOGIES, INC.",452647441,001,"UBER TECHNOLOGIES, INC. 401(K) PLAN",2F2G2J2K2S2T3F3H2E3D2R,10277.0,78472792.0,2025-06-06
2022,0001551152,ein,20231016132301NAL0038435985001,ABBVIE INC.,320375147,001,ABBVIE SAVINGS PLAN,2E2F2G2J2K2O2R2T3H,26300.0,271577628.0,2023-10-16
2023,0001551152,ein,20241015081144NAL0028984577001,ABBVIE INC.,320375147,001,ABBVIE SAVINGS PLAN,2E2F2G2J2K2O2R2T3H,26790.0,306087334.0,2024-10-15
2024,0001551152,ein,20250929110637NAL0010808465001,ABBVIE INC.,320375147,001,ABBVIE SAVINGS PLAN,2E2F2G2J2K2O2R2T3H,28506.0,339273192.0,2025-09-29
2024,0001551152,name,20250929110818NAL0011226001001,ABBVIE LTD.,980429860,002,ABBVIE PUERTO RICO SAVINGS PLAN,2E2F2G2R2T3C3H,1393.0,6535758.0,2025-09-29
2022,0001551182,name,20231013054811NAL0022201971001,EATON CORPORATION,340196300,055,EATON SAVINGS PLAN,2E2F2G2J2K2O2S2T3H,22975.0,146298128.0,2023-10-13
2022,0001551182,name,20231013054811NAL0032632641001,EATON CORPORATION,340196300,162,EATON PERSONAL INVESTMENT PLAN,2E2F2G2J2K2S2T3H,3303.0,3278504.0,2023-10-13
2023,0001551182,name,20241009160755NAL0019599969002,EATON CORPORATION,340196300,162,EATON PERSONAL INVESTMENT PLAN,2E2F2G2J2K2S2T3H,3343.0,3651225.0,2024-10-09
2023,0001551182,subsidiary,20241009160755NAL0019599969005,EATON INTELLIGENT POWER LIMITED,981098668,002,THE EATON PUERTO RICO RETIREMENT SAVINGS PLAN,2F2G2S2T3C3H,1642.0,1871054.0,2024-10-09
2023,0001551182,name,20241009163809NAL0010848531001,EATON CORPORATION,340196300,055,EATON SAVINGS PLAN,2E2F2G2J2K2O2S2T3H,24055.0,160075953.0,2024-10-09
2024,0001551182,name,20251014081726NAL0003409184002,EATON CORPORATION,340196300,055,EATON SAVINGS PLAN,2E2F2G2J2K2O2S2T3H,25714.0,173400066.0,2025-10-14
2024,0001551182,name,20251014081726NAL0003409184003,EATON CORPORATION,340196300,162,EATON PERSONAL INVESTMENT PLAN,2E2F2G2J2K2S2T3H,3435.0,4230899.0,2025-10-14
2024,0001551182,subsidiary,20251014082229NAL0001120627005,EATON INTELLIGENT POWER LIMITED,981098668,002,THE EATON PUERTO RICO RETIREMENT SAVINGS PLAN,2F2G2S2T3C3H,1702.0,2119368.0,2025-10-14
2022,0001555280,ein,20230626144853NAL0004886960001,ZOETIS INC.,460696167,001,ZOETIS SAVINGS PLAN,2E2F2G2J2K2S2T3D3H2R,6905.0,56139451.0,2023-06-26
2023,0001555280,ein,20240626123833NAL0018252178001,ZOETIS INC.,460696167,001,ZOETIS SAVINGS PLAN,2E2F2G2J2K2S2T3D3H2R,7030.0,67535072.0,2024-06-26
2024,0001555280,ein,20250624150755NAL0007380801001,ZOETIS INC.,460696167,001,ZOETIS SAVINGS PLAN,2E2F2G2J2K2R2S2T3D3H,6788.0,79508847.0,2025-06-24
2022,0001559720,ein,20231005185731NAL0029977040001,"AIRBNB, INC.",263051428,001,AIRBNB 401(K) PLAN,2E2F2G2J2K2T3F3H3D2R,3853.0,21126245.0,2023-10-05
2023,0001559720,ein,20240926184203NAL0001206673001,"AIRBNB, INC.",263051428,001,AIRBNB 401(K) PLAN,2E2F2G2J2K2T3F3H3D2R,3897.0,26426055.0,2024-09-26
2024,0001559720,ein,20250729133714NAL0001650403001,"AIRBNB, INC.",263051428,001,AIRBNB 401(K) PLAN,2F2G2J2K2T3F3H3D2R2E,4320.0,28631680.0,2025-07-29
2022,0001561550,ein,20231016104320NAL0025343635001,"DATADOG, INC.",272825503,001,DATADOG 401(K) PLAN,2E2F2G2J2K2S2T3D,2910.0,5788736.0,2023-10-16
2023,0001561550,ein,20241015093934NAL0014330035001,"DATADOG, INC.",272825503,001,DATADOG 401(K) PLAN,2E2F2G2J2K2S2T3D,3152.0,6578702.0,2024-10-15
2024,0001561550,ein,20251003091933NAL0001190225001,"DATADOG, INC.",272825503,001,DATADOG 401(K) PLAN,2E2F2G2J2K2S2T3D,3948.0,8204705.0,2025-10-03
2022,0001564708,subsidiary,20231012163940NAL0032492001001,"NC TRANSACTION, INC.",461138762,001,NEWS CORP 401(K) SAVINGS PLAN,2E2F2G2J2K2R2S2T3H,8910.0,51102863.0,2023-10-12
2022,0001564708,subsidiary,20231019161746NAL0002169106001,"AMPLIFY EDUCATION, INC.",134125483,001,"AMPLIFY EDUCATION, INC. 401(K) PLAN",2E2F2G2J2K2S2T3D,1318.0,5119786.0,2023-10-19
2023,0001564708,subsidiary,20241014103820NAL0013147827001,"NC TRANSACTION, INC.",461138762,001,NEWS CORP 401(K) SAVINGS PLAN,2E2F2G2J2K2R2S2T3H,8267.0,52283067.0,2024-10-14
2023,0001564708,subsidiary,20241014123611NAL0027284817001,"AMPLIFY EDUCATION, INC.",134125483,001,"AMPLIFY EDUCATION, INC. 401(K) PLAN",2E2F2G2J2K2S2T3D,1441.0,6766611.0,2024-10-14
2024,0001564708,subsidiary,20251007145926NAL0002766307001,"AMPLIFY EDUCATION, INC.",134125483,001,"AMPLIFY EDUCATION, INC. 401(K) PLAN",2E2F2G2J2K2S2T3D,1786.0,7436844.0,2025-10-07
2024,0001564708,subsidiary,20251010092228NAL0007862497001,"NC TRANSACTION, INC.",461138762,001,NEWS CORP 401(K) SAVINGS PLAN,2E2F2G2J2K2R2S2T3H,8014.0,52580798.0,2025-10-10
2022,0001571949,name,20231010131955NAL0017927859001,"INTERCONTINENTAL EXCHANGE, INC.",462286804,001,"INTERCONTINENTAL EXCHANGE, INC. 401(K) PLAN",2E2F2G2J2K2T3D3H,5019.0,48504135.0,2023-10-10
2023,0001571949,name,20241011112154NAL0010860067001,"INTERCONTINENTAL EXCHANGE, INC.",462286804,001,"INTERCONTINENTAL EXCHANGE, INC. 401(K) PLAN",2E2F2G2J2K2T3H3D,4982.0,51027449.0,2024-10-11
2024,0001571949,name,20251013082309NAL0001487696001,"INTERCONTINENTAL EXCHANGE, INC.",462286804,001,"INTERCONTINENTAL EXCHANGE, INC. 401(K) PLAN",2E2F2G2J2K2T3D3H,7609.0,51030317.0,2025-10-13
2022,0001571996,subsidiary,20230911121441NAL0019550737001,DELL INC.,742487834,001,DELL INC. 401(K) PLAN,2E2F2G2J2K2T3H,45642.0,259630000.0,2023-09-11
2023,0001571996,subsidiary,20240821035324NAL0002206883001,DELL INC.,742487834,001,DELL INC. 401(K) PLAN,2E2F2G2J2K2T3H,40878.0,240046000.0,2024-08-21
2024,0001571996,subsidiary,20250815060829NAL0029518226001,DELL INC.,742487834,001,DELL INC. 401(K) PLAN,2E2F2G2J2K2T3H,36668.0,220851000.0,2025-08-15
2022,0001579241,subsidiary,20231013154525NAL0068284386001,SCHLAGE LOCK COMPANY LLC,542139412,002,SCHLAGE LOCK COMPANY LLC EMPLOYEE SAVINGS PLAN,2F2G2J2K2T3H2E2R,5074.0,23561425.0,2023-10-13
2022,0001579241,subsidiary,20231013154629NAL0034382209001,SCHLAGE LOCK COMPANY LLC,542139412,003,SCHLAGE LOCK COMPANY LLC EMPLOYEE SAVINGS PLAN FOR BARGAINED EMPLOYEES,2F2G2J2K2T3H2E,554.0,660667.0,2023-10-13
2023,0001579241,subsidiary,20241015112204NAL0028185553001,SCHLAGE LOCK COMPANY LLC,542139412,002,SCHLAGE LOCK COMPANY LLC EMPLOYEE SAVINGS PLAN,2F2G2J2K2T3H2E2R,5209.0,31959165.0,2024-10-15
2023,0001579241,subsidiary,20241015115005NAL0057317682001,SCHLAGE LOCK COMPANY LLC,542139412,003,SCHLAGE LOCK COMPANY LLC EMPLOYEE SAVINGS PLAN FOR BARGAINED EMPLOYEES,2F2G2J2K2T3H2E,573.0,728014.0,2024-10-15
2024,0001579241,subsidiary,20251013145553NAL0000732707001,SCHLAGE LOCK COMPANY LLC,542139412,002,SCHLAGE LOCK COMPANY LLC EMPLOYEE SAVINGS PLAN,2F2G2J2K2T3H2E2R,5271.0,33986603.0,2025-10-13
2024,0001579241,subsidiary,20251013150321NAL0001478721001,SCHLAGE LOCK COMPANY LLC,542139412,003,SCHLAGE LOCK COMPANY LLC EMPLOYEE SAVINGS PLAN FOR BARGAINED EMPLOYEES,2E2F2G2J2K2T3H,556.0,817619.0,2025-10-13
2022,0001585689,subsidiary,20230802062241NAL0019083713001,HILTON INTERNATIONAL LLC,131582113,001,HILTON PUERTO RICO RETIREMENT SAVINGS PLAN,2E2F2G2J2K2T3H3J,796.0,204036.0,2023-08-02
2023,0001585689,subsidiary,20241012163927NAL0040353472001,HILTON INTERNATIONAL LLC,131582113,001,HILTON PUERTO RICO RETIREMENT SAVINGS PLAN,2E2F2G2J2K2T3H3J,603.0,178465.0,2024-10-12
2024,0001585689,subsidiary,20250825091051NAL0013435088001,HILTON INTERNATIONAL LLC,131582113,001,HILTON PUERTO RICO RETIREMENT SAVINGS PLAN,2E2F2G2J2K2T3H3J,604.0,175174.0,2025-08-25
2022,0001596532,ein,20231016161423NAL0038981009001,ARISTA NETWORKS INC.,201751121,001,ARISTA NETWORKS INC. 401(K) PLAN,2J2T2F3D2R2G,1971.0,7955178.0,2023-10-16
2023,0001596532,ein,20241010185039NAL0011830755001,ARISTA NETWORKS INC.,201751121,001,ARISTA NETWORKS INC. 401(K) PLAN,2J2T2F2G3D2R3H,2034.0,8027846.0,2024-10-10
2024,0001596532,ein,20251014171616NAL0001722723001,ARISTA NETWORKS INC.,201751121,001,ARISTA NETWORKS INC. 401(K) PLAN,2J2T2F2G3D2R,2212.0,9079606.0,2025-10-14
2022,0001601046,ein,20230927174315NAL0007442467001,"KEYSIGHT TECHNOLOGIES, INC.",464254555,003,"KEYSIGHT TECHNOLOGIES, INC. 401(K) PLAN",2G2J2K2S2T3H2E2F,5483.0,31249197.0,2023-09-27
2023,0001601046,ein,20241007183953NAL0007855763001,"KEYSIGHT TECHNOLOGIES, INC.",464254555,003,"KEYSIGHT TECHNOLOGIES, INC. 401(K) PLAN",2G2J2K2S2T3H2E2F2R,5455.0,34350578.0,2024-10-07
2024,0001601046,ein,20251003140223NAL0000894435001,"KEYSIGHT TECHNOLOGIES, INC.",464254555,003,"KEYSIGHT TECHNOLOGIES, INC. 401(K) PLAN",2G2J2K2S2T3H2E2F2R,4916.0,32706563.0,2025-10-03
2022,0001601712,ein,20230928162628NAL0012510289001,SYNCHRONY FINANCIAL,510483352,001,SYNCHRONY FINANCIAL MY SAVINGS PLAN,2E2F2G2J2K2S2T,10078.0,78428864.0,2023-09-28
2023,0001601712,ein,20241011103418NAL0043337074001,SYNCHRONY FINANCIAL,510483352,001,SYNCHRONY FINANCIAL MY SAVINGS PLAN,2E2F2G2J2K2S2T,10640.0,87468769.0,2024-10-11
2024,0001601712,ein,20251014102133NAL0003643632001,SYNCHRONY FINANCIAL,510483352,001,SYNCHRONY FINANCIAL MY SAVINGS PLAN,2E2F2J2K2S2T2G,10687.0,86646824.0,2025-10-14
2022,0001609711,subsidiary,20231010134728NAL0057088546001,"GODADDY.COM, LLC",860850417,001,"GODADDY.COM, LLC 401(K) PLAN",2E2F2G2J2K2S2T3D,4573.0,15867589.0,2023-10-10
2023,0001609711,subsidiary,20241011114137NAL0010873267001,"GODADDY.COM, LLC",860850417,001,"GODADDY.COM, LLC 401(K) PLAN",2E2F2G2J2K2S2T3D,4141.0,15759575.0,2024-10-11
2024,0001609711,subsidiary,20251014124611NAL0001365523001,"GODADDY.COM, LLC",860850417,001,"GODADDY.COM, LLC 401(K) PLAN",2E2F2G2J2K2S2T3D,3569.0,15091169.0,2025-10-14
2022,0001613103,subsidiary,20240212174430NAL0045168353001,MEDTRONIC PUERTO RICO OPERATIONS COMPANY,980355534,001,THE MEDTRONIC PUERTO RICO EMPLOYEES' SAVINGS AND INVESTMENT PLAN,2F2G2J2K2S2T2R3H2E,4959.0,14757000.0,2024-02-12
2022,0001613103,name,20240212174620NAL0054584304001,"MEDTRONIC, INC.",410793183,005,MEDTRONIC SAVINGS AND INVESTMENT PLAN (ALSO KNOWN AS THE MEDTRONIC 401(K) PLAN),2T2E2F2G2J2K2O2S3D2R3H,44342.0,270980000.0,2024-02-12
2023,0001613103,name,20250212152831NAL0035400224001,"MEDTRONIC, INC.",410793183,005,MEDTRONIC SAVINGS AND INVESTMENT PLAN,3H2R2E2F2G2J2K2O2S2T,38480.0,351656000.0,2025-02-12
2023,0001613103,subsidiary,20250212153924NAL0037137520001,MEDTRONIC PUERTO RICO OPERATIONS COMPANY,980355534,001,THE MEDTRONIC PUERTO RICO EMPLOYEES' SAVINGS AND INVESTMENT PLAN,2F2G2J2K2S2T2E2R3H,5202.0,15817000.0,2025-02-12
2024,0001613103,name,20260212120237NAL0000146496001,"MEDTRONIC, INC.",410793183,005,MEDTRONIC SAVINGS AND INVESTMENT PLAN,2E2G2J2K2O2S2T2R3H2F,38035.0,345866000.0,2026-02-12
2024,0001613103,subsidiary,20260212120324NAL0000135873001,MEDTRONIC PUERTO RICO OPERATIONS COMPANY,980355534,001,MEDTRONIC PUERTO RICO EMPLOYEES' SAVINGS AND INVESTMENT PLAN,2F3H2R2G2J2K2S2T2E,5274.0,16411000.0,2026-02-12
2022,0001633917,ein,20231005170640NAL0021696897001,"PAYPAL HOLDINGS, INC.",472989869,001,PAYPAL 401(K) SAVINGS PLAN,2E2F2G2J2K2T,11921.0,67407736.0,2023-10-05
2023,0001633917,ein,20241007164717NAL0007782771002,"PAYPAL HOLDINGS, INC.",472989869,001,PAYPAL 401(K) SAVINGS PLAN,2E2F2G2J2K2T,10382.0,63692726.0,2024-10-07
2024,0001633917,ein,20260529090623NAL0009502403001,"PAYPAL HOLDINGS, INC.",472989869,001,PAYPAL 401(K) SAVINGS PLAN,2E2F2G2J2K2T3D,9046.0,58725285.0,2026-05-29
2022,0001633978,subsidiary,20231009162114NAL0036117280001,NEOPHOTONICS CORPORATION,943253730,001,NEOPHOTONICS CORPORATION 401K PROFIT SHARING PLAN & TRUST,2E2F2G2J2K2S2T3D3H,177.0,356524.0,2023-10-09
2022,0001633978,subsidiary,20231010141514NAL0027881361001,LUMENTUM OPERATIONS LLC,473844837,001,LUMENTUM 401(K) PLAN,2E2F2G2J2K2S2T3D,750.0,3442964.0,2023-10-10
2023,0001633978,subsidiary,20241014174559NAL0013705299001,LUMENTUM OPERATIONS LLC,473844837,001,LUMENTUM 401(K) PLAN,2E2F2G2J2K2S2T3D,686.0,3463799.0,2024-10-14
2023,0001633978,subsidiary,20250520101334NAL0001875376001,NEOPHOTONICS CORPORATION,943253730,001,NEOPHOTONICS CORPORATION 401K PROFIT SHARING PLAN & TRUST,2E2F2G2J2K2S2T3D3H,144.0,491139.0,2025-05-20
2024,0001633978,subsidiary,20251012161000NAL0000146787001,LUMENTUM OPERATIONS LLC,473844837,001,LUMENTUM 401(K) PLAN,2E2F2G2J2K2S2T3D,559.0,3047272.0,2025-10-12
2024,0001633978,subsidiary,20251014164230NAL0001693475001,NEOPHOTONICS CORPORATION,943253730,001,NEOPHOTONICS CORPORATION 401K PROFIT SHARING PLAN & TRUST,2E2F2G2J2K2S2T3D3H,122.0,651633.0,2025-10-14
2022,0001637459,subsidiary,20230830091904NAL0003312019001,KRAFT HEINZ FOODS COMPANY,250542520,009,KRAFT HEINZ SAVINGS PLAN,2T2S2E2F2G2J2K,14168.0,69182473.0,2023-08-30
2022,0001637459,subsidiary,20230830092029NAL0005872097001,KRAFT HEINZ FOODS COMPANY,250542520,011,KRAFT HEINZ UNION SAVINGS PLAN,2T2E2F2G2J2K2S,3778.0,7824115.0,2023-08-30
2023,0001637459,subsidiary,20240808122434NAL0008582960001,KRAFT HEINZ FOODS COMPANY,250542520,011,KRAFT HEINZ UNION SAVINGS PLAN,2T2E2F2G2J2K2S,3754.0,9269857.0,2024-08-08
2023,0001637459,subsidiary,20240808122931NAL0005044017001,KRAFT HEINZ FOODS COMPANY,250542520,009,KRAFT HEINZ SAVINGS PLAN,2T2S2E2F2G2J2K,13335.0,73157450.0,2024-08-08
2024,0001637459,subsidiary,20250729094516NAL0005506738001,KRAFT HEINZ FOODS COMPANY,250542520,011,KRAFT HEINZ UNION SAVINGS PLAN,2T2E2F2G2J2K2S,3640.0,10322980.0,2025-07-29
2024,0001637459,subsidiary,20250729094559NAL0003051297001,KRAFT HEINZ FOODS COMPANY,250542520,009,KRAFT HEINZ SAVINGS PLAN,2T2S2E2F2G2J2K,13247.0,76333197.0,2025-07-29
2022,0001645590,ein,20230717123248NAL0016053795001,HEWLETT PACKARD ENTERPRISE,473298624,001,HEWLETT PACKARD ENTERPRISE 401(K)PLAN,3H2F2G2I2J2K2R2S2T,15156.0,89587934.0,2023-07-17
2022,0001645590,subsidiary,20230928133541NAL0016555664001,"JUNIPER NETWORKS, INC.",770422528,001,"JUNIPER NETWORKS, INC. 401(K) PLAN",3H2F2G2J2K2S2T3D2R,4323.0,23491309.0,2023-09-28
2023,0001645590,ein,20240729114542NAL0011003699001,HEWLETT PACKARD ENTERPRISE,473298624,001,HEWLETT PACKARD ENTERPRISE 401(K)PLAN,3H2F2G2I2J2K2R2S2T,15164.0,93684415.0,2024-07-29
2023,0001645590,subsidiary,20241008143334NAL0008464579001,HEWLETT PACKARD ENTERPRISE IV LLC,661046467,002,HEWLETT PACKARD ENTERPRISE PUERTO RICO TAX SAVING CAPITAL ACCUMULATION PLAN,2E2F2G3C3H,758.0,2012437.0,2024-10-08
2023,0001645590,subsidiary,20241010135357NAL0035912064001,"JUNIPER NETWORKS, INC.",770422528,001,"JUNIPER NETWORKS, INC. 401(K) PLAN",3H2F2G2J2K2S2T3D2R,4613.0,27284636.0,2024-10-10
2024,0001645590,subsidiary,20250905134650NAL0017246577001,"JUNIPER NETWORKS, INC.",770422528,001,"JUNIPER NETWORKS, INC. 401(K) PLAN",3H2F2G2J2K2S2T3D2R,4678.0,27490842.0,2025-09-05
2024,0001645590,ein,20251003151805NAL0002555040001,HEWLETT PACKARD ENTERPRISE,473298624,001,HEWLETT PACKARD ENTERPRISE 401(K)PLAN,3H2F2G2I2J2K2R2S2T,14550.0,92150532.0,2025-10-03
2024,0001645590,subsidiary,20251013194646NAL0001893377001,HEWLETT PACKARD ENTERPRISE IV LLC,661046467,002,HEWLETT PACKARD ENTERPRISE PUERTO RICO TAX SAVING CAPITAL ACCUMULATION PLAN,2E2F2G3C3H,760.0,2001588.0,2025-10-13
2022,0001652044,subsidiary,20231011125842NAL0020031075001,GOOGLE LLC,770493581,001,GOOGLE LLC 401(K) SAVINGS PLAN,2E2F2G2J2K2R2S2T3F,122867.0,1074870520.0,2023-10-11
2023,0001652044,subsidiary,20241001150429NAL0007334001001,GOOGLE LLC,770493581,001,GOOGLE LLC 401(K) SAVINGS PLAN,2E2F2G2J2K2R2S2T3F3H,116712.0,1226852103.0,2024-10-01
2024,0001652044,subsidiary,20250827123612NAL0005026227001,GOOGLE LLC,770493581,001,GOOGLE LLC 401(K) SAVINGS PLAN,2E2F2G2J2K2R2S2T3F3H,114321.0,1213532482.0,2025-08-27
2022,0001659166,name,20230727105847NAL0007266403001,FORTIVE CORPORATION,475654583,001,FORTIVE RETIREMENT SAVINGS PLAN,2E2G2J2R2S2T3H3J,11898.0,57485663.0,2023-07-27
2023,0001659166,name,20240702140520NAL0003601043001,FORTIVE CORPORATION,475654583,001,FORTIVE RETIREMENT SAVINGS PLAN,2E2G2J2R2S2T3H3J,9399.0,61008519.0,2024-07-02
2024,0001659166,name,20250731011244NAL0011868738001,FORTIVE CORPORATION,475654583,001,FORTIVE RETIREMENT SAVINGS PLAN,2E2G2J2R2S2T3H3J,9525.0,62856832.0,2025-07-31
2022,0001666700,ein,20231012142305NAL0020563395001,"DUPONT DE NEMOURS, INC.",811224539,001,DUPONT RETIREMENT SAVINGS PLAN,2E2F2G2J2K2O2R2S2T3F3H,9918.0,112306158.0,2023-10-12
2022,0001666700,subsidiary,20231016163653NAL0025451091001,"PPC INDUSTRIES, INC.",204495076,001,PPC/SPECTRUM DEFERRED SAVINGS PLAN,2E2F2G2J2K2S2T3D3F3H,1262.0,1509809.0,2023-10-16
2023,0001666700,ein,20241014075327NAL0012987811001,"DUPONT DE NEMOURS, INC.",811224539,001,DUPONT RETIREMENT SAVINGS PLAN,2E2F2G2J2K2O2R2S2T3F3H,9391.0,100373749.0,2024-10-14
2023,0001666700,subsidiary,20241014093651NAL0051735218001,"PPC INDUSTRIES, INC.",204495076,001,PPC/SPECTRUM DEFERRED SAVINGS PLAN,2E2F2G2J2K2S2T3D3F3H,1370.0,1412921.0,2024-10-14
2024,0001666700,ein,20251001103706NAL0017684851001,"DUPONT DE NEMOURS, INC.",811224539,001,DUPONT RETIREMENT SAVINGS PLAN,2E2F2G2J2K2O2R2S2T3F3H,8970.0,89090685.0,2025-10-01
2022,0001671933,ein,20231011135541NAL0020149683001,"THE TRADE DESK, INC.",271887399,001,THE TRADE DESK 401(K) PLAN,2E2F2G2J2K2S2T3D2R,1708.0,10624812.0,2023-10-11
2023,0001671933,ein,20241015140256NAL0056545570001,"THE TRADE DESK, INC.",271887399,001,THE TRADE DESK 401(K) PLAN,2E2F2G2J2K2S2T3D2R,1937.0,14335857.0,2024-10-15
2024,0001671933,ein,20251015120908NAL0006206352001,"THE TRADE DESK, INC.",271887399,001,THE TRADE DESK 401(K) PLAN,2F2E2G2J2K2S2T3D2R,2206.0,16498157.0,2025-10-15
2022,0001674101,name,20240306122532NAL0016959219001,VERTIV GROUP CORPORATION,813496944,001,VERTIV GROUP CORPORATION EMPLOYEE RETIREMENT SAVINGS PLAN,2E2F2G2J2K2S2T3D3H,3916.0,9263968.0,2024-03-06
2023,0001674101,name,20241011103244NAL0012373251001,VERTIV GROUP CORPORATION,813496944,001,VERTIV GROUP CORPORATION EMPLOYEE RETIREMENT SAVINGS PLAN,2E2F2G2J2K2T3D3H,3650.0,10132138.0,2024-10-11
2024,0001674101,name,20251009112129NAL0006505377001,VERTIV GROUP CORPORATION,813496944,001,VERTIV GROUP CORPORATION EMPLOYEE RETIREMENT SAVINGS PLAN,2E2F2G2J2K2T3D3H,4421.0,11011395.0,2025-10-09
2022,0001679788,name,20231012161508NAL0064329986001,"COINBASE, INC.",455293997,001,COINBASE. INC. RETIREMENT TRUST,2J2T3F3H2E2F2G3D2R,3131.0,6893239.0,2023-10-12
2023,0001679788,name,20241014170202NAL0015331091001,"COINBASE, INC.",455293997,001,"COINBASE, INC. RETIREMENT TRUST",2J2T3H2E2F2G3D2R,2339.0,5024436.0,2024-10-14
2024,0001679788,name,20251015094613NAL0005702320001,"COINBASE, INC.",455293997,001,"COINBASE, INC. RETIREMENT TRUST",2J2T3H2E2F2G3D2R,2457.0,5565539.0,2025-10-15
2022,0001682852,subsidiary,20230821140703NAL0010558226001,"MODERNATX, INC.",270226313,001,"MODERNA, INC. 401(K) PLAN",2J2G2K3D2S2T2F2E,3299.0,21199888.0,2023-08-21
2023,0001682852,subsidiary,20241011122412NAL0036893744001,"MODERNATX, INC.",270226313,001,"MODERNATX, INC. 401(K) PLAN",2G2K2S2T2J2F2E3D,4814.0,32517896.0,2024-10-11
2024,0001682852,subsidiary,20250609060915NAL0040888418001,"MODERNATX, INC.",270226313,001,"MODERNATX, INC. 401(K) PLAN",2E2F2G2J2K2S2T3D,4822.0,39221846.0,2025-06-09
2022,0001690820,name,20231010180742NAL0058152690001,"CARVANA, LLC",454788036,001,"CARVANA, LLC 401(K) PLAN",2E2F2G2J2K2R2T3B3D3H,11717.0,8840720.0,2023-10-10
2023,0001690820,name,20241028161852NAL0005603920001,"CARVANA, LLC",454788036,001,"CARVANA, LLC 401(K) PLAN",2F2G2J2K2T3B3H3D2R2E,13622.0,7721597.0,2024-10-28
2024,0001690820,name,20260226112020NAL0007763954001,"CARVANA, LLC",454788036,001,"CARVANA, LLC 401(K) PLAN",2F2G2J2K2T3B3H2E3D2R,17481.0,8195576.0,2026-02-26
2022,0001692819,subsidiary,20231012123505NAL0042423408001,VISTRA OPERATIONS COMPANY LLC,364833461,001,VISTRA THRIFT PLAN,2A2F2G2J2K2R2S2T3F3H,4868.0,37539832.0,2023-10-12
2023,0001692819,subsidiary,20241015112408NAL0014479011001,VISTRA OPERATIONS COMPANY LLC,364833461,001,VISTRA THRIFT PLAN,2A3H2F2G2J2K2R2S2T3F,4826.0,37761300.0,2024-10-15
2024,0001692819,subsidiary,20251014120428NAL0005743890001,VISTRA OPERATIONS COMPANY LLC,364833461,001,VISTRA THRIFT PLAN,2A3H2F2G2J2K2R2S2T3F,6759.0,40248532.0,2025-10-14
2022,0001699150,name,20231013130923NAL0021883715001,"GARDNER DENVER, INC.",760419383,002,INGERSOLL RAND RETIREMENT SAVINGS PLAN,2G2E2J2K3H2R,4928.0,24927903.0,2023-10-13
2022,0001699150,subsidiary,20231016072225NAL0049918400001,NEW ILC DOVER INC.,263166327,001,ILC DOVER 401(K) SAVINGS AND INVESTMENT PLAN,2E2F2G2J2K2S2T3D3H,1072.0,2148709.0,2023-10-16
2023,0001699150,subsidiary,20241014164048NAL0026736513001,"INDUSTRIAL TECHNOLOGIES AND SERVICES, LLC",760419383,002,INGERSOLL RAND RETIREMENT SAVINGS PLAN,2E2G2J2K2R3H,5204.0,26256346.0,2024-10-14
2023,0001699150,subsidiary,20241015092214NAL0016051267001,NEW ILC DOVER INC.,263166327,001,ILC DOVER 401(K) SAVINGS AND INVESTMENT PLAN,2E2F2G2J2K2S2T3D3H,975.0,2216729.0,2024-10-15
2024,0001699150,subsidiary,20251003105315NAL0002129584001,NEW ILC DOVER INC.,263166327,001,ILC DOVER 401(K) SAVINGS AND INVESTMENT PLAN,2E2F2G2J2K2S2T3D3H,792.0,2029861.0,2025-10-03
2024,0001699150,subsidiary,20251015132923NAL0002488051001,"INDUSTRIAL TECHNOLOGIES AND SERVICES, LLC",760419383,002,INGERSOLL RAND RETIREMENT SAVINGS PLAN,2E2G2J2K2R3H,5294.0,29067673.0,2025-10-15
2022,0001701605,name,20231012053037NAL0062412082003,BAKER HUGHES HOLDINGS LLC,760207995,002,BAKER HUGHES COMPANY 401(K) PLAN,2A2E2F2G2J2K2S2T3H,12851.0,134673890.0,2023-10-12
2023,0001701605,name,20241014192136NAL0015461891005,BAKER HUGHES HOLDINGS LLC,760207995,002,BAKER HUGHES COMPANY 401(K) PLAN,2A2E2F2G2J2K2S2T3H,12560.0,138335322.0,2024-10-14
2024,0001701605,name,20251014093321NAL0001173635004,BAKER HUGHES HOLDINGS LLC,760207995,002,BAKER HUGHES COMPANY 401(K) PLAN,2A2E2F2G2J2K2S2T3H,11706.0,106085405.0,2025-10-14
2022,0001705696,subsidiary,20231010221134NAL0028690305001,VICI PROPERTIES L.P.,352576503,001,VICI PROPERTIES 401(K) PLAN,2E2F2G2J2K2S2T3D,22.0,312865.0,2023-10-10
2022,0001707925,name,20230731110346NAL0033563874001,LINDE CORPORATION,204372172,001,THE CONTRACTORS RETIREMENT PLAN,2A2E2F2G2J2K2T3D,527.0,393737.0,2023-07-31
2022,0001707925,subsidiary,20230815160605NAL0000932785001,LINCARE INC.,592852900,001,LINCARE EMPLOYEES' 401(K) PLAN,2T3H2E2G2J2K,9875.0,13299731.0,2023-08-15
2022,0001707925,name,20230929110544NAL0008480771001,LINDE,262040986,002,NUCO2 MANAGEMENT LLC 401(K) SAVINGS & RETIREMENT PLAN,2G2J2K2T3H2E2F3D2R,1065.0,1129973.0,2023-09-29
2022,0001707925,name,20230929174243NAL0018904432001,LINDE INC.,061249050,334,LINDE RETIREMENT SAVINGS PLAN,2A2E2F2G2J2K2O2R2S2T3H,10671.0,40389713.0,2023-09-29
2022,0001707925,subsidiary,20231009140917NAL0035310320001,"WELSCO, INC.",710331550,002,"WELSCO, INC. 401(K) PLAN",2E2F2G2J2K2S2T3D,102.0,103516.0,2023-10-09
2022,0001707925,subsidiary,20240411110920NAL0000380241001,"NEXAIR, LLC",621636439,001,"NEXAIR, LLC PROFIT SHARING AND 401(K) PLAN",2T3D2R2F2E2G2J2K2S3H,738.0,5086571.0,2024-04-11
2023,0001707925,name,20240910142821NAL0003569939001,LINDE CORPORATION,204372172,001,THE CONTRACTORS RETIREMENT PLAN,2A2E2F2G2J2K2T3D,500.0,484112.0,2024-09-10
2023,0001707925,subsidiary,20240915120309NAL0000422449001,"WELSCO, INC.",710331550,002,"WELSCO, INC. 401(K) PLAN",2F2G2J2K2S2T3D,107.0,117254.0,2024-09-15
2023,0001707925,subsidiary,20240927180042NAL0002650529001,LINCARE INC.,592852900,001,LINCARE EMPLOYEES' 401(K) PLAN,2T3H2E2G2J2K,10258.0,14114142.0,2024-09-27
2023,0001707925,name,20241003113948NAL0004838963001,LINDE INC.,061249050,334,LINDE RETIREMENT SAVINGS PLAN,2A2E2F2G2J2K2O2R2S2T3H,11201.0,44333153.0,2024-10-03
2023,0001707925,name,20241003122807NAL0005710707001,LINDE,262040986,002,NUCO2 MANAGEMENT LLC 401(K) SAVINGS & RETIREMENT PLAN,2G2J2K2T3H2E2F3D2R,1146.0,1265430.0,2024-10-03
2023,0001707925,subsidiary,20250411104453NAL0023178481001,"NEXAIR, LLC",621636439,001,"NEXAIR, LLC PROFIT SHARING AND 401(K) PLAN",2T2F2E2G2J2K2S3H3D2R,744.0,4965746.0,2025-04-11
2024,0001707925,subsidiary,20250620154428NAL0009991794001,LINDE PUERTO RICO B.V.,660605193,001,LINDE PUERTO RICO B.V. RETIREMENT SAVINGS PLAN,2E2G2F2T3C2J2K,72.0,133080.0,2025-06-20
2024,0001707925,name,20250902093605NAL0008355331001,LINDE CORPORATION,204372172,001,THE CONTRACTORS RETIREMENT PLAN,2A2E2F2G2J2K2T3D,510.0,518755.0,2025-09-02
2024,0001707925,subsidiary,20250908170611NAL0012443795001,"WELSCO, INC.",710331550,002,"WELSCO, INC. 401(K) PLAN",2F2G2J2K2S2T3D,105.0,110431.0,2025-09-08
2024,0001707925,name,20250925093801NAL0009021184001,LINDE INC.,061249050,334,LINDE RETIREMENT SAVINGS PLAN,2A2E2F2G2J2K2O2R2S2T3H,11323.0,47609772.0,2025-09-25
2024,0001707925,subsidiary,20251013151505NAL0000754803001,LINCARE INC.,592852900,001,LINCARE EMPLOYEES' 401(K) PLAN,2T3H2E2G2J2K2F2S,10501.0,14211317.0,2025-10-13
2024,0001707925,name,20251014094200NAL0002529649001,LINDE,262040986,002,NUCO2 MANAGEMENT LLC 401(K) SAVINGS & RETIREMENT PLAN,2G2J2K2T3H2E2F3D2R,1491.0,1319001.0,2025-10-14
2024,0001707925,subsidiary,20260406162857NAL0007875920001,"NEXAIR, LLC",621636439,001,"NEXAIR, LLC PROFIT SHARING AND 401(K) PLAN",2T2F2E2G2J2K2S3H3D2R,884.0,5027238.0,2026-04-06
2022,0001711269,ein,20230626133024NAL0003867473001,"EVERGY, INC.",822733395,006,"EVERGY, INC. 401K SAVINGS PLAN",2E2F2G2J2K2O2S2T3H2R,4443.0,24098159.0,2023-06-26
2023,0001711269,ein,20240627074615NAL0014032160001,"EVERGY, INC.",822733395,006,"EVERGY, INC. 401K SAVINGS PLAN",2E2F2G2J2K2O2R2S2T3H,4651.0,23903844.0,2024-06-27
2024,0001711269,ein,20250630200602NAL0016946048001,"EVERGY, INC.",822733395,006,"EVERGY, INC. 401K SAVINGS PLAN",2E2F2G2J2K2O2R2S2T3H,4722.0,26642738.0,2025-06-30
2022,0001713445,ein,20251015150521NAL0002631795001,"REDDIT, INC.",452546501,001,REDDIT 401(K) PLAN,2E3D2G2J2K2F2T,1416.0,8333507.0,2025-10-15
2023,0001713445,ein,20250912133138NAL0000800227001,"REDDIT, INC.",452546501,001,REDDIT 401(K) PLAN,2E3D2G2J2K2F2T,1501.0,10110456.0,2025-09-12
2024,0001713445,ein,20250912140608NAL0000815667001,"REDDIT, INC.",452546501,001,REDDIT 401(K) PLAN,2E3D2G2J2K2F2T,1684.0,11475623.0,2025-09-12
2022,0001730168,subsidiary,20231016175116NAL0026379379001,AVAGO TECHNOLOGIES U.S. INC.,203387670,001,BROADCOM U.S. 401(K) PLAN,3F2T2F2G2J2E2S2R,10453.0,96729844.0,2023-10-16
2023,0001730168,subsidiary,20241009165159NAL0019661057001,AVAGO TECHNOLOGIES U.S. INC.,203387670,001,BROADCOM U.S. 401(K) PLAN,3F2T2F2G2J2E2S2R,10747.0,100464524.0,2024-10-09
2024,0001730168,subsidiary,20251009135917NAL0011609856001,AVAGO TECHNOLOGIES U.S. INC.,203387670,001,BROADCOM U.S. 401(K) PLAN,2E2F2G2J2K2R2S2T,17216.0,217148078.0,2025-10-09
2022,0001739940,ein,20231009135033NAL0054017586001,CIGNA CORPORATION,824991898,002,CIGNA 401(K) PLAN,2E2F2G2J2K2S2T3J2O,66760.0,269751966.0,2023-10-09
2023,0001739940,ein,20250915125323NAL0000704067001,THE CIGNA GROUP,824991898,002,CIGNA 401(K) PLAN,2E2F2G2J2K2S2T3J2O,63634.0,292457852.0,2025-09-15
2024,0001739940,ein,20251014151025NAL0001561267001,THE CIGNA GROUP,824991898,002,THE CIGNA GROUP 401(K) PLAN,2E2F2G2J2K2S2T3J2O,66532.0,298454514.0,2025-10-14
2022,0001744489,subsidiary,20231011143547NAL0060496610001,TWDC ENTERPRISES 18 CORP.,954545390,011,DISNEY SAVINGS AND INVESTMENT PLAN,2E2F2G2J2K2O2T3F3H,51478.0,91980512.0,2023-10-11
2022,0001744489,subsidiary,20231011143813NAL0060682242001,TWDC ENTERPRISES 18 CORP.,954545390,015,DISNEY RETIREMENT SAVINGS PLAN,2A2E2F2G2T3F3H,37110.0,177595773.0,2023-10-11
2022,0001744489,subsidiary,20231011143830NAL0019275315001,TWDC ENTERPRISES 18 CORP.,954545390,026,DISNEY HOURLY SAVINGS AND INVESTMENT PLAN,2E2F2G2J2K2O2T3F3H,66641.0,40121396.0,2023-10-11
2022,0001744489,subsidiary,20231011143910NAL0040349424001,"BAMTECH, LLC",475349513,001,BAMTECH RETIREMENT SAVING AND INVESTMENT PLAN,2A2E2F2G2J2K2S2T3D3F3H,12.0,267328.0,2023-10-11
2022,0001744489,subsidiary,20231011143957NAL0060519410001,"TFCF AMERICA, INC.",133249610,006,21ST CENTURY FOX AMERICA CONSOLIDATED SAVINGS PLAN,2A2E2F2G2J2K2S2T3F3H,811.0,6780514.0,2023-10-11
2023,0001744489,subsidiary,20241008181814NAL0034694450001,TWDC ENTERPRISES 18 CORP.,954545390,011,DISNEY SAVINGS AND INVESTMENT PLAN,2E2F2G2J2K2O2T3F3H,49567.0,105006531.0,2024-10-08
2023,0001744489,subsidiary,20241008181928NAL0035642530001,TWDC ENTERPRISES 18 CORP.,954545390,026,DISNEY HOURLY SAVINGS AND INVESTMENT PLAN,2E2F2G2J2K2O2T3F3H,98653.0,46247080.0,2024-10-08
2023,0001744489,subsidiary,20241008181946NAL0008648659001,TWDC ENTERPRISES 18 CORP.,954545390,015,DISNEY RETIREMENT SAVINGS PLAN,2A2E2F2G2T3F3H,36338.0,195437106.0,2024-10-08
2023,0001744489,subsidiary,20241008182147NAL0035644738001,"TFCF AMERICA, INC.",133249610,006,21ST CENTURY FOX AMERICA CONSOLIDATED SAVINGS PLAN,2A2E2F2G2J2K2S2T3F3H,742.0,6123782.0,2024-10-08
2024,0001744489,subsidiary,20251008160325NAL0013817138001,TWDC ENTERPRISES 18 CORP.,954545390,011,DISNEY SAVINGS AND INVESTMENT PLAN,2E2F2G2J2K2O2T3F3H,51389.0,110951837.0,2025-10-08
2024,0001744489,subsidiary,20251008160353NAL0005797009001,TWDC ENTERPRISES 18 CORP.,954545390,015,DISNEY RETIREMENT SAVINGS PLAN,2A2E2F2G2T3F3H,38582.0,229435117.0,2025-10-08
2024,0001744489,subsidiary,20251008160419NAL0009742592001,TWDC ENTERPRISES 18 CORP.,954545390,026,DISNEY HOURLY SAVINGS AND INVESTMENT PLAN,2E2F2G2J2K2O2T3F3H,109416.0,49939079.0,2025-10-08
2024,0001744489,subsidiary,20251008160812NAL0006112097001,"TFCF AMERICA, INC.",133249610,006,21ST CENTURY FOX AMERICA CONSOLIDATED SAVINGS PLAN,2A2E2F2G2J2K2S2T3F3H,701.0,5638355.0,2025-10-08
2022,0001748790,subsidiary,20231010124809NAL0037086560001,"AMCOR FLEXIBLES NORTH AMERICA, INC.",430178130,003,AMCOR 401(K) PLAN,2A2E2F2H2J2K2S2T3H2O,6558.0,29345574.0,2023-10-10
2022,0001748790,subsidiary,20231010125035NAL0037091648001,"AMCOR FLEXIBLES NORTH AMERICA, INC.",430178130,008,AMCOR DEFINED CONTRIBUTION PENSION PLAN FOR HOURLY EMPLOYEES,2A2E2F2G2T3H,401.0,843621.0,2023-10-10
2022,0001748790,subsidiary,20231010125320NAL0027707873001,"AMCOR FLEXIBLES NORTH AMERICA, INC.",430178130,009,UNION AMCOR INVESTMENT PROFIT SHARING PLAN,2A2E2F2G2T3H,772.0,1550100.0,2023-10-10
2022,0001748790,subsidiary,20231012074853NAL0031353601001,"BERRY GLOBAL, INC.",351814673,001,BERRY GLOBAL EMPLOYEES 401(K) RETIREMENT PLAN,2E2F2G2J2K2T3D3H,17212.0,18774962.0,2023-10-12
2022,0001748790,subsidiary,20231012085459NAL0020975267001,"BERRY GLOBAL, INC.",351814673,004,BERRY GLOBAL BARGAINING UNIT 401(K) PLAN,2E2F2G2J2K2S2T3D3H,929.0,655103.0,2023-10-12
2023,0001748790,subsidiary,20241011120521NAL0022708753001,"AMCOR FLEXIBLES NORTH AMERICA, INC.",430178130,003,AMCOR 401(K) PLAN,2A2E2F2H2J2K2S2T3H2O,6285.0,29788655.0,2024-10-11
2023,0001748790,subsidiary,20241011120856NAL0022714817001,"AMCOR FLEXIBLES NORTH AMERICA, INC.",430178130,008,AMCOR DEFINED CONTRIBUTION PENSION PLAN FOR HOURLY EMPLOYEES,2A2E2F2G2T3H,353.0,741212.0,2024-10-11
2023,0001748790,subsidiary,20241011121130NAL0022716865001,"AMCOR FLEXIBLES NORTH AMERICA, INC.",430178130,009,UNION AMCOR INVESTMENT PROFIT SHARING PLAN,2A2E2F2G2T3H,746.0,904409.0,2024-10-11
2023,0001748790,subsidiary,20241014075146NAL0012986499001,"BERRY GLOBAL, INC.",351814673,001,BERRY GLOBAL EMPLOYEES 401(K) RETIREMENT PLAN,2E2F2G2J2K2T3D3H,16806.0,19740056.0,2024-10-14
2023,0001748790,subsidiary,20241017144303NAL0031797649001,"BERRY GLOBAL, INC.",351814673,004,BERRY GLOBAL BARGAINING UNIT 401(K) PLAN,2E2F2G2J2K2S2T3D3H,911.0,678634.0,2024-10-17
2024,0001748790,subsidiary,20251010125134NAL0007741681001,"AMCOR FLEXIBLES NORTH AMERICA, INC.",430178130,003,AMCOR 401(K) PLAN,2A2E2F2H2J2K2S2T3H2O,6523.0,31034056.0,2025-10-10
2024,0001748790,subsidiary,20251010125400NAL0004622643001,"AMCOR FLEXIBLES NORTH AMERICA, INC.",430178130,008,AMCOR DEFINED CONTRIBUTION PENSION PLAN FOR HOURLY EMPLOYEES,2A2E2F2G2T3H,399.0,669024.0,2025-10-10
2024,0001748790,subsidiary,20251010125501NAL0004623939001,"AMCOR FLEXIBLES NORTH AMERICA, INC.",430178130,009,UNION AMCOR INVESTMENT PROFIT SHARING PLAN,2A2E2F2G2T3H,1079.0,1907242.0,2025-10-10
2024,0001748790,subsidiary,20251014114025NAL0005737218001,"BERRY GLOBAL, INC.",351814673,001,BERRY GLOBAL EMPLOYEES 401(K) RETIREMENT PLAN,2E2F2G2J2K2T3D3H,17041.0,19936733.0,2025-10-14
2024,0001748790,subsidiary,20251014121641NAL0001333171001,"BERRY GLOBAL, INC.",351814673,004,BERRY GLOBAL BARGAINING UNIT 401(K) PLAN,2E2F2G2J2K2S2T3D3H,776.0,621772.0,2025-10-14
2022,0001751008,ein,20230908163745NAL0021077312001,APPLOVIN CORPORATION,453264542,001,APPLOVIN CORPORATION 401(K) PROFIT SHARING PLAN AND TRUST,2T3D3H2E2F2G2J2K2S,759.0,3870676.0,2023-09-08
2023,0001751008,ein,20241011212113NAL0022701521001,APPLOVIN CORPORATION,453264542,001,APPLOVIN CORPORATION 401(K) PROFIT SHARING PLAN AND TRUST,2E2F2G2J2K2S2T3D3H,784.0,4444343.0,2024-10-11
2024,0001751008,ein,20251022125105NAL0001772723001,APPLOVIN CORPORATION,453264542,001,APPLOVIN CORPORATION 401(K) PROFIT SHARING PLAN AND TRUST,2E2F2G2J2K2S2T3H3D,607.0,4256968.0,2025-10-22
2022,0001751788,subsidiary,20230616145715NAL0023501635001,THE DOW CHEMICAL COMPANY,381285128,002,THE DOW CHEMICAL COMPANY EMPLOYEES' SAVINGS PLAN,2E2F2H2J2K2O2P2S2T3F3J3H,18088.0,95068323.0,2023-06-16
2023,0001751788,subsidiary,20240613140043NAL0030771745001,THE DOW CHEMICAL COMPANY,381285128,002,THE DOW CHEMICAL COMPANY EMPLOYEES' SAVINGS PLAN,2E2F2H2J2K2O2P2S2T3F3J3H,17128.0,122154455.0,2024-06-13
2024,0001751788,subsidiary,20250613111032NAL0015630275001,THE DOW CHEMICAL COMPANY,381285128,002,THE DOW CHEMICAL COMPANY EMPLOYEES' SAVINGS PLAN,2E2F2H2J2K2O2P2S2T3F3J3H,17215.0,228803172.0,2025-06-13
2022,0001754301,subsidiary,20231011084640NAL0059463122001,"CREDIBLE LABS, INC.",800868275,001,CREDIBLE 401(K) PLAN,2E2F2G2J2K2T3D3H,240.0,586844.0,2023-10-11
2023,0001754301,subsidiary,20240922153446NAL0006030163001,"CREDIBLE LABS, INC.",800868275,001,CREDIBLE 401(K) PLAN,2E2F2G2J2K2T3H3D,168.0,631693.0,2024-09-22
2024,0001754301,subsidiary,20250925105242NAL0008434737001,"CREDIBLE LABS, INC.",800868275,001,CREDIBLE 401(K) PLAN,2F2G2J2K2T2E3D3H,170.0,620380.0,2025-09-25
2022,0001755672,subsidiary,20230628080654NAL0011940466001,"CORTEVA AGRISCIENCE, LLC",351781118,002,RETIREMENT SAVINGS PLAN,2E2F2G2J2K2O2R2S2T3F3H,9968.0,97265362.0,2023-06-28
2022,0001755672,subsidiary,20230908094056NAL0009465779001,"CORTEVA AGRISCIENCE PUERTO RICO, INC.",421357983,001,PUERTO RICO SAVINGS & INVESTMENT PLAN,2E2F2G2J2K3C3D3H2T,209.0,993196.0,2023-09-08
2023,0001755672,subsidiary,20240723055740NAL0017606944001,"CORTEVA AGRISCIENCE, LLC",351781118,002,RETIREMENT SAVINGS PLAN,2E2F2G2J2K2O2R2S2T3F3H,9658.0,101318652.0,2024-07-23
2023,0001755672,subsidiary,20240920143842NAL0007617137001,"CORTEVA AGRISCIENCE PUERTO RICO, INC.",421357983,001,PUERTO RICO SAVINGS & INVESTMENT PLAN,2E2F2G2J2K3C3D3H2T,207.0,1164407.0,2024-09-20
2024,0001755672,subsidiary,20250616094329NAL0000394995001,"CORTEVA AGRISCIENCE, LLC",351781118,002,RETIREMENT SAVINGS PLAN,2E2F2G2J2K2O2R2S2T3F3H,9508.0,98685971.0,2025-06-16
2024,0001755672,subsidiary,20250929085959NAL0011070193001,"CORTEVA AGRISCIENCE PUERTO RICO, INC.",421357983,001,PUERTO RICO SAVINGS & INVESTMENT PLAN,2E2F2G2J2K2T3C3H,211.0,1173096.0,2025-09-29
2022,0001757898,name,20230918090628NAL0027666929001,STERIS CORPORATION,341482024,001,STERIS CORPORATION 401(K) PLAN,2E2F2G2I2J2K2O2R2S2T,10338.0,25248799.0,2023-09-18
2022,0001757898,subsidiary,20231012165406NAL0064831522001,CANTEL MEDICAL LLC,221760285,004,CANTEL MEDICAL RETIREMENT SAVINGS PLAN,2F2G2J3H3D2K2S2T2E,1830.0,0.0,2023-10-12
2023,0001757898,name,20241007132112NAL0015223745001,STERIS CORPORATION,341482024,001,STERIS CORPORATION 401(K) PLAN,2E2F2G2I2J2K2O2R2S2T,11225.0,26958570.0,2024-10-07
2023,0001757898,subsidiary,20241014141407NAL0044829760001,CANTEL MEDICAL LLC,221760285,004,CANTEL MEDICAL RETIREMENT SAVINGS PLAN,2F2G2J3H2K2S2T2E3D,1586.0,0.0,2024-10-14
2024,0001757898,name,20251014091528NAL0001159683001,STERIS CORPORATION,341482024,001,STERIS CORPORATION 401(K) PLAN,2E2F2G2I2J2K2O2R2S2T,10824.0,29483123.0,2025-10-14
2024,0001757898,subsidiary,20251014093911NAL0002524209001,CANTEL MEDICAL LLC,221760285,004,CANTEL MEDICAL RETIREMENT SAVINGS PLAN,2E2F2G2J2K2S2T3D3H,797.0,10126.0,2025-10-14
2022,0001781335,ein,20231004065725NAL0019661217001,OTIS WORLDWIDE CORPORATION,833789412,001,OTIS RETIREMENT SAVINGS PLAN,2E2F2G2J2K2R2S2T3H,4160.0,40552794.0,2023-10-04
2023,0001781335,ein,20241014100116NAL0014734595001,OTIS WORLDWIDE CORPORATION,833789412,001,OTIS RETIREMENT SAVINGS PLAN,2E2F2G2J2K2R2S2T3H,4304.0,38618045.0,2024-10-14
2024,0001781335,ein,20251009092305NAL0011145920001,OTIS WORLDWIDE CORPORATION,833789412,001,OTIS RETIREMENT SAVINGS PLAN,2E2F2G2J2K2R2S2T3H,4149.0,39588049.0,2025-10-09
2022,0001783180,ein,20230919121716NAL0001038658001,CARRIER GLOBAL CORPORATION,834051582,001,CARRIER RETIREMENT SAVINGS PLAN,2A2E2F2G2J2K2R2S2T3H,12104.0,81481134.0,2023-09-19
2023,0001783180,ein,20241002071640NAL0014498912001,CARRIER GLOBAL CORPORATION,834051582,001,CARRIER RETIREMENT SAVINGS PLAN,2A2E2F2G2J2K2R2S2T3H,12184.0,85721492.0,2024-10-02
2024,0001783180,ein,20250926123004NAL0008533569001,CARRIER GLOBAL CORPORATION,834051582,001,CARRIER RETIREMENT SAVINGS PLAN,2A2E2F2G2J2K2R2S2T3H,10233.0,91976477.0,2025-09-26
2022,0001783879,ein,20231011165041NAL0040683152001,"ROBINHOOD MARKETS, INC.",464364776,001,ROBINHOOD 401(K) PLAN,2E2F2G2J2K2R2S2T3D,2433.0,13728269.0,2023-10-11
2023,0001783879,ein,20241008112522NAL0008292755001,"ROBINHOOD MARKETS, INC.",464364776,001,ROBINHOOD 401(K) PLAN,2E2F2G2J2K2R2S2T3D,2190.0,10572572.0,2024-10-08
2023,0001783879,subsidiary,20250425135129NAL0005521379001,TRADE-PMR INC,593539169,001,TRADEPMR INC 401(K) PROFIT SHARING PLAN & TRUST,2E2F2G2J2K2T3D,139.0,397718.0,2025-04-25
2024,0001783879,subsidiary,20251007120842NAL0007863024001,TRADE-PMR INC.,593539169,001,TRADE-PMR INC. 401(K) PROFIT SHARING PLAN AND TRUST,2A2E2J2F2G3D,155.0,604376.0,2025-10-07
2024,0001783879,ein,20251010143345NAL0004335123001,"ROBINHOOD MARKETS, INC.",464364776,001,ROBINHOOD 401(K) PLAN,2E2F2G2J2K2R2S2T3D,2160.0,12075087.0,2025-10-10
2022,0001792044,subsidiary,20230920153242NAL0002581024002,"OYSTER POINT PHARMA, INC.",811030955,001,"OYSTER POINT PHARMA, INC. 401(K) PLAN",2E2F2G2J2K2T3D,250.0,1522997.0,2023-09-20
2022,0001792044,subsidiary,20231011092215NAL0029125361001,"DPT LABORATORIES, LTD.",742802344,001,"DPT LABORATORIES, LTD. 401(K) PLAN",2E2F2G2J2K2S2T3D3H,638.0,1278725.0,2023-10-11
2022,0001792044,subsidiary,20231011092723NAL0018827987001,MYLAN PHARMACEUTICALS INC.,550455423,005,MYLAN PHARMACEUTICALS INC. 401(K) DEFINED CONTRIBUTION PLAN,2E2F2G2J2K2T3H,212.0,68471.0,2023-10-11
2023,0001792044,subsidiary,20241011124514NAL0010922387001,"DPT LABORATORIES, LTD.",742802344,001,"DPT LABORATORIES, LTD. 401(K) PLAN",2E2F2G2J2K2S2T3D3H,621.0,1395001.0,2024-10-11
2023,0001792044,subsidiary,20241011130500NAL0021908401001,MYLAN PHARMACEUTICALS INC.,550455423,005,MYLAN PHARMACEUTICALS INC. 401(K) DEFINED CONTRIBUTION PLAN,2E2F2G2J2K2T3H,82.0,29232.0,2024-10-11
2023,0001792044,subsidiary,20241011135119NAL0012557779002,"OYSTER POINT PHARMA, INC.",811030955,001,"OYSTER POINT PHARMA, INC. 401(K) PLAN",2E2F2G2J2K2T3D,240.0,1598165.0,2024-10-11
2024,0001792044,subsidiary,20251010103434NAL0004505811001,"OYSTER POINT PHARMA, INC.",811030955,002,"OYSTER POINT PHARMA, INC. 401(K) DEFINED CONTRIBUTION PLAN",2E2F2G2J2K2S2T3D,198.0,1445237.0,2025-10-10
2024,0001792044,subsidiary,20251010103647NAL0012858256001,"DPT LABORATORIES, LTD.",742802344,001,"DPT LABORATORIES, LTD. 401(K) PLAN",2E2F2G2J2K2S2T3D3H,577.0,1357837.0,2025-10-10
2024,0001792044,subsidiary,20251010104213NAL0012865088001,MYLAN PHARMACEUTICALS INC.,550455423,005,MYLAN PHARMACEUTICALS INC. 401(K) DEFINED CONTRIBUTION PLAN,2E2F2G2J2K2T3H,81.0,25785.0,2025-10-10
2022,0001792789,ein,20231010103506NAL0018674115001,"DOORDASH, INC.",462852392,001,DOORDASH 401(K) PLAN,2E2F2G2J2K2T3D,9939.0,150908.0,2023-10-10
2023,0001792789,ein,20241011170039NAL0022389745001,"DOORDASH, INC.",462852392,001,DOORDASH 401(K) PLAN,2E2F2G2J2K2T3D,8904.0,16338937.0,2024-10-11
2024,0001792789,ein,20251014105011NAL0001258211001,"DOORDASH, INC.",462852392,001,DOORDASH 401(K) PLAN,2E2F2G2J2K2T3D,10913.0,19364516.0,2025-10-14
2022,0001835632,subsidiary,20230928125319NAL0007945875001,"MARVELL SEMICONDUCTOR, INC.",770398669,001,MARVELL SEMICONDUCTOR 401K RETIREMENT PLAN,2E2F2G2J2K2R2S2T3D3F,3251.0,15920914.0,2023-09-28
2023,0001835632,subsidiary,20240920111556NAL0004387587001,"MARVELL SEMICONDUCTOR, INC.",770398669,001,MARVELL SEMICONDUCTOR 401K RETIREMENT PLAN,2E2F2G2J2K2R2S2T3D3F,3030.0,15467237.0,2024-09-20
2024,0001835632,subsidiary,20251029103549NAL0000443763001,"MARVELL SEMICONDUCTOR, INC.",770398669,001,MARVELL SEMICONDUCTOR 401K RETIREMENT PLAN,2E2F2G2J2K2R2S2T3D3F,2970.0,14703068.0,2025-10-29
2022,0001858681,subsidiary,20230727101506NAL0015141600001,ATHENE ANNUITY & LIFE COMPANY,420175020,102,ATHENE SAVINGS & RETIREMENT PLAN,2E2F2G2J2K2S2T3D3F3H,1633.0,10328470.0,2023-07-27
2022,0001858681,subsidiary,20231013091948NAL0022379091001,"THE HARVEST GROUP, LLC.",205649166,001,"THE HARVEST GROUP, LLC 401(K) PLAN",2A2E3D2G2J2K2F2T,220.0,1189041.0,2023-10-13
2022,0001858681,subsidiary,20231013102454NAL0021604451001,"APOLLO MANAGEMENT HOLDINGS, LP",208351069,001,"APOLLO MANAGEMENT HOLDINGS, LP 401(K) PLAN",2G2J2K2T3B3H2E2F3D,1699.0,5823067.0,2023-10-13
2023,0001858681,subsidiary,20240717125438NAL0004045249001,ATHENE ANNUITY & LIFE COMPANY,420175020,102,ATHENE SAVINGS & RETIREMENT PLAN,2E2F2G2J2K2S2T3F3H3D,1862.0,11213340.0,2024-07-17
2023,0001858681,subsidiary,20241006202658NAL0025983104001,"APOLLO MANAGEMENT HOLDINGS, LP",208351069,001,"APOLLO MANAGEMENT HOLDINGS, LP 401(K) PLAN",3D2G2J2K2T3B3H2E2F,1874.0,6655189.0,2024-10-06
2023,0001858681,subsidiary,20241015141123NAL0049828720001,"THE HARVEST GROUP, LLC.",205649166,001,"THE HARVEST GROUP, LLC 401(K) PLAN",2A2E3D2G2J2K2F2T3B,270.0,1564846.0,2024-10-15
2024,0001858681,subsidiary,20250814085129NAL0005317683001,"APOLLO MANAGEMENT HOLDINGS, LP",420175020,102,ATHENE SAVINGS & RETIREMENT PLAN,2E2F2G2J2K2S2T3F3H3D,1848.0,12220882.0,2025-08-14
2024,0001858681,subsidiary,20250912142022NAL0001366448001,"THE HARVEST GROUP, LLC.",205649166,001,THE HARVEST GROUP 401(K) PLAN,2A2E3D2G2J2K2F2T3B,325.0,1821513.0,2025-09-12
2024,0001858681,subsidiary,20251015142422NAL0002446243001,"APOLLO MANAGEMENT HOLDINGS, LP",208351069,001,"APOLLO MANAGEMENT HOLDINGS, LP 401(K) PLAN",2J2G2K2T3B3H2E2F3D,1966.0,7407069.0,2025-10-15
2022,0001868275,subsidiary,20230728144652NAL0026879458001,"CONSTELLATION, INC.",411625287,002,"CONSTELLATION, INC. 401(K) PLAN",2F2G2J2K3H2E2T,206.0,1228281.0,2023-07-28
2022,0001868275,subsidiary,20230728144833NAL0008127347001,"CONSTELLATION, INC.",411625287,001,"CONSTELLATION, INC. PENSION PLAN",2C2F2G3H2T,205.0,906222.0,2023-07-28
2022,0001868275,subsidiary,20231016133806NAL0024938611001,CONSTELLATION ENERGY GENERATION LLC,233064219,006,CONSTELLATION EMPLOYEE SAVINGS PLAN,2E2F2G2J2K3F3H2S2T,13499.0,121096496.0,2023-10-16
2023,0001868275,subsidiary,20240905095115NAL0021388177001,CONSTELLATION ENERGY GENERATION LLC,233064219,006,CONSTELLATION EMPLOYEE SAVINGS PLAN,2E2F2G2J2K3F3H2S2T,13918.0,104773045.0,2024-09-05
2023,0001868275,subsidiary,20241010170234NAL0034832080001,"CONSTELLATION, INC.",411625287,001,"CONSTELLATION, INC. PENSION PLAN",2C2F2G3H2T,199.0,1029298.0,2024-10-10
2023,0001868275,subsidiary,20241010171103NAL0010288883001,"CONSTELLATION, INC.",411625287,002,"CONSTELLATION, INC. 401(K) PLAN",2F2G2J2K3H2E2T,197.0,1424725.0,2024-10-10
2024,0001868275,subsidiary,20250916122623NAL0001862609001,CONSTELLATION ENERGY GENERATION LLC,233064219,006,CONSTELLATION EMPLOYEE SAVINGS PLAN,2E2F2G2J2K3F3H2S2T,14256.0,114681181.0,2025-09-16
2024,0001868275,subsidiary,20251007143901NAL0011594306001,"CONSTELLATION, INC.",411625287,001,"CONSTELLATION, INC. PENSION PLAN",2C2F2G3H2T,173.0,864144.0,2025-10-07
2024,0001868275,subsidiary,20251015091846NAL0004164689001,"CONSTELLATION, INC.",411625287,002,"CONSTELLATION, INC. 401(K) PLAN",2F2G2J2K3H2E2T,170.0,1186891.0,2025-10-15
2022,0001932393,subsidiary,20230919104137NAL0000678576001,"BK MEDICAL HOLDING COMPANY, INC.",830875144,001,"BK MEDICAL HOLDING COMPANY, INC. 401(K) PLAN",2E2F2G2J2K2S2T3F3H,362.0,1435443.0,2023-09-19
2022,0001932393,subsidiary,20230928150754NAL0012366673001,"DATEX-OHMEDA, INC.",223029570,004,INSTRUMENTARIUM SAVINGS INVESTMENT PLAN,2E2F2G2J2K2T3H,504.0,658266.0,2023-09-28
2022,0001932393,subsidiary,20231016085056NAL0050049472001,MIM SOFTWARE INC.,562401998,001,MIM SOFTWARE INC. 401(K) P/S PLAN,2G3D2F2E2J2K2T,277.0,981460.0,2023-10-16
2023,0001932393,subsidiary,20241010090348NAL0019842945001,"DATEX-OHMEDA, INC.",223029570,004,INSTRUMENTARIUM SAVINGS INVESTMENT PLAN,2E2F2G2J2K2T3H,471.0,617217.0,2024-10-10
2023,0001932393,ein,20241014174459NAL0028009473001,GE HEALTHCARE TECHNOLOGIES INC.,882515116,002,GE HEALTHCARE RETIREMENT SAVINGS PLAN,2F2G2J2K2S2T,16216.0,121907037.0,2024-10-14
2023,0001932393,subsidiary,20241015102854NAL0055578674001,MIM SOFTWARE INC.,562401998,001,MIM SOFTWARE INC. 401(K) PLAN,2E2F2G2J2K2T3D,262.0,1141669.0,2024-10-15
2024,0001932393,subsidiary,20250922133553NAL0005716464001,MIM SOFTWARE INC.,562401998,001,MIM SOFTWARE INC. 401(K) PLAN,2E2F2G2J2K2T3D,265.0,1487012.0,2025-09-22
2024,0001932393,ein,20251015084423NAL0004100641001,GE HEALTHCARE TECHNOLOGIES INC.,882515116,002,GE HEALTHCARE RETIREMENT SAVINGS PLAN,2F2G2J2K2S2T,16733.0,128530684.0,2025-10-15
2023,0001944048,ein,20241220035527NAL0005171521001,KENVUE INC.,881032011,001,KENVUE SAVINGS PLAN,2F2G2J2K2O2S2T3H,4179.0,28524855.0,2024-12-20
2023,0001944048,ein,20250320011345NAL0011489634001,KENVUE INC.,881032011,002,KENVUE RETIREMENT SAVINGS PLAN,2F2G2J2K2S2T3H,618.0,1476796.0,2025-03-20
2024,0001944048,ein,20251014102416NAL0003650976001,KENVUE INC.,881032011,001,KENVUE SAVINGS PLAN,2F2G2J2K2O2S2T3H,4181.0,61693097.0,2025-10-14
2024,0001944048,ein,20251014103251NAL0001226515001,KENVUE INC.,881032011,002,KENVUE RETIREMENT SAVINGS PLAN,2F2G2J2K2S2T3H,615.0,3529918.0,2025-10-14
2022,0001964738,subsidiary,20231010105613NAL0056576354001,"KCI HOLDING USA, INC.",760432472,001,"KCI HOLDING USA, INC. 401(K) PLAN",2E2F2G2J2K2T3H3D,2069.0,9701362.0,2023-10-10
2023,0001964738,subsidiary,20241014160300NAL0026662385001,"KCI HOLDING USA, INC.",760432472,001,"KCI HOLDING USA, INC. 401(K) PLAN",2E2F2G2J2K2T3H3D,2238.0,10287301.0,2024-10-14
2024,0001964738,ein,20251014102633NAL0002520209001,SOLVENTUM CORPORATION,922008841,333,SOLVENTUM VOLUNTARY INVESTMENT PLAN,2E2F2G2J2K2S,11390.0,71718974.0,2025-10-14
2024,0001964738,subsidiary,20251014125012NAL0001368835001,"KCI HOLDING USA, INC.",760432472,001,"KCI HOLDING USA, INC. 401(K) PLAN",2E2F2G2J2K2T3H3D,2451.0,11517364.0,2025-10-14
2023,0001967680,ein,20240625083402NAL0004474675001,VERALTO CORPORATION,921941413,001,VERALTO CORPORATION & SUBSIDIARIES SAVINGS PLAN,2E3H2G2J2K2R2S2T,5264.0,10265971.0,2024-06-25
2023,0001967680,subsidiary,20241002152138NAL0004975283001,TRACEGAINS INC,263332339,001,TRACEGAINS INC 401(K) PS PLAN AND TRUST,2E3D2G2J2K2F2T,119.0,447950.0,2024-10-02
2024,0001967680,subsidiary,20251013112553NAL0000534435001,TRACEGAINS INC,263332339,001,TRACEGAINS INC 401(K) PS PLAN AND TRUST,2S2E3D2G2J2K2F2T,136.0,379953.0,2025-10-13
2024,0001967680,ein,20260520121023NAL0003295042001,VERALTO CORPORATION,921941413,001,VERALTO CORPORATION & SUBSIDIARIES SAVINGS PLAN,2E3H2G2J2K2S2T2R,5508.0,39236747.0,2026-05-20
2022,0001996810,subsidiary,20230711161157NAL0042713298001,"INSTRUMENT TRANSFORMERS, LLC",591582077,002,ITI 401(K) PLAN,2E2F2G2J2K2T,577.0,663356.0,2023-07-11
2022,0001996810,subsidiary,20231010162931NAL0038233456001,"FIELDCORE SERVICE, INC.",570861176,003,"FIELDCORE SERVICE, INC. RETIREMENT SAVINGS PLAN AND TRUST",2E2F2G2J2K2R2S2T3H,2999.0,10044499.0,2023-10-10
2023,0001996810,subsidiary,20241014141604NAL0026384673001,"INSTRUMENT TRANSFORMERS, LLC",591582077,002,ITI 401(K) PLAN,2E2F2G2J2K2T3H,563.0,651189.0,2024-10-14
2023,0001996810,subsidiary,20241015171846NAL0015160419001,"FIELDCORE SERVICE, INC.",570861176,003,"FIELDCORE SERVICE, INC. RETIREMENT SAVINGS PLAN AND TRUST",2E2F2G2J2K2R2S2T3H,2537.0,9237261.0,2024-10-15
2024,0001996810,subsidiary,20251014133036NAL0006074994002,"FIELDCORE SERVICE, INC.",570861176,003,"FIELDCORE SERVICE, INC. RETIREMENT SAVINGS PLAN AND TRUST",2E2F2G2J2K2R2S2T3H,2547.0,9483688.0,2025-10-14
2024,0001996810,subsidiary,20251015111352NAL0004680273001,"INSTRUMENT TRANSFORMERS, LLC",591582077,002,ITI 401(K) PLAN,2E2F2G2J2K2T3H,579.0,656393.0,2025-10-15
2022,0001996862,subsidiary,20230717133335NAL0035327616001,"BUNGE NORTH AMERICA, INC.",134977260,019,BUNGE SAVINGS PLAN,2E2F2G2J2K2T3H2R,907.0,1126344.0,2023-07-17
2022,0001996862,subsidiary,20230717133424NAL0016100419001,"BUNGE NORTH AMERICA, INC.",134977260,219,BUNGE SAVINGS PLAN - SUPPLEMENTAL PLAN A,2F2G2J2T3H2R,237.0,3947.0,2023-07-17
2023,0001996862,subsidiary,20240918140530NAL0009715426001,"BUNGE NORTH AMERICA, INC.",134977260,019,BUNGE SAVINGS PLAN,2E2F2G2J2K2T2R,972.0,858937.0,2024-09-18
2024,0001996862,subsidiary,20251104152802NAL0019624274001,"BUNGE NORTH AMERICA, INC.",134977260,019,BUNGE SAVINGS PLAN,2E2F2G2J2K2T3D2R,974.0,1136461.0,2025-11-04
2022,0002005951,subsidiary,20230824084915NAL0008183953001,VICTORY PACKAGING L.P.,260055284,001,VICTORY PACKAGING L.P. 401(K) PLAN,2E2F2G2J2K2R2S2T3D3H,1231.0,2117809.0,2023-08-24
2022,0002005951,subsidiary,20231004101343NAL0013252563001,WESTROCK COMPANY,473335141,032,WESTROCK COMPANY 401(K) PROVISIONAL RETIREMENT SAVINGS PLAN,2E2F2G2J2K2T3D3H,126.0,80119.0,2023-10-04
2022,0002005951,subsidiary,20231004102105NAL0013260643001,WESTROCK COMPANY,473335141,018,WESTROCK COMPANY 401(K) RETIREMENT SAVINGS PLAN,2E2F2G2J2K2S2T3H,32850.0,146122356.0,2023-10-04
2022,0002005951,subsidiary,20231004102927NAL0026082416001,"WESTROCK - PUERTO RICO, INC.",660665984,001,WESTROCK COMPANY RETIREMENT SAVINGS PLAN FOR PUERTO RICO EMPLOYEES,2E2G2J2K2S2T3H3J,116.0,404249.0,2023-10-04
2022,0002005951,subsidiary,20231010164557NAL0057860386001,SMURFIT KAPPA NORTH AMERICA LLC,800227704,002,SMURFIT KAPPA NORTH AMERICA 401(K)/PROFIT SHARING PLAN,3H2E3D2R2F2G2J2K2T,1076.0,4141569.0,2023-10-10
2023,0002005951,subsidiary,20240927141551NAL0001109683001,SMURFIT KAPPA NORTH AMERICA LLC,800227704,002,SMURFIT KAPPA NORTH AMERICA 401(K)/PROFIT SHARING PLAN,3H2E2F2G2J2K2T3D2R,1081.0,4255198.0,2024-09-27
2023,0002005951,subsidiary,20241001151311NAL0006992737001,"WESTROCK - PUERTO RICO, INC.",660665984,001,WESTROCK COMPANY RETIREMENT SAVINGS PLAN FOR PUERTO RICO EMPLOYEES,2E2G2J2K2S2T3H3J,108.0,432272.0,2024-10-01
2023,0002005951,subsidiary,20241001151737NAL0012777312001,WESTROCK COMPANY,473335141,018,WESTROCK COMPANY 401(K) RETIREMENT SAVINGS PLAN,2E2F2G2J2K2S2T3H,32575.0,147578267.0,2024-10-01
2024,0002005951,subsidiary,20250829104717NAL0011093025001,WESTROCK COMPANY,473335141,018,WESTROCK COMPANY 401(K) RETIREMENT SAVINGS PLAN,2E2F2G2J2K2S2T3H,31545.0,152595033.0,2025-08-29
2024,0002005951,subsidiary,20250912125806NAL0001320369001,"WESTROCK - PUERTO RICO, INC.",660665984,001,WESTROCK COMPANY RETIREMENT SAVINGS PLAN FOR PUERTO RICO EMPLOYEES,2E2G2J2K2S2T3H3J,105.0,440050.0,2025-09-12
2024,0002005951,subsidiary,20250927185335NAL0009438833001,SMURFIT KAPPA NORTH AMERICA LLC,800227704,002,SMURFIT KAPPA NORTH AMERICA 401(K)/PROFIT SHARING PLAN,3H2E2F2G2J2K2T3D2R,1213.0,4654015.0,2025-09-27
2022,0002011641,name,20230922111236NAL0009273682001,"FERGUSON ENTERPRISES, LLC",541473338,002,"FERGUSON ENTERPRISES, LLC, 401(K) RETIREMENT SAVINGS PLAN",2E2F2G2J2K2S2T3H,30741.0,71502730.0,2023-09-22
2023,0002011641,name,20241009131607NAL0037913746001,"FERGUSON ENTERPRISES, LLC",541473338,002,"FERGUSON ENTERPRISES, LLC, 401(K) RETIREMENT SAVINGS PLAN",2E2F2G2J2K2S2T3H,30859.0,77847064.0,2024-10-09
2024,0002011641,name,20251010150149NAL0008363457001,"FERGUSON ENTERPRISES, LLC",541473338,002,"FERGUSON ENTERPRISES, LLC, 401(K) RETIREMENT SAVINGS PLAN",2E2F2G2J2K2S2T3H,30502.0,75624725.0,2025-10-10
2022,0002012383,subsidiary,20231016091034NAL0075026450002,"HPS INVESTMENT PARTNERS, LLC",208774276,001,"HPS INVESTMENT PARTNERS, LLC 401(K) PLAN",2F2G2J2K2T3D3H,441.0,1195931.0,2023-10-16
2022,0002012383,subsidiary,20231016153914NAL0038854769001,"GLOBAL INFRASTRUCTURE MANAGEMENT, LLC",205504170,001,"GLOBAL INFRASTRUCTURE MANAGEMENT, LLC 401(K) PLAN",2E2F2G2H2J2K2T3D,213.0,4177742.0,2023-10-16
2022,0002012383,subsidiary,20231016210651NAL0039159089001,"PREQIN, INC.",263820466,001,"PREQIN, INC. 401(K) PLAN",2E2F2G2J2K2T3D3H,232.0,1348145.0,2023-10-16
2022,0002012383,name,20231108170423NAL0023291809001,"BLACKROCK, INC.",320174431,001,BLACKROCK RETIREMENT SAVINGS PLAN,2E2F2G2J2K2S2T,9268.0,82163075.0,2023-11-08
2023,0002012383,ein,20241015091057NAL0016036259001,"BLACKROCK, INC.",991116001,001,BLACKROCK RETIREMENT SAVINGS PLAN,2E2F2G2J2K2S2T,9068.0,85919204.0,2024-10-15
2023,0002012383,subsidiary,20241015092938NAL0016059571001,"HPS INVESTMENT PARTNERS, LLC",208774276,001,"HPS INVESTMENT PARTNERS, LLC 401(K) PLAN",2F2G2J2K2T3D3H,516.0,1704362.0,2024-10-15
2023,0002012383,subsidiary,20241015145922NAL0048517808001,"GLOBAL INFRASTRUCTURE MANAGEMENT, LLC",205504170,001,"GLOBAL INFRASTRUCTURE MANAGEMENT, LLC 401(K) PLAN",2E2F2G2H2J2K2T3D,258.0,5613674.0,2024-10-15
2023,0002012383,subsidiary,20250910132220NAL0013195587001,"PREQIN, INC.",263820466,001,"PREQIN, INC. 401(K) PLAN",2E2F2G2J2K2T3D3H,287.0,2511741.0,2025-09-10
2024,0002012383,subsidiary,20250924170512NAL0008411984001,"HPS INVESTMENT PARTNERS, LLC",208774276,001,"HPS INVESTMENT PARTNERS, LLC 401(K) PLAN",2F2G2J2K2T3D3H,616.0,2218884.0,2025-09-24
2024,0002012383,subsidiary,20251015153324NAL0002561171001,"GLOBAL INFRASTRUCTURE MANAGEMENT, LLC",205504170,001,"GLOBAL INFRASTRUCTURE MANAGEMENT, LLC 401(K) PLAN",2E2F2G2H2J2K2T3D,249.0,5935341.0,2025-10-15
2024,0002012383,ein,20251015171845NAL0002694883001,"BLACKROCK, INC.",991116001,001,BLACKROCK RETIREMENT SAVINGS PLAN,2E2F2G2J2K2S2T,8882.0,152838160.0,2025-10-15
2024,0002012383,subsidiary,20251015213507NAL0011317570001,"PREQIN, INC.",263820466,001,"PREQIN, INC. 401(K) PLAN",2E2F2G2J2K2T3D3H,274.0,2209128.0,2025-10-15
2022,0002041610,subsidiary,20231005135536NAL0021317393001,"SKYDANCE PRODUCTIONS, LLC",300572247,001,"SKYDANCE PRODUCTIONS, LLC 401(K) PROFIT SHARING PLAN",3H2A2E2F2G2J2K2T3D3B,255.0,1419903.0,2023-10-05
2022,0002041610,subsidiary,20231012140236NAL0031440321001,"INSIDE EDITION, INC.",133494086,001,CBS TELEVISION DISTRIBUTION INSIDE EDITION 401(K) PLAN,2G2J2K2S2T3H2E2F3D,240.0,623271.0,2023-10-12
2022,0002041610,subsidiary,20231012140808NAL0020523939001,"KWP STUDIOS, INC.",043616445,001,CBS TELEVISION DISTRIBUTION PRODUCTION 401(K) PLAN,2F2G2E2J2S2T3F3H3D,274.0,0.0,2023-10-12
2023,0002041610,subsidiary,20240828095412NAL0005690803001,"SKYDANCE PRODUCTIONS, LLC",300572247,001,"SKYDANCE PRODUCTIONS, LLC 401(K) PROFIT SHARING PLAN",3H2A2E2F2G2J2K2T3B3D,315.0,1860591.0,2024-08-28
2023,0002041610,subsidiary,20241015151607NAL0048610624001,"INSIDE EDITION, INC.",133494086,001,CBS TELEVISION DISTRIBUTION INSIDE EDITION 401(K) PLAN,2G2J2K2S2T3H2E2F3D,238.0,582213.0,2024-10-15
2024,0002041610,subsidiary,20251014202934NAL0001820883001,"SKYDANCE PRODUCTIONS, LLC",300572247,001,"SKYDANCE PRODUCTIONS, LLC 401(K) PROFIT SHARING PLAN",3H2A2E2F2G2J2K2T3B3D,415.0,2185514.0,2025-10-14
2024,0002041610,subsidiary,20251015153824NAL0005013521001,"INSIDE EDITION, INC.",133494086,001,CBS TELEVISION DISTRIBUTION INSIDE EDITION 401(K) PLAN,2G2J2K2S2T3H2E2F3D,239.0,595975.0,2025-10-15
