file,url,retrieved_utc,bytes
sec_frames/dei_EntityCommonStockSharesOutstanding_CY2026Q3I.json,https://data.sec.gov/api/xbrl/frames/dei/EntityCommonStockSharesOutstanding/shares/CY2026Q3I.json,2026-09-13T00:50:44Z,43516
sec_frames/dei_EntityCommonStockSharesOutstanding_CY2026Q2I.json,https://data.sec.gov/api/xbrl/frames/dei/EntityCommonStockSharesOutstanding/shares/CY2026Q2I.json,2026-09-13T00:50:45Z,583849
sec_frames/dei_EntityCommonStockSharesOutstanding_CY2026Q1I.json,https://data.sec.gov/api/xbrl/frames/dei/EntityCommonStockSharesOutstanding/shares/CY2026Q1I.json,2026-09-13T00:50:46Z,611127
sec_frames/dei_EntityCommonStockSharesOutstanding_CY2025Q4I.json,https://data.sec.gov/api/xbrl/frames/dei/EntityCommonStockSharesOutstanding/shares/CY2025Q4I.json,2026-09-13T00:50:47Z,347238
sec_frames/dei_EntityCommonStockSharesOutstanding_CY2025Q3I.json,https://data.sec.gov/api/xbrl/frames/dei/EntityCommonStockSharesOutstanding/shares/CY2025Q3I.json,2026-09-13T00:50:48Z,603096
sec_frames/us-gaap_Assets_CY2026Q2I.json,https://data.sec.gov/api/xbrl/frames/us-gaap/Assets/USD/CY2026Q2I.json,2026-09-13T00:51:43Z,709186
sec_frames/us-gaap_Assets_CY2026Q1I.json,https://data.sec.gov/api/xbrl/frames/us-gaap/Assets/USD/CY2026Q1I.json,2026-09-13T00:51:44Z,741836
sec_frames/us-gaap_Assets_CY2025Q4I.json,https://data.sec.gov/api/xbrl/frames/us-gaap/Assets/USD/CY2025Q4I.json,2026-09-13T00:51:44Z,819733
sec_cover/R1_0001652044_0001652044-26-000071.htm,https://www.sec.gov/Archives/edgar/data/1652044/000165204426000071/R1.htm,2026-09-13T00:52:00Z,124286
sec_cover/R1_0001067983_0001193125-26-341032.htm,https://www.sec.gov/Archives/edgar/data/1067983/000119312526341032/R1.htm,2026-09-13T00:52:00Z,77876
sec_frames/dei_EntityCommonStockSharesOutstanding_CY2025Q2I.json,https://data.sec.gov/api/xbrl/frames/dei/EntityCommonStockSharesOutstanding/shares/CY2025Q2I.json,2026-09-13T00:57:37Z,604077
sec_frames/dei_EntityCommonStockSharesOutstanding_CY2025Q1I.json,https://data.sec.gov/api/xbrl/frames/dei/EntityCommonStockSharesOutstanding/shares/CY2025Q1I.json,2026-09-13T00:57:38Z,628952
sec_frames/dei_EntityCommonStockSharesOutstanding_CY2024Q4I.json,https://data.sec.gov/api/xbrl/frames/dei/EntityCommonStockSharesOutstanding/shares/CY2024Q4I.json,2026-09-13T00:57:38Z,372661
sec_frames/dei_EntityCommonStockSharesOutstanding_CY2024Q3I.json,https://data.sec.gov/api/xbrl/frames/dei/EntityCommonStockSharesOutstanding/shares/CY2024Q3I.json,2026-09-13T00:57:39Z,627114
sec_frames/dei_EntityCommonStockSharesOutstanding_CY2024Q2I.json,https://data.sec.gov/api/xbrl/frames/dei/EntityCommonStockSharesOutstanding/shares/CY2024Q2I.json,2026-09-13T00:57:40Z,628114
sec_frames/dei_EntityCommonStockSharesOutstanding_CY2024Q1I.json,https://data.sec.gov/api/xbrl/frames/dei/EntityCommonStockSharesOutstanding/shares/CY2024Q1I.json,2026-09-13T00:57:41Z,657225
sec_frames/dei_EntityCommonStockSharesOutstanding_CY2023Q4I.json,https://data.sec.gov/api/xbrl/frames/dei/EntityCommonStockSharesOutstanding/shares/CY2023Q4I.json,2026-09-13T00:57:41Z,357684
sec_frames/dei_EntityCommonStockSharesOutstanding_CY2023Q3I.json,https://data.sec.gov/api/xbrl/frames/dei/EntityCommonStockSharesOutstanding/shares/CY2023Q3I.json,2026-09-13T00:57:43Z,661084
sec_frames/dei_EntityCommonStockSharesOutstanding_CY2023Q2I.json,https://data.sec.gov/api/xbrl/frames/dei/EntityCommonStockSharesOutstanding/shares/CY2023Q2I.json,2026-09-13T00:57:43Z,658721
sec_frames/dei_EntityCommonStockSharesOutstanding_CY2023Q1I.json,https://data.sec.gov/api/xbrl/frames/dei/EntityCommonStockSharesOutstanding/shares/CY2023Q1I.json,2026-09-13T00:57:44Z,693391
sec_frames/dei_EntityCommonStockSharesOutstanding_CY2022Q4I.json,https://data.sec.gov/api/xbrl/frames/dei/EntityCommonStockSharesOutstanding/shares/CY2022Q4I.json,2026-09-13T00:57:45Z,362717
sec_frames/dei_EntityCommonStockSharesOutstanding_CY2022Q3I.json,https://data.sec.gov/api/xbrl/frames/dei/EntityCommonStockSharesOutstanding/shares/CY2022Q3I.json,2026-09-13T00:57:46Z,686706
sec_frames/dei_EntityCommonStockSharesOutstanding_CY2022Q2I.json,https://data.sec.gov/api/xbrl/frames/dei/EntityCommonStockSharesOutstanding/shares/CY2022Q2I.json,2026-09-13T00:57:48Z,675852
sec_frames/dei_EntityCommonStockSharesOutstanding_CY2022Q1I.json,https://data.sec.gov/api/xbrl/frames/dei/EntityCommonStockSharesOutstanding/shares/CY2022Q1I.json,2026-09-13T00:57:50Z,699175
sec_frames/dei_EntityCommonStockSharesOutstanding_CY2021Q4I.json,https://data.sec.gov/api/xbrl/frames/dei/EntityCommonStockSharesOutstanding/shares/CY2021Q4I.json,2026-09-13T00:57:51Z,400520
sec_frames/dei_EntityCommonStockSharesOutstanding_CY2021Q3I.json,https://data.sec.gov/api/xbrl/frames/dei/EntityCommonStockSharesOutstanding/shares/CY2021Q3I.json,2026-09-13T00:57:52Z,668421
sec_frames/dei_EntityCommonStockSharesOutstanding_CY2021Q2I.json,https://data.sec.gov/api/xbrl/frames/dei/EntityCommonStockSharesOutstanding/shares/CY2021Q2I.json,2026-09-13T00:57:52Z,655586
sec_frames/dei_EntityCommonStockSharesOutstanding_CY2021Q1I.json,https://data.sec.gov/api/xbrl/frames/dei/EntityCommonStockSharesOutstanding/shares/CY2021Q1I.json,2026-09-13T00:57:53Z,662896
sec_frames/dei_EntityCommonStockSharesOutstanding_CY2020Q4I.json,https://data.sec.gov/api/xbrl/frames/dei/EntityCommonStockSharesOutstanding/shares/CY2020Q4I.json,2026-09-13T00:57:55Z,372835
sec_frames/dei_EntityCommonStockSharesOutstanding_CY2020Q3I.json,https://data.sec.gov/api/xbrl/frames/dei/EntityCommonStockSharesOutstanding/shares/CY2020Q3I.json,2026-09-13T00:57:58Z,617997
sec_frames/dei_EntityCommonStockSharesOutstanding_CY2020Q2I.json,https://data.sec.gov/api/xbrl/frames/dei/EntityCommonStockSharesOutstanding/shares/CY2020Q2I.json,2026-09-13T00:58:00Z,635979
sec_frames/dei_EntityCommonStockSharesOutstanding_CY2020Q1I.json,https://data.sec.gov/api/xbrl/frames/dei/EntityCommonStockSharesOutstanding/shares/CY2020Q1I.json,2026-09-13T00:58:03Z,630911
sec_frames/dei_EntityCommonStockSharesOutstanding_CY2019Q4I.json,https://data.sec.gov/api/xbrl/frames/dei/EntityCommonStockSharesOutstanding/shares/CY2019Q4I.json,2026-09-13T00:58:05Z,381278
sec_frames/dei_EntityCommonStockSharesOutstanding_CY2019Q3I.json,https://data.sec.gov/api/xbrl/frames/dei/EntityCommonStockSharesOutstanding/shares/CY2019Q3I.json,2026-09-13T00:58:06Z,648946
sec_frames/dei_EntityCommonStockSharesOutstanding_CY2019Q2I.json,https://data.sec.gov/api/xbrl/frames/dei/EntityCommonStockSharesOutstanding/shares/CY2019Q2I.json,2026-09-13T00:58:07Z,655263
sec_frames/dei_EntityCommonStockSharesOutstanding_CY2019Q1I.json,https://data.sec.gov/api/xbrl/frames/dei/EntityCommonStockSharesOutstanding/shares/CY2019Q1I.json,2026-09-13T00:58:08Z,676801
sec_frames/dei_EntityCommonStockSharesOutstanding_CY2018Q4I.json,https://data.sec.gov/api/xbrl/frames/dei/EntityCommonStockSharesOutstanding/shares/CY2018Q4I.json,2026-09-13T00:58:09Z,373309
sec_frames/dei_EntityCommonStockSharesOutstanding_CY2018Q3I.json,https://data.sec.gov/api/xbrl/frames/dei/EntityCommonStockSharesOutstanding/shares/CY2018Q3I.json,2026-09-13T00:58:10Z,673037
sec_frames/us-gaap_Assets_CY2026Q3I.json,https://data.sec.gov/api/xbrl/frames/us-gaap/Assets/USD/CY2026Q3I.json,2026-09-13T00:58:12Z,466
sec_frames/us-gaap_Assets_CY2025Q1I.json,https://data.sec.gov/api/xbrl/frames/us-gaap/Assets/USD/CY2025Q1I.json,2026-09-13T00:58:13Z,753994
sec_frames/us-gaap_Assets_CY2024Q1I.json,https://data.sec.gov/api/xbrl/frames/us-gaap/Assets/USD/CY2024Q1I.json,2026-09-13T00:58:14Z,780149
sec_frames/us-gaap_Assets_CY2023Q1I.json,https://data.sec.gov/api/xbrl/frames/us-gaap/Assets/USD/CY2023Q1I.json,2026-09-13T00:58:14Z,839867
sec_frames/us-gaap_Assets_CY2022Q1I.json,https://data.sec.gov/api/xbrl/frames/us-gaap/Assets/USD/CY2022Q1I.json,2026-09-13T00:58:15Z,886719
sec_frames/us-gaap_Assets_CY2021Q1I.json,https://data.sec.gov/api/xbrl/frames/us-gaap/Assets/USD/CY2021Q1I.json,2026-09-13T00:58:16Z,834246
sec_frames/us-gaap_Assets_CY2020Q1I.json,https://data.sec.gov/api/xbrl/frames/us-gaap/Assets/USD/CY2020Q1I.json,2026-09-13T00:58:17Z,744961
sec_frames/us-gaap_Assets_CY2019Q1I.json,https://data.sec.gov/api/xbrl/frames/us-gaap/Assets/USD/CY2019Q1I.json,2026-09-13T00:58:18Z,770995
sec_cover/R1_0000014693_0000014693-26-000052.htm,https://www.sec.gov/Archives/edgar/data/14693/000001469326000052/R1.htm,2026-09-13T00:58:19Z,59100
sec_cover/R1_0000014693_0000014693-26-000024.htm,https://www.sec.gov/Archives/edgar/data/14693/000001469326000024/R1.htm,2026-09-13T00:58:19Z,73478
sec_cover/R1_0000014693_0000014693-25-000062.htm,https://www.sec.gov/Archives/edgar/data/14693/000001469325000062/R1.htm,2026-09-13T00:58:20Z,73484
sec_cover/R1_0000014693_0000014693-24-000086.htm,https://www.sec.gov/Archives/edgar/data/14693/000001469324000086/R1.htm,2026-09-13T00:58:21Z,73533
sec_cover/R1_0000014693_0000014693-23-000074.htm,https://www.sec.gov/Archives/edgar/data/14693/000001469323000074/R1.htm,2026-09-13T00:58:21Z,71097
sec_cover/R1_0000014693_0000014693-22-000069.htm,https://www.sec.gov/Archives/edgar/data/14693/000001469322000069/R1.htm,2026-09-13T00:58:22Z,72204
sec_cover/R1_0000014693_0000014693-21-000091.htm,https://www.sec.gov/Archives/edgar/data/14693/000001469321000091/R1.htm,2026-09-13T00:58:23Z,71875
sec_cover/R1_0000014693_0000014693-20-000070.htm,https://www.sec.gov/Archives/edgar/data/14693/000001469320000070/R1.htm,2026-09-13T00:58:23Z,72927
sec_cover/R1_0000016918_0000016918-26-000029.htm,https://www.sec.gov/Archives/edgar/data/16918/000001691826000029/R1.htm,2026-09-13T00:58:24Z,52967
sec_cover/R1_0000016918_0000016918-26-000011.htm,https://www.sec.gov/Archives/edgar/data/16918/000001691826000011/R1.htm,2026-09-13T00:58:25Z,66369
sec_cover/R1_0000016918_0000016918-25-000022.htm,https://www.sec.gov/Archives/edgar/data/16918/000001691825000022/R1.htm,2026-09-13T00:58:25Z,66382
sec_cover/R1_0000016918_0000016918-24-000054.htm,https://www.sec.gov/Archives/edgar/data/16918/000001691824000054/R1.htm,2026-09-13T00:58:26Z,68012
sec_cover/R1_0000016918_0000016918-23-000045.htm,https://www.sec.gov/Archives/edgar/data/16918/000001691823000045/R1.htm,2026-09-13T00:58:27Z,65560
sec_cover/R1_0000016918_0000016918-22-000069.htm,https://www.sec.gov/Archives/edgar/data/16918/000001691822000069/R1.htm,2026-09-13T00:58:27Z,69371
sec_cover/R1_0000016918_0000016918-21-000060.htm,https://www.sec.gov/Archives/edgar/data/16918/000001691821000060/R1.htm,2026-09-13T00:58:28Z,67053
sec_cover/R1_0000016918_0000016918-20-000078.htm,https://www.sec.gov/Archives/edgar/data/16918/000001691820000078/R1.htm,2026-09-13T00:58:29Z,63100
sec_cover/R1_0000024545_0000024545-26-000071.htm,https://www.sec.gov/Archives/edgar/data/24545/000002454526000071/R1.htm,2026-09-13T00:58:29Z,67708
sec_cover/R1_0000024545_0000024545-25-000014.htm,https://www.sec.gov/Archives/edgar/data/24545/000002454525000014/R1.htm,2026-09-13T00:58:30Z,67707
sec_cover/R1_0000024545_0000024545-24-000012.htm,https://www.sec.gov/Archives/edgar/data/24545/000002454524000012/R1.htm,2026-09-13T00:58:30Z,67726
sec_cover/R1_0000024545_0000024545-23-000011.htm,https://www.sec.gov/Archives/edgar/data/24545/000002454523000011/R1.htm,2026-09-13T00:58:31Z,67720
sec_cover/R1_0000024545_0000024545-22-000010.htm,https://www.sec.gov/Archives/edgar/data/24545/000002454522000010/R1.htm,2026-09-13T00:58:32Z,68813
sec_cover/R1_0000024545_0000024545-21-000008.htm,https://www.sec.gov/Archives/edgar/data/24545/000002454521000008/R1.htm,2026-09-13T00:58:33Z,72633
sec_cover/R1_0000024545_0000024545-20-000009.htm,https://www.sec.gov/Archives/edgar/data/24545/000002454520000009/R1.htm,2026-09-13T00:58:34Z,72778
sec_cover/R1_0000024545_0000024545-19-000010.htm,https://www.sec.gov/Archives/edgar/data/24545/000002454519000010/R1.htm,2026-09-13T00:58:35Z,33474
sec_cover/R1_0000037996_0000037996-26-000156.htm,https://www.sec.gov/Archives/edgar/data/37996/000003799626000156/R1.htm,2026-09-13T00:58:35Z,62875
sec_cover/R1_0000037996_0000037996-26-000086.htm,https://www.sec.gov/Archives/edgar/data/37996/000003799626000086/R1.htm,2026-09-13T00:58:36Z,62874
sec_cover/R1_0000037996_0000037996-25-000072.htm,https://www.sec.gov/Archives/edgar/data/37996/000003799625000072/R1.htm,2026-09-13T00:58:37Z,62849
sec_cover/R1_0000037996_0000037996-24-000075.htm,https://www.sec.gov/Archives/edgar/data/37996/000003799624000075/R1.htm,2026-09-13T00:58:37Z,62870
sec_cover/R1_0000037996_0000037996-23-000029.htm,https://www.sec.gov/Archives/edgar/data/37996/000003799623000029/R1.htm,2026-09-13T00:58:38Z,62867
sec_cover/R1_0000037996_0000037996-22-000024.htm,https://www.sec.gov/Archives/edgar/data/37996/000003799622000024/R1.htm,2026-09-13T00:58:39Z,61334
sec_cover/R1_0000037996_0000037996-21-000026.htm,https://www.sec.gov/Archives/edgar/data/37996/000003799621000026/R1.htm,2026-09-13T00:58:39Z,61157
sec_cover/R1_0000037996_0000037996-20-000041.htm,https://www.sec.gov/Archives/edgar/data/37996/000003799620000041/R1.htm,2026-09-13T00:58:40Z,57385
sec_cover/R1_0000047111_0001628280-26-050900.htm,https://www.sec.gov/Archives/edgar/data/47111/000162828026050900/R1.htm,2026-09-13T00:58:41Z,55355
sec_cover/R1_0000047111_0001628280-26-028682.htm,https://www.sec.gov/Archives/edgar/data/47111/000162828026028682/R1.htm,2026-09-13T00:58:41Z,55355
sec_cover/R1_0000047111_0000047111-25-000044.htm,https://www.sec.gov/Archives/edgar/data/47111/000004711125000044/R1.htm,2026-09-13T00:58:42Z,55355
sec_cover/R1_0000047111_0000047111-24-000023.htm,https://www.sec.gov/Archives/edgar/data/47111/000004711124000023/R1.htm,2026-09-13T00:58:43Z,55375
sec_cover/R1_0000047111_0000047111-23-000033.htm,https://www.sec.gov/Archives/edgar/data/47111/000004711123000033/R1.htm,2026-09-13T00:58:43Z,55373
sec_cover/R1_0000047111_0000047111-22-000030.htm,https://www.sec.gov/Archives/edgar/data/47111/000004711122000030/R1.htm,2026-09-13T00:58:44Z,56216
sec_cover/R1_0000047111_0000047111-21-000027.htm,https://www.sec.gov/Archives/edgar/data/47111/000004711121000027/R1.htm,2026-09-13T00:58:44Z,56089
sec_cover/R1_0000047111_0000047111-20-000020.htm,https://www.sec.gov/Archives/edgar/data/47111/000004711120000020/R1.htm,2026-09-13T00:58:45Z,56095
sec_cover/R1_0000047111_0000047111-19-000023.htm,https://www.sec.gov/Archives/edgar/data/47111/000004711119000023/R1.htm,2026-09-13T00:58:46Z,32696
sec_cover/R1_0000048465_0000048465-26-000055.htm,https://www.sec.gov/Archives/edgar/data/48465/000004846526000055/R1.htm,2026-09-13T00:58:47Z,55419
sec_cover/R1_0000048465_0000048465-26-000026.htm,https://www.sec.gov/Archives/edgar/data/48465/000004846526000026/R1.htm,2026-09-13T00:58:47Z,55418
sec_cover/R1_0000048465_0000048465-25-000037.htm,https://www.sec.gov/Archives/edgar/data/48465/000004846525000037/R1.htm,2026-09-13T00:58:48Z,55418
sec_cover/R1_0000048465_0000048465-24-000032.htm,https://www.sec.gov/Archives/edgar/data/48465/000004846524000032/R1.htm,2026-09-13T00:58:49Z,55440
sec_cover/R1_0000048465_0000048465-23-000046.htm,https://www.sec.gov/Archives/edgar/data/48465/000004846523000046/R1.htm,2026-09-13T00:58:49Z,55435
sec_cover/R1_0000048465_0000048465-22-000034.htm,https://www.sec.gov/Archives/edgar/data/48465/000004846522000034/R1.htm,2026-09-13T00:58:50Z,56284
sec_cover/R1_0000048465_0000048465-21-000038.htm,https://www.sec.gov/Archives/edgar/data/48465/000004846521000038/R1.htm,2026-09-13T00:58:51Z,56144
sec_cover/R1_0000048465_0000048465-20-000027.htm,https://www.sec.gov/Archives/edgar/data/48465/000004846520000027/R1.htm,2026-09-13T00:58:52Z,56137
sec_cover/R1_0000048465_0000048465-19-000036.htm,https://www.sec.gov/Archives/edgar/data/48465/000004846519000036/R1.htm,2026-09-13T00:58:52Z,27446
sec_cover/R1_0000063754_0000063754-26-000274.htm,https://www.sec.gov/Archives/edgar/data/63754/000006375426000274/R1.htm,2026-09-13T00:58:53Z,54666
sec_cover/R1_0000063754_0000063754-26-000192.htm,https://www.sec.gov/Archives/edgar/data/63754/000006375426000192/R1.htm,2026-09-13T00:58:53Z,54694
sec_cover/R1_0000063754_0000063754-25-000024.htm,https://www.sec.gov/Archives/edgar/data/63754/000006375425000024/R1.htm,2026-09-13T00:58:54Z,54694
sec_cover/R1_0000063754_0000063754-24-000033.htm,https://www.sec.gov/Archives/edgar/data/63754/000006375424000033/R1.htm,2026-09-13T00:58:55Z,54711
sec_cover/R1_0000063754_0000063754-23-000012.htm,https://www.sec.gov/Archives/edgar/data/63754/000006375423000012/R1.htm,2026-09-13T00:58:55Z,54691
sec_cover/R1_0000063754_0000063754-22-000015.htm,https://www.sec.gov/Archives/edgar/data/63754/000006375422000015/R1.htm,2026-09-13T00:58:56Z,55581
sec_cover/R1_0000063754_0000063754-21-000071.htm,https://www.sec.gov/Archives/edgar/data/63754/000006375421000071/R1.htm,2026-09-13T00:58:57Z,55367
sec_cover/R1_0000063754_0000063754-20-000065.htm,https://www.sec.gov/Archives/edgar/data/63754/000006375420000065/R1.htm,2026-09-13T00:58:58Z,55364
sec_cover/R1_0000091142_0000091142-26-000098.htm,https://www.sec.gov/Archives/edgar/data/91142/000009114226000098/R1.htm,2026-09-13T00:58:58Z,55403
sec_cover/R1_0000091142_0000091142-26-000084.htm,https://www.sec.gov/Archives/edgar/data/91142/000009114226000084/R1.htm,2026-09-13T00:58:59Z,55403
sec_cover/R1_0000091142_0000091142-25-000075.htm,https://www.sec.gov/Archives/edgar/data/91142/000009114225000075/R1.htm,2026-09-13T00:59:00Z,55403
sec_cover/R1_0000091142_0000091142-24-000132.htm,https://www.sec.gov/Archives/edgar/data/91142/000009114224000132/R1.htm,2026-09-13T00:59:00Z,55423
sec_cover/R1_0000091142_0000091142-23-000061.htm,https://www.sec.gov/Archives/edgar/data/91142/000009114223000061/R1.htm,2026-09-13T00:59:01Z,55420
sec_cover/R1_0000091142_0000091142-22-000066.htm,https://www.sec.gov/Archives/edgar/data/91142/000009114222000066/R1.htm,2026-09-13T00:59:02Z,56263
sec_cover/R1_0000091142_0000091142-21-000085.htm,https://www.sec.gov/Archives/edgar/data/91142/000009114221000085/R1.htm,2026-09-13T00:59:03Z,56137
sec_cover/R1_0000091142_0001193125-20-133747.htm,https://www.sec.gov/Archives/edgar/data/91142/000119312520133747/R1.htm,2026-09-13T00:59:03Z,56091
sec_cover/R1_0000091142_0001193125-19-143041.htm,https://www.sec.gov/Archives/edgar/data/91142/000119312519143041/R1.htm,2026-09-13T00:59:04Z,29408
sec_cover/R1_0000100493_0000100493-26-000058.htm,https://www.sec.gov/Archives/edgar/data/100493/000010049326000058/R1.htm,2026-09-13T00:59:05Z,53157
sec_cover/R1_0000100493_0000100493-26-000020.htm,https://www.sec.gov/Archives/edgar/data/100493/000010049326000020/R1.htm,2026-09-13T00:59:05Z,53157
sec_cover/R1_0000100493_0000100493-24-000069.htm,https://www.sec.gov/Archives/edgar/data/100493/000010049324000069/R1.htm,2026-09-13T00:59:06Z,53177
sec_cover/R1_0000100493_0000100493-23-000067.htm,https://www.sec.gov/Archives/edgar/data/100493/000010049323000067/R1.htm,2026-09-13T00:59:07Z,53175
sec_cover/R1_0000100493_0000100493-22-000064.htm,https://www.sec.gov/Archives/edgar/data/100493/000010049322000064/R1.htm,2026-09-13T00:59:07Z,54028
sec_cover/R1_0000100493_0000100493-21-000075.htm,https://www.sec.gov/Archives/edgar/data/100493/000010049321000075/R1.htm,2026-09-13T00:59:08Z,53875
sec_cover/R1_0000100493_0000100493-21-000009.htm,https://www.sec.gov/Archives/edgar/data/100493/000010049321000009/R1.htm,2026-09-13T00:59:09Z,68574
sec_cover/R1_0000316709_0000316709-26-000031.htm,https://www.sec.gov/Archives/edgar/data/316709/000031670926000031/R1.htm,2026-09-13T00:59:09Z,58999
sec_cover/R1_0000316709_0000316709-26-000019.htm,https://www.sec.gov/Archives/edgar/data/316709/000031670926000019/R1.htm,2026-09-13T00:59:10Z,58999
sec_cover/R1_0000316709_0000316709-25-000023.htm,https://www.sec.gov/Archives/edgar/data/316709/000031670925000023/R1.htm,2026-09-13T00:59:11Z,58999
sec_cover/R1_0000316709_0000316709-24-000044.htm,https://www.sec.gov/Archives/edgar/data/316709/000031670924000044/R1.htm,2026-09-13T00:59:12Z,61031
sec_cover/R1_0000316709_0000316709-23-000026.htm,https://www.sec.gov/Archives/edgar/data/316709/000031670923000026/R1.htm,2026-09-13T00:59:12Z,60829
sec_cover/R1_0000316709_0000316709-22-000018.htm,https://www.sec.gov/Archives/edgar/data/316709/000031670922000018/R1.htm,2026-09-13T00:59:13Z,61774
sec_cover/R1_0000316709_0000316709-21-000029.htm,https://www.sec.gov/Archives/edgar/data/316709/000031670921000029/R1.htm,2026-09-13T00:59:13Z,64323
sec_cover/R1_0000316709_0000316709-20-000021.htm,https://www.sec.gov/Archives/edgar/data/316709/000031670920000021/R1.htm,2026-09-13T00:59:14Z,59565
sec_cover/R1_0000316709_0000316709-19-000017.htm,https://www.sec.gov/Archives/edgar/data/316709/000031670919000017/R1.htm,2026-09-13T00:59:15Z,25636
sec_cover/R1_0000320187_0000320187-26-000088.htm,https://www.sec.gov/Archives/edgar/data/320187/000032018726000088/R1.htm,2026-09-13T00:59:16Z,69564
sec_cover/R1_0000320187_0000320187-26-000037.htm,https://www.sec.gov/Archives/edgar/data/320187/000032018726000037/R1.htm,2026-09-13T00:59:16Z,55351
sec_cover/R1_0000320187_0000320187-25-000016.htm,https://www.sec.gov/Archives/edgar/data/320187/000032018725000016/R1.htm,2026-09-13T00:59:17Z,55351
sec_cover/R1_0000320187_0000320187-24-000019.htm,https://www.sec.gov/Archives/edgar/data/320187/000032018724000019/R1.htm,2026-09-13T00:59:18Z,55368
sec_cover/R1_0000320187_0000320187-23-000013.htm,https://www.sec.gov/Archives/edgar/data/320187/000032018723000013/R1.htm,2026-09-13T00:59:19Z,55380
sec_cover/R1_0000320187_0000320187-22-000017.htm,https://www.sec.gov/Archives/edgar/data/320187/000032018722000017/R1.htm,2026-09-13T00:59:20Z,56247
sec_cover/R1_0000320187_0000320187-21-000012.htm,https://www.sec.gov/Archives/edgar/data/320187/000032018721000012/R1.htm,2026-09-13T00:59:21Z,56120
sec_cover/R1_0000320187_0000320187-20-000018.htm,https://www.sec.gov/Archives/edgar/data/320187/000032018720000018/R1.htm,2026-09-13T00:59:22Z,56118
sec_cover/R1_0000320187_0000320187-19-000030.htm,https://www.sec.gov/Archives/edgar/data/320187/000032018719000030/R1.htm,2026-09-13T00:59:22Z,29386
sec_cover/R1_0000352915_0001193125-26-340278.htm,https://www.sec.gov/Archives/edgar/data/352915/000119312526340278/R1.htm,2026-09-13T00:59:23Z,60880
sec_cover/R1_0000352915_0001193125-26-211992.htm,https://www.sec.gov/Archives/edgar/data/352915/000119312526211992/R1.htm,2026-09-13T00:59:24Z,60880
sec_cover/R1_0000352915_0000950170-25-067010.htm,https://www.sec.gov/Archives/edgar/data/352915/000095017025067010/R1.htm,2026-09-13T00:59:24Z,60880
sec_cover/R1_0000352915_0000950170-24-055683.htm,https://www.sec.gov/Archives/edgar/data/352915/000095017024055683/R1.htm,2026-09-13T00:59:25Z,60900
sec_cover/R1_0000352915_0000950170-23-018827.htm,https://www.sec.gov/Archives/edgar/data/352915/000095017023018827/R1.htm,2026-09-13T00:59:26Z,60898
sec_cover/R1_0000352915_0001564590-22-018570.htm,https://www.sec.gov/Archives/edgar/data/352915/000156459022018570/R1.htm,2026-09-13T00:59:26Z,61826
sec_cover/R1_0000352915_0001564590-21-025562.htm,https://www.sec.gov/Archives/edgar/data/352915/000156459021025562/R1.htm,2026-09-13T00:59:27Z,61679
sec_cover/R1_0000352915_0001564590-20-023579.htm,https://www.sec.gov/Archives/edgar/data/352915/000156459020023579/R1.htm,2026-09-13T00:59:28Z,61677
sec_cover/R1_0000872589_0000872589-26-000025.htm,https://www.sec.gov/Archives/edgar/data/872589/000087258926000025/R1.htm,2026-09-13T00:59:28Z,55381
sec_cover/R1_0000872589_0000872589-26-000016.htm,https://www.sec.gov/Archives/edgar/data/872589/000087258926000016/R1.htm,2026-09-13T00:59:29Z,55381
sec_cover/R1_0000872589_0001804220-25-000022.htm,https://www.sec.gov/Archives/edgar/data/872589/000180422025000022/R1.htm,2026-09-13T00:59:30Z,55381
sec_cover/R1_0000872589_0001804220-24-000017.htm,https://www.sec.gov/Archives/edgar/data/872589/000180422024000017/R1.htm,2026-09-13T00:59:31Z,55401
sec_cover/R1_0000872589_0001804220-23-000016.htm,https://www.sec.gov/Archives/edgar/data/872589/000180422023000016/R1.htm,2026-09-13T00:59:31Z,55382
sec_cover/R1_0000872589_0001804220-22-000015.htm,https://www.sec.gov/Archives/edgar/data/872589/000180422022000015/R1.htm,2026-09-13T00:59:32Z,56237
sec_cover/R1_0000872589_0001804220-21-000017.htm,https://www.sec.gov/Archives/edgar/data/872589/000180422021000017/R1.htm,2026-09-13T00:59:33Z,56096
sec_cover/R1_0000872589_0001804220-20-000011.htm,https://www.sec.gov/Archives/edgar/data/872589/000180422020000011/R1.htm,2026-09-13T00:59:33Z,56096
sec_cover/R1_0000872589_0001532176-19-000017.htm,https://www.sec.gov/Archives/edgar/data/872589/000153217619000017/R1.htm,2026-09-13T00:59:34Z,27835
sec_cover/R1_0000920760_0001628280-26-046019.htm,https://www.sec.gov/Archives/edgar/data/920760/000162828026046019/R1.htm,2026-09-13T00:59:35Z,60419
sec_cover/R1_0000920760_0001628280-26-024352.htm,https://www.sec.gov/Archives/edgar/data/920760/000162828026024352/R1.htm,2026-09-13T00:59:35Z,60421
sec_cover/R1_0000920760_0001628280-25-016792.htm,https://www.sec.gov/Archives/edgar/data/920760/000162828025016792/R1.htm,2026-09-13T00:59:36Z,59646
sec_cover/R1_0000920760_0001628280-24-013820.htm,https://www.sec.gov/Archives/edgar/data/920760/000162828024013820/R1.htm,2026-09-13T00:59:37Z,59681
sec_cover/R1_0000920760_0001628280-23-010604.htm,https://www.sec.gov/Archives/edgar/data/920760/000162828023010604/R1.htm,2026-09-13T00:59:37Z,54602
sec_cover/R1_0000920760_0001628280-22-008166.htm,https://www.sec.gov/Archives/edgar/data/920760/000162828022008166/R1.htm,2026-09-13T00:59:38Z,55535
sec_cover/R1_0000920760_0001628280-21-006359.htm,https://www.sec.gov/Archives/edgar/data/920760/000162828021006359/R1.htm,2026-09-13T00:59:39Z,55349
sec_cover/R1_0000920760_0001628280-20-004762.htm,https://www.sec.gov/Archives/edgar/data/920760/000162828020004762/R1.htm,2026-09-13T00:59:39Z,55347
sec_cover/R1_0000920760_0001628280-19-004004.htm,https://www.sec.gov/Archives/edgar/data/920760/000162828019004004/R1.htm,2026-09-13T00:59:40Z,26987
sec_cover/R1_0000922621_0001628280-26-051079.htm,https://www.sec.gov/Archives/edgar/data/922621/000162828026051079/R1.htm,2026-09-13T00:59:41Z,55387
sec_cover/R1_0000922621_0001628280-26-026866.htm,https://www.sec.gov/Archives/edgar/data/922621/000162828026026866/R1.htm,2026-09-13T00:59:41Z,55387
sec_cover/R1_0000922621_0000922621-25-000016.htm,https://www.sec.gov/Archives/edgar/data/922621/000092262125000016/R1.htm,2026-09-13T00:59:42Z,55387
sec_cover/R1_0000922621_0000922621-24-000010.htm,https://www.sec.gov/Archives/edgar/data/922621/000092262124000010/R1.htm,2026-09-13T00:59:43Z,55407
sec_cover/R1_0000922621_0000922621-23-000011.htm,https://www.sec.gov/Archives/edgar/data/922621/000092262123000011/R1.htm,2026-09-13T00:59:43Z,55404
sec_cover/R1_0000922621_0000922621-22-000027.htm,https://www.sec.gov/Archives/edgar/data/922621/000092262122000027/R1.htm,2026-09-13T00:59:44Z,56247
sec_cover/R1_0000922621_0000922621-21-000022.htm,https://www.sec.gov/Archives/edgar/data/922621/000092262121000022/R1.htm,2026-09-13T00:59:45Z,56120
sec_cover/R1_0000922621_0000922621-20-000021.htm,https://www.sec.gov/Archives/edgar/data/922621/000092262120000021/R1.htm,2026-09-13T00:59:47Z,56128
sec_cover/R1_0000922621_0000922621-19-000014.htm,https://www.sec.gov/Archives/edgar/data/922621/000092262119000014/R1.htm,2026-09-13T00:59:47Z,27392
sec_cover/R1_0001001250_0001001250-26-000041.htm,https://www.sec.gov/Archives/edgar/data/1001250/000100125026000041/R1.htm,2026-09-13T00:59:48Z,70660
sec_cover/R1_0001001250_0001001250-26-000019.htm,https://www.sec.gov/Archives/edgar/data/1001250/000100125026000019/R1.htm,2026-09-13T00:59:49Z,55351
sec_cover/R1_0001001250_0001001250-25-000060.htm,https://www.sec.gov/Archives/edgar/data/1001250/000100125025000060/R1.htm,2026-09-13T00:59:50Z,55351
sec_cover/R1_0001001250_0001001250-24-000049.htm,https://www.sec.gov/Archives/edgar/data/1001250/000100125024000049/R1.htm,2026-09-13T00:59:51Z,55371
sec_cover/R1_0001001250_0001001250-23-000054.htm,https://www.sec.gov/Archives/edgar/data/1001250/000100125023000054/R1.htm,2026-09-13T00:59:51Z,55368
sec_cover/R1_0001001250_0001001250-22-000055.htm,https://www.sec.gov/Archives/edgar/data/1001250/000100125022000055/R1.htm,2026-09-13T00:59:52Z,56225
sec_cover/R1_0001001250_0001001250-21-000062.htm,https://www.sec.gov/Archives/edgar/data/1001250/000100125021000062/R1.htm,2026-09-13T00:59:53Z,56084
sec_cover/R1_0001001250_0001001250-20-000033.htm,https://www.sec.gov/Archives/edgar/data/1001250/000100125020000033/R1.htm,2026-09-13T00:59:54Z,56082
sec_cover/R1_0001001250_0001104659-19-025836.htm,https://www.sec.gov/Archives/edgar/data/1001250/000110465919025836/R1.htm,2026-09-13T00:59:54Z,27396
sec_cover/R1_0001037038_0001628280-26-053992.htm,https://www.sec.gov/Archives/edgar/data/1037038/000162828026053992/R1.htm,2026-09-13T00:59:55Z,52987
sec_cover/R1_0001037038_0001628280-26-037074.htm,https://www.sec.gov/Archives/edgar/data/1037038/000162828026037074/R1.htm,2026-09-13T00:59:56Z,64259
sec_cover/R1_0001037038_0001037038-25-000011.htm,https://www.sec.gov/Archives/edgar/data/1037038/000103703825000011/R1.htm,2026-09-13T00:59:57Z,64258
sec_cover/R1_0001037038_0001037038-24-000014.htm,https://www.sec.gov/Archives/edgar/data/1037038/000103703824000014/R1.htm,2026-09-13T00:59:57Z,64280
sec_cover/R1_0001037038_0001037038-23-000015.htm,https://www.sec.gov/Archives/edgar/data/1037038/000103703823000015/R1.htm,2026-09-13T00:59:58Z,64276
sec_cover/R1_0001037038_0001037038-22-000014.htm,https://www.sec.gov/Archives/edgar/data/1037038/000103703822000014/R1.htm,2026-09-13T01:00:00Z,62894
sec_cover/R1_0001037038_0001037038-21-000022.htm,https://www.sec.gov/Archives/edgar/data/1037038/000103703821000022/R1.htm,2026-09-13T01:00:01Z,62588
sec_cover/R1_0001037038_0001037038-20-000014.htm,https://www.sec.gov/Archives/edgar/data/1037038/000103703820000014/R1.htm,2026-09-13T01:00:02Z,60470
sec_cover/R1_0001050915_0001050915-26-000025.htm,https://www.sec.gov/Archives/edgar/data/1050915/000105091526000025/R1.htm,2026-09-13T01:00:03Z,51514
sec_cover/R1_0001050915_0001050915-26-000016.htm,https://www.sec.gov/Archives/edgar/data/1050915/000105091526000016/R1.htm,2026-09-13T01:00:04Z,51514
sec_cover/R1_0001050915_0001050915-25-000047.htm,https://www.sec.gov/Archives/edgar/data/1050915/000105091525000047/R1.htm,2026-09-13T01:00:05Z,51514
sec_cover/R1_0001050915_0001050915-24-000082.htm,https://www.sec.gov/Archives/edgar/data/1050915/000105091524000082/R1.htm,2026-09-13T01:00:06Z,51534
sec_cover/R1_0001050915_0001050915-23-000080.htm,https://www.sec.gov/Archives/edgar/data/1050915/000105091523000080/R1.htm,2026-09-13T01:00:07Z,51646
sec_cover/R1_0001063761_0001104659-26-058640.htm,https://www.sec.gov/Archives/edgar/data/1063761/000110465926058640/R1.htm,2026-09-13T01:00:14Z,66887
sec_cover/R1_0001063761_0001558370-25-007380.htm,https://www.sec.gov/Archives/edgar/data/1063761/000155837025007380/R1.htm,2026-09-13T01:00:15Z,66571
sec_cover/R1_0001063761_0001558370-24-007058.htm,https://www.sec.gov/Archives/edgar/data/1063761/000155837024007058/R1.htm,2026-09-13T01:00:15Z,66575
sec_cover/R1_0001063761_0001558370-23-007951.htm,https://www.sec.gov/Archives/edgar/data/1063761/000155837023007951/R1.htm,2026-09-13T01:00:16Z,66572
sec_cover/R1_0001063761_0001558370-22-007828.htm,https://www.sec.gov/Archives/edgar/data/1063761/000155837022007828/R1.htm,2026-09-13T01:00:17Z,67797
sec_cover/R1_0001063761_0001558370-21-006672.htm,https://www.sec.gov/Archives/edgar/data/1063761/000155837021006672/R1.htm,2026-09-13T01:00:18Z,67484
sec_cover/R1_0001063761_0001558370-20-006251.htm,https://www.sec.gov/Archives/edgar/data/1063761/000155837020006251/R1.htm,2026-09-13T01:00:19Z,66764
sec_cover/R1_0001063761_0001558370-19-004352.htm,https://www.sec.gov/Archives/edgar/data/1063761/000155837019004352/R1.htm,2026-09-13T01:00:20Z,28605
sec_cover/R1_0001067983_0001193125-26-202243.htm,https://www.sec.gov/Archives/edgar/data/1067983/000119312526202243/R1.htm,2026-09-13T01:00:20Z,77876
sec_cover/R1_0001067983_0000950170-25-063112.htm,https://www.sec.gov/Archives/edgar/data/1067983/000095017025063112/R1.htm,2026-09-13T01:00:21Z,77876
sec_cover/R1_0001067983_0000950170-24-053185.htm,https://www.sec.gov/Archives/edgar/data/1067983/000095017024053185/R1.htm,2026-09-13T01:00:22Z,80600
sec_cover/R1_0001067983_0000950170-23-018438.htm,https://www.sec.gov/Archives/edgar/data/1067983/000095017023018438/R1.htm,2026-09-13T01:00:23Z,83302
sec_cover/R1_0001067983_0001564590-22-016907.htm,https://www.sec.gov/Archives/edgar/data/1067983/000156459022016907/R1.htm,2026-09-13T01:00:24Z,90212
sec_cover/R1_0001067983_0001564590-21-022703.htm,https://www.sec.gov/Archives/edgar/data/1067983/000156459021022703/R1.htm,2026-09-13T01:00:25Z,84395
sec_cover/R1_0001067983_0001564590-20-020599.htm,https://www.sec.gov/Archives/edgar/data/1067983/000156459020020599/R1.htm,2026-09-13T01:00:25Z,84393
sec_cover/R1_0001067983_0001193125-19-137433.htm,https://www.sec.gov/Archives/edgar/data/1067983/000119312519137433/R1.htm,2026-09-13T01:00:26Z,29396
sec_cover/R1_0001090727_0001628280-26-053249.htm,https://www.sec.gov/Archives/edgar/data/1090727/000162828026053249/R1.htm,2026-09-13T01:00:27Z,60498
sec_cover/R1_0001090727_0001628280-26-031154.htm,https://www.sec.gov/Archives/edgar/data/1090727/000162828026031154/R1.htm,2026-09-13T01:00:27Z,60498
sec_cover/R1_0001090727_0001090727-25-000049.htm,https://www.sec.gov/Archives/edgar/data/1090727/000109072725000049/R1.htm,2026-09-13T01:00:28Z,63071
sec_cover/R1_0001090727_0001090727-23-000025.htm,https://www.sec.gov/Archives/edgar/data/1090727/000109072723000025/R1.htm,2026-09-13T01:00:29Z,61858
sec_cover/R1_0001090727_0001090727-22-000022.htm,https://www.sec.gov/Archives/edgar/data/1090727/000109072722000022/R1.htm,2026-09-13T01:00:29Z,62854
sec_cover/R1_0001090727_0001090727-21-000019.htm,https://www.sec.gov/Archives/edgar/data/1090727/000109072721000019/R1.htm,2026-09-13T01:00:30Z,62681
sec_cover/R1_0001090727_0001090727-20-000023.htm,https://www.sec.gov/Archives/edgar/data/1090727/000109072720000023/R1.htm,2026-09-13T01:00:31Z,64967
sec_cover/R1_0001090727_0001090727-19-000011.htm,https://www.sec.gov/Archives/edgar/data/1090727/000109072719000011/R1.htm,2026-09-13T01:00:32Z,28947
sec_cover/R1_0001091667_0001091667-26-000052.htm,https://www.sec.gov/Archives/edgar/data/1091667/000109166726000052/R1.htm,2026-09-13T01:00:32Z,53808
sec_cover/R1_0001091667_0001091667-26-000028.htm,https://www.sec.gov/Archives/edgar/data/1091667/000109166726000028/R1.htm,2026-09-13T01:00:33Z,53808
sec_cover/R1_0001091667_0001091667-25-000099.htm,https://www.sec.gov/Archives/edgar/data/1091667/000109166725000099/R1.htm,2026-09-13T01:00:34Z,53808
sec_cover/R1_0001091667_0001091667-24-000085.htm,https://www.sec.gov/Archives/edgar/data/1091667/000109166724000085/R1.htm,2026-09-13T01:00:35Z,53828
sec_cover/R1_0001091667_0001091667-23-000084.htm,https://www.sec.gov/Archives/edgar/data/1091667/000109166723000084/R1.htm,2026-09-13T01:00:35Z,53825
sec_cover/R1_0001091667_0001091667-22-000066.htm,https://www.sec.gov/Archives/edgar/data/1091667/000109166722000066/R1.htm,2026-09-13T01:02:03Z,54668
sec_cover/R1_0001091667_0001091667-21-000084.htm,https://www.sec.gov/Archives/edgar/data/1091667/000109166721000084/R1.htm,2026-09-13T01:02:04Z,54540
sec_cover/R1_0001091667_0001091667-20-000105.htm,https://www.sec.gov/Archives/edgar/data/1091667/000109166720000105/R1.htm,2026-09-13T01:02:05Z,54538
sec_cover/R1_0001091667_0001091667-19-000085.htm,https://www.sec.gov/Archives/edgar/data/1091667/000109166719000085/R1.htm,2026-09-13T01:02:05Z,28523
sec_cover/R1_0001141391_0001141391-26-000083.htm,https://www.sec.gov/Archives/edgar/data/1141391/000114139126000083/R1.htm,2026-09-13T01:02:06Z,59661
sec_cover/R1_0001141391_0001141391-26-000031.htm,https://www.sec.gov/Archives/edgar/data/1141391/000114139126000031/R1.htm,2026-09-13T01:02:07Z,59661
sec_cover/R1_0001141391_0001141391-25-000090.htm,https://www.sec.gov/Archives/edgar/data/1141391/000114139125000090/R1.htm,2026-09-13T01:02:08Z,59661
sec_cover/R1_0001141391_0001141391-24-000087.htm,https://www.sec.gov/Archives/edgar/data/1141391/000114139124000087/R1.htm,2026-09-13T01:02:08Z,59681
sec_cover/R1_0001141391_0001141391-23-000059.htm,https://www.sec.gov/Archives/edgar/data/1141391/000114139123000059/R1.htm,2026-09-13T01:02:09Z,59678
sec_cover/R1_0001141391_0001141391-22-000088.htm,https://www.sec.gov/Archives/edgar/data/1141391/000114139122000088/R1.htm,2026-09-13T01:02:10Z,62921
sec_cover/R1_0001141391_0001141391-21-000091.htm,https://www.sec.gov/Archives/edgar/data/1141391/000114139121000091/R1.htm,2026-09-13T01:02:11Z,60494
sec_cover/R1_0001141391_0001141391-20-000091.htm,https://www.sec.gov/Archives/edgar/data/1141391/000114139120000091/R1.htm,2026-09-13T01:02:11Z,60493
sec_cover/R1_0001141391_0001141391-19-000076.htm,https://www.sec.gov/Archives/edgar/data/1141391/000114139119000076/R1.htm,2026-09-13T01:02:12Z,26945
sec_cover/R1_0001156375_0001156375-26-000047.htm,https://www.sec.gov/Archives/edgar/data/1156375/000115637526000047/R1.htm,2026-09-13T01:02:13Z,57929
sec_cover/R1_0001156375_0001156375-26-000020.htm,https://www.sec.gov/Archives/edgar/data/1156375/000115637526000020/R1.htm,2026-09-13T01:02:14Z,57980
sec_cover/R1_0001156375_0001156375-25-000103.htm,https://www.sec.gov/Archives/edgar/data/1156375/000115637525000103/R1.htm,2026-09-13T01:02:15Z,57980
sec_cover/R1_0001156375_0001156375-24-000072.htm,https://www.sec.gov/Archives/edgar/data/1156375/000115637524000072/R1.htm,2026-09-13T01:02:15Z,57998
sec_cover/R1_0001156375_0001156375-23-000066.htm,https://www.sec.gov/Archives/edgar/data/1156375/000115637523000066/R1.htm,2026-09-13T01:02:16Z,57997
sec_cover/R1_0001156375_0001156375-22-000158.htm,https://www.sec.gov/Archives/edgar/data/1156375/000115637522000158/R1.htm,2026-09-13T01:02:19Z,58881
sec_cover/R1_0001156375_0001156375-21-000052.htm,https://www.sec.gov/Archives/edgar/data/1156375/000115637521000052/R1.htm,2026-09-13T01:02:20Z,58736
sec_cover/R1_0001156375_0001156375-20-000039.htm,https://www.sec.gov/Archives/edgar/data/1156375/000115637520000039/R1.htm,2026-09-13T01:02:21Z,58734
sec_cover/R1_0001156375_0001156375-19-000039.htm,https://www.sec.gov/Archives/edgar/data/1156375/000115637519000039/R1.htm,2026-09-13T01:02:21Z,30516
sec_cover/R1_0001166691_0001628280-26-049360.htm,https://www.sec.gov/Archives/edgar/data/1166691/000162828026049360/R1.htm,2026-09-13T01:02:22Z,86803
sec_cover/R1_0001166691_0001628280-26-026805.htm,https://www.sec.gov/Archives/edgar/data/1166691/000162828026026805/R1.htm,2026-09-13T01:02:23Z,86803
sec_cover/R1_0001166691_0001166691-25-000021.htm,https://www.sec.gov/Archives/edgar/data/1166691/000116669125000021/R1.htm,2026-09-13T01:02:23Z,86803
sec_cover/R1_0001166691_0001166691-24-000031.htm,https://www.sec.gov/Archives/edgar/data/1166691/000116669124000031/R1.htm,2026-09-13T01:02:24Z,79011
sec_cover/R1_0001166691_0001166691-23-000024.htm,https://www.sec.gov/Archives/edgar/data/1166691/000116669123000024/R1.htm,2026-09-13T01:02:25Z,79008
sec_cover/R1_0001166691_0001166691-22-000018.htm,https://www.sec.gov/Archives/edgar/data/1166691/000116669122000018/R1.htm,2026-09-13T01:02:25Z,79293
sec_cover/R1_0001166691_0001166691-21-000020.htm,https://www.sec.gov/Archives/edgar/data/1166691/000116669121000020/R1.htm,2026-09-13T01:02:26Z,74231
sec_cover/R1_0001166691_0001166691-20-000017.htm,https://www.sec.gov/Archives/edgar/data/1166691/000116669120000017/R1.htm,2026-09-13T01:02:27Z,74250
sec_cover/R1_0001166691_0001166691-19-000010.htm,https://www.sec.gov/Archives/edgar/data/1166691/000116669119000010/R1.htm,2026-09-13T01:02:28Z,31466
sec_cover/R1_0001176948_0001628280-26-054538.htm,https://www.sec.gov/Archives/edgar/data/1176948/000162828026054538/R1.htm,2026-09-13T01:02:28Z,67553
sec_cover/R1_0001176948_0001628280-26-032990.htm,https://www.sec.gov/Archives/edgar/data/1176948/000162828026032990/R1.htm,2026-09-13T01:02:29Z,67552
sec_cover/R1_0001176948_0001628280-25-024412.htm,https://www.sec.gov/Archives/edgar/data/1176948/000162828025024412/R1.htm,2026-09-13T01:02:30Z,67561
sec_cover/R1_0001176948_0001628280-24-021890.htm,https://www.sec.gov/Archives/edgar/data/1176948/000162828024021890/R1.htm,2026-09-13T01:02:30Z,60948
sec_cover/R1_0001176948_0001628280-23-016241.htm,https://www.sec.gov/Archives/edgar/data/1176948/000162828023016241/R1.htm,2026-09-13T01:02:31Z,60945
sec_cover/R1_0001176948_0001628280-22-013336.htm,https://www.sec.gov/Archives/edgar/data/1176948/000162828022013336/R1.htm,2026-09-13T01:02:31Z,61922
sec_cover/R1_0001176948_0001628280-21-009343.htm,https://www.sec.gov/Archives/edgar/data/1176948/000162828021009343/R1.htm,2026-09-13T01:02:32Z,64385
sec_cover/R1_0001176948_0001628280-20-007080.htm,https://www.sec.gov/Archives/edgar/data/1176948/000162828020007080/R1.htm,2026-09-13T01:02:33Z,62359
sec_cover/R1_0001176948_0001628280-19-005931.htm,https://www.sec.gov/Archives/edgar/data/1176948/000162828019005931/R1.htm,2026-09-13T01:02:33Z,23921
sec_cover/R1_0001321655_0001321655-26-000041.htm,https://www.sec.gov/Archives/edgar/data/1321655/000132165526000041/R1.htm,2026-09-13T01:02:34Z,57381
sec_cover/R1_0001321655_0001321655-26-000028.htm,https://www.sec.gov/Archives/edgar/data/1321655/000132165526000028/R1.htm,2026-09-13T01:02:34Z,57381
sec_cover/R1_0001321655_0001321655-25-000066.htm,https://www.sec.gov/Archives/edgar/data/1321655/000132165525000066/R1.htm,2026-09-13T01:02:35Z,57372
sec_cover/R1_0001321655_0001321655-24-000071.htm,https://www.sec.gov/Archives/edgar/data/1321655/000132165524000071/R1.htm,2026-09-13T01:02:36Z,57388
sec_cover/R1_0001321655_0001321655-23-000044.htm,https://www.sec.gov/Archives/edgar/data/1321655/000132165523000044/R1.htm,2026-09-13T01:02:36Z,57387
sec_cover/R1_0001321655_0001321655-22-000006.htm,https://www.sec.gov/Archives/edgar/data/1321655/000132165522000006/R1.htm,2026-09-13T01:02:37Z,58274
sec_cover/R1_0001321655_0001193125-21-159222.htm,https://www.sec.gov/Archives/edgar/data/1321655/000119312521159222/R1.htm,2026-09-13T01:02:38Z,48369
sec_cover/R1_0001324424_0001324424-26-000053.htm,https://www.sec.gov/Archives/edgar/data/1324424/000132442426000053/R1.htm,2026-09-13T01:02:39Z,55349
sec_cover/R1_0001324424_0001324424-26-000035.htm,https://www.sec.gov/Archives/edgar/data/1324424/000132442426000035/R1.htm,2026-09-13T01:02:39Z,55349
sec_cover/R1_0001324424_0001324424-25-000028.htm,https://www.sec.gov/Archives/edgar/data/1324424/000132442425000028/R1.htm,2026-09-13T01:02:40Z,55349
sec_cover/R1_0001324424_0001324424-24-000026.htm,https://www.sec.gov/Archives/edgar/data/1324424/000132442424000026/R1.htm,2026-09-13T01:02:41Z,55374
sec_cover/R1_0001324424_0001324424-23-000031.htm,https://www.sec.gov/Archives/edgar/data/1324424/000132442423000031/R1.htm,2026-09-13T01:02:41Z,55371
sec_cover/R1_0001324424_0001324424-22-000023.htm,https://www.sec.gov/Archives/edgar/data/1324424/000132442422000023/R1.htm,2026-09-13T01:02:42Z,56228
sec_cover/R1_0001324424_0001324424-21-000044.htm,https://www.sec.gov/Archives/edgar/data/1324424/000132442421000044/R1.htm,2026-09-13T01:02:43Z,58653
sec_cover/R1_0001324424_0001324424-20-000040.htm,https://www.sec.gov/Archives/edgar/data/1324424/000132442420000040/R1.htm,2026-09-13T01:02:43Z,58650
sec_cover/R1_0001324424_0001324424-19-000020.htm,https://www.sec.gov/Archives/edgar/data/1324424/000132442419000020/R1.htm,2026-09-13T01:02:44Z,29390
sec_cover/R1_0001326801_0001628280-26-050705.htm,https://www.sec.gov/Archives/edgar/data/1326801/000162828026050705/R1.htm,2026-09-13T01:02:45Z,55310
sec_cover/R1_0001326801_0001628280-26-028526.htm,https://www.sec.gov/Archives/edgar/data/1326801/000162828026028526/R1.htm,2026-09-13T01:02:45Z,55310
sec_cover/R1_0001326801_0001326801-25-000054.htm,https://www.sec.gov/Archives/edgar/data/1326801/000132680125000054/R1.htm,2026-09-13T01:02:46Z,55296
sec_cover/R1_0001326801_0001326801-24-000049.htm,https://www.sec.gov/Archives/edgar/data/1326801/000132680124000049/R1.htm,2026-09-13T01:02:47Z,55316
sec_cover/R1_0001326801_0001326801-23-000067.htm,https://www.sec.gov/Archives/edgar/data/1326801/000132680123000067/R1.htm,2026-09-13T01:02:47Z,55339
sec_cover/R1_0001326801_0001326801-22-000057.htm,https://www.sec.gov/Archives/edgar/data/1326801/000132680122000057/R1.htm,2026-09-13T01:02:48Z,56186
sec_cover/R1_0001326801_0001326801-21-000033.htm,https://www.sec.gov/Archives/edgar/data/1326801/000132680121000033/R1.htm,2026-09-13T01:02:49Z,56053
sec_cover/R1_0001326801_0001326801-20-000048.htm,https://www.sec.gov/Archives/edgar/data/1326801/000132680120000048/R1.htm,2026-09-13T01:02:50Z,56051
sec_cover/R1_0001326801_0001326801-19-000037.htm,https://www.sec.gov/Archives/edgar/data/1326801/000132680119000037/R1.htm,2026-09-13T01:02:50Z,29340
sec_cover/R1_0001327811_0001327811-26-000044.htm,https://www.sec.gov/Archives/edgar/data/1327811/000132781126000044/R1.htm,2026-09-13T01:02:51Z,55361
sec_cover/R1_0001327811_0001327811-26-000026.htm,https://www.sec.gov/Archives/edgar/data/1327811/000132781126000026/R1.htm,2026-09-13T01:02:52Z,55360
sec_cover/R1_0001327811_0001327811-25-000107.htm,https://www.sec.gov/Archives/edgar/data/1327811/000132781125000107/R1.htm,2026-09-13T01:02:52Z,55360
sec_cover/R1_0001327811_0001327811-24-000093.htm,https://www.sec.gov/Archives/edgar/data/1327811/000132781124000093/R1.htm,2026-09-13T01:02:53Z,55382
sec_cover/R1_0001327811_0001327811-23-000078.htm,https://www.sec.gov/Archives/edgar/data/1327811/000132781123000078/R1.htm,2026-09-13T01:02:53Z,55377
sec_cover/R1_0001327811_0001327811-22-000091.htm,https://www.sec.gov/Archives/edgar/data/1327811/000132781122000091/R1.htm,2026-09-13T01:02:54Z,56220
sec_cover/R1_0001327811_0001327811-21-000054.htm,https://www.sec.gov/Archives/edgar/data/1327811/000132781121000054/R1.htm,2026-09-13T01:02:55Z,56093
sec_cover/R1_0001327811_0001327811-20-000070.htm,https://www.sec.gov/Archives/edgar/data/1327811/000132781120000070/R1.htm,2026-09-13T01:02:55Z,56091
sec_cover/R1_0001327811_0001327811-19-000092.htm,https://www.sec.gov/Archives/edgar/data/1327811/000132781119000092/R1.htm,2026-09-13T01:02:56Z,29355
sec_cover/R1_0001381197_0001381197-26-000147.htm,https://www.sec.gov/Archives/edgar/data/1381197/000138119726000147/R1.htm,2026-09-13T01:02:57Z,55362
sec_cover/R1_0001381197_0001381197-26-000093.htm,https://www.sec.gov/Archives/edgar/data/1381197/000138119726000093/R1.htm,2026-09-13T01:02:57Z,55361
sec_cover/R1_0001381197_0001381197-25-000052.htm,https://www.sec.gov/Archives/edgar/data/1381197/000138119725000052/R1.htm,2026-09-13T01:02:58Z,52964
sec_cover/R1_0001381197_0001381197-24-000097.htm,https://www.sec.gov/Archives/edgar/data/1381197/000138119724000097/R1.htm,2026-09-13T01:02:59Z,52984
sec_cover/R1_0001381197_0001381197-23-000029.htm,https://www.sec.gov/Archives/edgar/data/1381197/000138119723000029/R1.htm,2026-09-13T01:03:00Z,52981
sec_cover/R1_0001381197_0001381197-22-000023.htm,https://www.sec.gov/Archives/edgar/data/1381197/000138119722000023/R1.htm,2026-09-13T01:03:00Z,53792
sec_cover/R1_0001381197_0001381197-21-000019.htm,https://www.sec.gov/Archives/edgar/data/1381197/000138119721000019/R1.htm,2026-09-13T01:03:01Z,53665
sec_cover/R1_0001381197_0001381197-20-000020.htm,https://www.sec.gov/Archives/edgar/data/1381197/000138119720000020/R1.htm,2026-09-13T01:03:02Z,53645
sec_cover/R1_0001381197_0001381197-19-000026.htm,https://www.sec.gov/Archives/edgar/data/1381197/000138119719000026/R1.htm,2026-09-13T01:03:02Z,25371
sec_cover/R1_0001393052_0001393052-26-000036.htm,https://www.sec.gov/Archives/edgar/data/1393052/000139305226000036/R1.htm,2026-09-13T01:03:03Z,51531
sec_cover/R1_0001393052_0001393052-26-000026.htm,https://www.sec.gov/Archives/edgar/data/1393052/000139305226000026/R1.htm,2026-09-13T01:03:04Z,51531
sec_cover/R1_0001393052_0001393052-25-000042.htm,https://www.sec.gov/Archives/edgar/data/1393052/000139305225000042/R1.htm,2026-09-13T01:03:05Z,51530
sec_cover/R1_0001393052_0001393052-24-000024.htm,https://www.sec.gov/Archives/edgar/data/1393052/000139305224000024/R1.htm,2026-09-13T01:03:06Z,51552
sec_cover/R1_0001393052_0001393052-23-000034.htm,https://www.sec.gov/Archives/edgar/data/1393052/000139305223000034/R1.htm,2026-09-13T01:03:06Z,55436
sec_cover/R1_0001393052_0001393052-22-000025.htm,https://www.sec.gov/Archives/edgar/data/1393052/000139305222000025/R1.htm,2026-09-13T01:03:07Z,56171
sec_cover/R1_0001393052_0001393052-21-000028.htm,https://www.sec.gov/Archives/edgar/data/1393052/000139305221000028/R1.htm,2026-09-13T01:03:07Z,56043
sec_cover/R1_0001393052_0001628280-20-008982.htm,https://www.sec.gov/Archives/edgar/data/1393052/000162828020008982/R1.htm,2026-09-13T01:03:08Z,56041
sec_cover/R1_0001393052_0001564590-19-021933.htm,https://www.sec.gov/Archives/edgar/data/1393052/000156459019021933/R1.htm,2026-09-13T01:03:09Z,29340
sec_cover/R1_0001403161_0001403161-26-000104.htm,https://www.sec.gov/Archives/edgar/data/1403161/000140316126000104/R1.htm,2026-09-13T01:03:10Z,76551
sec_cover/R1_0001403161_0001403161-26-000079.htm,https://www.sec.gov/Archives/edgar/data/1403161/000140316126000079/R1.htm,2026-09-13T01:03:10Z,77009
sec_cover/R1_0001403161_0001403161-25-000037.htm,https://www.sec.gov/Archives/edgar/data/1403161/000140316125000037/R1.htm,2026-09-13T01:03:11Z,66893
sec_cover/R1_0001403161_0001403161-24-000030.htm,https://www.sec.gov/Archives/edgar/data/1403161/000140316124000030/R1.htm,2026-09-13T01:03:12Z,64948
sec_cover/R1_0001403161_0001403161-23-000031.htm,https://www.sec.gov/Archives/edgar/data/1403161/000140316123000031/R1.htm,2026-09-13T01:03:12Z,64958
sec_cover/R1_0001403161_0001403161-22-000027.htm,https://www.sec.gov/Archives/edgar/data/1403161/000140316122000027/R1.htm,2026-09-13T01:03:13Z,55456
sec_cover/R1_0001403161_0001403161-21-000029.htm,https://www.sec.gov/Archives/edgar/data/1403161/000140316121000029/R1.htm,2026-09-13T01:03:14Z,55309
sec_cover/R1_0001403161_0001403161-20-000028.htm,https://www.sec.gov/Archives/edgar/data/1403161/000140316120000028/R1.htm,2026-09-13T01:03:15Z,55307
sec_cover/R1_0001403161_0001403161-19-000017.htm,https://www.sec.gov/Archives/edgar/data/1403161/000140316119000017/R1.htm,2026-09-13T01:03:15Z,27053
sec_cover/R1_0001415404_0001104659-26-089370.htm,https://www.sec.gov/Archives/edgar/data/1415404/000110465926089370/R1.htm,2026-09-13T01:03:16Z,55411
sec_cover/R1_0001415404_0001104659-26-058150.htm,https://www.sec.gov/Archives/edgar/data/1415404/000110465926058150/R1.htm,2026-09-13T01:03:17Z,55411
sec_cover/R1_0001415404_0001558370-25-007050.htm,https://www.sec.gov/Archives/edgar/data/1415404/000155837025007050/R1.htm,2026-09-13T01:03:18Z,55392
sec_cover/R1_0001415404_0001558370-24-007171.htm,https://www.sec.gov/Archives/edgar/data/1415404/000155837024007171/R1.htm,2026-09-13T01:03:19Z,55412
sec_cover/R1_0001415404_0001415404-23-000010.htm,https://www.sec.gov/Archives/edgar/data/1415404/000141540423000010/R1.htm,2026-09-13T01:03:20Z,55381
sec_cover/R1_0001415404_0001415404-22-000042.htm,https://www.sec.gov/Archives/edgar/data/1415404/000141540422000042/R1.htm,2026-09-13T01:03:20Z,56224
sec_cover/R1_0001415404_0001415404-21-000025.htm,https://www.sec.gov/Archives/edgar/data/1415404/000141540421000025/R1.htm,2026-09-13T01:03:21Z,56097
sec_cover/R1_0001415404_0001415404-20-000024.htm,https://www.sec.gov/Archives/edgar/data/1415404/000141540420000024/R1.htm,2026-09-13T01:03:22Z,56108
sec_cover/R1_0001415404_0001415404-19-000021.htm,https://www.sec.gov/Archives/edgar/data/1415404/000141540419000021/R1.htm,2026-09-13T01:03:23Z,27393
sec_cover/R1_0001437107_0001437107-26-000075.htm,https://www.sec.gov/Archives/edgar/data/1437107/000143710726000075/R1.htm,2026-09-13T01:03:23Z,63792
sec_cover/R1_0001437107_0001437107-26-000057.htm,https://www.sec.gov/Archives/edgar/data/1437107/000143710726000057/R1.htm,2026-09-13T01:03:25Z,63791
sec_cover/R1_0001437107_0001437107-25-000096.htm,https://www.sec.gov/Archives/edgar/data/1437107/000143710725000096/R1.htm,2026-09-13T01:03:25Z,58607
sec_cover/R1_0001437107_0001437107-24-000110.htm,https://www.sec.gov/Archives/edgar/data/1437107/000143710724000110/R1.htm,2026-09-13T01:03:26Z,51531
sec_cover/R1_0001437107_0001437107-23-000077.htm,https://www.sec.gov/Archives/edgar/data/1437107/000143710723000077/R1.htm,2026-09-13T01:03:27Z,51545
sec_cover/R1_0001437107_0001437107-22-000138.htm,https://www.sec.gov/Archives/edgar/data/1437107/000143710722000138/R1.htm,2026-09-13T01:03:28Z,54016
sec_cover/R1_0001437107_0001437107-21-000088.htm,https://www.sec.gov/Archives/edgar/data/1437107/000143710721000088/R1.htm,2026-09-13T01:03:28Z,60091
sec_cover/R1_0001437107_0001437107-20-000026.htm,https://www.sec.gov/Archives/edgar/data/1437107/000143710720000026/R1.htm,2026-09-13T01:03:29Z,60094
sec_cover/R1_0001467373_0001467373-26-000032.htm,https://www.sec.gov/Archives/edgar/data/1467373/000146737326000032/R1.htm,2026-09-13T02:07:57Z,58421
sec_cover/R1_0001467373_0001467373-26-000014.htm,https://www.sec.gov/Archives/edgar/data/1467373/000146737326000014/R1.htm,2026-09-13T02:07:57Z,58423
sec_cover/R1_0001467373_0001467373-25-000100.htm,https://www.sec.gov/Archives/edgar/data/1467373/000146737325000100/R1.htm,2026-09-13T02:07:58Z,58423
sec_cover/R1_0001467373_0001467373-24-000108.htm,https://www.sec.gov/Archives/edgar/data/1467373/000146737324000108/R1.htm,2026-09-13T02:07:59Z,58440
sec_cover/R1_0001467373_0001467373-23-000124.htm,https://www.sec.gov/Archives/edgar/data/1467373/000146737323000124/R1.htm,2026-09-13T02:08:00Z,58440
sec_cover/R1_0001467373_0001467373-22-000144.htm,https://www.sec.gov/Archives/edgar/data/1467373/000146737322000144/R1.htm,2026-09-13T02:08:01Z,59161
sec_cover/R1_0001467373_0001467373-21-000106.htm,https://www.sec.gov/Archives/edgar/data/1467373/000146737321000106/R1.htm,2026-09-13T02:08:02Z,56744
sec_cover/R1_0001467373_0001467373-20-000158.htm,https://www.sec.gov/Archives/edgar/data/1467373/000146737320000158/R1.htm,2026-09-13T02:08:02Z,60625
sec_cover/R1_0001467373_0001467373-19-000130.htm,https://www.sec.gov/Archives/edgar/data/1467373/000146737319000130/R1.htm,2026-09-13T02:08:03Z,30047
sec_cover/R1_0001512673_0001628280-26-053368.htm,https://www.sec.gov/Archives/edgar/data/1512673/000162828026053368/R1.htm,2026-09-13T02:08:04Z,67021
sec_cover/R1_0001512673_0001628280-26-032200.htm,https://www.sec.gov/Archives/edgar/data/1512673/000162828026032200/R1.htm,2026-09-13T02:08:05Z,62725
sec_cover/R1_0001512673_0001628280-25-021538.htm,https://www.sec.gov/Archives/edgar/data/1512673/000162828025021538/R1.htm,2026-09-13T02:08:06Z,61939
sec_cover/R1_0001512673_0001628280-24-020025.htm,https://www.sec.gov/Archives/edgar/data/1512673/000162828024020025/R1.htm,2026-09-13T02:08:06Z,61976
sec_cover/R1_0001512673_0001628280-23-015762.htm,https://www.sec.gov/Archives/edgar/data/1512673/000162828023015762/R1.htm,2026-09-13T02:08:07Z,49116
sec_cover/R1_0001512673_0001628280-22-012707.htm,https://www.sec.gov/Archives/edgar/data/1512673/000162828022012707/R1.htm,2026-09-13T02:08:08Z,49851
sec_cover/R1_0001512673_0001512673-21-000013.htm,https://www.sec.gov/Archives/edgar/data/1512673/000151267321000013/R1.htm,2026-09-13T02:08:08Z,57650
sec_cover/R1_0001512673_0001628280-20-006688.htm,https://www.sec.gov/Archives/edgar/data/1512673/000162828020006688/R1.htm,2026-09-13T02:08:10Z,59177
sec_cover/R1_0001512673_0001512673-19-000007.htm,https://www.sec.gov/Archives/edgar/data/1512673/000151267319000007/R1.htm,2026-09-13T02:08:10Z,29108
sec_cover/R1_0001535527_0001535527-26-000031.htm,https://www.sec.gov/Archives/edgar/data/1535527/000153552726000031/R1.htm,2026-09-13T02:08:11Z,53117
sec_cover/R1_0001535527_0001535527-26-000025.htm,https://www.sec.gov/Archives/edgar/data/1535527/000153552726000025/R1.htm,2026-09-13T02:08:12Z,53114
sec_cover/R1_0001535527_0001535527-25-000019.htm,https://www.sec.gov/Archives/edgar/data/1535527/000153552725000019/R1.htm,2026-09-13T02:08:13Z,53114
sec_cover/R1_0001535527_0001535527-24-000013.htm,https://www.sec.gov/Archives/edgar/data/1535527/000153552724000013/R1.htm,2026-09-13T02:08:13Z,57004
sec_cover/R1_0001535527_0001535527-23-000014.htm,https://www.sec.gov/Archives/edgar/data/1535527/000153552723000014/R1.htm,2026-09-13T02:08:14Z,56999
sec_cover/R1_0001535527_0001535527-22-000012.htm,https://www.sec.gov/Archives/edgar/data/1535527/000153552722000012/R1.htm,2026-09-13T02:08:15Z,57922
sec_cover/R1_0001535527_0001535527-21-000013.htm,https://www.sec.gov/Archives/edgar/data/1535527/000153552721000013/R1.htm,2026-09-13T02:08:16Z,57744
sec_cover/R1_0001535527_0001535527-20-000012.htm,https://www.sec.gov/Archives/edgar/data/1535527/000153552720000012/R1.htm,2026-09-13T02:08:16Z,57104
sec_cover/R1_0001535527_0001558370-19-006161.htm,https://www.sec.gov/Archives/edgar/data/1535527/000155837019006161/R1.htm,2026-09-13T02:08:18Z,57247
sec_cover/R1_0001543151_0001543151-26-000032.htm,https://www.sec.gov/Archives/edgar/data/1543151/000154315126000032/R1.htm,2026-09-13T02:08:18Z,51530
sec_cover/R1_0001543151_0001543151-26-000022.htm,https://www.sec.gov/Archives/edgar/data/1543151/000154315126000022/R1.htm,2026-09-13T02:08:19Z,51529
sec_cover/R1_0001543151_0001543151-25-000015.htm,https://www.sec.gov/Archives/edgar/data/1543151/000154315125000015/R1.htm,2026-09-13T02:08:20Z,51529
sec_cover/R1_0001543151_0001543151-24-000020.htm,https://www.sec.gov/Archives/edgar/data/1543151/000154315124000020/R1.htm,2026-09-13T02:08:21Z,51549
sec_cover/R1_0001543151_0001543151-23-000016.htm,https://www.sec.gov/Archives/edgar/data/1543151/000154315123000016/R1.htm,2026-09-13T02:08:22Z,51547
sec_cover/R1_0001543151_0001543151-22-000015.htm,https://www.sec.gov/Archives/edgar/data/1543151/000154315122000015/R1.htm,2026-09-13T02:08:23Z,52342
sec_cover/R1_0001543151_0001543151-21-000029.htm,https://www.sec.gov/Archives/edgar/data/1543151/000154315121000029/R1.htm,2026-09-13T02:08:24Z,52221
sec_cover/R1_0001543151_0001543151-20-000022.htm,https://www.sec.gov/Archives/edgar/data/1543151/000154315120000022/R1.htm,2026-09-13T02:08:26Z,52229
sec_cover/R1_0001543151_0001628280-19-007524.htm,https://www.sec.gov/Archives/edgar/data/1543151/000162828019007524/R1.htm,2026-09-13T02:08:26Z,26086
sec_cover/R1_0001559720_0001559720-26-000027.htm,https://www.sec.gov/Archives/edgar/data/1559720/000155972026000027/R1.htm,2026-09-13T02:08:28Z,59300
sec_cover/R1_0001559720_0001559720-26-000014.htm,https://www.sec.gov/Archives/edgar/data/1559720/000155972026000014/R1.htm,2026-09-13T02:08:28Z,59300
sec_cover/R1_0001559720_0001559720-25-000017.htm,https://www.sec.gov/Archives/edgar/data/1559720/000155972025000017/R1.htm,2026-09-13T02:08:29Z,59300
sec_cover/R1_0001559720_0001559720-24-000017.htm,https://www.sec.gov/Archives/edgar/data/1559720/000155972024000017/R1.htm,2026-09-13T02:08:29Z,59320
sec_cover/R1_0001559720_0001559720-23-000010.htm,https://www.sec.gov/Archives/edgar/data/1559720/000155972023000010/R1.htm,2026-09-13T02:08:30Z,59317
sec_cover/R1_0001559720_0001559720-22-000009.htm,https://www.sec.gov/Archives/edgar/data/1559720/000155972022000009/R1.htm,2026-09-13T02:08:31Z,60228
sec_cover/R1_0001559720_0001628280-21-010389.htm,https://www.sec.gov/Archives/edgar/data/1559720/000162828021010389/R1.htm,2026-09-13T02:08:31Z,60072
sec_cover/R1_0001561550_0001628280-26-054458.htm,https://www.sec.gov/Archives/edgar/data/1561550/000162828026054458/R1.htm,2026-09-13T02:08:32Z,56970
sec_cover/R1_0001561550_0001628280-26-032328.htm,https://www.sec.gov/Archives/edgar/data/1561550/000162828026032328/R1.htm,2026-09-13T02:08:32Z,56970
sec_cover/R1_0001561550_0001561550-25-000123.htm,https://www.sec.gov/Archives/edgar/data/1561550/000156155025000123/R1.htm,2026-09-13T02:08:33Z,56972
sec_cover/R1_0001561550_0001561550-24-000051.htm,https://www.sec.gov/Archives/edgar/data/1561550/000156155024000051/R1.htm,2026-09-13T02:08:34Z,56991
sec_cover/R1_0001561550_0001561550-23-000023.htm,https://www.sec.gov/Archives/edgar/data/1561550/000156155023000023/R1.htm,2026-09-13T02:08:35Z,56989
sec_cover/R1_0001561550_0001561550-22-000026.htm,https://www.sec.gov/Archives/edgar/data/1561550/000156155022000026/R1.htm,2026-09-13T02:08:35Z,57859
sec_cover/R1_0001561550_0001561550-21-000007.htm,https://www.sec.gov/Archives/edgar/data/1561550/000156155021000007/R1.htm,2026-09-13T02:08:36Z,57726
sec_cover/R1_0001561550_0001564590-20-024662.htm,https://www.sec.gov/Archives/edgar/data/1561550/000156459020024662/R1.htm,2026-09-13T02:08:36Z,59530
sec_cover/R1_0001564708_0001564708-26-000175.htm,https://www.sec.gov/Archives/edgar/data/1564708/000156470826000175/R1.htm,2026-09-13T02:08:37Z,70771
sec_cover/R1_0001564708_0001564708-26-000103.htm,https://www.sec.gov/Archives/edgar/data/1564708/000156470826000103/R1.htm,2026-09-13T02:08:38Z,56341
sec_cover/R1_0001564708_0001564708-25-000255.htm,https://www.sec.gov/Archives/edgar/data/1564708/000156470825000255/R1.htm,2026-09-13T02:08:38Z,56341
sec_cover/R1_0001564708_0001564708-24-000249.htm,https://www.sec.gov/Archives/edgar/data/1564708/000156470824000249/R1.htm,2026-09-13T02:08:39Z,56361
sec_cover/R1_0001564708_0001564708-23-000190.htm,https://www.sec.gov/Archives/edgar/data/1564708/000156470823000190/R1.htm,2026-09-13T02:08:40Z,56358
sec_cover/R1_0001564708_0001564708-22-000172.htm,https://www.sec.gov/Archives/edgar/data/1564708/000156470822000172/R1.htm,2026-09-13T02:08:40Z,57249
sec_cover/R1_0001564708_0001564708-21-000023.htm,https://www.sec.gov/Archives/edgar/data/1564708/000156470821000023/R1.htm,2026-09-13T02:08:41Z,63640
sec_cover/R1_0001564708_0001193125-20-136899.htm,https://www.sec.gov/Archives/edgar/data/1564708/000119312520136899/R1.htm,2026-09-13T02:08:42Z,68088
sec_cover/R1_0001564708_0001193125-19-143603.htm,https://www.sec.gov/Archives/edgar/data/1564708/000119312519143603/R1.htm,2026-09-13T02:08:42Z,29396
sec_cover/R1_0001571996_0001571996-26-000046.htm,https://www.sec.gov/Archives/edgar/data/1571996/000157199626000046/R1.htm,2026-09-13T02:08:43Z,57306
sec_cover/R1_0001571996_0001571996-26-000030.htm,https://www.sec.gov/Archives/edgar/data/1571996/000157199626000030/R1.htm,2026-09-13T02:08:44Z,57305
sec_cover/R1_0001571996_0001571996-25-000063.htm,https://www.sec.gov/Archives/edgar/data/1571996/000157199625000063/R1.htm,2026-09-13T02:08:44Z,57300
sec_cover/R1_0001571996_0001571996-24-000062.htm,https://www.sec.gov/Archives/edgar/data/1571996/000157199624000062/R1.htm,2026-09-13T02:08:45Z,57322
sec_cover/R1_0001571996_0001571996-23-000019.htm,https://www.sec.gov/Archives/edgar/data/1571996/000157199623000019/R1.htm,2026-09-13T02:08:45Z,57317
sec_cover/R1_0001571996_0001571996-22-000021.htm,https://www.sec.gov/Archives/edgar/data/1571996/000157199622000021/R1.htm,2026-09-13T02:08:46Z,58189
sec_cover/R1_0001571996_0001571996-21-000026.htm,https://www.sec.gov/Archives/edgar/data/1571996/000157199621000026/R1.htm,2026-09-13T02:08:47Z,58147
sec_cover/R1_0001571996_0001571996-20-000034.htm,https://www.sec.gov/Archives/edgar/data/1571996/000157199620000034/R1.htm,2026-09-13T02:08:48Z,58184
sec_cover/R1_0001571996_0001571996-19-000025.htm,https://www.sec.gov/Archives/edgar/data/1571996/000157199619000025/R1.htm,2026-09-13T02:08:48Z,31222
sec_cover/R1_0001609711_0001609711-26-000088.htm,https://www.sec.gov/Archives/edgar/data/1609711/000160971126000088/R1.htm,2026-09-13T02:08:49Z,51541
sec_cover/R1_0001609711_0001609711-26-000037.htm,https://www.sec.gov/Archives/edgar/data/1609711/000160971126000037/R1.htm,2026-09-13T02:08:50Z,51541
sec_cover/R1_0001609711_0001609711-25-000077.htm,https://www.sec.gov/Archives/edgar/data/1609711/000160971125000077/R1.htm,2026-09-13T02:08:50Z,51522
sec_cover/R1_0001609711_0001609711-24-000072.htm,https://www.sec.gov/Archives/edgar/data/1609711/000160971124000072/R1.htm,2026-09-13T02:08:51Z,51535
sec_cover/R1_0001609711_0001609711-23-000082.htm,https://www.sec.gov/Archives/edgar/data/1609711/000160971123000082/R1.htm,2026-09-13T02:08:52Z,55389
sec_cover/R1_0001609711_0001609711-22-000061.htm,https://www.sec.gov/Archives/edgar/data/1609711/000160971122000061/R1.htm,2026-09-13T02:08:52Z,56232
sec_cover/R1_0001609711_0001609711-21-000060.htm,https://www.sec.gov/Archives/edgar/data/1609711/000160971121000060/R1.htm,2026-09-13T02:08:53Z,56105
sec_cover/R1_0001609711_0001609711-20-000060.htm,https://www.sec.gov/Archives/edgar/data/1609711/000160971120000060/R1.htm,2026-09-13T02:08:54Z,56110
sec_cover/R1_0001609711_0001609711-19-000089.htm,https://www.sec.gov/Archives/edgar/data/1609711/000160971119000089/R1.htm,2026-09-13T02:08:54Z,27852
sec_cover/R1_0001652044_0001652044-26-000048.htm,https://www.sec.gov/Archives/edgar/data/1652044/000165204426000048/R1.htm,2026-09-13T02:08:55Z,101389
sec_cover/R1_0001652044_0001652044-25-000043.htm,https://www.sec.gov/Archives/edgar/data/1652044/000165204425000043/R1.htm,2026-09-13T02:08:56Z,58306
sec_cover/R1_0001652044_0001652044-24-000053.htm,https://www.sec.gov/Archives/edgar/data/1652044/000165204424000053/R1.htm,2026-09-13T02:08:57Z,58326
sec_cover/R1_0001652044_0001652044-23-000045.htm,https://www.sec.gov/Archives/edgar/data/1652044/000165204423000045/R1.htm,2026-09-13T02:08:57Z,58323
sec_cover/R1_0001652044_0001652044-22-000029.htm,https://www.sec.gov/Archives/edgar/data/1652044/000165204422000029/R1.htm,2026-09-13T02:08:58Z,59228
sec_cover/R1_0001652044_0001652044-21-000020.htm,https://www.sec.gov/Archives/edgar/data/1652044/000165204421000020/R1.htm,2026-09-13T02:08:59Z,59077
sec_cover/R1_0001652044_0001652044-20-000021.htm,https://www.sec.gov/Archives/edgar/data/1652044/000165204420000021/R1.htm,2026-09-13T02:08:59Z,59075
sec_cover/R1_0001652044_0001652044-19-000015.htm,https://www.sec.gov/Archives/edgar/data/1652044/000165204419000015/R1.htm,2026-09-13T02:09:00Z,31400
sec_cover/R1_0001671933_0001671933-26-000086.htm,https://www.sec.gov/Archives/edgar/data/1671933/000167193326000086/R1.htm,2026-09-13T02:09:01Z,55382
sec_cover/R1_0001671933_0001671933-26-000054.htm,https://www.sec.gov/Archives/edgar/data/1671933/000167193326000054/R1.htm,2026-09-13T02:09:01Z,55382
sec_cover/R1_0001671933_0001671933-25-000062.htm,https://www.sec.gov/Archives/edgar/data/1671933/000167193325000062/R1.htm,2026-09-13T02:09:02Z,55382
sec_cover/R1_0001671933_0001671933-24-000059.htm,https://www.sec.gov/Archives/edgar/data/1671933/000167193324000059/R1.htm,2026-09-13T02:09:02Z,55404
sec_cover/R1_0001671933_0001671933-23-000032.htm,https://www.sec.gov/Archives/edgar/data/1671933/000167193323000032/R1.htm,2026-09-13T02:09:03Z,55399
sec_cover/R1_0001671933_0001564590-22-019334.htm,https://www.sec.gov/Archives/edgar/data/1671933/000156459022019334/R1.htm,2026-09-13T02:09:04Z,56268
sec_cover/R1_0001671933_0001564590-21-026067.htm,https://www.sec.gov/Archives/edgar/data/1671933/000156459021026067/R1.htm,2026-09-13T02:09:05Z,56139
sec_cover/R1_0001671933_0001564590-20-023075.htm,https://www.sec.gov/Archives/edgar/data/1671933/000156459020023075/R1.htm,2026-09-13T02:09:05Z,56137
sec_cover/R1_0001671933_0001564590-19-017961.htm,https://www.sec.gov/Archives/edgar/data/1671933/000156459019017961/R1.htm,2026-09-13T02:09:06Z,29395
sec_cover/R1_0001674101_0001628280-26-050609.htm,https://www.sec.gov/Archives/edgar/data/1674101/000162828026050609/R1.htm,2026-09-13T02:09:07Z,51521
sec_cover/R1_0001674101_0001628280-26-026556.htm,https://www.sec.gov/Archives/edgar/data/1674101/000162828026026556/R1.htm,2026-09-13T02:09:07Z,51521
sec_cover/R1_0001674101_0001628280-25-019372.htm,https://www.sec.gov/Archives/edgar/data/1674101/000162828025019372/R1.htm,2026-09-13T02:09:08Z,51528
sec_cover/R1_0001674101_0001628280-24-018417.htm,https://www.sec.gov/Archives/edgar/data/1674101/000162828024018417/R1.htm,2026-09-13T02:09:09Z,51548
sec_cover/R1_0001674101_0001628280-23-013730.htm,https://www.sec.gov/Archives/edgar/data/1674101/000162828023013730/R1.htm,2026-09-13T02:09:09Z,51557
sec_cover/R1_0001674101_0001628280-22-011733.htm,https://www.sec.gov/Archives/edgar/data/1674101/000162828022011733/R1.htm,2026-09-13T02:09:10Z,52345
sec_cover/R1_0001674101_0001628280-21-008627.htm,https://www.sec.gov/Archives/edgar/data/1674101/000162828021008627/R1.htm,2026-09-13T02:09:11Z,52224
sec_cover/R1_0001674101_0001628280-20-006768.htm,https://www.sec.gov/Archives/edgar/data/1674101/000162828020006768/R1.htm,2026-09-13T02:09:11Z,61899
sec_cover/R1_0001674101_0001193125-19-141423.htm,https://www.sec.gov/Archives/edgar/data/1674101/000119312519141423/R1.htm,2026-09-13T02:09:12Z,31208
sec_cover/R1_0001679788_0001679788-26-000088.htm,https://www.sec.gov/Archives/edgar/data/1679788/000167978826000088/R1.htm,2026-09-13T02:09:13Z,53955
sec_cover/R1_0001679788_0001679788-26-000054.htm,https://www.sec.gov/Archives/edgar/data/1679788/000167978826000054/R1.htm,2026-09-13T02:09:14Z,53955
sec_cover/R1_0001679788_0001679788-25-000089.htm,https://www.sec.gov/Archives/edgar/data/1679788/000167978825000089/R1.htm,2026-09-13T02:09:14Z,53954
sec_cover/R1_0001679788_0001679788-24-000089.htm,https://www.sec.gov/Archives/edgar/data/1679788/000167978824000089/R1.htm,2026-09-13T02:09:15Z,46183
sec_cover/R1_0001679788_0001679788-23-000073.htm,https://www.sec.gov/Archives/edgar/data/1679788/000167978823000073/R1.htm,2026-09-13T02:09:16Z,46180
sec_cover/R1_0001679788_0001679788-22-000048.htm,https://www.sec.gov/Archives/edgar/data/1679788/000167978822000048/R1.htm,2026-09-13T02:09:17Z,46858
sec_cover/R1_0001679788_0001679788-21-000010.htm,https://www.sec.gov/Archives/edgar/data/1679788/000167978821000010/R1.htm,2026-09-13T02:09:17Z,46767
sec_cover/R1_0001690820_0001690820-26-000055.htm,https://www.sec.gov/Archives/edgar/data/1690820/000169082026000055/R1.htm,2026-09-13T02:09:18Z,55365
sec_cover/R1_0001690820_0001690820-26-000035.htm,https://www.sec.gov/Archives/edgar/data/1690820/000169082026000035/R1.htm,2026-09-13T02:09:19Z,55364
sec_cover/R1_0001690820_0001690820-25-000161.htm,https://www.sec.gov/Archives/edgar/data/1690820/000169082025000161/R1.htm,2026-09-13T02:09:19Z,55363
sec_cover/R1_0001690820_0001690820-24-000165.htm,https://www.sec.gov/Archives/edgar/data/1690820/000169082024000165/R1.htm,2026-09-13T02:09:20Z,57704
sec_cover/R1_0001690820_0001690820-23-000163.htm,https://www.sec.gov/Archives/edgar/data/1690820/000169082023000163/R1.htm,2026-09-13T02:09:21Z,57700
sec_cover/R1_0001690820_0001690820-22-000166.htm,https://www.sec.gov/Archives/edgar/data/1690820/000169082022000166/R1.htm,2026-09-13T02:09:22Z,56245
sec_cover/R1_0001690820_0001690820-21-000154.htm,https://www.sec.gov/Archives/edgar/data/1690820/000169082021000154/R1.htm,2026-09-13T02:09:22Z,56117
sec_cover/R1_0001690820_0001690820-20-000139.htm,https://www.sec.gov/Archives/edgar/data/1690820/000169082020000139/R1.htm,2026-09-13T02:09:23Z,56116
sec_cover/R1_0001690820_0001690820-19-000102.htm,https://www.sec.gov/Archives/edgar/data/1690820/000169082019000102/R1.htm,2026-09-13T02:09:24Z,24174
sec_cover/R1_0001701605_0001701605-26-000023.htm,https://www.sec.gov/Archives/edgar/data/1701605/000170160526000023/R1.htm,2026-09-13T02:09:25Z,67590
sec_cover/R1_0001701605_0001701605-26-000014.htm,https://www.sec.gov/Archives/edgar/data/1701605/000170160526000014/R1.htm,2026-09-13T02:09:25Z,67590
sec_cover/R1_0001701605_0001701605-25-000075.htm,https://www.sec.gov/Archives/edgar/data/1701605/000170160525000075/R1.htm,2026-09-13T02:09:26Z,56182
sec_cover/R1_0001701605_0001701605-24-000067.htm,https://www.sec.gov/Archives/edgar/data/1701605/000170160524000067/R1.htm,2026-09-13T02:09:26Z,53339
sec_cover/R1_0001701605_0001701605-23-000049.htm,https://www.sec.gov/Archives/edgar/data/1701605/000170160523000049/R1.htm,2026-09-13T02:09:27Z,51546
sec_cover/R1_0001701605_0001701605-22-000079.htm,https://www.sec.gov/Archives/edgar/data/1701605/000170160522000079/R1.htm,2026-09-13T02:09:28Z,56220
sec_cover/R1_0001701605_0001701605-21-000048.htm,https://www.sec.gov/Archives/edgar/data/1701605/000170160521000048/R1.htm,2026-09-13T02:09:29Z,56092
sec_cover/R1_0001701605_0001701605-20-000039.htm,https://www.sec.gov/Archives/edgar/data/1701605/000170160520000039/R1.htm,2026-09-13T02:09:29Z,56078
sec_cover/R1_0001701605_0001701605-19-000038.htm,https://www.sec.gov/Archives/edgar/data/1701605/000170160519000038/R1.htm,2026-09-13T02:09:30Z,27850
sec_cover/R1_0001713445_0001713445-26-000100.htm,https://www.sec.gov/Archives/edgar/data/1713445/000171344526000100/R1.htm,2026-09-13T02:09:31Z,60453
sec_cover/R1_0001713445_0001713445-26-000069.htm,https://www.sec.gov/Archives/edgar/data/1713445/000171344526000069/R1.htm,2026-09-13T02:09:31Z,60453
sec_cover/R1_0001713445_0001713445-25-000102.htm,https://www.sec.gov/Archives/edgar/data/1713445/000171344525000102/R1.htm,2026-09-13T02:09:32Z,60451
sec_cover/R1_0001713445_0001713445-24-000006.htm,https://www.sec.gov/Archives/edgar/data/1713445/000171344524000006/R1.htm,2026-09-13T02:09:33Z,60311
sec_cover/R1_0001751008_0001751008-26-000059.htm,https://www.sec.gov/Archives/edgar/data/1751008/000175100826000059/R1.htm,2026-09-13T02:09:33Z,55402
sec_cover/R1_0001751008_0001193125-21-161989.htm,https://www.sec.gov/Archives/edgar/data/1751008/000119312521161989/R1.htm,2026-09-13T02:09:38Z,56126
sec_cover/R1_0001754301_0001628280-26-053960.htm,https://www.sec.gov/Archives/edgar/data/1754301/000162828026053960/R1.htm,2026-09-13T02:09:38Z,70571
sec_cover/R1_0001754301_0001628280-26-033172.htm,https://www.sec.gov/Archives/edgar/data/1754301/000162828026033172/R1.htm,2026-09-13T02:09:39Z,56359
sec_cover/R1_0001754301_0001628280-25-024466.htm,https://www.sec.gov/Archives/edgar/data/1754301/000162828025024466/R1.htm,2026-09-13T02:09:40Z,56359
sec_cover/R1_0001754301_0001628280-24-021664.htm,https://www.sec.gov/Archives/edgar/data/1754301/000162828024021664/R1.htm,2026-09-13T02:09:41Z,56379
sec_cover/R1_0001754301_0001628280-23-016651.htm,https://www.sec.gov/Archives/edgar/data/1754301/000162828023016651/R1.htm,2026-09-13T02:09:41Z,56376
sec_cover/R1_0001754301_0001628280-22-013621.htm,https://www.sec.gov/Archives/edgar/data/1754301/000162828022013621/R1.htm,2026-09-13T02:09:42Z,57266
sec_cover/R1_0001754301_0001564590-21-024240.htm,https://www.sec.gov/Archives/edgar/data/1754301/000156459021024240/R1.htm,2026-09-13T02:09:43Z,57011
sec_cover/R1_0001754301_0001564590-20-022088.htm,https://www.sec.gov/Archives/edgar/data/1754301/000156459020022088/R1.htm,2026-09-13T02:09:44Z,57007
sec_cover/R1_0001754301_0001564590-19-018565.htm,https://www.sec.gov/Archives/edgar/data/1754301/000156459019018565/R1.htm,2026-09-13T02:09:45Z,29610
sec_cover/R1_0001757898_0001628280-26-054830.htm,https://www.sec.gov/Archives/edgar/data/1757898/000162828026054830/R1.htm,2026-09-13T02:09:45Z,58580
sec_cover/R1_0001757898_0001628280-26-039136.htm,https://www.sec.gov/Archives/edgar/data/1757898/000162828026039136/R1.htm,2026-09-13T02:09:46Z,71818
sec_cover/R1_0001757898_0001757898-25-000005.htm,https://www.sec.gov/Archives/edgar/data/1757898/000175789825000005/R1.htm,2026-09-13T02:09:47Z,71810
sec_cover/R1_0001757898_0001757898-24-000008.htm,https://www.sec.gov/Archives/edgar/data/1757898/000175789824000008/R1.htm,2026-09-13T02:09:47Z,71832
sec_cover/R1_0001757898_0001757898-23-000005.htm,https://www.sec.gov/Archives/edgar/data/1757898/000175789823000005/R1.htm,2026-09-13T02:09:48Z,69529
sec_cover/R1_0001757898_0001757898-22-000011.htm,https://www.sec.gov/Archives/edgar/data/1757898/000175789822000011/R1.htm,2026-09-13T02:09:49Z,70578
sec_cover/R1_0001757898_0001757898-21-000017.htm,https://www.sec.gov/Archives/edgar/data/1757898/000175789821000017/R1.htm,2026-09-13T02:09:49Z,70243
sec_cover/R1_0001757898_0001757898-21-000010.htm,https://www.sec.gov/Archives/edgar/data/1757898/000175789821000010/R1.htm,2026-09-13T02:09:50Z,39738
sec_cover/R1_0001781335_0001781335-26-000113.htm,https://www.sec.gov/Archives/edgar/data/1781335/000178133526000113/R1.htm,2026-09-13T02:09:51Z,61085
sec_cover/R1_0001781335_0001781335-26-000075.htm,https://www.sec.gov/Archives/edgar/data/1781335/000178133526000075/R1.htm,2026-09-13T02:09:52Z,61085
sec_cover/R1_0001781335_0001781335-25-000021.htm,https://www.sec.gov/Archives/edgar/data/1781335/000178133525000021/R1.htm,2026-09-13T02:09:53Z,61085
sec_cover/R1_0001781335_0001781335-24-000022.htm,https://www.sec.gov/Archives/edgar/data/1781335/000178133524000022/R1.htm,2026-09-13T02:09:53Z,58538
sec_cover/R1_0001781335_0001781335-23-000016.htm,https://www.sec.gov/Archives/edgar/data/1781335/000178133523000016/R1.htm,2026-09-13T02:09:55Z,61102
sec_cover/R1_0001781335_0001781335-22-000016.htm,https://www.sec.gov/Archives/edgar/data/1781335/000178133522000016/R1.htm,2026-09-13T02:09:55Z,62069
sec_cover/R1_0001781335_0001781335-21-000034.htm,https://www.sec.gov/Archives/edgar/data/1781335/000178133521000034/R1.htm,2026-09-13T02:09:56Z,52210
sec_cover/R1_0001781335_0001781335-20-000005.htm,https://www.sec.gov/Archives/edgar/data/1781335/000178133520000005/R1.htm,2026-09-13T02:09:57Z,52208
sec_cover/R1_0001783180_0001783180-26-000032.htm,https://www.sec.gov/Archives/edgar/data/1783180/000178318026000032/R1.htm,2026-09-13T02:09:58Z,61218
sec_cover/R1_0001783180_0001783180-26-000026.htm,https://www.sec.gov/Archives/edgar/data/1783180/000178318026000026/R1.htm,2026-09-13T02:09:59Z,61218
sec_cover/R1_0001783180_0001783180-25-000030.htm,https://www.sec.gov/Archives/edgar/data/1783180/000178318025000030/R1.htm,2026-09-13T02:09:59Z,58616
sec_cover/R1_0001783180_0001783180-24-000044.htm,https://www.sec.gov/Archives/edgar/data/1783180/000178318024000044/R1.htm,2026-09-13T02:10:00Z,61238
sec_cover/R1_0001783180_0001783180-23-000038.htm,https://www.sec.gov/Archives/edgar/data/1783180/000178318023000038/R1.htm,2026-09-13T02:10:01Z,51569
sec_cover/R1_0001783180_0001783180-22-000034.htm,https://www.sec.gov/Archives/edgar/data/1783180/000178318022000034/R1.htm,2026-09-13T02:10:01Z,52365
sec_cover/R1_0001783180_0001783180-21-000032.htm,https://www.sec.gov/Archives/edgar/data/1783180/000178318021000032/R1.htm,2026-09-13T02:10:02Z,52242
sec_cover/R1_0001783180_0001783180-20-000019.htm,https://www.sec.gov/Archives/edgar/data/1783180/000178318020000019/R1.htm,2026-09-13T02:10:03Z,52221
sec_cover/R1_0001783879_0001783879-26-000114.htm,https://www.sec.gov/Archives/edgar/data/1783879/000178387926000114/R1.htm,2026-09-13T02:10:04Z,55310
sec_cover/R1_0001783879_0001783879-26-000062.htm,https://www.sec.gov/Archives/edgar/data/1783879/000178387926000062/R1.htm,2026-09-13T02:10:04Z,55310
sec_cover/R1_0001783879_0001783879-25-000145.htm,https://www.sec.gov/Archives/edgar/data/1783879/000178387925000145/R1.htm,2026-09-13T02:10:05Z,55328
sec_cover/R1_0001783879_0001783879-24-000145.htm,https://www.sec.gov/Archives/edgar/data/1783879/000178387924000145/R1.htm,2026-09-13T02:10:06Z,55344
sec_cover/R1_0001783879_0001783879-23-000117.htm,https://www.sec.gov/Archives/edgar/data/1783879/000178387923000117/R1.htm,2026-09-13T02:10:07Z,55341
sec_cover/R1_0001783879_0001783879-22-000104.htm,https://www.sec.gov/Archives/edgar/data/1783879/000178387922000104/R1.htm,2026-09-13T02:10:08Z,56183
sec_cover/R1_0001792044_0001792044-26-000041.htm,https://www.sec.gov/Archives/edgar/data/1792044/000179204426000041/R1.htm,2026-09-13T02:10:08Z,55929
sec_cover/R1_0001792044_0001792044-26-000029.htm,https://www.sec.gov/Archives/edgar/data/1792044/000179204426000029/R1.htm,2026-09-13T02:10:09Z,55928
sec_cover/R1_0001792044_0001792044-25-000018.htm,https://www.sec.gov/Archives/edgar/data/1792044/000179204425000018/R1.htm,2026-09-13T02:10:10Z,53424
sec_cover/R1_0001792044_0001792044-24-000017.htm,https://www.sec.gov/Archives/edgar/data/1792044/000179204424000017/R1.htm,2026-09-13T02:10:10Z,53445
sec_cover/R1_0001792044_0001792044-23-000017.htm,https://www.sec.gov/Archives/edgar/data/1792044/000179204423000017/R1.htm,2026-09-13T02:10:11Z,53442
sec_cover/R1_0001792044_0001792044-22-000017.htm,https://www.sec.gov/Archives/edgar/data/1792044/000179204422000017/R1.htm,2026-09-13T02:10:12Z,54286
sec_cover/R1_0001792044_0001792044-21-000018.htm,https://www.sec.gov/Archives/edgar/data/1792044/000179204421000018/R1.htm,2026-09-13T02:10:13Z,55568
sec_cover/R1_0001792044_0001193125-20-140498.htm,https://www.sec.gov/Archives/edgar/data/1792044/000119312520140498/R1.htm,2026-09-13T02:10:13Z,50490
sec_cover/R1_0001792789_0001792789-26-000050.htm,https://www.sec.gov/Archives/edgar/data/1792789/000179278926000050/R1.htm,2026-09-13T02:10:14Z,57356
sec_cover/R1_0001792789_0001792789-26-000037.htm,https://www.sec.gov/Archives/edgar/data/1792789/000179278926000037/R1.htm,2026-09-13T02:10:15Z,57356
sec_cover/R1_0001792789_0001628280-25-023171.htm,https://www.sec.gov/Archives/edgar/data/1792789/000162828025023171/R1.htm,2026-09-13T02:10:15Z,57356
sec_cover/R1_0001792789_0001628280-24-019605.htm,https://www.sec.gov/Archives/edgar/data/1792789/000162828024019605/R1.htm,2026-09-13T02:10:16Z,57376
sec_cover/R1_0001792789_0001628280-23-016140.htm,https://www.sec.gov/Archives/edgar/data/1792789/000162828023016140/R1.htm,2026-09-13T02:10:17Z,57371
sec_cover/R1_0001792789_0001628280-22-013038.htm,https://www.sec.gov/Archives/edgar/data/1792789/000162828022013038/R1.htm,2026-09-13T02:10:17Z,58242
sec_cover/R1_0001792789_0001628280-21-010313.htm,https://www.sec.gov/Archives/edgar/data/1792789/000162828021010313/R1.htm,2026-09-13T02:10:18Z,58107
sec_cover/R1_0001811074_0001811074-26-000058.htm,https://www.sec.gov/Archives/edgar/data/1811074/000181107426000058/R1.htm,2026-09-13T02:10:19Z,56790
sec_cover/R1_0001811074_0001811074-26-000035.htm,https://www.sec.gov/Archives/edgar/data/1811074/000181107426000035/R1.htm,2026-09-13T02:10:19Z,56789
sec_cover/R1_0001811074_0001811074-25-000060.htm,https://www.sec.gov/Archives/edgar/data/1811074/000181107425000060/R1.htm,2026-09-13T02:10:20Z,53094
sec_cover/R1_0001811074_0001811074-24-000031.htm,https://www.sec.gov/Archives/edgar/data/1811074/000181107424000031/R1.htm,2026-09-13T02:10:20Z,53114
sec_cover/R1_0001811074_0001811074-23-000025.htm,https://www.sec.gov/Archives/edgar/data/1811074/000181107423000025/R1.htm,2026-09-13T02:10:21Z,53110
sec_cover/R1_0001811074_0001811074-22-000027.htm,https://www.sec.gov/Archives/edgar/data/1811074/000181107422000027/R1.htm,2026-09-13T02:10:22Z,53933
sec_cover/R1_0001811074_0001811074-21-000024.htm,https://www.sec.gov/Archives/edgar/data/1811074/000181107421000024/R1.htm,2026-09-13T02:10:23Z,53806
sec_cover/R1_0001835632_0001835632-26-000025.htm,https://www.sec.gov/Archives/edgar/data/1835632/000183563226000025/R1.htm,2026-09-13T02:10:23Z,51550
sec_cover/R1_0001835632_0001835632-26-000019.htm,https://www.sec.gov/Archives/edgar/data/1835632/000183563226000019/R1.htm,2026-09-13T02:10:24Z,51547
sec_cover/R1_0001835632_0001835632-25-000117.htm,https://www.sec.gov/Archives/edgar/data/1835632/000183563225000117/R1.htm,2026-09-13T02:10:25Z,51547
sec_cover/R1_0001835632_0001835632-24-000063.htm,https://www.sec.gov/Archives/edgar/data/1835632/000183563224000063/R1.htm,2026-09-13T02:10:26Z,51569
sec_cover/R1_0001835632_0001835632-23-000029.htm,https://www.sec.gov/Archives/edgar/data/1835632/000183563223000029/R1.htm,2026-09-13T02:10:26Z,51565
sec_cover/R1_0001835632_0001835632-22-000028.htm,https://www.sec.gov/Archives/edgar/data/1835632/000183563222000028/R1.htm,2026-09-13T02:10:27Z,52361
sec_cover/R1_0001835632_0001835632-21-000010.htm,https://www.sec.gov/Archives/edgar/data/1835632/000183563221000010/R1.htm,2026-09-13T02:10:28Z,52245
sec_cover/R1_0001841666_0001841666-26-000053.htm,https://www.sec.gov/Archives/edgar/data/1841666/000184166626000053/R1.htm,2026-09-13T02:10:29Z,51525
sec_cover/R1_0001841666_0001841666-26-000034.htm,https://www.sec.gov/Archives/edgar/data/1841666/000184166626000034/R1.htm,2026-09-13T02:10:30Z,51525
sec_cover/R1_0001841666_0002040266-25-000012.htm,https://www.sec.gov/Archives/edgar/data/1841666/000204026625000012/R1.htm,2026-09-13T02:10:30Z,51525
sec_cover/R1_0001841666_0001784031-24-000008.htm,https://www.sec.gov/Archives/edgar/data/1841666/000178403124000008/R1.htm,2026-09-13T02:10:31Z,51562
sec_cover/R1_0001841666_0001784031-23-000013.htm,https://www.sec.gov/Archives/edgar/data/1841666/000178403123000013/R1.htm,2026-09-13T02:10:32Z,51559
sec_cover/R1_0001841666_0001784031-22-000015.htm,https://www.sec.gov/Archives/edgar/data/1841666/000178403122000015/R1.htm,2026-09-13T02:10:33Z,52355
sec_cover/R1_0001841666_0001673379-21-000012.htm,https://www.sec.gov/Archives/edgar/data/1841666/000167337921000012/R1.htm,2026-09-13T02:10:34Z,52234
sec_cover/R1_0001858681_0001858681-26-000040.htm,https://www.sec.gov/Archives/edgar/data/1858681/000185868126000040/R1.htm,2026-09-13T02:10:35Z,60224
sec_cover/R1_0001858681_0001858681-26-000026.htm,https://www.sec.gov/Archives/edgar/data/1858681/000185868126000026/R1.htm,2026-09-13T02:10:36Z,60223
sec_cover/R1_0001858681_0001858681-25-000049.htm,https://www.sec.gov/Archives/edgar/data/1858681/000185868125000049/R1.htm,2026-09-13T02:10:36Z,60223
sec_cover/R1_0001858681_0001858681-24-000048.htm,https://www.sec.gov/Archives/edgar/data/1858681/000185868124000048/R1.htm,2026-09-13T02:10:37Z,60243
sec_cover/R1_0001858681_0001858681-23-000017.htm,https://www.sec.gov/Archives/edgar/data/1858681/000185868123000017/R1.htm,2026-09-13T02:10:38Z,53079
sec_cover/R1_0001858681_0001858681-22-000029.htm,https://www.sec.gov/Archives/edgar/data/1858681/000185868122000029/R1.htm,2026-09-13T02:10:38Z,53902
sec_cover/R1_0001868275_0001868275-26-000104.htm,https://www.sec.gov/Archives/edgar/data/1868275/000186827526000104/R1.htm,2026-09-13T02:10:39Z,58256
sec_cover/R1_0001868275_0001868275-26-000067.htm,https://www.sec.gov/Archives/edgar/data/1868275/000186827526000067/R1.htm,2026-09-13T02:10:40Z,58256
sec_cover/R1_0001868275_0001868275-25-000044.htm,https://www.sec.gov/Archives/edgar/data/1868275/000186827525000044/R1.htm,2026-09-13T02:10:41Z,58256
sec_cover/R1_0001868275_0001868275-24-000026.htm,https://www.sec.gov/Archives/edgar/data/1868275/000186827524000026/R1.htm,2026-09-13T02:10:41Z,58276
sec_cover/R1_0001868275_0001868275-23-000032.htm,https://www.sec.gov/Archives/edgar/data/1868275/000186827523000032/R1.htm,2026-09-13T02:10:42Z,58273
sec_cover/R1_0001868275_0001868275-22-000044.htm,https://www.sec.gov/Archives/edgar/data/1868275/000186827522000044/R1.htm,2026-09-13T02:10:43Z,57161
sec_cover/R1_0001932393_0001932393-26-000046.htm,https://www.sec.gov/Archives/edgar/data/1932393/000193239326000046/R1.htm,2026-09-13T02:10:44Z,51529
sec_cover/R1_0001932393_0001932393-26-000031.htm,https://www.sec.gov/Archives/edgar/data/1932393/000193239326000031/R1.htm,2026-09-13T02:10:44Z,51529
sec_cover/R1_0001932393_0001932393-25-000014.htm,https://www.sec.gov/Archives/edgar/data/1932393/000193239325000014/R1.htm,2026-09-13T02:10:45Z,51529
sec_cover/R1_0001932393_0001932393-24-000034.htm,https://www.sec.gov/Archives/edgar/data/1932393/000193239324000034/R1.htm,2026-09-13T02:10:46Z,51549
sec_cover/R1_0001932393_0001932393-23-000087.htm,https://www.sec.gov/Archives/edgar/data/1932393/000193239323000087/R1.htm,2026-09-13T02:10:46Z,51544
sec_cover/R1_0001944048_0001944048-26-000142.htm,https://www.sec.gov/Archives/edgar/data/1944048/000194404826000142/R1.htm,2026-09-13T02:10:47Z,51490
sec_cover/R1_0001944048_0001944048-26-000098.htm,https://www.sec.gov/Archives/edgar/data/1944048/000194404826000098/R1.htm,2026-09-13T02:10:48Z,51489
sec_cover/R1_0001944048_0001944048-25-000129.htm,https://www.sec.gov/Archives/edgar/data/1944048/000194404825000129/R1.htm,2026-09-13T02:10:49Z,54661
sec_cover/R1_0001944048_0001944048-24-000100.htm,https://www.sec.gov/Archives/edgar/data/1944048/000194404824000100/R1.htm,2026-09-13T02:10:49Z,51515
sec_cover/R1_0001944048_0001944048-23-000013.htm,https://www.sec.gov/Archives/edgar/data/1944048/000194404823000013/R1.htm,2026-09-13T02:10:50Z,51512
sec_cover/R1_0001964738_0001964738-26-000047.htm,https://www.sec.gov/Archives/edgar/data/1964738/000196473826000047/R1.htm,2026-09-13T02:10:51Z,51522
sec_cover/R1_0001964738_0001964738-26-000024.htm,https://www.sec.gov/Archives/edgar/data/1964738/000196473826000024/R1.htm,2026-09-13T02:10:51Z,51522
sec_cover/R1_0001964738_0001964738-25-000051.htm,https://www.sec.gov/Archives/edgar/data/1964738/000196473825000051/R1.htm,2026-09-13T02:10:52Z,53108
sec_cover/R1_0001964738_0001964738-24-000013.htm,https://www.sec.gov/Archives/edgar/data/1964738/000196473824000013/R1.htm,2026-09-13T02:10:53Z,53122
sec_cover/R1_0001967680_0001967680-26-000044.htm,https://www.sec.gov/Archives/edgar/data/1967680/000196768026000044/R1.htm,2026-09-13T02:10:54Z,51488
sec_cover/R1_0001967680_0001967680-26-000024.htm,https://www.sec.gov/Archives/edgar/data/1967680/000196768026000024/R1.htm,2026-09-13T02:10:54Z,51489
sec_cover/R1_0001967680_0001967680-25-000067.htm,https://www.sec.gov/Archives/edgar/data/1967680/000196768025000067/R1.htm,2026-09-13T02:10:55Z,51488
sec_cover/R1_0001967680_0001967680-24-000059.htm,https://www.sec.gov/Archives/edgar/data/1967680/000196768024000059/R1.htm,2026-09-13T02:10:56Z,51505
sec_cover/R1_0001973266_0001193125-26-330592.htm,https://www.sec.gov/Archives/edgar/data/1973266/000119312526330592/R1.htm,2026-09-13T02:10:57Z,55402
sec_cover/R1_0001973266_0001193125-26-208992.htm,https://www.sec.gov/Archives/edgar/data/1973266/000119312526208992/R1.htm,2026-09-13T02:10:57Z,55402
sec_cover/R1_0001973266_0000950170-25-067220.htm,https://www.sec.gov/Archives/edgar/data/1973266/000095017025067220/R1.htm,2026-09-13T02:10:58Z,55401
sec_cover/R1_0001973266_0001973266-24-000013.htm,https://www.sec.gov/Archives/edgar/data/1973266/000197326624000013/R1.htm,2026-09-13T02:10:59Z,55419
sec_cover/R1_0001996810_0001996810-26-000148.htm,https://www.sec.gov/Archives/edgar/data/1996810/000199681026000148/R1.htm,2026-09-13T02:10:59Z,50153
sec_cover/R1_0001996810_0001996810-26-000064.htm,https://www.sec.gov/Archives/edgar/data/1996810/000199681026000064/R1.htm,2026-09-13T02:11:00Z,50153
sec_cover/R1_0001996810_0001996810-25-000073.htm,https://www.sec.gov/Archives/edgar/data/1996810/000199681025000073/R1.htm,2026-09-13T02:11:01Z,50151
sec_cover/R1_0001996810_0001996810-24-000008.htm,https://www.sec.gov/Archives/edgar/data/1996810/000199681024000008/R1.htm,2026-09-13T02:11:02Z,51528
sec_cover/R1_0001996862_0001628280-26-050540.htm,https://www.sec.gov/Archives/edgar/data/1996862/000162828026050540/R1.htm,2026-09-13T02:11:02Z,51483
sec_cover/R1_0001996862_0001628280-26-028235.htm,https://www.sec.gov/Archives/edgar/data/1996862/000162828026028235/R1.htm,2026-09-13T02:11:03Z,51483
sec_cover/R1_0001996862_0001996862-25-000086.htm,https://www.sec.gov/Archives/edgar/data/1996862/000199686225000086/R1.htm,2026-09-13T02:11:04Z,51482
sec_cover/R1_0001996862_0001996862-24-000094.htm,https://www.sec.gov/Archives/edgar/data/1996862/000199686224000094/R1.htm,2026-09-13T02:11:04Z,51503
sec_cover/R1_0002005951_0001628280-26-051195.htm,https://www.sec.gov/Archives/edgar/data/2005951/000162828026051195/R1.htm,2026-09-13T02:11:05Z,51504
sec_cover/R1_0002005951_0001628280-26-029089.htm,https://www.sec.gov/Archives/edgar/data/2005951/000162828026029089/R1.htm,2026-09-13T02:11:06Z,51503
sec_cover/R1_0002005951_0002005951-25-000009.htm,https://www.sec.gov/Archives/edgar/data/2005951/000200595125000009/R1.htm,2026-09-13T02:11:07Z,51474
sec_cover/R1_0002005951_0001410578-24-000999.htm,https://www.sec.gov/Archives/edgar/data/2005951/000141057824000999/R1.htm,2026-09-13T02:11:07Z,46635
sec_cover/R1_0002011641_0002011641-26-000040.htm,https://www.sec.gov/Archives/edgar/data/2011641/000201164126000040/R1.htm,2026-09-13T02:11:08Z,53011
sec_cover/R1_0002011641_0002011641-26-000030.htm,https://www.sec.gov/Archives/edgar/data/2011641/000201164126000030/R1.htm,2026-09-13T02:11:09Z,53011
sec_cover/R1_0002011641_0002011641-25-000015.htm,https://www.sec.gov/Archives/edgar/data/2011641/000201164125000015/R1.htm,2026-09-13T02:11:09Z,53010
sec_cover/R1_0002012383_0001193125-26-337177.htm,https://www.sec.gov/Archives/edgar/data/2012383/000119312526337177/R1.htm,2026-09-13T02:11:10Z,60061
sec_cover/R1_0002012383_0001193125-26-208766.htm,https://www.sec.gov/Archives/edgar/data/2012383/000119312526208766/R1.htm,2026-09-13T02:11:11Z,60061
sec_cover/R1_0002012383_0000950170-25-065838.htm,https://www.sec.gov/Archives/edgar/data/2012383/000095017025065838/R1.htm,2026-09-13T02:11:12Z,56078
sec_cover/R1_0002023554_0001628280-26-057406.htm,https://www.sec.gov/Archives/edgar/data/2023554/000162828026057406/R1.htm,2026-09-13T02:11:12Z,65173
sec_cover/R1_0002023554_0001628280-26-029401.htm,https://www.sec.gov/Archives/edgar/data/2023554/000162828026029401/R1.htm,2026-09-13T02:11:13Z,51524
sec_cover/R1_0002023554_0002023554-25-000027.htm,https://www.sec.gov/Archives/edgar/data/2023554/000202355425000027/R1.htm,2026-09-13T02:11:14Z,51580
sec_cover/R1_0002041610_0002041610-26-000054.htm,https://www.sec.gov/Archives/edgar/data/2041610/000204161026000054/R1.htm,2026-09-13T02:11:14Z,55385
sec_cover/R1_0002041610_0002041610-26-000026.htm,https://www.sec.gov/Archives/edgar/data/2041610/000204161026000026/R1.htm,2026-09-13T02:11:15Z,55385
sec_cover/R1_0002041610_0002041610-25-000010.htm,https://www.sec.gov/Archives/edgar/data/2041610/000204161025000010/R1.htm,2026-09-13T02:11:16Z,48412
sec_cover/R1_0002058873_0002058873-26-000030.htm,https://www.sec.gov/Archives/edgar/data/2058873/000205887326000030/R1.htm,2026-09-13T02:11:17Z,53081
sec_cover/R1_0002058873_0002058873-26-000015.htm,https://www.sec.gov/Archives/edgar/data/2058873/000205887326000015/R1.htm,2026-09-13T02:11:17Z,53079
sec_cover/R1_0002082247_0001628280-26-053359.htm,https://www.sec.gov/Archives/edgar/data/2082247/000162828026053359/R1.htm,2026-09-13T02:11:18Z,64639
sec_cover/R1_0002089271_0002089271-26-000021.htm,https://www.sec.gov/Archives/edgar/data/2089271/000208927126000021/R1.htm,2026-09-13T02:11:19Z,51522
sec_cover/R1_0002115436_0000034088-26-000093.htm,https://www.sec.gov/Archives/edgar/data/2115436/000003408826000093/R1.htm,2026-09-13T02:11:19Z,63864
yahoo/A.json,https://query1.finance.yahoo.com/v8/finance/chart/A?period1=1543622400&period2=1789257600&interval=1mo&events=div%2Csplit,2026-09-13T02:11:20Z,12993
yahoo/AAPL.json,https://query1.finance.yahoo.com/v8/finance/chart/AAPL?period1=1543622400&period2=1789257600&interval=1mo&events=div%2Csplit,2026-09-13T02:11:20Z,13118
yahoo/ABBV.json,https://query1.finance.yahoo.com/v8/finance/chart/ABBV?period1=1543622400&period2=1789257600&interval=1mo&events=div%2Csplit,2026-09-13T02:11:21Z,13055
yahoo/ABNB.json,https://query1.finance.yahoo.com/v8/finance/chart/ABNB?period1=1543622400&period2=1789257600&interval=1mo&events=div%2Csplit,2026-09-13T02:11:22Z,8851
yahoo/ABT.json,https://query1.finance.yahoo.com/v8/finance/chart/ABT?period1=1543622400&period2=1789257600&interval=1mo&events=div%2Csplit,2026-09-13T02:11:22Z,13007
yahoo/ACGL.json,https://query1.finance.yahoo.com/v8/finance/chart/ACGL?period1=1543622400&period2=1789257600&interval=1mo&events=div%2Csplit,2026-09-13T02:11:22Z,11525
yahoo/ACN.json,https://query1.finance.yahoo.com/v8/finance/chart/ACN?period1=1543622400&period2=1789257600&interval=1mo&events=div%2Csplit,2026-09-13T02:11:23Z,12695
yahoo/ADBE.json,https://query1.finance.yahoo.com/v8/finance/chart/ADBE?period1=1543622400&period2=1789257600&interval=1mo&events=div%2Csplit,2026-09-13T02:11:23Z,11001
yahoo/ADI.json,https://query1.finance.yahoo.com/v8/finance/chart/ADI?period1=1543622400&period2=1789257600&interval=1mo&events=div%2Csplit,2026-09-13T02:11:24Z,13118
yahoo/ADM.json,https://query1.finance.yahoo.com/v8/finance/chart/ADM?period1=1543622400&period2=1789257600&interval=1mo&events=div%2Csplit,2026-09-13T02:11:25Z,12921
yahoo/ADP.json,https://query1.finance.yahoo.com/v8/finance/chart/ADP?period1=1543622400&period2=1789257600&interval=1mo&events=div%2Csplit,2026-09-13T02:11:28Z,13056
yahoo/ADSK.json,https://query1.finance.yahoo.com/v8/finance/chart/ADSK?period1=1543622400&period2=1789257600&interval=1mo&events=div%2Csplit,2026-09-13T02:11:29Z,11475
yahoo/AEE.json,https://query1.finance.yahoo.com/v8/finance/chart/AEE?period1=1543622400&period2=1789257600&interval=1mo&events=div%2Csplit,2026-09-13T02:11:32Z,12988
yahoo/AEP.json,https://query1.finance.yahoo.com/v8/finance/chart/AEP?period1=1543622400&period2=1789257600&interval=1mo&events=div%2Csplit,2026-09-13T02:11:33Z,12928
yahoo/AES.json,https://query1.finance.yahoo.com/v8/finance/chart/AES?period1=1543622400&period2=1789257600&interval=1mo&events=div%2Csplit,2026-09-13T02:11:36Z,13224
yahoo/AFL.json,https://query1.finance.yahoo.com/v8/finance/chart/AFL?period1=1543622400&period2=1789257600&interval=1mo&events=div%2Csplit,2026-09-13T02:11:37Z,12958
yahoo/AIG.json,https://query1.finance.yahoo.com/v8/finance/chart/AIG?period1=1543622400&period2=1789257600&interval=1mo&events=div%2Csplit,2026-09-13T02:11:37Z,12935
yahoo/AIZ.json,https://query1.finance.yahoo.com/v8/finance/chart/AIZ?period1=1543622400&period2=1789257600&interval=1mo&events=div%2Csplit,2026-09-13T02:11:39Z,13046
yahoo/AJG.json,https://query1.finance.yahoo.com/v8/finance/chart/AJG?period1=1543622400&period2=1789257600&interval=1mo&events=div%2Csplit,2026-09-13T02:11:39Z,12902
yahoo/AKAM.json,https://query1.finance.yahoo.com/v8/finance/chart/AKAM?period1=1543622400&period2=1789257600&interval=1mo&events=div%2Csplit,2026-09-13T02:11:47Z,11312
yahoo/ALB.json,https://query1.finance.yahoo.com/v8/finance/chart/ALB?period1=1543622400&period2=1789257600&interval=1mo&events=div%2Csplit,2026-09-13T02:11:47Z,12784
yahoo/ALGN.json,https://query1.finance.yahoo.com/v8/finance/chart/ALGN?period1=1543622400&period2=1789257600&interval=1mo&events=div%2Csplit,2026-09-13T02:11:48Z,11312
yahoo/ALL.json,https://query1.finance.yahoo.com/v8/finance/chart/ALL?period1=1543622400&period2=1789257600&interval=1mo&events=div%2Csplit,2026-09-13T02:11:48Z,12989
yahoo/ALLE.json,https://query1.finance.yahoo.com/v8/finance/chart/ALLE?period1=1543622400&period2=1789257600&interval=1mo&events=div%2Csplit,2026-09-13T02:11:49Z,13047
yahoo/AMAT.json,https://query1.finance.yahoo.com/v8/finance/chart/AMAT?period1=1543622400&period2=1789257600&interval=1mo&events=div%2Csplit,2026-09-13T02:11:49Z,13059
yahoo/AMCR.json,https://query1.finance.yahoo.com/v8/finance/chart/AMCR?period1=1543622400&period2=1789257600&interval=1mo&events=div%2Csplit,2026-09-13T02:11:50Z,12208
yahoo/AMD.json,https://query1.finance.yahoo.com/v8/finance/chart/AMD?period1=1543622400&period2=1789257600&interval=1mo&events=div%2Csplit,2026-09-13T02:11:50Z,11606
yahoo/AME.json,https://query1.finance.yahoo.com/v8/finance/chart/AME?period1=1543622400&period2=1789257600&interval=1mo&events=div%2Csplit,2026-09-13T02:11:51Z,13024
yahoo/AMGN.json,https://query1.finance.yahoo.com/v8/finance/chart/AMGN?period1=1543622400&period2=1789257600&interval=1mo&events=div%2Csplit,2026-09-13T02:11:58Z,13002
yahoo/AMP.json,https://query1.finance.yahoo.com/v8/finance/chart/AMP?period1=1543622400&period2=1789257600&interval=1mo&events=div%2Csplit,2026-09-13T02:11:59Z,12974
yahoo/AMT.json,https://query1.finance.yahoo.com/v8/finance/chart/AMT?period1=1543622400&period2=1789257600&interval=1mo&events=div%2Csplit,2026-09-13T02:11:59Z,12980
yahoo/AMZN.json,https://query1.finance.yahoo.com/v8/finance/chart/AMZN?period1=1543622400&period2=1789257600&interval=1mo&events=div%2Csplit,2026-09-13T02:12:00Z,11688
yahoo/ANET.json,https://query1.finance.yahoo.com/v8/finance/chart/ANET?period1=1543622400&period2=1789257600&interval=1mo&events=div%2Csplit,2026-09-13T02:12:00Z,11815
yahoo/AON.json,https://query1.finance.yahoo.com/v8/finance/chart/AON?period1=1543622400&period2=1789257600&interval=1mo&events=div%2Csplit,2026-09-13T02:12:01Z,12835
yahoo/AOS.json,https://query1.finance.yahoo.com/v8/finance/chart/AOS?period1=1543622400&period2=1789257600&interval=1mo&events=div%2Csplit,2026-09-13T02:12:02Z,12922
yahoo/APA.json,https://query1.finance.yahoo.com/v8/finance/chart/APA?period1=1543622400&period2=1789257600&interval=1mo&events=div%2Csplit,2026-09-13T02:12:02Z,13226
yahoo/APD.json,https://query1.finance.yahoo.com/v8/finance/chart/APD?period1=1543622400&period2=1789257600&interval=1mo&events=div%2Csplit,2026-09-13T02:12:03Z,12909
yahoo/APH.json,https://query1.finance.yahoo.com/v8/finance/chart/APH?period1=1543622400&period2=1789257600&interval=1mo&events=div%2Csplit,2026-09-13T02:12:06Z,13398
yahoo/APO.json,https://query1.finance.yahoo.com/v8/finance/chart/APO?period1=1543622400&period2=1789257600&interval=1mo&events=div%2Csplit,2026-09-13T02:12:08Z,12961
yahoo/APP.json,https://query1.finance.yahoo.com/v8/finance/chart/APP?period1=1543622400&period2=1789257600&interval=1mo&events=div%2Csplit,2026-09-13T02:12:08Z,8115
yahoo/APTV.json,https://query1.finance.yahoo.com/v8/finance/chart/APTV?period1=1543622400&period2=1789257600&interval=1mo&events=div%2Csplit,2026-09-13T02:12:09Z,11576
yahoo/ARE.json,https://query1.finance.yahoo.com/v8/finance/chart/ARE?period1=1543622400&period2=1789257600&interval=1mo&events=div%2Csplit,2026-09-13T02:12:09Z,13067
yahoo/ARES.json,https://query1.finance.yahoo.com/v8/finance/chart/ARES?period1=1543622400&period2=1789257600&interval=1mo&events=div%2Csplit,2026-09-13T02:12:10Z,13091
yahoo/ATO.json,https://query1.finance.yahoo.com/v8/finance/chart/ATO?period1=1543622400&period2=1789257600&interval=1mo&events=div%2Csplit,2026-09-13T02:12:10Z,13218
yahoo/AVGO.json,https://query1.finance.yahoo.com/v8/finance/chart/AVGO?period1=1543622400&period2=1789257600&interval=1mo&events=div%2Csplit,2026-09-13T02:12:11Z,13219
yahoo/AVY.json,https://query1.finance.yahoo.com/v8/finance/chart/AVY?period1=1543622400&period2=1789257600&interval=1mo&events=div%2Csplit,2026-09-13T02:12:11Z,13144
yahoo/AWK.json,https://query1.finance.yahoo.com/v8/finance/chart/AWK?period1=1543622400&period2=1789257600&interval=1mo&events=div%2Csplit,2026-09-13T02:12:15Z,13085
yahoo/AXON.json,https://query1.finance.yahoo.com/v8/finance/chart/AXON?period1=1543622400&period2=1789257600&interval=1mo&events=div%2Csplit,2026-09-13T02:12:16Z,11238
yahoo/AXP.json,https://query1.finance.yahoo.com/v8/finance/chart/AXP?period1=1543622400&period2=1789257600&interval=1mo&events=div%2Csplit,2026-09-13T02:12:17Z,12959
yahoo/AZO.json,https://query1.finance.yahoo.com/v8/finance/chart/AZO?period1=1543622400&period2=1789257600&interval=1mo&events=div%2Csplit,2026-09-13T02:12:17Z,10855
yahoo/BA.json,https://query1.finance.yahoo.com/v8/finance/chart/BA?period1=1543622400&period2=1789257600&interval=1mo&events=div%2Csplit,2026-09-13T02:12:18Z,11651
yahoo/BAC.json,https://query1.finance.yahoo.com/v8/finance/chart/BAC?period1=1543622400&period2=1789257600&interval=1mo&events=div%2Csplit,2026-09-13T02:12:18Z,13250
yahoo/BALL.json,https://query1.finance.yahoo.com/v8/finance/chart/BALL?period1=1543622400&period2=1789257600&interval=1mo&events=div%2Csplit,2026-09-13T02:12:19Z,12842
yahoo/BAX.json,https://query1.finance.yahoo.com/v8/finance/chart/BAX?period1=1543622400&period2=1789257600&interval=1mo&events=div%2Csplit,2026-09-13T02:12:20Z,12933
yahoo/BBY.json,https://query1.finance.yahoo.com/v8/finance/chart/BBY?period1=1543622400&period2=1789257600&interval=1mo&events=div%2Csplit,2026-09-13T02:12:20Z,12904
yahoo/BDX.json,https://query1.finance.yahoo.com/v8/finance/chart/BDX?period1=1543622400&period2=1789257600&interval=1mo&events=div%2Csplit,2026-09-13T02:12:22Z,13752
yahoo/BEN.json,https://query1.finance.yahoo.com/v8/finance/chart/BEN?period1=1543622400&period2=1789257600&interval=1mo&events=div%2Csplit,2026-09-13T02:12:25Z,13181
yahoo/BF-B.json,https://query1.finance.yahoo.com/v8/finance/chart/BF-B?period1=1543622400&period2=1789257600&interval=1mo&events=div%2Csplit,2026-09-13T02:12:27Z,13065
yahoo/BG.json,https://query1.finance.yahoo.com/v8/finance/chart/BG?period1=1543622400&period2=1789257600&interval=1mo&events=div%2Csplit,2026-09-13T02:12:28Z,12907
yahoo/BIIB.json,https://query1.finance.yahoo.com/v8/finance/chart/BIIB?period1=1543622400&period2=1789257600&interval=1mo&events=div%2Csplit,2026-09-13T02:12:28Z,11250
yahoo/BKNG.json,https://query1.finance.yahoo.com/v8/finance/chart/BKNG?period1=1543622400&period2=1789257600&interval=1mo&events=div%2Csplit,2026-09-13T02:12:29Z,12407
yahoo/BKR.json,https://query1.finance.yahoo.com/v8/finance/chart/BKR?period1=1543622400&period2=1789257600&interval=1mo&events=div%2Csplit,2026-09-13T02:12:29Z,13121
yahoo/BLDR.json,https://query1.finance.yahoo.com/v8/finance/chart/BLDR?period1=1543622400&period2=1789257600&interval=1mo&events=div%2Csplit,2026-09-13T02:12:33Z,11366
yahoo/BLK.json,https://query1.finance.yahoo.com/v8/finance/chart/BLK?period1=1543622400&period2=1789257600&interval=1mo&events=div%2Csplit,2026-09-13T02:12:34Z,12581
yahoo/BMY.json,https://query1.finance.yahoo.com/v8/finance/chart/BMY?period1=1543622400&period2=1789257600&interval=1mo&events=div%2Csplit,2026-09-13T02:12:34Z,13125
yahoo/BNY.json,https://query1.finance.yahoo.com/v8/finance/chart/BNY?period1=1543622400&period2=1789257600&interval=1mo&events=div%2Csplit,2026-09-13T02:12:35Z,13241
yahoo/BR.json,https://query1.finance.yahoo.com/v8/finance/chart/BR?period1=1543622400&period2=1789257600&interval=1mo&events=div%2Csplit,2026-09-13T02:12:42Z,13266
yahoo/BRK-A.json,https://query1.finance.yahoo.com/v8/finance/chart/BRK-A?period1=1543622400&period2=1789257600&interval=1mo&events=div%2Csplit,2026-09-13T02:12:43Z,7091
yahoo/BRK-B.json,https://query1.finance.yahoo.com/v8/finance/chart/BRK-B?period1=1543622400&period2=1789257600&interval=1mo&events=div%2Csplit,2026-09-13T02:12:43Z,11337
yahoo/BRO.json,https://query1.finance.yahoo.com/v8/finance/chart/BRO?period1=1543622400&period2=1789257600&interval=1mo&events=div%2Csplit,2026-09-13T02:12:44Z,12898
yahoo/BSX.json,https://query1.finance.yahoo.com/v8/finance/chart/BSX?period1=1543622400&period2=1789257600&interval=1mo&events=div%2Csplit,2026-09-13T02:12:44Z,11452
yahoo/BX.json,https://query1.finance.yahoo.com/v8/finance/chart/BX?period1=1543622400&period2=1789257600&interval=1mo&events=div%2Csplit,2026-09-13T02:12:45Z,12937
yahoo/BXP.json,https://query1.finance.yahoo.com/v8/finance/chart/BXP?period1=1543622400&period2=1789257600&interval=1mo&events=div%2Csplit,2026-09-13T02:12:45Z,12905
yahoo/C.json,https://query1.finance.yahoo.com/v8/finance/chart/C?period1=1543622400&period2=1789257600&interval=1mo&events=div%2Csplit,2026-09-13T02:12:46Z,13074
yahoo/CAH.json,https://query1.finance.yahoo.com/v8/finance/chart/CAH?period1=1543622400&period2=1789257600&interval=1mo&events=div%2Csplit,2026-09-13T02:12:53Z,13043
yahoo/CARR.json,https://query1.finance.yahoo.com/v8/finance/chart/CARR?period1=1543622400&period2=1789257600&interval=1mo&events=div%2Csplit,2026-09-13T02:12:54Z,11122
yahoo/CASY.json,https://query1.finance.yahoo.com/v8/finance/chart/CASY?period1=1543622400&period2=1789257600&interval=1mo&events=div%2Csplit,2026-09-13T02:12:54Z,12909
yahoo/CAT.json,https://query1.finance.yahoo.com/v8/finance/chart/CAT?period1=1543622400&period2=1789257600&interval=1mo&events=div%2Csplit,2026-09-13T02:12:55Z,12864
yahoo/CB.json,https://query1.finance.yahoo.com/v8/finance/chart/CB?period1=1543622400&period2=1789257600&interval=1mo&events=div%2Csplit,2026-09-13T02:12:55Z,12890
yahoo/CBOE.json,https://query1.finance.yahoo.com/v8/finance/chart/CBOE?period1=1543622400&period2=1789257600&interval=1mo&events=div%2Csplit,2026-09-13T02:12:55Z,12870
yahoo/CBRE.json,https://query1.finance.yahoo.com/v8/finance/chart/CBRE?period1=1543622400&period2=1789257600&interval=1mo&events=div%2Csplit,2026-09-13T02:12:56Z,11502
yahoo/CCI.json,https://query1.finance.yahoo.com/v8/finance/chart/CCI?period1=1543622400&period2=1789257600&interval=1mo&events=div%2Csplit,2026-09-13T02:12:56Z,12944
yahoo/CCL.json,https://query1.finance.yahoo.com/v8/finance/chart/CCL?period1=1543622400&period2=1789257600&interval=1mo&events=div%2Csplit,2026-09-13T02:13:04Z,12152
yahoo/CDNS.json,https://query1.finance.yahoo.com/v8/finance/chart/CDNS?period1=1543622400&period2=1789257600&interval=1mo&events=div%2Csplit,2026-09-13T02:13:04Z,11442
yahoo/CDW.json,https://query1.finance.yahoo.com/v8/finance/chart/CDW?period1=1543622400&period2=1789257600&interval=1mo&events=div%2Csplit,2026-09-13T02:13:05Z,13100
yahoo/CEG.json,https://query1.finance.yahoo.com/v8/finance/chart/CEG?period1=1543622400&period2=1789257600&interval=1mo&events=div%2Csplit,2026-09-13T02:13:05Z,8126
yahoo/CF.json,https://query1.finance.yahoo.com/v8/finance/chart/CF?period1=1543622400&period2=1789257600&interval=1mo&events=div%2Csplit,2026-09-13T02:13:05Z,12823
yahoo/CFG.json,https://query1.finance.yahoo.com/v8/finance/chart/CFG?period1=1543622400&period2=1789257600&interval=1mo&events=div%2Csplit,2026-09-13T02:13:06Z,13114
yahoo/CHD.json,https://query1.finance.yahoo.com/v8/finance/chart/CHD?period1=1543622400&period2=1789257600&interval=1mo&events=div%2Csplit,2026-09-13T02:13:06Z,12946
yahoo/CHRW.json,https://query1.finance.yahoo.com/v8/finance/chart/CHRW?period1=1543622400&period2=1789257600&interval=1mo&events=div%2Csplit,2026-09-13T02:13:07Z,12964
yahoo/CHTR.json,https://query1.finance.yahoo.com/v8/finance/chart/CHTR?period1=1543622400&period2=1789257600&interval=1mo&events=div%2Csplit,2026-09-13T02:13:07Z,11289
yahoo/CI.json,https://query1.finance.yahoo.com/v8/finance/chart/CI?period1=1543622400&period2=1789257600&interval=1mo&events=div%2Csplit,2026-09-13T02:13:08Z,12614
yahoo/CIEN.json,https://query1.finance.yahoo.com/v8/finance/chart/CIEN?period1=1543622400&period2=1789257600&interval=1mo&events=div%2Csplit,2026-09-13T02:13:11Z,11389
yahoo/CINF.json,https://query1.finance.yahoo.com/v8/finance/chart/CINF?period1=1543622400&period2=1789257600&interval=1mo&events=div%2Csplit,2026-09-13T02:13:11Z,13077
yahoo/CL.json,https://query1.finance.yahoo.com/v8/finance/chart/CL?period1=1543622400&period2=1789257600&interval=1mo&events=div%2Csplit,2026-09-13T02:13:12Z,12802
yahoo/CLX.json,https://query1.finance.yahoo.com/v8/finance/chart/CLX?period1=1543622400&period2=1789257600&interval=1mo&events=div%2Csplit,2026-09-13T02:13:12Z,13004
yahoo/CMCSA.json,https://query1.finance.yahoo.com/v8/finance/chart/CMCSA?period1=1543622400&period2=1789257600&interval=1mo&events=div%2Csplit,2026-09-13T02:13:14Z,13543
yahoo/CME.json,https://query1.finance.yahoo.com/v8/finance/chart/CME?period1=1543622400&period2=1789257600&interval=1mo&events=div%2Csplit,2026-09-13T02:13:14Z,13375
yahoo/CMG.json,https://query1.finance.yahoo.com/v8/finance/chart/CMG?period1=1543622400&period2=1789257600&interval=1mo&events=div%2Csplit,2026-09-13T02:13:15Z,11786
yahoo/CMI.json,https://query1.finance.yahoo.com/v8/finance/chart/CMI?period1=1543622400&period2=1789257600&interval=1mo&events=div%2Csplit,2026-09-13T02:13:18Z,12852
yahoo/CMS.json,https://query1.finance.yahoo.com/v8/finance/chart/CMS?period1=1543622400&period2=1789257600&interval=1mo&events=div%2Csplit,2026-09-13T02:13:20Z,12950
yahoo/CNC.json,https://query1.finance.yahoo.com/v8/finance/chart/CNC?period1=1543622400&period2=1789257600&interval=1mo&events=div%2Csplit,2026-09-13T02:13:20Z,11525
yahoo/CNP.json,https://query1.finance.yahoo.com/v8/finance/chart/CNP?period1=1543622400&period2=1789257600&interval=1mo&events=div%2Csplit,2026-09-13T02:13:21Z,13240
yahoo/COF.json,https://query1.finance.yahoo.com/v8/finance/chart/COF?period1=1543622400&period2=1789257600&interval=1mo&events=div%2Csplit,2026-09-13T02:13:21Z,12944
yahoo/COHR.json,https://query1.finance.yahoo.com/v8/finance/chart/COHR?period1=1543622400&period2=1789257600&interval=1mo&events=div%2Csplit,2026-09-13T02:13:22Z,11232
yahoo/COIN.json,https://query1.finance.yahoo.com/v8/finance/chart/COIN?period1=1543622400&period2=1789257600&interval=1mo&events=div%2Csplit,2026-09-13T02:13:22Z,8356
yahoo/COO.json,https://query1.finance.yahoo.com/v8/finance/chart/COO?period1=1543622400&period2=1789257600&interval=1mo&events=div%2Csplit,2026-09-13T02:13:22Z,11982
yahoo/COP.json,https://query1.finance.yahoo.com/v8/finance/chart/COP?period1=1543622400&period2=1789257600&interval=1mo&events=div%2Csplit,2026-09-13T02:13:23Z,13433
yahoo/COR.json,https://query1.finance.yahoo.com/v8/finance/chart/COR?period1=1543622400&period2=1789257600&interval=1mo&events=div%2Csplit,2026-09-13T02:13:26Z,13563
yahoo/COST.json,https://query1.finance.yahoo.com/v8/finance/chart/COST?period1=1543622400&period2=1789257600&interval=1mo&events=div%2Csplit,2026-09-13T02:13:27Z,12472
yahoo/CPAY.json,https://query1.finance.yahoo.com/v8/finance/chart/CPAY?period1=1543622400&period2=1789257600&interval=1mo&events=div%2Csplit,2026-09-13T02:13:27Z,11556
yahoo/CPRT.json,https://query1.finance.yahoo.com/v8/finance/chart/CPRT?period1=1543622400&period2=1789257600&interval=1mo&events=div%2Csplit,2026-09-13T02:13:28Z,11796
yahoo/CPT.json,https://query1.finance.yahoo.com/v8/finance/chart/CPT?period1=1543622400&period2=1789257600&interval=1mo&events=div%2Csplit,2026-09-13T02:13:28Z,13123
yahoo/CRH.json,https://query1.finance.yahoo.com/v8/finance/chart/CRH?period1=1543622400&period2=1789257600&interval=1mo&events=div%2Csplit,2026-09-13T02:13:29Z,12423
yahoo/CRL.json,https://query1.finance.yahoo.com/v8/finance/chart/CRL?period1=1543622400&period2=1789257600&interval=1mo&events=div%2Csplit,2026-09-13T02:13:29Z,11447
yahoo/CRM.json,https://query1.finance.yahoo.com/v8/finance/chart/CRM?period1=1543622400&period2=1789257600&interval=1mo&events=div%2Csplit,2026-09-13T02:13:30Z,11935
yahoo/CRWD.json,https://query1.finance.yahoo.com/v8/finance/chart/CRWD?period1=1543622400&period2=1789257600&interval=1mo&events=div%2Csplit,2026-09-13T02:13:30Z,10662
yahoo/CSCO.json,https://query1.finance.yahoo.com/v8/finance/chart/CSCO?period1=1543622400&period2=1789257600&interval=1mo&events=div%2Csplit,2026-09-13T02:13:30Z,13049
yahoo/CSGP.json,https://query1.finance.yahoo.com/v8/finance/chart/CSGP?period1=1543622400&period2=1789257600&interval=1mo&events=div%2Csplit,2026-09-13T02:13:31Z,11520
yahoo/CSX.json,https://query1.finance.yahoo.com/v8/finance/chart/CSX?period1=1543622400&period2=1789257600&interval=1mo&events=div%2Csplit,2026-09-13T02:13:31Z,13402
yahoo/CTAS.json,https://query1.finance.yahoo.com/v8/finance/chart/CTAS?period1=1543622400&period2=1789257600&interval=1mo&events=div%2Csplit,2026-09-13T02:13:35Z,12762
yahoo/CTSH.json,https://query1.finance.yahoo.com/v8/finance/chart/CTSH?period1=1543622400&period2=1789257600&interval=1mo&events=div%2Csplit,2026-09-13T02:13:35Z,12756
yahoo/CTVA.json,https://query1.finance.yahoo.com/v8/finance/chart/CTVA?period1=1543622400&period2=1789257600&interval=1mo&events=div%2Csplit,2026-09-13T02:13:37Z,12326
yahoo/CVNA.json,https://query1.finance.yahoo.com/v8/finance/chart/CVNA?period1=1543622400&period2=1789257600&interval=1mo&events=div%2Csplit,2026-09-13T02:13:37Z,11901
yahoo/CVS.json,https://query1.finance.yahoo.com/v8/finance/chart/CVS?period1=1543622400&period2=1789257600&interval=1mo&events=div%2Csplit,2026-09-13T02:13:38Z,12906
yahoo/CVX.json,https://query1.finance.yahoo.com/v8/finance/chart/CVX?period1=1543622400&period2=1789257600&interval=1mo&events=div%2Csplit,2026-09-13T02:13:38Z,13242
yahoo/D.json,https://query1.finance.yahoo.com/v8/finance/chart/D?period1=1543622400&period2=1789257600&interval=1mo&events=div%2Csplit,2026-09-13T02:13:39Z,12971
yahoo/DAL.json,https://query1.finance.yahoo.com/v8/finance/chart/DAL?period1=1543622400&period2=1789257600&interval=1mo&events=div%2Csplit,2026-09-13T02:13:39Z,12423
yahoo/DASH.json,https://query1.finance.yahoo.com/v8/finance/chart/DASH?period1=1543622400&period2=1789257600&interval=1mo&events=div%2Csplit,2026-09-13T02:13:39Z,8639
yahoo/DD.json,https://query1.finance.yahoo.com/v8/finance/chart/DD?period1=1543622400&period2=1789257600&interval=1mo&events=div%2Csplit,2026-09-13T02:13:47Z,13624
yahoo/DDOG.json,https://query1.finance.yahoo.com/v8/finance/chart/DDOG?period1=1543622400&period2=1789257600&interval=1mo&events=div%2Csplit,2026-09-13T02:13:47Z,10437
yahoo/DE.json,https://query1.finance.yahoo.com/v8/finance/chart/DE?period1=1543622400&period2=1789257600&interval=1mo&events=div%2Csplit,2026-09-13T02:13:48Z,12839
yahoo/DECK.json,https://query1.finance.yahoo.com/v8/finance/chart/DECK?period1=1543622400&period2=1789257600&interval=1mo&events=div%2Csplit,2026-09-13T02:13:48Z,11688
yahoo/DELL.json,https://query1.finance.yahoo.com/v8/finance/chart/DELL?period1=1543622400&period2=1789257600&interval=1mo&events=div%2Csplit,2026-09-13T02:13:49Z,12802
yahoo/DG.json,https://query1.finance.yahoo.com/v8/finance/chart/DG?period1=1543622400&period2=1789257600&interval=1mo&events=div%2Csplit,2026-09-13T02:13:49Z,13027
yahoo/DGX.json,https://query1.finance.yahoo.com/v8/finance/chart/DGX?period1=1543622400&period2=1789257600&interval=1mo&events=div%2Csplit,2026-09-13T02:13:50Z,13148
yahoo/DHI.json,https://query1.finance.yahoo.com/v8/finance/chart/DHI?period1=1543622400&period2=1789257600&interval=1mo&events=div%2Csplit,2026-09-13T02:13:50Z,12879
yahoo/DHR.json,https://query1.finance.yahoo.com/v8/finance/chart/DHR?period1=1543622400&period2=1789257600&interval=1mo&events=div%2Csplit,2026-09-13T02:13:50Z,13340
yahoo/DIS.json,https://query1.finance.yahoo.com/v8/finance/chart/DIS?period1=1543622400&period2=1789257600&interval=1mo&events=div%2Csplit,2026-09-13T02:13:51Z,12275
yahoo/DLR.json,https://query1.finance.yahoo.com/v8/finance/chart/DLR?period1=1543622400&period2=1789257600&interval=1mo&events=div%2Csplit,2026-09-13T02:13:55Z,13038
yahoo/DLTR.json,https://query1.finance.yahoo.com/v8/finance/chart/DLTR?period1=1543622400&period2=1789257600&interval=1mo&events=div%2Csplit,2026-09-13T02:13:56Z,11540
yahoo/DOC.json,https://query1.finance.yahoo.com/v8/finance/chart/DOC?period1=1543622400&period2=1789257600&interval=1mo&events=div%2Csplit,2026-09-13T02:13:56Z,13775
yahoo/DOV.json,https://query1.finance.yahoo.com/v8/finance/chart/DOV?period1=1543622400&period2=1789257600&interval=1mo&events=div%2Csplit,2026-09-13T02:13:57Z,13065
yahoo/DOW.json,https://query1.finance.yahoo.com/v8/finance/chart/DOW?period1=1543622400&period2=1789257600&interval=1mo&events=div%2Csplit,2026-09-13T02:14:04Z,12554
yahoo/DPZ.json,https://query1.finance.yahoo.com/v8/finance/chart/DPZ?period1=1543622400&period2=1789257600&interval=1mo&events=div%2Csplit,2026-09-13T02:14:05Z,12676
yahoo/DRI.json,https://query1.finance.yahoo.com/v8/finance/chart/DRI?period1=1543622400&period2=1789257600&interval=1mo&events=div%2Csplit,2026-09-13T02:14:05Z,12933
yahoo/DTE.json,https://query1.finance.yahoo.com/v8/finance/chart/DTE?period1=1543622400&period2=1789257600&interval=1mo&events=div%2Csplit,2026-09-13T02:14:06Z,13316
yahoo/DUK.json,https://query1.finance.yahoo.com/v8/finance/chart/DUK?period1=1543622400&period2=1789257600&interval=1mo&events=div%2Csplit,2026-09-13T02:14:06Z,12950
yahoo/DVA.json,https://query1.finance.yahoo.com/v8/finance/chart/DVA?period1=1543622400&period2=1789257600&interval=1mo&events=div%2Csplit,2026-09-13T02:14:07Z,11425
yahoo/DVN.json,https://query1.finance.yahoo.com/v8/finance/chart/DVN?period1=1543622400&period2=1789257600&interval=1mo&events=div%2Csplit,2026-09-13T02:14:07Z,13204
yahoo/DXCM.json,https://query1.finance.yahoo.com/v8/finance/chart/DXCM?period1=1543622400&period2=1789257600&interval=1mo&events=div%2Csplit,2026-09-13T02:14:14Z,11521
yahoo/EBAY.json,https://query1.finance.yahoo.com/v8/finance/chart/EBAY?period1=1543622400&period2=1789257600&interval=1mo&events=div%2Csplit,2026-09-13T02:14:15Z,12946
yahoo/ECHO.json,https://query1.finance.yahoo.com/v8/finance/chart/ECHO?period1=1543622400&period2=1789257600&interval=1mo&events=div%2Csplit,2026-09-13T02:14:15Z,11722
yahoo/ECL.json,https://query1.finance.yahoo.com/v8/finance/chart/ECL?period1=1543622400&period2=1789257600&interval=1mo&events=div%2Csplit,2026-09-13T02:14:16Z,13037
yahoo/ED.json,https://query1.finance.yahoo.com/v8/finance/chart/ED?period1=1543622400&period2=1789257600&interval=1mo&events=div%2Csplit,2026-09-13T02:14:16Z,12886
yahoo/EFX.json,https://query1.finance.yahoo.com/v8/finance/chart/EFX?period1=1543622400&period2=1789257600&interval=1mo&events=div%2Csplit,2026-09-13T02:14:17Z,13067
yahoo/EG.json,https://query1.finance.yahoo.com/v8/finance/chart/EG?period1=1543622400&period2=1789257600&interval=1mo&events=div%2Csplit,2026-09-13T02:14:17Z,12624
yahoo/EIX.json,https://query1.finance.yahoo.com/v8/finance/chart/EIX?period1=1543622400&period2=1789257600&interval=1mo&events=div%2Csplit,2026-09-13T02:14:18Z,12767
yahoo/EL.json,https://query1.finance.yahoo.com/v8/finance/chart/EL?period1=1543622400&period2=1789257600&interval=1mo&events=div%2Csplit,2026-09-13T02:14:25Z,13058
yahoo/ELV.json,https://query1.finance.yahoo.com/v8/finance/chart/ELV?period1=1543622400&period2=1789257600&interval=1mo&events=div%2Csplit,2026-09-13T02:14:26Z,12802
yahoo/EME.json,https://query1.finance.yahoo.com/v8/finance/chart/EME?period1=1543622400&period2=1789257600&interval=1mo&events=div%2Csplit,2026-09-13T02:14:26Z,12782
yahoo/EMR.json,https://query1.finance.yahoo.com/v8/finance/chart/EMR?period1=1543622400&period2=1789257600&interval=1mo&events=div%2Csplit,2026-09-13T02:14:27Z,12949
yahoo/EOG.json,https://query1.finance.yahoo.com/v8/finance/chart/EOG?period1=1543622400&period2=1789257600&interval=1mo&events=div%2Csplit,2026-09-13T02:14:27Z,13393
yahoo/EQIX.json,https://query1.finance.yahoo.com/v8/finance/chart/EQIX?period1=1543622400&period2=1789257600&interval=1mo&events=div%2Csplit,2026-09-13T02:14:28Z,12563
yahoo/EQT.json,https://query1.finance.yahoo.com/v8/finance/chart/EQT?period1=1543622400&period2=1789257600&interval=1mo&events=div%2Csplit,2026-09-13T02:14:28Z,12775
yahoo/ERIE.json,https://query1.finance.yahoo.com/v8/finance/chart/ERIE?period1=1543622400&period2=1789257600&interval=1mo&events=div%2Csplit,2026-09-13T02:14:36Z,12901
yahoo/ES.json,https://query1.finance.yahoo.com/v8/finance/chart/ES?period1=1543622400&period2=1789257600&interval=1mo&events=div%2Csplit,2026-09-13T02:14:36Z,12908
yahoo/ESS.json,https://query1.finance.yahoo.com/v8/finance/chart/ESS?period1=1543622400&period2=1789257600&interval=1mo&events=div%2Csplit,2026-09-13T02:14:37Z,12961
yahoo/ETN.json,https://query1.finance.yahoo.com/v8/finance/chart/ETN?period1=1543622400&period2=1789257600&interval=1mo&events=div%2Csplit,2026-09-13T02:14:38Z,12919
yahoo/ETR.json,https://query1.finance.yahoo.com/v8/finance/chart/ETR?period1=1543622400&period2=1789257600&interval=1mo&events=div%2Csplit,2026-09-13T02:14:38Z,13094
yahoo/EVRG.json,https://query1.finance.yahoo.com/v8/finance/chart/EVRG?period1=1543622400&period2=1789257600&interval=1mo&events=div%2Csplit,2026-09-13T02:14:39Z,12899
yahoo/EW.json,https://query1.finance.yahoo.com/v8/finance/chart/EW?period1=1543622400&period2=1789257600&interval=1mo&events=div%2Csplit,2026-09-13T02:14:39Z,11417
yahoo/EXC.json,https://query1.finance.yahoo.com/v8/finance/chart/EXC?period1=1543622400&period2=1789257600&interval=1mo&events=div%2Csplit,2026-09-13T02:14:40Z,13373
yahoo/EXE.json,https://query1.finance.yahoo.com/v8/finance/chart/EXE?period1=1543622400&period2=1789257600&interval=1mo&events=div%2Csplit,2026-09-13T02:14:43Z,9583
yahoo/EXPD.json,https://query1.finance.yahoo.com/v8/finance/chart/EXPD?period1=1543622400&period2=1789257600&interval=1mo&events=div%2Csplit,2026-09-13T02:14:44Z,12305
yahoo/EXPE.json,https://query1.finance.yahoo.com/v8/finance/chart/EXPE?period1=1543622400&period2=1789257600&interval=1mo&events=div%2Csplit,2026-09-13T02:14:44Z,12037
yahoo/EXR.json,https://query1.finance.yahoo.com/v8/finance/chart/EXR?period1=1543622400&period2=1789257600&interval=1mo&events=div%2Csplit,2026-09-13T02:14:45Z,13140
yahoo/F.json,https://query1.finance.yahoo.com/v8/finance/chart/F?period1=1543622400&period2=1789257600&interval=1mo&events=div%2Csplit,2026-09-13T02:14:45Z,12972
yahoo/FANG.json,https://query1.finance.yahoo.com/v8/finance/chart/FANG?period1=1543622400&period2=1789257600&interval=1mo&events=div%2Csplit,2026-09-13T02:14:46Z,13013
yahoo/FAST.json,https://query1.finance.yahoo.com/v8/finance/chart/FAST?period1=1543622400&period2=1789257600&interval=1mo&events=div%2Csplit,2026-09-13T02:14:46Z,13541
yahoo/FCX.json,https://query1.finance.yahoo.com/v8/finance/chart/FCX?period1=1543622400&period2=1789257600&interval=1mo&events=div%2Csplit,2026-09-13T02:14:47Z,13004
yahoo/FDS.json,https://query1.finance.yahoo.com/v8/finance/chart/FDS?period1=1543622400&period2=1789257600&interval=1mo&events=div%2Csplit,2026-09-13T02:14:54Z,12863
yahoo/FDX.json,https://query1.finance.yahoo.com/v8/finance/chart/FDX?period1=1543622400&period2=1789257600&interval=1mo&events=div%2Csplit,2026-09-13T02:14:55Z,13510
yahoo/FDXF.json,https://query1.finance.yahoo.com/v8/finance/chart/FDXF?period1=1543622400&period2=1789257600&interval=1mo&events=div%2Csplit,2026-09-13T02:14:55Z,1779
yahoo/FE.json,https://query1.finance.yahoo.com/v8/finance/chart/FE?period1=1543622400&period2=1789257600&interval=1mo&events=div%2Csplit,2026-09-13T02:14:56Z,13047
yahoo/FERG.json,https://query1.finance.yahoo.com/v8/finance/chart/FERG?period1=1543622400&period2=1789257600&interval=1mo&events=div%2Csplit,2026-09-13T02:14:56Z,12277
yahoo/FFIV.json,https://query1.finance.yahoo.com/v8/finance/chart/FFIV?period1=1543622400&period2=1789257600&interval=1mo&events=div%2Csplit,2026-09-13T02:14:57Z,11439
yahoo/FICO.json,https://query1.finance.yahoo.com/v8/finance/chart/FICO?period1=1543622400&period2=1789257600&interval=1mo&events=div%2Csplit,2026-09-13T02:14:57Z,11127
yahoo/FIS.json,https://query1.finance.yahoo.com/v8/finance/chart/FIS?period1=1543622400&period2=1789257600&interval=1mo&events=div%2Csplit,2026-09-13T02:14:58Z,13009
yahoo/FISV.json,https://query1.finance.yahoo.com/v8/finance/chart/FISV?period1=1543622400&period2=1789257600&interval=1mo&events=div%2Csplit,2026-09-13T02:15:01Z,11501
yahoo/FITB.json,https://query1.finance.yahoo.com/v8/finance/chart/FITB?period1=1543622400&period2=1789257600&interval=1mo&events=div%2Csplit,2026-09-13T02:15:03Z,13177
yahoo/FIX.json,https://query1.finance.yahoo.com/v8/finance/chart/FIX?period1=1543622400&period2=1789257600&interval=1mo&events=div%2Csplit,2026-09-13T02:15:03Z,12717
yahoo/FLEX.json,https://query1.finance.yahoo.com/v8/finance/chart/FLEX?period1=1543622400&period2=1789257600&interval=1mo&events=div%2Csplit,2026-09-13T02:15:04Z,11921
yahoo/FOX.json,https://query1.finance.yahoo.com/v8/finance/chart/FOX?period1=1543622400&period2=1789257600&interval=1mo&events=div%2Csplit,2026-09-13T02:15:11Z,12092
yahoo/FOXA.json,https://query1.finance.yahoo.com/v8/finance/chart/FOXA?period1=1543622400&period2=1789257600&interval=1mo&events=div%2Csplit,2026-09-13T02:15:12Z,12033
yahoo/FRT.json,https://query1.finance.yahoo.com/v8/finance/chart/FRT?period1=1543622400&period2=1789257600&interval=1mo&events=div%2Csplit,2026-09-13T02:15:12Z,13149
yahoo/FSLR.json,https://query1.finance.yahoo.com/v8/finance/chart/FSLR?period1=1543622400&period2=1789257600&interval=1mo&events=div%2Csplit,2026-09-13T02:15:13Z,11318
yahoo/FTNT.json,https://query1.finance.yahoo.com/v8/finance/chart/FTNT?period1=1543622400&period2=1789257600&interval=1mo&events=div%2Csplit,2026-09-13T02:15:13Z,11860
yahoo/FTV.json,https://query1.finance.yahoo.com/v8/finance/chart/FTV?period1=1543622400&period2=1789257600&interval=1mo&events=div%2Csplit,2026-09-13T02:15:14Z,13491
yahoo/GD.json,https://query1.finance.yahoo.com/v8/finance/chart/GD?period1=1543622400&period2=1789257600&interval=1mo&events=div%2Csplit,2026-09-13T02:15:14Z,12919
yahoo/GDDY.json,https://query1.finance.yahoo.com/v8/finance/chart/GDDY?period1=1543622400&period2=1789257600&interval=1mo&events=div%2Csplit,2026-09-13T02:15:14Z,11294
yahoo/GE.json,https://query1.finance.yahoo.com/v8/finance/chart/GE?period1=1543622400&period2=1789257600&interval=1mo&events=div%2Csplit,2026-09-13T02:15:15Z,13659
yahoo/GEHC.json,https://query1.finance.yahoo.com/v8/finance/chart/GEHC?period1=1543622400&period2=1789257600&interval=1mo&events=div%2Csplit,2026-09-13T02:15:19Z,6733
yahoo/GEN.json,https://query1.finance.yahoo.com/v8/finance/chart/GEN?period1=1543622400&period2=1789257600&interval=1mo&events=div%2Csplit,2026-09-13T02:15:22Z,13325
yahoo/GEV.json,https://query1.finance.yahoo.com/v8/finance/chart/GEV?period1=1543622400&period2=1789257600&interval=1mo&events=div%2Csplit,2026-09-13T02:15:23Z,4741
yahoo/GILD.json,https://query1.finance.yahoo.com/v8/finance/chart/GILD?period1=1543622400&period2=1789257600&interval=1mo&events=div%2Csplit,2026-09-13T02:15:23Z,12921
yahoo/GIS.json,https://query1.finance.yahoo.com/v8/finance/chart/GIS?period1=1543622400&period2=1789257600&interval=1mo&events=div%2Csplit,2026-09-13T02:15:24Z,12970
yahoo/GL.json,https://query1.finance.yahoo.com/v8/finance/chart/GL?period1=1543622400&period2=1789257600&interval=1mo&events=div%2Csplit,2026-09-13T02:15:24Z,12924
yahoo/GLW.json,https://query1.finance.yahoo.com/v8/finance/chart/GLW?period1=1543622400&period2=1789257600&interval=1mo&events=div%2Csplit,2026-09-13T02:15:25Z,13010
yahoo/GM.json,https://query1.finance.yahoo.com/v8/finance/chart/GM?period1=1543622400&period2=1789257600&interval=1mo&events=div%2Csplit,2026-09-13T02:15:25Z,12635
yahoo/GNRC.json,https://query1.finance.yahoo.com/v8/finance/chart/GNRC?period1=1543622400&period2=1789257600&interval=1mo&events=div%2Csplit,2026-09-13T02:15:25Z,11417
yahoo/GOOG.json,https://query1.finance.yahoo.com/v8/finance/chart/GOOG?period1=1543622400&period2=1789257600&interval=1mo&events=div%2Csplit,2026-09-13T02:15:26Z,12373
yahoo/GOOGL.json,https://query1.finance.yahoo.com/v8/finance/chart/GOOGL?period1=1543622400&period2=1789257600&interval=1mo&events=div%2Csplit,2026-09-13T02:15:33Z,12220
yahoo/GPC.json,https://query1.finance.yahoo.com/v8/finance/chart/GPC?period1=1543622400&period2=1789257600&interval=1mo&events=div%2Csplit,2026-09-13T02:15:34Z,13195
yahoo/GPN.json,https://query1.finance.yahoo.com/v8/finance/chart/GPN?period1=1543622400&period2=1789257600&interval=1mo&events=div%2Csplit,2026-09-13T02:15:35Z,13117
yahoo/GRMN.json,https://query1.finance.yahoo.com/v8/finance/chart/GRMN?period1=1543622400&period2=1789257600&interval=1mo&events=div%2Csplit,2026-09-13T02:15:35Z,12912
yahoo/GS.json,https://query1.finance.yahoo.com/v8/finance/chart/GS?period1=1543622400&period2=1789257600&interval=1mo&events=div%2Csplit,2026-09-13T02:15:36Z,12538
yahoo/GWW.json,https://query1.finance.yahoo.com/v8/finance/chart/GWW?period1=1543622400&period2=1789257600&interval=1mo&events=div%2Csplit,2026-09-13T02:15:36Z,12656
yahoo/HAL.json,https://query1.finance.yahoo.com/v8/finance/chart/HAL?period1=1543622400&period2=1789257600&interval=1mo&events=div%2Csplit,2026-09-13T02:15:37Z,13213
yahoo/HAS.json,https://query1.finance.yahoo.com/v8/finance/chart/HAS?period1=1543622400&period2=1789257600&interval=1mo&events=div%2Csplit,2026-09-13T02:15:37Z,12746
yahoo/HBAN.json,https://query1.finance.yahoo.com/v8/finance/chart/HBAN?period1=1543622400&period2=1789257600&interval=1mo&events=div%2Csplit,2026-09-13T02:15:38Z,13244
yahoo/HCA.json,https://query1.finance.yahoo.com/v8/finance/chart/HCA?period1=1543622400&period2=1789257600&interval=1mo&events=div%2Csplit,2026-09-13T02:15:41Z,12920
yahoo/HD.json,https://query1.finance.yahoo.com/v8/finance/chart/HD?period1=1543622400&period2=1789257600&interval=1mo&events=div%2Csplit,2026-09-13T02:15:45Z,12896
yahoo/HIG.json,https://query1.finance.yahoo.com/v8/finance/chart/HIG?period1=1543622400&period2=1789257600&interval=1mo&events=div%2Csplit,2026-09-13T02:15:49Z,13067
yahoo/HII.json,https://query1.finance.yahoo.com/v8/finance/chart/HII?period1=1543622400&period2=1789257600&interval=1mo&events=div%2Csplit,2026-09-13T02:15:49Z,12850
yahoo/HLT.json,https://query1.finance.yahoo.com/v8/finance/chart/HLT?period1=1543622400&period2=1789257600&interval=1mo&events=div%2Csplit,2026-09-13T02:15:49Z,12678
yahoo/HON.json,https://query1.finance.yahoo.com/v8/finance/chart/HON?period1=1543622400&period2=1789257600&interval=1mo&events=div%2Csplit,2026-09-13T02:15:50Z,13700
yahoo/HONA.json,https://query1.finance.yahoo.com/v8/finance/chart/HONA?period1=1543622400&period2=1789257600&interval=1mo&events=div%2Csplit,2026-09-13T02:15:53Z,1713
yahoo/HOOD.json,https://query1.finance.yahoo.com/v8/finance/chart/HOOD?period1=1543622400&period2=1789257600&interval=1mo&events=div%2Csplit,2026-09-13T02:15:57Z,8208
yahoo/HPE.json,https://query1.finance.yahoo.com/v8/finance/chart/HPE?period1=1543622400&period2=1789257600&interval=1mo&events=div%2Csplit,2026-09-13T02:15:57Z,13344
yahoo/HPQ.json,https://query1.finance.yahoo.com/v8/finance/chart/HPQ?period1=1543622400&period2=1789257600&interval=1mo&events=div%2Csplit,2026-09-13T02:15:58Z,13295
yahoo/HRL.json,https://query1.finance.yahoo.com/v8/finance/chart/HRL?period1=1543622400&period2=1789257600&interval=1mo&events=div%2Csplit,2026-09-13T02:15:58Z,13146
yahoo/HSIC.json,https://query1.finance.yahoo.com/v8/finance/chart/HSIC?period1=1543622400&period2=1789257600&interval=1mo&events=div%2Csplit,2026-09-13T02:16:00Z,11414
yahoo/HST.json,https://query1.finance.yahoo.com/v8/finance/chart/HST?period1=1543622400&period2=1789257600&interval=1mo&events=div%2Csplit,2026-09-13T02:16:00Z,13036
yahoo/HSY.json,https://query1.finance.yahoo.com/v8/finance/chart/HSY?period1=1543622400&period2=1789257600&interval=1mo&events=div%2Csplit,2026-09-13T02:16:01Z,13120
yahoo/HUBB.json,https://query1.finance.yahoo.com/v8/finance/chart/HUBB?period1=1543622400&period2=1789257600&interval=1mo&events=div%2Csplit,2026-09-13T02:16:04Z,13013
yahoo/HUM.json,https://query1.finance.yahoo.com/v8/finance/chart/HUM?period1=1543622400&period2=1789257600&interval=1mo&events=div%2Csplit,2026-09-13T02:16:05Z,12640
yahoo/HWM.json,https://query1.finance.yahoo.com/v8/finance/chart/HWM?period1=1543622400&period2=1789257600&interval=1mo&events=div%2Csplit,2026-09-13T02:16:06Z,12917
yahoo/IBKR.json,https://query1.finance.yahoo.com/v8/finance/chart/IBKR?period1=1543622400&period2=1789257600&interval=1mo&events=div%2Csplit,2026-09-13T02:16:14Z,13157
yahoo/IBM.json,https://query1.finance.yahoo.com/v8/finance/chart/IBM?period1=1543622400&period2=1789257600&interval=1mo&events=div%2Csplit,2026-09-13T02:16:15Z,13370
yahoo/ICE.json,https://query1.finance.yahoo.com/v8/finance/chart/ICE?period1=1543622400&period2=1789257600&interval=1mo&events=div%2Csplit,2026-09-13T02:16:15Z,13163
yahoo/IDXX.json,https://query1.finance.yahoo.com/v8/finance/chart/IDXX?period1=1543622400&period2=1789257600&interval=1mo&events=div%2Csplit,2026-09-13T02:16:15Z,11165
yahoo/IEX.json,https://query1.finance.yahoo.com/v8/finance/chart/IEX?period1=1543622400&period2=1789257600&interval=1mo&events=div%2Csplit,2026-09-13T02:16:16Z,13014
yahoo/IFF.json,https://query1.finance.yahoo.com/v8/finance/chart/IFF?period1=1543622400&period2=1789257600&interval=1mo&events=div%2Csplit,2026-09-13T02:16:16Z,13014
yahoo/INCY.json,https://query1.finance.yahoo.com/v8/finance/chart/INCY?period1=1543622400&period2=1789257600&interval=1mo&events=div%2Csplit,2026-09-13T02:16:17Z,11174
yahoo/INTC.json,https://query1.finance.yahoo.com/v8/finance/chart/INTC?period1=1543622400&period2=1789257600&interval=1mo&events=div%2Csplit,2026-09-13T02:16:17Z,12764
yahoo/INTU.json,https://query1.finance.yahoo.com/v8/finance/chart/INTU?period1=1543622400&period2=1789257600&interval=1mo&events=div%2Csplit,2026-09-13T02:16:18Z,12699
yahoo/INVH.json,https://query1.finance.yahoo.com/v8/finance/chart/INVH?period1=1543622400&period2=1789257600&interval=1mo&events=div%2Csplit,2026-09-13T02:16:18Z,13173
yahoo/IP.json,https://query1.finance.yahoo.com/v8/finance/chart/IP?period1=1543622400&period2=1789257600&interval=1mo&events=div%2Csplit,2026-09-13T02:16:22Z,13238
yahoo/IQV.json,https://query1.finance.yahoo.com/v8/finance/chart/IQV?period1=1543622400&period2=1789257600&interval=1mo&events=div%2Csplit,2026-09-13T02:16:22Z,11555
yahoo/IR.json,https://query1.finance.yahoo.com/v8/finance/chart/IR?period1=1543622400&period2=1789257600&interval=1mo&events=div%2Csplit,2026-09-13T02:16:22Z,12580
yahoo/IRM.json,https://query1.finance.yahoo.com/v8/finance/chart/IRM?period1=1543622400&period2=1789257600&interval=1mo&events=div%2Csplit,2026-09-13T02:16:23Z,12967
yahoo/ISRG.json,https://query1.finance.yahoo.com/v8/finance/chart/ISRG?period1=1543622400&period2=1789257600&interval=1mo&events=div%2Csplit,2026-09-13T02:16:23Z,11473
yahoo/IT.json,https://query1.finance.yahoo.com/v8/finance/chart/IT?period1=1543622400&period2=1789257600&interval=1mo&events=div%2Csplit,2026-09-13T02:16:24Z,11487
yahoo/ITW.json,https://query1.finance.yahoo.com/v8/finance/chart/ITW?period1=1543622400&period2=1789257600&interval=1mo&events=div%2Csplit,2026-09-13T02:16:24Z,13045
yahoo/IVZ.json,https://query1.finance.yahoo.com/v8/finance/chart/IVZ?period1=1543622400&period2=1789257600&interval=1mo&events=div%2Csplit,2026-09-13T02:16:25Z,13320
yahoo/J.json,https://query1.finance.yahoo.com/v8/finance/chart/J?period1=1543622400&period2=1789257600&interval=1mo&events=div%2Csplit,2026-09-13T02:16:25Z,13572
yahoo/JBHT.json,https://query1.finance.yahoo.com/v8/finance/chart/JBHT?period1=1543622400&period2=1789257600&interval=1mo&events=div%2Csplit,2026-09-13T02:16:29Z,13006
yahoo/JBL.json,https://query1.finance.yahoo.com/v8/finance/chart/JBL?period1=1543622400&period2=1789257600&interval=1mo&events=div%2Csplit,2026-09-13T02:16:30Z,12920
yahoo/JCI.json,https://query1.finance.yahoo.com/v8/finance/chart/JCI?period1=1543622400&period2=1789257600&interval=1mo&events=div%2Csplit,2026-09-13T02:16:32Z,13013
yahoo/JKHY.json,https://query1.finance.yahoo.com/v8/finance/chart/JKHY?period1=1543622400&period2=1789257600&interval=1mo&events=div%2Csplit,2026-09-13T02:16:32Z,13267
yahoo/JNJ.json,https://query1.finance.yahoo.com/v8/finance/chart/JNJ?period1=1543622400&period2=1789257600&interval=1mo&events=div%2Csplit,2026-09-13T02:16:33Z,13052
yahoo/JPM.json,https://query1.finance.yahoo.com/v8/finance/chart/JPM?period1=1543622400&period2=1789257600&interval=1mo&events=div%2Csplit,2026-09-13T02:16:33Z,13035
yahoo/KDP.json,https://query1.finance.yahoo.com/v8/finance/chart/KDP?period1=1543622400&period2=1789257600&interval=1mo&events=div%2Csplit,2026-09-13T02:16:37Z,13161
yahoo/KEY.json,https://query1.finance.yahoo.com/v8/finance/chart/KEY?period1=1543622400&period2=1789257600&interval=1mo&events=div%2Csplit,2026-09-13T02:16:38Z,13283
yahoo/KEYS.json,https://query1.finance.yahoo.com/v8/finance/chart/KEYS?period1=1543622400&period2=1789257600&interval=1mo&events=div%2Csplit,2026-09-13T02:16:39Z,11446
yahoo/KHC.json,https://query1.finance.yahoo.com/v8/finance/chart/KHC?period1=1543622400&period2=1789257600&interval=1mo&events=div%2Csplit,2026-09-13T02:16:39Z,13186
yahoo/KIM.json,https://query1.finance.yahoo.com/v8/finance/chart/KIM?period1=1543622400&period2=1789257600&interval=1mo&events=div%2Csplit,2026-09-13T02:16:47Z,13265
yahoo/KKR.json,https://query1.finance.yahoo.com/v8/finance/chart/KKR?period1=1543622400&period2=1789257600&interval=1mo&events=div%2Csplit,2026-09-13T02:16:47Z,13009
yahoo/KLAC.json,https://query1.finance.yahoo.com/v8/finance/chart/KLAC?period1=1543622400&period2=1789257600&interval=1mo&events=div%2Csplit,2026-09-13T02:16:48Z,13392
yahoo/KMB.json,https://query1.finance.yahoo.com/v8/finance/chart/KMB?period1=1543622400&period2=1789257600&interval=1mo&events=div%2Csplit,2026-09-13T02:16:48Z,13171
yahoo/KMI.json,https://query1.finance.yahoo.com/v8/finance/chart/KMI?period1=1543622400&period2=1789257600&interval=1mo&events=div%2Csplit,2026-09-13T02:16:49Z,13246
yahoo/KO.json,https://query1.finance.yahoo.com/v8/finance/chart/KO?period1=1543622400&period2=1789257600&interval=1mo&events=div%2Csplit,2026-09-13T02:16:49Z,13056
yahoo/KR.json,https://query1.finance.yahoo.com/v8/finance/chart/KR?period1=1543622400&period2=1789257600&interval=1mo&events=div%2Csplit,2026-09-13T02:16:50Z,13033
yahoo/KVUE.json,https://query1.finance.yahoo.com/v8/finance/chart/KVUE?period1=1543622400&period2=1789257600&interval=1mo&events=div%2Csplit,2026-09-13T02:16:57Z,6502
yahoo/L.json,https://query1.finance.yahoo.com/v8/finance/chart/L?period1=1543622400&period2=1789257600&interval=1mo&events=div%2Csplit,2026-09-13T02:16:58Z,13041
yahoo/LDOS.json,https://query1.finance.yahoo.com/v8/finance/chart/LDOS?period1=1543622400&period2=1789257600&interval=1mo&events=div%2Csplit,2026-09-13T02:16:58Z,12849
yahoo/LEN.json,https://query1.finance.yahoo.com/v8/finance/chart/LEN?period1=1543622400&period2=1789257600&interval=1mo&events=div%2Csplit,2026-09-13T02:16:58Z,13330
yahoo/LH.json,https://query1.finance.yahoo.com/v8/finance/chart/LH?period1=1543622400&period2=1789257600&interval=1mo&events=div%2Csplit,2026-09-13T02:16:59Z,12758
yahoo/LHX.json,https://query1.finance.yahoo.com/v8/finance/chart/LHX?period1=1543622400&period2=1789257600&interval=1mo&events=div%2Csplit,2026-09-13T02:17:00Z,12985
yahoo/LII.json,https://query1.finance.yahoo.com/v8/finance/chart/LII?period1=1543622400&period2=1789257600&interval=1mo&events=div%2Csplit,2026-09-13T02:17:00Z,12784
yahoo/LIN.json,https://query1.finance.yahoo.com/v8/finance/chart/LIN?period1=1543622400&period2=1789257600&interval=1mo&events=div%2Csplit,2026-09-13T02:17:01Z,12932
yahoo/LITE.json,https://query1.finance.yahoo.com/v8/finance/chart/LITE?period1=1543622400&period2=1789257600&interval=1mo&events=div%2Csplit,2026-09-13T02:17:01Z,11018
yahoo/LLY.json,https://query1.finance.yahoo.com/v8/finance/chart/LLY?period1=1543622400&period2=1789257600&interval=1mo&events=div%2Csplit,2026-09-13T02:17:02Z,12742
yahoo/LMT.json,https://query1.finance.yahoo.com/v8/finance/chart/LMT?period1=1543622400&period2=1789257600&interval=1mo&events=div%2Csplit,2026-09-13T02:17:02Z,12739
yahoo/LNT.json,https://query1.finance.yahoo.com/v8/finance/chart/LNT?period1=1543622400&period2=1789257600&interval=1mo&events=div%2Csplit,2026-09-13T02:17:03Z,13052
yahoo/LOW.json,https://query1.finance.yahoo.com/v8/finance/chart/LOW?period1=1543622400&period2=1789257600&interval=1mo&events=div%2Csplit,2026-09-13T02:17:03Z,12969
yahoo/LRCX.json,https://query1.finance.yahoo.com/v8/finance/chart/LRCX?period1=1543622400&period2=1789257600&interval=1mo&events=div%2Csplit,2026-09-13T02:17:04Z,13239
yahoo/LULU.json,https://query1.finance.yahoo.com/v8/finance/chart/LULU?period1=1543622400&period2=1789257600&interval=1mo&events=div%2Csplit,2026-09-13T02:17:04Z,11394
yahoo/LUV.json,https://query1.finance.yahoo.com/v8/finance/chart/LUV?period1=1543622400&period2=1789257600&interval=1mo&events=div%2Csplit,2026-09-13T02:17:08Z,12723
yahoo/LVS.json,https://query1.finance.yahoo.com/v8/finance/chart/LVS?period1=1543622400&period2=1789257600&interval=1mo&events=div%2Csplit,2026-09-13T02:17:08Z,12516
yahoo/LYB.json,https://query1.finance.yahoo.com/v8/finance/chart/LYB?period1=1543622400&period2=1789257600&interval=1mo&events=div%2Csplit,2026-09-13T02:17:10Z,12889
yahoo/LYV.json,https://query1.finance.yahoo.com/v8/finance/chart/LYV?period1=1543622400&period2=1789257600&interval=1mo&events=div%2Csplit,2026-09-13T02:17:10Z,11141
yahoo/MA.json,https://query1.finance.yahoo.com/v8/finance/chart/MA?period1=1543622400&period2=1789257600&interval=1mo&events=div%2Csplit,2026-09-13T02:17:11Z,12796
yahoo/MAA.json,https://query1.finance.yahoo.com/v8/finance/chart/MAA?period1=1543622400&period2=1789257600&interval=1mo&events=div%2Csplit,2026-09-13T02:17:11Z,13224
yahoo/MAR.json,https://query1.finance.yahoo.com/v8/finance/chart/MAR?period1=1543622400&period2=1789257600&interval=1mo&events=div%2Csplit,2026-09-13T02:17:15Z,12656
yahoo/MAS.json,https://query1.finance.yahoo.com/v8/finance/chart/MAS?period1=1543622400&period2=1789257600&interval=1mo&events=div%2Csplit,2026-09-13T02:17:16Z,12967
yahoo/MCD.json,https://query1.finance.yahoo.com/v8/finance/chart/MCD?period1=1543622400&period2=1789257600&interval=1mo&events=div%2Csplit,2026-09-13T02:17:17Z,12989
yahoo/MCHP.json,https://query1.finance.yahoo.com/v8/finance/chart/MCHP?period1=1543622400&period2=1789257600&interval=1mo&events=div%2Csplit,2026-09-13T02:17:17Z,13112
yahoo/MCK.json,https://query1.finance.yahoo.com/v8/finance/chart/MCK?period1=1543622400&period2=1789257600&interval=1mo&events=div%2Csplit,2026-09-13T02:17:18Z,12758
yahoo/MCO.json,https://query1.finance.yahoo.com/v8/finance/chart/MCO?period1=1543622400&period2=1789257600&interval=1mo&events=div%2Csplit,2026-09-13T02:17:18Z,12810
yahoo/MDLZ.json,https://query1.finance.yahoo.com/v8/finance/chart/MDLZ?period1=1543622400&period2=1789257600&interval=1mo&events=div%2Csplit,2026-09-13T02:17:19Z,13107
yahoo/MDT.json,https://query1.finance.yahoo.com/v8/finance/chart/MDT?period1=1543622400&period2=1789257600&interval=1mo&events=div%2Csplit,2026-09-13T02:17:26Z,12907
yahoo/MET.json,https://query1.finance.yahoo.com/v8/finance/chart/MET?period1=1543622400&period2=1789257600&interval=1mo&events=div%2Csplit,2026-09-13T02:17:27Z,12879
yahoo/META.json,https://query1.finance.yahoo.com/v8/finance/chart/META?period1=1543622400&period2=1789257600&interval=1mo&events=div%2Csplit,2026-09-13T02:17:27Z,11936
yahoo/MGM.json,https://query1.finance.yahoo.com/v8/finance/chart/MGM?period1=1543622400&period2=1789257600&interval=1mo&events=div%2Csplit,2026-09-13T02:17:28Z,12449
yahoo/MKC.json,https://query1.finance.yahoo.com/v8/finance/chart/MKC?period1=1543622400&period2=1789257600&interval=1mo&events=div%2Csplit,2026-09-13T02:17:28Z,12934
yahoo/MLM.json,https://query1.finance.yahoo.com/v8/finance/chart/MLM?period1=1543622400&period2=1789257600&interval=1mo&events=div%2Csplit,2026-09-13T02:17:29Z,12800
yahoo/MMM.json,https://query1.finance.yahoo.com/v8/finance/chart/MMM?period1=1543622400&period2=1789257600&interval=1mo&events=div%2Csplit,2026-09-13T02:17:29Z,13391
yahoo/MNST.json,https://query1.finance.yahoo.com/v8/finance/chart/MNST?period1=1543622400&period2=1789257600&interval=1mo&events=div%2Csplit,2026-09-13T02:17:30Z,11984
yahoo/MO.json,https://query1.finance.yahoo.com/v8/finance/chart/MO?period1=1543622400&period2=1789257600&interval=1mo&events=div%2Csplit,2026-09-13T02:17:30Z,13062
yahoo/MOS.json,https://query1.finance.yahoo.com/v8/finance/chart/MOS?period1=1543622400&period2=1789257600&interval=1mo&events=div%2Csplit,2026-09-13T02:17:34Z,13204
yahoo/MPC.json,https://query1.finance.yahoo.com/v8/finance/chart/MPC?period1=1543622400&period2=1789257600&interval=1mo&events=div%2Csplit,2026-09-13T02:17:34Z,13050
yahoo/MPWR.json,https://query1.finance.yahoo.com/v8/finance/chart/MPWR?period1=1543622400&period2=1789257600&interval=1mo&events=div%2Csplit,2026-09-13T02:17:35Z,12641
yahoo/MRK.json,https://query1.finance.yahoo.com/v8/finance/chart/MRK?period1=1543622400&period2=1789257600&interval=1mo&events=div%2Csplit,2026-09-13T02:17:35Z,13229
yahoo/MRNA.json,https://query1.finance.yahoo.com/v8/finance/chart/MRNA?period1=1543622400&period2=1789257600&interval=1mo&events=div%2Csplit,2026-09-13T02:17:36Z,11382
yahoo/MRSH.json,https://query1.finance.yahoo.com/v8/finance/chart/MRSH?period1=1543622400&period2=1789257600&interval=1mo&events=div%2Csplit,2026-09-13T02:17:36Z,13128
yahoo/MRVL.json,https://query1.finance.yahoo.com/v8/finance/chart/MRVL?period1=1543622400&period2=1789257600&interval=1mo&events=div%2Csplit,2026-09-13T02:17:44Z,13152
yahoo/MS.json,https://query1.finance.yahoo.com/v8/finance/chart/MS?period1=1543622400&period2=1789257600&interval=1mo&events=div%2Csplit,2026-09-13T02:17:44Z,13037
yahoo/MSCI.json,https://query1.finance.yahoo.com/v8/finance/chart/MSCI?period1=1543622400&period2=1789257600&interval=1mo&events=div%2Csplit,2026-09-13T02:17:44Z,12688
yahoo/MSFT.json,https://query1.finance.yahoo.com/v8/finance/chart/MSFT?period1=1543622400&period2=1789257600&interval=1mo&events=div%2Csplit,2026-09-13T02:17:45Z,13013
yahoo/MSI.json,https://query1.finance.yahoo.com/v8/finance/chart/MSI?period1=1543622400&period2=1789257600&interval=1mo&events=div%2Csplit,2026-09-13T02:17:45Z,12992
yahoo/MTB.json,https://query1.finance.yahoo.com/v8/finance/chart/MTB?period1=1543622400&period2=1789257600&interval=1mo&events=div%2Csplit,2026-09-13T02:17:46Z,13087
yahoo/MTD.json,https://query1.finance.yahoo.com/v8/finance/chart/MTD?period1=1543622400&period2=1789257600&interval=1mo&events=div%2Csplit,2026-09-13T02:17:46Z,11106
yahoo/MU.json,https://query1.finance.yahoo.com/v8/finance/chart/MU?period1=1543622400&period2=1789257600&interval=1mo&events=div%2Csplit,2026-09-13T02:17:47Z,12268
yahoo/NCLH.json,https://query1.finance.yahoo.com/v8/finance/chart/NCLH?period1=1543622400&period2=1789257600&interval=1mo&events=div%2Csplit,2026-09-13T02:17:47Z,11713
yahoo/NDAQ.json,https://query1.finance.yahoo.com/v8/finance/chart/NDAQ?period1=1543622400&period2=1789257600&interval=1mo&events=div%2Csplit,2026-09-13T02:17:55Z,13246
yahoo/NDSN.json,https://query1.finance.yahoo.com/v8/finance/chart/NDSN?period1=1543622400&period2=1789257600&interval=1mo&events=div%2Csplit,2026-09-13T02:17:55Z,13115
yahoo/NEE.json,https://query1.finance.yahoo.com/v8/finance/chart/NEE?period1=1543622400&period2=1789257600&interval=1mo&events=div%2Csplit,2026-09-13T02:17:56Z,13131
yahoo/NEM.json,https://query1.finance.yahoo.com/v8/finance/chart/NEM?period1=1543622400&period2=1789257600&interval=1mo&events=div%2Csplit,2026-09-13T02:17:56Z,13082
yahoo/NFLX.json,https://query1.finance.yahoo.com/v8/finance/chart/NFLX?period1=1543622400&period2=1789257600&interval=1mo&events=div%2Csplit,2026-09-13T02:17:57Z,11878
yahoo/NI.json,https://query1.finance.yahoo.com/v8/finance/chart/NI?period1=1543622400&period2=1789257600&interval=1mo&events=div%2Csplit,2026-09-13T02:17:57Z,13146
yahoo/NKE.json,https://query1.finance.yahoo.com/v8/finance/chart/NKE?period1=1543622400&period2=1789257600&interval=1mo&events=div%2Csplit,2026-09-13T02:17:58Z,13098
yahoo/NOC.json,https://query1.finance.yahoo.com/v8/finance/chart/NOC?period1=1543622400&period2=1789257600&interval=1mo&events=div%2Csplit,2026-09-13T02:17:58Z,12774
yahoo/NOW.json,https://query1.finance.yahoo.com/v8/finance/chart/NOW?period1=1543622400&period2=1789257600&interval=1mo&events=div%2Csplit,2026-09-13T02:17:59Z,11838
yahoo/NRG.json,https://query1.finance.yahoo.com/v8/finance/chart/NRG?period1=1543622400&period2=1789257600&interval=1mo&events=div%2Csplit,2026-09-13T02:18:02Z,12978
yahoo/NSC.json,https://query1.finance.yahoo.com/v8/finance/chart/NSC?period1=1543622400&period2=1789257600&interval=1mo&events=div%2Csplit,2026-09-13T02:18:03Z,12970
yahoo/NTAP.json,https://query1.finance.yahoo.com/v8/finance/chart/NTAP?period1=1543622400&period2=1789257600&interval=1mo&events=div%2Csplit,2026-09-13T02:18:03Z,12886
yahoo/NTRS.json,https://query1.finance.yahoo.com/v8/finance/chart/NTRS?period1=1543622400&period2=1789257600&interval=1mo&events=div%2Csplit,2026-09-13T02:18:04Z,12979
yahoo/NUE.json,https://query1.finance.yahoo.com/v8/finance/chart/NUE?period1=1543622400&period2=1789257600&interval=1mo&events=div%2Csplit,2026-09-13T02:18:04Z,13014
yahoo/NVDA.json,https://query1.finance.yahoo.com/v8/finance/chart/NVDA?period1=1543622400&period2=1789257600&interval=1mo&events=div%2Csplit,2026-09-13T02:18:05Z,13505
yahoo/NVR.json,https://query1.finance.yahoo.com/v8/finance/chart/NVR?period1=1543622400&period2=1789257600&interval=1mo&events=div%2Csplit,2026-09-13T02:18:05Z,9744
yahoo/NWS.json,https://query1.finance.yahoo.com/v8/finance/chart/NWS?period1=1543622400&period2=1789257600&interval=1mo&events=div%2Csplit,2026-09-13T02:18:05Z,12534
yahoo/NWSA.json,https://query1.finance.yahoo.com/v8/finance/chart/NWSA?period1=1543622400&period2=1789257600&interval=1mo&events=div%2Csplit,2026-09-13T02:18:06Z,12466
yahoo/NXPI.json,https://query1.finance.yahoo.com/v8/finance/chart/NXPI?period1=1543622400&period2=1789257600&interval=1mo&events=div%2Csplit,2026-09-13T02:18:06Z,13035
yahoo/O.json,https://query1.finance.yahoo.com/v8/finance/chart/O?period1=1543622400&period2=1789257600&interval=1mo&events=div%2Csplit,2026-09-13T02:18:07Z,16206
yahoo/ODFL.json,https://query1.finance.yahoo.com/v8/finance/chart/ODFL?period1=1543622400&period2=1789257600&interval=1mo&events=div%2Csplit,2026-09-13T02:18:10Z,13250
yahoo/OKE.json,https://query1.finance.yahoo.com/v8/finance/chart/OKE?period1=1543622400&period2=1789257600&interval=1mo&events=div%2Csplit,2026-09-13T02:18:11Z,12804
yahoo/OMC.json,https://query1.finance.yahoo.com/v8/finance/chart/OMC?period1=1543622400&period2=1789257600&interval=1mo&events=div%2Csplit,2026-09-13T02:18:11Z,12739
yahoo/ON.json,https://query1.finance.yahoo.com/v8/finance/chart/ON?period1=1543622400&period2=1789257600&interval=1mo&events=div%2Csplit,2026-09-13T02:18:12Z,11500
yahoo/ORCL.json,https://query1.finance.yahoo.com/v8/finance/chart/ORCL?period1=1543622400&period2=1789257600&interval=1mo&events=div%2Csplit,2026-09-13T02:18:12Z,13146
yahoo/ORLY.json,https://query1.finance.yahoo.com/v8/finance/chart/ORLY?period1=1543622400&period2=1789257600&interval=1mo&events=div%2Csplit,2026-09-13T02:18:13Z,11884
yahoo/OTIS.json,https://query1.finance.yahoo.com/v8/finance/chart/OTIS?period1=1543622400&period2=1789257600&interval=1mo&events=div%2Csplit,2026-09-13T02:18:20Z,10954
yahoo/OXY.json,https://query1.finance.yahoo.com/v8/finance/chart/OXY?period1=1543622400&period2=1789257600&interval=1mo&events=div%2Csplit,2026-09-13T02:18:21Z,13092
yahoo/PANW.json,https://query1.finance.yahoo.com/v8/finance/chart/PANW?period1=1543622400&period2=1789257600&interval=1mo&events=div%2Csplit,2026-09-13T02:18:21Z,11701
yahoo/PAYX.json,https://query1.finance.yahoo.com/v8/finance/chart/PAYX?period1=1543622400&period2=1789257600&interval=1mo&events=div%2Csplit,2026-09-13T02:18:22Z,13066
yahoo/PCAR.json,https://query1.finance.yahoo.com/v8/finance/chart/PCAR?period1=1543622400&period2=1789257600&interval=1mo&events=div%2Csplit,2026-09-13T02:18:22Z,13565
yahoo/PCG.json,https://query1.finance.yahoo.com/v8/finance/chart/PCG?period1=1543622400&period2=1789257600&interval=1mo&events=div%2Csplit,2026-09-13T02:18:23Z,12306
yahoo/PEG.json,https://query1.finance.yahoo.com/v8/finance/chart/PEG?period1=1543622400&period2=1789257600&interval=1mo&events=div%2Csplit,2026-09-13T02:18:23Z,12996
yahoo/PEP.json,https://query1.finance.yahoo.com/v8/finance/chart/PEP?period1=1543622400&period2=1789257600&interval=1mo&events=div%2Csplit,2026-09-13T02:18:24Z,13357
yahoo/PFE.json,https://query1.finance.yahoo.com/v8/finance/chart/PFE?period1=1543622400&period2=1789257600&interval=1mo&events=div%2Csplit,2026-09-13T02:18:27Z,13427
yahoo/PFG.json,https://query1.finance.yahoo.com/v8/finance/chart/PFG?period1=1543622400&period2=1789257600&interval=1mo&events=div%2Csplit,2026-09-13T02:18:31Z,12980
yahoo/PG.json,https://query1.finance.yahoo.com/v8/finance/chart/PG?period1=1543622400&period2=1789257600&interval=1mo&events=div%2Csplit,2026-09-13T02:18:31Z,13275
yahoo/PGR.json,https://query1.finance.yahoo.com/v8/finance/chart/PGR?period1=1543622400&period2=1789257600&interval=1mo&events=div%2Csplit,2026-09-13T02:18:32Z,12922
yahoo/PH.json,https://query1.finance.yahoo.com/v8/finance/chart/PH?period1=1543622400&period2=1789257600&interval=1mo&events=div%2Csplit,2026-09-13T02:18:32Z,12815
yahoo/PHM.json,https://query1.finance.yahoo.com/v8/finance/chart/PHM?period1=1543622400&period2=1789257600&interval=1mo&events=div%2Csplit,2026-09-13T02:18:34Z,13141
yahoo/PKG.json,https://query1.finance.yahoo.com/v8/finance/chart/PKG?period1=1543622400&period2=1789257600&interval=1mo&events=div%2Csplit,2026-09-13T02:18:34Z,13108
yahoo/PLD.json,https://query1.finance.yahoo.com/v8/finance/chart/PLD?period1=1543622400&period2=1789257600&interval=1mo&events=div%2Csplit,2026-09-13T02:18:38Z,12969
yahoo/PLTR.json,https://query1.finance.yahoo.com/v8/finance/chart/PLTR?period1=1543622400&period2=1789257600&interval=1mo&events=div%2Csplit,2026-09-13T02:18:38Z,9240
yahoo/PM.json,https://query1.finance.yahoo.com/v8/finance/chart/PM?period1=1543622400&period2=1789257600&interval=1mo&events=div%2Csplit,2026-09-13T02:18:39Z,12946
yahoo/PNC.json,https://query1.finance.yahoo.com/v8/finance/chart/PNC?period1=1543622400&period2=1789257600&interval=1mo&events=div%2Csplit,2026-09-13T02:18:39Z,13164
yahoo/PNR.json,https://query1.finance.yahoo.com/v8/finance/chart/PNR?period1=1543622400&period2=1789257600&interval=1mo&events=div%2Csplit,2026-09-13T02:18:43Z,12961
yahoo/PNW.json,https://query1.finance.yahoo.com/v8/finance/chart/PNW?period1=1543622400&period2=1789257600&interval=1mo&events=div%2Csplit,2026-09-13T02:18:46Z,12817
yahoo/PODD.json,https://query1.finance.yahoo.com/v8/finance/chart/PODD?period1=1543622400&period2=1789257600&interval=1mo&events=div%2Csplit,2026-09-13T02:18:47Z,11328
yahoo/PPG.json,https://query1.finance.yahoo.com/v8/finance/chart/PPG?period1=1543622400&period2=1789257600&interval=1mo&events=div%2Csplit,2026-09-13T02:18:47Z,13143
yahoo/PPL.json,https://query1.finance.yahoo.com/v8/finance/chart/PPL?period1=1543622400&period2=1789257600&interval=1mo&events=div%2Csplit,2026-09-13T02:18:48Z,13242
yahoo/PRU.json,https://query1.finance.yahoo.com/v8/finance/chart/PRU?period1=1543622400&period2=1789257600&interval=1mo&events=div%2Csplit,2026-09-13T02:18:49Z,12912
yahoo/PSA.json,https://query1.finance.yahoo.com/v8/finance/chart/PSA?period1=1543622400&period2=1789257600&interval=1mo&events=div%2Csplit,2026-09-13T02:18:50Z,12897
yahoo/PSKY.json,https://query1.finance.yahoo.com/v8/finance/chart/PSKY?period1=1543622400&period2=1789257600&interval=1mo&events=div%2Csplit,2026-09-13T02:18:50Z,13228
yahoo/PSX.json,https://query1.finance.yahoo.com/v8/finance/chart/PSX?period1=1543622400&period2=1789257600&interval=1mo&events=div%2Csplit,2026-09-13T02:18:58Z,12960
yahoo/PTC.json,https://query1.finance.yahoo.com/v8/finance/chart/PTC?period1=1543622400&period2=1789257600&interval=1mo&events=div%2Csplit,2026-09-13T02:18:59Z,11527
yahoo/PWR.json,https://query1.finance.yahoo.com/v8/finance/chart/PWR?period1=1543622400&period2=1789257600&interval=1mo&events=div%2Csplit,2026-09-13T02:18:59Z,12845
yahoo/PYPL.json,https://query1.finance.yahoo.com/v8/finance/chart/PYPL?period1=1543622400&period2=1789257600&interval=1mo&events=div%2Csplit,2026-09-13T02:18:59Z,11677
yahoo/Q.json,https://query1.finance.yahoo.com/v8/finance/chart/Q?period1=1543622400&period2=1789257600&interval=1mo&events=div%2Csplit,2026-09-13T02:19:00Z,2760
yahoo/QCOM.json,https://query1.finance.yahoo.com/v8/finance/chart/QCOM?period1=1543622400&period2=1789257600&interval=1mo&events=div%2Csplit,2026-09-13T02:19:00Z,13274
yahoo/RCL.json,https://query1.finance.yahoo.com/v8/finance/chart/RCL?period1=1543622400&period2=1789257600&interval=1mo&events=div%2Csplit,2026-09-13T02:19:01Z,11987
yahoo/RDDT.json,https://query1.finance.yahoo.com/v8/finance/chart/RDDT?period1=1543622400&period2=1789257600&interval=1mo&events=div%2Csplit,2026-09-13T02:19:08Z,4596
yahoo/REG.json,https://query1.finance.yahoo.com/v8/finance/chart/REG?period1=1543622400&period2=1789257600&interval=1mo&events=div%2Csplit,2026-09-13T02:19:09Z,13000
yahoo/REGN.json,https://query1.finance.yahoo.com/v8/finance/chart/REGN?period1=1543622400&period2=1789257600&interval=1mo&events=div%2Csplit,2026-09-13T02:19:09Z,11199
yahoo/RF.json,https://query1.finance.yahoo.com/v8/finance/chart/RF?period1=1543622400&period2=1789257600&interval=1mo&events=div%2Csplit,2026-09-13T02:19:10Z,13267
yahoo/RJF.json,https://query1.finance.yahoo.com/v8/finance/chart/RJF?period1=1543622400&period2=1789257600&interval=1mo&events=div%2Csplit,2026-09-13T02:19:10Z,13206
yahoo/RL.json,https://query1.finance.yahoo.com/v8/finance/chart/RL?period1=1543622400&period2=1789257600&interval=1mo&events=div%2Csplit,2026-09-13T02:19:11Z,12818
yahoo/RMD.json,https://query1.finance.yahoo.com/v8/finance/chart/RMD?period1=1543622400&period2=1789257600&interval=1mo&events=div%2Csplit,2026-09-13T02:19:11Z,12952
yahoo/ROK.json,https://query1.finance.yahoo.com/v8/finance/chart/ROK?period1=1543622400&period2=1789257600&interval=1mo&events=div%2Csplit,2026-09-13T02:19:12Z,13009
yahoo/ROL.json,https://query1.finance.yahoo.com/v8/finance/chart/ROL?period1=1543622400&period2=1789257600&interval=1mo&events=div%2Csplit,2026-09-13T02:19:12Z,13207
yahoo/ROP.json,https://query1.finance.yahoo.com/v8/finance/chart/ROP?period1=1543622400&period2=1789257600&interval=1mo&events=div%2Csplit,2026-09-13T02:19:16Z,12684
yahoo/ROST.json,https://query1.finance.yahoo.com/v8/finance/chart/ROST?period1=1543622400&period2=1789257600&interval=1mo&events=div%2Csplit,2026-09-13T02:19:17Z,12994
yahoo/RSG.json,https://query1.finance.yahoo.com/v8/finance/chart/RSG?period1=1543622400&period2=1789257600&interval=1mo&events=div%2Csplit,2026-09-13T02:19:18Z,13111
yahoo/RTX.json,https://query1.finance.yahoo.com/v8/finance/chart/RTX?period1=1543622400&period2=1789257600&interval=1mo&events=div%2Csplit,2026-09-13T02:19:18Z,13211
yahoo/RVTY.json,https://query1.finance.yahoo.com/v8/finance/chart/RVTY?period1=1543622400&period2=1789257600&interval=1mo&events=div%2Csplit,2026-09-13T02:19:26Z,12957
yahoo/SBAC.json,https://query1.finance.yahoo.com/v8/finance/chart/SBAC?period1=1543622400&period2=1789257600&interval=1mo&events=div%2Csplit,2026-09-13T02:19:27Z,13107
yahoo/SBUX.json,https://query1.finance.yahoo.com/v8/finance/chart/SBUX?period1=1543622400&period2=1789257600&interval=1mo&events=div%2Csplit,2026-09-13T02:19:27Z,12940
yahoo/SCHW.json,https://query1.finance.yahoo.com/v8/finance/chart/SCHW?period1=1543622400&period2=1789257600&interval=1mo&events=div%2Csplit,2026-09-13T02:19:27Z,13019
yahoo/SHW.json,https://query1.finance.yahoo.com/v8/finance/chart/SHW?period1=1543622400&period2=1789257600&interval=1mo&events=div%2Csplit,2026-09-13T02:19:28Z,13130
yahoo/SJM.json,https://query1.finance.yahoo.com/v8/finance/chart/SJM?period1=1543622400&period2=1789257600&interval=1mo&events=div%2Csplit,2026-09-13T02:19:29Z,13127
yahoo/SLB.json,https://query1.finance.yahoo.com/v8/finance/chart/SLB?period1=1543622400&period2=1789257600&interval=1mo&events=div%2Csplit,2026-09-13T02:19:29Z,13253
yahoo/SMCI.json,https://query1.finance.yahoo.com/v8/finance/chart/SMCI?period1=1543622400&period2=1789257600&interval=1mo&events=div%2Csplit,2026-09-13T02:19:30Z,11790
yahoo/SNA.json,https://query1.finance.yahoo.com/v8/finance/chart/SNA?period1=1543622400&period2=1789257600&interval=1mo&events=div%2Csplit,2026-09-13T02:19:33Z,12862
yahoo/SNDK.json,https://query1.finance.yahoo.com/v8/finance/chart/SNDK?period1=1543622400&period2=1789257600&interval=1mo&events=div%2Csplit,2026-09-13T02:19:34Z,3396
yahoo/SNPS.json,https://query1.finance.yahoo.com/v8/finance/chart/SNPS?period1=1543622400&period2=1789257600&interval=1mo&events=div%2Csplit,2026-09-13T02:19:34Z,11104
yahoo/SO.json,https://query1.finance.yahoo.com/v8/finance/chart/SO?period1=1543622400&period2=1789257600&interval=1mo&events=div%2Csplit,2026-09-13T02:19:36Z,12827
yahoo/SOLV.json,https://query1.finance.yahoo.com/v8/finance/chart/SOLV?period1=1543622400&period2=1789257600&interval=1mo&events=div%2Csplit,2026-09-13T02:19:43Z,4496
yahoo/SPG.json,https://query1.finance.yahoo.com/v8/finance/chart/SPG?period1=1543622400&period2=1789257600&interval=1mo&events=div%2Csplit,2026-09-13T02:19:44Z,13088
yahoo/SPGI.json,https://query1.finance.yahoo.com/v8/finance/chart/SPGI?period1=1543622400&period2=1789257600&interval=1mo&events=div%2Csplit,2026-09-13T02:19:44Z,13386
yahoo/SRE.json,https://query1.finance.yahoo.com/v8/finance/chart/SRE?period1=1543622400&period2=1789257600&interval=1mo&events=div%2Csplit,2026-09-13T02:19:45Z,12973
yahoo/STE.json,https://query1.finance.yahoo.com/v8/finance/chart/STE?period1=1543622400&period2=1789257600&interval=1mo&events=div%2Csplit,2026-09-13T02:19:45Z,13003
yahoo/STLD.json,https://query1.finance.yahoo.com/v8/finance/chart/STLD?period1=1543622400&period2=1789257600&interval=1mo&events=div%2Csplit,2026-09-13T02:19:46Z,13149
yahoo/STT.json,https://query1.finance.yahoo.com/v8/finance/chart/STT?period1=1543622400&period2=1789257600&interval=1mo&events=div%2Csplit,2026-09-13T02:19:46Z,12825
yahoo/STX.json,https://query1.finance.yahoo.com/v8/finance/chart/STX?period1=1543622400&period2=1789257600&interval=1mo&events=div%2Csplit,2026-09-13T02:19:47Z,12764
yahoo/STZ.json,https://query1.finance.yahoo.com/v8/finance/chart/STZ?period1=1543622400&period2=1789257600&interval=1mo&events=div%2Csplit,2026-09-13T02:19:50Z,12823
yahoo/SW.json,https://query1.finance.yahoo.com/v8/finance/chart/SW?period1=1543622400&period2=1789257600&interval=1mo&events=div%2Csplit,2026-09-13T02:19:51Z,12196
yahoo/SWK.json,https://query1.finance.yahoo.com/v8/finance/chart/SWK?period1=1543622400&period2=1789257600&interval=1mo&events=div%2Csplit,2026-09-13T02:19:52Z,12962
yahoo/SWKS.json,https://query1.finance.yahoo.com/v8/finance/chart/SWKS?period1=1543622400&period2=1789257600&interval=1mo&events=div%2Csplit,2026-09-13T02:19:52Z,12798
yahoo/SYF.json,https://query1.finance.yahoo.com/v8/finance/chart/SYF?period1=1543622400&period2=1789257600&interval=1mo&events=div%2Csplit,2026-09-13T02:19:54Z,13077
yahoo/SYK.json,https://query1.finance.yahoo.com/v8/finance/chart/SYK?period1=1543622400&period2=1789257600&interval=1mo&events=div%2Csplit,2026-09-13T02:19:57Z,12806
yahoo/SYY.json,https://query1.finance.yahoo.com/v8/finance/chart/SYY?period1=1543622400&period2=1789257600&interval=1mo&events=div%2Csplit,2026-09-13T02:19:58Z,12744
yahoo/T.json,https://query1.finance.yahoo.com/v8/finance/chart/T?period1=1543622400&period2=1789257600&interval=1mo&events=div%2Csplit,2026-09-13T02:19:58Z,13495
yahoo/TAP.json,https://query1.finance.yahoo.com/v8/finance/chart/TAP?period1=1543622400&period2=1789257600&interval=1mo&events=div%2Csplit,2026-09-13T02:19:59Z,12760
yahoo/TDG.json,https://query1.finance.yahoo.com/v8/finance/chart/TDG?period1=1543622400&period2=1789257600&interval=1mo&events=div%2Csplit,2026-09-13T02:19:59Z,11416
yahoo/TDY.json,https://query1.finance.yahoo.com/v8/finance/chart/TDY?period1=1543622400&period2=1789257600&interval=1mo&events=div%2Csplit,2026-09-13T02:20:00Z,11253
yahoo/TECH.json,https://query1.finance.yahoo.com/v8/finance/chart/TECH?period1=1543622400&period2=1789257600&interval=1mo&events=div%2Csplit,2026-09-13T02:20:00Z,12946
yahoo/TEL.json,https://query1.finance.yahoo.com/v8/finance/chart/TEL?period1=1543622400&period2=1789257600&interval=1mo&events=div%2Csplit,2026-09-13T02:20:01Z,12794
yahoo/TER.json,https://query1.finance.yahoo.com/v8/finance/chart/TER?period1=1543622400&period2=1789257600&interval=1mo&events=div%2Csplit,2026-09-13T02:20:01Z,12934
yahoo/TFC.json,https://query1.finance.yahoo.com/v8/finance/chart/TFC?period1=1543622400&period2=1789257600&interval=1mo&events=div%2Csplit,2026-09-13T02:20:05Z,13095
yahoo/TGT.json,https://query1.finance.yahoo.com/v8/finance/chart/TGT?period1=1543622400&period2=1789257600&interval=1mo&events=div%2Csplit,2026-09-13T02:20:05Z,13012
yahoo/TJX.json,https://query1.finance.yahoo.com/v8/finance/chart/TJX?period1=1543622400&period2=1789257600&interval=1mo&events=div%2Csplit,2026-09-13T02:20:06Z,12949
yahoo/TKO.json,https://query1.finance.yahoo.com/v8/finance/chart/TKO?period1=1543622400&period2=1789257600&interval=1mo&events=div%2Csplit,2026-09-13T02:20:06Z,12683
yahoo/TMO.json,https://query1.finance.yahoo.com/v8/finance/chart/TMO?period1=1543622400&period2=1789257600&interval=1mo&events=div%2Csplit,2026-09-13T02:20:07Z,12639
yahoo/TMUS.json,https://query1.finance.yahoo.com/v8/finance/chart/TMUS?period1=1543622400&period2=1789257600&interval=1mo&events=div%2Csplit,2026-09-13T02:20:15Z,12219
yahoo/TPL.json,https://query1.finance.yahoo.com/v8/finance/chart/TPL?period1=1543622400&period2=1789257600&interval=1mo&events=div%2Csplit,2026-09-13T02:20:15Z,13099
yahoo/TPR.json,https://query1.finance.yahoo.com/v8/finance/chart/TPR?period1=1543622400&period2=1789257600&interval=1mo&events=div%2Csplit,2026-09-13T02:20:16Z,12922
yahoo/TRGP.json,https://query1.finance.yahoo.com/v8/finance/chart/TRGP?period1=1543622400&period2=1789257600&interval=1mo&events=div%2Csplit,2026-09-13T02:20:16Z,12940
yahoo/TRMB.json,https://query1.finance.yahoo.com/v8/finance/chart/TRMB?period1=1543622400&period2=1789257600&interval=1mo&events=div%2Csplit,2026-09-13T02:20:17Z,11213
yahoo/TROW.json,https://query1.finance.yahoo.com/v8/finance/chart/TROW?period1=1543622400&period2=1789257600&interval=1mo&events=div%2Csplit,2026-09-13T02:20:17Z,13049
yahoo/TRV.json,https://query1.finance.yahoo.com/v8/finance/chart/TRV?period1=1543622400&period2=1789257600&interval=1mo&events=div%2Csplit,2026-09-13T02:20:18Z,13190
yahoo/TSCO.json,https://query1.finance.yahoo.com/v8/finance/chart/TSCO?period1=1543622400&period2=1789257600&interval=1mo&events=div%2Csplit,2026-09-13T02:20:18Z,13378
yahoo/TSLA.json,https://query1.finance.yahoo.com/v8/finance/chart/TSLA?period1=1543622400&period2=1789257600&interval=1mo&events=div%2Csplit,2026-09-13T02:20:22Z,11905
yahoo/TSN.json,https://query1.finance.yahoo.com/v8/finance/chart/TSN?period1=1543622400&period2=1789257600&interval=1mo&events=div%2Csplit,2026-09-13T02:20:22Z,12826
yahoo/TT.json,https://query1.finance.yahoo.com/v8/finance/chart/TT?period1=1543622400&period2=1789257600&interval=1mo&events=div%2Csplit,2026-09-13T02:20:23Z,13104
yahoo/TTD.json,https://query1.finance.yahoo.com/v8/finance/chart/TTD?period1=1543622400&period2=1789257600&interval=1mo&events=div%2Csplit,2026-09-13T02:20:23Z,11636
yahoo/TTWO.json,https://query1.finance.yahoo.com/v8/finance/chart/TTWO?period1=1543622400&period2=1789257600&interval=1mo&events=div%2Csplit,2026-09-13T02:20:24Z,11371
yahoo/TXN.json,https://query1.finance.yahoo.com/v8/finance/chart/TXN?period1=1543622400&period2=1789257600&interval=1mo&events=div%2Csplit,2026-09-13T02:20:24Z,13177
yahoo/TXT.json,https://query1.finance.yahoo.com/v8/finance/chart/TXT?period1=1543622400&period2=1789257600&interval=1mo&events=div%2Csplit,2026-09-13T02:20:32Z,12846
yahoo/TYL.json,https://query1.finance.yahoo.com/v8/finance/chart/TYL?period1=1543622400&period2=1789257600&interval=1mo&events=div%2Csplit,2026-09-13T02:20:33Z,11172
yahoo/UAL.json,https://query1.finance.yahoo.com/v8/finance/chart/UAL?period1=1543622400&period2=1789257600&interval=1mo&events=div%2Csplit,2026-09-13T02:20:33Z,11441
yahoo/UBER.json,https://query1.finance.yahoo.com/v8/finance/chart/UBER?period1=1543622400&period2=1789257600&interval=1mo&events=div%2Csplit,2026-09-13T02:20:34Z,10768
yahoo/UDR.json,https://query1.finance.yahoo.com/v8/finance/chart/UDR?period1=1543622400&period2=1789257600&interval=1mo&events=div%2Csplit,2026-09-13T02:20:34Z,13177
yahoo/UHS.json,https://query1.finance.yahoo.com/v8/finance/chart/UHS?period1=1543622400&period2=1789257600&interval=1mo&events=div%2Csplit,2026-09-13T02:20:35Z,13022
yahoo/ULTA.json,https://query1.finance.yahoo.com/v8/finance/chart/ULTA?period1=1543622400&period2=1789257600&interval=1mo&events=div%2Csplit,2026-09-13T02:20:35Z,11128
yahoo/UNH.json,https://query1.finance.yahoo.com/v8/finance/chart/UNH?period1=1543622400&period2=1789257600&interval=1mo&events=div%2Csplit,2026-09-13T02:20:35Z,12756
yahoo/UNP.json,https://query1.finance.yahoo.com/v8/finance/chart/UNP?period1=1543622400&period2=1789257600&interval=1mo&events=div%2Csplit,2026-09-13T02:20:36Z,13055
yahoo/UPS.json,https://query1.finance.yahoo.com/v8/finance/chart/UPS?period1=1543622400&period2=1789257600&interval=1mo&events=div%2Csplit,2026-09-13T02:20:39Z,13124
yahoo/URI.json,https://query1.finance.yahoo.com/v8/finance/chart/URI?period1=1543622400&period2=1789257600&interval=1mo&events=div%2Csplit,2026-09-13T02:20:40Z,11845
yahoo/USB.json,https://query1.finance.yahoo.com/v8/finance/chart/USB?period1=1543622400&period2=1789257600&interval=1mo&events=div%2Csplit,2026-09-13T02:20:40Z,13126
yahoo/V.json,https://query1.finance.yahoo.com/v8/finance/chart/V?period1=1543622400&period2=1789257600&interval=1mo&events=div%2Csplit,2026-09-13T02:20:41Z,12993
yahoo/VEEV.json,https://query1.finance.yahoo.com/v8/finance/chart/VEEV?period1=1543622400&period2=1789257600&interval=1mo&events=div%2Csplit,2026-09-13T02:20:41Z,11289
yahoo/VICI.json,https://query1.finance.yahoo.com/v8/finance/chart/VICI?period1=1543622400&period2=1789257600&interval=1mo&events=div%2Csplit,2026-09-13T02:20:42Z,13307
yahoo/VLO.json,https://query1.finance.yahoo.com/v8/finance/chart/VLO?period1=1543622400&period2=1789257600&interval=1mo&events=div%2Csplit,2026-09-13T02:20:49Z,12884
yahoo/VLTO.json,https://query1.finance.yahoo.com/v8/finance/chart/VLTO?period1=1543622400&period2=1789257600&interval=1mo&events=div%2Csplit,2026-09-13T02:20:50Z,5669
yahoo/VMC.json,https://query1.finance.yahoo.com/v8/finance/chart/VMC?period1=1543622400&period2=1789257600&interval=1mo&events=div%2Csplit,2026-09-13T02:20:50Z,12919
yahoo/VMRK.json,https://query1.finance.yahoo.com/v8/finance/chart/VMRK?period1=1543622400&period2=1789257600&interval=1mo&events=div%2Csplit,2026-09-13T02:20:51Z,12878
yahoo/VRSK.json,https://query1.finance.yahoo.com/v8/finance/chart/VRSK?period1=1543622400&period2=1789257600&interval=1mo&events=div%2Csplit,2026-09-13T02:20:51Z,13106
yahoo/VRSN.json,https://query1.finance.yahoo.com/v8/finance/chart/VRSN?period1=1543622400&period2=1789257600&interval=1mo&events=div%2Csplit,2026-09-13T02:20:52Z,11910
yahoo/VRT.json,https://query1.finance.yahoo.com/v8/finance/chart/VRT?period1=1543622400&period2=1789257600&interval=1mo&events=div%2Csplit,2026-09-13T02:20:52Z,12129
yahoo/VRTX.json,https://query1.finance.yahoo.com/v8/finance/chart/VRTX?period1=1543622400&period2=1789257600&interval=1mo&events=div%2Csplit,2026-09-13T02:20:53Z,11268
yahoo/VST.json,https://query1.finance.yahoo.com/v8/finance/chart/VST?period1=1543622400&period2=1789257600&interval=1mo&events=div%2Csplit,2026-09-13T02:20:53Z,12986
yahoo/VTR.json,https://query1.finance.yahoo.com/v8/finance/chart/VTR?period1=1543622400&period2=1789257600&interval=1mo&events=div%2Csplit,2026-09-13T02:20:57Z,12939
yahoo/VTRS.json,https://query1.finance.yahoo.com/v8/finance/chart/VTRS?period1=1543622400&period2=1789257600&interval=1mo&events=div%2Csplit,2026-09-13T02:20:57Z,12856
yahoo/VZ.json,https://query1.finance.yahoo.com/v8/finance/chart/VZ?period1=1543622400&period2=1789257600&interval=1mo&events=div%2Csplit,2026-09-13T02:20:58Z,13014
yahoo/WAB.json,https://query1.finance.yahoo.com/v8/finance/chart/WAB?period1=1543622400&period2=1789257600&interval=1mo&events=div%2Csplit,2026-09-13T02:20:58Z,12988
yahoo/WAT.json,https://query1.finance.yahoo.com/v8/finance/chart/WAT?period1=1543622400&period2=1789257600&interval=1mo&events=div%2Csplit,2026-09-13T02:20:59Z,11539
yahoo/WBD.json,https://query1.finance.yahoo.com/v8/finance/chart/WBD?period1=1543622400&period2=1789257600&interval=1mo&events=div%2Csplit,2026-09-13T02:21:00Z,11658
yahoo/WDAY.json,https://query1.finance.yahoo.com/v8/finance/chart/WDAY?period1=1543622400&period2=1789257600&interval=1mo&events=div%2Csplit,2026-09-13T02:21:04Z,11384
yahoo/WDC.json,https://query1.finance.yahoo.com/v8/finance/chart/WDC?period1=1543622400&period2=1789257600&interval=1mo&events=div%2Csplit,2026-09-13T02:21:04Z,12529
yahoo/WEC.json,https://query1.finance.yahoo.com/v8/finance/chart/WEC?period1=1543622400&period2=1789257600&interval=1mo&events=div%2Csplit,2026-09-13T02:21:05Z,13030
yahoo/WELL.json,https://query1.finance.yahoo.com/v8/finance/chart/WELL?period1=1543622400&period2=1789257600&interval=1mo&events=div%2Csplit,2026-09-13T02:21:05Z,12885
yahoo/WFC.json,https://query1.finance.yahoo.com/v8/finance/chart/WFC?period1=1543622400&period2=1789257600&interval=1mo&events=div%2Csplit,2026-09-13T02:21:06Z,13035
yahoo/WM.json,https://query1.finance.yahoo.com/v8/finance/chart/WM?period1=1543622400&period2=1789257600&interval=1mo&events=div%2Csplit,2026-09-13T02:21:07Z,13132
yahoo/WMB.json,https://query1.finance.yahoo.com/v8/finance/chart/WMB?period1=1543622400&period2=1789257600&interval=1mo&events=div%2Csplit,2026-09-13T02:21:15Z,13340
yahoo/WMT.json,https://query1.finance.yahoo.com/v8/finance/chart/WMT?period1=1543622400&period2=1789257600&interval=1mo&events=div%2Csplit,2026-09-13T02:21:16Z,13382
yahoo/WRB.json,https://query1.finance.yahoo.com/v8/finance/chart/WRB?period1=1543622400&period2=1789257600&interval=1mo&events=div%2Csplit,2026-09-13T02:21:16Z,13559
yahoo/WSM.json,https://query1.finance.yahoo.com/v8/finance/chart/WSM?period1=1543622400&period2=1789257600&interval=1mo&events=div%2Csplit,2026-09-13T02:21:17Z,13076
yahoo/WST.json,https://query1.finance.yahoo.com/v8/finance/chart/WST?period1=1543622400&period2=1789257600&interval=1mo&events=div%2Csplit,2026-09-13T02:21:17Z,12901
yahoo/WTW.json,https://query1.finance.yahoo.com/v8/finance/chart/WTW?period1=1543622400&period2=1789257600&interval=1mo&events=div%2Csplit,2026-09-13T02:21:18Z,13047
yahoo/WY.json,https://query1.finance.yahoo.com/v8/finance/chart/WY?period1=1543622400&period2=1789257600&interval=1mo&events=div%2Csplit,2026-09-13T02:21:18Z,13252
yahoo/WYNN.json,https://query1.finance.yahoo.com/v8/finance/chart/WYNN?period1=1543622400&period2=1789257600&interval=1mo&events=div%2Csplit,2026-09-13T02:21:19Z,12268
yahoo/XEL.json,https://query1.finance.yahoo.com/v8/finance/chart/XEL?period1=1543622400&period2=1789257600&interval=1mo&events=div%2Csplit,2026-09-13T02:21:19Z,12805
yahoo/XOM.json,https://query1.finance.yahoo.com/v8/finance/chart/XOM?period1=1543622400&period2=1789257600&interval=1mo&events=div%2Csplit,2026-09-13T02:21:23Z,13168
yahoo/XYL.json,https://query1.finance.yahoo.com/v8/finance/chart/XYL?period1=1543622400&period2=1789257600&interval=1mo&events=div%2Csplit,2026-09-13T02:21:23Z,12961
yahoo/XYZ.json,https://query1.finance.yahoo.com/v8/finance/chart/XYZ?period1=1543622400&period2=1789257600&interval=1mo&events=div%2Csplit,2026-09-13T02:21:24Z,11290
yahoo/YUM.json,https://query1.finance.yahoo.com/v8/finance/chart/YUM?period1=1543622400&period2=1789257600&interval=1mo&events=div%2Csplit,2026-09-13T02:21:24Z,13085
yahoo/ZBH.json,https://query1.finance.yahoo.com/v8/finance/chart/ZBH?period1=1543622400&period2=1789257600&interval=1mo&events=div%2Csplit,2026-09-13T02:21:25Z,13317
yahoo/ZBRA.json,https://query1.finance.yahoo.com/v8/finance/chart/ZBRA?period1=1543622400&period2=1789257600&interval=1mo&events=div%2Csplit,2026-09-13T02:21:25Z,11362
yahoo/ZTS.json,https://query1.finance.yahoo.com/v8/finance/chart/ZTS?period1=1543622400&period2=1789257600&interval=1mo&events=div%2Csplit,2026-09-13T02:21:33Z,12964
