ticker,year,value,source,source_url,retrieved,note
A,2020,0.0,EPA ECHO ICIS-FE&C civil enforcement cases,https://echo.epa.gov/facilities/enforcement-case-search,2026-09-13,"no federal EPA civil penalty found under the company's name, former names or 10-K subsidiaries with a settlement in 2016-2020 (ECHO file retrieved 2026-09-13)"
A,2021,0.0,EPA ECHO ICIS-FE&C civil enforcement cases,https://echo.epa.gov/facilities/enforcement-case-search,2026-09-13,"no federal EPA civil penalty found under the company's name, former names or 10-K subsidiaries with a settlement in 2017-2021 (ECHO file retrieved 2026-09-13)"
A,2022,0.0,EPA ECHO ICIS-FE&C civil enforcement cases,https://echo.epa.gov/facilities/enforcement-case-search,2026-09-13,"no federal EPA civil penalty found under the company's name, former names or 10-K subsidiaries with a settlement in 2018-2022 (ECHO file retrieved 2026-09-13)"
A,2023,819.62,EPA ECHO ICIS-FE&C civil enforcement cases,https://echo.epa.gov/enforcement-case-report?id=03-2024-0022,2026-09-13,"1 case(s), $5,000 in 2019-2023 over mean revenue $6.1bn; largest: case 03-2024-0022 (2023), defendant 'AGILENT TECHNOLOGIES', $5,000"
A,2024,784.95,EPA ECHO ICIS-FE&C civil enforcement cases,https://echo.epa.gov/enforcement-case-report?id=03-2024-0022,2026-09-13,"1 case(s), $5,000 in 2020-2024 over mean revenue $6.4bn; largest: case 03-2024-0022 (2023), defendant 'AGILENT TECHNOLOGIES', $5,000"
A,2025,747.21,EPA ECHO ICIS-FE&C civil enforcement cases,https://echo.epa.gov/enforcement-case-report?id=03-2024-0022,2026-09-13,"1 case(s), $5,000 in 2021-2025 over mean revenue $6.7bn; largest: case 03-2024-0022 (2023), defendant 'AGILENT TECHNOLOGIES', $5,000"
AAPL,2020,0.0,EPA ECHO ICIS-FE&C civil enforcement cases,https://echo.epa.gov/facilities/enforcement-case-search,2026-09-13,"no federal EPA civil penalty found under the company's name, former names or 10-K subsidiaries with a settlement in 2016-2020 (ECHO file retrieved 2026-09-13)"
AAPL,2021,0.0,EPA ECHO ICIS-FE&C civil enforcement cases,https://echo.epa.gov/facilities/enforcement-case-search,2026-09-13,"no federal EPA civil penalty found under the company's name, former names or 10-K subsidiaries with a settlement in 2017-2021 (ECHO file retrieved 2026-09-13)"
AAPL,2022,0.0,EPA ECHO ICIS-FE&C civil enforcement cases,https://echo.epa.gov/facilities/enforcement-case-search,2026-09-13,"no federal EPA civil penalty found under the company's name, former names or 10-K subsidiaries with a settlement in 2018-2022 (ECHO file retrieved 2026-09-13)"
AAPL,2023,0.0,EPA ECHO ICIS-FE&C civil enforcement cases,https://echo.epa.gov/facilities/enforcement-case-search,2026-09-13,"no federal EPA civil penalty found under the company's name, former names or 10-K subsidiaries with a settlement in 2019-2023 (ECHO file retrieved 2026-09-13)"
AAPL,2024,0.0,EPA ECHO ICIS-FE&C civil enforcement cases,https://echo.epa.gov/facilities/enforcement-case-search,2026-09-13,"no federal EPA civil penalty found under the company's name, former names or 10-K subsidiaries with a settlement in 2020-2024 (ECHO file retrieved 2026-09-13)"
AAPL,2025,334.87,EPA ECHO ICIS-FE&C civil enforcement cases,https://echo.epa.gov/enforcement-case-report?id=09-2026-5006,2026-09-13,"1 case(s), $130,642 in 2021-2025 over mean revenue $390.1bn; largest: case 09-2026-5006 (2025), defendant 'Apple Inc', $130,642"
ABBV,2020,0.0,EPA ECHO ICIS-FE&C civil enforcement cases,https://echo.epa.gov/facilities/enforcement-case-search,2026-09-13,"no federal EPA civil penalty found under the company's name, former names or 10-K subsidiaries with a settlement in 2016-2020 (ECHO file retrieved 2026-09-13)"
ABBV,2021,0.0,EPA ECHO ICIS-FE&C civil enforcement cases,https://echo.epa.gov/facilities/enforcement-case-search,2026-09-13,"no federal EPA civil penalty found under the company's name, former names or 10-K subsidiaries with a settlement in 2017-2021 (ECHO file retrieved 2026-09-13)"
ABBV,2022,0.0,EPA ECHO ICIS-FE&C civil enforcement cases,https://echo.epa.gov/facilities/enforcement-case-search,2026-09-13,"no federal EPA civil penalty found under the company's name, former names or 10-K subsidiaries with a settlement in 2018-2022 (ECHO file retrieved 2026-09-13)"
ABBV,2023,0.0,EPA ECHO ICIS-FE&C civil enforcement cases,https://echo.epa.gov/facilities/enforcement-case-search,2026-09-13,"no federal EPA civil penalty found under the company's name, former names or 10-K subsidiaries with a settlement in 2019-2023 (ECHO file retrieved 2026-09-13)"
ABBV,2024,0.0,EPA ECHO ICIS-FE&C civil enforcement cases,https://echo.epa.gov/facilities/enforcement-case-search,2026-09-13,"no federal EPA civil penalty found under the company's name, former names or 10-K subsidiaries with a settlement in 2020-2024 (ECHO file retrieved 2026-09-13)"
ABBV,2025,0.0,EPA ECHO ICIS-FE&C civil enforcement cases,https://echo.epa.gov/facilities/enforcement-case-search,2026-09-13,"no federal EPA civil penalty found under the company's name, former names or 10-K subsidiaries with a settlement in 2021-2025 (ECHO file retrieved 2026-09-13)"
ABNB,2021,0.0,EPA ECHO ICIS-FE&C civil enforcement cases,https://echo.epa.gov/facilities/enforcement-case-search,2026-09-13,"no federal EPA civil penalty found under the company's name, former names or 10-K subsidiaries with a settlement in 2017-2021 (ECHO file retrieved 2026-09-13)"
ABNB,2022,0.0,EPA ECHO ICIS-FE&C civil enforcement cases,https://echo.epa.gov/facilities/enforcement-case-search,2026-09-13,"no federal EPA civil penalty found under the company's name, former names or 10-K subsidiaries with a settlement in 2018-2022 (ECHO file retrieved 2026-09-13)"
ABNB,2023,0.0,EPA ECHO ICIS-FE&C civil enforcement cases,https://echo.epa.gov/facilities/enforcement-case-search,2026-09-13,"no federal EPA civil penalty found under the company's name, former names or 10-K subsidiaries with a settlement in 2019-2023 (ECHO file retrieved 2026-09-13)"
ABNB,2024,0.0,EPA ECHO ICIS-FE&C civil enforcement cases,https://echo.epa.gov/facilities/enforcement-case-search,2026-09-13,"no federal EPA civil penalty found under the company's name, former names or 10-K subsidiaries with a settlement in 2020-2024 (ECHO file retrieved 2026-09-13)"
ABNB,2025,0.0,EPA ECHO ICIS-FE&C civil enforcement cases,https://echo.epa.gov/facilities/enforcement-case-search,2026-09-13,"no federal EPA civil penalty found under the company's name, former names or 10-K subsidiaries with a settlement in 2021-2025 (ECHO file retrieved 2026-09-13)"
ABT,2020,6406.86,EPA ECHO ICIS-FE&C civil enforcement cases,https://echo.epa.gov/enforcement-case-report?id=06-2017-0941,2026-09-13,"1 case(s), $186,226 in 2016-2020 over mean revenue $29.1bn; largest: case 06-2017-0941 (2017), defendant 'Alere Toxicology Services, Inc.', $186,226"
ABT,2021,5557.15,EPA ECHO ICIS-FE&C civil enforcement cases,https://echo.epa.gov/enforcement-case-report?id=06-2017-0941,2026-09-13,"1 case(s), $186,226 in 2017-2021 over mean revenue $33.5bn; largest: case 06-2017-0941 (2017), defendant 'Alere Toxicology Services, Inc.', $186,226"
ABT,2022,0.0,EPA ECHO ICIS-FE&C civil enforcement cases,https://echo.epa.gov/facilities/enforcement-case-search,2026-09-13,"no federal EPA civil penalty found under the company's name, former names or 10-K subsidiaries with a settlement in 2018-2022 (ECHO file retrieved 2026-09-13)"
ABT,2023,0.0,EPA ECHO ICIS-FE&C civil enforcement cases,https://echo.epa.gov/facilities/enforcement-case-search,2026-09-13,"no federal EPA civil penalty found under the company's name, former names or 10-K subsidiaries with a settlement in 2019-2023 (ECHO file retrieved 2026-09-13)"
ABT,2024,0.0,EPA ECHO ICIS-FE&C civil enforcement cases,https://echo.epa.gov/facilities/enforcement-case-search,2026-09-13,"no federal EPA civil penalty found under the company's name, former names or 10-K subsidiaries with a settlement in 2020-2024 (ECHO file retrieved 2026-09-13)"
ABT,2025,0.0,EPA ECHO ICIS-FE&C civil enforcement cases,https://echo.epa.gov/facilities/enforcement-case-search,2026-09-13,"no federal EPA civil penalty found under the company's name, former names or 10-K subsidiaries with a settlement in 2021-2025 (ECHO file retrieved 2026-09-13)"
ACGL,2020,0.0,EPA ECHO ICIS-FE&C civil enforcement cases,https://echo.epa.gov/facilities/enforcement-case-search,2026-09-13,"no federal EPA civil penalty found under the company's name, former names or 10-K subsidiaries with a settlement in 2016-2020 (ECHO file retrieved 2026-09-13)"
ACGL,2021,0.0,EPA ECHO ICIS-FE&C civil enforcement cases,https://echo.epa.gov/facilities/enforcement-case-search,2026-09-13,"no federal EPA civil penalty found under the company's name, former names or 10-K subsidiaries with a settlement in 2017-2021 (ECHO file retrieved 2026-09-13)"
ACGL,2022,0.0,EPA ECHO ICIS-FE&C civil enforcement cases,https://echo.epa.gov/facilities/enforcement-case-search,2026-09-13,"no federal EPA civil penalty found under the company's name, former names or 10-K subsidiaries with a settlement in 2018-2022 (ECHO file retrieved 2026-09-13)"
ACGL,2023,0.0,EPA ECHO ICIS-FE&C civil enforcement cases,https://echo.epa.gov/facilities/enforcement-case-search,2026-09-13,"no federal EPA civil penalty found under the company's name, former names or 10-K subsidiaries with a settlement in 2019-2023 (ECHO file retrieved 2026-09-13)"
ACGL,2024,0.0,EPA ECHO ICIS-FE&C civil enforcement cases,https://echo.epa.gov/facilities/enforcement-case-search,2026-09-13,"no federal EPA civil penalty found under the company's name, former names or 10-K subsidiaries with a settlement in 2020-2024 (ECHO file retrieved 2026-09-13)"
ACGL,2025,0.0,EPA ECHO ICIS-FE&C civil enforcement cases,https://echo.epa.gov/facilities/enforcement-case-search,2026-09-13,"no federal EPA civil penalty found under the company's name, former names or 10-K subsidiaries with a settlement in 2021-2025 (ECHO file retrieved 2026-09-13)"
ACN,2020,0.0,EPA ECHO ICIS-FE&C civil enforcement cases,https://echo.epa.gov/facilities/enforcement-case-search,2026-09-13,"no federal EPA civil penalty found under the company's name, former names or 10-K subsidiaries with a settlement in 2016-2020 (ECHO file retrieved 2026-09-13)"
ACN,2021,0.0,EPA ECHO ICIS-FE&C civil enforcement cases,https://echo.epa.gov/facilities/enforcement-case-search,2026-09-13,"no federal EPA civil penalty found under the company's name, former names or 10-K subsidiaries with a settlement in 2017-2021 (ECHO file retrieved 2026-09-13)"
ACN,2022,0.0,EPA ECHO ICIS-FE&C civil enforcement cases,https://echo.epa.gov/facilities/enforcement-case-search,2026-09-13,"no federal EPA civil penalty found under the company's name, former names or 10-K subsidiaries with a settlement in 2018-2022 (ECHO file retrieved 2026-09-13)"
ACN,2023,0.0,EPA ECHO ICIS-FE&C civil enforcement cases,https://echo.epa.gov/facilities/enforcement-case-search,2026-09-13,"no federal EPA civil penalty found under the company's name, former names or 10-K subsidiaries with a settlement in 2019-2023 (ECHO file retrieved 2026-09-13)"
ACN,2024,0.0,EPA ECHO ICIS-FE&C civil enforcement cases,https://echo.epa.gov/facilities/enforcement-case-search,2026-09-13,"no federal EPA civil penalty found under the company's name, former names or 10-K subsidiaries with a settlement in 2020-2024 (ECHO file retrieved 2026-09-13)"
ACN,2025,0.0,EPA ECHO ICIS-FE&C civil enforcement cases,https://echo.epa.gov/facilities/enforcement-case-search,2026-09-13,"no federal EPA civil penalty found under the company's name, former names or 10-K subsidiaries with a settlement in 2021-2025 (ECHO file retrieved 2026-09-13)"
ADBE,2020,0.0,EPA ECHO ICIS-FE&C civil enforcement cases,https://echo.epa.gov/facilities/enforcement-case-search,2026-09-13,"no federal EPA civil penalty found under the company's name, former names or 10-K subsidiaries with a settlement in 2016-2020 (ECHO file retrieved 2026-09-13)"
ADBE,2021,0.0,EPA ECHO ICIS-FE&C civil enforcement cases,https://echo.epa.gov/facilities/enforcement-case-search,2026-09-13,"no federal EPA civil penalty found under the company's name, former names or 10-K subsidiaries with a settlement in 2017-2021 (ECHO file retrieved 2026-09-13)"
ADBE,2022,0.0,EPA ECHO ICIS-FE&C civil enforcement cases,https://echo.epa.gov/facilities/enforcement-case-search,2026-09-13,"no federal EPA civil penalty found under the company's name, former names or 10-K subsidiaries with a settlement in 2018-2022 (ECHO file retrieved 2026-09-13)"
ADBE,2023,0.0,EPA ECHO ICIS-FE&C civil enforcement cases,https://echo.epa.gov/facilities/enforcement-case-search,2026-09-13,"no federal EPA civil penalty found under the company's name, former names or 10-K subsidiaries with a settlement in 2019-2023 (ECHO file retrieved 2026-09-13)"
ADBE,2024,0.0,EPA ECHO ICIS-FE&C civil enforcement cases,https://echo.epa.gov/facilities/enforcement-case-search,2026-09-13,"no federal EPA civil penalty found under the company's name, former names or 10-K subsidiaries with a settlement in 2020-2024 (ECHO file retrieved 2026-09-13)"
ADBE,2025,0.0,EPA ECHO ICIS-FE&C civil enforcement cases,https://echo.epa.gov/facilities/enforcement-case-search,2026-09-13,"no federal EPA civil penalty found under the company's name, former names or 10-K subsidiaries with a settlement in 2021-2025 (ECHO file retrieved 2026-09-13)"
ADI,2020,0.0,EPA ECHO ICIS-FE&C civil enforcement cases,https://echo.epa.gov/facilities/enforcement-case-search,2026-09-13,"no federal EPA civil penalty found under the company's name, former names or 10-K subsidiaries with a settlement in 2016-2020 (ECHO file retrieved 2026-09-13)"
ADI,2021,15054.08,EPA ECHO ICIS-FE&C civil enforcement cases,https://echo.epa.gov/enforcement-case-report?id=09-2021-5058,2026-09-13,"1 case(s), $91,479 in 2017-2021 over mean revenue $6.1bn; largest: case 09-2021-5058 (2021), defendant 'Analog Devices, Inc', $91,479"
ADI,2022,12311.77,EPA ECHO ICIS-FE&C civil enforcement cases,https://echo.epa.gov/enforcement-case-report?id=09-2021-5058,2026-09-13,"1 case(s), $91,479 in 2018-2022 over mean revenue $7.4bn; largest: case 09-2021-5058 (2021), defendant 'Analog Devices, Inc', $91,479"
ADI,2023,10580.03,EPA ECHO ICIS-FE&C civil enforcement cases,https://echo.epa.gov/enforcement-case-report?id=09-2021-5058,2026-09-13,"1 case(s), $91,479 in 2019-2023 over mean revenue $8.6bn; largest: case 09-2021-5058 (2021), defendant 'Analog Devices, Inc', $91,479"
ADI,2024,9801.04,EPA ECHO ICIS-FE&C civil enforcement cases,https://echo.epa.gov/enforcement-case-report?id=09-2021-5058,2026-09-13,"1 case(s), $91,479 in 2020-2024 over mean revenue $9.3bn; largest: case 09-2021-5058 (2021), defendant 'Analog Devices, Inc', $91,479"
ADI,2025,8781.76,EPA ECHO ICIS-FE&C civil enforcement cases,https://echo.epa.gov/enforcement-case-report?id=09-2021-5058,2026-09-13,"1 case(s), $91,479 in 2021-2025 over mean revenue $10.4bn; largest: case 09-2021-5058 (2021), defendant 'Analog Devices, Inc', $91,479"
ADM,2020,0.0,EPA ECHO ICIS-FE&C civil enforcement cases,https://echo.epa.gov/facilities/enforcement-case-search,2026-09-13,"no federal EPA civil penalty found under the company's name, former names or 10-K subsidiaries with a settlement in 2016-2020 (ECHO file retrieved 2026-09-13)"
ADM,2021,0.0,EPA ECHO ICIS-FE&C civil enforcement cases,https://echo.epa.gov/facilities/enforcement-case-search,2026-09-13,"no federal EPA civil penalty found under the company's name, former names or 10-K subsidiaries with a settlement in 2017-2021 (ECHO file retrieved 2026-09-13)"
ADM,2022,0.0,EPA ECHO ICIS-FE&C civil enforcement cases,https://echo.epa.gov/facilities/enforcement-case-search,2026-09-13,"no federal EPA civil penalty found under the company's name, former names or 10-K subsidiaries with a settlement in 2018-2022 (ECHO file retrieved 2026-09-13)"
ADM,2023,0.0,EPA ECHO ICIS-FE&C civil enforcement cases,https://echo.epa.gov/facilities/enforcement-case-search,2026-09-13,"no federal EPA civil penalty found under the company's name, former names or 10-K subsidiaries with a settlement in 2019-2023 (ECHO file retrieved 2026-09-13)"
ADM,2024,68.51,EPA ECHO ICIS-FE&C civil enforcement cases,https://echo.epa.gov/enforcement-case-report?id=07-2024-0071,2026-09-13,"1 case(s), $5,900 in 2020-2024 over mean revenue $86.1bn; largest: case 07-2024-0071 (2024), defendant 'Archer-Daniels-Midland Company', $5,900"
ADM,2025,66.06,EPA ECHO ICIS-FE&C civil enforcement cases,https://echo.epa.gov/enforcement-case-report?id=07-2024-0071,2026-09-13,"1 case(s), $5,900 in 2021-2025 over mean revenue $89.3bn; largest: case 07-2024-0071 (2024), defendant 'Archer-Daniels-Midland Company', $5,900"
ADP,2020,0.0,EPA ECHO ICIS-FE&C civil enforcement cases,https://echo.epa.gov/facilities/enforcement-case-search,2026-09-13,"no federal EPA civil penalty found under the company's name, former names or 10-K subsidiaries with a settlement in 2016-2020 (ECHO file retrieved 2026-09-13)"
ADP,2021,0.0,EPA ECHO ICIS-FE&C civil enforcement cases,https://echo.epa.gov/facilities/enforcement-case-search,2026-09-13,"no federal EPA civil penalty found under the company's name, former names or 10-K subsidiaries with a settlement in 2017-2021 (ECHO file retrieved 2026-09-13)"
ADP,2022,0.0,EPA ECHO ICIS-FE&C civil enforcement cases,https://echo.epa.gov/facilities/enforcement-case-search,2026-09-13,"no federal EPA civil penalty found under the company's name, former names or 10-K subsidiaries with a settlement in 2018-2022 (ECHO file retrieved 2026-09-13)"
ADP,2023,0.0,EPA ECHO ICIS-FE&C civil enforcement cases,https://echo.epa.gov/facilities/enforcement-case-search,2026-09-13,"no federal EPA civil penalty found under the company's name, former names or 10-K subsidiaries with a settlement in 2019-2023 (ECHO file retrieved 2026-09-13)"
ADP,2024,0.0,EPA ECHO ICIS-FE&C civil enforcement cases,https://echo.epa.gov/facilities/enforcement-case-search,2026-09-13,"no federal EPA civil penalty found under the company's name, former names or 10-K subsidiaries with a settlement in 2020-2024 (ECHO file retrieved 2026-09-13)"
ADP,2025,0.0,EPA ECHO ICIS-FE&C civil enforcement cases,https://echo.epa.gov/facilities/enforcement-case-search,2026-09-13,"no federal EPA civil penalty found under the company's name, former names or 10-K subsidiaries with a settlement in 2021-2025 (ECHO file retrieved 2026-09-13)"
ADSK,2020,0.0,EPA ECHO ICIS-FE&C civil enforcement cases,https://echo.epa.gov/facilities/enforcement-case-search,2026-09-13,"no federal EPA civil penalty found under the company's name, former names or 10-K subsidiaries with a settlement in 2016-2020 (ECHO file retrieved 2026-09-13)"
ADSK,2021,0.0,EPA ECHO ICIS-FE&C civil enforcement cases,https://echo.epa.gov/facilities/enforcement-case-search,2026-09-13,"no federal EPA civil penalty found under the company's name, former names or 10-K subsidiaries with a settlement in 2017-2021 (ECHO file retrieved 2026-09-13)"
ADSK,2022,0.0,EPA ECHO ICIS-FE&C civil enforcement cases,https://echo.epa.gov/facilities/enforcement-case-search,2026-09-13,"no federal EPA civil penalty found under the company's name, former names or 10-K subsidiaries with a settlement in 2018-2022 (ECHO file retrieved 2026-09-13)"
ADSK,2023,0.0,EPA ECHO ICIS-FE&C civil enforcement cases,https://echo.epa.gov/facilities/enforcement-case-search,2026-09-13,"no federal EPA civil penalty found under the company's name, former names or 10-K subsidiaries with a settlement in 2019-2023 (ECHO file retrieved 2026-09-13)"
ADSK,2024,0.0,EPA ECHO ICIS-FE&C civil enforcement cases,https://echo.epa.gov/facilities/enforcement-case-search,2026-09-13,"no federal EPA civil penalty found under the company's name, former names or 10-K subsidiaries with a settlement in 2020-2024 (ECHO file retrieved 2026-09-13)"
ADSK,2025,0.0,EPA ECHO ICIS-FE&C civil enforcement cases,https://echo.epa.gov/facilities/enforcement-case-search,2026-09-13,"no federal EPA civil penalty found under the company's name, former names or 10-K subsidiaries with a settlement in 2021-2025 (ECHO file retrieved 2026-09-13)"
AEE,2020,0.0,EPA ECHO ICIS-FE&C civil enforcement cases,https://echo.epa.gov/facilities/enforcement-case-search,2026-09-13,"no federal EPA civil penalty found under the company's name, former names or 10-K subsidiaries with a settlement in 2016-2020 (ECHO file retrieved 2026-09-13)"
AEE,2021,0.0,EPA ECHO ICIS-FE&C civil enforcement cases,https://echo.epa.gov/facilities/enforcement-case-search,2026-09-13,"no federal EPA civil penalty found under the company's name, former names or 10-K subsidiaries with a settlement in 2017-2021 (ECHO file retrieved 2026-09-13)"
AEE,2022,0.0,EPA ECHO ICIS-FE&C civil enforcement cases,https://echo.epa.gov/facilities/enforcement-case-search,2026-09-13,"no federal EPA civil penalty found under the company's name, former names or 10-K subsidiaries with a settlement in 2018-2022 (ECHO file retrieved 2026-09-13)"
AEE,2023,0.0,EPA ECHO ICIS-FE&C civil enforcement cases,https://echo.epa.gov/facilities/enforcement-case-search,2026-09-13,"no federal EPA civil penalty found under the company's name, former names or 10-K subsidiaries with a settlement in 2019-2023 (ECHO file retrieved 2026-09-13)"
AEE,2024,0.0,EPA ECHO ICIS-FE&C civil enforcement cases,https://echo.epa.gov/facilities/enforcement-case-search,2026-09-13,"no federal EPA civil penalty found under the company's name, former names or 10-K subsidiaries with a settlement in 2020-2024 (ECHO file retrieved 2026-09-13)"
AEE,2025,0.0,EPA ECHO ICIS-FE&C civil enforcement cases,https://echo.epa.gov/facilities/enforcement-case-search,2026-09-13,"no federal EPA civil penalty found under the company's name, former names or 10-K subsidiaries with a settlement in 2021-2025 (ECHO file retrieved 2026-09-13)"
AEP,2020,14.82,EPA ECHO ICIS-FE&C civil enforcement cases,https://echo.epa.gov/enforcement-case-report?id=04-2016-9012,2026-09-13,"1 case(s), $233 in 2016-2020 over mean revenue $15.7bn; largest: case 04-2016-9012 (2016), defendant 'KINGSPORT POWER COMPANY', $233"
AEP,2021,0.0,EPA ECHO ICIS-FE&C civil enforcement cases,https://echo.epa.gov/facilities/enforcement-case-search,2026-09-13,"no federal EPA civil penalty found under the company's name, former names or 10-K subsidiaries with a settlement in 2017-2021 (ECHO file retrieved 2026-09-13)"
AEP,2022,0.0,EPA ECHO ICIS-FE&C civil enforcement cases,https://echo.epa.gov/facilities/enforcement-case-search,2026-09-13,"no federal EPA civil penalty found under the company's name, former names or 10-K subsidiaries with a settlement in 2018-2022 (ECHO file retrieved 2026-09-13)"
AEP,2023,0.0,EPA ECHO ICIS-FE&C civil enforcement cases,https://echo.epa.gov/facilities/enforcement-case-search,2026-09-13,"no federal EPA civil penalty found under the company's name, former names or 10-K subsidiaries with a settlement in 2019-2023 (ECHO file retrieved 2026-09-13)"
AEP,2024,506.03,EPA ECHO ICIS-FE&C civil enforcement cases,https://echo.epa.gov/enforcement-case-report?id=03-2024-0096,2026-09-13,"1 case(s), $9,187 in 2020-2024 over mean revenue $18.2bn; largest: case 03-2024-0096 (2024), defendant 'APPALACHIAN POWER COMPANY', $9,187"
AEP,2025,470.0,EPA ECHO ICIS-FE&C civil enforcement cases,https://echo.epa.gov/enforcement-case-report?id=03-2024-0096,2026-09-13,"1 case(s), $9,187 in 2021-2025 over mean revenue $19.5bn; largest: case 03-2024-0096 (2024), defendant 'APPALACHIAN POWER COMPANY', $9,187"
AES,2020,0.0,EPA ECHO ICIS-FE&C civil enforcement cases,https://echo.epa.gov/facilities/enforcement-case-search,2026-09-13,"no federal EPA civil penalty found under the company's name, former names or 10-K subsidiaries with a settlement in 2016-2020 (ECHO file retrieved 2026-09-13)"
AES,2021,0.0,EPA ECHO ICIS-FE&C civil enforcement cases,https://echo.epa.gov/facilities/enforcement-case-search,2026-09-13,"no federal EPA civil penalty found under the company's name, former names or 10-K subsidiaries with a settlement in 2017-2021 (ECHO file retrieved 2026-09-13)"
AES,2022,0.0,EPA ECHO ICIS-FE&C civil enforcement cases,https://echo.epa.gov/facilities/enforcement-case-search,2026-09-13,"no federal EPA civil penalty found under the company's name, former names or 10-K subsidiaries with a settlement in 2018-2022 (ECHO file retrieved 2026-09-13)"
AES,2023,0.0,EPA ECHO ICIS-FE&C civil enforcement cases,https://echo.epa.gov/facilities/enforcement-case-search,2026-09-13,"no federal EPA civil penalty found under the company's name, former names or 10-K subsidiaries with a settlement in 2019-2023 (ECHO file retrieved 2026-09-13)"
AES,2024,273871.31,EPA ECHO ICIS-FE&C civil enforcement cases,https://echo.epa.gov/enforcement-case-report?id=02-2024-1215,2026-09-13,"2 case(s), $3,196,845 in 2020-2024 over mean revenue $11.7bn; largest: case 02-2024-1215 (2024), defendant 'AES Puerto Rico, L.P.', $3,125,000"
AES,2025,262307.38,EPA ECHO ICIS-FE&C civil enforcement cases,https://echo.epa.gov/enforcement-case-report?id=02-2024-1215,2026-09-13,"2 case(s), $3,196,845 in 2021-2025 over mean revenue $12.2bn; largest: case 02-2024-1215 (2024), defendant 'AES Puerto Rico, L.P.', $3,125,000"
AFL,2020,0.0,EPA ECHO ICIS-FE&C civil enforcement cases,https://echo.epa.gov/facilities/enforcement-case-search,2026-09-13,"no federal EPA civil penalty found under the company's name, former names or 10-K subsidiaries with a settlement in 2016-2020 (ECHO file retrieved 2026-09-13)"
AFL,2021,0.0,EPA ECHO ICIS-FE&C civil enforcement cases,https://echo.epa.gov/facilities/enforcement-case-search,2026-09-13,"no federal EPA civil penalty found under the company's name, former names or 10-K subsidiaries with a settlement in 2017-2021 (ECHO file retrieved 2026-09-13)"
AFL,2022,0.0,EPA ECHO ICIS-FE&C civil enforcement cases,https://echo.epa.gov/facilities/enforcement-case-search,2026-09-13,"no federal EPA civil penalty found under the company's name, former names or 10-K subsidiaries with a settlement in 2018-2022 (ECHO file retrieved 2026-09-13)"
AFL,2023,0.0,EPA ECHO ICIS-FE&C civil enforcement cases,https://echo.epa.gov/facilities/enforcement-case-search,2026-09-13,"no federal EPA civil penalty found under the company's name, former names or 10-K subsidiaries with a settlement in 2019-2023 (ECHO file retrieved 2026-09-13)"
AFL,2024,0.0,EPA ECHO ICIS-FE&C civil enforcement cases,https://echo.epa.gov/facilities/enforcement-case-search,2026-09-13,"no federal EPA civil penalty found under the company's name, former names or 10-K subsidiaries with a settlement in 2020-2024 (ECHO file retrieved 2026-09-13)"
AFL,2025,0.0,EPA ECHO ICIS-FE&C civil enforcement cases,https://echo.epa.gov/facilities/enforcement-case-search,2026-09-13,"no federal EPA civil penalty found under the company's name, former names or 10-K subsidiaries with a settlement in 2021-2025 (ECHO file retrieved 2026-09-13)"
AIG,2020,4.79,EPA ECHO ICIS-FE&C civil enforcement cases,https://echo.epa.gov/enforcement-case-report?id=04-2016-9012,2026-09-13,"1 case(s), $233 in 2016-2020 over mean revenue $48.6bn; largest: case 04-2016-9012 (2016), defendant 'NEW HAMPSHIRE INSURANCE COMPANY', $233"
AIG,2021,0.0,EPA ECHO ICIS-FE&C civil enforcement cases,https://echo.epa.gov/facilities/enforcement-case-search,2026-09-13,"no federal EPA civil penalty found under the company's name, former names or 10-K subsidiaries with a settlement in 2017-2021 (ECHO file retrieved 2026-09-13)"
AIG,2022,0.0,EPA ECHO ICIS-FE&C civil enforcement cases,https://echo.epa.gov/facilities/enforcement-case-search,2026-09-13,"no federal EPA civil penalty found under the company's name, former names or 10-K subsidiaries with a settlement in 2018-2022 (ECHO file retrieved 2026-09-13)"
AIG,2023,0.0,EPA ECHO ICIS-FE&C civil enforcement cases,https://echo.epa.gov/facilities/enforcement-case-search,2026-09-13,"no federal EPA civil penalty found under the company's name, former names or 10-K subsidiaries with a settlement in 2019-2023 (ECHO file retrieved 2026-09-13)"
AIG,2024,0.0,EPA ECHO ICIS-FE&C civil enforcement cases,https://echo.epa.gov/facilities/enforcement-case-search,2026-09-13,"no federal EPA civil penalty found under the company's name, former names or 10-K subsidiaries with a settlement in 2020-2024 (ECHO file retrieved 2026-09-13)"
AIG,2025,0.0,EPA ECHO ICIS-FE&C civil enforcement cases,https://echo.epa.gov/facilities/enforcement-case-search,2026-09-13,"no federal EPA civil penalty found under the company's name, former names or 10-K subsidiaries with a settlement in 2021-2025 (ECHO file retrieved 2026-09-13)"
AIZ,2020,0.0,EPA ECHO ICIS-FE&C civil enforcement cases,https://echo.epa.gov/facilities/enforcement-case-search,2026-09-13,"no federal EPA civil penalty found under the company's name, former names or 10-K subsidiaries with a settlement in 2016-2020 (ECHO file retrieved 2026-09-13)"
AIZ,2021,0.0,EPA ECHO ICIS-FE&C civil enforcement cases,https://echo.epa.gov/facilities/enforcement-case-search,2026-09-13,"no federal EPA civil penalty found under the company's name, former names or 10-K subsidiaries with a settlement in 2017-2021 (ECHO file retrieved 2026-09-13)"
AIZ,2022,0.0,EPA ECHO ICIS-FE&C civil enforcement cases,https://echo.epa.gov/facilities/enforcement-case-search,2026-09-13,"no federal EPA civil penalty found under the company's name, former names or 10-K subsidiaries with a settlement in 2018-2022 (ECHO file retrieved 2026-09-13)"
AIZ,2023,0.0,EPA ECHO ICIS-FE&C civil enforcement cases,https://echo.epa.gov/facilities/enforcement-case-search,2026-09-13,"no federal EPA civil penalty found under the company's name, former names or 10-K subsidiaries with a settlement in 2019-2023 (ECHO file retrieved 2026-09-13)"
AIZ,2024,0.0,EPA ECHO ICIS-FE&C civil enforcement cases,https://echo.epa.gov/facilities/enforcement-case-search,2026-09-13,"no federal EPA civil penalty found under the company's name, former names or 10-K subsidiaries with a settlement in 2020-2024 (ECHO file retrieved 2026-09-13)"
AIZ,2025,0.0,EPA ECHO ICIS-FE&C civil enforcement cases,https://echo.epa.gov/facilities/enforcement-case-search,2026-09-13,"no federal EPA civil penalty found under the company's name, former names or 10-K subsidiaries with a settlement in 2021-2025 (ECHO file retrieved 2026-09-13)"
AJG,2020,0.0,EPA ECHO ICIS-FE&C civil enforcement cases,https://echo.epa.gov/facilities/enforcement-case-search,2026-09-13,"no federal EPA civil penalty found under the company's name, former names or 10-K subsidiaries with a settlement in 2016-2020 (ECHO file retrieved 2026-09-13)"
AJG,2021,0.0,EPA ECHO ICIS-FE&C civil enforcement cases,https://echo.epa.gov/facilities/enforcement-case-search,2026-09-13,"no federal EPA civil penalty found under the company's name, former names or 10-K subsidiaries with a settlement in 2017-2021 (ECHO file retrieved 2026-09-13)"
AJG,2022,0.0,EPA ECHO ICIS-FE&C civil enforcement cases,https://echo.epa.gov/facilities/enforcement-case-search,2026-09-13,"no federal EPA civil penalty found under the company's name, former names or 10-K subsidiaries with a settlement in 2018-2022 (ECHO file retrieved 2026-09-13)"
AJG,2023,0.0,EPA ECHO ICIS-FE&C civil enforcement cases,https://echo.epa.gov/facilities/enforcement-case-search,2026-09-13,"no federal EPA civil penalty found under the company's name, former names or 10-K subsidiaries with a settlement in 2019-2023 (ECHO file retrieved 2026-09-13)"
AJG,2024,0.0,EPA ECHO ICIS-FE&C civil enforcement cases,https://echo.epa.gov/facilities/enforcement-case-search,2026-09-13,"no federal EPA civil penalty found under the company's name, former names or 10-K subsidiaries with a settlement in 2020-2024 (ECHO file retrieved 2026-09-13)"
AJG,2025,0.0,EPA ECHO ICIS-FE&C civil enforcement cases,https://echo.epa.gov/facilities/enforcement-case-search,2026-09-13,"no federal EPA civil penalty found under the company's name, former names or 10-K subsidiaries with a settlement in 2021-2025 (ECHO file retrieved 2026-09-13)"
AKAM,2020,0.0,EPA ECHO ICIS-FE&C civil enforcement cases,https://echo.epa.gov/facilities/enforcement-case-search,2026-09-13,"no federal EPA civil penalty found under the company's name, former names or 10-K subsidiaries with a settlement in 2016-2020 (ECHO file retrieved 2026-09-13)"
AKAM,2021,0.0,EPA ECHO ICIS-FE&C civil enforcement cases,https://echo.epa.gov/facilities/enforcement-case-search,2026-09-13,"no federal EPA civil penalty found under the company's name, former names or 10-K subsidiaries with a settlement in 2017-2021 (ECHO file retrieved 2026-09-13)"
AKAM,2022,0.0,EPA ECHO ICIS-FE&C civil enforcement cases,https://echo.epa.gov/facilities/enforcement-case-search,2026-09-13,"no federal EPA civil penalty found under the company's name, former names or 10-K subsidiaries with a settlement in 2018-2022 (ECHO file retrieved 2026-09-13)"
AKAM,2023,0.0,EPA ECHO ICIS-FE&C civil enforcement cases,https://echo.epa.gov/facilities/enforcement-case-search,2026-09-13,"no federal EPA civil penalty found under the company's name, former names or 10-K subsidiaries with a settlement in 2019-2023 (ECHO file retrieved 2026-09-13)"
AKAM,2024,0.0,EPA ECHO ICIS-FE&C civil enforcement cases,https://echo.epa.gov/facilities/enforcement-case-search,2026-09-13,"no federal EPA civil penalty found under the company's name, former names or 10-K subsidiaries with a settlement in 2020-2024 (ECHO file retrieved 2026-09-13)"
AKAM,2025,0.0,EPA ECHO ICIS-FE&C civil enforcement cases,https://echo.epa.gov/facilities/enforcement-case-search,2026-09-13,"no federal EPA civil penalty found under the company's name, former names or 10-K subsidiaries with a settlement in 2021-2025 (ECHO file retrieved 2026-09-13)"
ALB,2020,1211.3,EPA ECHO ICIS-FE&C civil enforcement cases,https://echo.epa.gov/enforcement-case-report?id=03-2018-0109,2026-09-13,"1 case(s), $3,838 in 2016-2020 over mean revenue $3.2bn; largest: case 03-2018-0109 (2018), defendant 'ALBEMARLE CORPORATION', $3,838"
ALB,2021,1163.51,EPA ECHO ICIS-FE&C civil enforcement cases,https://echo.epa.gov/enforcement-case-report?id=03-2018-0109,2026-09-13,"1 case(s), $3,838 in 2017-2021 over mean revenue $3.3bn; largest: case 03-2018-0109 (2018), defendant 'ALBEMARLE CORPORATION', $3,838"
ALB,2022,925.21,EPA ECHO ICIS-FE&C civil enforcement cases,https://echo.epa.gov/enforcement-case-report?id=03-2018-0109,2026-09-13,"1 case(s), $3,838 in 2018-2022 over mean revenue $4.1bn; largest: case 03-2018-0109 (2018), defendant 'ALBEMARLE CORPORATION', $3,838"
ALB,2023,222.36,EPA ECHO ICIS-FE&C civil enforcement cases,https://echo.epa.gov/enforcement-case-report?id=06-2023-3325,2026-09-13,"1 case(s), $1,200 in 2019-2023 over mean revenue $5.4bn; largest: case 06-2023-3325 (2023), defendant 'Albemarle Corporation', $1,200"
ALB,2024,37133.71,EPA ECHO ICIS-FE&C civil enforcement cases,https://echo.epa.gov/enforcement-case-report?id=04-2025-6001,2026-09-13,"2 case(s), $213,680 in 2020-2024 over mean revenue $5.8bn; largest: case 04-2025-6001 (2024), defendant 'ALBEMARLE CORPORATION', $212,480"
ALB,2025,34704.62,EPA ECHO ICIS-FE&C civil enforcement cases,https://echo.epa.gov/enforcement-case-report?id=04-2025-6001,2026-09-13,"2 case(s), $213,680 in 2021-2025 over mean revenue $6.2bn; largest: case 04-2025-6001 (2024), defendant 'ALBEMARLE CORPORATION', $212,480"
ALGN,2020,0.0,EPA ECHO ICIS-FE&C civil enforcement cases,https://echo.epa.gov/facilities/enforcement-case-search,2026-09-13,"no federal EPA civil penalty found under the company's name, former names or 10-K subsidiaries with a settlement in 2016-2020 (ECHO file retrieved 2026-09-13)"
ALGN,2021,0.0,EPA ECHO ICIS-FE&C civil enforcement cases,https://echo.epa.gov/facilities/enforcement-case-search,2026-09-13,"no federal EPA civil penalty found under the company's name, former names or 10-K subsidiaries with a settlement in 2017-2021 (ECHO file retrieved 2026-09-13)"
ALGN,2022,0.0,EPA ECHO ICIS-FE&C civil enforcement cases,https://echo.epa.gov/facilities/enforcement-case-search,2026-09-13,"no federal EPA civil penalty found under the company's name, former names or 10-K subsidiaries with a settlement in 2018-2022 (ECHO file retrieved 2026-09-13)"
ALGN,2023,0.0,EPA ECHO ICIS-FE&C civil enforcement cases,https://echo.epa.gov/facilities/enforcement-case-search,2026-09-13,"no federal EPA civil penalty found under the company's name, former names or 10-K subsidiaries with a settlement in 2019-2023 (ECHO file retrieved 2026-09-13)"
ALGN,2024,0.0,EPA ECHO ICIS-FE&C civil enforcement cases,https://echo.epa.gov/facilities/enforcement-case-search,2026-09-13,"no federal EPA civil penalty found under the company's name, former names or 10-K subsidiaries with a settlement in 2020-2024 (ECHO file retrieved 2026-09-13)"
ALGN,2025,0.0,EPA ECHO ICIS-FE&C civil enforcement cases,https://echo.epa.gov/facilities/enforcement-case-search,2026-09-13,"no federal EPA civil penalty found under the company's name, former names or 10-K subsidiaries with a settlement in 2021-2025 (ECHO file retrieved 2026-09-13)"
ALL,2020,0.0,EPA ECHO ICIS-FE&C civil enforcement cases,https://echo.epa.gov/facilities/enforcement-case-search,2026-09-13,"no federal EPA civil penalty found under the company's name, former names or 10-K subsidiaries with a settlement in 2016-2020 (ECHO file retrieved 2026-09-13)"
ALL,2021,0.0,EPA ECHO ICIS-FE&C civil enforcement cases,https://echo.epa.gov/facilities/enforcement-case-search,2026-09-13,"no federal EPA civil penalty found under the company's name, former names or 10-K subsidiaries with a settlement in 2017-2021 (ECHO file retrieved 2026-09-13)"
ALL,2022,0.0,EPA ECHO ICIS-FE&C civil enforcement cases,https://echo.epa.gov/facilities/enforcement-case-search,2026-09-13,"no federal EPA civil penalty found under the company's name, former names or 10-K subsidiaries with a settlement in 2018-2022 (ECHO file retrieved 2026-09-13)"
ALL,2023,0.0,EPA ECHO ICIS-FE&C civil enforcement cases,https://echo.epa.gov/facilities/enforcement-case-search,2026-09-13,"no federal EPA civil penalty found under the company's name, former names or 10-K subsidiaries with a settlement in 2019-2023 (ECHO file retrieved 2026-09-13)"
ALL,2024,0.0,EPA ECHO ICIS-FE&C civil enforcement cases,https://echo.epa.gov/facilities/enforcement-case-search,2026-09-13,"no federal EPA civil penalty found under the company's name, former names or 10-K subsidiaries with a settlement in 2020-2024 (ECHO file retrieved 2026-09-13)"
ALL,2025,0.0,EPA ECHO ICIS-FE&C civil enforcement cases,https://echo.epa.gov/facilities/enforcement-case-search,2026-09-13,"no federal EPA civil penalty found under the company's name, former names or 10-K subsidiaries with a settlement in 2021-2025 (ECHO file retrieved 2026-09-13)"
ALLE,2020,0.0,EPA ECHO ICIS-FE&C civil enforcement cases,https://echo.epa.gov/facilities/enforcement-case-search,2026-09-13,"no federal EPA civil penalty found under the company's name, former names or 10-K subsidiaries with a settlement in 2016-2020 (ECHO file retrieved 2026-09-13)"
ALLE,2021,0.0,EPA ECHO ICIS-FE&C civil enforcement cases,https://echo.epa.gov/facilities/enforcement-case-search,2026-09-13,"no federal EPA civil penalty found under the company's name, former names or 10-K subsidiaries with a settlement in 2017-2021 (ECHO file retrieved 2026-09-13)"
ALLE,2022,0.0,EPA ECHO ICIS-FE&C civil enforcement cases,https://echo.epa.gov/facilities/enforcement-case-search,2026-09-13,"no federal EPA civil penalty found under the company's name, former names or 10-K subsidiaries with a settlement in 2018-2022 (ECHO file retrieved 2026-09-13)"
ALLE,2023,0.0,EPA ECHO ICIS-FE&C civil enforcement cases,https://echo.epa.gov/facilities/enforcement-case-search,2026-09-13,"no federal EPA civil penalty found under the company's name, former names or 10-K subsidiaries with a settlement in 2019-2023 (ECHO file retrieved 2026-09-13)"
ALLE,2024,0.0,EPA ECHO ICIS-FE&C civil enforcement cases,https://echo.epa.gov/facilities/enforcement-case-search,2026-09-13,"no federal EPA civil penalty found under the company's name, former names or 10-K subsidiaries with a settlement in 2020-2024 (ECHO file retrieved 2026-09-13)"
ALLE,2025,0.0,EPA ECHO ICIS-FE&C civil enforcement cases,https://echo.epa.gov/facilities/enforcement-case-search,2026-09-13,"no federal EPA civil penalty found under the company's name, former names or 10-K subsidiaries with a settlement in 2021-2025 (ECHO file retrieved 2026-09-13)"
AMAT,2020,0.0,EPA ECHO ICIS-FE&C civil enforcement cases,https://echo.epa.gov/facilities/enforcement-case-search,2026-09-13,"no federal EPA civil penalty found under the company's name, former names or 10-K subsidiaries with a settlement in 2016-2020 (ECHO file retrieved 2026-09-13)"
AMAT,2021,0.0,EPA ECHO ICIS-FE&C civil enforcement cases,https://echo.epa.gov/facilities/enforcement-case-search,2026-09-13,"no federal EPA civil penalty found under the company's name, former names or 10-K subsidiaries with a settlement in 2017-2021 (ECHO file retrieved 2026-09-13)"
AMAT,2022,0.0,EPA ECHO ICIS-FE&C civil enforcement cases,https://echo.epa.gov/facilities/enforcement-case-search,2026-09-13,"no federal EPA civil penalty found under the company's name, former names or 10-K subsidiaries with a settlement in 2018-2022 (ECHO file retrieved 2026-09-13)"
AMAT,2023,0.0,EPA ECHO ICIS-FE&C civil enforcement cases,https://echo.epa.gov/facilities/enforcement-case-search,2026-09-13,"no federal EPA civil penalty found under the company's name, former names or 10-K subsidiaries with a settlement in 2019-2023 (ECHO file retrieved 2026-09-13)"
AMAT,2024,0.0,EPA ECHO ICIS-FE&C civil enforcement cases,https://echo.epa.gov/facilities/enforcement-case-search,2026-09-13,"no federal EPA civil penalty found under the company's name, former names or 10-K subsidiaries with a settlement in 2020-2024 (ECHO file retrieved 2026-09-13)"
AMAT,2025,0.0,EPA ECHO ICIS-FE&C civil enforcement cases,https://echo.epa.gov/facilities/enforcement-case-search,2026-09-13,"no federal EPA civil penalty found under the company's name, former names or 10-K subsidiaries with a settlement in 2021-2025 (ECHO file retrieved 2026-09-13)"
AMCR,2020,0.0,EPA ECHO ICIS-FE&C civil enforcement cases,https://echo.epa.gov/facilities/enforcement-case-search,2026-09-13,"no federal EPA civil penalty found under the company's name, former names or 10-K subsidiaries with a settlement in 2016-2020 (ECHO file retrieved 2026-09-13)"
AMCR,2021,0.0,EPA ECHO ICIS-FE&C civil enforcement cases,https://echo.epa.gov/facilities/enforcement-case-search,2026-09-13,"no federal EPA civil penalty found under the company's name, former names or 10-K subsidiaries with a settlement in 2017-2021 (ECHO file retrieved 2026-09-13)"
AMCR,2022,586.1,EPA ECHO ICIS-FE&C civil enforcement cases,https://echo.epa.gov/enforcement-case-report?id=07-2022-0077,2026-09-13,"1 case(s), $6,875 in 2018-2022 over mean revenue $11.7bn; largest: case 07-2022-0077 (2022), defendant 'Amcor Flexibles North America Inc.', $6,875"
AMCR,2023,575.4,EPA ECHO ICIS-FE&C civil enforcement cases,https://echo.epa.gov/enforcement-case-report?id=07-2022-0077,2026-09-13,"1 case(s), $6,875 in 2019-2023 over mean revenue $11.9bn; largest: case 07-2022-0077 (2022), defendant 'Amcor Flexibles North America Inc.', $6,875"
AMCR,2024,537.76,EPA ECHO ICIS-FE&C civil enforcement cases,https://echo.epa.gov/enforcement-case-report?id=07-2022-0077,2026-09-13,"1 case(s), $6,875 in 2020-2024 over mean revenue $12.8bn; largest: case 07-2022-0077 (2022), defendant 'Amcor Flexibles North America Inc.', $6,875"
AMCR,2025,517.2,EPA ECHO ICIS-FE&C civil enforcement cases,https://echo.epa.gov/enforcement-case-report?id=07-2022-0077,2026-09-13,"1 case(s), $6,875 in 2021-2025 over mean revenue $13.3bn; largest: case 07-2022-0077 (2022), defendant 'Amcor Flexibles North America Inc.', $6,875"
AMD,2020,0.0,EPA ECHO ICIS-FE&C civil enforcement cases,https://echo.epa.gov/facilities/enforcement-case-search,2026-09-13,"no federal EPA civil penalty found under the company's name, former names or 10-K subsidiaries with a settlement in 2016-2020 (ECHO file retrieved 2026-09-13)"
AMD,2021,0.0,EPA ECHO ICIS-FE&C civil enforcement cases,https://echo.epa.gov/facilities/enforcement-case-search,2026-09-13,"no federal EPA civil penalty found under the company's name, former names or 10-K subsidiaries with a settlement in 2017-2021 (ECHO file retrieved 2026-09-13)"
AMD,2022,0.0,EPA ECHO ICIS-FE&C civil enforcement cases,https://echo.epa.gov/facilities/enforcement-case-search,2026-09-13,"no federal EPA civil penalty found under the company's name, former names or 10-K subsidiaries with a settlement in 2018-2022 (ECHO file retrieved 2026-09-13)"
AMD,2023,0.0,EPA ECHO ICIS-FE&C civil enforcement cases,https://echo.epa.gov/facilities/enforcement-case-search,2026-09-13,"no federal EPA civil penalty found under the company's name, former names or 10-K subsidiaries with a settlement in 2019-2023 (ECHO file retrieved 2026-09-13)"
AMD,2024,0.0,EPA ECHO ICIS-FE&C civil enforcement cases,https://echo.epa.gov/facilities/enforcement-case-search,2026-09-13,"no federal EPA civil penalty found under the company's name, former names or 10-K subsidiaries with a settlement in 2020-2024 (ECHO file retrieved 2026-09-13)"
AMD,2025,0.0,EPA ECHO ICIS-FE&C civil enforcement cases,https://echo.epa.gov/facilities/enforcement-case-search,2026-09-13,"no federal EPA civil penalty found under the company's name, former names or 10-K subsidiaries with a settlement in 2021-2025 (ECHO file retrieved 2026-09-13)"
AME,2020,0.0,EPA ECHO ICIS-FE&C civil enforcement cases,https://echo.epa.gov/facilities/enforcement-case-search,2026-09-13,"no federal EPA civil penalty found under the company's name, former names or 10-K subsidiaries with a settlement in 2016-2020 (ECHO file retrieved 2026-09-13)"
AME,2021,0.0,EPA ECHO ICIS-FE&C civil enforcement cases,https://echo.epa.gov/facilities/enforcement-case-search,2026-09-13,"no federal EPA civil penalty found under the company's name, former names or 10-K subsidiaries with a settlement in 2017-2021 (ECHO file retrieved 2026-09-13)"
AME,2022,0.0,EPA ECHO ICIS-FE&C civil enforcement cases,https://echo.epa.gov/facilities/enforcement-case-search,2026-09-13,"no federal EPA civil penalty found under the company's name, former names or 10-K subsidiaries with a settlement in 2018-2022 (ECHO file retrieved 2026-09-13)"
AME,2023,0.0,EPA ECHO ICIS-FE&C civil enforcement cases,https://echo.epa.gov/facilities/enforcement-case-search,2026-09-13,"no federal EPA civil penalty found under the company's name, former names or 10-K subsidiaries with a settlement in 2019-2023 (ECHO file retrieved 2026-09-13)"
AME,2024,0.0,EPA ECHO ICIS-FE&C civil enforcement cases,https://echo.epa.gov/facilities/enforcement-case-search,2026-09-13,"no federal EPA civil penalty found under the company's name, former names or 10-K subsidiaries with a settlement in 2020-2024 (ECHO file retrieved 2026-09-13)"
AME,2025,0.0,EPA ECHO ICIS-FE&C civil enforcement cases,https://echo.epa.gov/facilities/enforcement-case-search,2026-09-13,"no federal EPA civil penalty found under the company's name, former names or 10-K subsidiaries with a settlement in 2021-2025 (ECHO file retrieved 2026-09-13)"
AMGN,2020,0.0,EPA ECHO ICIS-FE&C civil enforcement cases,https://echo.epa.gov/facilities/enforcement-case-search,2026-09-13,"no federal EPA civil penalty found under the company's name, former names or 10-K subsidiaries with a settlement in 2016-2020 (ECHO file retrieved 2026-09-13)"
AMGN,2021,0.0,EPA ECHO ICIS-FE&C civil enforcement cases,https://echo.epa.gov/facilities/enforcement-case-search,2026-09-13,"no federal EPA civil penalty found under the company's name, former names or 10-K subsidiaries with a settlement in 2017-2021 (ECHO file retrieved 2026-09-13)"
AMGN,2022,0.0,EPA ECHO ICIS-FE&C civil enforcement cases,https://echo.epa.gov/facilities/enforcement-case-search,2026-09-13,"no federal EPA civil penalty found under the company's name, former names or 10-K subsidiaries with a settlement in 2018-2022 (ECHO file retrieved 2026-09-13)"
AMGN,2023,0.0,EPA ECHO ICIS-FE&C civil enforcement cases,https://echo.epa.gov/facilities/enforcement-case-search,2026-09-13,"no federal EPA civil penalty found under the company's name, former names or 10-K subsidiaries with a settlement in 2019-2023 (ECHO file retrieved 2026-09-13)"
AMGN,2024,0.0,EPA ECHO ICIS-FE&C civil enforcement cases,https://echo.epa.gov/facilities/enforcement-case-search,2026-09-13,"no federal EPA civil penalty found under the company's name, former names or 10-K subsidiaries with a settlement in 2020-2024 (ECHO file retrieved 2026-09-13)"
AMGN,2025,0.0,EPA ECHO ICIS-FE&C civil enforcement cases,https://echo.epa.gov/facilities/enforcement-case-search,2026-09-13,"no federal EPA civil penalty found under the company's name, former names or 10-K subsidiaries with a settlement in 2021-2025 (ECHO file retrieved 2026-09-13)"
AMP,2020,0.0,EPA ECHO ICIS-FE&C civil enforcement cases,https://echo.epa.gov/facilities/enforcement-case-search,2026-09-13,"no federal EPA civil penalty found under the company's name, former names or 10-K subsidiaries with a settlement in 2016-2020 (ECHO file retrieved 2026-09-13)"
AMP,2021,0.0,EPA ECHO ICIS-FE&C civil enforcement cases,https://echo.epa.gov/facilities/enforcement-case-search,2026-09-13,"no federal EPA civil penalty found under the company's name, former names or 10-K subsidiaries with a settlement in 2017-2021 (ECHO file retrieved 2026-09-13)"
AMP,2022,0.0,EPA ECHO ICIS-FE&C civil enforcement cases,https://echo.epa.gov/facilities/enforcement-case-search,2026-09-13,"no federal EPA civil penalty found under the company's name, former names or 10-K subsidiaries with a settlement in 2018-2022 (ECHO file retrieved 2026-09-13)"
AMP,2023,0.0,EPA ECHO ICIS-FE&C civil enforcement cases,https://echo.epa.gov/facilities/enforcement-case-search,2026-09-13,"no federal EPA civil penalty found under the company's name, former names or 10-K subsidiaries with a settlement in 2019-2023 (ECHO file retrieved 2026-09-13)"
AMP,2024,0.0,EPA ECHO ICIS-FE&C civil enforcement cases,https://echo.epa.gov/facilities/enforcement-case-search,2026-09-13,"no federal EPA civil penalty found under the company's name, former names or 10-K subsidiaries with a settlement in 2020-2024 (ECHO file retrieved 2026-09-13)"
AMP,2025,0.0,EPA ECHO ICIS-FE&C civil enforcement cases,https://echo.epa.gov/facilities/enforcement-case-search,2026-09-13,"no federal EPA civil penalty found under the company's name, former names or 10-K subsidiaries with a settlement in 2021-2025 (ECHO file retrieved 2026-09-13)"
AMT,2020,0.0,EPA ECHO ICIS-FE&C civil enforcement cases,https://echo.epa.gov/facilities/enforcement-case-search,2026-09-13,"no federal EPA civil penalty found under the company's name, former names or 10-K subsidiaries with a settlement in 2016-2020 (ECHO file retrieved 2026-09-13)"
AMT,2021,0.0,EPA ECHO ICIS-FE&C civil enforcement cases,https://echo.epa.gov/facilities/enforcement-case-search,2026-09-13,"no federal EPA civil penalty found under the company's name, former names or 10-K subsidiaries with a settlement in 2017-2021 (ECHO file retrieved 2026-09-13)"
AMT,2022,0.0,EPA ECHO ICIS-FE&C civil enforcement cases,https://echo.epa.gov/facilities/enforcement-case-search,2026-09-13,"no federal EPA civil penalty found under the company's name, former names or 10-K subsidiaries with a settlement in 2018-2022 (ECHO file retrieved 2026-09-13)"
AMT,2023,0.0,EPA ECHO ICIS-FE&C civil enforcement cases,https://echo.epa.gov/facilities/enforcement-case-search,2026-09-13,"no federal EPA civil penalty found under the company's name, former names or 10-K subsidiaries with a settlement in 2019-2023 (ECHO file retrieved 2026-09-13)"
AMT,2024,0.0,EPA ECHO ICIS-FE&C civil enforcement cases,https://echo.epa.gov/facilities/enforcement-case-search,2026-09-13,"no federal EPA civil penalty found under the company's name, former names or 10-K subsidiaries with a settlement in 2020-2024 (ECHO file retrieved 2026-09-13)"
AMT,2025,0.0,EPA ECHO ICIS-FE&C civil enforcement cases,https://echo.epa.gov/facilities/enforcement-case-search,2026-09-13,"no federal EPA civil penalty found under the company's name, former names or 10-K subsidiaries with a settlement in 2021-2025 (ECHO file retrieved 2026-09-13)"
AMZN,2020,0.0,EPA ECHO ICIS-FE&C civil enforcement cases,https://echo.epa.gov/facilities/enforcement-case-search,2026-09-13,"no federal EPA civil penalty found under the company's name, former names or 10-K subsidiaries with a settlement in 2016-2020 (ECHO file retrieved 2026-09-13)"
AMZN,2021,0.0,EPA ECHO ICIS-FE&C civil enforcement cases,https://echo.epa.gov/facilities/enforcement-case-search,2026-09-13,"no federal EPA civil penalty found under the company's name, former names or 10-K subsidiaries with a settlement in 2017-2021 (ECHO file retrieved 2026-09-13)"
AMZN,2022,9.96,EPA ECHO ICIS-FE&C civil enforcement cases,https://echo.epa.gov/enforcement-case-report?id=07-2022-0131,2026-09-13,"1 case(s), $3,750 in 2018-2022 over mean revenue $376.7bn; largest: case 07-2022-0131 (2022), defendant 'Amazon.com Services LLC', $3,750"
AMZN,2023,8.43,EPA ECHO ICIS-FE&C civil enforcement cases,https://echo.epa.gov/enforcement-case-report?id=07-2022-0131,2026-09-13,"1 case(s), $3,750 in 2019-2023 over mean revenue $445.0bn; largest: case 07-2022-0131 (2022), defendant 'Amazon.com Services LLC', $3,750"
AMZN,2024,7.26,EPA ECHO ICIS-FE&C civil enforcement cases,https://echo.epa.gov/enforcement-case-report?id=07-2022-0131,2026-09-13,"1 case(s), $3,750 in 2020-2024 over mean revenue $516.5bn; largest: case 07-2022-0131 (2022), defendant 'Amazon.com Services LLC', $3,750"
AMZN,2025,6.44,EPA ECHO ICIS-FE&C civil enforcement cases,https://echo.epa.gov/enforcement-case-report?id=07-2022-0131,2026-09-13,"1 case(s), $3,750 in 2021-2025 over mean revenue $582.7bn; largest: case 07-2022-0131 (2022), defendant 'Amazon.com Services LLC', $3,750"
ANET,2020,0.0,EPA ECHO ICIS-FE&C civil enforcement cases,https://echo.epa.gov/facilities/enforcement-case-search,2026-09-13,"no federal EPA civil penalty found under the company's name, former names or 10-K subsidiaries with a settlement in 2016-2020 (ECHO file retrieved 2026-09-13)"
ANET,2021,0.0,EPA ECHO ICIS-FE&C civil enforcement cases,https://echo.epa.gov/facilities/enforcement-case-search,2026-09-13,"no federal EPA civil penalty found under the company's name, former names or 10-K subsidiaries with a settlement in 2017-2021 (ECHO file retrieved 2026-09-13)"
ANET,2022,0.0,EPA ECHO ICIS-FE&C civil enforcement cases,https://echo.epa.gov/facilities/enforcement-case-search,2026-09-13,"no federal EPA civil penalty found under the company's name, former names or 10-K subsidiaries with a settlement in 2018-2022 (ECHO file retrieved 2026-09-13)"
ANET,2023,0.0,EPA ECHO ICIS-FE&C civil enforcement cases,https://echo.epa.gov/facilities/enforcement-case-search,2026-09-13,"no federal EPA civil penalty found under the company's name, former names or 10-K subsidiaries with a settlement in 2019-2023 (ECHO file retrieved 2026-09-13)"
ANET,2024,0.0,EPA ECHO ICIS-FE&C civil enforcement cases,https://echo.epa.gov/facilities/enforcement-case-search,2026-09-13,"no federal EPA civil penalty found under the company's name, former names or 10-K subsidiaries with a settlement in 2020-2024 (ECHO file retrieved 2026-09-13)"
ANET,2025,0.0,EPA ECHO ICIS-FE&C civil enforcement cases,https://echo.epa.gov/facilities/enforcement-case-search,2026-09-13,"no federal EPA civil penalty found under the company's name, former names or 10-K subsidiaries with a settlement in 2021-2025 (ECHO file retrieved 2026-09-13)"
AON,2020,0.0,EPA ECHO ICIS-FE&C civil enforcement cases,https://echo.epa.gov/facilities/enforcement-case-search,2026-09-13,"no federal EPA civil penalty found under the company's name, former names or 10-K subsidiaries with a settlement in 2016-2020 (ECHO file retrieved 2026-09-13)"
AON,2021,0.0,EPA ECHO ICIS-FE&C civil enforcement cases,https://echo.epa.gov/facilities/enforcement-case-search,2026-09-13,"no federal EPA civil penalty found under the company's name, former names or 10-K subsidiaries with a settlement in 2017-2021 (ECHO file retrieved 2026-09-13)"
AON,2022,0.0,EPA ECHO ICIS-FE&C civil enforcement cases,https://echo.epa.gov/facilities/enforcement-case-search,2026-09-13,"no federal EPA civil penalty found under the company's name, former names or 10-K subsidiaries with a settlement in 2018-2022 (ECHO file retrieved 2026-09-13)"
AON,2023,0.0,EPA ECHO ICIS-FE&C civil enforcement cases,https://echo.epa.gov/facilities/enforcement-case-search,2026-09-13,"no federal EPA civil penalty found under the company's name, former names or 10-K subsidiaries with a settlement in 2019-2023 (ECHO file retrieved 2026-09-13)"
AON,2024,0.0,EPA ECHO ICIS-FE&C civil enforcement cases,https://echo.epa.gov/facilities/enforcement-case-search,2026-09-13,"no federal EPA civil penalty found under the company's name, former names or 10-K subsidiaries with a settlement in 2020-2024 (ECHO file retrieved 2026-09-13)"
AON,2025,0.0,EPA ECHO ICIS-FE&C civil enforcement cases,https://echo.epa.gov/facilities/enforcement-case-search,2026-09-13,"no federal EPA civil penalty found under the company's name, former names or 10-K subsidiaries with a settlement in 2021-2025 (ECHO file retrieved 2026-09-13)"
AOS,2020,0.0,EPA ECHO ICIS-FE&C civil enforcement cases,https://echo.epa.gov/facilities/enforcement-case-search,2026-09-13,"no federal EPA civil penalty found under the company's name, former names or 10-K subsidiaries with a settlement in 2016-2020 (ECHO file retrieved 2026-09-13)"
AOS,2021,0.0,EPA ECHO ICIS-FE&C civil enforcement cases,https://echo.epa.gov/facilities/enforcement-case-search,2026-09-13,"no federal EPA civil penalty found under the company's name, former names or 10-K subsidiaries with a settlement in 2017-2021 (ECHO file retrieved 2026-09-13)"
AOS,2022,0.0,EPA ECHO ICIS-FE&C civil enforcement cases,https://echo.epa.gov/facilities/enforcement-case-search,2026-09-13,"no federal EPA civil penalty found under the company's name, former names or 10-K subsidiaries with a settlement in 2018-2022 (ECHO file retrieved 2026-09-13)"
AOS,2023,0.0,EPA ECHO ICIS-FE&C civil enforcement cases,https://echo.epa.gov/facilities/enforcement-case-search,2026-09-13,"no federal EPA civil penalty found under the company's name, former names or 10-K subsidiaries with a settlement in 2019-2023 (ECHO file retrieved 2026-09-13)"
AOS,2024,0.0,EPA ECHO ICIS-FE&C civil enforcement cases,https://echo.epa.gov/facilities/enforcement-case-search,2026-09-13,"no federal EPA civil penalty found under the company's name, former names or 10-K subsidiaries with a settlement in 2020-2024 (ECHO file retrieved 2026-09-13)"
AOS,2025,0.0,EPA ECHO ICIS-FE&C civil enforcement cases,https://echo.epa.gov/facilities/enforcement-case-search,2026-09-13,"no federal EPA civil penalty found under the company's name, former names or 10-K subsidiaries with a settlement in 2021-2025 (ECHO file retrieved 2026-09-13)"
APD,2020,12622.75,EPA ECHO ICIS-FE&C civil enforcement cases,https://echo.epa.gov/enforcement-case-report?id=04-2016-1501,2026-09-13,"4 case(s), $107,033 in 2016-2020 over mean revenue $8.5bn; largest: case 04-2016-1501 (2016), defendant 'AIR PRODUCTS AND CHEMICALS, INC.', $67,000"
APD,2021,4202.05,EPA ECHO ICIS-FE&C civil enforcement cases,https://echo.epa.gov/enforcement-case-report?id=06-2020-3352,2026-09-13,"1 case(s), $38,000 in 2017-2021 over mean revenue $9.0bn; largest: case 06-2020-3352 (2020), defendant 'Air Products and Chemicals, Inc.', $38,000"
APD,2022,3820.86,EPA ECHO ICIS-FE&C civil enforcement cases,https://echo.epa.gov/enforcement-case-report?id=06-2020-3352,2026-09-13,"1 case(s), $38,000 in 2018-2022 over mean revenue $9.9bn; largest: case 06-2020-3352 (2020), defendant 'Air Products and Chemicals, Inc.', $38,000"
APD,2023,3558.27,EPA ECHO ICIS-FE&C civil enforcement cases,https://echo.epa.gov/enforcement-case-report?id=06-2020-3352,2026-09-13,"1 case(s), $38,000 in 2019-2023 over mean revenue $10.7bn; largest: case 06-2020-3352 (2020), defendant 'Air Products and Chemicals, Inc.', $38,000"
APD,2024,3358.17,EPA ECHO ICIS-FE&C civil enforcement cases,https://echo.epa.gov/enforcement-case-report?id=06-2020-3352,2026-09-13,"1 case(s), $38,000 in 2020-2024 over mean revenue $11.3bn; largest: case 06-2020-3352 (2020), defendant 'Air Products and Chemicals, Inc.', $38,000"
APD,2025,0.0,EPA ECHO ICIS-FE&C civil enforcement cases,https://echo.epa.gov/facilities/enforcement-case-search,2026-09-13,"no federal EPA civil penalty found under the company's name, former names or 10-K subsidiaries with a settlement in 2021-2025 (ECHO file retrieved 2026-09-13)"
APH,2020,2497.78,EPA ECHO ICIS-FE&C civil enforcement cases,https://echo.epa.gov/enforcement-case-report?id=10-2016-0103,2026-09-13,"1 case(s), $19,145 in 2016-2020 over mean revenue $7.7bn; largest: case 10-2016-0103 (2016), defendant 'MicroConnex', $19,145"
APH,2021,0.0,EPA ECHO ICIS-FE&C civil enforcement cases,https://echo.epa.gov/facilities/enforcement-case-search,2026-09-13,"no federal EPA civil penalty found under the company's name, former names or 10-K subsidiaries with a settlement in 2017-2021 (ECHO file retrieved 2026-09-13)"
APH,2022,0.0,EPA ECHO ICIS-FE&C civil enforcement cases,https://echo.epa.gov/facilities/enforcement-case-search,2026-09-13,"no federal EPA civil penalty found under the company's name, former names or 10-K subsidiaries with a settlement in 2018-2022 (ECHO file retrieved 2026-09-13)"
APH,2023,0.0,EPA ECHO ICIS-FE&C civil enforcement cases,https://echo.epa.gov/facilities/enforcement-case-search,2026-09-13,"no federal EPA civil penalty found under the company's name, former names or 10-K subsidiaries with a settlement in 2019-2023 (ECHO file retrieved 2026-09-13)"
APH,2024,0.0,EPA ECHO ICIS-FE&C civil enforcement cases,https://echo.epa.gov/facilities/enforcement-case-search,2026-09-13,"no federal EPA civil penalty found under the company's name, former names or 10-K subsidiaries with a settlement in 2020-2024 (ECHO file retrieved 2026-09-13)"
APH,2025,0.0,EPA ECHO ICIS-FE&C civil enforcement cases,https://echo.epa.gov/facilities/enforcement-case-search,2026-09-13,"no federal EPA civil penalty found under the company's name, former names or 10-K subsidiaries with a settlement in 2021-2025 (ECHO file retrieved 2026-09-13)"
APO,2022,0.0,EPA ECHO ICIS-FE&C civil enforcement cases,https://echo.epa.gov/facilities/enforcement-case-search,2026-09-13,"no federal EPA civil penalty found under the company's name, former names or 10-K subsidiaries with a settlement in 2018-2022 (ECHO file retrieved 2026-09-13)"
APO,2023,0.0,EPA ECHO ICIS-FE&C civil enforcement cases,https://echo.epa.gov/facilities/enforcement-case-search,2026-09-13,"no federal EPA civil penalty found under the company's name, former names or 10-K subsidiaries with a settlement in 2019-2023 (ECHO file retrieved 2026-09-13)"
APO,2024,0.0,EPA ECHO ICIS-FE&C civil enforcement cases,https://echo.epa.gov/facilities/enforcement-case-search,2026-09-13,"no federal EPA civil penalty found under the company's name, former names or 10-K subsidiaries with a settlement in 2020-2024 (ECHO file retrieved 2026-09-13)"
APO,2025,0.0,EPA ECHO ICIS-FE&C civil enforcement cases,https://echo.epa.gov/facilities/enforcement-case-search,2026-09-13,"no federal EPA civil penalty found under the company's name, former names or 10-K subsidiaries with a settlement in 2021-2025 (ECHO file retrieved 2026-09-13)"
APP,2021,0.0,EPA ECHO ICIS-FE&C civil enforcement cases,https://echo.epa.gov/facilities/enforcement-case-search,2026-09-13,"no federal EPA civil penalty found under the company's name, former names or 10-K subsidiaries with a settlement in 2017-2021 (ECHO file retrieved 2026-09-13)"
APP,2022,0.0,EPA ECHO ICIS-FE&C civil enforcement cases,https://echo.epa.gov/facilities/enforcement-case-search,2026-09-13,"no federal EPA civil penalty found under the company's name, former names or 10-K subsidiaries with a settlement in 2018-2022 (ECHO file retrieved 2026-09-13)"
APP,2023,0.0,EPA ECHO ICIS-FE&C civil enforcement cases,https://echo.epa.gov/facilities/enforcement-case-search,2026-09-13,"no federal EPA civil penalty found under the company's name, former names or 10-K subsidiaries with a settlement in 2019-2023 (ECHO file retrieved 2026-09-13)"
APP,2024,0.0,EPA ECHO ICIS-FE&C civil enforcement cases,https://echo.epa.gov/facilities/enforcement-case-search,2026-09-13,"no federal EPA civil penalty found under the company's name, former names or 10-K subsidiaries with a settlement in 2020-2024 (ECHO file retrieved 2026-09-13)"
APP,2025,0.0,EPA ECHO ICIS-FE&C civil enforcement cases,https://echo.epa.gov/facilities/enforcement-case-search,2026-09-13,"no federal EPA civil penalty found under the company's name, former names or 10-K subsidiaries with a settlement in 2021-2025 (ECHO file retrieved 2026-09-13)"
APTV,2020,0.0,EPA ECHO ICIS-FE&C civil enforcement cases,https://echo.epa.gov/facilities/enforcement-case-search,2026-09-13,"no federal EPA civil penalty found under the company's name, former names or 10-K subsidiaries with a settlement in 2016-2020 (ECHO file retrieved 2026-09-13)"
APTV,2021,0.0,EPA ECHO ICIS-FE&C civil enforcement cases,https://echo.epa.gov/facilities/enforcement-case-search,2026-09-13,"no federal EPA civil penalty found under the company's name, former names or 10-K subsidiaries with a settlement in 2017-2021 (ECHO file retrieved 2026-09-13)"
APTV,2022,0.0,EPA ECHO ICIS-FE&C civil enforcement cases,https://echo.epa.gov/facilities/enforcement-case-search,2026-09-13,"no federal EPA civil penalty found under the company's name, former names or 10-K subsidiaries with a settlement in 2018-2022 (ECHO file retrieved 2026-09-13)"
APTV,2023,0.0,EPA ECHO ICIS-FE&C civil enforcement cases,https://echo.epa.gov/facilities/enforcement-case-search,2026-09-13,"no federal EPA civil penalty found under the company's name, former names or 10-K subsidiaries with a settlement in 2019-2023 (ECHO file retrieved 2026-09-13)"
APTV,2024,0.0,EPA ECHO ICIS-FE&C civil enforcement cases,https://echo.epa.gov/facilities/enforcement-case-search,2026-09-13,"no federal EPA civil penalty found under the company's name, former names or 10-K subsidiaries with a settlement in 2020-2024 (ECHO file retrieved 2026-09-13)"
APTV,2025,0.0,EPA ECHO ICIS-FE&C civil enforcement cases,https://echo.epa.gov/facilities/enforcement-case-search,2026-09-13,"no federal EPA civil penalty found under the company's name, former names or 10-K subsidiaries with a settlement in 2021-2025 (ECHO file retrieved 2026-09-13)"
ARE,2020,0.0,EPA ECHO ICIS-FE&C civil enforcement cases,https://echo.epa.gov/facilities/enforcement-case-search,2026-09-13,"no federal EPA civil penalty found under the company's name, former names or 10-K subsidiaries with a settlement in 2016-2020 (ECHO file retrieved 2026-09-13)"
ARE,2021,0.0,EPA ECHO ICIS-FE&C civil enforcement cases,https://echo.epa.gov/facilities/enforcement-case-search,2026-09-13,"no federal EPA civil penalty found under the company's name, former names or 10-K subsidiaries with a settlement in 2017-2021 (ECHO file retrieved 2026-09-13)"
ARE,2022,0.0,EPA ECHO ICIS-FE&C civil enforcement cases,https://echo.epa.gov/facilities/enforcement-case-search,2026-09-13,"no federal EPA civil penalty found under the company's name, former names or 10-K subsidiaries with a settlement in 2018-2022 (ECHO file retrieved 2026-09-13)"
ARE,2023,0.0,EPA ECHO ICIS-FE&C civil enforcement cases,https://echo.epa.gov/facilities/enforcement-case-search,2026-09-13,"no federal EPA civil penalty found under the company's name, former names or 10-K subsidiaries with a settlement in 2019-2023 (ECHO file retrieved 2026-09-13)"
ARE,2024,0.0,EPA ECHO ICIS-FE&C civil enforcement cases,https://echo.epa.gov/facilities/enforcement-case-search,2026-09-13,"no federal EPA civil penalty found under the company's name, former names or 10-K subsidiaries with a settlement in 2020-2024 (ECHO file retrieved 2026-09-13)"
ARE,2025,0.0,EPA ECHO ICIS-FE&C civil enforcement cases,https://echo.epa.gov/facilities/enforcement-case-search,2026-09-13,"no federal EPA civil penalty found under the company's name, former names or 10-K subsidiaries with a settlement in 2021-2025 (ECHO file retrieved 2026-09-13)"
ARES,2020,0.0,EPA ECHO ICIS-FE&C civil enforcement cases,https://echo.epa.gov/facilities/enforcement-case-search,2026-09-13,"no federal EPA civil penalty found under the company's name, former names or 10-K subsidiaries with a settlement in 2016-2020 (ECHO file retrieved 2026-09-13)"
ARES,2021,0.0,EPA ECHO ICIS-FE&C civil enforcement cases,https://echo.epa.gov/facilities/enforcement-case-search,2026-09-13,"no federal EPA civil penalty found under the company's name, former names or 10-K subsidiaries with a settlement in 2017-2021 (ECHO file retrieved 2026-09-13)"
ARES,2022,0.0,EPA ECHO ICIS-FE&C civil enforcement cases,https://echo.epa.gov/facilities/enforcement-case-search,2026-09-13,"no federal EPA civil penalty found under the company's name, former names or 10-K subsidiaries with a settlement in 2018-2022 (ECHO file retrieved 2026-09-13)"
ARES,2023,0.0,EPA ECHO ICIS-FE&C civil enforcement cases,https://echo.epa.gov/facilities/enforcement-case-search,2026-09-13,"no federal EPA civil penalty found under the company's name, former names or 10-K subsidiaries with a settlement in 2019-2023 (ECHO file retrieved 2026-09-13)"
ARES,2024,0.0,EPA ECHO ICIS-FE&C civil enforcement cases,https://echo.epa.gov/facilities/enforcement-case-search,2026-09-13,"no federal EPA civil penalty found under the company's name, former names or 10-K subsidiaries with a settlement in 2020-2024 (ECHO file retrieved 2026-09-13)"
ARES,2025,0.0,EPA ECHO ICIS-FE&C civil enforcement cases,https://echo.epa.gov/facilities/enforcement-case-search,2026-09-13,"no federal EPA civil penalty found under the company's name, former names or 10-K subsidiaries with a settlement in 2021-2025 (ECHO file retrieved 2026-09-13)"
ATO,2020,0.0,EPA ECHO ICIS-FE&C civil enforcement cases,https://echo.epa.gov/facilities/enforcement-case-search,2026-09-13,"no federal EPA civil penalty found under the company's name, former names or 10-K subsidiaries with a settlement in 2016-2020 (ECHO file retrieved 2026-09-13)"
ATO,2021,0.0,EPA ECHO ICIS-FE&C civil enforcement cases,https://echo.epa.gov/facilities/enforcement-case-search,2026-09-13,"no federal EPA civil penalty found under the company's name, former names or 10-K subsidiaries with a settlement in 2017-2021 (ECHO file retrieved 2026-09-13)"
ATO,2022,0.0,EPA ECHO ICIS-FE&C civil enforcement cases,https://echo.epa.gov/facilities/enforcement-case-search,2026-09-13,"no federal EPA civil penalty found under the company's name, former names or 10-K subsidiaries with a settlement in 2018-2022 (ECHO file retrieved 2026-09-13)"
ATO,2023,0.0,EPA ECHO ICIS-FE&C civil enforcement cases,https://echo.epa.gov/facilities/enforcement-case-search,2026-09-13,"no federal EPA civil penalty found under the company's name, former names or 10-K subsidiaries with a settlement in 2019-2023 (ECHO file retrieved 2026-09-13)"
ATO,2024,0.0,EPA ECHO ICIS-FE&C civil enforcement cases,https://echo.epa.gov/facilities/enforcement-case-search,2026-09-13,"no federal EPA civil penalty found under the company's name, former names or 10-K subsidiaries with a settlement in 2020-2024 (ECHO file retrieved 2026-09-13)"
ATO,2025,0.0,EPA ECHO ICIS-FE&C civil enforcement cases,https://echo.epa.gov/facilities/enforcement-case-search,2026-09-13,"no federal EPA civil penalty found under the company's name, former names or 10-K subsidiaries with a settlement in 2021-2025 (ECHO file retrieved 2026-09-13)"
AVGO,2020,0.0,EPA ECHO ICIS-FE&C civil enforcement cases,https://echo.epa.gov/facilities/enforcement-case-search,2026-09-13,"no federal EPA civil penalty found under the company's name, former names or 10-K subsidiaries with a settlement in 2016-2020 (ECHO file retrieved 2026-09-13)"
AVGO,2021,0.0,EPA ECHO ICIS-FE&C civil enforcement cases,https://echo.epa.gov/facilities/enforcement-case-search,2026-09-13,"no federal EPA civil penalty found under the company's name, former names or 10-K subsidiaries with a settlement in 2017-2021 (ECHO file retrieved 2026-09-13)"
AVGO,2022,0.0,EPA ECHO ICIS-FE&C civil enforcement cases,https://echo.epa.gov/facilities/enforcement-case-search,2026-09-13,"no federal EPA civil penalty found under the company's name, former names or 10-K subsidiaries with a settlement in 2018-2022 (ECHO file retrieved 2026-09-13)"
AVGO,2023,0.0,EPA ECHO ICIS-FE&C civil enforcement cases,https://echo.epa.gov/facilities/enforcement-case-search,2026-09-13,"no federal EPA civil penalty found under the company's name, former names or 10-K subsidiaries with a settlement in 2019-2023 (ECHO file retrieved 2026-09-13)"
AVGO,2024,0.0,EPA ECHO ICIS-FE&C civil enforcement cases,https://echo.epa.gov/facilities/enforcement-case-search,2026-09-13,"no federal EPA civil penalty found under the company's name, former names or 10-K subsidiaries with a settlement in 2020-2024 (ECHO file retrieved 2026-09-13)"
AVGO,2025,0.0,EPA ECHO ICIS-FE&C civil enforcement cases,https://echo.epa.gov/facilities/enforcement-case-search,2026-09-13,"no federal EPA civil penalty found under the company's name, former names or 10-K subsidiaries with a settlement in 2021-2025 (ECHO file retrieved 2026-09-13)"
AVY,2020,23598.19,EPA ECHO ICIS-FE&C civil enforcement cases,https://echo.epa.gov/enforcement-case-report?id=05-2019-5046,2026-09-13,"1 case(s), $160,000 in 2016-2020 over mean revenue $6.8bn; largest: case 05-2019-5046 (2019), defendant 'AVERY DENNISON', $160,000"
AVY,2021,22085.6,EPA ECHO ICIS-FE&C civil enforcement cases,https://echo.epa.gov/enforcement-case-report?id=05-2019-5046,2026-09-13,"1 case(s), $160,000 in 2017-2021 over mean revenue $7.2bn; largest: case 05-2019-5046 (2019), defendant 'AVERY DENNISON', $160,000"
AVY,2022,20699.54,EPA ECHO ICIS-FE&C civil enforcement cases,https://echo.epa.gov/enforcement-case-report?id=05-2019-5046,2026-09-13,"1 case(s), $160,000 in 2018-2022 over mean revenue $7.7bn; largest: case 05-2019-5046 (2019), defendant 'AVERY DENNISON', $160,000"
AVY,2023,20073.52,EPA ECHO ICIS-FE&C civil enforcement cases,https://echo.epa.gov/enforcement-case-report?id=05-2019-5046,2026-09-13,"1 case(s), $160,000 in 2019-2023 over mean revenue $8.0bn; largest: case 05-2019-5046 (2019), defendant 'AVERY DENNISON', $160,000"
AVY,2024,0.0,EPA ECHO ICIS-FE&C civil enforcement cases,https://echo.epa.gov/facilities/enforcement-case-search,2026-09-13,"no federal EPA civil penalty found under the company's name, former names or 10-K subsidiaries with a settlement in 2020-2024 (ECHO file retrieved 2026-09-13)"
AVY,2025,0.0,EPA ECHO ICIS-FE&C civil enforcement cases,https://echo.epa.gov/facilities/enforcement-case-search,2026-09-13,"no federal EPA civil penalty found under the company's name, former names or 10-K subsidiaries with a settlement in 2021-2025 (ECHO file retrieved 2026-09-13)"
AWK,2020,0.0,EPA ECHO ICIS-FE&C civil enforcement cases,https://echo.epa.gov/facilities/enforcement-case-search,2026-09-13,"no federal EPA civil penalty found under the company's name, former names or 10-K subsidiaries with a settlement in 2016-2020 (ECHO file retrieved 2026-09-13)"
AWK,2021,0.0,EPA ECHO ICIS-FE&C civil enforcement cases,https://echo.epa.gov/facilities/enforcement-case-search,2026-09-13,"no federal EPA civil penalty found under the company's name, former names or 10-K subsidiaries with a settlement in 2017-2021 (ECHO file retrieved 2026-09-13)"
AWK,2022,0.0,EPA ECHO ICIS-FE&C civil enforcement cases,https://echo.epa.gov/facilities/enforcement-case-search,2026-09-13,"no federal EPA civil penalty found under the company's name, former names or 10-K subsidiaries with a settlement in 2018-2022 (ECHO file retrieved 2026-09-13)"
AWK,2023,0.0,EPA ECHO ICIS-FE&C civil enforcement cases,https://echo.epa.gov/facilities/enforcement-case-search,2026-09-13,"no federal EPA civil penalty found under the company's name, former names or 10-K subsidiaries with a settlement in 2019-2023 (ECHO file retrieved 2026-09-13)"
AWK,2024,0.0,EPA ECHO ICIS-FE&C civil enforcement cases,https://echo.epa.gov/facilities/enforcement-case-search,2026-09-13,"no federal EPA civil penalty found under the company's name, former names or 10-K subsidiaries with a settlement in 2020-2024 (ECHO file retrieved 2026-09-13)"
AWK,2025,0.0,EPA ECHO ICIS-FE&C civil enforcement cases,https://echo.epa.gov/facilities/enforcement-case-search,2026-09-13,"no federal EPA civil penalty found under the company's name, former names or 10-K subsidiaries with a settlement in 2021-2025 (ECHO file retrieved 2026-09-13)"
AXON,2020,0.0,EPA ECHO ICIS-FE&C civil enforcement cases,https://echo.epa.gov/facilities/enforcement-case-search,2026-09-13,"no federal EPA civil penalty found under the company's name, former names or 10-K subsidiaries with a settlement in 2016-2020 (ECHO file retrieved 2026-09-13)"
AXON,2021,0.0,EPA ECHO ICIS-FE&C civil enforcement cases,https://echo.epa.gov/facilities/enforcement-case-search,2026-09-13,"no federal EPA civil penalty found under the company's name, former names or 10-K subsidiaries with a settlement in 2017-2021 (ECHO file retrieved 2026-09-13)"
AXON,2022,0.0,EPA ECHO ICIS-FE&C civil enforcement cases,https://echo.epa.gov/facilities/enforcement-case-search,2026-09-13,"no federal EPA civil penalty found under the company's name, former names or 10-K subsidiaries with a settlement in 2018-2022 (ECHO file retrieved 2026-09-13)"
AXON,2023,0.0,EPA ECHO ICIS-FE&C civil enforcement cases,https://echo.epa.gov/facilities/enforcement-case-search,2026-09-13,"no federal EPA civil penalty found under the company's name, former names or 10-K subsidiaries with a settlement in 2019-2023 (ECHO file retrieved 2026-09-13)"
AXON,2024,0.0,EPA ECHO ICIS-FE&C civil enforcement cases,https://echo.epa.gov/facilities/enforcement-case-search,2026-09-13,"no federal EPA civil penalty found under the company's name, former names or 10-K subsidiaries with a settlement in 2020-2024 (ECHO file retrieved 2026-09-13)"
AXON,2025,0.0,EPA ECHO ICIS-FE&C civil enforcement cases,https://echo.epa.gov/facilities/enforcement-case-search,2026-09-13,"no federal EPA civil penalty found under the company's name, former names or 10-K subsidiaries with a settlement in 2021-2025 (ECHO file retrieved 2026-09-13)"
AXP,2020,0.0,EPA ECHO ICIS-FE&C civil enforcement cases,https://echo.epa.gov/facilities/enforcement-case-search,2026-09-13,"no federal EPA civil penalty found under the company's name, former names or 10-K subsidiaries with a settlement in 2016-2020 (ECHO file retrieved 2026-09-13)"
AXP,2021,0.0,EPA ECHO ICIS-FE&C civil enforcement cases,https://echo.epa.gov/facilities/enforcement-case-search,2026-09-13,"no federal EPA civil penalty found under the company's name, former names or 10-K subsidiaries with a settlement in 2017-2021 (ECHO file retrieved 2026-09-13)"
AXP,2022,0.0,EPA ECHO ICIS-FE&C civil enforcement cases,https://echo.epa.gov/facilities/enforcement-case-search,2026-09-13,"no federal EPA civil penalty found under the company's name, former names or 10-K subsidiaries with a settlement in 2018-2022 (ECHO file retrieved 2026-09-13)"
AXP,2023,0.0,EPA ECHO ICIS-FE&C civil enforcement cases,https://echo.epa.gov/facilities/enforcement-case-search,2026-09-13,"no federal EPA civil penalty found under the company's name, former names or 10-K subsidiaries with a settlement in 2019-2023 (ECHO file retrieved 2026-09-13)"
AXP,2024,0.0,EPA ECHO ICIS-FE&C civil enforcement cases,https://echo.epa.gov/facilities/enforcement-case-search,2026-09-13,"no federal EPA civil penalty found under the company's name, former names or 10-K subsidiaries with a settlement in 2020-2024 (ECHO file retrieved 2026-09-13)"
AXP,2025,0.0,EPA ECHO ICIS-FE&C civil enforcement cases,https://echo.epa.gov/facilities/enforcement-case-search,2026-09-13,"no federal EPA civil penalty found under the company's name, former names or 10-K subsidiaries with a settlement in 2021-2025 (ECHO file retrieved 2026-09-13)"
AZO,2020,0.0,EPA ECHO ICIS-FE&C civil enforcement cases,https://echo.epa.gov/facilities/enforcement-case-search,2026-09-13,"no federal EPA civil penalty found under the company's name, former names or 10-K subsidiaries with a settlement in 2016-2020 (ECHO file retrieved 2026-09-13)"
AZO,2021,0.0,EPA ECHO ICIS-FE&C civil enforcement cases,https://echo.epa.gov/facilities/enforcement-case-search,2026-09-13,"no federal EPA civil penalty found under the company's name, former names or 10-K subsidiaries with a settlement in 2017-2021 (ECHO file retrieved 2026-09-13)"
AZO,2022,0.0,EPA ECHO ICIS-FE&C civil enforcement cases,https://echo.epa.gov/facilities/enforcement-case-search,2026-09-13,"no federal EPA civil penalty found under the company's name, former names or 10-K subsidiaries with a settlement in 2018-2022 (ECHO file retrieved 2026-09-13)"
AZO,2023,1729.94,EPA ECHO ICIS-FE&C civil enforcement cases,https://echo.epa.gov/enforcement-case-report?id=04-2023-3007,2026-09-13,"1 case(s), $25,200 in 2019-2023 over mean revenue $14.6bn; largest: case 04-2023-3007 (2023), defendant 'AUTOZONE PARTS, INC', $25,200"
AZO,2024,1585.68,EPA ECHO ICIS-FE&C civil enforcement cases,https://echo.epa.gov/enforcement-case-report?id=04-2023-3007,2026-09-13,"1 case(s), $25,200 in 2020-2024 over mean revenue $15.9bn; largest: case 04-2023-3007 (2023), defendant 'AUTOZONE PARTS, INC', $25,200"
AZO,2025,1469.08,EPA ECHO ICIS-FE&C civil enforcement cases,https://echo.epa.gov/enforcement-case-report?id=04-2023-3007,2026-09-13,"1 case(s), $25,200 in 2021-2025 over mean revenue $17.2bn; largest: case 04-2023-3007 (2023), defendant 'AUTOZONE PARTS, INC', $25,200"
BA,2020,0.0,EPA ECHO ICIS-FE&C civil enforcement cases,https://echo.epa.gov/facilities/enforcement-case-search,2026-09-13,"no federal EPA civil penalty found under the company's name, former names or 10-K subsidiaries with a settlement in 2016-2020 (ECHO file retrieved 2026-09-13)"
BA,2021,0.0,EPA ECHO ICIS-FE&C civil enforcement cases,https://echo.epa.gov/facilities/enforcement-case-search,2026-09-13,"no federal EPA civil penalty found under the company's name, former names or 10-K subsidiaries with a settlement in 2017-2021 (ECHO file retrieved 2026-09-13)"
BA,2022,0.0,EPA ECHO ICIS-FE&C civil enforcement cases,https://echo.epa.gov/facilities/enforcement-case-search,2026-09-13,"no federal EPA civil penalty found under the company's name, former names or 10-K subsidiaries with a settlement in 2018-2022 (ECHO file retrieved 2026-09-13)"
BA,2023,0.0,EPA ECHO ICIS-FE&C civil enforcement cases,https://echo.epa.gov/facilities/enforcement-case-search,2026-09-13,"no federal EPA civil penalty found under the company's name, former names or 10-K subsidiaries with a settlement in 2019-2023 (ECHO file retrieved 2026-09-13)"
BA,2024,0.0,EPA ECHO ICIS-FE&C civil enforcement cases,https://echo.epa.gov/facilities/enforcement-case-search,2026-09-13,"no federal EPA civil penalty found under the company's name, former names or 10-K subsidiaries with a settlement in 2020-2024 (ECHO file retrieved 2026-09-13)"
BA,2025,0.0,EPA ECHO ICIS-FE&C civil enforcement cases,https://echo.epa.gov/facilities/enforcement-case-search,2026-09-13,"no federal EPA civil penalty found under the company's name, former names or 10-K subsidiaries with a settlement in 2021-2025 (ECHO file retrieved 2026-09-13)"
BAC,2020,0.0,EPA ECHO ICIS-FE&C civil enforcement cases,https://echo.epa.gov/facilities/enforcement-case-search,2026-09-13,"no federal EPA civil penalty found under the company's name, former names or 10-K subsidiaries with a settlement in 2016-2020 (ECHO file retrieved 2026-09-13)"
BAC,2021,0.0,EPA ECHO ICIS-FE&C civil enforcement cases,https://echo.epa.gov/facilities/enforcement-case-search,2026-09-13,"no federal EPA civil penalty found under the company's name, former names or 10-K subsidiaries with a settlement in 2017-2021 (ECHO file retrieved 2026-09-13)"
BAC,2022,0.0,EPA ECHO ICIS-FE&C civil enforcement cases,https://echo.epa.gov/facilities/enforcement-case-search,2026-09-13,"no federal EPA civil penalty found under the company's name, former names or 10-K subsidiaries with a settlement in 2018-2022 (ECHO file retrieved 2026-09-13)"
BAC,2023,0.0,EPA ECHO ICIS-FE&C civil enforcement cases,https://echo.epa.gov/facilities/enforcement-case-search,2026-09-13,"no federal EPA civil penalty found under the company's name, former names or 10-K subsidiaries with a settlement in 2019-2023 (ECHO file retrieved 2026-09-13)"
BAC,2024,0.0,EPA ECHO ICIS-FE&C civil enforcement cases,https://echo.epa.gov/facilities/enforcement-case-search,2026-09-13,"no federal EPA civil penalty found under the company's name, former names or 10-K subsidiaries with a settlement in 2020-2024 (ECHO file retrieved 2026-09-13)"
BAC,2025,0.0,EPA ECHO ICIS-FE&C civil enforcement cases,https://echo.epa.gov/facilities/enforcement-case-search,2026-09-13,"no federal EPA civil penalty found under the company's name, former names or 10-K subsidiaries with a settlement in 2021-2025 (ECHO file retrieved 2026-09-13)"
BALL,2020,0.0,EPA ECHO ICIS-FE&C civil enforcement cases,https://echo.epa.gov/facilities/enforcement-case-search,2026-09-13,"no federal EPA civil penalty found under the company's name, former names or 10-K subsidiaries with a settlement in 2016-2020 (ECHO file retrieved 2026-09-13)"
BALL,2021,0.0,EPA ECHO ICIS-FE&C civil enforcement cases,https://echo.epa.gov/facilities/enforcement-case-search,2026-09-13,"no federal EPA civil penalty found under the company's name, former names or 10-K subsidiaries with a settlement in 2017-2021 (ECHO file retrieved 2026-09-13)"
BALL,2022,0.0,EPA ECHO ICIS-FE&C civil enforcement cases,https://echo.epa.gov/facilities/enforcement-case-search,2026-09-13,"no federal EPA civil penalty found under the company's name, former names or 10-K subsidiaries with a settlement in 2018-2022 (ECHO file retrieved 2026-09-13)"
BALL,2023,0.0,EPA ECHO ICIS-FE&C civil enforcement cases,https://echo.epa.gov/facilities/enforcement-case-search,2026-09-13,"no federal EPA civil penalty found under the company's name, former names or 10-K subsidiaries with a settlement in 2019-2023 (ECHO file retrieved 2026-09-13)"
BALL,2024,0.0,EPA ECHO ICIS-FE&C civil enforcement cases,https://echo.epa.gov/facilities/enforcement-case-search,2026-09-13,"no federal EPA civil penalty found under the company's name, former names or 10-K subsidiaries with a settlement in 2020-2024 (ECHO file retrieved 2026-09-13)"
BALL,2025,0.0,EPA ECHO ICIS-FE&C civil enforcement cases,https://echo.epa.gov/facilities/enforcement-case-search,2026-09-13,"no federal EPA civil penalty found under the company's name, former names or 10-K subsidiaries with a settlement in 2021-2025 (ECHO file retrieved 2026-09-13)"
BAX,2020,0.0,EPA ECHO ICIS-FE&C civil enforcement cases,https://echo.epa.gov/facilities/enforcement-case-search,2026-09-13,"no federal EPA civil penalty found under the company's name, former names or 10-K subsidiaries with a settlement in 2016-2020 (ECHO file retrieved 2026-09-13)"
BAX,2021,0.0,EPA ECHO ICIS-FE&C civil enforcement cases,https://echo.epa.gov/facilities/enforcement-case-search,2026-09-13,"no federal EPA civil penalty found under the company's name, former names or 10-K subsidiaries with a settlement in 2017-2021 (ECHO file retrieved 2026-09-13)"
BAX,2022,0.0,EPA ECHO ICIS-FE&C civil enforcement cases,https://echo.epa.gov/facilities/enforcement-case-search,2026-09-13,"no federal EPA civil penalty found under the company's name, former names or 10-K subsidiaries with a settlement in 2018-2022 (ECHO file retrieved 2026-09-13)"
BAX,2023,0.0,EPA ECHO ICIS-FE&C civil enforcement cases,https://echo.epa.gov/facilities/enforcement-case-search,2026-09-13,"no federal EPA civil penalty found under the company's name, former names or 10-K subsidiaries with a settlement in 2019-2023 (ECHO file retrieved 2026-09-13)"
BAX,2024,0.0,EPA ECHO ICIS-FE&C civil enforcement cases,https://echo.epa.gov/facilities/enforcement-case-search,2026-09-13,"no federal EPA civil penalty found under the company's name, former names or 10-K subsidiaries with a settlement in 2020-2024 (ECHO file retrieved 2026-09-13)"
BAX,2025,431.64,EPA ECHO ICIS-FE&C civil enforcement cases,https://echo.epa.gov/enforcement-case-report?id=02-2025-1208,2026-09-13,"1 case(s), $4,700 in 2021-2025 over mean revenue $10.9bn; largest: case 02-2025-1208 (2025), defendant 'Baxter Healthcare of Puerto Rico, LLC', $4,700"
BBY,2020,0.0,EPA ECHO ICIS-FE&C civil enforcement cases,https://echo.epa.gov/facilities/enforcement-case-search,2026-09-13,"no federal EPA civil penalty found under the company's name, former names or 10-K subsidiaries with a settlement in 2016-2020 (ECHO file retrieved 2026-09-13)"
BBY,2021,0.0,EPA ECHO ICIS-FE&C civil enforcement cases,https://echo.epa.gov/facilities/enforcement-case-search,2026-09-13,"no federal EPA civil penalty found under the company's name, former names or 10-K subsidiaries with a settlement in 2017-2021 (ECHO file retrieved 2026-09-13)"
BBY,2022,0.0,EPA ECHO ICIS-FE&C civil enforcement cases,https://echo.epa.gov/facilities/enforcement-case-search,2026-09-13,"no federal EPA civil penalty found under the company's name, former names or 10-K subsidiaries with a settlement in 2018-2022 (ECHO file retrieved 2026-09-13)"
BBY,2023,0.0,EPA ECHO ICIS-FE&C civil enforcement cases,https://echo.epa.gov/facilities/enforcement-case-search,2026-09-13,"no federal EPA civil penalty found under the company's name, former names or 10-K subsidiaries with a settlement in 2019-2023 (ECHO file retrieved 2026-09-13)"
BBY,2024,0.0,EPA ECHO ICIS-FE&C civil enforcement cases,https://echo.epa.gov/facilities/enforcement-case-search,2026-09-13,"no federal EPA civil penalty found under the company's name, former names or 10-K subsidiaries with a settlement in 2020-2024 (ECHO file retrieved 2026-09-13)"
BBY,2025,0.0,EPA ECHO ICIS-FE&C civil enforcement cases,https://echo.epa.gov/facilities/enforcement-case-search,2026-09-13,"no federal EPA civil penalty found under the company's name, former names or 10-K subsidiaries with a settlement in 2021-2025 (ECHO file retrieved 2026-09-13)"
BDX,2020,0.0,EPA ECHO ICIS-FE&C civil enforcement cases,https://echo.epa.gov/facilities/enforcement-case-search,2026-09-13,"no federal EPA civil penalty found under the company's name, former names or 10-K subsidiaries with a settlement in 2016-2020 (ECHO file retrieved 2026-09-13)"
BDX,2021,0.0,EPA ECHO ICIS-FE&C civil enforcement cases,https://echo.epa.gov/facilities/enforcement-case-search,2026-09-13,"no federal EPA civil penalty found under the company's name, former names or 10-K subsidiaries with a settlement in 2017-2021 (ECHO file retrieved 2026-09-13)"
BDX,2022,0.0,EPA ECHO ICIS-FE&C civil enforcement cases,https://echo.epa.gov/facilities/enforcement-case-search,2026-09-13,"no federal EPA civil penalty found under the company's name, former names or 10-K subsidiaries with a settlement in 2018-2022 (ECHO file retrieved 2026-09-13)"
BDX,2023,0.0,EPA ECHO ICIS-FE&C civil enforcement cases,https://echo.epa.gov/facilities/enforcement-case-search,2026-09-13,"no federal EPA civil penalty found under the company's name, former names or 10-K subsidiaries with a settlement in 2019-2023 (ECHO file retrieved 2026-09-13)"
BDX,2024,0.0,EPA ECHO ICIS-FE&C civil enforcement cases,https://echo.epa.gov/facilities/enforcement-case-search,2026-09-13,"no federal EPA civil penalty found under the company's name, former names or 10-K subsidiaries with a settlement in 2020-2024 (ECHO file retrieved 2026-09-13)"
BDX,2025,1796.09,EPA ECHO ICIS-FE&C civil enforcement cases,https://echo.epa.gov/enforcement-case-report?id=03-2025-0100,2026-09-13,"2 case(s), $35,703 in 2021-2025 over mean revenue $19.9bn; largest: case 03-2025-0100 (2025), defendant 'BECTON DICKINSON AND COMPANY', $23,091"
BEN,2020,0.0,EPA ECHO ICIS-FE&C civil enforcement cases,https://echo.epa.gov/facilities/enforcement-case-search,2026-09-13,"no federal EPA civil penalty found under the company's name, former names or 10-K subsidiaries with a settlement in 2016-2020 (ECHO file retrieved 2026-09-13)"
BEN,2021,0.0,EPA ECHO ICIS-FE&C civil enforcement cases,https://echo.epa.gov/facilities/enforcement-case-search,2026-09-13,"no federal EPA civil penalty found under the company's name, former names or 10-K subsidiaries with a settlement in 2017-2021 (ECHO file retrieved 2026-09-13)"
BEN,2022,0.0,EPA ECHO ICIS-FE&C civil enforcement cases,https://echo.epa.gov/facilities/enforcement-case-search,2026-09-13,"no federal EPA civil penalty found under the company's name, former names or 10-K subsidiaries with a settlement in 2018-2022 (ECHO file retrieved 2026-09-13)"
BEN,2023,0.0,EPA ECHO ICIS-FE&C civil enforcement cases,https://echo.epa.gov/facilities/enforcement-case-search,2026-09-13,"no federal EPA civil penalty found under the company's name, former names or 10-K subsidiaries with a settlement in 2019-2023 (ECHO file retrieved 2026-09-13)"
BEN,2024,0.0,EPA ECHO ICIS-FE&C civil enforcement cases,https://echo.epa.gov/facilities/enforcement-case-search,2026-09-13,"no federal EPA civil penalty found under the company's name, former names or 10-K subsidiaries with a settlement in 2020-2024 (ECHO file retrieved 2026-09-13)"
BEN,2025,0.0,EPA ECHO ICIS-FE&C civil enforcement cases,https://echo.epa.gov/facilities/enforcement-case-search,2026-09-13,"no federal EPA civil penalty found under the company's name, former names or 10-K subsidiaries with a settlement in 2021-2025 (ECHO file retrieved 2026-09-13)"
BF.B,2020,0.0,EPA ECHO ICIS-FE&C civil enforcement cases,https://echo.epa.gov/facilities/enforcement-case-search,2026-09-13,"no federal EPA civil penalty found under the company's name, former names or 10-K subsidiaries with a settlement in 2016-2020 (ECHO file retrieved 2026-09-13)"
BF.B,2021,0.0,EPA ECHO ICIS-FE&C civil enforcement cases,https://echo.epa.gov/facilities/enforcement-case-search,2026-09-13,"no federal EPA civil penalty found under the company's name, former names or 10-K subsidiaries with a settlement in 2017-2021 (ECHO file retrieved 2026-09-13)"
BF.B,2022,0.0,EPA ECHO ICIS-FE&C civil enforcement cases,https://echo.epa.gov/facilities/enforcement-case-search,2026-09-13,"no federal EPA civil penalty found under the company's name, former names or 10-K subsidiaries with a settlement in 2018-2022 (ECHO file retrieved 2026-09-13)"
BF.B,2023,0.0,EPA ECHO ICIS-FE&C civil enforcement cases,https://echo.epa.gov/facilities/enforcement-case-search,2026-09-13,"no federal EPA civil penalty found under the company's name, former names or 10-K subsidiaries with a settlement in 2019-2023 (ECHO file retrieved 2026-09-13)"
BF.B,2024,0.0,EPA ECHO ICIS-FE&C civil enforcement cases,https://echo.epa.gov/facilities/enforcement-case-search,2026-09-13,"no federal EPA civil penalty found under the company's name, former names or 10-K subsidiaries with a settlement in 2020-2024 (ECHO file retrieved 2026-09-13)"
BF.B,2025,0.0,EPA ECHO ICIS-FE&C civil enforcement cases,https://echo.epa.gov/facilities/enforcement-case-search,2026-09-13,"no federal EPA civil penalty found under the company's name, former names or 10-K subsidiaries with a settlement in 2021-2025 (ECHO file retrieved 2026-09-13)"
BG,2023,0.0,EPA ECHO ICIS-FE&C civil enforcement cases,https://echo.epa.gov/facilities/enforcement-case-search,2026-09-13,"no federal EPA civil penalty found under the company's name, former names or 10-K subsidiaries with a settlement in 2019-2023 (ECHO file retrieved 2026-09-13)"
BG,2024,1529.8,EPA ECHO ICIS-FE&C civil enforcement cases,https://echo.epa.gov/enforcement-case-report?id=05-2024-7840,2026-09-13,"1 case(s), $91,418 in 2020-2024 over mean revenue $59.8bn; largest: case 05-2024-7840 (2024), defendant 'BUNGE NORTH AMERICA, INC.', $91,418"
BG,2025,1477.53,EPA ECHO ICIS-FE&C civil enforcement cases,https://echo.epa.gov/enforcement-case-report?id=05-2024-7840,2026-09-13,"1 case(s), $91,418 in 2021-2025 over mean revenue $61.9bn; largest: case 05-2024-7840 (2024), defendant 'BUNGE NORTH AMERICA, INC.', $91,418"
BIIB,2020,0.0,EPA ECHO ICIS-FE&C civil enforcement cases,https://echo.epa.gov/facilities/enforcement-case-search,2026-09-13,"no federal EPA civil penalty found under the company's name, former names or 10-K subsidiaries with a settlement in 2016-2020 (ECHO file retrieved 2026-09-13)"
BIIB,2021,0.0,EPA ECHO ICIS-FE&C civil enforcement cases,https://echo.epa.gov/facilities/enforcement-case-search,2026-09-13,"no federal EPA civil penalty found under the company's name, former names or 10-K subsidiaries with a settlement in 2017-2021 (ECHO file retrieved 2026-09-13)"
BIIB,2022,0.0,EPA ECHO ICIS-FE&C civil enforcement cases,https://echo.epa.gov/facilities/enforcement-case-search,2026-09-13,"no federal EPA civil penalty found under the company's name, former names or 10-K subsidiaries with a settlement in 2018-2022 (ECHO file retrieved 2026-09-13)"
BIIB,2023,0.0,EPA ECHO ICIS-FE&C civil enforcement cases,https://echo.epa.gov/facilities/enforcement-case-search,2026-09-13,"no federal EPA civil penalty found under the company's name, former names or 10-K subsidiaries with a settlement in 2019-2023 (ECHO file retrieved 2026-09-13)"
BIIB,2024,0.0,EPA ECHO ICIS-FE&C civil enforcement cases,https://echo.epa.gov/facilities/enforcement-case-search,2026-09-13,"no federal EPA civil penalty found under the company's name, former names or 10-K subsidiaries with a settlement in 2020-2024 (ECHO file retrieved 2026-09-13)"
BIIB,2025,0.0,EPA ECHO ICIS-FE&C civil enforcement cases,https://echo.epa.gov/facilities/enforcement-case-search,2026-09-13,"no federal EPA civil penalty found under the company's name, former names or 10-K subsidiaries with a settlement in 2021-2025 (ECHO file retrieved 2026-09-13)"
BKNG,2020,0.0,EPA ECHO ICIS-FE&C civil enforcement cases,https://echo.epa.gov/facilities/enforcement-case-search,2026-09-13,"no federal EPA civil penalty found under the company's name, former names or 10-K subsidiaries with a settlement in 2016-2020 (ECHO file retrieved 2026-09-13)"
BKNG,2021,0.0,EPA ECHO ICIS-FE&C civil enforcement cases,https://echo.epa.gov/facilities/enforcement-case-search,2026-09-13,"no federal EPA civil penalty found under the company's name, former names or 10-K subsidiaries with a settlement in 2017-2021 (ECHO file retrieved 2026-09-13)"
BKNG,2022,0.0,EPA ECHO ICIS-FE&C civil enforcement cases,https://echo.epa.gov/facilities/enforcement-case-search,2026-09-13,"no federal EPA civil penalty found under the company's name, former names or 10-K subsidiaries with a settlement in 2018-2022 (ECHO file retrieved 2026-09-13)"
BKNG,2023,0.0,EPA ECHO ICIS-FE&C civil enforcement cases,https://echo.epa.gov/facilities/enforcement-case-search,2026-09-13,"no federal EPA civil penalty found under the company's name, former names or 10-K subsidiaries with a settlement in 2019-2023 (ECHO file retrieved 2026-09-13)"
BKNG,2024,0.0,EPA ECHO ICIS-FE&C civil enforcement cases,https://echo.epa.gov/facilities/enforcement-case-search,2026-09-13,"no federal EPA civil penalty found under the company's name, former names or 10-K subsidiaries with a settlement in 2020-2024 (ECHO file retrieved 2026-09-13)"
BKNG,2025,0.0,EPA ECHO ICIS-FE&C civil enforcement cases,https://echo.epa.gov/facilities/enforcement-case-search,2026-09-13,"no federal EPA civil penalty found under the company's name, former names or 10-K subsidiaries with a settlement in 2021-2025 (ECHO file retrieved 2026-09-13)"
BKR,2020,0.0,EPA ECHO ICIS-FE&C civil enforcement cases,https://echo.epa.gov/facilities/enforcement-case-search,2026-09-13,"no federal EPA civil penalty found under the company's name, former names or 10-K subsidiaries with a settlement in 2016-2020 (ECHO file retrieved 2026-09-13)"
BKR,2021,0.0,EPA ECHO ICIS-FE&C civil enforcement cases,https://echo.epa.gov/facilities/enforcement-case-search,2026-09-13,"no federal EPA civil penalty found under the company's name, former names or 10-K subsidiaries with a settlement in 2017-2021 (ECHO file retrieved 2026-09-13)"
BKR,2022,0.0,EPA ECHO ICIS-FE&C civil enforcement cases,https://echo.epa.gov/facilities/enforcement-case-search,2026-09-13,"no federal EPA civil penalty found under the company's name, former names or 10-K subsidiaries with a settlement in 2018-2022 (ECHO file retrieved 2026-09-13)"
BKR,2023,0.0,EPA ECHO ICIS-FE&C civil enforcement cases,https://echo.epa.gov/facilities/enforcement-case-search,2026-09-13,"no federal EPA civil penalty found under the company's name, former names or 10-K subsidiaries with a settlement in 2019-2023 (ECHO file retrieved 2026-09-13)"
BKR,2024,0.0,EPA ECHO ICIS-FE&C civil enforcement cases,https://echo.epa.gov/facilities/enforcement-case-search,2026-09-13,"no federal EPA civil penalty found under the company's name, former names or 10-K subsidiaries with a settlement in 2020-2024 (ECHO file retrieved 2026-09-13)"
BKR,2025,0.0,EPA ECHO ICIS-FE&C civil enforcement cases,https://echo.epa.gov/facilities/enforcement-case-search,2026-09-13,"no federal EPA civil penalty found under the company's name, former names or 10-K subsidiaries with a settlement in 2021-2025 (ECHO file retrieved 2026-09-13)"
BLDR,2020,0.0,EPA ECHO ICIS-FE&C civil enforcement cases,https://echo.epa.gov/facilities/enforcement-case-search,2026-09-13,"no federal EPA civil penalty found under the company's name, former names or 10-K subsidiaries with a settlement in 2016-2020 (ECHO file retrieved 2026-09-13)"
BLDR,2021,0.0,EPA ECHO ICIS-FE&C civil enforcement cases,https://echo.epa.gov/facilities/enforcement-case-search,2026-09-13,"no federal EPA civil penalty found under the company's name, former names or 10-K subsidiaries with a settlement in 2017-2021 (ECHO file retrieved 2026-09-13)"
BLDR,2022,0.0,EPA ECHO ICIS-FE&C civil enforcement cases,https://echo.epa.gov/facilities/enforcement-case-search,2026-09-13,"no federal EPA civil penalty found under the company's name, former names or 10-K subsidiaries with a settlement in 2018-2022 (ECHO file retrieved 2026-09-13)"
BLDR,2023,0.0,EPA ECHO ICIS-FE&C civil enforcement cases,https://echo.epa.gov/facilities/enforcement-case-search,2026-09-13,"no federal EPA civil penalty found under the company's name, former names or 10-K subsidiaries with a settlement in 2019-2023 (ECHO file retrieved 2026-09-13)"
BLDR,2024,0.0,EPA ECHO ICIS-FE&C civil enforcement cases,https://echo.epa.gov/facilities/enforcement-case-search,2026-09-13,"no federal EPA civil penalty found under the company's name, former names or 10-K subsidiaries with a settlement in 2020-2024 (ECHO file retrieved 2026-09-13)"
BLDR,2025,0.0,EPA ECHO ICIS-FE&C civil enforcement cases,https://echo.epa.gov/facilities/enforcement-case-search,2026-09-13,"no federal EPA civil penalty found under the company's name, former names or 10-K subsidiaries with a settlement in 2021-2025 (ECHO file retrieved 2026-09-13)"
BLK,2024,0.0,EPA ECHO ICIS-FE&C civil enforcement cases,https://echo.epa.gov/facilities/enforcement-case-search,2026-09-13,"no federal EPA civil penalty found under the company's name, former names or 10-K subsidiaries with a settlement in 2020-2024 (ECHO file retrieved 2026-09-13)"
BLK,2025,0.0,EPA ECHO ICIS-FE&C civil enforcement cases,https://echo.epa.gov/facilities/enforcement-case-search,2026-09-13,"no federal EPA civil penalty found under the company's name, former names or 10-K subsidiaries with a settlement in 2021-2025 (ECHO file retrieved 2026-09-13)"
BMY,2020,0.0,EPA ECHO ICIS-FE&C civil enforcement cases,https://echo.epa.gov/facilities/enforcement-case-search,2026-09-13,"no federal EPA civil penalty found under the company's name, former names or 10-K subsidiaries with a settlement in 2016-2020 (ECHO file retrieved 2026-09-13)"
BMY,2021,0.0,EPA ECHO ICIS-FE&C civil enforcement cases,https://echo.epa.gov/facilities/enforcement-case-search,2026-09-13,"no federal EPA civil penalty found under the company's name, former names or 10-K subsidiaries with a settlement in 2017-2021 (ECHO file retrieved 2026-09-13)"
BMY,2022,0.0,EPA ECHO ICIS-FE&C civil enforcement cases,https://echo.epa.gov/facilities/enforcement-case-search,2026-09-13,"no federal EPA civil penalty found under the company's name, former names or 10-K subsidiaries with a settlement in 2018-2022 (ECHO file retrieved 2026-09-13)"
BMY,2023,0.0,EPA ECHO ICIS-FE&C civil enforcement cases,https://echo.epa.gov/facilities/enforcement-case-search,2026-09-13,"no federal EPA civil penalty found under the company's name, former names or 10-K subsidiaries with a settlement in 2019-2023 (ECHO file retrieved 2026-09-13)"
BMY,2024,0.0,EPA ECHO ICIS-FE&C civil enforcement cases,https://echo.epa.gov/facilities/enforcement-case-search,2026-09-13,"no federal EPA civil penalty found under the company's name, former names or 10-K subsidiaries with a settlement in 2020-2024 (ECHO file retrieved 2026-09-13)"
BMY,2025,0.0,EPA ECHO ICIS-FE&C civil enforcement cases,https://echo.epa.gov/facilities/enforcement-case-search,2026-09-13,"no federal EPA civil penalty found under the company's name, former names or 10-K subsidiaries with a settlement in 2021-2025 (ECHO file retrieved 2026-09-13)"
BNY,2020,0.0,EPA ECHO ICIS-FE&C civil enforcement cases,https://echo.epa.gov/facilities/enforcement-case-search,2026-09-13,"no federal EPA civil penalty found under the company's name, former names or 10-K subsidiaries with a settlement in 2016-2020 (ECHO file retrieved 2026-09-13)"
BNY,2021,0.0,EPA ECHO ICIS-FE&C civil enforcement cases,https://echo.epa.gov/facilities/enforcement-case-search,2026-09-13,"no federal EPA civil penalty found under the company's name, former names or 10-K subsidiaries with a settlement in 2017-2021 (ECHO file retrieved 2026-09-13)"
BNY,2022,0.0,EPA ECHO ICIS-FE&C civil enforcement cases,https://echo.epa.gov/facilities/enforcement-case-search,2026-09-13,"no federal EPA civil penalty found under the company's name, former names or 10-K subsidiaries with a settlement in 2018-2022 (ECHO file retrieved 2026-09-13)"
BNY,2023,0.0,EPA ECHO ICIS-FE&C civil enforcement cases,https://echo.epa.gov/facilities/enforcement-case-search,2026-09-13,"no federal EPA civil penalty found under the company's name, former names or 10-K subsidiaries with a settlement in 2019-2023 (ECHO file retrieved 2026-09-13)"
BNY,2024,0.0,EPA ECHO ICIS-FE&C civil enforcement cases,https://echo.epa.gov/facilities/enforcement-case-search,2026-09-13,"no federal EPA civil penalty found under the company's name, former names or 10-K subsidiaries with a settlement in 2020-2024 (ECHO file retrieved 2026-09-13)"
BNY,2025,0.0,EPA ECHO ICIS-FE&C civil enforcement cases,https://echo.epa.gov/facilities/enforcement-case-search,2026-09-13,"no federal EPA civil penalty found under the company's name, former names or 10-K subsidiaries with a settlement in 2021-2025 (ECHO file retrieved 2026-09-13)"
BR,2020,0.0,EPA ECHO ICIS-FE&C civil enforcement cases,https://echo.epa.gov/facilities/enforcement-case-search,2026-09-13,"no federal EPA civil penalty found under the company's name, former names or 10-K subsidiaries with a settlement in 2016-2020 (ECHO file retrieved 2026-09-13)"
BR,2021,0.0,EPA ECHO ICIS-FE&C civil enforcement cases,https://echo.epa.gov/facilities/enforcement-case-search,2026-09-13,"no federal EPA civil penalty found under the company's name, former names or 10-K subsidiaries with a settlement in 2017-2021 (ECHO file retrieved 2026-09-13)"
BR,2022,0.0,EPA ECHO ICIS-FE&C civil enforcement cases,https://echo.epa.gov/facilities/enforcement-case-search,2026-09-13,"no federal EPA civil penalty found under the company's name, former names or 10-K subsidiaries with a settlement in 2018-2022 (ECHO file retrieved 2026-09-13)"
BR,2023,0.0,EPA ECHO ICIS-FE&C civil enforcement cases,https://echo.epa.gov/facilities/enforcement-case-search,2026-09-13,"no federal EPA civil penalty found under the company's name, former names or 10-K subsidiaries with a settlement in 2019-2023 (ECHO file retrieved 2026-09-13)"
BR,2024,0.0,EPA ECHO ICIS-FE&C civil enforcement cases,https://echo.epa.gov/facilities/enforcement-case-search,2026-09-13,"no federal EPA civil penalty found under the company's name, former names or 10-K subsidiaries with a settlement in 2020-2024 (ECHO file retrieved 2026-09-13)"
BR,2025,0.0,EPA ECHO ICIS-FE&C civil enforcement cases,https://echo.epa.gov/facilities/enforcement-case-search,2026-09-13,"no federal EPA civil penalty found under the company's name, former names or 10-K subsidiaries with a settlement in 2021-2025 (ECHO file retrieved 2026-09-13)"
BRK.B,2020,5112.68,EPA ECHO ICIS-FE&C civil enforcement cases,https://echo.epa.gov/enforcement-case-report?id=08-2015-0045,2026-09-13,"6 case(s), $1,156,169 in 2016-2020 over mean revenue $226.1bn; largest: case 08-2015-0045 (2016), defendant 'BNSF RAILWAY COMPANY', $600,000"
BRK.B,2021,6585.59,EPA ECHO ICIS-FE&C civil enforcement cases,https://echo.epa.gov/enforcement-case-report?id=07-2019-0252,2026-09-13,"4 case(s), $1,569,686 in 2017-2021 over mean revenue $238.4bn; largest: case 07-2019-0252 (2021), defendant 'BNSF Railway Company', $1,513,750"
BRK.B,2022,6911.51,EPA ECHO ICIS-FE&C civil enforcement cases,https://echo.epa.gov/enforcement-case-report?id=07-2019-0252,2026-09-13,"6 case(s), $1,733,192 in 2018-2022 over mean revenue $250.8bn; largest: case 07-2019-0252 (2021), defendant 'BNSF Railway Company', $1,513,750"
BRK.B,2023,6216.94,EPA ECHO ICIS-FE&C civil enforcement cases,https://echo.epa.gov/enforcement-case-report?id=07-2019-0252,2026-09-13,"5 case(s), $1,794,061 in 2019-2023 over mean revenue $288.6bn; largest: case 07-2019-0252 (2021), defendant 'BNSF Railway Company', $1,513,750"
BRK.B,2024,5839.82,EPA ECHO ICIS-FE&C civil enforcement cases,https://echo.epa.gov/enforcement-case-report?id=07-2019-0252,2026-09-13,"7 case(s), $1,821,673 in 2020-2024 over mean revenue $311.9bn; largest: case 07-2019-0252 (2021), defendant 'BNSF Railway Company', $1,513,750"
BRK.B,2025,5949.56,EPA ECHO ICIS-FE&C civil enforcement cases,https://echo.epa.gov/enforcement-case-report?id=07-2019-0252,2026-09-13,"7 case(s), $2,005,673 in 2021-2025 over mean revenue $337.1bn; largest: case 07-2019-0252 (2021), defendant 'BNSF Railway Company', $1,513,750"
BRO,2020,0.0,EPA ECHO ICIS-FE&C civil enforcement cases,https://echo.epa.gov/facilities/enforcement-case-search,2026-09-13,"no federal EPA civil penalty found under the company's name, former names or 10-K subsidiaries with a settlement in 2016-2020 (ECHO file retrieved 2026-09-13)"
BRO,2021,0.0,EPA ECHO ICIS-FE&C civil enforcement cases,https://echo.epa.gov/facilities/enforcement-case-search,2026-09-13,"no federal EPA civil penalty found under the company's name, former names or 10-K subsidiaries with a settlement in 2017-2021 (ECHO file retrieved 2026-09-13)"
BRO,2022,0.0,EPA ECHO ICIS-FE&C civil enforcement cases,https://echo.epa.gov/facilities/enforcement-case-search,2026-09-13,"no federal EPA civil penalty found under the company's name, former names or 10-K subsidiaries with a settlement in 2018-2022 (ECHO file retrieved 2026-09-13)"
BRO,2023,0.0,EPA ECHO ICIS-FE&C civil enforcement cases,https://echo.epa.gov/facilities/enforcement-case-search,2026-09-13,"no federal EPA civil penalty found under the company's name, former names or 10-K subsidiaries with a settlement in 2019-2023 (ECHO file retrieved 2026-09-13)"
BRO,2024,0.0,EPA ECHO ICIS-FE&C civil enforcement cases,https://echo.epa.gov/facilities/enforcement-case-search,2026-09-13,"no federal EPA civil penalty found under the company's name, former names or 10-K subsidiaries with a settlement in 2020-2024 (ECHO file retrieved 2026-09-13)"
BRO,2025,0.0,EPA ECHO ICIS-FE&C civil enforcement cases,https://echo.epa.gov/facilities/enforcement-case-search,2026-09-13,"no federal EPA civil penalty found under the company's name, former names or 10-K subsidiaries with a settlement in 2021-2025 (ECHO file retrieved 2026-09-13)"
BSX,2020,0.0,EPA ECHO ICIS-FE&C civil enforcement cases,https://echo.epa.gov/facilities/enforcement-case-search,2026-09-13,"no federal EPA civil penalty found under the company's name, former names or 10-K subsidiaries with a settlement in 2016-2020 (ECHO file retrieved 2026-09-13)"
BSX,2021,0.0,EPA ECHO ICIS-FE&C civil enforcement cases,https://echo.epa.gov/facilities/enforcement-case-search,2026-09-13,"no federal EPA civil penalty found under the company's name, former names or 10-K subsidiaries with a settlement in 2017-2021 (ECHO file retrieved 2026-09-13)"
BSX,2022,0.0,EPA ECHO ICIS-FE&C civil enforcement cases,https://echo.epa.gov/facilities/enforcement-case-search,2026-09-13,"no federal EPA civil penalty found under the company's name, former names or 10-K subsidiaries with a settlement in 2018-2022 (ECHO file retrieved 2026-09-13)"
BSX,2023,0.0,EPA ECHO ICIS-FE&C civil enforcement cases,https://echo.epa.gov/facilities/enforcement-case-search,2026-09-13,"no federal EPA civil penalty found under the company's name, former names or 10-K subsidiaries with a settlement in 2019-2023 (ECHO file retrieved 2026-09-13)"
BSX,2024,0.0,EPA ECHO ICIS-FE&C civil enforcement cases,https://echo.epa.gov/facilities/enforcement-case-search,2026-09-13,"no federal EPA civil penalty found under the company's name, former names or 10-K subsidiaries with a settlement in 2020-2024 (ECHO file retrieved 2026-09-13)"
BSX,2025,0.0,EPA ECHO ICIS-FE&C civil enforcement cases,https://echo.epa.gov/facilities/enforcement-case-search,2026-09-13,"no federal EPA civil penalty found under the company's name, former names or 10-K subsidiaries with a settlement in 2021-2025 (ECHO file retrieved 2026-09-13)"
BX,2020,0.0,EPA ECHO ICIS-FE&C civil enforcement cases,https://echo.epa.gov/facilities/enforcement-case-search,2026-09-13,"no federal EPA civil penalty found under the company's name, former names or 10-K subsidiaries with a settlement in 2016-2020 (ECHO file retrieved 2026-09-13)"
BX,2021,0.0,EPA ECHO ICIS-FE&C civil enforcement cases,https://echo.epa.gov/facilities/enforcement-case-search,2026-09-13,"no federal EPA civil penalty found under the company's name, former names or 10-K subsidiaries with a settlement in 2017-2021 (ECHO file retrieved 2026-09-13)"
BX,2022,0.0,EPA ECHO ICIS-FE&C civil enforcement cases,https://echo.epa.gov/facilities/enforcement-case-search,2026-09-13,"no federal EPA civil penalty found under the company's name, former names or 10-K subsidiaries with a settlement in 2018-2022 (ECHO file retrieved 2026-09-13)"
BX,2023,0.0,EPA ECHO ICIS-FE&C civil enforcement cases,https://echo.epa.gov/facilities/enforcement-case-search,2026-09-13,"no federal EPA civil penalty found under the company's name, former names or 10-K subsidiaries with a settlement in 2019-2023 (ECHO file retrieved 2026-09-13)"
BX,2024,0.0,EPA ECHO ICIS-FE&C civil enforcement cases,https://echo.epa.gov/facilities/enforcement-case-search,2026-09-13,"no federal EPA civil penalty found under the company's name, former names or 10-K subsidiaries with a settlement in 2020-2024 (ECHO file retrieved 2026-09-13)"
BX,2025,0.0,EPA ECHO ICIS-FE&C civil enforcement cases,https://echo.epa.gov/facilities/enforcement-case-search,2026-09-13,"no federal EPA civil penalty found under the company's name, former names or 10-K subsidiaries with a settlement in 2021-2025 (ECHO file retrieved 2026-09-13)"
BXP,2020,0.0,EPA ECHO ICIS-FE&C civil enforcement cases,https://echo.epa.gov/facilities/enforcement-case-search,2026-09-13,"no federal EPA civil penalty found under the company's name, former names or 10-K subsidiaries with a settlement in 2016-2020 (ECHO file retrieved 2026-09-13)"
BXP,2021,0.0,EPA ECHO ICIS-FE&C civil enforcement cases,https://echo.epa.gov/facilities/enforcement-case-search,2026-09-13,"no federal EPA civil penalty found under the company's name, former names or 10-K subsidiaries with a settlement in 2017-2021 (ECHO file retrieved 2026-09-13)"
BXP,2022,0.0,EPA ECHO ICIS-FE&C civil enforcement cases,https://echo.epa.gov/facilities/enforcement-case-search,2026-09-13,"no federal EPA civil penalty found under the company's name, former names or 10-K subsidiaries with a settlement in 2018-2022 (ECHO file retrieved 2026-09-13)"
BXP,2023,0.0,EPA ECHO ICIS-FE&C civil enforcement cases,https://echo.epa.gov/facilities/enforcement-case-search,2026-09-13,"no federal EPA civil penalty found under the company's name, former names or 10-K subsidiaries with a settlement in 2019-2023 (ECHO file retrieved 2026-09-13)"
BXP,2024,0.0,EPA ECHO ICIS-FE&C civil enforcement cases,https://echo.epa.gov/facilities/enforcement-case-search,2026-09-13,"no federal EPA civil penalty found under the company's name, former names or 10-K subsidiaries with a settlement in 2020-2024 (ECHO file retrieved 2026-09-13)"
BXP,2025,0.0,EPA ECHO ICIS-FE&C civil enforcement cases,https://echo.epa.gov/facilities/enforcement-case-search,2026-09-13,"no federal EPA civil penalty found under the company's name, former names or 10-K subsidiaries with a settlement in 2021-2025 (ECHO file retrieved 2026-09-13)"
C,2020,0.0,EPA ECHO ICIS-FE&C civil enforcement cases,https://echo.epa.gov/facilities/enforcement-case-search,2026-09-13,"no federal EPA civil penalty found under the company's name, former names or 10-K subsidiaries with a settlement in 2016-2020 (ECHO file retrieved 2026-09-13)"
C,2021,0.0,EPA ECHO ICIS-FE&C civil enforcement cases,https://echo.epa.gov/facilities/enforcement-case-search,2026-09-13,"no federal EPA civil penalty found under the company's name, former names or 10-K subsidiaries with a settlement in 2017-2021 (ECHO file retrieved 2026-09-13)"
C,2022,0.0,EPA ECHO ICIS-FE&C civil enforcement cases,https://echo.epa.gov/facilities/enforcement-case-search,2026-09-13,"no federal EPA civil penalty found under the company's name, former names or 10-K subsidiaries with a settlement in 2018-2022 (ECHO file retrieved 2026-09-13)"
C,2023,0.0,EPA ECHO ICIS-FE&C civil enforcement cases,https://echo.epa.gov/facilities/enforcement-case-search,2026-09-13,"no federal EPA civil penalty found under the company's name, former names or 10-K subsidiaries with a settlement in 2019-2023 (ECHO file retrieved 2026-09-13)"
C,2024,0.0,EPA ECHO ICIS-FE&C civil enforcement cases,https://echo.epa.gov/facilities/enforcement-case-search,2026-09-13,"no federal EPA civil penalty found under the company's name, former names or 10-K subsidiaries with a settlement in 2020-2024 (ECHO file retrieved 2026-09-13)"
C,2025,0.0,EPA ECHO ICIS-FE&C civil enforcement cases,https://echo.epa.gov/facilities/enforcement-case-search,2026-09-13,"no federal EPA civil penalty found under the company's name, former names or 10-K subsidiaries with a settlement in 2021-2025 (ECHO file retrieved 2026-09-13)"
CAH,2020,0.0,EPA ECHO ICIS-FE&C civil enforcement cases,https://echo.epa.gov/facilities/enforcement-case-search,2026-09-13,"no federal EPA civil penalty found under the company's name, former names or 10-K subsidiaries with a settlement in 2016-2020 (ECHO file retrieved 2026-09-13)"
CAH,2021,0.0,EPA ECHO ICIS-FE&C civil enforcement cases,https://echo.epa.gov/facilities/enforcement-case-search,2026-09-13,"no federal EPA civil penalty found under the company's name, former names or 10-K subsidiaries with a settlement in 2017-2021 (ECHO file retrieved 2026-09-13)"
CAH,2022,0.0,EPA ECHO ICIS-FE&C civil enforcement cases,https://echo.epa.gov/facilities/enforcement-case-search,2026-09-13,"no federal EPA civil penalty found under the company's name, former names or 10-K subsidiaries with a settlement in 2018-2022 (ECHO file retrieved 2026-09-13)"
CAH,2023,0.0,EPA ECHO ICIS-FE&C civil enforcement cases,https://echo.epa.gov/facilities/enforcement-case-search,2026-09-13,"no federal EPA civil penalty found under the company's name, former names or 10-K subsidiaries with a settlement in 2019-2023 (ECHO file retrieved 2026-09-13)"
CAH,2024,0.0,EPA ECHO ICIS-FE&C civil enforcement cases,https://echo.epa.gov/facilities/enforcement-case-search,2026-09-13,"no federal EPA civil penalty found under the company's name, former names or 10-K subsidiaries with a settlement in 2020-2024 (ECHO file retrieved 2026-09-13)"
CAH,2025,0.0,EPA ECHO ICIS-FE&C civil enforcement cases,https://echo.epa.gov/facilities/enforcement-case-search,2026-09-13,"no federal EPA civil penalty found under the company's name, former names or 10-K subsidiaries with a settlement in 2021-2025 (ECHO file retrieved 2026-09-13)"
CARR,2020,0.0,EPA ECHO ICIS-FE&C civil enforcement cases,https://echo.epa.gov/facilities/enforcement-case-search,2026-09-13,"no federal EPA civil penalty found under the company's name, former names or 10-K subsidiaries with a settlement in 2016-2020 (ECHO file retrieved 2026-09-13)"
CARR,2021,0.0,EPA ECHO ICIS-FE&C civil enforcement cases,https://echo.epa.gov/facilities/enforcement-case-search,2026-09-13,"no federal EPA civil penalty found under the company's name, former names or 10-K subsidiaries with a settlement in 2017-2021 (ECHO file retrieved 2026-09-13)"
CARR,2022,0.0,EPA ECHO ICIS-FE&C civil enforcement cases,https://echo.epa.gov/facilities/enforcement-case-search,2026-09-13,"no federal EPA civil penalty found under the company's name, former names or 10-K subsidiaries with a settlement in 2018-2022 (ECHO file retrieved 2026-09-13)"
CARR,2023,0.0,EPA ECHO ICIS-FE&C civil enforcement cases,https://echo.epa.gov/facilities/enforcement-case-search,2026-09-13,"no federal EPA civil penalty found under the company's name, former names or 10-K subsidiaries with a settlement in 2019-2023 (ECHO file retrieved 2026-09-13)"
CARR,2024,0.0,EPA ECHO ICIS-FE&C civil enforcement cases,https://echo.epa.gov/facilities/enforcement-case-search,2026-09-13,"no federal EPA civil penalty found under the company's name, former names or 10-K subsidiaries with a settlement in 2020-2024 (ECHO file retrieved 2026-09-13)"
CARR,2025,0.0,EPA ECHO ICIS-FE&C civil enforcement cases,https://echo.epa.gov/facilities/enforcement-case-search,2026-09-13,"no federal EPA civil penalty found under the company's name, former names or 10-K subsidiaries with a settlement in 2021-2025 (ECHO file retrieved 2026-09-13)"
CASY,2020,0.0,EPA ECHO ICIS-FE&C civil enforcement cases,https://echo.epa.gov/facilities/enforcement-case-search,2026-09-13,"no federal EPA civil penalty found under the company's name, former names or 10-K subsidiaries with a settlement in 2016-2020 (ECHO file retrieved 2026-09-13)"
CASY,2021,0.0,EPA ECHO ICIS-FE&C civil enforcement cases,https://echo.epa.gov/facilities/enforcement-case-search,2026-09-13,"no federal EPA civil penalty found under the company's name, former names or 10-K subsidiaries with a settlement in 2017-2021 (ECHO file retrieved 2026-09-13)"
CASY,2022,0.0,EPA ECHO ICIS-FE&C civil enforcement cases,https://echo.epa.gov/facilities/enforcement-case-search,2026-09-13,"no federal EPA civil penalty found under the company's name, former names or 10-K subsidiaries with a settlement in 2018-2022 (ECHO file retrieved 2026-09-13)"
CASY,2023,0.0,EPA ECHO ICIS-FE&C civil enforcement cases,https://echo.epa.gov/facilities/enforcement-case-search,2026-09-13,"no federal EPA civil penalty found under the company's name, former names or 10-K subsidiaries with a settlement in 2019-2023 (ECHO file retrieved 2026-09-13)"
CASY,2024,0.0,EPA ECHO ICIS-FE&C civil enforcement cases,https://echo.epa.gov/facilities/enforcement-case-search,2026-09-13,"no federal EPA civil penalty found under the company's name, former names or 10-K subsidiaries with a settlement in 2020-2024 (ECHO file retrieved 2026-09-13)"
CASY,2025,0.0,EPA ECHO ICIS-FE&C civil enforcement cases,https://echo.epa.gov/facilities/enforcement-case-search,2026-09-13,"no federal EPA civil penalty found under the company's name, former names or 10-K subsidiaries with a settlement in 2021-2025 (ECHO file retrieved 2026-09-13)"
CAT,2020,25.64,EPA ECHO ICIS-FE&C civil enforcement cases,https://echo.epa.gov/enforcement-case-report?id=09-2020-0038,2026-09-13,"2 case(s), $1,202 in 2016-2020 over mean revenue $46.9bn; largest: case 09-2020-0038 (2020), defendant 'Solar Turbines, Inc.', $969"
CAT,2021,19.64,EPA ECHO ICIS-FE&C civil enforcement cases,https://echo.epa.gov/enforcement-case-report?id=09-2020-0038,2026-09-13,"1 case(s), $969 in 2017-2021 over mean revenue $49.3bn; largest: case 09-2020-0038 (2020), defendant 'Solar Turbines, Inc.', $969"
CAT,2022,18.59,EPA ECHO ICIS-FE&C civil enforcement cases,https://echo.epa.gov/enforcement-case-report?id=09-2020-0038,2026-09-13,"1 case(s), $969 in 2018-2022 over mean revenue $52.1bn; largest: case 09-2020-0038 (2020), defendant 'Solar Turbines, Inc.', $969"
CAT,2023,17.75,EPA ECHO ICIS-FE&C civil enforcement cases,https://echo.epa.gov/enforcement-case-report?id=09-2020-0038,2026-09-13,"1 case(s), $969 in 2019-2023 over mean revenue $54.6bn; largest: case 09-2020-0038 (2020), defendant 'Solar Turbines, Inc.', $969"
CAT,2024,1144.54,EPA ECHO ICIS-FE&C civil enforcement cases,https://echo.epa.gov/enforcement-case-report?id=05-2025-0307,2026-09-13,"2 case(s), $65,013 in 2020-2024 over mean revenue $56.8bn; largest: case 05-2025-0307 (2024), defendant 'Caterpillar Inc.', $64,044"
CAT,2025,1033.45,EPA ECHO ICIS-FE&C civil enforcement cases,https://echo.epa.gov/enforcement-case-report?id=05-2025-0307,2026-09-13,"1 case(s), $64,044 in 2021-2025 over mean revenue $62.0bn; largest: case 05-2025-0307 (2024), defendant 'Caterpillar Inc.', $64,044"
CB,2020,0.0,EPA ECHO ICIS-FE&C civil enforcement cases,https://echo.epa.gov/facilities/enforcement-case-search,2026-09-13,"no federal EPA civil penalty found under the company's name, former names or 10-K subsidiaries with a settlement in 2016-2020 (ECHO file retrieved 2026-09-13)"
CB,2021,0.0,EPA ECHO ICIS-FE&C civil enforcement cases,https://echo.epa.gov/facilities/enforcement-case-search,2026-09-13,"no federal EPA civil penalty found under the company's name, former names or 10-K subsidiaries with a settlement in 2017-2021 (ECHO file retrieved 2026-09-13)"
CB,2022,0.0,EPA ECHO ICIS-FE&C civil enforcement cases,https://echo.epa.gov/facilities/enforcement-case-search,2026-09-13,"no federal EPA civil penalty found under the company's name, former names or 10-K subsidiaries with a settlement in 2018-2022 (ECHO file retrieved 2026-09-13)"
CB,2023,0.0,EPA ECHO ICIS-FE&C civil enforcement cases,https://echo.epa.gov/facilities/enforcement-case-search,2026-09-13,"no federal EPA civil penalty found under the company's name, former names or 10-K subsidiaries with a settlement in 2019-2023 (ECHO file retrieved 2026-09-13)"
CB,2024,0.0,EPA ECHO ICIS-FE&C civil enforcement cases,https://echo.epa.gov/facilities/enforcement-case-search,2026-09-13,"no federal EPA civil penalty found under the company's name, former names or 10-K subsidiaries with a settlement in 2020-2024 (ECHO file retrieved 2026-09-13)"
CB,2025,0.0,EPA ECHO ICIS-FE&C civil enforcement cases,https://echo.epa.gov/facilities/enforcement-case-search,2026-09-13,"no federal EPA civil penalty found under the company's name, former names or 10-K subsidiaries with a settlement in 2021-2025 (ECHO file retrieved 2026-09-13)"
CBOE,2020,0.0,EPA ECHO ICIS-FE&C civil enforcement cases,https://echo.epa.gov/facilities/enforcement-case-search,2026-09-13,"no federal EPA civil penalty found under the company's name, former names or 10-K subsidiaries with a settlement in 2016-2020 (ECHO file retrieved 2026-09-13)"
CBOE,2021,0.0,EPA ECHO ICIS-FE&C civil enforcement cases,https://echo.epa.gov/facilities/enforcement-case-search,2026-09-13,"no federal EPA civil penalty found under the company's name, former names or 10-K subsidiaries with a settlement in 2017-2021 (ECHO file retrieved 2026-09-13)"
CBOE,2022,0.0,EPA ECHO ICIS-FE&C civil enforcement cases,https://echo.epa.gov/facilities/enforcement-case-search,2026-09-13,"no federal EPA civil penalty found under the company's name, former names or 10-K subsidiaries with a settlement in 2018-2022 (ECHO file retrieved 2026-09-13)"
CBOE,2023,0.0,EPA ECHO ICIS-FE&C civil enforcement cases,https://echo.epa.gov/facilities/enforcement-case-search,2026-09-13,"no federal EPA civil penalty found under the company's name, former names or 10-K subsidiaries with a settlement in 2019-2023 (ECHO file retrieved 2026-09-13)"
CBOE,2024,0.0,EPA ECHO ICIS-FE&C civil enforcement cases,https://echo.epa.gov/facilities/enforcement-case-search,2026-09-13,"no federal EPA civil penalty found under the company's name, former names or 10-K subsidiaries with a settlement in 2020-2024 (ECHO file retrieved 2026-09-13)"
CBOE,2025,0.0,EPA ECHO ICIS-FE&C civil enforcement cases,https://echo.epa.gov/facilities/enforcement-case-search,2026-09-13,"no federal EPA civil penalty found under the company's name, former names or 10-K subsidiaries with a settlement in 2021-2025 (ECHO file retrieved 2026-09-13)"
CBRE,2020,0.0,EPA ECHO ICIS-FE&C civil enforcement cases,https://echo.epa.gov/facilities/enforcement-case-search,2026-09-13,"no federal EPA civil penalty found under the company's name, former names or 10-K subsidiaries with a settlement in 2016-2020 (ECHO file retrieved 2026-09-13)"
CBRE,2021,0.0,EPA ECHO ICIS-FE&C civil enforcement cases,https://echo.epa.gov/facilities/enforcement-case-search,2026-09-13,"no federal EPA civil penalty found under the company's name, former names or 10-K subsidiaries with a settlement in 2017-2021 (ECHO file retrieved 2026-09-13)"
CBRE,2022,0.0,EPA ECHO ICIS-FE&C civil enforcement cases,https://echo.epa.gov/facilities/enforcement-case-search,2026-09-13,"no federal EPA civil penalty found under the company's name, former names or 10-K subsidiaries with a settlement in 2018-2022 (ECHO file retrieved 2026-09-13)"
CBRE,2023,0.0,EPA ECHO ICIS-FE&C civil enforcement cases,https://echo.epa.gov/facilities/enforcement-case-search,2026-09-13,"no federal EPA civil penalty found under the company's name, former names or 10-K subsidiaries with a settlement in 2019-2023 (ECHO file retrieved 2026-09-13)"
CBRE,2024,0.0,EPA ECHO ICIS-FE&C civil enforcement cases,https://echo.epa.gov/facilities/enforcement-case-search,2026-09-13,"no federal EPA civil penalty found under the company's name, former names or 10-K subsidiaries with a settlement in 2020-2024 (ECHO file retrieved 2026-09-13)"
CBRE,2025,0.0,EPA ECHO ICIS-FE&C civil enforcement cases,https://echo.epa.gov/facilities/enforcement-case-search,2026-09-13,"no federal EPA civil penalty found under the company's name, former names or 10-K subsidiaries with a settlement in 2021-2025 (ECHO file retrieved 2026-09-13)"
CCI,2020,0.0,EPA ECHO ICIS-FE&C civil enforcement cases,https://echo.epa.gov/facilities/enforcement-case-search,2026-09-13,"no federal EPA civil penalty found under the company's name, former names or 10-K subsidiaries with a settlement in 2016-2020 (ECHO file retrieved 2026-09-13)"
CCI,2021,0.0,EPA ECHO ICIS-FE&C civil enforcement cases,https://echo.epa.gov/facilities/enforcement-case-search,2026-09-13,"no federal EPA civil penalty found under the company's name, former names or 10-K subsidiaries with a settlement in 2017-2021 (ECHO file retrieved 2026-09-13)"
CCI,2022,0.0,EPA ECHO ICIS-FE&C civil enforcement cases,https://echo.epa.gov/facilities/enforcement-case-search,2026-09-13,"no federal EPA civil penalty found under the company's name, former names or 10-K subsidiaries with a settlement in 2018-2022 (ECHO file retrieved 2026-09-13)"
CCI,2023,0.0,EPA ECHO ICIS-FE&C civil enforcement cases,https://echo.epa.gov/facilities/enforcement-case-search,2026-09-13,"no federal EPA civil penalty found under the company's name, former names or 10-K subsidiaries with a settlement in 2019-2023 (ECHO file retrieved 2026-09-13)"
CCI,2024,0.0,EPA ECHO ICIS-FE&C civil enforcement cases,https://echo.epa.gov/facilities/enforcement-case-search,2026-09-13,"no federal EPA civil penalty found under the company's name, former names or 10-K subsidiaries with a settlement in 2020-2024 (ECHO file retrieved 2026-09-13)"
CCI,2025,0.0,EPA ECHO ICIS-FE&C civil enforcement cases,https://echo.epa.gov/facilities/enforcement-case-search,2026-09-13,"no federal EPA civil penalty found under the company's name, former names or 10-K subsidiaries with a settlement in 2021-2025 (ECHO file retrieved 2026-09-13)"
CCL,2020,0.0,EPA ECHO ICIS-FE&C civil enforcement cases,https://echo.epa.gov/facilities/enforcement-case-search,2026-09-13,"no federal EPA civil penalty found under the company's name, former names or 10-K subsidiaries with a settlement in 2016-2020 (ECHO file retrieved 2026-09-13)"
CCL,2021,0.0,EPA ECHO ICIS-FE&C civil enforcement cases,https://echo.epa.gov/facilities/enforcement-case-search,2026-09-13,"no federal EPA civil penalty found under the company's name, former names or 10-K subsidiaries with a settlement in 2017-2021 (ECHO file retrieved 2026-09-13)"
CCL,2022,0.0,EPA ECHO ICIS-FE&C civil enforcement cases,https://echo.epa.gov/facilities/enforcement-case-search,2026-09-13,"no federal EPA civil penalty found under the company's name, former names or 10-K subsidiaries with a settlement in 2018-2022 (ECHO file retrieved 2026-09-13)"
CCL,2023,0.0,EPA ECHO ICIS-FE&C civil enforcement cases,https://echo.epa.gov/facilities/enforcement-case-search,2026-09-13,"no federal EPA civil penalty found under the company's name, former names or 10-K subsidiaries with a settlement in 2019-2023 (ECHO file retrieved 2026-09-13)"
CCL,2024,0.0,EPA ECHO ICIS-FE&C civil enforcement cases,https://echo.epa.gov/facilities/enforcement-case-search,2026-09-13,"no federal EPA civil penalty found under the company's name, former names or 10-K subsidiaries with a settlement in 2020-2024 (ECHO file retrieved 2026-09-13)"
CCL,2025,0.0,EPA ECHO ICIS-FE&C civil enforcement cases,https://echo.epa.gov/facilities/enforcement-case-search,2026-09-13,"no federal EPA civil penalty found under the company's name, former names or 10-K subsidiaries with a settlement in 2021-2025 (ECHO file retrieved 2026-09-13)"
CDNS,2020,0.0,EPA ECHO ICIS-FE&C civil enforcement cases,https://echo.epa.gov/facilities/enforcement-case-search,2026-09-13,"no federal EPA civil penalty found under the company's name, former names or 10-K subsidiaries with a settlement in 2016-2020 (ECHO file retrieved 2026-09-13)"
CDNS,2021,0.0,EPA ECHO ICIS-FE&C civil enforcement cases,https://echo.epa.gov/facilities/enforcement-case-search,2026-09-13,"no federal EPA civil penalty found under the company's name, former names or 10-K subsidiaries with a settlement in 2017-2021 (ECHO file retrieved 2026-09-13)"
CDNS,2022,0.0,EPA ECHO ICIS-FE&C civil enforcement cases,https://echo.epa.gov/facilities/enforcement-case-search,2026-09-13,"no federal EPA civil penalty found under the company's name, former names or 10-K subsidiaries with a settlement in 2018-2022 (ECHO file retrieved 2026-09-13)"
CDNS,2023,0.0,EPA ECHO ICIS-FE&C civil enforcement cases,https://echo.epa.gov/facilities/enforcement-case-search,2026-09-13,"no federal EPA civil penalty found under the company's name, former names or 10-K subsidiaries with a settlement in 2019-2023 (ECHO file retrieved 2026-09-13)"
CDNS,2024,0.0,EPA ECHO ICIS-FE&C civil enforcement cases,https://echo.epa.gov/facilities/enforcement-case-search,2026-09-13,"no federal EPA civil penalty found under the company's name, former names or 10-K subsidiaries with a settlement in 2020-2024 (ECHO file retrieved 2026-09-13)"
CDNS,2025,0.0,EPA ECHO ICIS-FE&C civil enforcement cases,https://echo.epa.gov/facilities/enforcement-case-search,2026-09-13,"no federal EPA civil penalty found under the company's name, former names or 10-K subsidiaries with a settlement in 2021-2025 (ECHO file retrieved 2026-09-13)"
CDW,2020,0.0,EPA ECHO ICIS-FE&C civil enforcement cases,https://echo.epa.gov/facilities/enforcement-case-search,2026-09-13,"no federal EPA civil penalty found under the company's name, former names or 10-K subsidiaries with a settlement in 2016-2020 (ECHO file retrieved 2026-09-13)"
CDW,2021,0.0,EPA ECHO ICIS-FE&C civil enforcement cases,https://echo.epa.gov/facilities/enforcement-case-search,2026-09-13,"no federal EPA civil penalty found under the company's name, former names or 10-K subsidiaries with a settlement in 2017-2021 (ECHO file retrieved 2026-09-13)"
CDW,2022,0.0,EPA ECHO ICIS-FE&C civil enforcement cases,https://echo.epa.gov/facilities/enforcement-case-search,2026-09-13,"no federal EPA civil penalty found under the company's name, former names or 10-K subsidiaries with a settlement in 2018-2022 (ECHO file retrieved 2026-09-13)"
CDW,2023,0.0,EPA ECHO ICIS-FE&C civil enforcement cases,https://echo.epa.gov/facilities/enforcement-case-search,2026-09-13,"no federal EPA civil penalty found under the company's name, former names or 10-K subsidiaries with a settlement in 2019-2023 (ECHO file retrieved 2026-09-13)"
CDW,2024,0.0,EPA ECHO ICIS-FE&C civil enforcement cases,https://echo.epa.gov/facilities/enforcement-case-search,2026-09-13,"no federal EPA civil penalty found under the company's name, former names or 10-K subsidiaries with a settlement in 2020-2024 (ECHO file retrieved 2026-09-13)"
CDW,2025,0.0,EPA ECHO ICIS-FE&C civil enforcement cases,https://echo.epa.gov/facilities/enforcement-case-search,2026-09-13,"no federal EPA civil penalty found under the company's name, former names or 10-K subsidiaries with a settlement in 2021-2025 (ECHO file retrieved 2026-09-13)"
CEG,2022,131.3,EPA ECHO ICIS-FE&C civil enforcement cases,https://echo.epa.gov/enforcement-case-report?id=03-2018-0059,2026-09-13,"1 case(s), $2,700 in 2018-2022 over mean revenue $20.6bn; largest: case 03-2018-0059 (2018), defendant 'CALPINE BETHLEHEM, LLC', $2,700"
CEG,2023,0.0,EPA ECHO ICIS-FE&C civil enforcement cases,https://echo.epa.gov/facilities/enforcement-case-search,2026-09-13,"no federal EPA civil penalty found under the company's name, former names or 10-K subsidiaries with a settlement in 2019-2023 (ECHO file retrieved 2026-09-13)"
CEG,2024,0.0,EPA ECHO ICIS-FE&C civil enforcement cases,https://echo.epa.gov/facilities/enforcement-case-search,2026-09-13,"no federal EPA civil penalty found under the company's name, former names or 10-K subsidiaries with a settlement in 2020-2024 (ECHO file retrieved 2026-09-13)"
CEG,2025,0.0,EPA ECHO ICIS-FE&C civil enforcement cases,https://echo.epa.gov/facilities/enforcement-case-search,2026-09-13,"no federal EPA civil penalty found under the company's name, former names or 10-K subsidiaries with a settlement in 2021-2025 (ECHO file retrieved 2026-09-13)"
CF,2020,131214.81,EPA ECHO ICIS-FE&C civil enforcement cases,https://echo.epa.gov/enforcement-case-report?id=04-2010-9029,2026-09-13,"1 case(s), $550,000 in 2016-2020 over mean revenue $4.2bn; largest: case 04-2010-9029 (2020), defendant 'CF INDUSTRIES, INC.', $550,000"
CF,2021,115492.84,EPA ECHO ICIS-FE&C civil enforcement cases,https://echo.epa.gov/enforcement-case-report?id=04-2010-9029,2026-09-13,"1 case(s), $550,000 in 2017-2021 over mean revenue $4.8bn; largest: case 04-2010-9029 (2020), defendant 'CF INDUSTRIES, INC.', $550,000"
CF,2022,89091.91,EPA ECHO ICIS-FE&C civil enforcement cases,https://echo.epa.gov/enforcement-case-report?id=04-2010-9029,2026-09-13,"1 case(s), $550,000 in 2018-2022 over mean revenue $6.2bn; largest: case 04-2010-9029 (2020), defendant 'CF INDUSTRIES, INC.', $550,000"
CF,2023,83159.45,EPA ECHO ICIS-FE&C civil enforcement cases,https://echo.epa.gov/enforcement-case-report?id=04-2010-9029,2026-09-13,"1 case(s), $550,000 in 2019-2023 over mean revenue $6.6bn; largest: case 04-2010-9029 (2020), defendant 'CF INDUSTRIES, INC.', $550,000"
CF,2024,79907.02,EPA ECHO ICIS-FE&C civil enforcement cases,https://echo.epa.gov/enforcement-case-report?id=04-2010-9029,2026-09-13,"1 case(s), $550,000 in 2020-2024 over mean revenue $6.9bn; largest: case 04-2010-9029 (2020), defendant 'CF INDUSTRIES, INC.', $550,000"
CF,2025,0.0,EPA ECHO ICIS-FE&C civil enforcement cases,https://echo.epa.gov/facilities/enforcement-case-search,2026-09-13,"no federal EPA civil penalty found under the company's name, former names or 10-K subsidiaries with a settlement in 2021-2025 (ECHO file retrieved 2026-09-13)"
CFG,2020,0.0,EPA ECHO ICIS-FE&C civil enforcement cases,https://echo.epa.gov/facilities/enforcement-case-search,2026-09-13,"no federal EPA civil penalty found under the company's name, former names or 10-K subsidiaries with a settlement in 2016-2020 (ECHO file retrieved 2026-09-13)"
CFG,2021,0.0,EPA ECHO ICIS-FE&C civil enforcement cases,https://echo.epa.gov/facilities/enforcement-case-search,2026-09-13,"no federal EPA civil penalty found under the company's name, former names or 10-K subsidiaries with a settlement in 2017-2021 (ECHO file retrieved 2026-09-13)"
CFG,2022,0.0,EPA ECHO ICIS-FE&C civil enforcement cases,https://echo.epa.gov/facilities/enforcement-case-search,2026-09-13,"no federal EPA civil penalty found under the company's name, former names or 10-K subsidiaries with a settlement in 2018-2022 (ECHO file retrieved 2026-09-13)"
CFG,2023,0.0,EPA ECHO ICIS-FE&C civil enforcement cases,https://echo.epa.gov/facilities/enforcement-case-search,2026-09-13,"no federal EPA civil penalty found under the company's name, former names or 10-K subsidiaries with a settlement in 2019-2023 (ECHO file retrieved 2026-09-13)"
CFG,2024,0.0,EPA ECHO ICIS-FE&C civil enforcement cases,https://echo.epa.gov/facilities/enforcement-case-search,2026-09-13,"no federal EPA civil penalty found under the company's name, former names or 10-K subsidiaries with a settlement in 2020-2024 (ECHO file retrieved 2026-09-13)"
CFG,2025,0.0,EPA ECHO ICIS-FE&C civil enforcement cases,https://echo.epa.gov/facilities/enforcement-case-search,2026-09-13,"no federal EPA civil penalty found under the company's name, former names or 10-K subsidiaries with a settlement in 2021-2025 (ECHO file retrieved 2026-09-13)"
CHD,2020,0.0,EPA ECHO ICIS-FE&C civil enforcement cases,https://echo.epa.gov/facilities/enforcement-case-search,2026-09-13,"no federal EPA civil penalty found under the company's name, former names or 10-K subsidiaries with a settlement in 2016-2020 (ECHO file retrieved 2026-09-13)"
CHD,2021,0.0,EPA ECHO ICIS-FE&C civil enforcement cases,https://echo.epa.gov/facilities/enforcement-case-search,2026-09-13,"no federal EPA civil penalty found under the company's name, former names or 10-K subsidiaries with a settlement in 2017-2021 (ECHO file retrieved 2026-09-13)"
CHD,2022,0.0,EPA ECHO ICIS-FE&C civil enforcement cases,https://echo.epa.gov/facilities/enforcement-case-search,2026-09-13,"no federal EPA civil penalty found under the company's name, former names or 10-K subsidiaries with a settlement in 2018-2022 (ECHO file retrieved 2026-09-13)"
CHD,2023,0.0,EPA ECHO ICIS-FE&C civil enforcement cases,https://echo.epa.gov/facilities/enforcement-case-search,2026-09-13,"no federal EPA civil penalty found under the company's name, former names or 10-K subsidiaries with a settlement in 2019-2023 (ECHO file retrieved 2026-09-13)"
CHD,2024,0.0,EPA ECHO ICIS-FE&C civil enforcement cases,https://echo.epa.gov/facilities/enforcement-case-search,2026-09-13,"no federal EPA civil penalty found under the company's name, former names or 10-K subsidiaries with a settlement in 2020-2024 (ECHO file retrieved 2026-09-13)"
CHD,2025,0.0,EPA ECHO ICIS-FE&C civil enforcement cases,https://echo.epa.gov/facilities/enforcement-case-search,2026-09-13,"no federal EPA civil penalty found under the company's name, former names or 10-K subsidiaries with a settlement in 2021-2025 (ECHO file retrieved 2026-09-13)"
CHRW,2020,407.03,EPA ECHO ICIS-FE&C civil enforcement cases,https://echo.epa.gov/enforcement-case-report?id=06-2016-0312,2026-09-13,"1 case(s), $6,200 in 2016-2020 over mean revenue $15.2bn; largest: case 06-2016-0312 (2016), defendant 'C.H. Robinson International Inc.', $6,200"
CHRW,2021,0.0,EPA ECHO ICIS-FE&C civil enforcement cases,https://echo.epa.gov/facilities/enforcement-case-search,2026-09-13,"no federal EPA civil penalty found under the company's name, former names or 10-K subsidiaries with a settlement in 2017-2021 (ECHO file retrieved 2026-09-13)"
CHRW,2022,0.0,EPA ECHO ICIS-FE&C civil enforcement cases,https://echo.epa.gov/facilities/enforcement-case-search,2026-09-13,"no federal EPA civil penalty found under the company's name, former names or 10-K subsidiaries with a settlement in 2018-2022 (ECHO file retrieved 2026-09-13)"
CHRW,2023,0.0,EPA ECHO ICIS-FE&C civil enforcement cases,https://echo.epa.gov/facilities/enforcement-case-search,2026-09-13,"no federal EPA civil penalty found under the company's name, former names or 10-K subsidiaries with a settlement in 2019-2023 (ECHO file retrieved 2026-09-13)"
CHRW,2024,0.0,EPA ECHO ICIS-FE&C civil enforcement cases,https://echo.epa.gov/facilities/enforcement-case-search,2026-09-13,"no federal EPA civil penalty found under the company's name, former names or 10-K subsidiaries with a settlement in 2020-2024 (ECHO file retrieved 2026-09-13)"
CHRW,2025,0.0,EPA ECHO ICIS-FE&C civil enforcement cases,https://echo.epa.gov/facilities/enforcement-case-search,2026-09-13,"no federal EPA civil penalty found under the company's name, former names or 10-K subsidiaries with a settlement in 2021-2025 (ECHO file retrieved 2026-09-13)"
CHTR,2020,0.0,EPA ECHO ICIS-FE&C civil enforcement cases,https://echo.epa.gov/facilities/enforcement-case-search,2026-09-13,"no federal EPA civil penalty found under the company's name, former names or 10-K subsidiaries with a settlement in 2016-2020 (ECHO file retrieved 2026-09-13)"
CHTR,2021,0.0,EPA ECHO ICIS-FE&C civil enforcement cases,https://echo.epa.gov/facilities/enforcement-case-search,2026-09-13,"no federal EPA civil penalty found under the company's name, former names or 10-K subsidiaries with a settlement in 2017-2021 (ECHO file retrieved 2026-09-13)"
CHTR,2022,0.0,EPA ECHO ICIS-FE&C civil enforcement cases,https://echo.epa.gov/facilities/enforcement-case-search,2026-09-13,"no federal EPA civil penalty found under the company's name, former names or 10-K subsidiaries with a settlement in 2018-2022 (ECHO file retrieved 2026-09-13)"
CHTR,2023,0.0,EPA ECHO ICIS-FE&C civil enforcement cases,https://echo.epa.gov/facilities/enforcement-case-search,2026-09-13,"no federal EPA civil penalty found under the company's name, former names or 10-K subsidiaries with a settlement in 2019-2023 (ECHO file retrieved 2026-09-13)"
CHTR,2024,0.0,EPA ECHO ICIS-FE&C civil enforcement cases,https://echo.epa.gov/facilities/enforcement-case-search,2026-09-13,"no federal EPA civil penalty found under the company's name, former names or 10-K subsidiaries with a settlement in 2020-2024 (ECHO file retrieved 2026-09-13)"
CHTR,2025,0.0,EPA ECHO ICIS-FE&C civil enforcement cases,https://echo.epa.gov/facilities/enforcement-case-search,2026-09-13,"no federal EPA civil penalty found under the company's name, former names or 10-K subsidiaries with a settlement in 2021-2025 (ECHO file retrieved 2026-09-13)"
CI,2020,0.0,EPA ECHO ICIS-FE&C civil enforcement cases,https://echo.epa.gov/facilities/enforcement-case-search,2026-09-13,"no federal EPA civil penalty found under the company's name, former names or 10-K subsidiaries with a settlement in 2016-2020 (ECHO file retrieved 2026-09-13)"
CI,2021,0.0,EPA ECHO ICIS-FE&C civil enforcement cases,https://echo.epa.gov/facilities/enforcement-case-search,2026-09-13,"no federal EPA civil penalty found under the company's name, former names or 10-K subsidiaries with a settlement in 2017-2021 (ECHO file retrieved 2026-09-13)"
CI,2022,0.0,EPA ECHO ICIS-FE&C civil enforcement cases,https://echo.epa.gov/facilities/enforcement-case-search,2026-09-13,"no federal EPA civil penalty found under the company's name, former names or 10-K subsidiaries with a settlement in 2018-2022 (ECHO file retrieved 2026-09-13)"
CI,2023,0.0,EPA ECHO ICIS-FE&C civil enforcement cases,https://echo.epa.gov/facilities/enforcement-case-search,2026-09-13,"no federal EPA civil penalty found under the company's name, former names or 10-K subsidiaries with a settlement in 2019-2023 (ECHO file retrieved 2026-09-13)"
CI,2024,0.0,EPA ECHO ICIS-FE&C civil enforcement cases,https://echo.epa.gov/facilities/enforcement-case-search,2026-09-13,"no federal EPA civil penalty found under the company's name, former names or 10-K subsidiaries with a settlement in 2020-2024 (ECHO file retrieved 2026-09-13)"
CI,2025,0.0,EPA ECHO ICIS-FE&C civil enforcement cases,https://echo.epa.gov/facilities/enforcement-case-search,2026-09-13,"no federal EPA civil penalty found under the company's name, former names or 10-K subsidiaries with a settlement in 2021-2025 (ECHO file retrieved 2026-09-13)"
CIEN,2020,0.0,EPA ECHO ICIS-FE&C civil enforcement cases,https://echo.epa.gov/facilities/enforcement-case-search,2026-09-13,"no federal EPA civil penalty found under the company's name, former names or 10-K subsidiaries with a settlement in 2016-2020 (ECHO file retrieved 2026-09-13)"
CIEN,2021,0.0,EPA ECHO ICIS-FE&C civil enforcement cases,https://echo.epa.gov/facilities/enforcement-case-search,2026-09-13,"no federal EPA civil penalty found under the company's name, former names or 10-K subsidiaries with a settlement in 2017-2021 (ECHO file retrieved 2026-09-13)"
CIEN,2022,0.0,EPA ECHO ICIS-FE&C civil enforcement cases,https://echo.epa.gov/facilities/enforcement-case-search,2026-09-13,"no federal EPA civil penalty found under the company's name, former names or 10-K subsidiaries with a settlement in 2018-2022 (ECHO file retrieved 2026-09-13)"
CIEN,2023,0.0,EPA ECHO ICIS-FE&C civil enforcement cases,https://echo.epa.gov/facilities/enforcement-case-search,2026-09-13,"no federal EPA civil penalty found under the company's name, former names or 10-K subsidiaries with a settlement in 2019-2023 (ECHO file retrieved 2026-09-13)"
CIEN,2024,0.0,EPA ECHO ICIS-FE&C civil enforcement cases,https://echo.epa.gov/facilities/enforcement-case-search,2026-09-13,"no federal EPA civil penalty found under the company's name, former names or 10-K subsidiaries with a settlement in 2020-2024 (ECHO file retrieved 2026-09-13)"
CIEN,2025,0.0,EPA ECHO ICIS-FE&C civil enforcement cases,https://echo.epa.gov/facilities/enforcement-case-search,2026-09-13,"no federal EPA civil penalty found under the company's name, former names or 10-K subsidiaries with a settlement in 2021-2025 (ECHO file retrieved 2026-09-13)"
CINF,2020,0.0,EPA ECHO ICIS-FE&C civil enforcement cases,https://echo.epa.gov/facilities/enforcement-case-search,2026-09-13,"no federal EPA civil penalty found under the company's name, former names or 10-K subsidiaries with a settlement in 2016-2020 (ECHO file retrieved 2026-09-13)"
CINF,2021,0.0,EPA ECHO ICIS-FE&C civil enforcement cases,https://echo.epa.gov/facilities/enforcement-case-search,2026-09-13,"no federal EPA civil penalty found under the company's name, former names or 10-K subsidiaries with a settlement in 2017-2021 (ECHO file retrieved 2026-09-13)"
CINF,2022,0.0,EPA ECHO ICIS-FE&C civil enforcement cases,https://echo.epa.gov/facilities/enforcement-case-search,2026-09-13,"no federal EPA civil penalty found under the company's name, former names or 10-K subsidiaries with a settlement in 2018-2022 (ECHO file retrieved 2026-09-13)"
CINF,2023,0.0,EPA ECHO ICIS-FE&C civil enforcement cases,https://echo.epa.gov/facilities/enforcement-case-search,2026-09-13,"no federal EPA civil penalty found under the company's name, former names or 10-K subsidiaries with a settlement in 2019-2023 (ECHO file retrieved 2026-09-13)"
CINF,2024,0.0,EPA ECHO ICIS-FE&C civil enforcement cases,https://echo.epa.gov/facilities/enforcement-case-search,2026-09-13,"no federal EPA civil penalty found under the company's name, former names or 10-K subsidiaries with a settlement in 2020-2024 (ECHO file retrieved 2026-09-13)"
CINF,2025,0.0,EPA ECHO ICIS-FE&C civil enforcement cases,https://echo.epa.gov/facilities/enforcement-case-search,2026-09-13,"no federal EPA civil penalty found under the company's name, former names or 10-K subsidiaries with a settlement in 2021-2025 (ECHO file retrieved 2026-09-13)"
CL,2020,0.0,EPA ECHO ICIS-FE&C civil enforcement cases,https://echo.epa.gov/facilities/enforcement-case-search,2026-09-13,"no federal EPA civil penalty found under the company's name, former names or 10-K subsidiaries with a settlement in 2016-2020 (ECHO file retrieved 2026-09-13)"
CL,2021,0.0,EPA ECHO ICIS-FE&C civil enforcement cases,https://echo.epa.gov/facilities/enforcement-case-search,2026-09-13,"no federal EPA civil penalty found under the company's name, former names or 10-K subsidiaries with a settlement in 2017-2021 (ECHO file retrieved 2026-09-13)"
CL,2022,0.0,EPA ECHO ICIS-FE&C civil enforcement cases,https://echo.epa.gov/facilities/enforcement-case-search,2026-09-13,"no federal EPA civil penalty found under the company's name, former names or 10-K subsidiaries with a settlement in 2018-2022 (ECHO file retrieved 2026-09-13)"
CL,2023,0.0,EPA ECHO ICIS-FE&C civil enforcement cases,https://echo.epa.gov/facilities/enforcement-case-search,2026-09-13,"no federal EPA civil penalty found under the company's name, former names or 10-K subsidiaries with a settlement in 2019-2023 (ECHO file retrieved 2026-09-13)"
CL,2024,0.0,EPA ECHO ICIS-FE&C civil enforcement cases,https://echo.epa.gov/facilities/enforcement-case-search,2026-09-13,"no federal EPA civil penalty found under the company's name, former names or 10-K subsidiaries with a settlement in 2020-2024 (ECHO file retrieved 2026-09-13)"
CL,2025,0.0,EPA ECHO ICIS-FE&C civil enforcement cases,https://echo.epa.gov/facilities/enforcement-case-search,2026-09-13,"no federal EPA civil penalty found under the company's name, former names or 10-K subsidiaries with a settlement in 2021-2025 (ECHO file retrieved 2026-09-13)"
CLX,2020,45789.63,EPA ECHO ICIS-FE&C civil enforcement cases,https://echo.epa.gov/enforcement-case-report?id=05-2016-0040,2026-09-13,"1 case(s), $282,000 in 2016-2020 over mean revenue $6.2bn; largest: case 05-2016-0040 (2016), defendant 'GOJO INDUSTRIES', $282,000"
CLX,2021,0.0,EPA ECHO ICIS-FE&C civil enforcement cases,https://echo.epa.gov/facilities/enforcement-case-search,2026-09-13,"no federal EPA civil penalty found under the company's name, former names or 10-K subsidiaries with a settlement in 2017-2021 (ECHO file retrieved 2026-09-13)"
CLX,2022,0.0,EPA ECHO ICIS-FE&C civil enforcement cases,https://echo.epa.gov/facilities/enforcement-case-search,2026-09-13,"no federal EPA civil penalty found under the company's name, former names or 10-K subsidiaries with a settlement in 2018-2022 (ECHO file retrieved 2026-09-13)"
CLX,2023,0.0,EPA ECHO ICIS-FE&C civil enforcement cases,https://echo.epa.gov/facilities/enforcement-case-search,2026-09-13,"no federal EPA civil penalty found under the company's name, former names or 10-K subsidiaries with a settlement in 2019-2023 (ECHO file retrieved 2026-09-13)"
CLX,2024,0.0,EPA ECHO ICIS-FE&C civil enforcement cases,https://echo.epa.gov/facilities/enforcement-case-search,2026-09-13,"no federal EPA civil penalty found under the company's name, former names or 10-K subsidiaries with a settlement in 2020-2024 (ECHO file retrieved 2026-09-13)"
CLX,2025,0.0,EPA ECHO ICIS-FE&C civil enforcement cases,https://echo.epa.gov/facilities/enforcement-case-search,2026-09-13,"no federal EPA civil penalty found under the company's name, former names or 10-K subsidiaries with a settlement in 2021-2025 (ECHO file retrieved 2026-09-13)"
CMCSA,2020,304.39,EPA ECHO ICIS-FE&C civil enforcement cases,https://echo.epa.gov/enforcement-case-report?id=HQ-2015-8001,2026-09-13,"1 case(s), $28,782 in 2016-2020 over mean revenue $94.6bn; largest: case HQ-2015-8001 (2016), defendant 'Comcast Cable Communications, LLC', $28,782"
CMCSA,2021,0.0,EPA ECHO ICIS-FE&C civil enforcement cases,https://echo.epa.gov/facilities/enforcement-case-search,2026-09-13,"no federal EPA civil penalty found under the company's name, former names or 10-K subsidiaries with a settlement in 2017-2021 (ECHO file retrieved 2026-09-13)"
CMCSA,2022,0.0,EPA ECHO ICIS-FE&C civil enforcement cases,https://echo.epa.gov/facilities/enforcement-case-search,2026-09-13,"no federal EPA civil penalty found under the company's name, former names or 10-K subsidiaries with a settlement in 2018-2022 (ECHO file retrieved 2026-09-13)"
CMCSA,2023,0.0,EPA ECHO ICIS-FE&C civil enforcement cases,https://echo.epa.gov/facilities/enforcement-case-search,2026-09-13,"no federal EPA civil penalty found under the company's name, former names or 10-K subsidiaries with a settlement in 2019-2023 (ECHO file retrieved 2026-09-13)"
CMCSA,2024,0.0,EPA ECHO ICIS-FE&C civil enforcement cases,https://echo.epa.gov/facilities/enforcement-case-search,2026-09-13,"no federal EPA civil penalty found under the company's name, former names or 10-K subsidiaries with a settlement in 2020-2024 (ECHO file retrieved 2026-09-13)"
CMCSA,2025,0.0,EPA ECHO ICIS-FE&C civil enforcement cases,https://echo.epa.gov/facilities/enforcement-case-search,2026-09-13,"no federal EPA civil penalty found under the company's name, former names or 10-K subsidiaries with a settlement in 2021-2025 (ECHO file retrieved 2026-09-13)"
CME,2020,0.0,EPA ECHO ICIS-FE&C civil enforcement cases,https://echo.epa.gov/facilities/enforcement-case-search,2026-09-13,"no federal EPA civil penalty found under the company's name, former names or 10-K subsidiaries with a settlement in 2016-2020 (ECHO file retrieved 2026-09-13)"
CME,2021,0.0,EPA ECHO ICIS-FE&C civil enforcement cases,https://echo.epa.gov/facilities/enforcement-case-search,2026-09-13,"no federal EPA civil penalty found under the company's name, former names or 10-K subsidiaries with a settlement in 2017-2021 (ECHO file retrieved 2026-09-13)"
CME,2022,0.0,EPA ECHO ICIS-FE&C civil enforcement cases,https://echo.epa.gov/facilities/enforcement-case-search,2026-09-13,"no federal EPA civil penalty found under the company's name, former names or 10-K subsidiaries with a settlement in 2018-2022 (ECHO file retrieved 2026-09-13)"
CME,2023,0.0,EPA ECHO ICIS-FE&C civil enforcement cases,https://echo.epa.gov/facilities/enforcement-case-search,2026-09-13,"no federal EPA civil penalty found under the company's name, former names or 10-K subsidiaries with a settlement in 2019-2023 (ECHO file retrieved 2026-09-13)"
CME,2024,0.0,EPA ECHO ICIS-FE&C civil enforcement cases,https://echo.epa.gov/facilities/enforcement-case-search,2026-09-13,"no federal EPA civil penalty found under the company's name, former names or 10-K subsidiaries with a settlement in 2020-2024 (ECHO file retrieved 2026-09-13)"
CME,2025,0.0,EPA ECHO ICIS-FE&C civil enforcement cases,https://echo.epa.gov/facilities/enforcement-case-search,2026-09-13,"no federal EPA civil penalty found under the company's name, former names or 10-K subsidiaries with a settlement in 2021-2025 (ECHO file retrieved 2026-09-13)"
CMG,2020,0.0,EPA ECHO ICIS-FE&C civil enforcement cases,https://echo.epa.gov/facilities/enforcement-case-search,2026-09-13,"no federal EPA civil penalty found under the company's name, former names or 10-K subsidiaries with a settlement in 2016-2020 (ECHO file retrieved 2026-09-13)"
CMG,2021,0.0,EPA ECHO ICIS-FE&C civil enforcement cases,https://echo.epa.gov/facilities/enforcement-case-search,2026-09-13,"no federal EPA civil penalty found under the company's name, former names or 10-K subsidiaries with a settlement in 2017-2021 (ECHO file retrieved 2026-09-13)"
CMG,2022,0.0,EPA ECHO ICIS-FE&C civil enforcement cases,https://echo.epa.gov/facilities/enforcement-case-search,2026-09-13,"no federal EPA civil penalty found under the company's name, former names or 10-K subsidiaries with a settlement in 2018-2022 (ECHO file retrieved 2026-09-13)"
CMG,2023,0.0,EPA ECHO ICIS-FE&C civil enforcement cases,https://echo.epa.gov/facilities/enforcement-case-search,2026-09-13,"no federal EPA civil penalty found under the company's name, former names or 10-K subsidiaries with a settlement in 2019-2023 (ECHO file retrieved 2026-09-13)"
CMG,2024,0.0,EPA ECHO ICIS-FE&C civil enforcement cases,https://echo.epa.gov/facilities/enforcement-case-search,2026-09-13,"no federal EPA civil penalty found under the company's name, former names or 10-K subsidiaries with a settlement in 2020-2024 (ECHO file retrieved 2026-09-13)"
CMG,2025,0.0,EPA ECHO ICIS-FE&C civil enforcement cases,https://echo.epa.gov/facilities/enforcement-case-search,2026-09-13,"no federal EPA civil penalty found under the company's name, former names or 10-K subsidiaries with a settlement in 2021-2025 (ECHO file retrieved 2026-09-13)"
CMI,2020,4474.74,EPA ECHO ICIS-FE&C civil enforcement cases,https://echo.epa.gov/enforcement-case-report?id=03-2020-0048,2026-09-13,"1 case(s), $94,050 in 2016-2020 over mean revenue $21.0bn; largest: case 03-2020-0048 (2020), defendant 'CUMMINS POWER GENERATION, INC', $94,050"
CMI,2021,4213.63,EPA ECHO ICIS-FE&C civil enforcement cases,https://echo.epa.gov/enforcement-case-report?id=03-2020-0048,2026-09-13,"1 case(s), $94,050 in 2017-2021 over mean revenue $22.3bn; largest: case 03-2020-0048 (2020), defendant 'CUMMINS POWER GENERATION, INC', $94,050"
CMI,2022,3943.46,EPA ECHO ICIS-FE&C civil enforcement cases,https://echo.epa.gov/enforcement-case-report?id=03-2020-0048,2026-09-13,"1 case(s), $94,050 in 2018-2022 over mean revenue $23.8bn; largest: case 03-2020-0048 (2020), defendant 'CUMMINS POWER GENERATION, INC', $94,050"
CMI,2023,3630.1,EPA ECHO ICIS-FE&C civil enforcement cases,https://echo.epa.gov/enforcement-case-report?id=03-2020-0048,2026-09-13,"1 case(s), $94,050 in 2019-2023 over mean revenue $25.9bn; largest: case 03-2020-0048 (2020), defendant 'CUMMINS POWER GENERATION, INC', $94,050"
CMI,2024,59793609.4,EPA ECHO ICIS-FE&C civil enforcement cases,https://echo.epa.gov/enforcement-case-report?id=HQ-2020-0001,2026-09-13,"2 case(s), $1,675,094,050 in 2020-2024 over mean revenue $28.0bn; largest: case HQ-2020-0001 (2024), defendant 'Cummins, Inc.', $1,675,000,000"
CMI,2025,54407384.43,EPA ECHO ICIS-FE&C civil enforcement cases,https://echo.epa.gov/enforcement-case-report?id=HQ-2020-0001,2026-09-13,"2 case(s), $1,675,007,500 in 2021-2025 over mean revenue $30.8bn; largest: case HQ-2020-0001 (2024), defendant 'Cummins, Inc.', $1,675,000,000"
CMS,2020,0.0,EPA ECHO ICIS-FE&C civil enforcement cases,https://echo.epa.gov/facilities/enforcement-case-search,2026-09-13,"no federal EPA civil penalty found under the company's name, former names or 10-K subsidiaries with a settlement in 2016-2020 (ECHO file retrieved 2026-09-13)"
CMS,2021,0.0,EPA ECHO ICIS-FE&C civil enforcement cases,https://echo.epa.gov/facilities/enforcement-case-search,2026-09-13,"no federal EPA civil penalty found under the company's name, former names or 10-K subsidiaries with a settlement in 2017-2021 (ECHO file retrieved 2026-09-13)"
CMS,2022,0.0,EPA ECHO ICIS-FE&C civil enforcement cases,https://echo.epa.gov/facilities/enforcement-case-search,2026-09-13,"no federal EPA civil penalty found under the company's name, former names or 10-K subsidiaries with a settlement in 2018-2022 (ECHO file retrieved 2026-09-13)"
CMS,2023,0.0,EPA ECHO ICIS-FE&C civil enforcement cases,https://echo.epa.gov/facilities/enforcement-case-search,2026-09-13,"no federal EPA civil penalty found under the company's name, former names or 10-K subsidiaries with a settlement in 2019-2023 (ECHO file retrieved 2026-09-13)"
CMS,2024,0.0,EPA ECHO ICIS-FE&C civil enforcement cases,https://echo.epa.gov/facilities/enforcement-case-search,2026-09-13,"no federal EPA civil penalty found under the company's name, former names or 10-K subsidiaries with a settlement in 2020-2024 (ECHO file retrieved 2026-09-13)"
CMS,2025,0.0,EPA ECHO ICIS-FE&C civil enforcement cases,https://echo.epa.gov/facilities/enforcement-case-search,2026-09-13,"no federal EPA civil penalty found under the company's name, former names or 10-K subsidiaries with a settlement in 2021-2025 (ECHO file retrieved 2026-09-13)"
CNC,2020,0.0,EPA ECHO ICIS-FE&C civil enforcement cases,https://echo.epa.gov/facilities/enforcement-case-search,2026-09-13,"no federal EPA civil penalty found under the company's name, former names or 10-K subsidiaries with a settlement in 2016-2020 (ECHO file retrieved 2026-09-13)"
CNC,2021,0.0,EPA ECHO ICIS-FE&C civil enforcement cases,https://echo.epa.gov/facilities/enforcement-case-search,2026-09-13,"no federal EPA civil penalty found under the company's name, former names or 10-K subsidiaries with a settlement in 2017-2021 (ECHO file retrieved 2026-09-13)"
CNC,2022,0.0,EPA ECHO ICIS-FE&C civil enforcement cases,https://echo.epa.gov/facilities/enforcement-case-search,2026-09-13,"no federal EPA civil penalty found under the company's name, former names or 10-K subsidiaries with a settlement in 2018-2022 (ECHO file retrieved 2026-09-13)"
CNC,2023,0.0,EPA ECHO ICIS-FE&C civil enforcement cases,https://echo.epa.gov/facilities/enforcement-case-search,2026-09-13,"no federal EPA civil penalty found under the company's name, former names or 10-K subsidiaries with a settlement in 2019-2023 (ECHO file retrieved 2026-09-13)"
CNC,2024,0.0,EPA ECHO ICIS-FE&C civil enforcement cases,https://echo.epa.gov/facilities/enforcement-case-search,2026-09-13,"no federal EPA civil penalty found under the company's name, former names or 10-K subsidiaries with a settlement in 2020-2024 (ECHO file retrieved 2026-09-13)"
CNC,2025,0.0,EPA ECHO ICIS-FE&C civil enforcement cases,https://echo.epa.gov/facilities/enforcement-case-search,2026-09-13,"no federal EPA civil penalty found under the company's name, former names or 10-K subsidiaries with a settlement in 2021-2025 (ECHO file retrieved 2026-09-13)"
CNP,2020,0.0,EPA ECHO ICIS-FE&C civil enforcement cases,https://echo.epa.gov/facilities/enforcement-case-search,2026-09-13,"no federal EPA civil penalty found under the company's name, former names or 10-K subsidiaries with a settlement in 2016-2020 (ECHO file retrieved 2026-09-13)"
CNP,2021,0.0,EPA ECHO ICIS-FE&C civil enforcement cases,https://echo.epa.gov/facilities/enforcement-case-search,2026-09-13,"no federal EPA civil penalty found under the company's name, former names or 10-K subsidiaries with a settlement in 2017-2021 (ECHO file retrieved 2026-09-13)"
CNP,2022,0.0,EPA ECHO ICIS-FE&C civil enforcement cases,https://echo.epa.gov/facilities/enforcement-case-search,2026-09-13,"no federal EPA civil penalty found under the company's name, former names or 10-K subsidiaries with a settlement in 2018-2022 (ECHO file retrieved 2026-09-13)"
CNP,2023,0.0,EPA ECHO ICIS-FE&C civil enforcement cases,https://echo.epa.gov/facilities/enforcement-case-search,2026-09-13,"no federal EPA civil penalty found under the company's name, former names or 10-K subsidiaries with a settlement in 2019-2023 (ECHO file retrieved 2026-09-13)"
CNP,2024,9602.7,EPA ECHO ICIS-FE&C civil enforcement cases,https://echo.epa.gov/enforcement-case-report?id=05-2024-5026,2026-09-13,"1 case(s), $81,500 in 2020-2024 over mean revenue $8.5bn; largest: case 05-2024-5026 (2024), defendant 'CENTERPOINT ENERGY', $81,500"
CNP,2025,9183.1,EPA ECHO ICIS-FE&C civil enforcement cases,https://echo.epa.gov/enforcement-case-report?id=05-2024-5026,2026-09-13,"1 case(s), $81,500 in 2021-2025 over mean revenue $8.9bn; largest: case 05-2024-5026 (2024), defendant 'CENTERPOINT ENERGY', $81,500"
COF,2020,0.0,EPA ECHO ICIS-FE&C civil enforcement cases,https://echo.epa.gov/facilities/enforcement-case-search,2026-09-13,"no federal EPA civil penalty found under the company's name, former names or 10-K subsidiaries with a settlement in 2016-2020 (ECHO file retrieved 2026-09-13)"
COF,2021,0.0,EPA ECHO ICIS-FE&C civil enforcement cases,https://echo.epa.gov/facilities/enforcement-case-search,2026-09-13,"no federal EPA civil penalty found under the company's name, former names or 10-K subsidiaries with a settlement in 2017-2021 (ECHO file retrieved 2026-09-13)"
COF,2022,0.0,EPA ECHO ICIS-FE&C civil enforcement cases,https://echo.epa.gov/facilities/enforcement-case-search,2026-09-13,"no federal EPA civil penalty found under the company's name, former names or 10-K subsidiaries with a settlement in 2018-2022 (ECHO file retrieved 2026-09-13)"
COF,2023,0.0,EPA ECHO ICIS-FE&C civil enforcement cases,https://echo.epa.gov/facilities/enforcement-case-search,2026-09-13,"no federal EPA civil penalty found under the company's name, former names or 10-K subsidiaries with a settlement in 2019-2023 (ECHO file retrieved 2026-09-13)"
COF,2024,0.0,EPA ECHO ICIS-FE&C civil enforcement cases,https://echo.epa.gov/facilities/enforcement-case-search,2026-09-13,"no federal EPA civil penalty found under the company's name, former names or 10-K subsidiaries with a settlement in 2020-2024 (ECHO file retrieved 2026-09-13)"
COF,2025,0.0,EPA ECHO ICIS-FE&C civil enforcement cases,https://echo.epa.gov/facilities/enforcement-case-search,2026-09-13,"no federal EPA civil penalty found under the company's name, former names or 10-K subsidiaries with a settlement in 2021-2025 (ECHO file retrieved 2026-09-13)"
COHR,2020,0.0,EPA ECHO ICIS-FE&C civil enforcement cases,https://echo.epa.gov/facilities/enforcement-case-search,2026-09-13,"no federal EPA civil penalty found under the company's name, former names or 10-K subsidiaries with a settlement in 2016-2020 (ECHO file retrieved 2026-09-13)"
COHR,2021,0.0,EPA ECHO ICIS-FE&C civil enforcement cases,https://echo.epa.gov/facilities/enforcement-case-search,2026-09-13,"no federal EPA civil penalty found under the company's name, former names or 10-K subsidiaries with a settlement in 2017-2021 (ECHO file retrieved 2026-09-13)"
COHR,2022,0.0,EPA ECHO ICIS-FE&C civil enforcement cases,https://echo.epa.gov/facilities/enforcement-case-search,2026-09-13,"no federal EPA civil penalty found under the company's name, former names or 10-K subsidiaries with a settlement in 2018-2022 (ECHO file retrieved 2026-09-13)"
COHR,2023,0.0,EPA ECHO ICIS-FE&C civil enforcement cases,https://echo.epa.gov/facilities/enforcement-case-search,2026-09-13,"no federal EPA civil penalty found under the company's name, former names or 10-K subsidiaries with a settlement in 2019-2023 (ECHO file retrieved 2026-09-13)"
COHR,2024,0.0,EPA ECHO ICIS-FE&C civil enforcement cases,https://echo.epa.gov/facilities/enforcement-case-search,2026-09-13,"no federal EPA civil penalty found under the company's name, former names or 10-K subsidiaries with a settlement in 2020-2024 (ECHO file retrieved 2026-09-13)"
COHR,2025,0.0,EPA ECHO ICIS-FE&C civil enforcement cases,https://echo.epa.gov/facilities/enforcement-case-search,2026-09-13,"no federal EPA civil penalty found under the company's name, former names or 10-K subsidiaries with a settlement in 2021-2025 (ECHO file retrieved 2026-09-13)"
COIN,2021,0.0,EPA ECHO ICIS-FE&C civil enforcement cases,https://echo.epa.gov/facilities/enforcement-case-search,2026-09-13,"no federal EPA civil penalty found under the company's name, former names or 10-K subsidiaries with a settlement in 2017-2021 (ECHO file retrieved 2026-09-13)"
COIN,2022,0.0,EPA ECHO ICIS-FE&C civil enforcement cases,https://echo.epa.gov/facilities/enforcement-case-search,2026-09-13,"no federal EPA civil penalty found under the company's name, former names or 10-K subsidiaries with a settlement in 2018-2022 (ECHO file retrieved 2026-09-13)"
COIN,2023,0.0,EPA ECHO ICIS-FE&C civil enforcement cases,https://echo.epa.gov/facilities/enforcement-case-search,2026-09-13,"no federal EPA civil penalty found under the company's name, former names or 10-K subsidiaries with a settlement in 2019-2023 (ECHO file retrieved 2026-09-13)"
COIN,2024,0.0,EPA ECHO ICIS-FE&C civil enforcement cases,https://echo.epa.gov/facilities/enforcement-case-search,2026-09-13,"no federal EPA civil penalty found under the company's name, former names or 10-K subsidiaries with a settlement in 2020-2024 (ECHO file retrieved 2026-09-13)"
COIN,2025,0.0,EPA ECHO ICIS-FE&C civil enforcement cases,https://echo.epa.gov/facilities/enforcement-case-search,2026-09-13,"no federal EPA civil penalty found under the company's name, former names or 10-K subsidiaries with a settlement in 2021-2025 (ECHO file retrieved 2026-09-13)"
COO,2020,0.0,EPA ECHO ICIS-FE&C civil enforcement cases,https://echo.epa.gov/facilities/enforcement-case-search,2026-09-13,"no federal EPA civil penalty found under the company's name, former names or 10-K subsidiaries with a settlement in 2016-2020 (ECHO file retrieved 2026-09-13)"
COO,2021,0.0,EPA ECHO ICIS-FE&C civil enforcement cases,https://echo.epa.gov/facilities/enforcement-case-search,2026-09-13,"no federal EPA civil penalty found under the company's name, former names or 10-K subsidiaries with a settlement in 2017-2021 (ECHO file retrieved 2026-09-13)"
COO,2022,0.0,EPA ECHO ICIS-FE&C civil enforcement cases,https://echo.epa.gov/facilities/enforcement-case-search,2026-09-13,"no federal EPA civil penalty found under the company's name, former names or 10-K subsidiaries with a settlement in 2018-2022 (ECHO file retrieved 2026-09-13)"
COO,2023,0.0,EPA ECHO ICIS-FE&C civil enforcement cases,https://echo.epa.gov/facilities/enforcement-case-search,2026-09-13,"no federal EPA civil penalty found under the company's name, former names or 10-K subsidiaries with a settlement in 2019-2023 (ECHO file retrieved 2026-09-13)"
COO,2024,0.0,EPA ECHO ICIS-FE&C civil enforcement cases,https://echo.epa.gov/facilities/enforcement-case-search,2026-09-13,"no federal EPA civil penalty found under the company's name, former names or 10-K subsidiaries with a settlement in 2020-2024 (ECHO file retrieved 2026-09-13)"
COO,2025,0.0,EPA ECHO ICIS-FE&C civil enforcement cases,https://echo.epa.gov/facilities/enforcement-case-search,2026-09-13,"no federal EPA civil penalty found under the company's name, former names or 10-K subsidiaries with a settlement in 2021-2025 (ECHO file retrieved 2026-09-13)"
COP,2020,16554.92,EPA ECHO ICIS-FE&C civil enforcement cases,https://echo.epa.gov/enforcement-case-report?id=05-2012-5016,2026-09-13,"2 case(s), $479,000 in 2016-2020 over mean revenue $28.9bn; largest: case 05-2012-5016 (2019), defendant 'CONOCOPHILLIPS COMPANY', $475,000"
COP,2021,14238.18,EPA ECHO ICIS-FE&C civil enforcement cases,https://echo.epa.gov/enforcement-case-report?id=05-2012-5016,2026-09-13,"1 case(s), $475,000 in 2017-2021 over mean revenue $33.4bn; largest: case 05-2012-5016 (2019), defendant 'CONOCOPHILLIPS COMPANY', $475,000"
COP,2022,10985.55,EPA ECHO ICIS-FE&C civil enforcement cases,https://echo.epa.gov/enforcement-case-report?id=05-2012-5016,2026-09-13,"1 case(s), $475,000 in 2018-2022 over mean revenue $43.2bn; largest: case 05-2012-5016 (2019), defendant 'CONOCOPHILLIPS COMPANY', $475,000"
COP,2023,10067.1,EPA ECHO ICIS-FE&C civil enforcement cases,https://echo.epa.gov/enforcement-case-report?id=05-2012-5016,2026-09-13,"1 case(s), $475,000 in 2019-2023 over mean revenue $47.2bn; largest: case 05-2012-5016 (2019), defendant 'CONOCOPHILLIPS COMPANY', $475,000"
COP,2024,1284587.7,EPA ECHO ICIS-FE&C civil enforcement cases,https://echo.epa.gov/enforcement-case-report?id=08-2017-0088,2026-09-13,"3 case(s), $65,255,000 in 2020-2024 over mean revenue $50.8bn; largest: case 08-2017-0088 (2024), defendant 'Marathon Oil Company', $64,500,000"
COP,2025,1109205.44,EPA ECHO ICIS-FE&C civil enforcement cases,https://echo.epa.gov/enforcement-case-report?id=08-2017-0088,2026-09-13,"3 case(s), $65,255,000 in 2021-2025 over mean revenue $58.8bn; largest: case 08-2017-0088 (2024), defendant 'Marathon Oil Company', $64,500,000"
COR,2020,0.0,EPA ECHO ICIS-FE&C civil enforcement cases,https://echo.epa.gov/facilities/enforcement-case-search,2026-09-13,"no federal EPA civil penalty found under the company's name, former names or 10-K subsidiaries with a settlement in 2016-2020 (ECHO file retrieved 2026-09-13)"
COR,2021,0.0,EPA ECHO ICIS-FE&C civil enforcement cases,https://echo.epa.gov/facilities/enforcement-case-search,2026-09-13,"no federal EPA civil penalty found under the company's name, former names or 10-K subsidiaries with a settlement in 2017-2021 (ECHO file retrieved 2026-09-13)"
COR,2022,0.0,EPA ECHO ICIS-FE&C civil enforcement cases,https://echo.epa.gov/facilities/enforcement-case-search,2026-09-13,"no federal EPA civil penalty found under the company's name, former names or 10-K subsidiaries with a settlement in 2018-2022 (ECHO file retrieved 2026-09-13)"
COR,2023,0.0,EPA ECHO ICIS-FE&C civil enforcement cases,https://echo.epa.gov/facilities/enforcement-case-search,2026-09-13,"no federal EPA civil penalty found under the company's name, former names or 10-K subsidiaries with a settlement in 2019-2023 (ECHO file retrieved 2026-09-13)"
COR,2024,0.0,EPA ECHO ICIS-FE&C civil enforcement cases,https://echo.epa.gov/facilities/enforcement-case-search,2026-09-13,"no federal EPA civil penalty found under the company's name, former names or 10-K subsidiaries with a settlement in 2020-2024 (ECHO file retrieved 2026-09-13)"
COR,2025,0.0,EPA ECHO ICIS-FE&C civil enforcement cases,https://echo.epa.gov/facilities/enforcement-case-search,2026-09-13,"no federal EPA civil penalty found under the company's name, former names or 10-K subsidiaries with a settlement in 2021-2025 (ECHO file retrieved 2026-09-13)"
COST,2020,0.0,EPA ECHO ICIS-FE&C civil enforcement cases,https://echo.epa.gov/facilities/enforcement-case-search,2026-09-13,"no federal EPA civil penalty found under the company's name, former names or 10-K subsidiaries with a settlement in 2016-2020 (ECHO file retrieved 2026-09-13)"
COST,2021,12.72,EPA ECHO ICIS-FE&C civil enforcement cases,https://echo.epa.gov/enforcement-case-report?id=10-2021-0181,2026-09-13,"1 case(s), $2,000 in 2017-2021 over mean revenue $157.2bn; largest: case 10-2021-0181 (2021), defendant 'COSTCO WHOLESALE CORPORATION', $2,000"
COST,2022,11.31,EPA ECHO ICIS-FE&C civil enforcement cases,https://echo.epa.gov/enforcement-case-report?id=10-2021-0181,2026-09-13,"1 case(s), $2,000 in 2018-2022 over mean revenue $176.8bn; largest: case 10-2021-0181 (2021), defendant 'COSTCO WHOLESALE CORPORATION', $2,000"
COST,2023,10.16,EPA ECHO ICIS-FE&C civil enforcement cases,https://echo.epa.gov/enforcement-case-report?id=10-2021-0181,2026-09-13,"1 case(s), $2,000 in 2019-2023 over mean revenue $196.9bn; largest: case 10-2021-0181 (2021), defendant 'COSTCO WHOLESALE CORPORATION', $2,000"
COST,2024,9.2,EPA ECHO ICIS-FE&C civil enforcement cases,https://echo.epa.gov/enforcement-case-report?id=10-2021-0181,2026-09-13,"1 case(s), $2,000 in 2020-2024 over mean revenue $217.3bn; largest: case 10-2021-0181 (2021), defendant 'COSTCO WHOLESALE CORPORATION', $2,000"
COST,2025,27.36,EPA ECHO ICIS-FE&C civil enforcement cases,https://echo.epa.gov/enforcement-case-report?id=04-2025-4100,2026-09-13,"2 case(s), $6,539 in 2021-2025 over mean revenue $239.0bn; largest: case 04-2025-4100 (2025), defendant 'COSTCO WHOLESALE CORPORATION', $4,539"
CPAY,2020,0.0,EPA ECHO ICIS-FE&C civil enforcement cases,https://echo.epa.gov/facilities/enforcement-case-search,2026-09-13,"no federal EPA civil penalty found under the company's name, former names or 10-K subsidiaries with a settlement in 2016-2020 (ECHO file retrieved 2026-09-13)"
CPAY,2021,0.0,EPA ECHO ICIS-FE&C civil enforcement cases,https://echo.epa.gov/facilities/enforcement-case-search,2026-09-13,"no federal EPA civil penalty found under the company's name, former names or 10-K subsidiaries with a settlement in 2017-2021 (ECHO file retrieved 2026-09-13)"
CPAY,2022,0.0,EPA ECHO ICIS-FE&C civil enforcement cases,https://echo.epa.gov/facilities/enforcement-case-search,2026-09-13,"no federal EPA civil penalty found under the company's name, former names or 10-K subsidiaries with a settlement in 2018-2022 (ECHO file retrieved 2026-09-13)"
CPAY,2023,0.0,EPA ECHO ICIS-FE&C civil enforcement cases,https://echo.epa.gov/facilities/enforcement-case-search,2026-09-13,"no federal EPA civil penalty found under the company's name, former names or 10-K subsidiaries with a settlement in 2019-2023 (ECHO file retrieved 2026-09-13)"
CPAY,2024,0.0,EPA ECHO ICIS-FE&C civil enforcement cases,https://echo.epa.gov/facilities/enforcement-case-search,2026-09-13,"no federal EPA civil penalty found under the company's name, former names or 10-K subsidiaries with a settlement in 2020-2024 (ECHO file retrieved 2026-09-13)"
CPAY,2025,0.0,EPA ECHO ICIS-FE&C civil enforcement cases,https://echo.epa.gov/facilities/enforcement-case-search,2026-09-13,"no federal EPA civil penalty found under the company's name, former names or 10-K subsidiaries with a settlement in 2021-2025 (ECHO file retrieved 2026-09-13)"
CPRT,2020,0.0,EPA ECHO ICIS-FE&C civil enforcement cases,https://echo.epa.gov/facilities/enforcement-case-search,2026-09-13,"no federal EPA civil penalty found under the company's name, former names or 10-K subsidiaries with a settlement in 2016-2020 (ECHO file retrieved 2026-09-13)"
CPRT,2021,0.0,EPA ECHO ICIS-FE&C civil enforcement cases,https://echo.epa.gov/facilities/enforcement-case-search,2026-09-13,"no federal EPA civil penalty found under the company's name, former names or 10-K subsidiaries with a settlement in 2017-2021 (ECHO file retrieved 2026-09-13)"
CPRT,2022,0.0,EPA ECHO ICIS-FE&C civil enforcement cases,https://echo.epa.gov/facilities/enforcement-case-search,2026-09-13,"no federal EPA civil penalty found under the company's name, former names or 10-K subsidiaries with a settlement in 2018-2022 (ECHO file retrieved 2026-09-13)"
CPRT,2023,0.0,EPA ECHO ICIS-FE&C civil enforcement cases,https://echo.epa.gov/facilities/enforcement-case-search,2026-09-13,"no federal EPA civil penalty found under the company's name, former names or 10-K subsidiaries with a settlement in 2019-2023 (ECHO file retrieved 2026-09-13)"
CPRT,2024,0.0,EPA ECHO ICIS-FE&C civil enforcement cases,https://echo.epa.gov/facilities/enforcement-case-search,2026-09-13,"no federal EPA civil penalty found under the company's name, former names or 10-K subsidiaries with a settlement in 2020-2024 (ECHO file retrieved 2026-09-13)"
CPRT,2025,0.0,EPA ECHO ICIS-FE&C civil enforcement cases,https://echo.epa.gov/facilities/enforcement-case-search,2026-09-13,"no federal EPA civil penalty found under the company's name, former names or 10-K subsidiaries with a settlement in 2021-2025 (ECHO file retrieved 2026-09-13)"
CPT,2020,0.0,EPA ECHO ICIS-FE&C civil enforcement cases,https://echo.epa.gov/facilities/enforcement-case-search,2026-09-13,"no federal EPA civil penalty found under the company's name, former names or 10-K subsidiaries with a settlement in 2016-2020 (ECHO file retrieved 2026-09-13)"
CPT,2021,0.0,EPA ECHO ICIS-FE&C civil enforcement cases,https://echo.epa.gov/facilities/enforcement-case-search,2026-09-13,"no federal EPA civil penalty found under the company's name, former names or 10-K subsidiaries with a settlement in 2017-2021 (ECHO file retrieved 2026-09-13)"
CPT,2022,0.0,EPA ECHO ICIS-FE&C civil enforcement cases,https://echo.epa.gov/facilities/enforcement-case-search,2026-09-13,"no federal EPA civil penalty found under the company's name, former names or 10-K subsidiaries with a settlement in 2018-2022 (ECHO file retrieved 2026-09-13)"
CPT,2023,0.0,EPA ECHO ICIS-FE&C civil enforcement cases,https://echo.epa.gov/facilities/enforcement-case-search,2026-09-13,"no federal EPA civil penalty found under the company's name, former names or 10-K subsidiaries with a settlement in 2019-2023 (ECHO file retrieved 2026-09-13)"
CPT,2024,0.0,EPA ECHO ICIS-FE&C civil enforcement cases,https://echo.epa.gov/facilities/enforcement-case-search,2026-09-13,"no federal EPA civil penalty found under the company's name, former names or 10-K subsidiaries with a settlement in 2020-2024 (ECHO file retrieved 2026-09-13)"
CPT,2025,0.0,EPA ECHO ICIS-FE&C civil enforcement cases,https://echo.epa.gov/facilities/enforcement-case-search,2026-09-13,"no federal EPA civil penalty found under the company's name, former names or 10-K subsidiaries with a settlement in 2021-2025 (ECHO file retrieved 2026-09-13)"
CRH,2023,387.08,EPA ECHO ICIS-FE&C civil enforcement cases,https://echo.epa.gov/enforcement-case-report?id=06-2023-0955,2026-09-13,"1 case(s), $12,500 in 2019-2023 over mean revenue $32.3bn; largest: case 06-2023-0955 (2023), defendant 'Ash Grove Cement Company', $12,500"
CRH,2024,377.5,EPA ECHO ICIS-FE&C civil enforcement cases,https://echo.epa.gov/enforcement-case-report?id=06-2023-0955,2026-09-13,"1 case(s), $12,500 in 2020-2024 over mean revenue $33.1bn; largest: case 06-2023-0955 (2023), defendant 'Ash Grove Cement Company', $12,500"
CRH,2025,367.87,EPA ECHO ICIS-FE&C civil enforcement cases,https://echo.epa.gov/enforcement-case-report?id=06-2023-0955,2026-09-13,"1 case(s), $12,500 in 2021-2025 over mean revenue $34.0bn; largest: case 06-2023-0955 (2023), defendant 'Ash Grove Cement Company', $12,500"
CRL,2020,0.0,EPA ECHO ICIS-FE&C civil enforcement cases,https://echo.epa.gov/facilities/enforcement-case-search,2026-09-13,"no federal EPA civil penalty found under the company's name, former names or 10-K subsidiaries with a settlement in 2016-2020 (ECHO file retrieved 2026-09-13)"
CRL,2021,0.0,EPA ECHO ICIS-FE&C civil enforcement cases,https://echo.epa.gov/facilities/enforcement-case-search,2026-09-13,"no federal EPA civil penalty found under the company's name, former names or 10-K subsidiaries with a settlement in 2017-2021 (ECHO file retrieved 2026-09-13)"
CRL,2022,0.0,EPA ECHO ICIS-FE&C civil enforcement cases,https://echo.epa.gov/facilities/enforcement-case-search,2026-09-13,"no federal EPA civil penalty found under the company's name, former names or 10-K subsidiaries with a settlement in 2018-2022 (ECHO file retrieved 2026-09-13)"
CRL,2023,0.0,EPA ECHO ICIS-FE&C civil enforcement cases,https://echo.epa.gov/facilities/enforcement-case-search,2026-09-13,"no federal EPA civil penalty found under the company's name, former names or 10-K subsidiaries with a settlement in 2019-2023 (ECHO file retrieved 2026-09-13)"
CRL,2024,0.0,EPA ECHO ICIS-FE&C civil enforcement cases,https://echo.epa.gov/facilities/enforcement-case-search,2026-09-13,"no federal EPA civil penalty found under the company's name, former names or 10-K subsidiaries with a settlement in 2020-2024 (ECHO file retrieved 2026-09-13)"
CRL,2025,0.0,EPA ECHO ICIS-FE&C civil enforcement cases,https://echo.epa.gov/facilities/enforcement-case-search,2026-09-13,"no federal EPA civil penalty found under the company's name, former names or 10-K subsidiaries with a settlement in 2021-2025 (ECHO file retrieved 2026-09-13)"
CRM,2020,0.0,EPA ECHO ICIS-FE&C civil enforcement cases,https://echo.epa.gov/facilities/enforcement-case-search,2026-09-13,"no federal EPA civil penalty found under the company's name, former names or 10-K subsidiaries with a settlement in 2016-2020 (ECHO file retrieved 2026-09-13)"
CRM,2021,0.0,EPA ECHO ICIS-FE&C civil enforcement cases,https://echo.epa.gov/facilities/enforcement-case-search,2026-09-13,"no federal EPA civil penalty found under the company's name, former names or 10-K subsidiaries with a settlement in 2017-2021 (ECHO file retrieved 2026-09-13)"
CRM,2022,0.0,EPA ECHO ICIS-FE&C civil enforcement cases,https://echo.epa.gov/facilities/enforcement-case-search,2026-09-13,"no federal EPA civil penalty found under the company's name, former names or 10-K subsidiaries with a settlement in 2018-2022 (ECHO file retrieved 2026-09-13)"
CRM,2023,0.0,EPA ECHO ICIS-FE&C civil enforcement cases,https://echo.epa.gov/facilities/enforcement-case-search,2026-09-13,"no federal EPA civil penalty found under the company's name, former names or 10-K subsidiaries with a settlement in 2019-2023 (ECHO file retrieved 2026-09-13)"
CRM,2024,0.0,EPA ECHO ICIS-FE&C civil enforcement cases,https://echo.epa.gov/facilities/enforcement-case-search,2026-09-13,"no federal EPA civil penalty found under the company's name, former names or 10-K subsidiaries with a settlement in 2020-2024 (ECHO file retrieved 2026-09-13)"
CRM,2025,0.0,EPA ECHO ICIS-FE&C civil enforcement cases,https://echo.epa.gov/facilities/enforcement-case-search,2026-09-13,"no federal EPA civil penalty found under the company's name, former names or 10-K subsidiaries with a settlement in 2021-2025 (ECHO file retrieved 2026-09-13)"
CRWD,2020,0.0,EPA ECHO ICIS-FE&C civil enforcement cases,https://echo.epa.gov/facilities/enforcement-case-search,2026-09-13,"no federal EPA civil penalty found under the company's name, former names or 10-K subsidiaries with a settlement in 2016-2020 (ECHO file retrieved 2026-09-13)"
CRWD,2021,0.0,EPA ECHO ICIS-FE&C civil enforcement cases,https://echo.epa.gov/facilities/enforcement-case-search,2026-09-13,"no federal EPA civil penalty found under the company's name, former names or 10-K subsidiaries with a settlement in 2017-2021 (ECHO file retrieved 2026-09-13)"
CRWD,2022,0.0,EPA ECHO ICIS-FE&C civil enforcement cases,https://echo.epa.gov/facilities/enforcement-case-search,2026-09-13,"no federal EPA civil penalty found under the company's name, former names or 10-K subsidiaries with a settlement in 2018-2022 (ECHO file retrieved 2026-09-13)"
CRWD,2023,0.0,EPA ECHO ICIS-FE&C civil enforcement cases,https://echo.epa.gov/facilities/enforcement-case-search,2026-09-13,"no federal EPA civil penalty found under the company's name, former names or 10-K subsidiaries with a settlement in 2019-2023 (ECHO file retrieved 2026-09-13)"
CRWD,2024,0.0,EPA ECHO ICIS-FE&C civil enforcement cases,https://echo.epa.gov/facilities/enforcement-case-search,2026-09-13,"no federal EPA civil penalty found under the company's name, former names or 10-K subsidiaries with a settlement in 2020-2024 (ECHO file retrieved 2026-09-13)"
CRWD,2025,0.0,EPA ECHO ICIS-FE&C civil enforcement cases,https://echo.epa.gov/facilities/enforcement-case-search,2026-09-13,"no federal EPA civil penalty found under the company's name, former names or 10-K subsidiaries with a settlement in 2021-2025 (ECHO file retrieved 2026-09-13)"
CSCO,2020,0.0,EPA ECHO ICIS-FE&C civil enforcement cases,https://echo.epa.gov/facilities/enforcement-case-search,2026-09-13,"no federal EPA civil penalty found under the company's name, former names or 10-K subsidiaries with a settlement in 2016-2020 (ECHO file retrieved 2026-09-13)"
CSCO,2021,0.0,EPA ECHO ICIS-FE&C civil enforcement cases,https://echo.epa.gov/facilities/enforcement-case-search,2026-09-13,"no federal EPA civil penalty found under the company's name, former names or 10-K subsidiaries with a settlement in 2017-2021 (ECHO file retrieved 2026-09-13)"
CSCO,2022,0.0,EPA ECHO ICIS-FE&C civil enforcement cases,https://echo.epa.gov/facilities/enforcement-case-search,2026-09-13,"no federal EPA civil penalty found under the company's name, former names or 10-K subsidiaries with a settlement in 2018-2022 (ECHO file retrieved 2026-09-13)"
CSCO,2023,0.0,EPA ECHO ICIS-FE&C civil enforcement cases,https://echo.epa.gov/facilities/enforcement-case-search,2026-09-13,"no federal EPA civil penalty found under the company's name, former names or 10-K subsidiaries with a settlement in 2019-2023 (ECHO file retrieved 2026-09-13)"
CSCO,2024,0.0,EPA ECHO ICIS-FE&C civil enforcement cases,https://echo.epa.gov/facilities/enforcement-case-search,2026-09-13,"no federal EPA civil penalty found under the company's name, former names or 10-K subsidiaries with a settlement in 2020-2024 (ECHO file retrieved 2026-09-13)"
CSCO,2025,0.0,EPA ECHO ICIS-FE&C civil enforcement cases,https://echo.epa.gov/facilities/enforcement-case-search,2026-09-13,"no federal EPA civil penalty found under the company's name, former names or 10-K subsidiaries with a settlement in 2021-2025 (ECHO file retrieved 2026-09-13)"
CSGP,2020,0.0,EPA ECHO ICIS-FE&C civil enforcement cases,https://echo.epa.gov/facilities/enforcement-case-search,2026-09-13,"no federal EPA civil penalty found under the company's name, former names or 10-K subsidiaries with a settlement in 2016-2020 (ECHO file retrieved 2026-09-13)"
CSGP,2021,0.0,EPA ECHO ICIS-FE&C civil enforcement cases,https://echo.epa.gov/facilities/enforcement-case-search,2026-09-13,"no federal EPA civil penalty found under the company's name, former names or 10-K subsidiaries with a settlement in 2017-2021 (ECHO file retrieved 2026-09-13)"
CSGP,2022,0.0,EPA ECHO ICIS-FE&C civil enforcement cases,https://echo.epa.gov/facilities/enforcement-case-search,2026-09-13,"no federal EPA civil penalty found under the company's name, former names or 10-K subsidiaries with a settlement in 2018-2022 (ECHO file retrieved 2026-09-13)"
CSGP,2023,0.0,EPA ECHO ICIS-FE&C civil enforcement cases,https://echo.epa.gov/facilities/enforcement-case-search,2026-09-13,"no federal EPA civil penalty found under the company's name, former names or 10-K subsidiaries with a settlement in 2019-2023 (ECHO file retrieved 2026-09-13)"
CSGP,2024,0.0,EPA ECHO ICIS-FE&C civil enforcement cases,https://echo.epa.gov/facilities/enforcement-case-search,2026-09-13,"no federal EPA civil penalty found under the company's name, former names or 10-K subsidiaries with a settlement in 2020-2024 (ECHO file retrieved 2026-09-13)"
CSGP,2025,0.0,EPA ECHO ICIS-FE&C civil enforcement cases,https://echo.epa.gov/facilities/enforcement-case-search,2026-09-13,"no federal EPA civil penalty found under the company's name, former names or 10-K subsidiaries with a settlement in 2021-2025 (ECHO file retrieved 2026-09-13)"
CSX,2020,0.0,EPA ECHO ICIS-FE&C civil enforcement cases,https://echo.epa.gov/facilities/enforcement-case-search,2026-09-13,"no federal EPA civil penalty found under the company's name, former names or 10-K subsidiaries with a settlement in 2016-2020 (ECHO file retrieved 2026-09-13)"
CSX,2021,0.0,EPA ECHO ICIS-FE&C civil enforcement cases,https://echo.epa.gov/facilities/enforcement-case-search,2026-09-13,"no federal EPA civil penalty found under the company's name, former names or 10-K subsidiaries with a settlement in 2017-2021 (ECHO file retrieved 2026-09-13)"
CSX,2022,0.0,EPA ECHO ICIS-FE&C civil enforcement cases,https://echo.epa.gov/facilities/enforcement-case-search,2026-09-13,"no federal EPA civil penalty found under the company's name, former names or 10-K subsidiaries with a settlement in 2018-2022 (ECHO file retrieved 2026-09-13)"
CSX,2023,0.0,EPA ECHO ICIS-FE&C civil enforcement cases,https://echo.epa.gov/facilities/enforcement-case-search,2026-09-13,"no federal EPA civil penalty found under the company's name, former names or 10-K subsidiaries with a settlement in 2019-2023 (ECHO file retrieved 2026-09-13)"
CSX,2024,0.0,EPA ECHO ICIS-FE&C civil enforcement cases,https://echo.epa.gov/facilities/enforcement-case-search,2026-09-13,"no federal EPA civil penalty found under the company's name, former names or 10-K subsidiaries with a settlement in 2020-2024 (ECHO file retrieved 2026-09-13)"
CSX,2025,0.0,EPA ECHO ICIS-FE&C civil enforcement cases,https://echo.epa.gov/facilities/enforcement-case-search,2026-09-13,"no federal EPA civil penalty found under the company's name, former names or 10-K subsidiaries with a settlement in 2021-2025 (ECHO file retrieved 2026-09-13)"
CTAS,2020,0.0,EPA ECHO ICIS-FE&C civil enforcement cases,https://echo.epa.gov/facilities/enforcement-case-search,2026-09-13,"no federal EPA civil penalty found under the company's name, former names or 10-K subsidiaries with a settlement in 2016-2020 (ECHO file retrieved 2026-09-13)"
CTAS,2021,0.0,EPA ECHO ICIS-FE&C civil enforcement cases,https://echo.epa.gov/facilities/enforcement-case-search,2026-09-13,"no federal EPA civil penalty found under the company's name, former names or 10-K subsidiaries with a settlement in 2017-2021 (ECHO file retrieved 2026-09-13)"
CTAS,2022,0.0,EPA ECHO ICIS-FE&C civil enforcement cases,https://echo.epa.gov/facilities/enforcement-case-search,2026-09-13,"no federal EPA civil penalty found under the company's name, former names or 10-K subsidiaries with a settlement in 2018-2022 (ECHO file retrieved 2026-09-13)"
CTAS,2023,0.0,EPA ECHO ICIS-FE&C civil enforcement cases,https://echo.epa.gov/facilities/enforcement-case-search,2026-09-13,"no federal EPA civil penalty found under the company's name, former names or 10-K subsidiaries with a settlement in 2019-2023 (ECHO file retrieved 2026-09-13)"
CTAS,2024,0.0,EPA ECHO ICIS-FE&C civil enforcement cases,https://echo.epa.gov/facilities/enforcement-case-search,2026-09-13,"no federal EPA civil penalty found under the company's name, former names or 10-K subsidiaries with a settlement in 2020-2024 (ECHO file retrieved 2026-09-13)"
CTAS,2025,0.0,EPA ECHO ICIS-FE&C civil enforcement cases,https://echo.epa.gov/facilities/enforcement-case-search,2026-09-13,"no federal EPA civil penalty found under the company's name, former names or 10-K subsidiaries with a settlement in 2021-2025 (ECHO file retrieved 2026-09-13)"
CTSH,2020,0.0,EPA ECHO ICIS-FE&C civil enforcement cases,https://echo.epa.gov/facilities/enforcement-case-search,2026-09-13,"no federal EPA civil penalty found under the company's name, former names or 10-K subsidiaries with a settlement in 2016-2020 (ECHO file retrieved 2026-09-13)"
CTSH,2021,0.0,EPA ECHO ICIS-FE&C civil enforcement cases,https://echo.epa.gov/facilities/enforcement-case-search,2026-09-13,"no federal EPA civil penalty found under the company's name, former names or 10-K subsidiaries with a settlement in 2017-2021 (ECHO file retrieved 2026-09-13)"
CTSH,2022,0.0,EPA ECHO ICIS-FE&C civil enforcement cases,https://echo.epa.gov/facilities/enforcement-case-search,2026-09-13,"no federal EPA civil penalty found under the company's name, former names or 10-K subsidiaries with a settlement in 2018-2022 (ECHO file retrieved 2026-09-13)"
CTSH,2023,0.0,EPA ECHO ICIS-FE&C civil enforcement cases,https://echo.epa.gov/facilities/enforcement-case-search,2026-09-13,"no federal EPA civil penalty found under the company's name, former names or 10-K subsidiaries with a settlement in 2019-2023 (ECHO file retrieved 2026-09-13)"
CTSH,2024,0.0,EPA ECHO ICIS-FE&C civil enforcement cases,https://echo.epa.gov/facilities/enforcement-case-search,2026-09-13,"no federal EPA civil penalty found under the company's name, former names or 10-K subsidiaries with a settlement in 2020-2024 (ECHO file retrieved 2026-09-13)"
CTSH,2025,0.0,EPA ECHO ICIS-FE&C civil enforcement cases,https://echo.epa.gov/facilities/enforcement-case-search,2026-09-13,"no federal EPA civil penalty found under the company's name, former names or 10-K subsidiaries with a settlement in 2021-2025 (ECHO file retrieved 2026-09-13)"
CTVA,2020,0.0,EPA ECHO ICIS-FE&C civil enforcement cases,https://echo.epa.gov/facilities/enforcement-case-search,2026-09-13,"no federal EPA civil penalty found under the company's name, former names or 10-K subsidiaries with a settlement in 2016-2020 (ECHO file retrieved 2026-09-13)"
CTVA,2021,0.0,EPA ECHO ICIS-FE&C civil enforcement cases,https://echo.epa.gov/facilities/enforcement-case-search,2026-09-13,"no federal EPA civil penalty found under the company's name, former names or 10-K subsidiaries with a settlement in 2017-2021 (ECHO file retrieved 2026-09-13)"
CTVA,2022,7961.0,EPA ECHO ICIS-FE&C civil enforcement cases,https://echo.epa.gov/enforcement-case-report?id=04-2022-0700,2026-09-13,"2 case(s), $120,147 in 2018-2022 over mean revenue $15.1bn; largest: case 04-2022-0700 (2022), defendant 'CORTEVA AGRISCIENCE, LLC', $109,400"
CTVA,2023,7662.56,EPA ECHO ICIS-FE&C civil enforcement cases,https://echo.epa.gov/enforcement-case-report?id=04-2022-0700,2026-09-13,"2 case(s), $120,147 in 2019-2023 over mean revenue $15.7bn; largest: case 04-2022-0700 (2022), defendant 'CORTEVA AGRISCIENCE, LLC', $109,400"
CTVA,2024,7374.54,EPA ECHO ICIS-FE&C civil enforcement cases,https://echo.epa.gov/enforcement-case-report?id=04-2022-0700,2026-09-13,"2 case(s), $120,147 in 2020-2024 over mean revenue $16.3bn; largest: case 04-2022-0700 (2022), defendant 'CORTEVA AGRISCIENCE, LLC', $109,400"
CTVA,2025,7500.71,EPA ECHO ICIS-FE&C civil enforcement cases,https://echo.epa.gov/enforcement-case-report?id=04-2022-0700,2026-09-13,"3 case(s), $126,979 in 2021-2025 over mean revenue $16.9bn; largest: case 04-2022-0700 (2022), defendant 'CORTEVA AGRISCIENCE, LLC', $109,400"
CVNA,2020,0.0,EPA ECHO ICIS-FE&C civil enforcement cases,https://echo.epa.gov/facilities/enforcement-case-search,2026-09-13,"no federal EPA civil penalty found under the company's name, former names or 10-K subsidiaries with a settlement in 2016-2020 (ECHO file retrieved 2026-09-13)"
CVNA,2021,0.0,EPA ECHO ICIS-FE&C civil enforcement cases,https://echo.epa.gov/facilities/enforcement-case-search,2026-09-13,"no federal EPA civil penalty found under the company's name, former names or 10-K subsidiaries with a settlement in 2017-2021 (ECHO file retrieved 2026-09-13)"
CVNA,2022,0.0,EPA ECHO ICIS-FE&C civil enforcement cases,https://echo.epa.gov/facilities/enforcement-case-search,2026-09-13,"no federal EPA civil penalty found under the company's name, former names or 10-K subsidiaries with a settlement in 2018-2022 (ECHO file retrieved 2026-09-13)"
CVNA,2023,0.0,EPA ECHO ICIS-FE&C civil enforcement cases,https://echo.epa.gov/facilities/enforcement-case-search,2026-09-13,"no federal EPA civil penalty found under the company's name, former names or 10-K subsidiaries with a settlement in 2019-2023 (ECHO file retrieved 2026-09-13)"
CVNA,2024,0.0,EPA ECHO ICIS-FE&C civil enforcement cases,https://echo.epa.gov/facilities/enforcement-case-search,2026-09-13,"no federal EPA civil penalty found under the company's name, former names or 10-K subsidiaries with a settlement in 2020-2024 (ECHO file retrieved 2026-09-13)"
CVNA,2025,0.0,EPA ECHO ICIS-FE&C civil enforcement cases,https://echo.epa.gov/facilities/enforcement-case-search,2026-09-13,"no federal EPA civil penalty found under the company's name, former names or 10-K subsidiaries with a settlement in 2021-2025 (ECHO file retrieved 2026-09-13)"
CVS,2020,0.0,EPA ECHO ICIS-FE&C civil enforcement cases,https://echo.epa.gov/facilities/enforcement-case-search,2026-09-13,"no federal EPA civil penalty found under the company's name, former names or 10-K subsidiaries with a settlement in 2016-2020 (ECHO file retrieved 2026-09-13)"
CVS,2021,0.0,EPA ECHO ICIS-FE&C civil enforcement cases,https://echo.epa.gov/facilities/enforcement-case-search,2026-09-13,"no federal EPA civil penalty found under the company's name, former names or 10-K subsidiaries with a settlement in 2017-2021 (ECHO file retrieved 2026-09-13)"
CVS,2022,0.0,EPA ECHO ICIS-FE&C civil enforcement cases,https://echo.epa.gov/facilities/enforcement-case-search,2026-09-13,"no federal EPA civil penalty found under the company's name, former names or 10-K subsidiaries with a settlement in 2018-2022 (ECHO file retrieved 2026-09-13)"
CVS,2023,0.0,EPA ECHO ICIS-FE&C civil enforcement cases,https://echo.epa.gov/facilities/enforcement-case-search,2026-09-13,"no federal EPA civil penalty found under the company's name, former names or 10-K subsidiaries with a settlement in 2019-2023 (ECHO file retrieved 2026-09-13)"
CVS,2024,0.0,EPA ECHO ICIS-FE&C civil enforcement cases,https://echo.epa.gov/facilities/enforcement-case-search,2026-09-13,"no federal EPA civil penalty found under the company's name, former names or 10-K subsidiaries with a settlement in 2020-2024 (ECHO file retrieved 2026-09-13)"
CVS,2025,0.0,EPA ECHO ICIS-FE&C civil enforcement cases,https://echo.epa.gov/facilities/enforcement-case-search,2026-09-13,"no federal EPA civil penalty found under the company's name, former names or 10-K subsidiaries with a settlement in 2021-2025 (ECHO file retrieved 2026-09-13)"
CVX,2020,26310.39,EPA ECHO ICIS-FE&C civil enforcement cases,https://echo.epa.gov/enforcement-case-report?id=09-2016-3511,2026-09-13,"7 case(s), $3,453,523 in 2016-2020 over mean revenue $131.3bn; largest: case 09-2016-3511 (2019), defendant 'Chevron', $1,930,300"
CVX,2021,24221.86,EPA ECHO ICIS-FE&C civil enforcement cases,https://echo.epa.gov/enforcement-case-report?id=09-2016-3511,2026-09-13,"6 case(s), $3,411,876 in 2017-2021 over mean revenue $140.9bn; largest: case 09-2016-3511 (2019), defendant 'Chevron', $1,930,300"
CVX,2022,21091.51,EPA ECHO ICIS-FE&C civil enforcement cases,https://echo.epa.gov/enforcement-case-report?id=09-2016-3511,2026-09-13,"6 case(s), $3,411,876 in 2018-2022 over mean revenue $161.8bn; largest: case 09-2016-3511 (2019), defendant 'Chevron', $1,930,300"
CVX,2023,12703.86,EPA ECHO ICIS-FE&C civil enforcement cases,https://echo.epa.gov/enforcement-case-report?id=09-2016-3511,2026-09-13,"5 case(s), $2,161,876 in 2019-2023 over mean revenue $170.2bn; largest: case 09-2016-3511 (2019), defendant 'Chevron', $1,930,300"
CVX,2024,1703.56,EPA ECHO ICIS-FE&C civil enforcement cases,https://echo.epa.gov/enforcement-case-report?id=06-2024-3352,2026-09-13,"4 case(s), $309,076 in 2020-2024 over mean revenue $181.4bn; largest: case 06-2024-3352 (2024), defendant 'Chevron U.S.A. Inc', $165,000"
CVX,2025,1486.17,EPA ECHO ICIS-FE&C civil enforcement cases,https://echo.epa.gov/enforcement-case-report?id=06-2024-3352,2026-09-13,"2 case(s), $297,676 in 2021-2025 over mean revenue $200.3bn; largest: case 06-2024-3352 (2024), defendant 'Chevron U.S.A. Inc', $165,000"
D,2020,20.35,EPA ECHO ICIS-FE&C civil enforcement cases,https://echo.epa.gov/enforcement-case-report?id=04-2016-9012,2026-09-13,"1 case(s), $233 in 2016-2020 over mean revenue $11.4bn; largest: case 04-2016-9012 (2016), defendant 'VIRGINIA ELECTRIC & POWER COMPANY', $233"
D,2021,0.0,EPA ECHO ICIS-FE&C civil enforcement cases,https://echo.epa.gov/facilities/enforcement-case-search,2026-09-13,"no federal EPA civil penalty found under the company's name, former names or 10-K subsidiaries with a settlement in 2017-2021 (ECHO file retrieved 2026-09-13)"
D,2022,0.0,EPA ECHO ICIS-FE&C civil enforcement cases,https://echo.epa.gov/facilities/enforcement-case-search,2026-09-13,"no federal EPA civil penalty found under the company's name, former names or 10-K subsidiaries with a settlement in 2018-2022 (ECHO file retrieved 2026-09-13)"
D,2023,578.1,EPA ECHO ICIS-FE&C civil enforcement cases,https://echo.epa.gov/enforcement-case-report?id=04-2023-0603,2026-09-13,"1 case(s), $7,738 in 2019-2023 over mean revenue $13.4bn; largest: case 04-2023-0603 (2023), defendant 'Virginia Electric and Power Company', $7,738"
D,2024,577.6,EPA ECHO ICIS-FE&C civil enforcement cases,https://echo.epa.gov/enforcement-case-report?id=04-2023-0603,2026-09-13,"1 case(s), $7,738 in 2020-2024 over mean revenue $13.4bn; largest: case 04-2023-0603 (2023), defendant 'Virginia Electric and Power Company', $7,738"
D,2025,540.45,EPA ECHO ICIS-FE&C civil enforcement cases,https://echo.epa.gov/enforcement-case-report?id=04-2023-0603,2026-09-13,"1 case(s), $7,738 in 2021-2025 over mean revenue $14.3bn; largest: case 04-2023-0603 (2023), defendant 'Virginia Electric and Power Company', $7,738"
DAL,2020,0.0,EPA ECHO ICIS-FE&C civil enforcement cases,https://echo.epa.gov/facilities/enforcement-case-search,2026-09-13,"no federal EPA civil penalty found under the company's name, former names or 10-K subsidiaries with a settlement in 2016-2020 (ECHO file retrieved 2026-09-13)"
DAL,2021,0.0,EPA ECHO ICIS-FE&C civil enforcement cases,https://echo.epa.gov/facilities/enforcement-case-search,2026-09-13,"no federal EPA civil penalty found under the company's name, former names or 10-K subsidiaries with a settlement in 2017-2021 (ECHO file retrieved 2026-09-13)"
DAL,2022,0.0,EPA ECHO ICIS-FE&C civil enforcement cases,https://echo.epa.gov/facilities/enforcement-case-search,2026-09-13,"no federal EPA civil penalty found under the company's name, former names or 10-K subsidiaries with a settlement in 2018-2022 (ECHO file retrieved 2026-09-13)"
DAL,2023,0.0,EPA ECHO ICIS-FE&C civil enforcement cases,https://echo.epa.gov/facilities/enforcement-case-search,2026-09-13,"no federal EPA civil penalty found under the company's name, former names or 10-K subsidiaries with a settlement in 2019-2023 (ECHO file retrieved 2026-09-13)"
DAL,2024,0.0,EPA ECHO ICIS-FE&C civil enforcement cases,https://echo.epa.gov/facilities/enforcement-case-search,2026-09-13,"no federal EPA civil penalty found under the company's name, former names or 10-K subsidiaries with a settlement in 2020-2024 (ECHO file retrieved 2026-09-13)"
DAL,2025,0.0,EPA ECHO ICIS-FE&C civil enforcement cases,https://echo.epa.gov/facilities/enforcement-case-search,2026-09-13,"no federal EPA civil penalty found under the company's name, former names or 10-K subsidiaries with a settlement in 2021-2025 (ECHO file retrieved 2026-09-13)"
DASH,2020,0.0,EPA ECHO ICIS-FE&C civil enforcement cases,https://echo.epa.gov/facilities/enforcement-case-search,2026-09-13,"no federal EPA civil penalty found under the company's name, former names or 10-K subsidiaries with a settlement in 2016-2020 (ECHO file retrieved 2026-09-13)"
DASH,2021,0.0,EPA ECHO ICIS-FE&C civil enforcement cases,https://echo.epa.gov/facilities/enforcement-case-search,2026-09-13,"no federal EPA civil penalty found under the company's name, former names or 10-K subsidiaries with a settlement in 2017-2021 (ECHO file retrieved 2026-09-13)"
DASH,2022,0.0,EPA ECHO ICIS-FE&C civil enforcement cases,https://echo.epa.gov/facilities/enforcement-case-search,2026-09-13,"no federal EPA civil penalty found under the company's name, former names or 10-K subsidiaries with a settlement in 2018-2022 (ECHO file retrieved 2026-09-13)"
DASH,2023,0.0,EPA ECHO ICIS-FE&C civil enforcement cases,https://echo.epa.gov/facilities/enforcement-case-search,2026-09-13,"no federal EPA civil penalty found under the company's name, former names or 10-K subsidiaries with a settlement in 2019-2023 (ECHO file retrieved 2026-09-13)"
DASH,2024,0.0,EPA ECHO ICIS-FE&C civil enforcement cases,https://echo.epa.gov/facilities/enforcement-case-search,2026-09-13,"no federal EPA civil penalty found under the company's name, former names or 10-K subsidiaries with a settlement in 2020-2024 (ECHO file retrieved 2026-09-13)"
DASH,2025,0.0,EPA ECHO ICIS-FE&C civil enforcement cases,https://echo.epa.gov/facilities/enforcement-case-search,2026-09-13,"no federal EPA civil penalty found under the company's name, former names or 10-K subsidiaries with a settlement in 2021-2025 (ECHO file retrieved 2026-09-13)"
DD,2020,11794.46,EPA ECHO ICIS-FE&C civil enforcement cases,https://echo.epa.gov/enforcement-case-report?id=05-2016-5054,2026-09-13,"1 case(s), $250,000 in 2016-2020 over mean revenue $21.2bn; largest: case 05-2016-5054 (2019), defendant 'FILMTEC', $250,000"
DD,2021,17758.2,EPA ECHO ICIS-FE&C civil enforcement cases,https://echo.epa.gov/enforcement-case-report?id=05-2016-5054,2026-09-13,"1 case(s), $250,000 in 2017-2021 over mean revenue $14.1bn; largest: case 05-2016-5054 (2019), defendant 'FILMTEC', $250,000"
DD,2022,17425.25,EPA ECHO ICIS-FE&C civil enforcement cases,https://echo.epa.gov/enforcement-case-report?id=05-2016-5054,2026-09-13,"1 case(s), $250,000 in 2018-2022 over mean revenue $14.3bn; largest: case 05-2016-5054 (2019), defendant 'FILMTEC', $250,000"
DD,2023,20170.73,EPA ECHO ICIS-FE&C civil enforcement cases,https://echo.epa.gov/enforcement-case-report?id=05-2016-5054,2026-09-13,"1 case(s), $250,000 in 2019-2023 over mean revenue $12.4bn; largest: case 05-2016-5054 (2019), defendant 'FILMTEC', $250,000"
DD,2024,0.0,EPA ECHO ICIS-FE&C civil enforcement cases,https://echo.epa.gov/facilities/enforcement-case-search,2026-09-13,"no federal EPA civil penalty found under the company's name, former names or 10-K subsidiaries with a settlement in 2020-2024 (ECHO file retrieved 2026-09-13)"
DD,2025,0.0,EPA ECHO ICIS-FE&C civil enforcement cases,https://echo.epa.gov/facilities/enforcement-case-search,2026-09-13,"no federal EPA civil penalty found under the company's name, former names or 10-K subsidiaries with a settlement in 2021-2025 (ECHO file retrieved 2026-09-13)"
DDOG,2020,0.0,EPA ECHO ICIS-FE&C civil enforcement cases,https://echo.epa.gov/facilities/enforcement-case-search,2026-09-13,"no federal EPA civil penalty found under the company's name, former names or 10-K subsidiaries with a settlement in 2016-2020 (ECHO file retrieved 2026-09-13)"
DDOG,2021,0.0,EPA ECHO ICIS-FE&C civil enforcement cases,https://echo.epa.gov/facilities/enforcement-case-search,2026-09-13,"no federal EPA civil penalty found under the company's name, former names or 10-K subsidiaries with a settlement in 2017-2021 (ECHO file retrieved 2026-09-13)"
DDOG,2022,0.0,EPA ECHO ICIS-FE&C civil enforcement cases,https://echo.epa.gov/facilities/enforcement-case-search,2026-09-13,"no federal EPA civil penalty found under the company's name, former names or 10-K subsidiaries with a settlement in 2018-2022 (ECHO file retrieved 2026-09-13)"
DDOG,2023,0.0,EPA ECHO ICIS-FE&C civil enforcement cases,https://echo.epa.gov/facilities/enforcement-case-search,2026-09-13,"no federal EPA civil penalty found under the company's name, former names or 10-K subsidiaries with a settlement in 2019-2023 (ECHO file retrieved 2026-09-13)"
DDOG,2024,0.0,EPA ECHO ICIS-FE&C civil enforcement cases,https://echo.epa.gov/facilities/enforcement-case-search,2026-09-13,"no federal EPA civil penalty found under the company's name, former names or 10-K subsidiaries with a settlement in 2020-2024 (ECHO file retrieved 2026-09-13)"
DDOG,2025,0.0,EPA ECHO ICIS-FE&C civil enforcement cases,https://echo.epa.gov/facilities/enforcement-case-search,2026-09-13,"no federal EPA civil penalty found under the company's name, former names or 10-K subsidiaries with a settlement in 2021-2025 (ECHO file retrieved 2026-09-13)"
DE,2020,0.0,EPA ECHO ICIS-FE&C civil enforcement cases,https://echo.epa.gov/facilities/enforcement-case-search,2026-09-13,"no federal EPA civil penalty found under the company's name, former names or 10-K subsidiaries with a settlement in 2016-2020 (ECHO file retrieved 2026-09-13)"
DE,2021,0.0,EPA ECHO ICIS-FE&C civil enforcement cases,https://echo.epa.gov/facilities/enforcement-case-search,2026-09-13,"no federal EPA civil penalty found under the company's name, former names or 10-K subsidiaries with a settlement in 2017-2021 (ECHO file retrieved 2026-09-13)"
DE,2022,0.0,EPA ECHO ICIS-FE&C civil enforcement cases,https://echo.epa.gov/facilities/enforcement-case-search,2026-09-13,"no federal EPA civil penalty found under the company's name, former names or 10-K subsidiaries with a settlement in 2018-2022 (ECHO file retrieved 2026-09-13)"
DE,2023,0.0,EPA ECHO ICIS-FE&C civil enforcement cases,https://echo.epa.gov/facilities/enforcement-case-search,2026-09-13,"no federal EPA civil penalty found under the company's name, former names or 10-K subsidiaries with a settlement in 2019-2023 (ECHO file retrieved 2026-09-13)"
DE,2024,0.0,EPA ECHO ICIS-FE&C civil enforcement cases,https://echo.epa.gov/facilities/enforcement-case-search,2026-09-13,"no federal EPA civil penalty found under the company's name, former names or 10-K subsidiaries with a settlement in 2020-2024 (ECHO file retrieved 2026-09-13)"
DE,2025,0.0,EPA ECHO ICIS-FE&C civil enforcement cases,https://echo.epa.gov/facilities/enforcement-case-search,2026-09-13,"no federal EPA civil penalty found under the company's name, former names or 10-K subsidiaries with a settlement in 2021-2025 (ECHO file retrieved 2026-09-13)"
DECK,2020,0.0,EPA ECHO ICIS-FE&C civil enforcement cases,https://echo.epa.gov/facilities/enforcement-case-search,2026-09-13,"no federal EPA civil penalty found under the company's name, former names or 10-K subsidiaries with a settlement in 2016-2020 (ECHO file retrieved 2026-09-13)"
DECK,2021,0.0,EPA ECHO ICIS-FE&C civil enforcement cases,https://echo.epa.gov/facilities/enforcement-case-search,2026-09-13,"no federal EPA civil penalty found under the company's name, former names or 10-K subsidiaries with a settlement in 2017-2021 (ECHO file retrieved 2026-09-13)"
DECK,2022,0.0,EPA ECHO ICIS-FE&C civil enforcement cases,https://echo.epa.gov/facilities/enforcement-case-search,2026-09-13,"no federal EPA civil penalty found under the company's name, former names or 10-K subsidiaries with a settlement in 2018-2022 (ECHO file retrieved 2026-09-13)"
DECK,2023,0.0,EPA ECHO ICIS-FE&C civil enforcement cases,https://echo.epa.gov/facilities/enforcement-case-search,2026-09-13,"no federal EPA civil penalty found under the company's name, former names or 10-K subsidiaries with a settlement in 2019-2023 (ECHO file retrieved 2026-09-13)"
DECK,2024,0.0,EPA ECHO ICIS-FE&C civil enforcement cases,https://echo.epa.gov/facilities/enforcement-case-search,2026-09-13,"no federal EPA civil penalty found under the company's name, former names or 10-K subsidiaries with a settlement in 2020-2024 (ECHO file retrieved 2026-09-13)"
DECK,2025,0.0,EPA ECHO ICIS-FE&C civil enforcement cases,https://echo.epa.gov/facilities/enforcement-case-search,2026-09-13,"no federal EPA civil penalty found under the company's name, former names or 10-K subsidiaries with a settlement in 2021-2025 (ECHO file retrieved 2026-09-13)"
DELL,2020,0.0,EPA ECHO ICIS-FE&C civil enforcement cases,https://echo.epa.gov/facilities/enforcement-case-search,2026-09-13,"no federal EPA civil penalty found under the company's name, former names or 10-K subsidiaries with a settlement in 2016-2020 (ECHO file retrieved 2026-09-13)"
DELL,2021,0.0,EPA ECHO ICIS-FE&C civil enforcement cases,https://echo.epa.gov/facilities/enforcement-case-search,2026-09-13,"no federal EPA civil penalty found under the company's name, former names or 10-K subsidiaries with a settlement in 2017-2021 (ECHO file retrieved 2026-09-13)"
DELL,2022,0.0,EPA ECHO ICIS-FE&C civil enforcement cases,https://echo.epa.gov/facilities/enforcement-case-search,2026-09-13,"no federal EPA civil penalty found under the company's name, former names or 10-K subsidiaries with a settlement in 2018-2022 (ECHO file retrieved 2026-09-13)"
DELL,2023,0.0,EPA ECHO ICIS-FE&C civil enforcement cases,https://echo.epa.gov/facilities/enforcement-case-search,2026-09-13,"no federal EPA civil penalty found under the company's name, former names or 10-K subsidiaries with a settlement in 2019-2023 (ECHO file retrieved 2026-09-13)"
DELL,2024,0.0,EPA ECHO ICIS-FE&C civil enforcement cases,https://echo.epa.gov/facilities/enforcement-case-search,2026-09-13,"no federal EPA civil penalty found under the company's name, former names or 10-K subsidiaries with a settlement in 2020-2024 (ECHO file retrieved 2026-09-13)"
DELL,2025,0.0,EPA ECHO ICIS-FE&C civil enforcement cases,https://echo.epa.gov/facilities/enforcement-case-search,2026-09-13,"no federal EPA civil penalty found under the company's name, former names or 10-K subsidiaries with a settlement in 2021-2025 (ECHO file retrieved 2026-09-13)"
DG,2020,0.0,EPA ECHO ICIS-FE&C civil enforcement cases,https://echo.epa.gov/facilities/enforcement-case-search,2026-09-13,"no federal EPA civil penalty found under the company's name, former names or 10-K subsidiaries with a settlement in 2016-2020 (ECHO file retrieved 2026-09-13)"
DG,2021,0.0,EPA ECHO ICIS-FE&C civil enforcement cases,https://echo.epa.gov/facilities/enforcement-case-search,2026-09-13,"no federal EPA civil penalty found under the company's name, former names or 10-K subsidiaries with a settlement in 2017-2021 (ECHO file retrieved 2026-09-13)"
DG,2022,0.0,EPA ECHO ICIS-FE&C civil enforcement cases,https://echo.epa.gov/facilities/enforcement-case-search,2026-09-13,"no federal EPA civil penalty found under the company's name, former names or 10-K subsidiaries with a settlement in 2018-2022 (ECHO file retrieved 2026-09-13)"
DG,2023,0.0,EPA ECHO ICIS-FE&C civil enforcement cases,https://echo.epa.gov/facilities/enforcement-case-search,2026-09-13,"no federal EPA civil penalty found under the company's name, former names or 10-K subsidiaries with a settlement in 2019-2023 (ECHO file retrieved 2026-09-13)"
DG,2024,0.0,EPA ECHO ICIS-FE&C civil enforcement cases,https://echo.epa.gov/facilities/enforcement-case-search,2026-09-13,"no federal EPA civil penalty found under the company's name, former names or 10-K subsidiaries with a settlement in 2020-2024 (ECHO file retrieved 2026-09-13)"
DG,2025,0.0,EPA ECHO ICIS-FE&C civil enforcement cases,https://echo.epa.gov/facilities/enforcement-case-search,2026-09-13,"no federal EPA civil penalty found under the company's name, former names or 10-K subsidiaries with a settlement in 2021-2025 (ECHO file retrieved 2026-09-13)"
DGX,2020,0.0,EPA ECHO ICIS-FE&C civil enforcement cases,https://echo.epa.gov/facilities/enforcement-case-search,2026-09-13,"no federal EPA civil penalty found under the company's name, former names or 10-K subsidiaries with a settlement in 2016-2020 (ECHO file retrieved 2026-09-13)"
DGX,2021,0.0,EPA ECHO ICIS-FE&C civil enforcement cases,https://echo.epa.gov/facilities/enforcement-case-search,2026-09-13,"no federal EPA civil penalty found under the company's name, former names or 10-K subsidiaries with a settlement in 2017-2021 (ECHO file retrieved 2026-09-13)"
DGX,2022,0.0,EPA ECHO ICIS-FE&C civil enforcement cases,https://echo.epa.gov/facilities/enforcement-case-search,2026-09-13,"no federal EPA civil penalty found under the company's name, former names or 10-K subsidiaries with a settlement in 2018-2022 (ECHO file retrieved 2026-09-13)"
DGX,2023,0.0,EPA ECHO ICIS-FE&C civil enforcement cases,https://echo.epa.gov/facilities/enforcement-case-search,2026-09-13,"no federal EPA civil penalty found under the company's name, former names or 10-K subsidiaries with a settlement in 2019-2023 (ECHO file retrieved 2026-09-13)"
DGX,2024,0.0,EPA ECHO ICIS-FE&C civil enforcement cases,https://echo.epa.gov/facilities/enforcement-case-search,2026-09-13,"no federal EPA civil penalty found under the company's name, former names or 10-K subsidiaries with a settlement in 2020-2024 (ECHO file retrieved 2026-09-13)"
DGX,2025,0.0,EPA ECHO ICIS-FE&C civil enforcement cases,https://echo.epa.gov/facilities/enforcement-case-search,2026-09-13,"no federal EPA civil penalty found under the company's name, former names or 10-K subsidiaries with a settlement in 2021-2025 (ECHO file retrieved 2026-09-13)"
DHI,2020,0.0,EPA ECHO ICIS-FE&C civil enforcement cases,https://echo.epa.gov/facilities/enforcement-case-search,2026-09-13,"no federal EPA civil penalty found under the company's name, former names or 10-K subsidiaries with a settlement in 2016-2020 (ECHO file retrieved 2026-09-13)"
DHI,2021,0.0,EPA ECHO ICIS-FE&C civil enforcement cases,https://echo.epa.gov/facilities/enforcement-case-search,2026-09-13,"no federal EPA civil penalty found under the company's name, former names or 10-K subsidiaries with a settlement in 2017-2021 (ECHO file retrieved 2026-09-13)"
DHI,2022,0.0,EPA ECHO ICIS-FE&C civil enforcement cases,https://echo.epa.gov/facilities/enforcement-case-search,2026-09-13,"no federal EPA civil penalty found under the company's name, former names or 10-K subsidiaries with a settlement in 2018-2022 (ECHO file retrieved 2026-09-13)"
DHI,2023,0.0,EPA ECHO ICIS-FE&C civil enforcement cases,https://echo.epa.gov/facilities/enforcement-case-search,2026-09-13,"no federal EPA civil penalty found under the company's name, former names or 10-K subsidiaries with a settlement in 2019-2023 (ECHO file retrieved 2026-09-13)"
DHI,2024,6500.81,EPA ECHO ICIS-FE&C civil enforcement cases,https://echo.epa.gov/enforcement-case-report?id=04-2014-9006,2026-09-13,"1 case(s), $200,000 in 2020-2024 over mean revenue $30.8bn; largest: case 04-2014-9006 (2024), defendant 'D.R. HORTON, INC.', $200,000"
DHI,2025,5960.67,EPA ECHO ICIS-FE&C civil enforcement cases,https://echo.epa.gov/enforcement-case-report?id=04-2014-9006,2026-09-13,"1 case(s), $200,000 in 2021-2025 over mean revenue $33.6bn; largest: case 04-2014-9006 (2024), defendant 'D.R. HORTON, INC.', $200,000"
DHR,2020,13246.26,EPA ECHO ICIS-FE&C civil enforcement cases,https://echo.epa.gov/enforcement-case-report?id=05-2018-5017,2026-09-13,"2 case(s), $223,071 in 2016-2020 over mean revenue $16.8bn; largest: case 05-2018-5017 (2018), defendant 'LEICA BIOSYSTEMS RICHMOND', $174,856"
DHR,2021,11852.74,EPA ECHO ICIS-FE&C civil enforcement cases,https://echo.epa.gov/enforcement-case-report?id=05-2018-5017,2026-09-13,"2 case(s), $223,071 in 2017-2021 over mean revenue $18.8bn; largest: case 05-2018-5017 (2018), defendant 'LEICA BIOSYSTEMS RICHMOND', $174,856"
DHR,2022,10326.76,EPA ECHO ICIS-FE&C civil enforcement cases,https://echo.epa.gov/enforcement-case-report?id=05-2018-5017,2026-09-13,"2 case(s), $223,071 in 2018-2022 over mean revenue $21.6bn; largest: case 05-2018-5017 (2018), defendant 'LEICA BIOSYSTEMS RICHMOND', $174,856"
DHR,2023,4112.61,EPA ECHO ICIS-FE&C civil enforcement cases,https://echo.epa.gov/enforcement-case-report?id=HQ-2020-5012,2026-09-13,"3 case(s), $95,871 in 2019-2023 over mean revenue $23.3bn; largest: case HQ-2020-5012 (2020), defendant 'Danaher Corporation', $48,215"
DHR,2024,3865.38,EPA ECHO ICIS-FE&C civil enforcement cases,https://echo.epa.gov/enforcement-case-report?id=HQ-2020-5012,2026-09-13,"3 case(s), $95,871 in 2020-2024 over mean revenue $24.8bn; largest: case HQ-2020-5012 (2020), defendant 'Danaher Corporation', $48,215"
DHR,2025,1925.06,EPA ECHO ICIS-FE&C civil enforcement cases,https://echo.epa.gov/enforcement-case-report?id=04-2023-2101,2026-09-13,"2 case(s), $47,656 in 2021-2025 over mean revenue $24.8bn; largest: case 04-2023-2101 (2023), defendant 'BECKMAN COULTER, INC.', $31,766"
DIS,2020,0.0,EPA ECHO ICIS-FE&C civil enforcement cases,https://echo.epa.gov/facilities/enforcement-case-search,2026-09-13,"no federal EPA civil penalty found under the company's name, former names or 10-K subsidiaries with a settlement in 2016-2020 (ECHO file retrieved 2026-09-13)"
DIS,2021,0.0,EPA ECHO ICIS-FE&C civil enforcement cases,https://echo.epa.gov/facilities/enforcement-case-search,2026-09-13,"no federal EPA civil penalty found under the company's name, former names or 10-K subsidiaries with a settlement in 2017-2021 (ECHO file retrieved 2026-09-13)"
DIS,2022,0.0,EPA ECHO ICIS-FE&C civil enforcement cases,https://echo.epa.gov/facilities/enforcement-case-search,2026-09-13,"no federal EPA civil penalty found under the company's name, former names or 10-K subsidiaries with a settlement in 2018-2022 (ECHO file retrieved 2026-09-13)"
DIS,2023,0.0,EPA ECHO ICIS-FE&C civil enforcement cases,https://echo.epa.gov/facilities/enforcement-case-search,2026-09-13,"no federal EPA civil penalty found under the company's name, former names or 10-K subsidiaries with a settlement in 2019-2023 (ECHO file retrieved 2026-09-13)"
DIS,2024,0.0,EPA ECHO ICIS-FE&C civil enforcement cases,https://echo.epa.gov/facilities/enforcement-case-search,2026-09-13,"no federal EPA civil penalty found under the company's name, former names or 10-K subsidiaries with a settlement in 2020-2024 (ECHO file retrieved 2026-09-13)"
DIS,2025,0.0,EPA ECHO ICIS-FE&C civil enforcement cases,https://echo.epa.gov/facilities/enforcement-case-search,2026-09-13,"no federal EPA civil penalty found under the company's name, former names or 10-K subsidiaries with a settlement in 2021-2025 (ECHO file retrieved 2026-09-13)"
DLR,2020,0.0,EPA ECHO ICIS-FE&C civil enforcement cases,https://echo.epa.gov/facilities/enforcement-case-search,2026-09-13,"no federal EPA civil penalty found under the company's name, former names or 10-K subsidiaries with a settlement in 2016-2020 (ECHO file retrieved 2026-09-13)"
DLR,2021,2657.65,EPA ECHO ICIS-FE&C civil enforcement cases,https://echo.epa.gov/enforcement-case-report?id=02-2020-7707,2026-09-13,"1 case(s), $9,060 in 2017-2021 over mean revenue $3.4bn; largest: case 02-2020-7707 (2021), defendant 'Telx-Clifton, LLC', $9,060"
DLR,2022,2349.7,EPA ECHO ICIS-FE&C civil enforcement cases,https://echo.epa.gov/enforcement-case-report?id=02-2020-7707,2026-09-13,"1 case(s), $9,060 in 2018-2022 over mean revenue $3.9bn; largest: case 02-2020-7707 (2021), defendant 'Telx-Clifton, LLC', $9,060"
DLR,2023,2086.63,EPA ECHO ICIS-FE&C civil enforcement cases,https://echo.epa.gov/enforcement-case-report?id=02-2020-7707,2026-09-13,"1 case(s), $9,060 in 2019-2023 over mean revenue $4.3bn; largest: case 02-2020-7707 (2021), defendant 'Telx-Clifton, LLC', $9,060"
DLR,2024,1883.16,EPA ECHO ICIS-FE&C civil enforcement cases,https://echo.epa.gov/enforcement-case-report?id=02-2020-7707,2026-09-13,"1 case(s), $9,060 in 2020-2024 over mean revenue $4.8bn; largest: case 02-2020-7707 (2021), defendant 'Telx-Clifton, LLC', $9,060"
DLR,2025,1724.77,EPA ECHO ICIS-FE&C civil enforcement cases,https://echo.epa.gov/enforcement-case-report?id=02-2020-7707,2026-09-13,"1 case(s), $9,060 in 2021-2025 over mean revenue $5.3bn; largest: case 02-2020-7707 (2021), defendant 'Telx-Clifton, LLC', $9,060"
DLTR,2020,0.0,EPA ECHO ICIS-FE&C civil enforcement cases,https://echo.epa.gov/facilities/enforcement-case-search,2026-09-13,"no federal EPA civil penalty found under the company's name, former names or 10-K subsidiaries with a settlement in 2016-2020 (ECHO file retrieved 2026-09-13)"
DLTR,2021,0.0,EPA ECHO ICIS-FE&C civil enforcement cases,https://echo.epa.gov/facilities/enforcement-case-search,2026-09-13,"no federal EPA civil penalty found under the company's name, former names or 10-K subsidiaries with a settlement in 2017-2021 (ECHO file retrieved 2026-09-13)"
DLTR,2022,0.0,EPA ECHO ICIS-FE&C civil enforcement cases,https://echo.epa.gov/facilities/enforcement-case-search,2026-09-13,"no federal EPA civil penalty found under the company's name, former names or 10-K subsidiaries with a settlement in 2018-2022 (ECHO file retrieved 2026-09-13)"
DLTR,2023,0.0,EPA ECHO ICIS-FE&C civil enforcement cases,https://echo.epa.gov/facilities/enforcement-case-search,2026-09-13,"no federal EPA civil penalty found under the company's name, former names or 10-K subsidiaries with a settlement in 2019-2023 (ECHO file retrieved 2026-09-13)"
DLTR,2024,0.0,EPA ECHO ICIS-FE&C civil enforcement cases,https://echo.epa.gov/facilities/enforcement-case-search,2026-09-13,"no federal EPA civil penalty found under the company's name, former names or 10-K subsidiaries with a settlement in 2020-2024 (ECHO file retrieved 2026-09-13)"
DLTR,2025,0.0,EPA ECHO ICIS-FE&C civil enforcement cases,https://echo.epa.gov/facilities/enforcement-case-search,2026-09-13,"no federal EPA civil penalty found under the company's name, former names or 10-K subsidiaries with a settlement in 2021-2025 (ECHO file retrieved 2026-09-13)"
DOC,2020,0.0,EPA ECHO ICIS-FE&C civil enforcement cases,https://echo.epa.gov/facilities/enforcement-case-search,2026-09-13,"no federal EPA civil penalty found under the company's name, former names or 10-K subsidiaries with a settlement in 2016-2020 (ECHO file retrieved 2026-09-13)"
DOC,2021,0.0,EPA ECHO ICIS-FE&C civil enforcement cases,https://echo.epa.gov/facilities/enforcement-case-search,2026-09-13,"no federal EPA civil penalty found under the company's name, former names or 10-K subsidiaries with a settlement in 2017-2021 (ECHO file retrieved 2026-09-13)"
DOC,2022,0.0,EPA ECHO ICIS-FE&C civil enforcement cases,https://echo.epa.gov/facilities/enforcement-case-search,2026-09-13,"no federal EPA civil penalty found under the company's name, former names or 10-K subsidiaries with a settlement in 2018-2022 (ECHO file retrieved 2026-09-13)"
DOC,2023,0.0,EPA ECHO ICIS-FE&C civil enforcement cases,https://echo.epa.gov/facilities/enforcement-case-search,2026-09-13,"no federal EPA civil penalty found under the company's name, former names or 10-K subsidiaries with a settlement in 2019-2023 (ECHO file retrieved 2026-09-13)"
DOC,2024,0.0,EPA ECHO ICIS-FE&C civil enforcement cases,https://echo.epa.gov/facilities/enforcement-case-search,2026-09-13,"no federal EPA civil penalty found under the company's name, former names or 10-K subsidiaries with a settlement in 2020-2024 (ECHO file retrieved 2026-09-13)"
DOC,2025,0.0,EPA ECHO ICIS-FE&C civil enforcement cases,https://echo.epa.gov/facilities/enforcement-case-search,2026-09-13,"no federal EPA civil penalty found under the company's name, former names or 10-K subsidiaries with a settlement in 2021-2025 (ECHO file retrieved 2026-09-13)"
DOV,2020,0.0,EPA ECHO ICIS-FE&C civil enforcement cases,https://echo.epa.gov/facilities/enforcement-case-search,2026-09-13,"no federal EPA civil penalty found under the company's name, former names or 10-K subsidiaries with a settlement in 2016-2020 (ECHO file retrieved 2026-09-13)"
DOV,2021,0.0,EPA ECHO ICIS-FE&C civil enforcement cases,https://echo.epa.gov/facilities/enforcement-case-search,2026-09-13,"no federal EPA civil penalty found under the company's name, former names or 10-K subsidiaries with a settlement in 2017-2021 (ECHO file retrieved 2026-09-13)"
DOV,2022,20186.37,EPA ECHO ICIS-FE&C civil enforcement cases,https://echo.epa.gov/enforcement-case-report?id=09-2022-7083,2026-09-13,"1 case(s), $147,617 in 2018-2022 over mean revenue $7.3bn; largest: case 09-2022-7083 (2022), defendant 'Transchem, Inc', $147,617"
DOV,2023,39002.83,EPA ECHO ICIS-FE&C civil enforcement cases,https://echo.epa.gov/enforcement-case-report?id=09-2022-7083,2026-09-13,"2 case(s), $290,617 in 2019-2023 over mean revenue $7.5bn; largest: case 09-2022-7083 (2022), defendant 'Transchem, Inc', $147,617"
DOV,2024,38375.01,EPA ECHO ICIS-FE&C civil enforcement cases,https://echo.epa.gov/enforcement-case-report?id=09-2022-7083,2026-09-13,"2 case(s), $290,617 in 2020-2024 over mean revenue $7.6bn; largest: case 09-2022-7083 (2022), defendant 'Transchem, Inc', $147,617"
DOV,2025,36998.45,EPA ECHO ICIS-FE&C civil enforcement cases,https://echo.epa.gov/enforcement-case-report?id=09-2022-7083,2026-09-13,"2 case(s), $290,617 in 2021-2025 over mean revenue $7.9bn; largest: case 09-2022-7083 (2022), defendant 'Transchem, Inc', $147,617"
DOW,2020,31956.16,EPA ECHO ICIS-FE&C civil enforcement cases,https://echo.epa.gov/enforcement-case-report?id=06-2018-0935,2026-09-13,"9 case(s), $1,349,132 in 2016-2020 over mean revenue $42.2bn; largest: case 06-2018-0935 (2018), defendant 'The Dow Chemical Company', $500,000"
DOW,2021,63706.76,EPA ECHO ICIS-FE&C civil enforcement cases,https://echo.epa.gov/enforcement-case-report?id=06-2014-3400,2026-09-13,"10 case(s), $2,927,899 in 2017-2021 over mean revenue $46.0bn; largest: case 06-2014-3400 (2021), defendant 'Union Carbide Corp', $1,500,000"
DOW,2022,52767.43,EPA ECHO ICIS-FE&C civil enforcement cases,https://echo.epa.gov/enforcement-case-report?id=06-2014-3400,2026-09-13,"10 case(s), $2,564,149 in 2018-2022 over mean revenue $48.6bn; largest: case 06-2014-3400 (2021), defendant 'Union Carbide Corp', $1,500,000"
DOW,2023,43367.21,EPA ECHO ICIS-FE&C civil enforcement cases,https://echo.epa.gov/enforcement-case-report?id=06-2014-3400,2026-09-13,"9 case(s), $2,064,149 in 2019-2023 over mean revenue $47.6bn; largest: case 06-2014-3400 (2021), defendant 'Union Carbide Corp', $1,500,000"
DOW,2024,34799.66,EPA ECHO ICIS-FE&C civil enforcement cases,https://echo.epa.gov/enforcement-case-report?id=06-2014-3400,2026-09-13,"5 case(s), $1,656,450 in 2020-2024 over mean revenue $47.6bn; largest: case 06-2014-3400 (2021), defendant 'Union Carbide Corp', $1,500,000"
DOW,2025,36342.43,EPA ECHO ICIS-FE&C civil enforcement cases,https://echo.epa.gov/enforcement-case-report?id=06-2014-3400,2026-09-13,"5 case(s), $1,740,250 in 2021-2025 over mean revenue $47.9bn; largest: case 06-2014-3400 (2021), defendant 'Union Carbide Corp', $1,500,000"
DPZ,2020,0.0,EPA ECHO ICIS-FE&C civil enforcement cases,https://echo.epa.gov/facilities/enforcement-case-search,2026-09-13,"no federal EPA civil penalty found under the company's name, former names or 10-K subsidiaries with a settlement in 2016-2020 (ECHO file retrieved 2026-09-13)"
DPZ,2021,0.0,EPA ECHO ICIS-FE&C civil enforcement cases,https://echo.epa.gov/facilities/enforcement-case-search,2026-09-13,"no federal EPA civil penalty found under the company's name, former names or 10-K subsidiaries with a settlement in 2017-2021 (ECHO file retrieved 2026-09-13)"
DPZ,2022,0.0,EPA ECHO ICIS-FE&C civil enforcement cases,https://echo.epa.gov/facilities/enforcement-case-search,2026-09-13,"no federal EPA civil penalty found under the company's name, former names or 10-K subsidiaries with a settlement in 2018-2022 (ECHO file retrieved 2026-09-13)"
DPZ,2023,0.0,EPA ECHO ICIS-FE&C civil enforcement cases,https://echo.epa.gov/facilities/enforcement-case-search,2026-09-13,"no federal EPA civil penalty found under the company's name, former names or 10-K subsidiaries with a settlement in 2019-2023 (ECHO file retrieved 2026-09-13)"
DPZ,2024,0.0,EPA ECHO ICIS-FE&C civil enforcement cases,https://echo.epa.gov/facilities/enforcement-case-search,2026-09-13,"no federal EPA civil penalty found under the company's name, former names or 10-K subsidiaries with a settlement in 2020-2024 (ECHO file retrieved 2026-09-13)"
DPZ,2025,0.0,EPA ECHO ICIS-FE&C civil enforcement cases,https://echo.epa.gov/facilities/enforcement-case-search,2026-09-13,"no federal EPA civil penalty found under the company's name, former names or 10-K subsidiaries with a settlement in 2021-2025 (ECHO file retrieved 2026-09-13)"
DRI,2020,0.0,EPA ECHO ICIS-FE&C civil enforcement cases,https://echo.epa.gov/facilities/enforcement-case-search,2026-09-13,"no federal EPA civil penalty found under the company's name, former names or 10-K subsidiaries with a settlement in 2016-2020 (ECHO file retrieved 2026-09-13)"
DRI,2021,0.0,EPA ECHO ICIS-FE&C civil enforcement cases,https://echo.epa.gov/facilities/enforcement-case-search,2026-09-13,"no federal EPA civil penalty found under the company's name, former names or 10-K subsidiaries with a settlement in 2017-2021 (ECHO file retrieved 2026-09-13)"
DRI,2022,0.0,EPA ECHO ICIS-FE&C civil enforcement cases,https://echo.epa.gov/facilities/enforcement-case-search,2026-09-13,"no federal EPA civil penalty found under the company's name, former names or 10-K subsidiaries with a settlement in 2018-2022 (ECHO file retrieved 2026-09-13)"
DRI,2023,0.0,EPA ECHO ICIS-FE&C civil enforcement cases,https://echo.epa.gov/facilities/enforcement-case-search,2026-09-13,"no federal EPA civil penalty found under the company's name, former names or 10-K subsidiaries with a settlement in 2019-2023 (ECHO file retrieved 2026-09-13)"
DRI,2024,0.0,EPA ECHO ICIS-FE&C civil enforcement cases,https://echo.epa.gov/facilities/enforcement-case-search,2026-09-13,"no federal EPA civil penalty found under the company's name, former names or 10-K subsidiaries with a settlement in 2020-2024 (ECHO file retrieved 2026-09-13)"
DRI,2025,0.0,EPA ECHO ICIS-FE&C civil enforcement cases,https://echo.epa.gov/facilities/enforcement-case-search,2026-09-13,"no federal EPA civil penalty found under the company's name, former names or 10-K subsidiaries with a settlement in 2021-2025 (ECHO file retrieved 2026-09-13)"
DTE,2020,0.0,EPA ECHO ICIS-FE&C civil enforcement cases,https://echo.epa.gov/facilities/enforcement-case-search,2026-09-13,"no federal EPA civil penalty found under the company's name, former names or 10-K subsidiaries with a settlement in 2016-2020 (ECHO file retrieved 2026-09-13)"
DTE,2021,0.0,EPA ECHO ICIS-FE&C civil enforcement cases,https://echo.epa.gov/facilities/enforcement-case-search,2026-09-13,"no federal EPA civil penalty found under the company's name, former names or 10-K subsidiaries with a settlement in 2017-2021 (ECHO file retrieved 2026-09-13)"
DTE,2022,0.0,EPA ECHO ICIS-FE&C civil enforcement cases,https://echo.epa.gov/facilities/enforcement-case-search,2026-09-13,"no federal EPA civil penalty found under the company's name, former names or 10-K subsidiaries with a settlement in 2018-2022 (ECHO file retrieved 2026-09-13)"
DTE,2023,0.0,EPA ECHO ICIS-FE&C civil enforcement cases,https://echo.epa.gov/facilities/enforcement-case-search,2026-09-13,"no federal EPA civil penalty found under the company's name, former names or 10-K subsidiaries with a settlement in 2019-2023 (ECHO file retrieved 2026-09-13)"
DTE,2024,2858.75,EPA ECHO ICIS-FE&C civil enforcement cases,https://echo.epa.gov/enforcement-case-report?id=05-2025-0300,2026-09-13,"1 case(s), $40,490 in 2020-2024 over mean revenue $14.2bn; largest: case 05-2025-0300 (2024), defendant 'DTE Electric', $40,490"
DTE,2025,2691.84,EPA ECHO ICIS-FE&C civil enforcement cases,https://echo.epa.gov/enforcement-case-report?id=05-2025-0300,2026-09-13,"1 case(s), $40,490 in 2021-2025 over mean revenue $15.0bn; largest: case 05-2025-0300 (2024), defendant 'DTE Electric', $40,490"
DUK,2020,0.0,EPA ECHO ICIS-FE&C civil enforcement cases,https://echo.epa.gov/facilities/enforcement-case-search,2026-09-13,"no federal EPA civil penalty found under the company's name, former names or 10-K subsidiaries with a settlement in 2016-2020 (ECHO file retrieved 2026-09-13)"
DUK,2021,0.0,EPA ECHO ICIS-FE&C civil enforcement cases,https://echo.epa.gov/facilities/enforcement-case-search,2026-09-13,"no federal EPA civil penalty found under the company's name, former names or 10-K subsidiaries with a settlement in 2017-2021 (ECHO file retrieved 2026-09-13)"
DUK,2022,0.0,EPA ECHO ICIS-FE&C civil enforcement cases,https://echo.epa.gov/facilities/enforcement-case-search,2026-09-13,"no federal EPA civil penalty found under the company's name, former names or 10-K subsidiaries with a settlement in 2018-2022 (ECHO file retrieved 2026-09-13)"
DUK,2023,0.0,EPA ECHO ICIS-FE&C civil enforcement cases,https://echo.epa.gov/facilities/enforcement-case-search,2026-09-13,"no federal EPA civil penalty found under the company's name, former names or 10-K subsidiaries with a settlement in 2019-2023 (ECHO file retrieved 2026-09-13)"
DUK,2024,0.0,EPA ECHO ICIS-FE&C civil enforcement cases,https://echo.epa.gov/facilities/enforcement-case-search,2026-09-13,"no federal EPA civil penalty found under the company's name, former names or 10-K subsidiaries with a settlement in 2020-2024 (ECHO file retrieved 2026-09-13)"
DUK,2025,0.0,EPA ECHO ICIS-FE&C civil enforcement cases,https://echo.epa.gov/facilities/enforcement-case-search,2026-09-13,"no federal EPA civil penalty found under the company's name, former names or 10-K subsidiaries with a settlement in 2021-2025 (ECHO file retrieved 2026-09-13)"
DVA,2020,0.0,EPA ECHO ICIS-FE&C civil enforcement cases,https://echo.epa.gov/facilities/enforcement-case-search,2026-09-13,"no federal EPA civil penalty found under the company's name, former names or 10-K subsidiaries with a settlement in 2016-2020 (ECHO file retrieved 2026-09-13)"
DVA,2021,0.0,EPA ECHO ICIS-FE&C civil enforcement cases,https://echo.epa.gov/facilities/enforcement-case-search,2026-09-13,"no federal EPA civil penalty found under the company's name, former names or 10-K subsidiaries with a settlement in 2017-2021 (ECHO file retrieved 2026-09-13)"
DVA,2022,0.0,EPA ECHO ICIS-FE&C civil enforcement cases,https://echo.epa.gov/facilities/enforcement-case-search,2026-09-13,"no federal EPA civil penalty found under the company's name, former names or 10-K subsidiaries with a settlement in 2018-2022 (ECHO file retrieved 2026-09-13)"
DVA,2023,0.0,EPA ECHO ICIS-FE&C civil enforcement cases,https://echo.epa.gov/facilities/enforcement-case-search,2026-09-13,"no federal EPA civil penalty found under the company's name, former names or 10-K subsidiaries with a settlement in 2019-2023 (ECHO file retrieved 2026-09-13)"
DVA,2024,0.0,EPA ECHO ICIS-FE&C civil enforcement cases,https://echo.epa.gov/facilities/enforcement-case-search,2026-09-13,"no federal EPA civil penalty found under the company's name, former names or 10-K subsidiaries with a settlement in 2020-2024 (ECHO file retrieved 2026-09-13)"
DVA,2025,0.0,EPA ECHO ICIS-FE&C civil enforcement cases,https://echo.epa.gov/facilities/enforcement-case-search,2026-09-13,"no federal EPA civil penalty found under the company's name, former names or 10-K subsidiaries with a settlement in 2021-2025 (ECHO file retrieved 2026-09-13)"
DVN,2020,0.0,EPA ECHO ICIS-FE&C civil enforcement cases,https://echo.epa.gov/facilities/enforcement-case-search,2026-09-13,"no federal EPA civil penalty found under the company's name, former names or 10-K subsidiaries with a settlement in 2016-2020 (ECHO file retrieved 2026-09-13)"
DVN,2021,0.0,EPA ECHO ICIS-FE&C civil enforcement cases,https://echo.epa.gov/facilities/enforcement-case-search,2026-09-13,"no federal EPA civil penalty found under the company's name, former names or 10-K subsidiaries with a settlement in 2017-2021 (ECHO file retrieved 2026-09-13)"
DVN,2022,0.0,EPA ECHO ICIS-FE&C civil enforcement cases,https://echo.epa.gov/facilities/enforcement-case-search,2026-09-13,"no federal EPA civil penalty found under the company's name, former names or 10-K subsidiaries with a settlement in 2018-2022 (ECHO file retrieved 2026-09-13)"
DVN,2023,0.0,EPA ECHO ICIS-FE&C civil enforcement cases,https://echo.epa.gov/facilities/enforcement-case-search,2026-09-13,"no federal EPA civil penalty found under the company's name, former names or 10-K subsidiaries with a settlement in 2019-2023 (ECHO file retrieved 2026-09-13)"
DVN,2024,0.0,EPA ECHO ICIS-FE&C civil enforcement cases,https://echo.epa.gov/facilities/enforcement-case-search,2026-09-13,"no federal EPA civil penalty found under the company's name, former names or 10-K subsidiaries with a settlement in 2020-2024 (ECHO file retrieved 2026-09-13)"
DVN,2025,0.0,EPA ECHO ICIS-FE&C civil enforcement cases,https://echo.epa.gov/facilities/enforcement-case-search,2026-09-13,"no federal EPA civil penalty found under the company's name, former names or 10-K subsidiaries with a settlement in 2021-2025 (ECHO file retrieved 2026-09-13)"
DXCM,2020,0.0,EPA ECHO ICIS-FE&C civil enforcement cases,https://echo.epa.gov/facilities/enforcement-case-search,2026-09-13,"no federal EPA civil penalty found under the company's name, former names or 10-K subsidiaries with a settlement in 2016-2020 (ECHO file retrieved 2026-09-13)"
DXCM,2021,0.0,EPA ECHO ICIS-FE&C civil enforcement cases,https://echo.epa.gov/facilities/enforcement-case-search,2026-09-13,"no federal EPA civil penalty found under the company's name, former names or 10-K subsidiaries with a settlement in 2017-2021 (ECHO file retrieved 2026-09-13)"
DXCM,2022,0.0,EPA ECHO ICIS-FE&C civil enforcement cases,https://echo.epa.gov/facilities/enforcement-case-search,2026-09-13,"no federal EPA civil penalty found under the company's name, former names or 10-K subsidiaries with a settlement in 2018-2022 (ECHO file retrieved 2026-09-13)"
DXCM,2023,0.0,EPA ECHO ICIS-FE&C civil enforcement cases,https://echo.epa.gov/facilities/enforcement-case-search,2026-09-13,"no federal EPA civil penalty found under the company's name, former names or 10-K subsidiaries with a settlement in 2019-2023 (ECHO file retrieved 2026-09-13)"
DXCM,2024,0.0,EPA ECHO ICIS-FE&C civil enforcement cases,https://echo.epa.gov/facilities/enforcement-case-search,2026-09-13,"no federal EPA civil penalty found under the company's name, former names or 10-K subsidiaries with a settlement in 2020-2024 (ECHO file retrieved 2026-09-13)"
DXCM,2025,0.0,EPA ECHO ICIS-FE&C civil enforcement cases,https://echo.epa.gov/facilities/enforcement-case-search,2026-09-13,"no federal EPA civil penalty found under the company's name, former names or 10-K subsidiaries with a settlement in 2021-2025 (ECHO file retrieved 2026-09-13)"
EBAY,2020,0.0,EPA ECHO ICIS-FE&C civil enforcement cases,https://echo.epa.gov/facilities/enforcement-case-search,2026-09-13,"no federal EPA civil penalty found under the company's name, former names or 10-K subsidiaries with a settlement in 2016-2020 (ECHO file retrieved 2026-09-13)"
EBAY,2021,0.0,EPA ECHO ICIS-FE&C civil enforcement cases,https://echo.epa.gov/facilities/enforcement-case-search,2026-09-13,"no federal EPA civil penalty found under the company's name, former names or 10-K subsidiaries with a settlement in 2017-2021 (ECHO file retrieved 2026-09-13)"
EBAY,2022,0.0,EPA ECHO ICIS-FE&C civil enforcement cases,https://echo.epa.gov/facilities/enforcement-case-search,2026-09-13,"no federal EPA civil penalty found under the company's name, former names or 10-K subsidiaries with a settlement in 2018-2022 (ECHO file retrieved 2026-09-13)"
EBAY,2023,0.0,EPA ECHO ICIS-FE&C civil enforcement cases,https://echo.epa.gov/facilities/enforcement-case-search,2026-09-13,"no federal EPA civil penalty found under the company's name, former names or 10-K subsidiaries with a settlement in 2019-2023 (ECHO file retrieved 2026-09-13)"
EBAY,2024,0.0,EPA ECHO ICIS-FE&C civil enforcement cases,https://echo.epa.gov/facilities/enforcement-case-search,2026-09-13,"no federal EPA civil penalty found under the company's name, former names or 10-K subsidiaries with a settlement in 2020-2024 (ECHO file retrieved 2026-09-13)"
EBAY,2025,0.0,EPA ECHO ICIS-FE&C civil enforcement cases,https://echo.epa.gov/facilities/enforcement-case-search,2026-09-13,"no federal EPA civil penalty found under the company's name, former names or 10-K subsidiaries with a settlement in 2021-2025 (ECHO file retrieved 2026-09-13)"
ECHO,2020,0.0,EPA ECHO ICIS-FE&C civil enforcement cases,https://echo.epa.gov/facilities/enforcement-case-search,2026-09-13,"no federal EPA civil penalty found under the company's name, former names or 10-K subsidiaries with a settlement in 2016-2020 (ECHO file retrieved 2026-09-13)"
ECHO,2021,0.0,EPA ECHO ICIS-FE&C civil enforcement cases,https://echo.epa.gov/facilities/enforcement-case-search,2026-09-13,"no federal EPA civil penalty found under the company's name, former names or 10-K subsidiaries with a settlement in 2017-2021 (ECHO file retrieved 2026-09-13)"
ECHO,2022,0.0,EPA ECHO ICIS-FE&C civil enforcement cases,https://echo.epa.gov/facilities/enforcement-case-search,2026-09-13,"no federal EPA civil penalty found under the company's name, former names or 10-K subsidiaries with a settlement in 2018-2022 (ECHO file retrieved 2026-09-13)"
ECHO,2023,0.0,EPA ECHO ICIS-FE&C civil enforcement cases,https://echo.epa.gov/facilities/enforcement-case-search,2026-09-13,"no federal EPA civil penalty found under the company's name, former names or 10-K subsidiaries with a settlement in 2019-2023 (ECHO file retrieved 2026-09-13)"
ECHO,2024,0.0,EPA ECHO ICIS-FE&C civil enforcement cases,https://echo.epa.gov/facilities/enforcement-case-search,2026-09-13,"no federal EPA civil penalty found under the company's name, former names or 10-K subsidiaries with a settlement in 2020-2024 (ECHO file retrieved 2026-09-13)"
ECHO,2025,0.0,EPA ECHO ICIS-FE&C civil enforcement cases,https://echo.epa.gov/facilities/enforcement-case-search,2026-09-13,"no federal EPA civil penalty found under the company's name, former names or 10-K subsidiaries with a settlement in 2021-2025 (ECHO file retrieved 2026-09-13)"
ECL,2020,0.0,EPA ECHO ICIS-FE&C civil enforcement cases,https://echo.epa.gov/facilities/enforcement-case-search,2026-09-13,"no federal EPA civil penalty found under the company's name, former names or 10-K subsidiaries with a settlement in 2016-2020 (ECHO file retrieved 2026-09-13)"
ECL,2021,19848.2,EPA ECHO ICIS-FE&C civil enforcement cases,https://echo.epa.gov/enforcement-case-report?id=10-2021-0203,2026-09-13,"3 case(s), $241,507 in 2017-2021 over mean revenue $12.2bn; largest: case 10-2021-0203 (2021), defendant 'ECOLAB, INC', $180,000"
ECL,2022,19017.74,EPA ECHO ICIS-FE&C civil enforcement cases,https://echo.epa.gov/enforcement-case-report?id=10-2021-0203,2026-09-13,"3 case(s), $241,507 in 2018-2022 over mean revenue $12.7bn; largest: case 10-2021-0203 (2021), defendant 'ECOLAB, INC', $180,000"
ECL,2023,18132.98,EPA ECHO ICIS-FE&C civil enforcement cases,https://echo.epa.gov/enforcement-case-report?id=10-2021-0203,2026-09-13,"3 case(s), $241,507 in 2019-2023 over mean revenue $13.3bn; largest: case 10-2021-0203 (2021), defendant 'ECOLAB, INC', $180,000"
ECL,2024,17485.85,EPA ECHO ICIS-FE&C civil enforcement cases,https://echo.epa.gov/enforcement-case-report?id=10-2021-0203,2026-09-13,"4 case(s), $244,007 in 2020-2024 over mean revenue $14.0bn; largest: case 10-2021-0203 (2021), defendant 'ECOLAB, INC', $180,000"
ECL,2025,16472.78,EPA ECHO ICIS-FE&C civil enforcement cases,https://echo.epa.gov/enforcement-case-report?id=10-2021-0203,2026-09-13,"4 case(s), $244,007 in 2021-2025 over mean revenue $14.8bn; largest: case 10-2021-0203 (2021), defendant 'ECOLAB, INC', $180,000"
ED,2020,0.0,EPA ECHO ICIS-FE&C civil enforcement cases,https://echo.epa.gov/facilities/enforcement-case-search,2026-09-13,"no federal EPA civil penalty found under the company's name, former names or 10-K subsidiaries with a settlement in 2016-2020 (ECHO file retrieved 2026-09-13)"
ED,2021,0.0,EPA ECHO ICIS-FE&C civil enforcement cases,https://echo.epa.gov/facilities/enforcement-case-search,2026-09-13,"no federal EPA civil penalty found under the company's name, former names or 10-K subsidiaries with a settlement in 2017-2021 (ECHO file retrieved 2026-09-13)"
ED,2022,0.0,EPA ECHO ICIS-FE&C civil enforcement cases,https://echo.epa.gov/facilities/enforcement-case-search,2026-09-13,"no federal EPA civil penalty found under the company's name, former names or 10-K subsidiaries with a settlement in 2018-2022 (ECHO file retrieved 2026-09-13)"
ED,2023,0.0,EPA ECHO ICIS-FE&C civil enforcement cases,https://echo.epa.gov/facilities/enforcement-case-search,2026-09-13,"no federal EPA civil penalty found under the company's name, former names or 10-K subsidiaries with a settlement in 2019-2023 (ECHO file retrieved 2026-09-13)"
ED,2024,0.0,EPA ECHO ICIS-FE&C civil enforcement cases,https://echo.epa.gov/facilities/enforcement-case-search,2026-09-13,"no federal EPA civil penalty found under the company's name, former names or 10-K subsidiaries with a settlement in 2020-2024 (ECHO file retrieved 2026-09-13)"
ED,2025,0.0,EPA ECHO ICIS-FE&C civil enforcement cases,https://echo.epa.gov/facilities/enforcement-case-search,2026-09-13,"no federal EPA civil penalty found under the company's name, former names or 10-K subsidiaries with a settlement in 2021-2025 (ECHO file retrieved 2026-09-13)"
EFX,2020,0.0,EPA ECHO ICIS-FE&C civil enforcement cases,https://echo.epa.gov/facilities/enforcement-case-search,2026-09-13,"no federal EPA civil penalty found under the company's name, former names or 10-K subsidiaries with a settlement in 2016-2020 (ECHO file retrieved 2026-09-13)"
EFX,2021,0.0,EPA ECHO ICIS-FE&C civil enforcement cases,https://echo.epa.gov/facilities/enforcement-case-search,2026-09-13,"no federal EPA civil penalty found under the company's name, former names or 10-K subsidiaries with a settlement in 2017-2021 (ECHO file retrieved 2026-09-13)"
EFX,2022,0.0,EPA ECHO ICIS-FE&C civil enforcement cases,https://echo.epa.gov/facilities/enforcement-case-search,2026-09-13,"no federal EPA civil penalty found under the company's name, former names or 10-K subsidiaries with a settlement in 2018-2022 (ECHO file retrieved 2026-09-13)"
EFX,2023,0.0,EPA ECHO ICIS-FE&C civil enforcement cases,https://echo.epa.gov/facilities/enforcement-case-search,2026-09-13,"no federal EPA civil penalty found under the company's name, former names or 10-K subsidiaries with a settlement in 2019-2023 (ECHO file retrieved 2026-09-13)"
EFX,2024,0.0,EPA ECHO ICIS-FE&C civil enforcement cases,https://echo.epa.gov/facilities/enforcement-case-search,2026-09-13,"no federal EPA civil penalty found under the company's name, former names or 10-K subsidiaries with a settlement in 2020-2024 (ECHO file retrieved 2026-09-13)"
EFX,2025,0.0,EPA ECHO ICIS-FE&C civil enforcement cases,https://echo.epa.gov/facilities/enforcement-case-search,2026-09-13,"no federal EPA civil penalty found under the company's name, former names or 10-K subsidiaries with a settlement in 2021-2025 (ECHO file retrieved 2026-09-13)"
EG,2020,0.0,EPA ECHO ICIS-FE&C civil enforcement cases,https://echo.epa.gov/facilities/enforcement-case-search,2026-09-13,"no federal EPA civil penalty found under the company's name, former names or 10-K subsidiaries with a settlement in 2016-2020 (ECHO file retrieved 2026-09-13)"
EG,2021,0.0,EPA ECHO ICIS-FE&C civil enforcement cases,https://echo.epa.gov/facilities/enforcement-case-search,2026-09-13,"no federal EPA civil penalty found under the company's name, former names or 10-K subsidiaries with a settlement in 2017-2021 (ECHO file retrieved 2026-09-13)"
EG,2022,0.0,EPA ECHO ICIS-FE&C civil enforcement cases,https://echo.epa.gov/facilities/enforcement-case-search,2026-09-13,"no federal EPA civil penalty found under the company's name, former names or 10-K subsidiaries with a settlement in 2018-2022 (ECHO file retrieved 2026-09-13)"
EG,2023,0.0,EPA ECHO ICIS-FE&C civil enforcement cases,https://echo.epa.gov/facilities/enforcement-case-search,2026-09-13,"no federal EPA civil penalty found under the company's name, former names or 10-K subsidiaries with a settlement in 2019-2023 (ECHO file retrieved 2026-09-13)"
EG,2024,0.0,EPA ECHO ICIS-FE&C civil enforcement cases,https://echo.epa.gov/facilities/enforcement-case-search,2026-09-13,"no federal EPA civil penalty found under the company's name, former names or 10-K subsidiaries with a settlement in 2020-2024 (ECHO file retrieved 2026-09-13)"
EG,2025,0.0,EPA ECHO ICIS-FE&C civil enforcement cases,https://echo.epa.gov/facilities/enforcement-case-search,2026-09-13,"no federal EPA civil penalty found under the company's name, former names or 10-K subsidiaries with a settlement in 2021-2025 (ECHO file retrieved 2026-09-13)"
EIX,2020,3116.65,EPA ECHO ICIS-FE&C civil enforcement cases,https://echo.epa.gov/enforcement-case-report?id=09-2016-5007,2026-09-13,"1 case(s), $39,127 in 2016-2020 over mean revenue $12.6bn; largest: case 09-2016-5007 (2016), defendant 'Southern California Edison', $39,127"
EIX,2021,0.0,EPA ECHO ICIS-FE&C civil enforcement cases,https://echo.epa.gov/facilities/enforcement-case-search,2026-09-13,"no federal EPA civil penalty found under the company's name, former names or 10-K subsidiaries with a settlement in 2017-2021 (ECHO file retrieved 2026-09-13)"
EIX,2022,0.0,EPA ECHO ICIS-FE&C civil enforcement cases,https://echo.epa.gov/facilities/enforcement-case-search,2026-09-13,"no federal EPA civil penalty found under the company's name, former names or 10-K subsidiaries with a settlement in 2018-2022 (ECHO file retrieved 2026-09-13)"
EIX,2023,0.0,EPA ECHO ICIS-FE&C civil enforcement cases,https://echo.epa.gov/facilities/enforcement-case-search,2026-09-13,"no federal EPA civil penalty found under the company's name, former names or 10-K subsidiaries with a settlement in 2019-2023 (ECHO file retrieved 2026-09-13)"
EIX,2024,0.0,EPA ECHO ICIS-FE&C civil enforcement cases,https://echo.epa.gov/facilities/enforcement-case-search,2026-09-13,"no federal EPA civil penalty found under the company's name, former names or 10-K subsidiaries with a settlement in 2020-2024 (ECHO file retrieved 2026-09-13)"
EIX,2025,0.0,EPA ECHO ICIS-FE&C civil enforcement cases,https://echo.epa.gov/facilities/enforcement-case-search,2026-09-13,"no federal EPA civil penalty found under the company's name, former names or 10-K subsidiaries with a settlement in 2021-2025 (ECHO file retrieved 2026-09-13)"
EL,2020,0.0,EPA ECHO ICIS-FE&C civil enforcement cases,https://echo.epa.gov/facilities/enforcement-case-search,2026-09-13,"no federal EPA civil penalty found under the company's name, former names or 10-K subsidiaries with a settlement in 2016-2020 (ECHO file retrieved 2026-09-13)"
EL,2021,0.0,EPA ECHO ICIS-FE&C civil enforcement cases,https://echo.epa.gov/facilities/enforcement-case-search,2026-09-13,"no federal EPA civil penalty found under the company's name, former names or 10-K subsidiaries with a settlement in 2017-2021 (ECHO file retrieved 2026-09-13)"
EL,2022,0.0,EPA ECHO ICIS-FE&C civil enforcement cases,https://echo.epa.gov/facilities/enforcement-case-search,2026-09-13,"no federal EPA civil penalty found under the company's name, former names or 10-K subsidiaries with a settlement in 2018-2022 (ECHO file retrieved 2026-09-13)"
EL,2023,0.0,EPA ECHO ICIS-FE&C civil enforcement cases,https://echo.epa.gov/facilities/enforcement-case-search,2026-09-13,"no federal EPA civil penalty found under the company's name, former names or 10-K subsidiaries with a settlement in 2019-2023 (ECHO file retrieved 2026-09-13)"
EL,2024,0.0,EPA ECHO ICIS-FE&C civil enforcement cases,https://echo.epa.gov/facilities/enforcement-case-search,2026-09-13,"no federal EPA civil penalty found under the company's name, former names or 10-K subsidiaries with a settlement in 2020-2024 (ECHO file retrieved 2026-09-13)"
EL,2025,0.0,EPA ECHO ICIS-FE&C civil enforcement cases,https://echo.epa.gov/facilities/enforcement-case-search,2026-09-13,"no federal EPA civil penalty found under the company's name, former names or 10-K subsidiaries with a settlement in 2021-2025 (ECHO file retrieved 2026-09-13)"
ELV,2020,0.0,EPA ECHO ICIS-FE&C civil enforcement cases,https://echo.epa.gov/facilities/enforcement-case-search,2026-09-13,"no federal EPA civil penalty found under the company's name, former names or 10-K subsidiaries with a settlement in 2016-2020 (ECHO file retrieved 2026-09-13)"
ELV,2021,0.0,EPA ECHO ICIS-FE&C civil enforcement cases,https://echo.epa.gov/facilities/enforcement-case-search,2026-09-13,"no federal EPA civil penalty found under the company's name, former names or 10-K subsidiaries with a settlement in 2017-2021 (ECHO file retrieved 2026-09-13)"
ELV,2022,0.0,EPA ECHO ICIS-FE&C civil enforcement cases,https://echo.epa.gov/facilities/enforcement-case-search,2026-09-13,"no federal EPA civil penalty found under the company's name, former names or 10-K subsidiaries with a settlement in 2018-2022 (ECHO file retrieved 2026-09-13)"
ELV,2023,0.0,EPA ECHO ICIS-FE&C civil enforcement cases,https://echo.epa.gov/facilities/enforcement-case-search,2026-09-13,"no federal EPA civil penalty found under the company's name, former names or 10-K subsidiaries with a settlement in 2019-2023 (ECHO file retrieved 2026-09-13)"
ELV,2024,0.0,EPA ECHO ICIS-FE&C civil enforcement cases,https://echo.epa.gov/facilities/enforcement-case-search,2026-09-13,"no federal EPA civil penalty found under the company's name, former names or 10-K subsidiaries with a settlement in 2020-2024 (ECHO file retrieved 2026-09-13)"
ELV,2025,0.0,EPA ECHO ICIS-FE&C civil enforcement cases,https://echo.epa.gov/facilities/enforcement-case-search,2026-09-13,"no federal EPA civil penalty found under the company's name, former names or 10-K subsidiaries with a settlement in 2021-2025 (ECHO file retrieved 2026-09-13)"
EME,2020,0.0,EPA ECHO ICIS-FE&C civil enforcement cases,https://echo.epa.gov/facilities/enforcement-case-search,2026-09-13,"no federal EPA civil penalty found under the company's name, former names or 10-K subsidiaries with a settlement in 2016-2020 (ECHO file retrieved 2026-09-13)"
EME,2021,0.0,EPA ECHO ICIS-FE&C civil enforcement cases,https://echo.epa.gov/facilities/enforcement-case-search,2026-09-13,"no federal EPA civil penalty found under the company's name, former names or 10-K subsidiaries with a settlement in 2017-2021 (ECHO file retrieved 2026-09-13)"
EME,2022,0.0,EPA ECHO ICIS-FE&C civil enforcement cases,https://echo.epa.gov/facilities/enforcement-case-search,2026-09-13,"no federal EPA civil penalty found under the company's name, former names or 10-K subsidiaries with a settlement in 2018-2022 (ECHO file retrieved 2026-09-13)"
EME,2023,0.0,EPA ECHO ICIS-FE&C civil enforcement cases,https://echo.epa.gov/facilities/enforcement-case-search,2026-09-13,"no federal EPA civil penalty found under the company's name, former names or 10-K subsidiaries with a settlement in 2019-2023 (ECHO file retrieved 2026-09-13)"
EME,2024,0.0,EPA ECHO ICIS-FE&C civil enforcement cases,https://echo.epa.gov/facilities/enforcement-case-search,2026-09-13,"no federal EPA civil penalty found under the company's name, former names or 10-K subsidiaries with a settlement in 2020-2024 (ECHO file retrieved 2026-09-13)"
EME,2025,0.0,EPA ECHO ICIS-FE&C civil enforcement cases,https://echo.epa.gov/facilities/enforcement-case-search,2026-09-13,"no federal EPA civil penalty found under the company's name, former names or 10-K subsidiaries with a settlement in 2021-2025 (ECHO file retrieved 2026-09-13)"
EMR,2020,0.0,EPA ECHO ICIS-FE&C civil enforcement cases,https://echo.epa.gov/facilities/enforcement-case-search,2026-09-13,"no federal EPA civil penalty found under the company's name, former names or 10-K subsidiaries with a settlement in 2016-2020 (ECHO file retrieved 2026-09-13)"
EMR,2021,0.0,EPA ECHO ICIS-FE&C civil enforcement cases,https://echo.epa.gov/facilities/enforcement-case-search,2026-09-13,"no federal EPA civil penalty found under the company's name, former names or 10-K subsidiaries with a settlement in 2017-2021 (ECHO file retrieved 2026-09-13)"
EMR,2022,0.0,EPA ECHO ICIS-FE&C civil enforcement cases,https://echo.epa.gov/facilities/enforcement-case-search,2026-09-13,"no federal EPA civil penalty found under the company's name, former names or 10-K subsidiaries with a settlement in 2018-2022 (ECHO file retrieved 2026-09-13)"
EMR,2023,0.0,EPA ECHO ICIS-FE&C civil enforcement cases,https://echo.epa.gov/facilities/enforcement-case-search,2026-09-13,"no federal EPA civil penalty found under the company's name, former names or 10-K subsidiaries with a settlement in 2019-2023 (ECHO file retrieved 2026-09-13)"
EMR,2024,0.0,EPA ECHO ICIS-FE&C civil enforcement cases,https://echo.epa.gov/facilities/enforcement-case-search,2026-09-13,"no federal EPA civil penalty found under the company's name, former names or 10-K subsidiaries with a settlement in 2020-2024 (ECHO file retrieved 2026-09-13)"
EMR,2025,0.0,EPA ECHO ICIS-FE&C civil enforcement cases,https://echo.epa.gov/facilities/enforcement-case-search,2026-09-13,"no federal EPA civil penalty found under the company's name, former names or 10-K subsidiaries with a settlement in 2021-2025 (ECHO file retrieved 2026-09-13)"
EOG,2020,0.0,EPA ECHO ICIS-FE&C civil enforcement cases,https://echo.epa.gov/facilities/enforcement-case-search,2026-09-13,"no federal EPA civil penalty found under the company's name, former names or 10-K subsidiaries with a settlement in 2016-2020 (ECHO file retrieved 2026-09-13)"
EOG,2021,0.0,EPA ECHO ICIS-FE&C civil enforcement cases,https://echo.epa.gov/facilities/enforcement-case-search,2026-09-13,"no federal EPA civil penalty found under the company's name, former names or 10-K subsidiaries with a settlement in 2017-2021 (ECHO file retrieved 2026-09-13)"
EOG,2022,0.0,EPA ECHO ICIS-FE&C civil enforcement cases,https://echo.epa.gov/facilities/enforcement-case-search,2026-09-13,"no federal EPA civil penalty found under the company's name, former names or 10-K subsidiaries with a settlement in 2018-2022 (ECHO file retrieved 2026-09-13)"
EOG,2023,0.0,EPA ECHO ICIS-FE&C civil enforcement cases,https://echo.epa.gov/facilities/enforcement-case-search,2026-09-13,"no federal EPA civil penalty found under the company's name, former names or 10-K subsidiaries with a settlement in 2019-2023 (ECHO file retrieved 2026-09-13)"
EOG,2024,0.0,EPA ECHO ICIS-FE&C civil enforcement cases,https://echo.epa.gov/facilities/enforcement-case-search,2026-09-13,"no federal EPA civil penalty found under the company's name, former names or 10-K subsidiaries with a settlement in 2020-2024 (ECHO file retrieved 2026-09-13)"
EOG,2025,17956.64,EPA ECHO ICIS-FE&C civil enforcement cases,https://echo.epa.gov/enforcement-case-report?id=06-2025-3303,2026-09-13,"1 case(s), $412,500 in 2021-2025 over mean revenue $23.0bn; largest: case 06-2025-3303 (2025), defendant 'EOG Resources Inc', $412,500"
EQIX,2020,0.0,EPA ECHO ICIS-FE&C civil enforcement cases,https://echo.epa.gov/facilities/enforcement-case-search,2026-09-13,"no federal EPA civil penalty found under the company's name, former names or 10-K subsidiaries with a settlement in 2016-2020 (ECHO file retrieved 2026-09-13)"
EQIX,2021,0.0,EPA ECHO ICIS-FE&C civil enforcement cases,https://echo.epa.gov/facilities/enforcement-case-search,2026-09-13,"no federal EPA civil penalty found under the company's name, former names or 10-K subsidiaries with a settlement in 2017-2021 (ECHO file retrieved 2026-09-13)"
EQIX,2022,0.0,EPA ECHO ICIS-FE&C civil enforcement cases,https://echo.epa.gov/facilities/enforcement-case-search,2026-09-13,"no federal EPA civil penalty found under the company's name, former names or 10-K subsidiaries with a settlement in 2018-2022 (ECHO file retrieved 2026-09-13)"
EQIX,2023,0.0,EPA ECHO ICIS-FE&C civil enforcement cases,https://echo.epa.gov/facilities/enforcement-case-search,2026-09-13,"no federal EPA civil penalty found under the company's name, former names or 10-K subsidiaries with a settlement in 2019-2023 (ECHO file retrieved 2026-09-13)"
EQIX,2024,0.0,EPA ECHO ICIS-FE&C civil enforcement cases,https://echo.epa.gov/facilities/enforcement-case-search,2026-09-13,"no federal EPA civil penalty found under the company's name, former names or 10-K subsidiaries with a settlement in 2020-2024 (ECHO file retrieved 2026-09-13)"
EQIX,2025,0.0,EPA ECHO ICIS-FE&C civil enforcement cases,https://echo.epa.gov/facilities/enforcement-case-search,2026-09-13,"no federal EPA civil penalty found under the company's name, former names or 10-K subsidiaries with a settlement in 2021-2025 (ECHO file retrieved 2026-09-13)"
EQT,2020,0.0,EPA ECHO ICIS-FE&C civil enforcement cases,https://echo.epa.gov/facilities/enforcement-case-search,2026-09-13,"no federal EPA civil penalty found under the company's name, former names or 10-K subsidiaries with a settlement in 2016-2020 (ECHO file retrieved 2026-09-13)"
EQT,2021,0.0,EPA ECHO ICIS-FE&C civil enforcement cases,https://echo.epa.gov/facilities/enforcement-case-search,2026-09-13,"no federal EPA civil penalty found under the company's name, former names or 10-K subsidiaries with a settlement in 2017-2021 (ECHO file retrieved 2026-09-13)"
EQT,2022,0.0,EPA ECHO ICIS-FE&C civil enforcement cases,https://echo.epa.gov/facilities/enforcement-case-search,2026-09-13,"no federal EPA civil penalty found under the company's name, former names or 10-K subsidiaries with a settlement in 2018-2022 (ECHO file retrieved 2026-09-13)"
EQT,2023,0.0,EPA ECHO ICIS-FE&C civil enforcement cases,https://echo.epa.gov/facilities/enforcement-case-search,2026-09-13,"no federal EPA civil penalty found under the company's name, former names or 10-K subsidiaries with a settlement in 2019-2023 (ECHO file retrieved 2026-09-13)"
EQT,2024,0.0,EPA ECHO ICIS-FE&C civil enforcement cases,https://echo.epa.gov/facilities/enforcement-case-search,2026-09-13,"no federal EPA civil penalty found under the company's name, former names or 10-K subsidiaries with a settlement in 2020-2024 (ECHO file retrieved 2026-09-13)"
EQT,2025,0.0,EPA ECHO ICIS-FE&C civil enforcement cases,https://echo.epa.gov/facilities/enforcement-case-search,2026-09-13,"no federal EPA civil penalty found under the company's name, former names or 10-K subsidiaries with a settlement in 2021-2025 (ECHO file retrieved 2026-09-13)"
ERIE,2020,0.0,EPA ECHO ICIS-FE&C civil enforcement cases,https://echo.epa.gov/facilities/enforcement-case-search,2026-09-13,"no federal EPA civil penalty found under the company's name, former names or 10-K subsidiaries with a settlement in 2016-2020 (ECHO file retrieved 2026-09-13)"
ERIE,2021,0.0,EPA ECHO ICIS-FE&C civil enforcement cases,https://echo.epa.gov/facilities/enforcement-case-search,2026-09-13,"no federal EPA civil penalty found under the company's name, former names or 10-K subsidiaries with a settlement in 2017-2021 (ECHO file retrieved 2026-09-13)"
ERIE,2022,0.0,EPA ECHO ICIS-FE&C civil enforcement cases,https://echo.epa.gov/facilities/enforcement-case-search,2026-09-13,"no federal EPA civil penalty found under the company's name, former names or 10-K subsidiaries with a settlement in 2018-2022 (ECHO file retrieved 2026-09-13)"
ERIE,2023,0.0,EPA ECHO ICIS-FE&C civil enforcement cases,https://echo.epa.gov/facilities/enforcement-case-search,2026-09-13,"no federal EPA civil penalty found under the company's name, former names or 10-K subsidiaries with a settlement in 2019-2023 (ECHO file retrieved 2026-09-13)"
ERIE,2024,0.0,EPA ECHO ICIS-FE&C civil enforcement cases,https://echo.epa.gov/facilities/enforcement-case-search,2026-09-13,"no federal EPA civil penalty found under the company's name, former names or 10-K subsidiaries with a settlement in 2020-2024 (ECHO file retrieved 2026-09-13)"
ERIE,2025,0.0,EPA ECHO ICIS-FE&C civil enforcement cases,https://echo.epa.gov/facilities/enforcement-case-search,2026-09-13,"no federal EPA civil penalty found under the company's name, former names or 10-K subsidiaries with a settlement in 2021-2025 (ECHO file retrieved 2026-09-13)"
ES,2020,5694.18,EPA ECHO ICIS-FE&C civil enforcement cases,https://echo.epa.gov/enforcement-case-report?id=01-2016-7009,2026-09-13,"1 case(s), $47,000 in 2016-2020 over mean revenue $8.3bn; largest: case 01-2016-7009 (2016), defendant 'EVERSOURCE ENERGY', $47,000"
ES,2021,0.0,EPA ECHO ICIS-FE&C civil enforcement cases,https://echo.epa.gov/facilities/enforcement-case-search,2026-09-13,"no federal EPA civil penalty found under the company's name, former names or 10-K subsidiaries with a settlement in 2017-2021 (ECHO file retrieved 2026-09-13)"
ES,2022,0.0,EPA ECHO ICIS-FE&C civil enforcement cases,https://echo.epa.gov/facilities/enforcement-case-search,2026-09-13,"no federal EPA civil penalty found under the company's name, former names or 10-K subsidiaries with a settlement in 2018-2022 (ECHO file retrieved 2026-09-13)"
ES,2023,0.0,EPA ECHO ICIS-FE&C civil enforcement cases,https://echo.epa.gov/facilities/enforcement-case-search,2026-09-13,"no federal EPA civil penalty found under the company's name, former names or 10-K subsidiaries with a settlement in 2019-2023 (ECHO file retrieved 2026-09-13)"
ES,2024,0.0,EPA ECHO ICIS-FE&C civil enforcement cases,https://echo.epa.gov/facilities/enforcement-case-search,2026-09-13,"no federal EPA civil penalty found under the company's name, former names or 10-K subsidiaries with a settlement in 2020-2024 (ECHO file retrieved 2026-09-13)"
ES,2025,0.0,EPA ECHO ICIS-FE&C civil enforcement cases,https://echo.epa.gov/facilities/enforcement-case-search,2026-09-13,"no federal EPA civil penalty found under the company's name, former names or 10-K subsidiaries with a settlement in 2021-2025 (ECHO file retrieved 2026-09-13)"
ESS,2020,0.0,EPA ECHO ICIS-FE&C civil enforcement cases,https://echo.epa.gov/facilities/enforcement-case-search,2026-09-13,"no federal EPA civil penalty found under the company's name, former names or 10-K subsidiaries with a settlement in 2016-2020 (ECHO file retrieved 2026-09-13)"
ESS,2021,0.0,EPA ECHO ICIS-FE&C civil enforcement cases,https://echo.epa.gov/facilities/enforcement-case-search,2026-09-13,"no federal EPA civil penalty found under the company's name, former names or 10-K subsidiaries with a settlement in 2017-2021 (ECHO file retrieved 2026-09-13)"
ESS,2022,0.0,EPA ECHO ICIS-FE&C civil enforcement cases,https://echo.epa.gov/facilities/enforcement-case-search,2026-09-13,"no federal EPA civil penalty found under the company's name, former names or 10-K subsidiaries with a settlement in 2018-2022 (ECHO file retrieved 2026-09-13)"
ESS,2023,0.0,EPA ECHO ICIS-FE&C civil enforcement cases,https://echo.epa.gov/facilities/enforcement-case-search,2026-09-13,"no federal EPA civil penalty found under the company's name, former names or 10-K subsidiaries with a settlement in 2019-2023 (ECHO file retrieved 2026-09-13)"
ESS,2024,0.0,EPA ECHO ICIS-FE&C civil enforcement cases,https://echo.epa.gov/facilities/enforcement-case-search,2026-09-13,"no federal EPA civil penalty found under the company's name, former names or 10-K subsidiaries with a settlement in 2020-2024 (ECHO file retrieved 2026-09-13)"
ESS,2025,0.0,EPA ECHO ICIS-FE&C civil enforcement cases,https://echo.epa.gov/facilities/enforcement-case-search,2026-09-13,"no federal EPA civil penalty found under the company's name, former names or 10-K subsidiaries with a settlement in 2021-2025 (ECHO file retrieved 2026-09-13)"
ETN,2020,11.51,EPA ECHO ICIS-FE&C civil enforcement cases,https://echo.epa.gov/enforcement-case-report?id=04-2016-9012,2026-09-13,"1 case(s), $233 in 2016-2020 over mean revenue $20.2bn; largest: case 04-2016-9012 (2016), defendant 'EATON CORPORATION', $233"
ETN,2021,0.0,EPA ECHO ICIS-FE&C civil enforcement cases,https://echo.epa.gov/facilities/enforcement-case-search,2026-09-13,"no federal EPA civil penalty found under the company's name, former names or 10-K subsidiaries with a settlement in 2017-2021 (ECHO file retrieved 2026-09-13)"
ETN,2022,0.0,EPA ECHO ICIS-FE&C civil enforcement cases,https://echo.epa.gov/facilities/enforcement-case-search,2026-09-13,"no federal EPA civil penalty found under the company's name, former names or 10-K subsidiaries with a settlement in 2018-2022 (ECHO file retrieved 2026-09-13)"
ETN,2023,0.0,EPA ECHO ICIS-FE&C civil enforcement cases,https://echo.epa.gov/facilities/enforcement-case-search,2026-09-13,"no federal EPA civil penalty found under the company's name, former names or 10-K subsidiaries with a settlement in 2019-2023 (ECHO file retrieved 2026-09-13)"
ETN,2024,0.0,EPA ECHO ICIS-FE&C civil enforcement cases,https://echo.epa.gov/facilities/enforcement-case-search,2026-09-13,"no federal EPA civil penalty found under the company's name, former names or 10-K subsidiaries with a settlement in 2020-2024 (ECHO file retrieved 2026-09-13)"
ETN,2025,0.0,EPA ECHO ICIS-FE&C civil enforcement cases,https://echo.epa.gov/facilities/enforcement-case-search,2026-09-13,"no federal EPA civil penalty found under the company's name, former names or 10-K subsidiaries with a settlement in 2021-2025 (ECHO file retrieved 2026-09-13)"
ETR,2020,21.56,EPA ECHO ICIS-FE&C civil enforcement cases,https://echo.epa.gov/enforcement-case-report?id=04-2016-9012,2026-09-13,"1 case(s), $233 in 2016-2020 over mean revenue $10.8bn; largest: case 04-2016-9012 (2016), defendant 'ENTERGY ARKANSAS, INC.', $233"
ETR,2021,0.0,EPA ECHO ICIS-FE&C civil enforcement cases,https://echo.epa.gov/facilities/enforcement-case-search,2026-09-13,"no federal EPA civil penalty found under the company's name, former names or 10-K subsidiaries with a settlement in 2017-2021 (ECHO file retrieved 2026-09-13)"
ETR,2022,0.0,EPA ECHO ICIS-FE&C civil enforcement cases,https://echo.epa.gov/facilities/enforcement-case-search,2026-09-13,"no federal EPA civil penalty found under the company's name, former names or 10-K subsidiaries with a settlement in 2018-2022 (ECHO file retrieved 2026-09-13)"
ETR,2023,0.0,EPA ECHO ICIS-FE&C civil enforcement cases,https://echo.epa.gov/facilities/enforcement-case-search,2026-09-13,"no federal EPA civil penalty found under the company's name, former names or 10-K subsidiaries with a settlement in 2019-2023 (ECHO file retrieved 2026-09-13)"
ETR,2024,544.86,EPA ECHO ICIS-FE&C civil enforcement cases,https://echo.epa.gov/enforcement-case-report?id=06-2024-4802,2026-09-13,"1 case(s), $6,500 in 2020-2024 over mean revenue $11.9bn; largest: case 06-2024-4802 (2024), defendant 'Entergy Louisiana, LLC', $6,500"
ETR,2025,520.16,EPA ECHO ICIS-FE&C civil enforcement cases,https://echo.epa.gov/enforcement-case-report?id=06-2024-4802,2026-09-13,"1 case(s), $6,500 in 2021-2025 over mean revenue $12.5bn; largest: case 06-2024-4802 (2024), defendant 'Entergy Louisiana, LLC', $6,500"
EVRG,2020,0.0,EPA ECHO ICIS-FE&C civil enforcement cases,https://echo.epa.gov/facilities/enforcement-case-search,2026-09-13,"no federal EPA civil penalty found under the company's name, former names or 10-K subsidiaries with a settlement in 2016-2020 (ECHO file retrieved 2026-09-13)"
EVRG,2021,0.0,EPA ECHO ICIS-FE&C civil enforcement cases,https://echo.epa.gov/facilities/enforcement-case-search,2026-09-13,"no federal EPA civil penalty found under the company's name, former names or 10-K subsidiaries with a settlement in 2017-2021 (ECHO file retrieved 2026-09-13)"
EVRG,2022,0.0,EPA ECHO ICIS-FE&C civil enforcement cases,https://echo.epa.gov/facilities/enforcement-case-search,2026-09-13,"no federal EPA civil penalty found under the company's name, former names or 10-K subsidiaries with a settlement in 2018-2022 (ECHO file retrieved 2026-09-13)"
EVRG,2023,0.0,EPA ECHO ICIS-FE&C civil enforcement cases,https://echo.epa.gov/facilities/enforcement-case-search,2026-09-13,"no federal EPA civil penalty found under the company's name, former names or 10-K subsidiaries with a settlement in 2019-2023 (ECHO file retrieved 2026-09-13)"
EVRG,2024,0.0,EPA ECHO ICIS-FE&C civil enforcement cases,https://echo.epa.gov/facilities/enforcement-case-search,2026-09-13,"no federal EPA civil penalty found under the company's name, former names or 10-K subsidiaries with a settlement in 2020-2024 (ECHO file retrieved 2026-09-13)"
EVRG,2025,0.0,EPA ECHO ICIS-FE&C civil enforcement cases,https://echo.epa.gov/facilities/enforcement-case-search,2026-09-13,"no federal EPA civil penalty found under the company's name, former names or 10-K subsidiaries with a settlement in 2021-2025 (ECHO file retrieved 2026-09-13)"
EW,2020,0.0,EPA ECHO ICIS-FE&C civil enforcement cases,https://echo.epa.gov/facilities/enforcement-case-search,2026-09-13,"no federal EPA civil penalty found under the company's name, former names or 10-K subsidiaries with a settlement in 2016-2020 (ECHO file retrieved 2026-09-13)"
EW,2021,0.0,EPA ECHO ICIS-FE&C civil enforcement cases,https://echo.epa.gov/facilities/enforcement-case-search,2026-09-13,"no federal EPA civil penalty found under the company's name, former names or 10-K subsidiaries with a settlement in 2017-2021 (ECHO file retrieved 2026-09-13)"
EW,2022,0.0,EPA ECHO ICIS-FE&C civil enforcement cases,https://echo.epa.gov/facilities/enforcement-case-search,2026-09-13,"no federal EPA civil penalty found under the company's name, former names or 10-K subsidiaries with a settlement in 2018-2022 (ECHO file retrieved 2026-09-13)"
EW,2023,0.0,EPA ECHO ICIS-FE&C civil enforcement cases,https://echo.epa.gov/facilities/enforcement-case-search,2026-09-13,"no federal EPA civil penalty found under the company's name, former names or 10-K subsidiaries with a settlement in 2019-2023 (ECHO file retrieved 2026-09-13)"
EW,2024,0.0,EPA ECHO ICIS-FE&C civil enforcement cases,https://echo.epa.gov/facilities/enforcement-case-search,2026-09-13,"no federal EPA civil penalty found under the company's name, former names or 10-K subsidiaries with a settlement in 2020-2024 (ECHO file retrieved 2026-09-13)"
EW,2025,0.0,EPA ECHO ICIS-FE&C civil enforcement cases,https://echo.epa.gov/facilities/enforcement-case-search,2026-09-13,"no federal EPA civil penalty found under the company's name, former names or 10-K subsidiaries with a settlement in 2021-2025 (ECHO file retrieved 2026-09-13)"
EXC,2020,2019.23,EPA ECHO ICIS-FE&C civil enforcement cases,https://echo.epa.gov/enforcement-case-report?id=03-2017-0120,2026-09-13,"2 case(s), $54,233 in 2016-2020 over mean revenue $26.9bn; largest: case 03-2017-0120 (2017), defendant 'POTOMAC ELECTRIC POWER COMPANY', $54,000"
EXC,2021,2233.95,EPA ECHO ICIS-FE&C civil enforcement cases,https://echo.epa.gov/enforcement-case-report?id=03-2017-0120,2026-09-13,"1 case(s), $54,000 in 2017-2021 over mean revenue $24.2bn; largest: case 03-2017-0120 (2017), defendant 'POTOMAC ELECTRIC POWER COMPANY', $54,000"
EXC,2022,0.0,EPA ECHO ICIS-FE&C civil enforcement cases,https://echo.epa.gov/facilities/enforcement-case-search,2026-09-13,"no federal EPA civil penalty found under the company's name, former names or 10-K subsidiaries with a settlement in 2018-2022 (ECHO file retrieved 2026-09-13)"
EXC,2023,0.0,EPA ECHO ICIS-FE&C civil enforcement cases,https://echo.epa.gov/facilities/enforcement-case-search,2026-09-13,"no federal EPA civil penalty found under the company's name, former names or 10-K subsidiaries with a settlement in 2019-2023 (ECHO file retrieved 2026-09-13)"
EXC,2024,0.0,EPA ECHO ICIS-FE&C civil enforcement cases,https://echo.epa.gov/facilities/enforcement-case-search,2026-09-13,"no federal EPA civil penalty found under the company's name, former names or 10-K subsidiaries with a settlement in 2020-2024 (ECHO file retrieved 2026-09-13)"
EXC,2025,0.0,EPA ECHO ICIS-FE&C civil enforcement cases,https://echo.epa.gov/facilities/enforcement-case-search,2026-09-13,"no federal EPA civil penalty found under the company's name, former names or 10-K subsidiaries with a settlement in 2021-2025 (ECHO file retrieved 2026-09-13)"
EXE,2020,0.0,EPA ECHO ICIS-FE&C civil enforcement cases,https://echo.epa.gov/facilities/enforcement-case-search,2026-09-13,"no federal EPA civil penalty found under the company's name, former names or 10-K subsidiaries with a settlement in 2016-2020 (ECHO file retrieved 2026-09-13)"
EXE,2021,0.0,EPA ECHO ICIS-FE&C civil enforcement cases,https://echo.epa.gov/facilities/enforcement-case-search,2026-09-13,"no federal EPA civil penalty found under the company's name, former names or 10-K subsidiaries with a settlement in 2017-2021 (ECHO file retrieved 2026-09-13)"
EXE,2022,0.0,EPA ECHO ICIS-FE&C civil enforcement cases,https://echo.epa.gov/facilities/enforcement-case-search,2026-09-13,"no federal EPA civil penalty found under the company's name, former names or 10-K subsidiaries with a settlement in 2018-2022 (ECHO file retrieved 2026-09-13)"
EXE,2023,0.0,EPA ECHO ICIS-FE&C civil enforcement cases,https://echo.epa.gov/facilities/enforcement-case-search,2026-09-13,"no federal EPA civil penalty found under the company's name, former names or 10-K subsidiaries with a settlement in 2019-2023 (ECHO file retrieved 2026-09-13)"
EXE,2024,0.0,EPA ECHO ICIS-FE&C civil enforcement cases,https://echo.epa.gov/facilities/enforcement-case-search,2026-09-13,"no federal EPA civil penalty found under the company's name, former names or 10-K subsidiaries with a settlement in 2020-2024 (ECHO file retrieved 2026-09-13)"
EXE,2025,0.0,EPA ECHO ICIS-FE&C civil enforcement cases,https://echo.epa.gov/facilities/enforcement-case-search,2026-09-13,"no federal EPA civil penalty found under the company's name, former names or 10-K subsidiaries with a settlement in 2021-2025 (ECHO file retrieved 2026-09-13)"
EXPD,2020,0.0,EPA ECHO ICIS-FE&C civil enforcement cases,https://echo.epa.gov/facilities/enforcement-case-search,2026-09-13,"no federal EPA civil penalty found under the company's name, former names or 10-K subsidiaries with a settlement in 2016-2020 (ECHO file retrieved 2026-09-13)"
EXPD,2021,0.0,EPA ECHO ICIS-FE&C civil enforcement cases,https://echo.epa.gov/facilities/enforcement-case-search,2026-09-13,"no federal EPA civil penalty found under the company's name, former names or 10-K subsidiaries with a settlement in 2017-2021 (ECHO file retrieved 2026-09-13)"
EXPD,2022,0.0,EPA ECHO ICIS-FE&C civil enforcement cases,https://echo.epa.gov/facilities/enforcement-case-search,2026-09-13,"no federal EPA civil penalty found under the company's name, former names or 10-K subsidiaries with a settlement in 2018-2022 (ECHO file retrieved 2026-09-13)"
EXPD,2023,0.0,EPA ECHO ICIS-FE&C civil enforcement cases,https://echo.epa.gov/facilities/enforcement-case-search,2026-09-13,"no federal EPA civil penalty found under the company's name, former names or 10-K subsidiaries with a settlement in 2019-2023 (ECHO file retrieved 2026-09-13)"
EXPD,2024,0.0,EPA ECHO ICIS-FE&C civil enforcement cases,https://echo.epa.gov/facilities/enforcement-case-search,2026-09-13,"no federal EPA civil penalty found under the company's name, former names or 10-K subsidiaries with a settlement in 2020-2024 (ECHO file retrieved 2026-09-13)"
EXPD,2025,0.0,EPA ECHO ICIS-FE&C civil enforcement cases,https://echo.epa.gov/facilities/enforcement-case-search,2026-09-13,"no federal EPA civil penalty found under the company's name, former names or 10-K subsidiaries with a settlement in 2021-2025 (ECHO file retrieved 2026-09-13)"
EXPE,2020,0.0,EPA ECHO ICIS-FE&C civil enforcement cases,https://echo.epa.gov/facilities/enforcement-case-search,2026-09-13,"no federal EPA civil penalty found under the company's name, former names or 10-K subsidiaries with a settlement in 2016-2020 (ECHO file retrieved 2026-09-13)"
EXPE,2021,0.0,EPA ECHO ICIS-FE&C civil enforcement cases,https://echo.epa.gov/facilities/enforcement-case-search,2026-09-13,"no federal EPA civil penalty found under the company's name, former names or 10-K subsidiaries with a settlement in 2017-2021 (ECHO file retrieved 2026-09-13)"
EXPE,2022,0.0,EPA ECHO ICIS-FE&C civil enforcement cases,https://echo.epa.gov/facilities/enforcement-case-search,2026-09-13,"no federal EPA civil penalty found under the company's name, former names or 10-K subsidiaries with a settlement in 2018-2022 (ECHO file retrieved 2026-09-13)"
EXPE,2023,0.0,EPA ECHO ICIS-FE&C civil enforcement cases,https://echo.epa.gov/facilities/enforcement-case-search,2026-09-13,"no federal EPA civil penalty found under the company's name, former names or 10-K subsidiaries with a settlement in 2019-2023 (ECHO file retrieved 2026-09-13)"
EXPE,2024,0.0,EPA ECHO ICIS-FE&C civil enforcement cases,https://echo.epa.gov/facilities/enforcement-case-search,2026-09-13,"no federal EPA civil penalty found under the company's name, former names or 10-K subsidiaries with a settlement in 2020-2024 (ECHO file retrieved 2026-09-13)"
EXPE,2025,0.0,EPA ECHO ICIS-FE&C civil enforcement cases,https://echo.epa.gov/facilities/enforcement-case-search,2026-09-13,"no federal EPA civil penalty found under the company's name, former names or 10-K subsidiaries with a settlement in 2021-2025 (ECHO file retrieved 2026-09-13)"
EXR,2020,0.0,EPA ECHO ICIS-FE&C civil enforcement cases,https://echo.epa.gov/facilities/enforcement-case-search,2026-09-13,"no federal EPA civil penalty found under the company's name, former names or 10-K subsidiaries with a settlement in 2016-2020 (ECHO file retrieved 2026-09-13)"
EXR,2021,0.0,EPA ECHO ICIS-FE&C civil enforcement cases,https://echo.epa.gov/facilities/enforcement-case-search,2026-09-13,"no federal EPA civil penalty found under the company's name, former names or 10-K subsidiaries with a settlement in 2017-2021 (ECHO file retrieved 2026-09-13)"
EXR,2022,0.0,EPA ECHO ICIS-FE&C civil enforcement cases,https://echo.epa.gov/facilities/enforcement-case-search,2026-09-13,"no federal EPA civil penalty found under the company's name, former names or 10-K subsidiaries with a settlement in 2018-2022 (ECHO file retrieved 2026-09-13)"
EXR,2023,0.0,EPA ECHO ICIS-FE&C civil enforcement cases,https://echo.epa.gov/facilities/enforcement-case-search,2026-09-13,"no federal EPA civil penalty found under the company's name, former names or 10-K subsidiaries with a settlement in 2019-2023 (ECHO file retrieved 2026-09-13)"
EXR,2024,0.0,EPA ECHO ICIS-FE&C civil enforcement cases,https://echo.epa.gov/facilities/enforcement-case-search,2026-09-13,"no federal EPA civil penalty found under the company's name, former names or 10-K subsidiaries with a settlement in 2020-2024 (ECHO file retrieved 2026-09-13)"
EXR,2025,0.0,EPA ECHO ICIS-FE&C civil enforcement cases,https://echo.epa.gov/facilities/enforcement-case-search,2026-09-13,"no federal EPA civil penalty found under the company's name, former names or 10-K subsidiaries with a settlement in 2021-2025 (ECHO file retrieved 2026-09-13)"
F,2020,2586.58,EPA ECHO ICIS-FE&C civil enforcement cases,https://echo.epa.gov/enforcement-case-report?id=05-2017-5033,2026-09-13,"1 case(s), $389,000 in 2016-2020 over mean revenue $150.4bn; largest: case 05-2017-5033 (2017), defendant 'FORD MOTOR COMPANY', $389,000"
F,2021,2640.87,EPA ECHO ICIS-FE&C civil enforcement cases,https://echo.epa.gov/enforcement-case-report?id=05-2017-5033,2026-09-13,"1 case(s), $389,000 in 2017-2021 over mean revenue $147.3bn; largest: case 05-2017-5033 (2017), defendant 'FORD MOTOR COMPANY', $389,000"
F,2022,0.0,EPA ECHO ICIS-FE&C civil enforcement cases,https://echo.epa.gov/facilities/enforcement-case-search,2026-09-13,"no federal EPA civil penalty found under the company's name, former names or 10-K subsidiaries with a settlement in 2018-2022 (ECHO file retrieved 2026-09-13)"
F,2023,0.0,EPA ECHO ICIS-FE&C civil enforcement cases,https://echo.epa.gov/facilities/enforcement-case-search,2026-09-13,"no federal EPA civil penalty found under the company's name, former names or 10-K subsidiaries with a settlement in 2019-2023 (ECHO file retrieved 2026-09-13)"
F,2024,0.0,EPA ECHO ICIS-FE&C civil enforcement cases,https://echo.epa.gov/facilities/enforcement-case-search,2026-09-13,"no federal EPA civil penalty found under the company's name, former names or 10-K subsidiaries with a settlement in 2020-2024 (ECHO file retrieved 2026-09-13)"
F,2025,0.0,EPA ECHO ICIS-FE&C civil enforcement cases,https://echo.epa.gov/facilities/enforcement-case-search,2026-09-13,"no federal EPA civil penalty found under the company's name, former names or 10-K subsidiaries with a settlement in 2021-2025 (ECHO file retrieved 2026-09-13)"
FANG,2020,234982.13,EPA ECHO ICIS-FE&C civil enforcement cases,https://echo.epa.gov/enforcement-case-report?id=08-2019-0049,2026-09-13,"1 case(s), $500,000 in 2016-2020 over mean revenue $2.1bn; largest: case 08-2019-0049 (2019), defendant 'QEP ENERGY COMPANY', $500,000"
FANG,2021,206307.88,EPA ECHO ICIS-FE&C civil enforcement cases,https://echo.epa.gov/enforcement-case-report?id=08-2019-0049,2026-09-13,"2 case(s), $697,692 in 2017-2021 over mean revenue $3.4bn; largest: case 08-2019-0049 (2019), defendant 'QEP ENERGY COMPANY', $500,000"
FANG,2022,137628.12,EPA ECHO ICIS-FE&C civil enforcement cases,https://echo.epa.gov/enforcement-case-report?id=08-2019-0049,2026-09-13,"2 case(s), $697,692 in 2018-2022 over mean revenue $5.1bn; largest: case 08-2019-0049 (2019), defendant 'QEP ENERGY COMPANY', $500,000"
FANG,2023,110293.08,EPA ECHO ICIS-FE&C civil enforcement cases,https://echo.epa.gov/enforcement-case-report?id=08-2019-0049,2026-09-13,"2 case(s), $697,692 in 2019-2023 over mean revenue $6.3bn; largest: case 08-2019-0049 (2019), defendant 'QEP ENERGY COMPANY', $500,000"
FANG,2024,34816.04,EPA ECHO ICIS-FE&C civil enforcement cases,https://echo.epa.gov/enforcement-case-report?id=06-2021-3361,2026-09-13,"2 case(s), $269,692 in 2020-2024 over mean revenue $7.7bn; largest: case 06-2021-3361 (2021), defendant 'DIAMONDBACK E&P LLC', $197,692"
FANG,2025,26469.46,EPA ECHO ICIS-FE&C civil enforcement cases,https://echo.epa.gov/enforcement-case-report?id=06-2021-3361,2026-09-13,"2 case(s), $269,692 in 2021-2025 over mean revenue $10.2bn; largest: case 06-2021-3361 (2021), defendant 'DIAMONDBACK E&P LLC', $197,692"
FAST,2020,0.0,EPA ECHO ICIS-FE&C civil enforcement cases,https://echo.epa.gov/facilities/enforcement-case-search,2026-09-13,"no federal EPA civil penalty found under the company's name, former names or 10-K subsidiaries with a settlement in 2016-2020 (ECHO file retrieved 2026-09-13)"
FAST,2021,0.0,EPA ECHO ICIS-FE&C civil enforcement cases,https://echo.epa.gov/facilities/enforcement-case-search,2026-09-13,"no federal EPA civil penalty found under the company's name, former names or 10-K subsidiaries with a settlement in 2017-2021 (ECHO file retrieved 2026-09-13)"
FAST,2022,0.0,EPA ECHO ICIS-FE&C civil enforcement cases,https://echo.epa.gov/facilities/enforcement-case-search,2026-09-13,"no federal EPA civil penalty found under the company's name, former names or 10-K subsidiaries with a settlement in 2018-2022 (ECHO file retrieved 2026-09-13)"
FAST,2023,0.0,EPA ECHO ICIS-FE&C civil enforcement cases,https://echo.epa.gov/facilities/enforcement-case-search,2026-09-13,"no federal EPA civil penalty found under the company's name, former names or 10-K subsidiaries with a settlement in 2019-2023 (ECHO file retrieved 2026-09-13)"
FAST,2024,0.0,EPA ECHO ICIS-FE&C civil enforcement cases,https://echo.epa.gov/facilities/enforcement-case-search,2026-09-13,"no federal EPA civil penalty found under the company's name, former names or 10-K subsidiaries with a settlement in 2020-2024 (ECHO file retrieved 2026-09-13)"
FAST,2025,0.0,EPA ECHO ICIS-FE&C civil enforcement cases,https://echo.epa.gov/facilities/enforcement-case-search,2026-09-13,"no federal EPA civil penalty found under the company's name, former names or 10-K subsidiaries with a settlement in 2021-2025 (ECHO file retrieved 2026-09-13)"
FCX,2020,0.0,EPA ECHO ICIS-FE&C civil enforcement cases,https://echo.epa.gov/facilities/enforcement-case-search,2026-09-13,"no federal EPA civil penalty found under the company's name, former names or 10-K subsidiaries with a settlement in 2016-2020 (ECHO file retrieved 2026-09-13)"
FCX,2021,0.0,EPA ECHO ICIS-FE&C civil enforcement cases,https://echo.epa.gov/facilities/enforcement-case-search,2026-09-13,"no federal EPA civil penalty found under the company's name, former names or 10-K subsidiaries with a settlement in 2017-2021 (ECHO file retrieved 2026-09-13)"
FCX,2022,0.0,EPA ECHO ICIS-FE&C civil enforcement cases,https://echo.epa.gov/facilities/enforcement-case-search,2026-09-13,"no federal EPA civil penalty found under the company's name, former names or 10-K subsidiaries with a settlement in 2018-2022 (ECHO file retrieved 2026-09-13)"
FCX,2023,0.0,EPA ECHO ICIS-FE&C civil enforcement cases,https://echo.epa.gov/facilities/enforcement-case-search,2026-09-13,"no federal EPA civil penalty found under the company's name, former names or 10-K subsidiaries with a settlement in 2019-2023 (ECHO file retrieved 2026-09-13)"
FCX,2024,0.0,EPA ECHO ICIS-FE&C civil enforcement cases,https://echo.epa.gov/facilities/enforcement-case-search,2026-09-13,"no federal EPA civil penalty found under the company's name, former names or 10-K subsidiaries with a settlement in 2020-2024 (ECHO file retrieved 2026-09-13)"
FCX,2025,0.0,EPA ECHO ICIS-FE&C civil enforcement cases,https://echo.epa.gov/facilities/enforcement-case-search,2026-09-13,"no federal EPA civil penalty found under the company's name, former names or 10-K subsidiaries with a settlement in 2021-2025 (ECHO file retrieved 2026-09-13)"
FDS,2020,0.0,EPA ECHO ICIS-FE&C civil enforcement cases,https://echo.epa.gov/facilities/enforcement-case-search,2026-09-13,"no federal EPA civil penalty found under the company's name, former names or 10-K subsidiaries with a settlement in 2016-2020 (ECHO file retrieved 2026-09-13)"
FDS,2021,0.0,EPA ECHO ICIS-FE&C civil enforcement cases,https://echo.epa.gov/facilities/enforcement-case-search,2026-09-13,"no federal EPA civil penalty found under the company's name, former names or 10-K subsidiaries with a settlement in 2017-2021 (ECHO file retrieved 2026-09-13)"
FDS,2022,0.0,EPA ECHO ICIS-FE&C civil enforcement cases,https://echo.epa.gov/facilities/enforcement-case-search,2026-09-13,"no federal EPA civil penalty found under the company's name, former names or 10-K subsidiaries with a settlement in 2018-2022 (ECHO file retrieved 2026-09-13)"
FDS,2023,0.0,EPA ECHO ICIS-FE&C civil enforcement cases,https://echo.epa.gov/facilities/enforcement-case-search,2026-09-13,"no federal EPA civil penalty found under the company's name, former names or 10-K subsidiaries with a settlement in 2019-2023 (ECHO file retrieved 2026-09-13)"
FDS,2024,0.0,EPA ECHO ICIS-FE&C civil enforcement cases,https://echo.epa.gov/facilities/enforcement-case-search,2026-09-13,"no federal EPA civil penalty found under the company's name, former names or 10-K subsidiaries with a settlement in 2020-2024 (ECHO file retrieved 2026-09-13)"
FDS,2025,0.0,EPA ECHO ICIS-FE&C civil enforcement cases,https://echo.epa.gov/facilities/enforcement-case-search,2026-09-13,"no federal EPA civil penalty found under the company's name, former names or 10-K subsidiaries with a settlement in 2021-2025 (ECHO file retrieved 2026-09-13)"
FDX,2020,0.0,EPA ECHO ICIS-FE&C civil enforcement cases,https://echo.epa.gov/facilities/enforcement-case-search,2026-09-13,"no federal EPA civil penalty found under the company's name, former names or 10-K subsidiaries with a settlement in 2016-2020 (ECHO file retrieved 2026-09-13)"
FDX,2021,112.62,EPA ECHO ICIS-FE&C civil enforcement cases,https://echo.epa.gov/enforcement-case-report?id=06-2021-4803,2026-09-13,"1 case(s), $8,600 in 2017-2021 over mean revenue $76.4bn; largest: case 06-2021-4803 (2021), defendant 'Federal Express Corporation', $8,600"
FDX,2022,105.77,EPA ECHO ICIS-FE&C civil enforcement cases,https://echo.epa.gov/enforcement-case-report?id=06-2021-4803,2026-09-13,"1 case(s), $8,600 in 2018-2022 over mean revenue $81.3bn; largest: case 06-2021-4803 (2021), defendant 'Federal Express Corporation', $8,600"
FDX,2023,101.29,EPA ECHO ICIS-FE&C civil enforcement cases,https://echo.epa.gov/enforcement-case-report?id=06-2021-4803,2026-09-13,"1 case(s), $8,600 in 2019-2023 over mean revenue $84.9bn; largest: case 06-2021-4803 (2021), defendant 'Federal Express Corporation', $8,600"
FDX,2024,97.01,EPA ECHO ICIS-FE&C civil enforcement cases,https://echo.epa.gov/enforcement-case-report?id=06-2021-4803,2026-09-13,"1 case(s), $8,600 in 2020-2024 over mean revenue $88.6bn; largest: case 06-2021-4803 (2021), defendant 'Federal Express Corporation', $8,600"
FDX,2025,94.71,EPA ECHO ICIS-FE&C civil enforcement cases,https://echo.epa.gov/enforcement-case-report?id=06-2021-4803,2026-09-13,"1 case(s), $8,600 in 2021-2025 over mean revenue $90.8bn; largest: case 06-2021-4803 (2021), defendant 'Federal Express Corporation', $8,600"
FDXF,2025,0.0,EPA ECHO ICIS-FE&C civil enforcement cases,https://echo.epa.gov/facilities/enforcement-case-search,2026-09-13,"no federal EPA civil penalty found under the company's name, former names or 10-K subsidiaries with a settlement in 2021-2025 (ECHO file retrieved 2026-09-13)"
FE,2020,0.0,EPA ECHO ICIS-FE&C civil enforcement cases,https://echo.epa.gov/facilities/enforcement-case-search,2026-09-13,"no federal EPA civil penalty found under the company's name, former names or 10-K subsidiaries with a settlement in 2016-2020 (ECHO file retrieved 2026-09-13)"
FE,2021,0.0,EPA ECHO ICIS-FE&C civil enforcement cases,https://echo.epa.gov/facilities/enforcement-case-search,2026-09-13,"no federal EPA civil penalty found under the company's name, former names or 10-K subsidiaries with a settlement in 2017-2021 (ECHO file retrieved 2026-09-13)"
FE,2022,0.0,EPA ECHO ICIS-FE&C civil enforcement cases,https://echo.epa.gov/facilities/enforcement-case-search,2026-09-13,"no federal EPA civil penalty found under the company's name, former names or 10-K subsidiaries with a settlement in 2018-2022 (ECHO file retrieved 2026-09-13)"
FE,2023,0.0,EPA ECHO ICIS-FE&C civil enforcement cases,https://echo.epa.gov/facilities/enforcement-case-search,2026-09-13,"no federal EPA civil penalty found under the company's name, former names or 10-K subsidiaries with a settlement in 2019-2023 (ECHO file retrieved 2026-09-13)"
FE,2024,0.0,EPA ECHO ICIS-FE&C civil enforcement cases,https://echo.epa.gov/facilities/enforcement-case-search,2026-09-13,"no federal EPA civil penalty found under the company's name, former names or 10-K subsidiaries with a settlement in 2020-2024 (ECHO file retrieved 2026-09-13)"
FE,2025,0.0,EPA ECHO ICIS-FE&C civil enforcement cases,https://echo.epa.gov/facilities/enforcement-case-search,2026-09-13,"no federal EPA civil penalty found under the company's name, former names or 10-K subsidiaries with a settlement in 2021-2025 (ECHO file retrieved 2026-09-13)"
FERG,2024,0.0,EPA ECHO ICIS-FE&C civil enforcement cases,https://echo.epa.gov/facilities/enforcement-case-search,2026-09-13,"no federal EPA civil penalty found under the company's name, former names or 10-K subsidiaries with a settlement in 2020-2024 (ECHO file retrieved 2026-09-13)"
FERG,2025,0.0,EPA ECHO ICIS-FE&C civil enforcement cases,https://echo.epa.gov/facilities/enforcement-case-search,2026-09-13,"no federal EPA civil penalty found under the company's name, former names or 10-K subsidiaries with a settlement in 2021-2025 (ECHO file retrieved 2026-09-13)"
FFIV,2020,0.0,EPA ECHO ICIS-FE&C civil enforcement cases,https://echo.epa.gov/facilities/enforcement-case-search,2026-09-13,"no federal EPA civil penalty found under the company's name, former names or 10-K subsidiaries with a settlement in 2016-2020 (ECHO file retrieved 2026-09-13)"
FFIV,2021,0.0,EPA ECHO ICIS-FE&C civil enforcement cases,https://echo.epa.gov/facilities/enforcement-case-search,2026-09-13,"no federal EPA civil penalty found under the company's name, former names or 10-K subsidiaries with a settlement in 2017-2021 (ECHO file retrieved 2026-09-13)"
FFIV,2022,0.0,EPA ECHO ICIS-FE&C civil enforcement cases,https://echo.epa.gov/facilities/enforcement-case-search,2026-09-13,"no federal EPA civil penalty found under the company's name, former names or 10-K subsidiaries with a settlement in 2018-2022 (ECHO file retrieved 2026-09-13)"
FFIV,2023,0.0,EPA ECHO ICIS-FE&C civil enforcement cases,https://echo.epa.gov/facilities/enforcement-case-search,2026-09-13,"no federal EPA civil penalty found under the company's name, former names or 10-K subsidiaries with a settlement in 2019-2023 (ECHO file retrieved 2026-09-13)"
FFIV,2024,0.0,EPA ECHO ICIS-FE&C civil enforcement cases,https://echo.epa.gov/facilities/enforcement-case-search,2026-09-13,"no federal EPA civil penalty found under the company's name, former names or 10-K subsidiaries with a settlement in 2020-2024 (ECHO file retrieved 2026-09-13)"
FFIV,2025,0.0,EPA ECHO ICIS-FE&C civil enforcement cases,https://echo.epa.gov/facilities/enforcement-case-search,2026-09-13,"no federal EPA civil penalty found under the company's name, former names or 10-K subsidiaries with a settlement in 2021-2025 (ECHO file retrieved 2026-09-13)"
FICO,2020,0.0,EPA ECHO ICIS-FE&C civil enforcement cases,https://echo.epa.gov/facilities/enforcement-case-search,2026-09-13,"no federal EPA civil penalty found under the company's name, former names or 10-K subsidiaries with a settlement in 2016-2020 (ECHO file retrieved 2026-09-13)"
FICO,2021,0.0,EPA ECHO ICIS-FE&C civil enforcement cases,https://echo.epa.gov/facilities/enforcement-case-search,2026-09-13,"no federal EPA civil penalty found under the company's name, former names or 10-K subsidiaries with a settlement in 2017-2021 (ECHO file retrieved 2026-09-13)"
FICO,2022,0.0,EPA ECHO ICIS-FE&C civil enforcement cases,https://echo.epa.gov/facilities/enforcement-case-search,2026-09-13,"no federal EPA civil penalty found under the company's name, former names or 10-K subsidiaries with a settlement in 2018-2022 (ECHO file retrieved 2026-09-13)"
FICO,2023,0.0,EPA ECHO ICIS-FE&C civil enforcement cases,https://echo.epa.gov/facilities/enforcement-case-search,2026-09-13,"no federal EPA civil penalty found under the company's name, former names or 10-K subsidiaries with a settlement in 2019-2023 (ECHO file retrieved 2026-09-13)"
FICO,2024,0.0,EPA ECHO ICIS-FE&C civil enforcement cases,https://echo.epa.gov/facilities/enforcement-case-search,2026-09-13,"no federal EPA civil penalty found under the company's name, former names or 10-K subsidiaries with a settlement in 2020-2024 (ECHO file retrieved 2026-09-13)"
FICO,2025,0.0,EPA ECHO ICIS-FE&C civil enforcement cases,https://echo.epa.gov/facilities/enforcement-case-search,2026-09-13,"no federal EPA civil penalty found under the company's name, former names or 10-K subsidiaries with a settlement in 2021-2025 (ECHO file retrieved 2026-09-13)"
FIS,2020,0.0,EPA ECHO ICIS-FE&C civil enforcement cases,https://echo.epa.gov/facilities/enforcement-case-search,2026-09-13,"no federal EPA civil penalty found under the company's name, former names or 10-K subsidiaries with a settlement in 2016-2020 (ECHO file retrieved 2026-09-13)"
FIS,2021,0.0,EPA ECHO ICIS-FE&C civil enforcement cases,https://echo.epa.gov/facilities/enforcement-case-search,2026-09-13,"no federal EPA civil penalty found under the company's name, former names or 10-K subsidiaries with a settlement in 2017-2021 (ECHO file retrieved 2026-09-13)"
FIS,2022,0.0,EPA ECHO ICIS-FE&C civil enforcement cases,https://echo.epa.gov/facilities/enforcement-case-search,2026-09-13,"no federal EPA civil penalty found under the company's name, former names or 10-K subsidiaries with a settlement in 2018-2022 (ECHO file retrieved 2026-09-13)"
FIS,2023,0.0,EPA ECHO ICIS-FE&C civil enforcement cases,https://echo.epa.gov/facilities/enforcement-case-search,2026-09-13,"no federal EPA civil penalty found under the company's name, former names or 10-K subsidiaries with a settlement in 2019-2023 (ECHO file retrieved 2026-09-13)"
FIS,2024,0.0,EPA ECHO ICIS-FE&C civil enforcement cases,https://echo.epa.gov/facilities/enforcement-case-search,2026-09-13,"no federal EPA civil penalty found under the company's name, former names or 10-K subsidiaries with a settlement in 2020-2024 (ECHO file retrieved 2026-09-13)"
FIS,2025,0.0,EPA ECHO ICIS-FE&C civil enforcement cases,https://echo.epa.gov/facilities/enforcement-case-search,2026-09-13,"no federal EPA civil penalty found under the company's name, former names or 10-K subsidiaries with a settlement in 2021-2025 (ECHO file retrieved 2026-09-13)"
FISV,2020,0.0,EPA ECHO ICIS-FE&C civil enforcement cases,https://echo.epa.gov/facilities/enforcement-case-search,2026-09-13,"no federal EPA civil penalty found under the company's name, former names or 10-K subsidiaries with a settlement in 2016-2020 (ECHO file retrieved 2026-09-13)"
FISV,2021,0.0,EPA ECHO ICIS-FE&C civil enforcement cases,https://echo.epa.gov/facilities/enforcement-case-search,2026-09-13,"no federal EPA civil penalty found under the company's name, former names or 10-K subsidiaries with a settlement in 2017-2021 (ECHO file retrieved 2026-09-13)"
FISV,2022,0.0,EPA ECHO ICIS-FE&C civil enforcement cases,https://echo.epa.gov/facilities/enforcement-case-search,2026-09-13,"no federal EPA civil penalty found under the company's name, former names or 10-K subsidiaries with a settlement in 2018-2022 (ECHO file retrieved 2026-09-13)"
FISV,2023,0.0,EPA ECHO ICIS-FE&C civil enforcement cases,https://echo.epa.gov/facilities/enforcement-case-search,2026-09-13,"no federal EPA civil penalty found under the company's name, former names or 10-K subsidiaries with a settlement in 2019-2023 (ECHO file retrieved 2026-09-13)"
FISV,2024,0.0,EPA ECHO ICIS-FE&C civil enforcement cases,https://echo.epa.gov/facilities/enforcement-case-search,2026-09-13,"no federal EPA civil penalty found under the company's name, former names or 10-K subsidiaries with a settlement in 2020-2024 (ECHO file retrieved 2026-09-13)"
FISV,2025,0.0,EPA ECHO ICIS-FE&C civil enforcement cases,https://echo.epa.gov/facilities/enforcement-case-search,2026-09-13,"no federal EPA civil penalty found under the company's name, former names or 10-K subsidiaries with a settlement in 2021-2025 (ECHO file retrieved 2026-09-13)"
FITB,2020,0.0,EPA ECHO ICIS-FE&C civil enforcement cases,https://echo.epa.gov/facilities/enforcement-case-search,2026-09-13,"no federal EPA civil penalty found under the company's name, former names or 10-K subsidiaries with a settlement in 2016-2020 (ECHO file retrieved 2026-09-13)"
FITB,2021,0.0,EPA ECHO ICIS-FE&C civil enforcement cases,https://echo.epa.gov/facilities/enforcement-case-search,2026-09-13,"no federal EPA civil penalty found under the company's name, former names or 10-K subsidiaries with a settlement in 2017-2021 (ECHO file retrieved 2026-09-13)"
FITB,2022,0.0,EPA ECHO ICIS-FE&C civil enforcement cases,https://echo.epa.gov/facilities/enforcement-case-search,2026-09-13,"no federal EPA civil penalty found under the company's name, former names or 10-K subsidiaries with a settlement in 2018-2022 (ECHO file retrieved 2026-09-13)"
FITB,2023,0.0,EPA ECHO ICIS-FE&C civil enforcement cases,https://echo.epa.gov/facilities/enforcement-case-search,2026-09-13,"no federal EPA civil penalty found under the company's name, former names or 10-K subsidiaries with a settlement in 2019-2023 (ECHO file retrieved 2026-09-13)"
FITB,2024,0.0,EPA ECHO ICIS-FE&C civil enforcement cases,https://echo.epa.gov/facilities/enforcement-case-search,2026-09-13,"no federal EPA civil penalty found under the company's name, former names or 10-K subsidiaries with a settlement in 2020-2024 (ECHO file retrieved 2026-09-13)"
FITB,2025,0.0,EPA ECHO ICIS-FE&C civil enforcement cases,https://echo.epa.gov/facilities/enforcement-case-search,2026-09-13,"no federal EPA civil penalty found under the company's name, former names or 10-K subsidiaries with a settlement in 2021-2025 (ECHO file retrieved 2026-09-13)"
FIX,2020,0.0,EPA ECHO ICIS-FE&C civil enforcement cases,https://echo.epa.gov/facilities/enforcement-case-search,2026-09-13,"no federal EPA civil penalty found under the company's name, former names or 10-K subsidiaries with a settlement in 2016-2020 (ECHO file retrieved 2026-09-13)"
FIX,2021,0.0,EPA ECHO ICIS-FE&C civil enforcement cases,https://echo.epa.gov/facilities/enforcement-case-search,2026-09-13,"no federal EPA civil penalty found under the company's name, former names or 10-K subsidiaries with a settlement in 2017-2021 (ECHO file retrieved 2026-09-13)"
FIX,2022,0.0,EPA ECHO ICIS-FE&C civil enforcement cases,https://echo.epa.gov/facilities/enforcement-case-search,2026-09-13,"no federal EPA civil penalty found under the company's name, former names or 10-K subsidiaries with a settlement in 2018-2022 (ECHO file retrieved 2026-09-13)"
FIX,2023,0.0,EPA ECHO ICIS-FE&C civil enforcement cases,https://echo.epa.gov/facilities/enforcement-case-search,2026-09-13,"no federal EPA civil penalty found under the company's name, former names or 10-K subsidiaries with a settlement in 2019-2023 (ECHO file retrieved 2026-09-13)"
FIX,2024,0.0,EPA ECHO ICIS-FE&C civil enforcement cases,https://echo.epa.gov/facilities/enforcement-case-search,2026-09-13,"no federal EPA civil penalty found under the company's name, former names or 10-K subsidiaries with a settlement in 2020-2024 (ECHO file retrieved 2026-09-13)"
FIX,2025,0.0,EPA ECHO ICIS-FE&C civil enforcement cases,https://echo.epa.gov/facilities/enforcement-case-search,2026-09-13,"no federal EPA civil penalty found under the company's name, former names or 10-K subsidiaries with a settlement in 2021-2025 (ECHO file retrieved 2026-09-13)"
FLEX,2020,0.0,EPA ECHO ICIS-FE&C civil enforcement cases,https://echo.epa.gov/facilities/enforcement-case-search,2026-09-13,"no federal EPA civil penalty found under the company's name, former names or 10-K subsidiaries with a settlement in 2016-2020 (ECHO file retrieved 2026-09-13)"
FLEX,2021,0.0,EPA ECHO ICIS-FE&C civil enforcement cases,https://echo.epa.gov/facilities/enforcement-case-search,2026-09-13,"no federal EPA civil penalty found under the company's name, former names or 10-K subsidiaries with a settlement in 2017-2021 (ECHO file retrieved 2026-09-13)"
FLEX,2022,0.0,EPA ECHO ICIS-FE&C civil enforcement cases,https://echo.epa.gov/facilities/enforcement-case-search,2026-09-13,"no federal EPA civil penalty found under the company's name, former names or 10-K subsidiaries with a settlement in 2018-2022 (ECHO file retrieved 2026-09-13)"
FLEX,2023,0.0,EPA ECHO ICIS-FE&C civil enforcement cases,https://echo.epa.gov/facilities/enforcement-case-search,2026-09-13,"no federal EPA civil penalty found under the company's name, former names or 10-K subsidiaries with a settlement in 2019-2023 (ECHO file retrieved 2026-09-13)"
FLEX,2024,0.0,EPA ECHO ICIS-FE&C civil enforcement cases,https://echo.epa.gov/facilities/enforcement-case-search,2026-09-13,"no federal EPA civil penalty found under the company's name, former names or 10-K subsidiaries with a settlement in 2020-2024 (ECHO file retrieved 2026-09-13)"
FLEX,2025,0.0,EPA ECHO ICIS-FE&C civil enforcement cases,https://echo.epa.gov/facilities/enforcement-case-search,2026-09-13,"no federal EPA civil penalty found under the company's name, former names or 10-K subsidiaries with a settlement in 2021-2025 (ECHO file retrieved 2026-09-13)"
FOX,2020,0.0,EPA ECHO ICIS-FE&C civil enforcement cases,https://echo.epa.gov/facilities/enforcement-case-search,2026-09-13,"no federal EPA civil penalty found under the company's name, former names or 10-K subsidiaries with a settlement in 2016-2020 (ECHO file retrieved 2026-09-13)"
FOX,2021,0.0,EPA ECHO ICIS-FE&C civil enforcement cases,https://echo.epa.gov/facilities/enforcement-case-search,2026-09-13,"no federal EPA civil penalty found under the company's name, former names or 10-K subsidiaries with a settlement in 2017-2021 (ECHO file retrieved 2026-09-13)"
FOX,2022,0.0,EPA ECHO ICIS-FE&C civil enforcement cases,https://echo.epa.gov/facilities/enforcement-case-search,2026-09-13,"no federal EPA civil penalty found under the company's name, former names or 10-K subsidiaries with a settlement in 2018-2022 (ECHO file retrieved 2026-09-13)"
FOX,2023,0.0,EPA ECHO ICIS-FE&C civil enforcement cases,https://echo.epa.gov/facilities/enforcement-case-search,2026-09-13,"no federal EPA civil penalty found under the company's name, former names or 10-K subsidiaries with a settlement in 2019-2023 (ECHO file retrieved 2026-09-13)"
FOX,2024,0.0,EPA ECHO ICIS-FE&C civil enforcement cases,https://echo.epa.gov/facilities/enforcement-case-search,2026-09-13,"no federal EPA civil penalty found under the company's name, former names or 10-K subsidiaries with a settlement in 2020-2024 (ECHO file retrieved 2026-09-13)"
FOX,2025,0.0,EPA ECHO ICIS-FE&C civil enforcement cases,https://echo.epa.gov/facilities/enforcement-case-search,2026-09-13,"no federal EPA civil penalty found under the company's name, former names or 10-K subsidiaries with a settlement in 2021-2025 (ECHO file retrieved 2026-09-13)"
FOXA,2020,0.0,EPA ECHO ICIS-FE&C civil enforcement cases,https://echo.epa.gov/facilities/enforcement-case-search,2026-09-13,"no federal EPA civil penalty found under the company's name, former names or 10-K subsidiaries with a settlement in 2016-2020 (ECHO file retrieved 2026-09-13)"
FOXA,2021,0.0,EPA ECHO ICIS-FE&C civil enforcement cases,https://echo.epa.gov/facilities/enforcement-case-search,2026-09-13,"no federal EPA civil penalty found under the company's name, former names or 10-K subsidiaries with a settlement in 2017-2021 (ECHO file retrieved 2026-09-13)"
FOXA,2022,0.0,EPA ECHO ICIS-FE&C civil enforcement cases,https://echo.epa.gov/facilities/enforcement-case-search,2026-09-13,"no federal EPA civil penalty found under the company's name, former names or 10-K subsidiaries with a settlement in 2018-2022 (ECHO file retrieved 2026-09-13)"
FOXA,2023,0.0,EPA ECHO ICIS-FE&C civil enforcement cases,https://echo.epa.gov/facilities/enforcement-case-search,2026-09-13,"no federal EPA civil penalty found under the company's name, former names or 10-K subsidiaries with a settlement in 2019-2023 (ECHO file retrieved 2026-09-13)"
FOXA,2024,0.0,EPA ECHO ICIS-FE&C civil enforcement cases,https://echo.epa.gov/facilities/enforcement-case-search,2026-09-13,"no federal EPA civil penalty found under the company's name, former names or 10-K subsidiaries with a settlement in 2020-2024 (ECHO file retrieved 2026-09-13)"
FOXA,2025,0.0,EPA ECHO ICIS-FE&C civil enforcement cases,https://echo.epa.gov/facilities/enforcement-case-search,2026-09-13,"no federal EPA civil penalty found under the company's name, former names or 10-K subsidiaries with a settlement in 2021-2025 (ECHO file retrieved 2026-09-13)"
FRT,2020,0.0,EPA ECHO ICIS-FE&C civil enforcement cases,https://echo.epa.gov/facilities/enforcement-case-search,2026-09-13,"no federal EPA civil penalty found under the company's name, former names or 10-K subsidiaries with a settlement in 2016-2020 (ECHO file retrieved 2026-09-13)"
FRT,2021,0.0,EPA ECHO ICIS-FE&C civil enforcement cases,https://echo.epa.gov/facilities/enforcement-case-search,2026-09-13,"no federal EPA civil penalty found under the company's name, former names or 10-K subsidiaries with a settlement in 2017-2021 (ECHO file retrieved 2026-09-13)"
FRT,2022,0.0,EPA ECHO ICIS-FE&C civil enforcement cases,https://echo.epa.gov/facilities/enforcement-case-search,2026-09-13,"no federal EPA civil penalty found under the company's name, former names or 10-K subsidiaries with a settlement in 2018-2022 (ECHO file retrieved 2026-09-13)"
FRT,2023,0.0,EPA ECHO ICIS-FE&C civil enforcement cases,https://echo.epa.gov/facilities/enforcement-case-search,2026-09-13,"no federal EPA civil penalty found under the company's name, former names or 10-K subsidiaries with a settlement in 2019-2023 (ECHO file retrieved 2026-09-13)"
FRT,2024,0.0,EPA ECHO ICIS-FE&C civil enforcement cases,https://echo.epa.gov/facilities/enforcement-case-search,2026-09-13,"no federal EPA civil penalty found under the company's name, former names or 10-K subsidiaries with a settlement in 2020-2024 (ECHO file retrieved 2026-09-13)"
FRT,2025,0.0,EPA ECHO ICIS-FE&C civil enforcement cases,https://echo.epa.gov/facilities/enforcement-case-search,2026-09-13,"no federal EPA civil penalty found under the company's name, former names or 10-K subsidiaries with a settlement in 2021-2025 (ECHO file retrieved 2026-09-13)"
FSLR,2020,0.0,EPA ECHO ICIS-FE&C civil enforcement cases,https://echo.epa.gov/facilities/enforcement-case-search,2026-09-13,"no federal EPA civil penalty found under the company's name, former names or 10-K subsidiaries with a settlement in 2016-2020 (ECHO file retrieved 2026-09-13)"
FSLR,2021,0.0,EPA ECHO ICIS-FE&C civil enforcement cases,https://echo.epa.gov/facilities/enforcement-case-search,2026-09-13,"no federal EPA civil penalty found under the company's name, former names or 10-K subsidiaries with a settlement in 2017-2021 (ECHO file retrieved 2026-09-13)"
FSLR,2022,0.0,EPA ECHO ICIS-FE&C civil enforcement cases,https://echo.epa.gov/facilities/enforcement-case-search,2026-09-13,"no federal EPA civil penalty found under the company's name, former names or 10-K subsidiaries with a settlement in 2018-2022 (ECHO file retrieved 2026-09-13)"
FSLR,2023,0.0,EPA ECHO ICIS-FE&C civil enforcement cases,https://echo.epa.gov/facilities/enforcement-case-search,2026-09-13,"no federal EPA civil penalty found under the company's name, former names or 10-K subsidiaries with a settlement in 2019-2023 (ECHO file retrieved 2026-09-13)"
FSLR,2024,0.0,EPA ECHO ICIS-FE&C civil enforcement cases,https://echo.epa.gov/facilities/enforcement-case-search,2026-09-13,"no federal EPA civil penalty found under the company's name, former names or 10-K subsidiaries with a settlement in 2020-2024 (ECHO file retrieved 2026-09-13)"
FSLR,2025,0.0,EPA ECHO ICIS-FE&C civil enforcement cases,https://echo.epa.gov/facilities/enforcement-case-search,2026-09-13,"no federal EPA civil penalty found under the company's name, former names or 10-K subsidiaries with a settlement in 2021-2025 (ECHO file retrieved 2026-09-13)"
FTNT,2020,0.0,EPA ECHO ICIS-FE&C civil enforcement cases,https://echo.epa.gov/facilities/enforcement-case-search,2026-09-13,"no federal EPA civil penalty found under the company's name, former names or 10-K subsidiaries with a settlement in 2016-2020 (ECHO file retrieved 2026-09-13)"
FTNT,2021,0.0,EPA ECHO ICIS-FE&C civil enforcement cases,https://echo.epa.gov/facilities/enforcement-case-search,2026-09-13,"no federal EPA civil penalty found under the company's name, former names or 10-K subsidiaries with a settlement in 2017-2021 (ECHO file retrieved 2026-09-13)"
FTNT,2022,0.0,EPA ECHO ICIS-FE&C civil enforcement cases,https://echo.epa.gov/facilities/enforcement-case-search,2026-09-13,"no federal EPA civil penalty found under the company's name, former names or 10-K subsidiaries with a settlement in 2018-2022 (ECHO file retrieved 2026-09-13)"
FTNT,2023,0.0,EPA ECHO ICIS-FE&C civil enforcement cases,https://echo.epa.gov/facilities/enforcement-case-search,2026-09-13,"no federal EPA civil penalty found under the company's name, former names or 10-K subsidiaries with a settlement in 2019-2023 (ECHO file retrieved 2026-09-13)"
FTNT,2024,0.0,EPA ECHO ICIS-FE&C civil enforcement cases,https://echo.epa.gov/facilities/enforcement-case-search,2026-09-13,"no federal EPA civil penalty found under the company's name, former names or 10-K subsidiaries with a settlement in 2020-2024 (ECHO file retrieved 2026-09-13)"
FTNT,2025,0.0,EPA ECHO ICIS-FE&C civil enforcement cases,https://echo.epa.gov/facilities/enforcement-case-search,2026-09-13,"no federal EPA civil penalty found under the company's name, former names or 10-K subsidiaries with a settlement in 2021-2025 (ECHO file retrieved 2026-09-13)"
FTV,2020,0.0,EPA ECHO ICIS-FE&C civil enforcement cases,https://echo.epa.gov/facilities/enforcement-case-search,2026-09-13,"no federal EPA civil penalty found under the company's name, former names or 10-K subsidiaries with a settlement in 2016-2020 (ECHO file retrieved 2026-09-13)"
FTV,2021,0.0,EPA ECHO ICIS-FE&C civil enforcement cases,https://echo.epa.gov/facilities/enforcement-case-search,2026-09-13,"no federal EPA civil penalty found under the company's name, former names or 10-K subsidiaries with a settlement in 2017-2021 (ECHO file retrieved 2026-09-13)"
FTV,2022,0.0,EPA ECHO ICIS-FE&C civil enforcement cases,https://echo.epa.gov/facilities/enforcement-case-search,2026-09-13,"no federal EPA civil penalty found under the company's name, former names or 10-K subsidiaries with a settlement in 2018-2022 (ECHO file retrieved 2026-09-13)"
FTV,2023,0.0,EPA ECHO ICIS-FE&C civil enforcement cases,https://echo.epa.gov/facilities/enforcement-case-search,2026-09-13,"no federal EPA civil penalty found under the company's name, former names or 10-K subsidiaries with a settlement in 2019-2023 (ECHO file retrieved 2026-09-13)"
FTV,2024,0.0,EPA ECHO ICIS-FE&C civil enforcement cases,https://echo.epa.gov/facilities/enforcement-case-search,2026-09-13,"no federal EPA civil penalty found under the company's name, former names or 10-K subsidiaries with a settlement in 2020-2024 (ECHO file retrieved 2026-09-13)"
FTV,2025,0.0,EPA ECHO ICIS-FE&C civil enforcement cases,https://echo.epa.gov/facilities/enforcement-case-search,2026-09-13,"no federal EPA civil penalty found under the company's name, former names or 10-K subsidiaries with a settlement in 2021-2025 (ECHO file retrieved 2026-09-13)"
GD,2020,12742.11,EPA ECHO ICIS-FE&C civil enforcement cases,https://echo.epa.gov/enforcement-case-report?id=01-2018-2020,2026-09-13,"4 case(s), $445,979 in 2016-2020 over mean revenue $35.0bn; largest: case 01-2018-2020 (2018), defendant 'Bath Iron Works', $355,000"
GD,2021,11958.86,EPA ECHO ICIS-FE&C civil enforcement cases,https://echo.epa.gov/enforcement-case-report?id=01-2018-2020,2026-09-13,"3 case(s), $437,479 in 2017-2021 over mean revenue $36.6bn; largest: case 01-2018-2020 (2018), defendant 'Bath Iron Works', $355,000"
GD,2022,11431.74,EPA ECHO ICIS-FE&C civil enforcement cases,https://echo.epa.gov/enforcement-case-report?id=01-2018-2020,2026-09-13,"3 case(s), $437,479 in 2018-2022 over mean revenue $38.3bn; largest: case 01-2018-2020 (2018), defendant 'Bath Iron Works', $355,000"
GD,2023,569.31,EPA ECHO ICIS-FE&C civil enforcement cases,https://echo.epa.gov/enforcement-case-report?id=01-2020-7001,2026-09-13,"1 case(s), $22,479 in 2019-2023 over mean revenue $39.5bn; largest: case 01-2020-7001 (2020), defendant 'BATH IRON WORKS CORPORATION', $22,479"
GD,2024,546.17,EPA ECHO ICIS-FE&C civil enforcement cases,https://echo.epa.gov/enforcement-case-report?id=01-2020-7001,2026-09-13,"1 case(s), $22,479 in 2020-2024 over mean revenue $41.2bn; largest: case 01-2020-7001 (2020), defendant 'BATH IRON WORKS CORPORATION', $22,479"
GD,2025,0.0,EPA ECHO ICIS-FE&C civil enforcement cases,https://echo.epa.gov/facilities/enforcement-case-search,2026-09-13,"no federal EPA civil penalty found under the company's name, former names or 10-K subsidiaries with a settlement in 2021-2025 (ECHO file retrieved 2026-09-13)"
GDDY,2020,0.0,EPA ECHO ICIS-FE&C civil enforcement cases,https://echo.epa.gov/facilities/enforcement-case-search,2026-09-13,"no federal EPA civil penalty found under the company's name, former names or 10-K subsidiaries with a settlement in 2016-2020 (ECHO file retrieved 2026-09-13)"
GDDY,2021,0.0,EPA ECHO ICIS-FE&C civil enforcement cases,https://echo.epa.gov/facilities/enforcement-case-search,2026-09-13,"no federal EPA civil penalty found under the company's name, former names or 10-K subsidiaries with a settlement in 2017-2021 (ECHO file retrieved 2026-09-13)"
GDDY,2022,0.0,EPA ECHO ICIS-FE&C civil enforcement cases,https://echo.epa.gov/facilities/enforcement-case-search,2026-09-13,"no federal EPA civil penalty found under the company's name, former names or 10-K subsidiaries with a settlement in 2018-2022 (ECHO file retrieved 2026-09-13)"
GDDY,2023,0.0,EPA ECHO ICIS-FE&C civil enforcement cases,https://echo.epa.gov/facilities/enforcement-case-search,2026-09-13,"no federal EPA civil penalty found under the company's name, former names or 10-K subsidiaries with a settlement in 2019-2023 (ECHO file retrieved 2026-09-13)"
GDDY,2024,0.0,EPA ECHO ICIS-FE&C civil enforcement cases,https://echo.epa.gov/facilities/enforcement-case-search,2026-09-13,"no federal EPA civil penalty found under the company's name, former names or 10-K subsidiaries with a settlement in 2020-2024 (ECHO file retrieved 2026-09-13)"
GDDY,2025,0.0,EPA ECHO ICIS-FE&C civil enforcement cases,https://echo.epa.gov/facilities/enforcement-case-search,2026-09-13,"no federal EPA civil penalty found under the company's name, former names or 10-K subsidiaries with a settlement in 2021-2025 (ECHO file retrieved 2026-09-13)"
GE,2020,0.0,EPA ECHO ICIS-FE&C civil enforcement cases,https://echo.epa.gov/facilities/enforcement-case-search,2026-09-13,"no federal EPA civil penalty found under the company's name, former names or 10-K subsidiaries with a settlement in 2016-2020 (ECHO file retrieved 2026-09-13)"
GE,2021,0.0,EPA ECHO ICIS-FE&C civil enforcement cases,https://echo.epa.gov/facilities/enforcement-case-search,2026-09-13,"no federal EPA civil penalty found under the company's name, former names or 10-K subsidiaries with a settlement in 2017-2021 (ECHO file retrieved 2026-09-13)"
GE,2022,0.0,EPA ECHO ICIS-FE&C civil enforcement cases,https://echo.epa.gov/facilities/enforcement-case-search,2026-09-13,"no federal EPA civil penalty found under the company's name, former names or 10-K subsidiaries with a settlement in 2018-2022 (ECHO file retrieved 2026-09-13)"
GE,2023,0.0,EPA ECHO ICIS-FE&C civil enforcement cases,https://echo.epa.gov/facilities/enforcement-case-search,2026-09-13,"no federal EPA civil penalty found under the company's name, former names or 10-K subsidiaries with a settlement in 2019-2023 (ECHO file retrieved 2026-09-13)"
GE,2024,0.0,EPA ECHO ICIS-FE&C civil enforcement cases,https://echo.epa.gov/facilities/enforcement-case-search,2026-09-13,"no federal EPA civil penalty found under the company's name, former names or 10-K subsidiaries with a settlement in 2020-2024 (ECHO file retrieved 2026-09-13)"
GE,2025,0.0,EPA ECHO ICIS-FE&C civil enforcement cases,https://echo.epa.gov/facilities/enforcement-case-search,2026-09-13,"no federal EPA civil penalty found under the company's name, former names or 10-K subsidiaries with a settlement in 2021-2025 (ECHO file retrieved 2026-09-13)"
GEHC,2023,0.0,EPA ECHO ICIS-FE&C civil enforcement cases,https://echo.epa.gov/facilities/enforcement-case-search,2026-09-13,"no federal EPA civil penalty found under the company's name, former names or 10-K subsidiaries with a settlement in 2019-2023 (ECHO file retrieved 2026-09-13)"
GEHC,2024,0.0,EPA ECHO ICIS-FE&C civil enforcement cases,https://echo.epa.gov/facilities/enforcement-case-search,2026-09-13,"no federal EPA civil penalty found under the company's name, former names or 10-K subsidiaries with a settlement in 2020-2024 (ECHO file retrieved 2026-09-13)"
GEHC,2025,0.0,EPA ECHO ICIS-FE&C civil enforcement cases,https://echo.epa.gov/facilities/enforcement-case-search,2026-09-13,"no federal EPA civil penalty found under the company's name, former names or 10-K subsidiaries with a settlement in 2021-2025 (ECHO file retrieved 2026-09-13)"
GEN,2020,0.0,EPA ECHO ICIS-FE&C civil enforcement cases,https://echo.epa.gov/facilities/enforcement-case-search,2026-09-13,"no federal EPA civil penalty found under the company's name, former names or 10-K subsidiaries with a settlement in 2016-2020 (ECHO file retrieved 2026-09-13)"
GEN,2021,0.0,EPA ECHO ICIS-FE&C civil enforcement cases,https://echo.epa.gov/facilities/enforcement-case-search,2026-09-13,"no federal EPA civil penalty found under the company's name, former names or 10-K subsidiaries with a settlement in 2017-2021 (ECHO file retrieved 2026-09-13)"
GEN,2022,0.0,EPA ECHO ICIS-FE&C civil enforcement cases,https://echo.epa.gov/facilities/enforcement-case-search,2026-09-13,"no federal EPA civil penalty found under the company's name, former names or 10-K subsidiaries with a settlement in 2018-2022 (ECHO file retrieved 2026-09-13)"
GEN,2023,0.0,EPA ECHO ICIS-FE&C civil enforcement cases,https://echo.epa.gov/facilities/enforcement-case-search,2026-09-13,"no federal EPA civil penalty found under the company's name, former names or 10-K subsidiaries with a settlement in 2019-2023 (ECHO file retrieved 2026-09-13)"
GEN,2024,0.0,EPA ECHO ICIS-FE&C civil enforcement cases,https://echo.epa.gov/facilities/enforcement-case-search,2026-09-13,"no federal EPA civil penalty found under the company's name, former names or 10-K subsidiaries with a settlement in 2020-2024 (ECHO file retrieved 2026-09-13)"
GEN,2025,0.0,EPA ECHO ICIS-FE&C civil enforcement cases,https://echo.epa.gov/facilities/enforcement-case-search,2026-09-13,"no federal EPA civil penalty found under the company's name, former names or 10-K subsidiaries with a settlement in 2021-2025 (ECHO file retrieved 2026-09-13)"
GEV,2024,0.0,EPA ECHO ICIS-FE&C civil enforcement cases,https://echo.epa.gov/facilities/enforcement-case-search,2026-09-13,"no federal EPA civil penalty found under the company's name, former names or 10-K subsidiaries with a settlement in 2020-2024 (ECHO file retrieved 2026-09-13)"
GEV,2025,0.0,EPA ECHO ICIS-FE&C civil enforcement cases,https://echo.epa.gov/facilities/enforcement-case-search,2026-09-13,"no federal EPA civil penalty found under the company's name, former names or 10-K subsidiaries with a settlement in 2021-2025 (ECHO file retrieved 2026-09-13)"
GILD,2020,0.0,EPA ECHO ICIS-FE&C civil enforcement cases,https://echo.epa.gov/facilities/enforcement-case-search,2026-09-13,"no federal EPA civil penalty found under the company's name, former names or 10-K subsidiaries with a settlement in 2016-2020 (ECHO file retrieved 2026-09-13)"
GILD,2021,0.0,EPA ECHO ICIS-FE&C civil enforcement cases,https://echo.epa.gov/facilities/enforcement-case-search,2026-09-13,"no federal EPA civil penalty found under the company's name, former names or 10-K subsidiaries with a settlement in 2017-2021 (ECHO file retrieved 2026-09-13)"
GILD,2022,0.0,EPA ECHO ICIS-FE&C civil enforcement cases,https://echo.epa.gov/facilities/enforcement-case-search,2026-09-13,"no federal EPA civil penalty found under the company's name, former names or 10-K subsidiaries with a settlement in 2018-2022 (ECHO file retrieved 2026-09-13)"
GILD,2023,0.0,EPA ECHO ICIS-FE&C civil enforcement cases,https://echo.epa.gov/facilities/enforcement-case-search,2026-09-13,"no federal EPA civil penalty found under the company's name, former names or 10-K subsidiaries with a settlement in 2019-2023 (ECHO file retrieved 2026-09-13)"
GILD,2024,0.0,EPA ECHO ICIS-FE&C civil enforcement cases,https://echo.epa.gov/facilities/enforcement-case-search,2026-09-13,"no federal EPA civil penalty found under the company's name, former names or 10-K subsidiaries with a settlement in 2020-2024 (ECHO file retrieved 2026-09-13)"
GILD,2025,0.0,EPA ECHO ICIS-FE&C civil enforcement cases,https://echo.epa.gov/facilities/enforcement-case-search,2026-09-13,"no federal EPA civil penalty found under the company's name, former names or 10-K subsidiaries with a settlement in 2021-2025 (ECHO file retrieved 2026-09-13)"
GIS,2020,8518.2,EPA ECHO ICIS-FE&C civil enforcement cases,https://echo.epa.gov/enforcement-case-report?id=05-2019-7523,2026-09-13,"1 case(s), $143,070 in 2016-2020 over mean revenue $16.8bn; largest: case 05-2019-7523 (2019), defendant 'GENERAL MILLS, INC.', $143,070"
GIS,2021,17523.47,EPA ECHO ICIS-FE&C civil enforcement cases,https://echo.epa.gov/enforcement-case-report?id=05-2019-7523,2026-09-13,"3 case(s), $306,142 in 2017-2021 over mean revenue $17.5bn; largest: case 05-2019-7523 (2019), defendant 'GENERAL MILLS, INC.', $143,070"
GIS,2022,16691.53,EPA ECHO ICIS-FE&C civil enforcement cases,https://echo.epa.gov/enforcement-case-report?id=05-2019-7523,2026-09-13,"3 case(s), $306,142 in 2018-2022 over mean revenue $18.3bn; largest: case 05-2019-7523 (2019), defendant 'GENERAL MILLS, INC.', $143,070"
GIS,2023,19913.98,EPA ECHO ICIS-FE&C civil enforcement cases,https://echo.epa.gov/enforcement-case-report?id=05-2019-7523,2026-09-13,"5 case(s), $377,162 in 2019-2023 over mean revenue $18.9bn; largest: case 05-2019-7523 (2019), defendant 'GENERAL MILLS, INC.', $143,070"
GIS,2024,12121.86,EPA ECHO ICIS-FE&C civil enforcement cases,https://echo.epa.gov/enforcement-case-report?id=05-2022-7573,2026-09-13,"4 case(s), $234,092 in 2020-2024 over mean revenue $19.3bn; largest: case 05-2022-7573 (2021), defendant 'GENERAL MILLS', $123,072"
GIS,2025,12084.61,EPA ECHO ICIS-FE&C civil enforcement cases,https://echo.epa.gov/enforcement-case-report?id=05-2022-7573,2026-09-13,"4 case(s), $234,092 in 2021-2025 over mean revenue $19.4bn; largest: case 05-2022-7573 (2021), defendant 'GENERAL MILLS', $123,072"
GL,2020,0.0,EPA ECHO ICIS-FE&C civil enforcement cases,https://echo.epa.gov/facilities/enforcement-case-search,2026-09-13,"no federal EPA civil penalty found under the company's name, former names or 10-K subsidiaries with a settlement in 2016-2020 (ECHO file retrieved 2026-09-13)"
GL,2021,0.0,EPA ECHO ICIS-FE&C civil enforcement cases,https://echo.epa.gov/facilities/enforcement-case-search,2026-09-13,"no federal EPA civil penalty found under the company's name, former names or 10-K subsidiaries with a settlement in 2017-2021 (ECHO file retrieved 2026-09-13)"
GL,2022,0.0,EPA ECHO ICIS-FE&C civil enforcement cases,https://echo.epa.gov/facilities/enforcement-case-search,2026-09-13,"no federal EPA civil penalty found under the company's name, former names or 10-K subsidiaries with a settlement in 2018-2022 (ECHO file retrieved 2026-09-13)"
GL,2023,0.0,EPA ECHO ICIS-FE&C civil enforcement cases,https://echo.epa.gov/facilities/enforcement-case-search,2026-09-13,"no federal EPA civil penalty found under the company's name, former names or 10-K subsidiaries with a settlement in 2019-2023 (ECHO file retrieved 2026-09-13)"
GL,2024,0.0,EPA ECHO ICIS-FE&C civil enforcement cases,https://echo.epa.gov/facilities/enforcement-case-search,2026-09-13,"no federal EPA civil penalty found under the company's name, former names or 10-K subsidiaries with a settlement in 2020-2024 (ECHO file retrieved 2026-09-13)"
GL,2025,0.0,EPA ECHO ICIS-FE&C civil enforcement cases,https://echo.epa.gov/facilities/enforcement-case-search,2026-09-13,"no federal EPA civil penalty found under the company's name, former names or 10-K subsidiaries with a settlement in 2021-2025 (ECHO file retrieved 2026-09-13)"
GLW,2020,2493.62,EPA ECHO ICIS-FE&C civil enforcement cases,https://echo.epa.gov/enforcement-case-report?id=02-2018-2004,2026-09-13,"2 case(s), $26,733 in 2016-2020 over mean revenue $10.7bn; largest: case 02-2018-2004 (2018), defendant 'Corning Incorporated', $26,500"
GLW,2021,2272.96,EPA ECHO ICIS-FE&C civil enforcement cases,https://echo.epa.gov/enforcement-case-report?id=02-2018-2004,2026-09-13,"1 case(s), $26,500 in 2017-2021 over mean revenue $11.7bn; largest: case 02-2018-2004 (2018), defendant 'Corning Incorporated', $26,500"
GLW,2022,2124.52,EPA ECHO ICIS-FE&C civil enforcement cases,https://echo.epa.gov/enforcement-case-report?id=02-2018-2004,2026-09-13,"1 case(s), $26,500 in 2018-2022 over mean revenue $12.5bn; largest: case 02-2018-2004 (2018), defendant 'Corning Incorporated', $26,500"
GLW,2023,0.0,EPA ECHO ICIS-FE&C civil enforcement cases,https://echo.epa.gov/facilities/enforcement-case-search,2026-09-13,"no federal EPA civil penalty found under the company's name, former names or 10-K subsidiaries with a settlement in 2019-2023 (ECHO file retrieved 2026-09-13)"
GLW,2024,0.0,EPA ECHO ICIS-FE&C civil enforcement cases,https://echo.epa.gov/facilities/enforcement-case-search,2026-09-13,"no federal EPA civil penalty found under the company's name, former names or 10-K subsidiaries with a settlement in 2020-2024 (ECHO file retrieved 2026-09-13)"
GLW,2025,0.0,EPA ECHO ICIS-FE&C civil enforcement cases,https://echo.epa.gov/facilities/enforcement-case-search,2026-09-13,"no federal EPA civil penalty found under the company's name, former names or 10-K subsidiaries with a settlement in 2021-2025 (ECHO file retrieved 2026-09-13)"
GM,2020,0.0,EPA ECHO ICIS-FE&C civil enforcement cases,https://echo.epa.gov/facilities/enforcement-case-search,2026-09-13,"no federal EPA civil penalty found under the company's name, former names or 10-K subsidiaries with a settlement in 2016-2020 (ECHO file retrieved 2026-09-13)"
GM,2021,0.0,EPA ECHO ICIS-FE&C civil enforcement cases,https://echo.epa.gov/facilities/enforcement-case-search,2026-09-13,"no federal EPA civil penalty found under the company's name, former names or 10-K subsidiaries with a settlement in 2017-2021 (ECHO file retrieved 2026-09-13)"
GM,2022,0.0,EPA ECHO ICIS-FE&C civil enforcement cases,https://echo.epa.gov/facilities/enforcement-case-search,2026-09-13,"no federal EPA civil penalty found under the company's name, former names or 10-K subsidiaries with a settlement in 2018-2022 (ECHO file retrieved 2026-09-13)"
GM,2023,2286.27,EPA ECHO ICIS-FE&C civil enforcement cases,https://echo.epa.gov/enforcement-case-report?id=HQ-2023-5008,2026-09-13,"1 case(s), $327,075 in 2019-2023 over mean revenue $143.1bn; largest: case HQ-2023-5008 (2023), defendant 'Ultium Cells LLC', $327,075"
GM,2024,2136.33,EPA ECHO ICIS-FE&C civil enforcement cases,https://echo.epa.gov/enforcement-case-report?id=HQ-2023-5008,2026-09-13,"1 case(s), $327,075 in 2020-2024 over mean revenue $153.1bn; largest: case HQ-2023-5008 (2023), defendant 'Ultium Cells LLC', $327,075"
GM,2025,1974.99,EPA ECHO ICIS-FE&C civil enforcement cases,https://echo.epa.gov/enforcement-case-report?id=HQ-2023-5008,2026-09-13,"1 case(s), $327,075 in 2021-2025 over mean revenue $165.6bn; largest: case HQ-2023-5008 (2023), defendant 'Ultium Cells LLC', $327,075"
GNRC,2020,0.0,EPA ECHO ICIS-FE&C civil enforcement cases,https://echo.epa.gov/facilities/enforcement-case-search,2026-09-13,"no federal EPA civil penalty found under the company's name, former names or 10-K subsidiaries with a settlement in 2016-2020 (ECHO file retrieved 2026-09-13)"
GNRC,2021,0.0,EPA ECHO ICIS-FE&C civil enforcement cases,https://echo.epa.gov/facilities/enforcement-case-search,2026-09-13,"no federal EPA civil penalty found under the company's name, former names or 10-K subsidiaries with a settlement in 2017-2021 (ECHO file retrieved 2026-09-13)"
GNRC,2022,0.0,EPA ECHO ICIS-FE&C civil enforcement cases,https://echo.epa.gov/facilities/enforcement-case-search,2026-09-13,"no federal EPA civil penalty found under the company's name, former names or 10-K subsidiaries with a settlement in 2018-2022 (ECHO file retrieved 2026-09-13)"
GNRC,2023,0.0,EPA ECHO ICIS-FE&C civil enforcement cases,https://echo.epa.gov/facilities/enforcement-case-search,2026-09-13,"no federal EPA civil penalty found under the company's name, former names or 10-K subsidiaries with a settlement in 2019-2023 (ECHO file retrieved 2026-09-13)"
GNRC,2024,0.0,EPA ECHO ICIS-FE&C civil enforcement cases,https://echo.epa.gov/facilities/enforcement-case-search,2026-09-13,"no federal EPA civil penalty found under the company's name, former names or 10-K subsidiaries with a settlement in 2020-2024 (ECHO file retrieved 2026-09-13)"
GNRC,2025,0.0,EPA ECHO ICIS-FE&C civil enforcement cases,https://echo.epa.gov/facilities/enforcement-case-search,2026-09-13,"no federal EPA civil penalty found under the company's name, former names or 10-K subsidiaries with a settlement in 2021-2025 (ECHO file retrieved 2026-09-13)"
GOOG,2020,0.0,EPA ECHO ICIS-FE&C civil enforcement cases,https://echo.epa.gov/facilities/enforcement-case-search,2026-09-13,"no federal EPA civil penalty found under the company's name, former names or 10-K subsidiaries with a settlement in 2016-2020 (ECHO file retrieved 2026-09-13)"
GOOG,2021,0.0,EPA ECHO ICIS-FE&C civil enforcement cases,https://echo.epa.gov/facilities/enforcement-case-search,2026-09-13,"no federal EPA civil penalty found under the company's name, former names or 10-K subsidiaries with a settlement in 2017-2021 (ECHO file retrieved 2026-09-13)"
GOOG,2022,0.0,EPA ECHO ICIS-FE&C civil enforcement cases,https://echo.epa.gov/facilities/enforcement-case-search,2026-09-13,"no federal EPA civil penalty found under the company's name, former names or 10-K subsidiaries with a settlement in 2018-2022 (ECHO file retrieved 2026-09-13)"
GOOG,2023,0.0,EPA ECHO ICIS-FE&C civil enforcement cases,https://echo.epa.gov/facilities/enforcement-case-search,2026-09-13,"no federal EPA civil penalty found under the company's name, former names or 10-K subsidiaries with a settlement in 2019-2023 (ECHO file retrieved 2026-09-13)"
GOOG,2024,0.0,EPA ECHO ICIS-FE&C civil enforcement cases,https://echo.epa.gov/facilities/enforcement-case-search,2026-09-13,"no federal EPA civil penalty found under the company's name, former names or 10-K subsidiaries with a settlement in 2020-2024 (ECHO file retrieved 2026-09-13)"
GOOG,2025,0.0,EPA ECHO ICIS-FE&C civil enforcement cases,https://echo.epa.gov/facilities/enforcement-case-search,2026-09-13,"no federal EPA civil penalty found under the company's name, former names or 10-K subsidiaries with a settlement in 2021-2025 (ECHO file retrieved 2026-09-13)"
GOOGL,2020,0.0,EPA ECHO ICIS-FE&C civil enforcement cases,https://echo.epa.gov/facilities/enforcement-case-search,2026-09-13,"no federal EPA civil penalty found under the company's name, former names or 10-K subsidiaries with a settlement in 2016-2020 (ECHO file retrieved 2026-09-13)"
GOOGL,2021,0.0,EPA ECHO ICIS-FE&C civil enforcement cases,https://echo.epa.gov/facilities/enforcement-case-search,2026-09-13,"no federal EPA civil penalty found under the company's name, former names or 10-K subsidiaries with a settlement in 2017-2021 (ECHO file retrieved 2026-09-13)"
GOOGL,2022,0.0,EPA ECHO ICIS-FE&C civil enforcement cases,https://echo.epa.gov/facilities/enforcement-case-search,2026-09-13,"no federal EPA civil penalty found under the company's name, former names or 10-K subsidiaries with a settlement in 2018-2022 (ECHO file retrieved 2026-09-13)"
GOOGL,2023,0.0,EPA ECHO ICIS-FE&C civil enforcement cases,https://echo.epa.gov/facilities/enforcement-case-search,2026-09-13,"no federal EPA civil penalty found under the company's name, former names or 10-K subsidiaries with a settlement in 2019-2023 (ECHO file retrieved 2026-09-13)"
GOOGL,2024,0.0,EPA ECHO ICIS-FE&C civil enforcement cases,https://echo.epa.gov/facilities/enforcement-case-search,2026-09-13,"no federal EPA civil penalty found under the company's name, former names or 10-K subsidiaries with a settlement in 2020-2024 (ECHO file retrieved 2026-09-13)"
GOOGL,2025,0.0,EPA ECHO ICIS-FE&C civil enforcement cases,https://echo.epa.gov/facilities/enforcement-case-search,2026-09-13,"no federal EPA civil penalty found under the company's name, former names or 10-K subsidiaries with a settlement in 2021-2025 (ECHO file retrieved 2026-09-13)"
GPC,2020,0.0,EPA ECHO ICIS-FE&C civil enforcement cases,https://echo.epa.gov/facilities/enforcement-case-search,2026-09-13,"no federal EPA civil penalty found under the company's name, former names or 10-K subsidiaries with a settlement in 2016-2020 (ECHO file retrieved 2026-09-13)"
GPC,2021,0.0,EPA ECHO ICIS-FE&C civil enforcement cases,https://echo.epa.gov/facilities/enforcement-case-search,2026-09-13,"no federal EPA civil penalty found under the company's name, former names or 10-K subsidiaries with a settlement in 2017-2021 (ECHO file retrieved 2026-09-13)"
GPC,2022,0.0,EPA ECHO ICIS-FE&C civil enforcement cases,https://echo.epa.gov/facilities/enforcement-case-search,2026-09-13,"no federal EPA civil penalty found under the company's name, former names or 10-K subsidiaries with a settlement in 2018-2022 (ECHO file retrieved 2026-09-13)"
GPC,2023,0.0,EPA ECHO ICIS-FE&C civil enforcement cases,https://echo.epa.gov/facilities/enforcement-case-search,2026-09-13,"no federal EPA civil penalty found under the company's name, former names or 10-K subsidiaries with a settlement in 2019-2023 (ECHO file retrieved 2026-09-13)"
GPC,2024,0.0,EPA ECHO ICIS-FE&C civil enforcement cases,https://echo.epa.gov/facilities/enforcement-case-search,2026-09-13,"no federal EPA civil penalty found under the company's name, former names or 10-K subsidiaries with a settlement in 2020-2024 (ECHO file retrieved 2026-09-13)"
GPC,2025,0.0,EPA ECHO ICIS-FE&C civil enforcement cases,https://echo.epa.gov/facilities/enforcement-case-search,2026-09-13,"no federal EPA civil penalty found under the company's name, former names or 10-K subsidiaries with a settlement in 2021-2025 (ECHO file retrieved 2026-09-13)"
GPN,2020,0.0,EPA ECHO ICIS-FE&C civil enforcement cases,https://echo.epa.gov/facilities/enforcement-case-search,2026-09-13,"no federal EPA civil penalty found under the company's name, former names or 10-K subsidiaries with a settlement in 2016-2020 (ECHO file retrieved 2026-09-13)"
GPN,2021,0.0,EPA ECHO ICIS-FE&C civil enforcement cases,https://echo.epa.gov/facilities/enforcement-case-search,2026-09-13,"no federal EPA civil penalty found under the company's name, former names or 10-K subsidiaries with a settlement in 2017-2021 (ECHO file retrieved 2026-09-13)"
GPN,2022,0.0,EPA ECHO ICIS-FE&C civil enforcement cases,https://echo.epa.gov/facilities/enforcement-case-search,2026-09-13,"no federal EPA civil penalty found under the company's name, former names or 10-K subsidiaries with a settlement in 2018-2022 (ECHO file retrieved 2026-09-13)"
GPN,2023,0.0,EPA ECHO ICIS-FE&C civil enforcement cases,https://echo.epa.gov/facilities/enforcement-case-search,2026-09-13,"no federal EPA civil penalty found under the company's name, former names or 10-K subsidiaries with a settlement in 2019-2023 (ECHO file retrieved 2026-09-13)"
GPN,2024,0.0,EPA ECHO ICIS-FE&C civil enforcement cases,https://echo.epa.gov/facilities/enforcement-case-search,2026-09-13,"no federal EPA civil penalty found under the company's name, former names or 10-K subsidiaries with a settlement in 2020-2024 (ECHO file retrieved 2026-09-13)"
GPN,2025,0.0,EPA ECHO ICIS-FE&C civil enforcement cases,https://echo.epa.gov/facilities/enforcement-case-search,2026-09-13,"no federal EPA civil penalty found under the company's name, former names or 10-K subsidiaries with a settlement in 2021-2025 (ECHO file retrieved 2026-09-13)"
GRMN,2020,0.0,EPA ECHO ICIS-FE&C civil enforcement cases,https://echo.epa.gov/facilities/enforcement-case-search,2026-09-13,"no federal EPA civil penalty found under the company's name, former names or 10-K subsidiaries with a settlement in 2016-2020 (ECHO file retrieved 2026-09-13)"
GRMN,2021,0.0,EPA ECHO ICIS-FE&C civil enforcement cases,https://echo.epa.gov/facilities/enforcement-case-search,2026-09-13,"no federal EPA civil penalty found under the company's name, former names or 10-K subsidiaries with a settlement in 2017-2021 (ECHO file retrieved 2026-09-13)"
GRMN,2022,0.0,EPA ECHO ICIS-FE&C civil enforcement cases,https://echo.epa.gov/facilities/enforcement-case-search,2026-09-13,"no federal EPA civil penalty found under the company's name, former names or 10-K subsidiaries with a settlement in 2018-2022 (ECHO file retrieved 2026-09-13)"
GRMN,2023,0.0,EPA ECHO ICIS-FE&C civil enforcement cases,https://echo.epa.gov/facilities/enforcement-case-search,2026-09-13,"no federal EPA civil penalty found under the company's name, former names or 10-K subsidiaries with a settlement in 2019-2023 (ECHO file retrieved 2026-09-13)"
GRMN,2024,0.0,EPA ECHO ICIS-FE&C civil enforcement cases,https://echo.epa.gov/facilities/enforcement-case-search,2026-09-13,"no federal EPA civil penalty found under the company's name, former names or 10-K subsidiaries with a settlement in 2020-2024 (ECHO file retrieved 2026-09-13)"
GRMN,2025,0.0,EPA ECHO ICIS-FE&C civil enforcement cases,https://echo.epa.gov/facilities/enforcement-case-search,2026-09-13,"no federal EPA civil penalty found under the company's name, former names or 10-K subsidiaries with a settlement in 2021-2025 (ECHO file retrieved 2026-09-13)"
GS,2020,0.0,EPA ECHO ICIS-FE&C civil enforcement cases,https://echo.epa.gov/facilities/enforcement-case-search,2026-09-13,"no federal EPA civil penalty found under the company's name, former names or 10-K subsidiaries with a settlement in 2016-2020 (ECHO file retrieved 2026-09-13)"
GS,2021,0.0,EPA ECHO ICIS-FE&C civil enforcement cases,https://echo.epa.gov/facilities/enforcement-case-search,2026-09-13,"no federal EPA civil penalty found under the company's name, former names or 10-K subsidiaries with a settlement in 2017-2021 (ECHO file retrieved 2026-09-13)"
GS,2022,0.0,EPA ECHO ICIS-FE&C civil enforcement cases,https://echo.epa.gov/facilities/enforcement-case-search,2026-09-13,"no federal EPA civil penalty found under the company's name, former names or 10-K subsidiaries with a settlement in 2018-2022 (ECHO file retrieved 2026-09-13)"
GS,2023,0.0,EPA ECHO ICIS-FE&C civil enforcement cases,https://echo.epa.gov/facilities/enforcement-case-search,2026-09-13,"no federal EPA civil penalty found under the company's name, former names or 10-K subsidiaries with a settlement in 2019-2023 (ECHO file retrieved 2026-09-13)"
GS,2024,0.0,EPA ECHO ICIS-FE&C civil enforcement cases,https://echo.epa.gov/facilities/enforcement-case-search,2026-09-13,"no federal EPA civil penalty found under the company's name, former names or 10-K subsidiaries with a settlement in 2020-2024 (ECHO file retrieved 2026-09-13)"
GS,2025,0.0,EPA ECHO ICIS-FE&C civil enforcement cases,https://echo.epa.gov/facilities/enforcement-case-search,2026-09-13,"no federal EPA civil penalty found under the company's name, former names or 10-K subsidiaries with a settlement in 2021-2025 (ECHO file retrieved 2026-09-13)"
GWW,2020,0.0,EPA ECHO ICIS-FE&C civil enforcement cases,https://echo.epa.gov/facilities/enforcement-case-search,2026-09-13,"no federal EPA civil penalty found under the company's name, former names or 10-K subsidiaries with a settlement in 2016-2020 (ECHO file retrieved 2026-09-13)"
GWW,2021,0.0,EPA ECHO ICIS-FE&C civil enforcement cases,https://echo.epa.gov/facilities/enforcement-case-search,2026-09-13,"no federal EPA civil penalty found under the company's name, former names or 10-K subsidiaries with a settlement in 2017-2021 (ECHO file retrieved 2026-09-13)"
GWW,2022,0.0,EPA ECHO ICIS-FE&C civil enforcement cases,https://echo.epa.gov/facilities/enforcement-case-search,2026-09-13,"no federal EPA civil penalty found under the company's name, former names or 10-K subsidiaries with a settlement in 2018-2022 (ECHO file retrieved 2026-09-13)"
GWW,2023,0.0,EPA ECHO ICIS-FE&C civil enforcement cases,https://echo.epa.gov/facilities/enforcement-case-search,2026-09-13,"no federal EPA civil penalty found under the company's name, former names or 10-K subsidiaries with a settlement in 2019-2023 (ECHO file retrieved 2026-09-13)"
GWW,2024,0.0,EPA ECHO ICIS-FE&C civil enforcement cases,https://echo.epa.gov/facilities/enforcement-case-search,2026-09-13,"no federal EPA civil penalty found under the company's name, former names or 10-K subsidiaries with a settlement in 2020-2024 (ECHO file retrieved 2026-09-13)"
GWW,2025,0.0,EPA ECHO ICIS-FE&C civil enforcement cases,https://echo.epa.gov/facilities/enforcement-case-search,2026-09-13,"no federal EPA civil penalty found under the company's name, former names or 10-K subsidiaries with a settlement in 2021-2025 (ECHO file retrieved 2026-09-13)"
HAL,2020,0.0,EPA ECHO ICIS-FE&C civil enforcement cases,https://echo.epa.gov/facilities/enforcement-case-search,2026-09-13,"no federal EPA civil penalty found under the company's name, former names or 10-K subsidiaries with a settlement in 2016-2020 (ECHO file retrieved 2026-09-13)"
HAL,2021,0.0,EPA ECHO ICIS-FE&C civil enforcement cases,https://echo.epa.gov/facilities/enforcement-case-search,2026-09-13,"no federal EPA civil penalty found under the company's name, former names or 10-K subsidiaries with a settlement in 2017-2021 (ECHO file retrieved 2026-09-13)"
HAL,2022,0.0,EPA ECHO ICIS-FE&C civil enforcement cases,https://echo.epa.gov/facilities/enforcement-case-search,2026-09-13,"no federal EPA civil penalty found under the company's name, former names or 10-K subsidiaries with a settlement in 2018-2022 (ECHO file retrieved 2026-09-13)"
HAL,2023,0.0,EPA ECHO ICIS-FE&C civil enforcement cases,https://echo.epa.gov/facilities/enforcement-case-search,2026-09-13,"no federal EPA civil penalty found under the company's name, former names or 10-K subsidiaries with a settlement in 2019-2023 (ECHO file retrieved 2026-09-13)"
HAL,2024,0.0,EPA ECHO ICIS-FE&C civil enforcement cases,https://echo.epa.gov/facilities/enforcement-case-search,2026-09-13,"no federal EPA civil penalty found under the company's name, former names or 10-K subsidiaries with a settlement in 2020-2024 (ECHO file retrieved 2026-09-13)"
HAL,2025,0.0,EPA ECHO ICIS-FE&C civil enforcement cases,https://echo.epa.gov/facilities/enforcement-case-search,2026-09-13,"no federal EPA civil penalty found under the company's name, former names or 10-K subsidiaries with a settlement in 2021-2025 (ECHO file retrieved 2026-09-13)"
HAS,2020,0.0,EPA ECHO ICIS-FE&C civil enforcement cases,https://echo.epa.gov/facilities/enforcement-case-search,2026-09-13,"no federal EPA civil penalty found under the company's name, former names or 10-K subsidiaries with a settlement in 2016-2020 (ECHO file retrieved 2026-09-13)"
HAS,2021,0.0,EPA ECHO ICIS-FE&C civil enforcement cases,https://echo.epa.gov/facilities/enforcement-case-search,2026-09-13,"no federal EPA civil penalty found under the company's name, former names or 10-K subsidiaries with a settlement in 2017-2021 (ECHO file retrieved 2026-09-13)"
HAS,2022,0.0,EPA ECHO ICIS-FE&C civil enforcement cases,https://echo.epa.gov/facilities/enforcement-case-search,2026-09-13,"no federal EPA civil penalty found under the company's name, former names or 10-K subsidiaries with a settlement in 2018-2022 (ECHO file retrieved 2026-09-13)"
HAS,2023,0.0,EPA ECHO ICIS-FE&C civil enforcement cases,https://echo.epa.gov/facilities/enforcement-case-search,2026-09-13,"no federal EPA civil penalty found under the company's name, former names or 10-K subsidiaries with a settlement in 2019-2023 (ECHO file retrieved 2026-09-13)"
HAS,2024,0.0,EPA ECHO ICIS-FE&C civil enforcement cases,https://echo.epa.gov/facilities/enforcement-case-search,2026-09-13,"no federal EPA civil penalty found under the company's name, former names or 10-K subsidiaries with a settlement in 2020-2024 (ECHO file retrieved 2026-09-13)"
HAS,2025,0.0,EPA ECHO ICIS-FE&C civil enforcement cases,https://echo.epa.gov/facilities/enforcement-case-search,2026-09-13,"no federal EPA civil penalty found under the company's name, former names or 10-K subsidiaries with a settlement in 2021-2025 (ECHO file retrieved 2026-09-13)"
HBAN,2020,0.0,EPA ECHO ICIS-FE&C civil enforcement cases,https://echo.epa.gov/facilities/enforcement-case-search,2026-09-13,"no federal EPA civil penalty found under the company's name, former names or 10-K subsidiaries with a settlement in 2016-2020 (ECHO file retrieved 2026-09-13)"
HBAN,2021,0.0,EPA ECHO ICIS-FE&C civil enforcement cases,https://echo.epa.gov/facilities/enforcement-case-search,2026-09-13,"no federal EPA civil penalty found under the company's name, former names or 10-K subsidiaries with a settlement in 2017-2021 (ECHO file retrieved 2026-09-13)"
HBAN,2022,0.0,EPA ECHO ICIS-FE&C civil enforcement cases,https://echo.epa.gov/facilities/enforcement-case-search,2026-09-13,"no federal EPA civil penalty found under the company's name, former names or 10-K subsidiaries with a settlement in 2018-2022 (ECHO file retrieved 2026-09-13)"
HBAN,2023,0.0,EPA ECHO ICIS-FE&C civil enforcement cases,https://echo.epa.gov/facilities/enforcement-case-search,2026-09-13,"no federal EPA civil penalty found under the company's name, former names or 10-K subsidiaries with a settlement in 2019-2023 (ECHO file retrieved 2026-09-13)"
HBAN,2024,0.0,EPA ECHO ICIS-FE&C civil enforcement cases,https://echo.epa.gov/facilities/enforcement-case-search,2026-09-13,"no federal EPA civil penalty found under the company's name, former names or 10-K subsidiaries with a settlement in 2020-2024 (ECHO file retrieved 2026-09-13)"
HBAN,2025,0.0,EPA ECHO ICIS-FE&C civil enforcement cases,https://echo.epa.gov/facilities/enforcement-case-search,2026-09-13,"no federal EPA civil penalty found under the company's name, former names or 10-K subsidiaries with a settlement in 2021-2025 (ECHO file retrieved 2026-09-13)"
HCA,2020,0.0,EPA ECHO ICIS-FE&C civil enforcement cases,https://echo.epa.gov/facilities/enforcement-case-search,2026-09-13,"no federal EPA civil penalty found under the company's name, former names or 10-K subsidiaries with a settlement in 2016-2020 (ECHO file retrieved 2026-09-13)"
HCA,2021,2350.03,EPA ECHO ICIS-FE&C civil enforcement cases,https://echo.epa.gov/enforcement-case-report?id=04-2020-2111,2026-09-13,"1 case(s), $118,400 in 2017-2021 over mean revenue $50.4bn; largest: case 04-2020-2111 (2021), defendant 'FORT WALTON BEACH MEDICAL CENTER, INC', $118,400"
HCA,2022,2237.17,EPA ECHO ICIS-FE&C civil enforcement cases,https://echo.epa.gov/enforcement-case-report?id=04-2020-2111,2026-09-13,"2 case(s), $120,150 in 2018-2022 over mean revenue $53.7bn; largest: case 04-2020-2111 (2021), defendant 'FORT WALTON BEACH MEDICAL CENTER, INC', $118,400"
HCA,2023,2094.5,EPA ECHO ICIS-FE&C civil enforcement cases,https://echo.epa.gov/enforcement-case-report?id=04-2020-2111,2026-09-13,"2 case(s), $120,150 in 2019-2023 over mean revenue $57.4bn; largest: case 04-2020-2111 (2021), defendant 'FORT WALTON BEACH MEDICAL CENTER, INC', $118,400"
HCA,2024,1962.66,EPA ECHO ICIS-FE&C civil enforcement cases,https://echo.epa.gov/enforcement-case-report?id=04-2020-2111,2026-09-13,"2 case(s), $120,150 in 2020-2024 over mean revenue $61.2bn; largest: case 04-2020-2111 (2021), defendant 'FORT WALTON BEACH MEDICAL CENTER, INC', $118,400"
HCA,2025,1819.59,EPA ECHO ICIS-FE&C civil enforcement cases,https://echo.epa.gov/enforcement-case-report?id=04-2020-2111,2026-09-13,"2 case(s), $120,150 in 2021-2025 over mean revenue $66.0bn; largest: case 04-2020-2111 (2021), defendant 'FORT WALTON BEACH MEDICAL CENTER, INC', $118,400"
HD,2020,0.0,EPA ECHO ICIS-FE&C civil enforcement cases,https://echo.epa.gov/facilities/enforcement-case-search,2026-09-13,"no federal EPA civil penalty found under the company's name, former names or 10-K subsidiaries with a settlement in 2016-2020 (ECHO file retrieved 2026-09-13)"
HD,2021,79920.01,EPA ECHO ICIS-FE&C civil enforcement cases,https://echo.epa.gov/enforcement-case-report?id=01-2018-7009,2026-09-13,"2 case(s), $9,631,944 in 2017-2021 over mean revenue $120.5bn; largest: case 01-2018-7009 (2021), defendant 'The Home Depot', $9,609,000"
HD,2022,75233.94,EPA ECHO ICIS-FE&C civil enforcement cases,https://echo.epa.gov/enforcement-case-report?id=01-2018-7009,2026-09-13,"3 case(s), $9,917,307 in 2018-2022 over mean revenue $131.8bn; largest: case 01-2018-7009 (2021), defendant 'The Home Depot', $9,609,000"
HD,2023,70479.07,EPA ECHO ICIS-FE&C civil enforcement cases,https://echo.epa.gov/enforcement-case-report?id=01-2018-7009,2026-09-13,"3 case(s), $9,917,307 in 2019-2023 over mean revenue $140.7bn; largest: case 01-2018-7009 (2021), defendant 'The Home Depot', $9,609,000"
HD,2024,65864.83,EPA ECHO ICIS-FE&C civil enforcement cases,https://echo.epa.gov/enforcement-case-report?id=01-2018-7009,2026-09-13,"3 case(s), $9,917,307 in 2020-2024 over mean revenue $150.6bn; largest: case 01-2018-7009 (2021), defendant 'The Home Depot', $9,609,000"
HD,2025,63133.3,EPA ECHO ICIS-FE&C civil enforcement cases,https://echo.epa.gov/enforcement-case-report?id=01-2018-7009,2026-09-13,"3 case(s), $9,917,307 in 2021-2025 over mean revenue $157.1bn; largest: case 01-2018-7009 (2021), defendant 'The Home Depot', $9,609,000"
HIG,2020,0.0,EPA ECHO ICIS-FE&C civil enforcement cases,https://echo.epa.gov/facilities/enforcement-case-search,2026-09-13,"no federal EPA civil penalty found under the company's name, former names or 10-K subsidiaries with a settlement in 2016-2020 (ECHO file retrieved 2026-09-13)"
HIG,2021,0.0,EPA ECHO ICIS-FE&C civil enforcement cases,https://echo.epa.gov/facilities/enforcement-case-search,2026-09-13,"no federal EPA civil penalty found under the company's name, former names or 10-K subsidiaries with a settlement in 2017-2021 (ECHO file retrieved 2026-09-13)"
HIG,2022,0.0,EPA ECHO ICIS-FE&C civil enforcement cases,https://echo.epa.gov/facilities/enforcement-case-search,2026-09-13,"no federal EPA civil penalty found under the company's name, former names or 10-K subsidiaries with a settlement in 2018-2022 (ECHO file retrieved 2026-09-13)"
HIG,2023,0.0,EPA ECHO ICIS-FE&C civil enforcement cases,https://echo.epa.gov/facilities/enforcement-case-search,2026-09-13,"no federal EPA civil penalty found under the company's name, former names or 10-K subsidiaries with a settlement in 2019-2023 (ECHO file retrieved 2026-09-13)"
HIG,2024,0.0,EPA ECHO ICIS-FE&C civil enforcement cases,https://echo.epa.gov/facilities/enforcement-case-search,2026-09-13,"no federal EPA civil penalty found under the company's name, former names or 10-K subsidiaries with a settlement in 2020-2024 (ECHO file retrieved 2026-09-13)"
HIG,2025,0.0,EPA ECHO ICIS-FE&C civil enforcement cases,https://echo.epa.gov/facilities/enforcement-case-search,2026-09-13,"no federal EPA civil penalty found under the company's name, former names or 10-K subsidiaries with a settlement in 2021-2025 (ECHO file retrieved 2026-09-13)"
HII,2020,28.4,EPA ECHO ICIS-FE&C civil enforcement cases,https://echo.epa.gov/enforcement-case-report?id=04-2016-9012,2026-09-13,"1 case(s), $233 in 2016-2020 over mean revenue $8.2bn; largest: case 04-2016-9012 (2016), defendant 'HUNTINGTON INGALLS INC.', $233"
HII,2021,0.0,EPA ECHO ICIS-FE&C civil enforcement cases,https://echo.epa.gov/facilities/enforcement-case-search,2026-09-13,"no federal EPA civil penalty found under the company's name, former names or 10-K subsidiaries with a settlement in 2017-2021 (ECHO file retrieved 2026-09-13)"
HII,2022,0.0,EPA ECHO ICIS-FE&C civil enforcement cases,https://echo.epa.gov/facilities/enforcement-case-search,2026-09-13,"no federal EPA civil penalty found under the company's name, former names or 10-K subsidiaries with a settlement in 2018-2022 (ECHO file retrieved 2026-09-13)"
HII,2023,0.0,EPA ECHO ICIS-FE&C civil enforcement cases,https://echo.epa.gov/facilities/enforcement-case-search,2026-09-13,"no federal EPA civil penalty found under the company's name, former names or 10-K subsidiaries with a settlement in 2019-2023 (ECHO file retrieved 2026-09-13)"
HII,2024,0.0,EPA ECHO ICIS-FE&C civil enforcement cases,https://echo.epa.gov/facilities/enforcement-case-search,2026-09-13,"no federal EPA civil penalty found under the company's name, former names or 10-K subsidiaries with a settlement in 2020-2024 (ECHO file retrieved 2026-09-13)"
HII,2025,0.0,EPA ECHO ICIS-FE&C civil enforcement cases,https://echo.epa.gov/facilities/enforcement-case-search,2026-09-13,"no federal EPA civil penalty found under the company's name, former names or 10-K subsidiaries with a settlement in 2021-2025 (ECHO file retrieved 2026-09-13)"
HLT,2020,0.0,EPA ECHO ICIS-FE&C civil enforcement cases,https://echo.epa.gov/facilities/enforcement-case-search,2026-09-13,"no federal EPA civil penalty found under the company's name, former names or 10-K subsidiaries with a settlement in 2016-2020 (ECHO file retrieved 2026-09-13)"
HLT,2021,0.0,EPA ECHO ICIS-FE&C civil enforcement cases,https://echo.epa.gov/facilities/enforcement-case-search,2026-09-13,"no federal EPA civil penalty found under the company's name, former names or 10-K subsidiaries with a settlement in 2017-2021 (ECHO file retrieved 2026-09-13)"
HLT,2022,0.0,EPA ECHO ICIS-FE&C civil enforcement cases,https://echo.epa.gov/facilities/enforcement-case-search,2026-09-13,"no federal EPA civil penalty found under the company's name, former names or 10-K subsidiaries with a settlement in 2018-2022 (ECHO file retrieved 2026-09-13)"
HLT,2023,0.0,EPA ECHO ICIS-FE&C civil enforcement cases,https://echo.epa.gov/facilities/enforcement-case-search,2026-09-13,"no federal EPA civil penalty found under the company's name, former names or 10-K subsidiaries with a settlement in 2019-2023 (ECHO file retrieved 2026-09-13)"
HLT,2024,0.0,EPA ECHO ICIS-FE&C civil enforcement cases,https://echo.epa.gov/facilities/enforcement-case-search,2026-09-13,"no federal EPA civil penalty found under the company's name, former names or 10-K subsidiaries with a settlement in 2020-2024 (ECHO file retrieved 2026-09-13)"
HLT,2025,0.0,EPA ECHO ICIS-FE&C civil enforcement cases,https://echo.epa.gov/facilities/enforcement-case-search,2026-09-13,"no federal EPA civil penalty found under the company's name, former names or 10-K subsidiaries with a settlement in 2021-2025 (ECHO file retrieved 2026-09-13)"
HON,2020,2962.44,EPA ECHO ICIS-FE&C civil enforcement cases,https://echo.epa.gov/enforcement-case-report?id=02-2020-7101,2026-09-13,"4 case(s), $113,156 in 2016-2020 over mean revenue $38.2bn; largest: case 02-2020-7101 (2020), defendant 'Honeywell International Inc.', $50,000"
HON,2021,3034.36,EPA ECHO ICIS-FE&C civil enforcement cases,https://echo.epa.gov/enforcement-case-report?id=02-2020-7101,2026-09-13,"3 case(s), $112,923 in 2017-2021 over mean revenue $37.2bn; largest: case 02-2020-7101 (2020), defendant 'Honeywell International Inc.', $50,000"
HON,2022,3119.32,EPA ECHO ICIS-FE&C civil enforcement cases,https://echo.epa.gov/enforcement-case-report?id=02-2020-7101,2026-09-13,"3 case(s), $112,923 in 2018-2022 over mean revenue $36.2bn; largest: case 02-2020-7101 (2020), defendant 'Honeywell International Inc.', $50,000"
HON,2023,3278.59,EPA ECHO ICIS-FE&C civil enforcement cases,https://echo.epa.gov/enforcement-case-report?id=02-2020-7101,2026-09-13,"3 case(s), $112,923 in 2019-2023 over mean revenue $34.4bn; largest: case 02-2020-7101 (2020), defendant 'Honeywell International Inc.', $50,000"
HON,2024,2581.53,EPA ECHO ICIS-FE&C civil enforcement cases,https://echo.epa.gov/enforcement-case-report?id=02-2020-7101,2026-09-13,"2 case(s), $87,886 in 2020-2024 over mean revenue $34.0bn; largest: case 02-2020-7101 (2020), defendant 'Honeywell International Inc.', $50,000"
HON,2025,571.34,EPA ECHO ICIS-FE&C civil enforcement cases,https://echo.epa.gov/enforcement-case-report?id=10-2025-0110,2026-09-13,"1 case(s), $20,000 in 2021-2025 over mean revenue $35.0bn; largest: case 10-2025-0110 (2025), defendant 'HONEYWELL', $20,000"
HOOD,2021,0.0,EPA ECHO ICIS-FE&C civil enforcement cases,https://echo.epa.gov/facilities/enforcement-case-search,2026-09-13,"no federal EPA civil penalty found under the company's name, former names or 10-K subsidiaries with a settlement in 2017-2021 (ECHO file retrieved 2026-09-13)"
HOOD,2022,0.0,EPA ECHO ICIS-FE&C civil enforcement cases,https://echo.epa.gov/facilities/enforcement-case-search,2026-09-13,"no federal EPA civil penalty found under the company's name, former names or 10-K subsidiaries with a settlement in 2018-2022 (ECHO file retrieved 2026-09-13)"
HOOD,2023,0.0,EPA ECHO ICIS-FE&C civil enforcement cases,https://echo.epa.gov/facilities/enforcement-case-search,2026-09-13,"no federal EPA civil penalty found under the company's name, former names or 10-K subsidiaries with a settlement in 2019-2023 (ECHO file retrieved 2026-09-13)"
HOOD,2024,0.0,EPA ECHO ICIS-FE&C civil enforcement cases,https://echo.epa.gov/facilities/enforcement-case-search,2026-09-13,"no federal EPA civil penalty found under the company's name, former names or 10-K subsidiaries with a settlement in 2020-2024 (ECHO file retrieved 2026-09-13)"
HOOD,2025,0.0,EPA ECHO ICIS-FE&C civil enforcement cases,https://echo.epa.gov/facilities/enforcement-case-search,2026-09-13,"no federal EPA civil penalty found under the company's name, former names or 10-K subsidiaries with a settlement in 2021-2025 (ECHO file retrieved 2026-09-13)"
HPE,2020,0.0,EPA ECHO ICIS-FE&C civil enforcement cases,https://echo.epa.gov/facilities/enforcement-case-search,2026-09-13,"no federal EPA civil penalty found under the company's name, former names or 10-K subsidiaries with a settlement in 2016-2020 (ECHO file retrieved 2026-09-13)"
HPE,2021,0.0,EPA ECHO ICIS-FE&C civil enforcement cases,https://echo.epa.gov/facilities/enforcement-case-search,2026-09-13,"no federal EPA civil penalty found under the company's name, former names or 10-K subsidiaries with a settlement in 2017-2021 (ECHO file retrieved 2026-09-13)"
HPE,2022,0.0,EPA ECHO ICIS-FE&C civil enforcement cases,https://echo.epa.gov/facilities/enforcement-case-search,2026-09-13,"no federal EPA civil penalty found under the company's name, former names or 10-K subsidiaries with a settlement in 2018-2022 (ECHO file retrieved 2026-09-13)"
HPE,2023,0.0,EPA ECHO ICIS-FE&C civil enforcement cases,https://echo.epa.gov/facilities/enforcement-case-search,2026-09-13,"no federal EPA civil penalty found under the company's name, former names or 10-K subsidiaries with a settlement in 2019-2023 (ECHO file retrieved 2026-09-13)"
HPE,2024,0.0,EPA ECHO ICIS-FE&C civil enforcement cases,https://echo.epa.gov/facilities/enforcement-case-search,2026-09-13,"no federal EPA civil penalty found under the company's name, former names or 10-K subsidiaries with a settlement in 2020-2024 (ECHO file retrieved 2026-09-13)"
HPE,2025,0.0,EPA ECHO ICIS-FE&C civil enforcement cases,https://echo.epa.gov/facilities/enforcement-case-search,2026-09-13,"no federal EPA civil penalty found under the company's name, former names or 10-K subsidiaries with a settlement in 2021-2025 (ECHO file retrieved 2026-09-13)"
HPQ,2020,0.0,EPA ECHO ICIS-FE&C civil enforcement cases,https://echo.epa.gov/facilities/enforcement-case-search,2026-09-13,"no federal EPA civil penalty found under the company's name, former names or 10-K subsidiaries with a settlement in 2016-2020 (ECHO file retrieved 2026-09-13)"
HPQ,2021,0.0,EPA ECHO ICIS-FE&C civil enforcement cases,https://echo.epa.gov/facilities/enforcement-case-search,2026-09-13,"no federal EPA civil penalty found under the company's name, former names or 10-K subsidiaries with a settlement in 2017-2021 (ECHO file retrieved 2026-09-13)"
HPQ,2022,0.0,EPA ECHO ICIS-FE&C civil enforcement cases,https://echo.epa.gov/facilities/enforcement-case-search,2026-09-13,"no federal EPA civil penalty found under the company's name, former names or 10-K subsidiaries with a settlement in 2018-2022 (ECHO file retrieved 2026-09-13)"
HPQ,2023,0.0,EPA ECHO ICIS-FE&C civil enforcement cases,https://echo.epa.gov/facilities/enforcement-case-search,2026-09-13,"no federal EPA civil penalty found under the company's name, former names or 10-K subsidiaries with a settlement in 2019-2023 (ECHO file retrieved 2026-09-13)"
HPQ,2024,0.0,EPA ECHO ICIS-FE&C civil enforcement cases,https://echo.epa.gov/facilities/enforcement-case-search,2026-09-13,"no federal EPA civil penalty found under the company's name, former names or 10-K subsidiaries with a settlement in 2020-2024 (ECHO file retrieved 2026-09-13)"
HPQ,2025,0.0,EPA ECHO ICIS-FE&C civil enforcement cases,https://echo.epa.gov/facilities/enforcement-case-search,2026-09-13,"no federal EPA civil penalty found under the company's name, former names or 10-K subsidiaries with a settlement in 2021-2025 (ECHO file retrieved 2026-09-13)"
HRL,2020,0.0,EPA ECHO ICIS-FE&C civil enforcement cases,https://echo.epa.gov/facilities/enforcement-case-search,2026-09-13,"no federal EPA civil penalty found under the company's name, former names or 10-K subsidiaries with a settlement in 2016-2020 (ECHO file retrieved 2026-09-13)"
HRL,2021,0.0,EPA ECHO ICIS-FE&C civil enforcement cases,https://echo.epa.gov/facilities/enforcement-case-search,2026-09-13,"no federal EPA civil penalty found under the company's name, former names or 10-K subsidiaries with a settlement in 2017-2021 (ECHO file retrieved 2026-09-13)"
HRL,2022,1211.51,EPA ECHO ICIS-FE&C civil enforcement cases,https://echo.epa.gov/enforcement-case-report?id=05-2022-7589,2026-09-13,"1 case(s), $12,720 in 2018-2022 over mean revenue $10.5bn; largest: case 05-2022-7589 (2022), defendant 'JENNIE-O TURKEY STORE, INC.', $12,720"
HRL,2023,2230.81,EPA ECHO ICIS-FE&C civil enforcement cases,https://echo.epa.gov/enforcement-case-report?id=05-2022-7589,2026-09-13,"2 case(s), $24,566 in 2019-2023 over mean revenue $11.0bn; largest: case 05-2022-7589 (2022), defendant 'JENNIE-O TURKEY STORE, INC.', $12,720"
HRL,2024,2136.76,EPA ECHO ICIS-FE&C civil enforcement cases,https://echo.epa.gov/enforcement-case-report?id=05-2022-7589,2026-09-13,"2 case(s), $24,566 in 2020-2024 over mean revenue $11.5bn; largest: case 05-2022-7589 (2022), defendant 'JENNIE-O TURKEY STORE, INC.', $12,720"
HRL,2025,2672.97,EPA ECHO ICIS-FE&C civil enforcement cases,https://echo.epa.gov/enforcement-case-report?id=05-2022-7589,2026-09-13,"3 case(s), $32,066 in 2021-2025 over mean revenue $12.0bn; largest: case 05-2022-7589 (2022), defendant 'JENNIE-O TURKEY STORE, INC.', $12,720"
HSIC,2020,0.0,EPA ECHO ICIS-FE&C civil enforcement cases,https://echo.epa.gov/facilities/enforcement-case-search,2026-09-13,"no federal EPA civil penalty found under the company's name, former names or 10-K subsidiaries with a settlement in 2016-2020 (ECHO file retrieved 2026-09-13)"
HSIC,2021,0.0,EPA ECHO ICIS-FE&C civil enforcement cases,https://echo.epa.gov/facilities/enforcement-case-search,2026-09-13,"no federal EPA civil penalty found under the company's name, former names or 10-K subsidiaries with a settlement in 2017-2021 (ECHO file retrieved 2026-09-13)"
HSIC,2022,0.0,EPA ECHO ICIS-FE&C civil enforcement cases,https://echo.epa.gov/facilities/enforcement-case-search,2026-09-13,"no federal EPA civil penalty found under the company's name, former names or 10-K subsidiaries with a settlement in 2018-2022 (ECHO file retrieved 2026-09-13)"
HSIC,2023,0.0,EPA ECHO ICIS-FE&C civil enforcement cases,https://echo.epa.gov/facilities/enforcement-case-search,2026-09-13,"no federal EPA civil penalty found under the company's name, former names or 10-K subsidiaries with a settlement in 2019-2023 (ECHO file retrieved 2026-09-13)"
HSIC,2024,0.0,EPA ECHO ICIS-FE&C civil enforcement cases,https://echo.epa.gov/facilities/enforcement-case-search,2026-09-13,"no federal EPA civil penalty found under the company's name, former names or 10-K subsidiaries with a settlement in 2020-2024 (ECHO file retrieved 2026-09-13)"
HSIC,2025,0.0,EPA ECHO ICIS-FE&C civil enforcement cases,https://echo.epa.gov/facilities/enforcement-case-search,2026-09-13,"no federal EPA civil penalty found under the company's name, former names or 10-K subsidiaries with a settlement in 2021-2025 (ECHO file retrieved 2026-09-13)"
HST,2020,0.0,EPA ECHO ICIS-FE&C civil enforcement cases,https://echo.epa.gov/facilities/enforcement-case-search,2026-09-13,"no federal EPA civil penalty found under the company's name, former names or 10-K subsidiaries with a settlement in 2016-2020 (ECHO file retrieved 2026-09-13)"
HST,2021,0.0,EPA ECHO ICIS-FE&C civil enforcement cases,https://echo.epa.gov/facilities/enforcement-case-search,2026-09-13,"no federal EPA civil penalty found under the company's name, former names or 10-K subsidiaries with a settlement in 2017-2021 (ECHO file retrieved 2026-09-13)"
HST,2022,0.0,EPA ECHO ICIS-FE&C civil enforcement cases,https://echo.epa.gov/facilities/enforcement-case-search,2026-09-13,"no federal EPA civil penalty found under the company's name, former names or 10-K subsidiaries with a settlement in 2018-2022 (ECHO file retrieved 2026-09-13)"
HST,2023,0.0,EPA ECHO ICIS-FE&C civil enforcement cases,https://echo.epa.gov/facilities/enforcement-case-search,2026-09-13,"no federal EPA civil penalty found under the company's name, former names or 10-K subsidiaries with a settlement in 2019-2023 (ECHO file retrieved 2026-09-13)"
HST,2024,0.0,EPA ECHO ICIS-FE&C civil enforcement cases,https://echo.epa.gov/facilities/enforcement-case-search,2026-09-13,"no federal EPA civil penalty found under the company's name, former names or 10-K subsidiaries with a settlement in 2020-2024 (ECHO file retrieved 2026-09-13)"
HST,2025,0.0,EPA ECHO ICIS-FE&C civil enforcement cases,https://echo.epa.gov/facilities/enforcement-case-search,2026-09-13,"no federal EPA civil penalty found under the company's name, former names or 10-K subsidiaries with a settlement in 2021-2025 (ECHO file retrieved 2026-09-13)"
HSY,2020,222.79,EPA ECHO ICIS-FE&C civil enforcement cases,https://echo.epa.gov/enforcement-case-report?id=03-2017-0080,2026-09-13,"2 case(s), $1,733 in 2016-2020 over mean revenue $7.8bn; largest: case 03-2017-0080 (2017), defendant 'THE HERSHEY COMPANY', $1,500"
HSY,2021,185.58,EPA ECHO ICIS-FE&C civil enforcement cases,https://echo.epa.gov/enforcement-case-report?id=03-2017-0080,2026-09-13,"1 case(s), $1,500 in 2017-2021 over mean revenue $8.1bn; largest: case 03-2017-0080 (2017), defendant 'THE HERSHEY COMPANY', $1,500"
HSY,2022,0.0,EPA ECHO ICIS-FE&C civil enforcement cases,https://echo.epa.gov/facilities/enforcement-case-search,2026-09-13,"no federal EPA civil penalty found under the company's name, former names or 10-K subsidiaries with a settlement in 2018-2022 (ECHO file retrieved 2026-09-13)"
HSY,2023,0.0,EPA ECHO ICIS-FE&C civil enforcement cases,https://echo.epa.gov/facilities/enforcement-case-search,2026-09-13,"no federal EPA civil penalty found under the company's name, former names or 10-K subsidiaries with a settlement in 2019-2023 (ECHO file retrieved 2026-09-13)"
HSY,2024,0.0,EPA ECHO ICIS-FE&C civil enforcement cases,https://echo.epa.gov/facilities/enforcement-case-search,2026-09-13,"no federal EPA civil penalty found under the company's name, former names or 10-K subsidiaries with a settlement in 2020-2024 (ECHO file retrieved 2026-09-13)"
HSY,2025,0.0,EPA ECHO ICIS-FE&C civil enforcement cases,https://echo.epa.gov/facilities/enforcement-case-search,2026-09-13,"no federal EPA civil penalty found under the company's name, former names or 10-K subsidiaries with a settlement in 2021-2025 (ECHO file retrieved 2026-09-13)"
HUBB,2020,16946.25,EPA ECHO ICIS-FE&C civil enforcement cases,https://echo.epa.gov/enforcement-case-report?id=04-2019-2009,2026-09-13,"1 case(s), $65,361 in 2016-2020 over mean revenue $3.9bn; largest: case 04-2019-2009 (2019), defendant 'HUBBELL LENOIR CITY, INC.', $65,361"
HUBB,2021,16361.77,EPA ECHO ICIS-FE&C civil enforcement cases,https://echo.epa.gov/enforcement-case-report?id=04-2019-2009,2026-09-13,"1 case(s), $65,361 in 2017-2021 over mean revenue $4.0bn; largest: case 04-2019-2009 (2019), defendant 'HUBBELL LENOIR CITY, INC.', $65,361"
HUBB,2022,15377.03,EPA ECHO ICIS-FE&C civil enforcement cases,https://echo.epa.gov/enforcement-case-report?id=04-2019-2009,2026-09-13,"1 case(s), $65,361 in 2018-2022 over mean revenue $4.3bn; largest: case 04-2019-2009 (2019), defendant 'HUBBELL LENOIR CITY, INC.', $65,361"
HUBB,2023,14758.17,EPA ECHO ICIS-FE&C civil enforcement cases,https://echo.epa.gov/enforcement-case-report?id=04-2019-2009,2026-09-13,"1 case(s), $65,361 in 2019-2023 over mean revenue $4.4bn; largest: case 04-2019-2009 (2019), defendant 'HUBBELL LENOIR CITY, INC.', $65,361"
HUBB,2024,0.0,EPA ECHO ICIS-FE&C civil enforcement cases,https://echo.epa.gov/facilities/enforcement-case-search,2026-09-13,"no federal EPA civil penalty found under the company's name, former names or 10-K subsidiaries with a settlement in 2020-2024 (ECHO file retrieved 2026-09-13)"
HUBB,2025,0.0,EPA ECHO ICIS-FE&C civil enforcement cases,https://echo.epa.gov/facilities/enforcement-case-search,2026-09-13,"no federal EPA civil penalty found under the company's name, former names or 10-K subsidiaries with a settlement in 2021-2025 (ECHO file retrieved 2026-09-13)"
HUM,2020,0.0,EPA ECHO ICIS-FE&C civil enforcement cases,https://echo.epa.gov/facilities/enforcement-case-search,2026-09-13,"no federal EPA civil penalty found under the company's name, former names or 10-K subsidiaries with a settlement in 2016-2020 (ECHO file retrieved 2026-09-13)"
HUM,2021,0.0,EPA ECHO ICIS-FE&C civil enforcement cases,https://echo.epa.gov/facilities/enforcement-case-search,2026-09-13,"no federal EPA civil penalty found under the company's name, former names or 10-K subsidiaries with a settlement in 2017-2021 (ECHO file retrieved 2026-09-13)"
HUM,2022,0.0,EPA ECHO ICIS-FE&C civil enforcement cases,https://echo.epa.gov/facilities/enforcement-case-search,2026-09-13,"no federal EPA civil penalty found under the company's name, former names or 10-K subsidiaries with a settlement in 2018-2022 (ECHO file retrieved 2026-09-13)"
HUM,2023,0.0,EPA ECHO ICIS-FE&C civil enforcement cases,https://echo.epa.gov/facilities/enforcement-case-search,2026-09-13,"no federal EPA civil penalty found under the company's name, former names or 10-K subsidiaries with a settlement in 2019-2023 (ECHO file retrieved 2026-09-13)"
HUM,2024,0.0,EPA ECHO ICIS-FE&C civil enforcement cases,https://echo.epa.gov/facilities/enforcement-case-search,2026-09-13,"no federal EPA civil penalty found under the company's name, former names or 10-K subsidiaries with a settlement in 2020-2024 (ECHO file retrieved 2026-09-13)"
HUM,2025,0.0,EPA ECHO ICIS-FE&C civil enforcement cases,https://echo.epa.gov/facilities/enforcement-case-search,2026-09-13,"no federal EPA civil penalty found under the company's name, former names or 10-K subsidiaries with a settlement in 2021-2025 (ECHO file retrieved 2026-09-13)"
HWM,2020,5083.57,EPA ECHO ICIS-FE&C civil enforcement cases,https://echo.epa.gov/enforcement-case-report?id=02-2019-4202,2026-09-13,"2 case(s), $45,233 in 2016-2020 over mean revenue $8.9bn; largest: case 02-2019-4202 (2019), defendant 'Arconic, Inc.', $45,000"
HWM,2021,6070.09,EPA ECHO ICIS-FE&C civil enforcement cases,https://echo.epa.gov/enforcement-case-report?id=02-2019-4202,2026-09-13,"1 case(s), $45,000 in 2017-2021 over mean revenue $7.4bn; largest: case 02-2019-4202 (2019), defendant 'Arconic, Inc.', $45,000"
HWM,2022,7557.94,EPA ECHO ICIS-FE&C civil enforcement cases,https://echo.epa.gov/enforcement-case-report?id=02-2019-4202,2026-09-13,"1 case(s), $45,000 in 2018-2022 over mean revenue $6.0bn; largest: case 02-2019-4202 (2019), defendant 'Arconic, Inc.', $45,000"
HWM,2023,7593.14,EPA ECHO ICIS-FE&C civil enforcement cases,https://echo.epa.gov/enforcement-case-report?id=02-2019-4202,2026-09-13,"1 case(s), $45,000 in 2019-2023 over mean revenue $5.9bn; largest: case 02-2019-4202 (2019), defendant 'Arconic, Inc.', $45,000"
HWM,2024,0.0,EPA ECHO ICIS-FE&C civil enforcement cases,https://echo.epa.gov/facilities/enforcement-case-search,2026-09-13,"no federal EPA civil penalty found under the company's name, former names or 10-K subsidiaries with a settlement in 2020-2024 (ECHO file retrieved 2026-09-13)"
HWM,2025,0.0,EPA ECHO ICIS-FE&C civil enforcement cases,https://echo.epa.gov/facilities/enforcement-case-search,2026-09-13,"no federal EPA civil penalty found under the company's name, former names or 10-K subsidiaries with a settlement in 2021-2025 (ECHO file retrieved 2026-09-13)"
IBKR,2020,0.0,EPA ECHO ICIS-FE&C civil enforcement cases,https://echo.epa.gov/facilities/enforcement-case-search,2026-09-13,"no federal EPA civil penalty found under the company's name, former names or 10-K subsidiaries with a settlement in 2016-2020 (ECHO file retrieved 2026-09-13)"
IBKR,2021,0.0,EPA ECHO ICIS-FE&C civil enforcement cases,https://echo.epa.gov/facilities/enforcement-case-search,2026-09-13,"no federal EPA civil penalty found under the company's name, former names or 10-K subsidiaries with a settlement in 2017-2021 (ECHO file retrieved 2026-09-13)"
IBKR,2022,0.0,EPA ECHO ICIS-FE&C civil enforcement cases,https://echo.epa.gov/facilities/enforcement-case-search,2026-09-13,"no federal EPA civil penalty found under the company's name, former names or 10-K subsidiaries with a settlement in 2018-2022 (ECHO file retrieved 2026-09-13)"
IBKR,2023,0.0,EPA ECHO ICIS-FE&C civil enforcement cases,https://echo.epa.gov/facilities/enforcement-case-search,2026-09-13,"no federal EPA civil penalty found under the company's name, former names or 10-K subsidiaries with a settlement in 2019-2023 (ECHO file retrieved 2026-09-13)"
IBKR,2024,0.0,EPA ECHO ICIS-FE&C civil enforcement cases,https://echo.epa.gov/facilities/enforcement-case-search,2026-09-13,"no federal EPA civil penalty found under the company's name, former names or 10-K subsidiaries with a settlement in 2020-2024 (ECHO file retrieved 2026-09-13)"
IBKR,2025,0.0,EPA ECHO ICIS-FE&C civil enforcement cases,https://echo.epa.gov/facilities/enforcement-case-search,2026-09-13,"no federal EPA civil penalty found under the company's name, former names or 10-K subsidiaries with a settlement in 2021-2025 (ECHO file retrieved 2026-09-13)"
IBM,2020,0.0,EPA ECHO ICIS-FE&C civil enforcement cases,https://echo.epa.gov/facilities/enforcement-case-search,2026-09-13,"no federal EPA civil penalty found under the company's name, former names or 10-K subsidiaries with a settlement in 2016-2020 (ECHO file retrieved 2026-09-13)"
IBM,2021,0.0,EPA ECHO ICIS-FE&C civil enforcement cases,https://echo.epa.gov/facilities/enforcement-case-search,2026-09-13,"no federal EPA civil penalty found under the company's name, former names or 10-K subsidiaries with a settlement in 2017-2021 (ECHO file retrieved 2026-09-13)"
IBM,2022,0.0,EPA ECHO ICIS-FE&C civil enforcement cases,https://echo.epa.gov/facilities/enforcement-case-search,2026-09-13,"no federal EPA civil penalty found under the company's name, former names or 10-K subsidiaries with a settlement in 2018-2022 (ECHO file retrieved 2026-09-13)"
IBM,2023,0.0,EPA ECHO ICIS-FE&C civil enforcement cases,https://echo.epa.gov/facilities/enforcement-case-search,2026-09-13,"no federal EPA civil penalty found under the company's name, former names or 10-K subsidiaries with a settlement in 2019-2023 (ECHO file retrieved 2026-09-13)"
IBM,2024,0.0,EPA ECHO ICIS-FE&C civil enforcement cases,https://echo.epa.gov/facilities/enforcement-case-search,2026-09-13,"no federal EPA civil penalty found under the company's name, former names or 10-K subsidiaries with a settlement in 2020-2024 (ECHO file retrieved 2026-09-13)"
IBM,2025,0.0,EPA ECHO ICIS-FE&C civil enforcement cases,https://echo.epa.gov/facilities/enforcement-case-search,2026-09-13,"no federal EPA civil penalty found under the company's name, former names or 10-K subsidiaries with a settlement in 2021-2025 (ECHO file retrieved 2026-09-13)"
ICE,2020,0.0,EPA ECHO ICIS-FE&C civil enforcement cases,https://echo.epa.gov/facilities/enforcement-case-search,2026-09-13,"no federal EPA civil penalty found under the company's name, former names or 10-K subsidiaries with a settlement in 2016-2020 (ECHO file retrieved 2026-09-13)"
ICE,2021,0.0,EPA ECHO ICIS-FE&C civil enforcement cases,https://echo.epa.gov/facilities/enforcement-case-search,2026-09-13,"no federal EPA civil penalty found under the company's name, former names or 10-K subsidiaries with a settlement in 2017-2021 (ECHO file retrieved 2026-09-13)"
ICE,2022,0.0,EPA ECHO ICIS-FE&C civil enforcement cases,https://echo.epa.gov/facilities/enforcement-case-search,2026-09-13,"no federal EPA civil penalty found under the company's name, former names or 10-K subsidiaries with a settlement in 2018-2022 (ECHO file retrieved 2026-09-13)"
ICE,2023,0.0,EPA ECHO ICIS-FE&C civil enforcement cases,https://echo.epa.gov/facilities/enforcement-case-search,2026-09-13,"no federal EPA civil penalty found under the company's name, former names or 10-K subsidiaries with a settlement in 2019-2023 (ECHO file retrieved 2026-09-13)"
ICE,2024,0.0,EPA ECHO ICIS-FE&C civil enforcement cases,https://echo.epa.gov/facilities/enforcement-case-search,2026-09-13,"no federal EPA civil penalty found under the company's name, former names or 10-K subsidiaries with a settlement in 2020-2024 (ECHO file retrieved 2026-09-13)"
ICE,2025,0.0,EPA ECHO ICIS-FE&C civil enforcement cases,https://echo.epa.gov/facilities/enforcement-case-search,2026-09-13,"no federal EPA civil penalty found under the company's name, former names or 10-K subsidiaries with a settlement in 2021-2025 (ECHO file retrieved 2026-09-13)"
IDXX,2020,0.0,EPA ECHO ICIS-FE&C civil enforcement cases,https://echo.epa.gov/facilities/enforcement-case-search,2026-09-13,"no federal EPA civil penalty found under the company's name, former names or 10-K subsidiaries with a settlement in 2016-2020 (ECHO file retrieved 2026-09-13)"
IDXX,2021,0.0,EPA ECHO ICIS-FE&C civil enforcement cases,https://echo.epa.gov/facilities/enforcement-case-search,2026-09-13,"no federal EPA civil penalty found under the company's name, former names or 10-K subsidiaries with a settlement in 2017-2021 (ECHO file retrieved 2026-09-13)"
IDXX,2022,0.0,EPA ECHO ICIS-FE&C civil enforcement cases,https://echo.epa.gov/facilities/enforcement-case-search,2026-09-13,"no federal EPA civil penalty found under the company's name, former names or 10-K subsidiaries with a settlement in 2018-2022 (ECHO file retrieved 2026-09-13)"
IDXX,2023,0.0,EPA ECHO ICIS-FE&C civil enforcement cases,https://echo.epa.gov/facilities/enforcement-case-search,2026-09-13,"no federal EPA civil penalty found under the company's name, former names or 10-K subsidiaries with a settlement in 2019-2023 (ECHO file retrieved 2026-09-13)"
IDXX,2024,0.0,EPA ECHO ICIS-FE&C civil enforcement cases,https://echo.epa.gov/facilities/enforcement-case-search,2026-09-13,"no federal EPA civil penalty found under the company's name, former names or 10-K subsidiaries with a settlement in 2020-2024 (ECHO file retrieved 2026-09-13)"
IDXX,2025,0.0,EPA ECHO ICIS-FE&C civil enforcement cases,https://echo.epa.gov/facilities/enforcement-case-search,2026-09-13,"no federal EPA civil penalty found under the company's name, former names or 10-K subsidiaries with a settlement in 2021-2025 (ECHO file retrieved 2026-09-13)"
IEX,2020,0.0,EPA ECHO ICIS-FE&C civil enforcement cases,https://echo.epa.gov/facilities/enforcement-case-search,2026-09-13,"no federal EPA civil penalty found under the company's name, former names or 10-K subsidiaries with a settlement in 2016-2020 (ECHO file retrieved 2026-09-13)"
IEX,2021,0.0,EPA ECHO ICIS-FE&C civil enforcement cases,https://echo.epa.gov/facilities/enforcement-case-search,2026-09-13,"no federal EPA civil penalty found under the company's name, former names or 10-K subsidiaries with a settlement in 2017-2021 (ECHO file retrieved 2026-09-13)"
IEX,2022,0.0,EPA ECHO ICIS-FE&C civil enforcement cases,https://echo.epa.gov/facilities/enforcement-case-search,2026-09-13,"no federal EPA civil penalty found under the company's name, former names or 10-K subsidiaries with a settlement in 2018-2022 (ECHO file retrieved 2026-09-13)"
IEX,2023,0.0,EPA ECHO ICIS-FE&C civil enforcement cases,https://echo.epa.gov/facilities/enforcement-case-search,2026-09-13,"no federal EPA civil penalty found under the company's name, former names or 10-K subsidiaries with a settlement in 2019-2023 (ECHO file retrieved 2026-09-13)"
IEX,2024,0.0,EPA ECHO ICIS-FE&C civil enforcement cases,https://echo.epa.gov/facilities/enforcement-case-search,2026-09-13,"no federal EPA civil penalty found under the company's name, former names or 10-K subsidiaries with a settlement in 2020-2024 (ECHO file retrieved 2026-09-13)"
IEX,2025,0.0,EPA ECHO ICIS-FE&C civil enforcement cases,https://echo.epa.gov/facilities/enforcement-case-search,2026-09-13,"no federal EPA civil penalty found under the company's name, former names or 10-K subsidiaries with a settlement in 2021-2025 (ECHO file retrieved 2026-09-13)"
IFF,2020,0.0,EPA ECHO ICIS-FE&C civil enforcement cases,https://echo.epa.gov/facilities/enforcement-case-search,2026-09-13,"no federal EPA civil penalty found under the company's name, former names or 10-K subsidiaries with a settlement in 2016-2020 (ECHO file retrieved 2026-09-13)"
IFF,2021,0.0,EPA ECHO ICIS-FE&C civil enforcement cases,https://echo.epa.gov/facilities/enforcement-case-search,2026-09-13,"no federal EPA civil penalty found under the company's name, former names or 10-K subsidiaries with a settlement in 2017-2021 (ECHO file retrieved 2026-09-13)"
IFF,2022,0.0,EPA ECHO ICIS-FE&C civil enforcement cases,https://echo.epa.gov/facilities/enforcement-case-search,2026-09-13,"no federal EPA civil penalty found under the company's name, former names or 10-K subsidiaries with a settlement in 2018-2022 (ECHO file retrieved 2026-09-13)"
IFF,2023,6751.24,EPA ECHO ICIS-FE&C civil enforcement cases,https://echo.epa.gov/enforcement-case-report?id=03-2023-0119,2026-09-13,"1 case(s), $61,840 in 2019-2023 over mean revenue $9.2bn; largest: case 03-2023-0119 (2023), defendant 'TASTEPOINT, INC.', $61,840"
IFF,2024,5929.85,EPA ECHO ICIS-FE&C civil enforcement cases,https://echo.epa.gov/enforcement-case-report?id=03-2023-0119,2026-09-13,"1 case(s), $61,840 in 2020-2024 over mean revenue $10.4bn; largest: case 03-2023-0119 (2023), defendant 'TASTEPOINT, INC.', $61,840"
IFF,2025,5335.73,EPA ECHO ICIS-FE&C civil enforcement cases,https://echo.epa.gov/enforcement-case-report?id=03-2023-0119,2026-09-13,"1 case(s), $61,840 in 2021-2025 over mean revenue $11.6bn; largest: case 03-2023-0119 (2023), defendant 'TASTEPOINT, INC.', $61,840"
INCY,2020,0.0,EPA ECHO ICIS-FE&C civil enforcement cases,https://echo.epa.gov/facilities/enforcement-case-search,2026-09-13,"no federal EPA civil penalty found under the company's name, former names or 10-K subsidiaries with a settlement in 2016-2020 (ECHO file retrieved 2026-09-13)"
INCY,2021,0.0,EPA ECHO ICIS-FE&C civil enforcement cases,https://echo.epa.gov/facilities/enforcement-case-search,2026-09-13,"no federal EPA civil penalty found under the company's name, former names or 10-K subsidiaries with a settlement in 2017-2021 (ECHO file retrieved 2026-09-13)"
INCY,2022,0.0,EPA ECHO ICIS-FE&C civil enforcement cases,https://echo.epa.gov/facilities/enforcement-case-search,2026-09-13,"no federal EPA civil penalty found under the company's name, former names or 10-K subsidiaries with a settlement in 2018-2022 (ECHO file retrieved 2026-09-13)"
INCY,2023,0.0,EPA ECHO ICIS-FE&C civil enforcement cases,https://echo.epa.gov/facilities/enforcement-case-search,2026-09-13,"no federal EPA civil penalty found under the company's name, former names or 10-K subsidiaries with a settlement in 2019-2023 (ECHO file retrieved 2026-09-13)"
INCY,2024,0.0,EPA ECHO ICIS-FE&C civil enforcement cases,https://echo.epa.gov/facilities/enforcement-case-search,2026-09-13,"no federal EPA civil penalty found under the company's name, former names or 10-K subsidiaries with a settlement in 2020-2024 (ECHO file retrieved 2026-09-13)"
INCY,2025,0.0,EPA ECHO ICIS-FE&C civil enforcement cases,https://echo.epa.gov/facilities/enforcement-case-search,2026-09-13,"no federal EPA civil penalty found under the company's name, former names or 10-K subsidiaries with a settlement in 2021-2025 (ECHO file retrieved 2026-09-13)"
INTC,2020,0.0,EPA ECHO ICIS-FE&C civil enforcement cases,https://echo.epa.gov/facilities/enforcement-case-search,2026-09-13,"no federal EPA civil penalty found under the company's name, former names or 10-K subsidiaries with a settlement in 2016-2020 (ECHO file retrieved 2026-09-13)"
INTC,2021,0.0,EPA ECHO ICIS-FE&C civil enforcement cases,https://echo.epa.gov/facilities/enforcement-case-search,2026-09-13,"no federal EPA civil penalty found under the company's name, former names or 10-K subsidiaries with a settlement in 2017-2021 (ECHO file retrieved 2026-09-13)"
INTC,2022,0.0,EPA ECHO ICIS-FE&C civil enforcement cases,https://echo.epa.gov/facilities/enforcement-case-search,2026-09-13,"no federal EPA civil penalty found under the company's name, former names or 10-K subsidiaries with a settlement in 2018-2022 (ECHO file retrieved 2026-09-13)"
INTC,2023,0.0,EPA ECHO ICIS-FE&C civil enforcement cases,https://echo.epa.gov/facilities/enforcement-case-search,2026-09-13,"no federal EPA civil penalty found under the company's name, former names or 10-K subsidiaries with a settlement in 2019-2023 (ECHO file retrieved 2026-09-13)"
INTC,2024,0.0,EPA ECHO ICIS-FE&C civil enforcement cases,https://echo.epa.gov/facilities/enforcement-case-search,2026-09-13,"no federal EPA civil penalty found under the company's name, former names or 10-K subsidiaries with a settlement in 2020-2024 (ECHO file retrieved 2026-09-13)"
INTC,2025,0.0,EPA ECHO ICIS-FE&C civil enforcement cases,https://echo.epa.gov/facilities/enforcement-case-search,2026-09-13,"no federal EPA civil penalty found under the company's name, former names or 10-K subsidiaries with a settlement in 2021-2025 (ECHO file retrieved 2026-09-13)"
INTU,2020,0.0,EPA ECHO ICIS-FE&C civil enforcement cases,https://echo.epa.gov/facilities/enforcement-case-search,2026-09-13,"no federal EPA civil penalty found under the company's name, former names or 10-K subsidiaries with a settlement in 2016-2020 (ECHO file retrieved 2026-09-13)"
INTU,2021,0.0,EPA ECHO ICIS-FE&C civil enforcement cases,https://echo.epa.gov/facilities/enforcement-case-search,2026-09-13,"no federal EPA civil penalty found under the company's name, former names or 10-K subsidiaries with a settlement in 2017-2021 (ECHO file retrieved 2026-09-13)"
INTU,2022,0.0,EPA ECHO ICIS-FE&C civil enforcement cases,https://echo.epa.gov/facilities/enforcement-case-search,2026-09-13,"no federal EPA civil penalty found under the company's name, former names or 10-K subsidiaries with a settlement in 2018-2022 (ECHO file retrieved 2026-09-13)"
INTU,2023,0.0,EPA ECHO ICIS-FE&C civil enforcement cases,https://echo.epa.gov/facilities/enforcement-case-search,2026-09-13,"no federal EPA civil penalty found under the company's name, former names or 10-K subsidiaries with a settlement in 2019-2023 (ECHO file retrieved 2026-09-13)"
INTU,2024,0.0,EPA ECHO ICIS-FE&C civil enforcement cases,https://echo.epa.gov/facilities/enforcement-case-search,2026-09-13,"no federal EPA civil penalty found under the company's name, former names or 10-K subsidiaries with a settlement in 2020-2024 (ECHO file retrieved 2026-09-13)"
INTU,2025,0.0,EPA ECHO ICIS-FE&C civil enforcement cases,https://echo.epa.gov/facilities/enforcement-case-search,2026-09-13,"no federal EPA civil penalty found under the company's name, former names or 10-K subsidiaries with a settlement in 2021-2025 (ECHO file retrieved 2026-09-13)"
INVH,2020,0.0,EPA ECHO ICIS-FE&C civil enforcement cases,https://echo.epa.gov/facilities/enforcement-case-search,2026-09-13,"no federal EPA civil penalty found under the company's name, former names or 10-K subsidiaries with a settlement in 2016-2020 (ECHO file retrieved 2026-09-13)"
INVH,2021,0.0,EPA ECHO ICIS-FE&C civil enforcement cases,https://echo.epa.gov/facilities/enforcement-case-search,2026-09-13,"no federal EPA civil penalty found under the company's name, former names or 10-K subsidiaries with a settlement in 2017-2021 (ECHO file retrieved 2026-09-13)"
INVH,2022,0.0,EPA ECHO ICIS-FE&C civil enforcement cases,https://echo.epa.gov/facilities/enforcement-case-search,2026-09-13,"no federal EPA civil penalty found under the company's name, former names or 10-K subsidiaries with a settlement in 2018-2022 (ECHO file retrieved 2026-09-13)"
INVH,2023,0.0,EPA ECHO ICIS-FE&C civil enforcement cases,https://echo.epa.gov/facilities/enforcement-case-search,2026-09-13,"no federal EPA civil penalty found under the company's name, former names or 10-K subsidiaries with a settlement in 2019-2023 (ECHO file retrieved 2026-09-13)"
INVH,2024,0.0,EPA ECHO ICIS-FE&C civil enforcement cases,https://echo.epa.gov/facilities/enforcement-case-search,2026-09-13,"no federal EPA civil penalty found under the company's name, former names or 10-K subsidiaries with a settlement in 2020-2024 (ECHO file retrieved 2026-09-13)"
INVH,2025,0.0,EPA ECHO ICIS-FE&C civil enforcement cases,https://echo.epa.gov/facilities/enforcement-case-search,2026-09-13,"no federal EPA civil penalty found under the company's name, former names or 10-K subsidiaries with a settlement in 2021-2025 (ECHO file retrieved 2026-09-13)"
IP,2020,3188.05,EPA ECHO ICIS-FE&C civil enforcement cases,https://echo.epa.gov/enforcement-case-report?id=06-2019-3356,2026-09-13,"3 case(s), $64,033 in 2016-2020 over mean revenue $20.1bn; largest: case 06-2019-3356 (2019), defendant 'International Paper Company', $62,000"
IP,2021,3180.65,EPA ECHO ICIS-FE&C civil enforcement cases,https://echo.epa.gov/enforcement-case-report?id=06-2019-3356,2026-09-13,"2 case(s), $63,800 in 2017-2021 over mean revenue $20.1bn; largest: case 06-2019-3356 (2019), defendant 'International Paper Company', $62,000"
IP,2022,33638.24,EPA ECHO ICIS-FE&C civil enforcement cases,https://echo.epa.gov/enforcement-case-report?id=04-2022-0208,2026-09-13,"4 case(s), $670,827 in 2018-2022 over mean revenue $19.9bn; largest: case 04-2022-0208 (2022), defendant 'INTERNATIONAL PAPER COMPANY', $587,300"
IP,2023,54905.25,EPA ECHO ICIS-FE&C civil enforcement cases,https://echo.epa.gov/enforcement-case-report?id=04-2022-0208,2026-09-13,"5 case(s), $1,015,077 in 2019-2023 over mean revenue $18.5bn; largest: case 04-2022-0208 (2022), defendant 'INTERNATIONAL PAPER COMPANY', $587,300"
IP,2024,52874.0,EPA ECHO ICIS-FE&C civil enforcement cases,https://echo.epa.gov/enforcement-case-report?id=04-2022-0208,2026-09-13,"3 case(s), $951,277 in 2020-2024 over mean revenue $18.0bn; largest: case 04-2022-0208 (2022), defendant 'INTERNATIONAL PAPER COMPANY', $587,300"
IP,2025,75566.89,EPA ECHO ICIS-FE&C civil enforcement cases,https://echo.epa.gov/enforcement-case-report?id=04-2022-0208,2026-09-13,"4 case(s), $1,451,277 in 2021-2025 over mean revenue $19.2bn; largest: case 04-2022-0208 (2022), defendant 'INTERNATIONAL PAPER COMPANY', $587,300"
IQV,2020,0.0,EPA ECHO ICIS-FE&C civil enforcement cases,https://echo.epa.gov/facilities/enforcement-case-search,2026-09-13,"no federal EPA civil penalty found under the company's name, former names or 10-K subsidiaries with a settlement in 2016-2020 (ECHO file retrieved 2026-09-13)"
IQV,2021,0.0,EPA ECHO ICIS-FE&C civil enforcement cases,https://echo.epa.gov/facilities/enforcement-case-search,2026-09-13,"no federal EPA civil penalty found under the company's name, former names or 10-K subsidiaries with a settlement in 2017-2021 (ECHO file retrieved 2026-09-13)"
IQV,2022,0.0,EPA ECHO ICIS-FE&C civil enforcement cases,https://echo.epa.gov/facilities/enforcement-case-search,2026-09-13,"no federal EPA civil penalty found under the company's name, former names or 10-K subsidiaries with a settlement in 2018-2022 (ECHO file retrieved 2026-09-13)"
IQV,2023,0.0,EPA ECHO ICIS-FE&C civil enforcement cases,https://echo.epa.gov/facilities/enforcement-case-search,2026-09-13,"no federal EPA civil penalty found under the company's name, former names or 10-K subsidiaries with a settlement in 2019-2023 (ECHO file retrieved 2026-09-13)"
IQV,2024,0.0,EPA ECHO ICIS-FE&C civil enforcement cases,https://echo.epa.gov/facilities/enforcement-case-search,2026-09-13,"no federal EPA civil penalty found under the company's name, former names or 10-K subsidiaries with a settlement in 2020-2024 (ECHO file retrieved 2026-09-13)"
IQV,2025,0.0,EPA ECHO ICIS-FE&C civil enforcement cases,https://echo.epa.gov/facilities/enforcement-case-search,2026-09-13,"no federal EPA civil penalty found under the company's name, former names or 10-K subsidiaries with a settlement in 2021-2025 (ECHO file retrieved 2026-09-13)"
IR,2020,0.0,EPA ECHO ICIS-FE&C civil enforcement cases,https://echo.epa.gov/facilities/enforcement-case-search,2026-09-13,"no federal EPA civil penalty found under the company's name, former names or 10-K subsidiaries with a settlement in 2016-2020 (ECHO file retrieved 2026-09-13)"
IR,2021,0.0,EPA ECHO ICIS-FE&C civil enforcement cases,https://echo.epa.gov/facilities/enforcement-case-search,2026-09-13,"no federal EPA civil penalty found under the company's name, former names or 10-K subsidiaries with a settlement in 2017-2021 (ECHO file retrieved 2026-09-13)"
IR,2022,0.0,EPA ECHO ICIS-FE&C civil enforcement cases,https://echo.epa.gov/facilities/enforcement-case-search,2026-09-13,"no federal EPA civil penalty found under the company's name, former names or 10-K subsidiaries with a settlement in 2018-2022 (ECHO file retrieved 2026-09-13)"
IR,2023,0.0,EPA ECHO ICIS-FE&C civil enforcement cases,https://echo.epa.gov/facilities/enforcement-case-search,2026-09-13,"no federal EPA civil penalty found under the company's name, former names or 10-K subsidiaries with a settlement in 2019-2023 (ECHO file retrieved 2026-09-13)"
IR,2024,0.0,EPA ECHO ICIS-FE&C civil enforcement cases,https://echo.epa.gov/facilities/enforcement-case-search,2026-09-13,"no federal EPA civil penalty found under the company's name, former names or 10-K subsidiaries with a settlement in 2020-2024 (ECHO file retrieved 2026-09-13)"
IR,2025,0.0,EPA ECHO ICIS-FE&C civil enforcement cases,https://echo.epa.gov/facilities/enforcement-case-search,2026-09-13,"no federal EPA civil penalty found under the company's name, former names or 10-K subsidiaries with a settlement in 2021-2025 (ECHO file retrieved 2026-09-13)"
IRM,2020,0.0,EPA ECHO ICIS-FE&C civil enforcement cases,https://echo.epa.gov/facilities/enforcement-case-search,2026-09-13,"no federal EPA civil penalty found under the company's name, former names or 10-K subsidiaries with a settlement in 2016-2020 (ECHO file retrieved 2026-09-13)"
IRM,2021,0.0,EPA ECHO ICIS-FE&C civil enforcement cases,https://echo.epa.gov/facilities/enforcement-case-search,2026-09-13,"no federal EPA civil penalty found under the company's name, former names or 10-K subsidiaries with a settlement in 2017-2021 (ECHO file retrieved 2026-09-13)"
IRM,2022,0.0,EPA ECHO ICIS-FE&C civil enforcement cases,https://echo.epa.gov/facilities/enforcement-case-search,2026-09-13,"no federal EPA civil penalty found under the company's name, former names or 10-K subsidiaries with a settlement in 2018-2022 (ECHO file retrieved 2026-09-13)"
IRM,2023,0.0,EPA ECHO ICIS-FE&C civil enforcement cases,https://echo.epa.gov/facilities/enforcement-case-search,2026-09-13,"no federal EPA civil penalty found under the company's name, former names or 10-K subsidiaries with a settlement in 2019-2023 (ECHO file retrieved 2026-09-13)"
IRM,2024,0.0,EPA ECHO ICIS-FE&C civil enforcement cases,https://echo.epa.gov/facilities/enforcement-case-search,2026-09-13,"no federal EPA civil penalty found under the company's name, former names or 10-K subsidiaries with a settlement in 2020-2024 (ECHO file retrieved 2026-09-13)"
IRM,2025,0.0,EPA ECHO ICIS-FE&C civil enforcement cases,https://echo.epa.gov/facilities/enforcement-case-search,2026-09-13,"no federal EPA civil penalty found under the company's name, former names or 10-K subsidiaries with a settlement in 2021-2025 (ECHO file retrieved 2026-09-13)"
ISRG,2020,0.0,EPA ECHO ICIS-FE&C civil enforcement cases,https://echo.epa.gov/facilities/enforcement-case-search,2026-09-13,"no federal EPA civil penalty found under the company's name, former names or 10-K subsidiaries with a settlement in 2016-2020 (ECHO file retrieved 2026-09-13)"
ISRG,2021,0.0,EPA ECHO ICIS-FE&C civil enforcement cases,https://echo.epa.gov/facilities/enforcement-case-search,2026-09-13,"no federal EPA civil penalty found under the company's name, former names or 10-K subsidiaries with a settlement in 2017-2021 (ECHO file retrieved 2026-09-13)"
ISRG,2022,0.0,EPA ECHO ICIS-FE&C civil enforcement cases,https://echo.epa.gov/facilities/enforcement-case-search,2026-09-13,"no federal EPA civil penalty found under the company's name, former names or 10-K subsidiaries with a settlement in 2018-2022 (ECHO file retrieved 2026-09-13)"
ISRG,2023,0.0,EPA ECHO ICIS-FE&C civil enforcement cases,https://echo.epa.gov/facilities/enforcement-case-search,2026-09-13,"no federal EPA civil penalty found under the company's name, former names or 10-K subsidiaries with a settlement in 2019-2023 (ECHO file retrieved 2026-09-13)"
ISRG,2024,0.0,EPA ECHO ICIS-FE&C civil enforcement cases,https://echo.epa.gov/facilities/enforcement-case-search,2026-09-13,"no federal EPA civil penalty found under the company's name, former names or 10-K subsidiaries with a settlement in 2020-2024 (ECHO file retrieved 2026-09-13)"
ISRG,2025,0.0,EPA ECHO ICIS-FE&C civil enforcement cases,https://echo.epa.gov/facilities/enforcement-case-search,2026-09-13,"no federal EPA civil penalty found under the company's name, former names or 10-K subsidiaries with a settlement in 2021-2025 (ECHO file retrieved 2026-09-13)"
IT,2020,0.0,EPA ECHO ICIS-FE&C civil enforcement cases,https://echo.epa.gov/facilities/enforcement-case-search,2026-09-13,"no federal EPA civil penalty found under the company's name, former names or 10-K subsidiaries with a settlement in 2016-2020 (ECHO file retrieved 2026-09-13)"
IT,2021,0.0,EPA ECHO ICIS-FE&C civil enforcement cases,https://echo.epa.gov/facilities/enforcement-case-search,2026-09-13,"no federal EPA civil penalty found under the company's name, former names or 10-K subsidiaries with a settlement in 2017-2021 (ECHO file retrieved 2026-09-13)"
IT,2022,0.0,EPA ECHO ICIS-FE&C civil enforcement cases,https://echo.epa.gov/facilities/enforcement-case-search,2026-09-13,"no federal EPA civil penalty found under the company's name, former names or 10-K subsidiaries with a settlement in 2018-2022 (ECHO file retrieved 2026-09-13)"
IT,2023,0.0,EPA ECHO ICIS-FE&C civil enforcement cases,https://echo.epa.gov/facilities/enforcement-case-search,2026-09-13,"no federal EPA civil penalty found under the company's name, former names or 10-K subsidiaries with a settlement in 2019-2023 (ECHO file retrieved 2026-09-13)"
IT,2024,0.0,EPA ECHO ICIS-FE&C civil enforcement cases,https://echo.epa.gov/facilities/enforcement-case-search,2026-09-13,"no federal EPA civil penalty found under the company's name, former names or 10-K subsidiaries with a settlement in 2020-2024 (ECHO file retrieved 2026-09-13)"
IT,2025,0.0,EPA ECHO ICIS-FE&C civil enforcement cases,https://echo.epa.gov/facilities/enforcement-case-search,2026-09-13,"no federal EPA civil penalty found under the company's name, former names or 10-K subsidiaries with a settlement in 2021-2025 (ECHO file retrieved 2026-09-13)"
ITW,2020,0.0,EPA ECHO ICIS-FE&C civil enforcement cases,https://echo.epa.gov/facilities/enforcement-case-search,2026-09-13,"no federal EPA civil penalty found under the company's name, former names or 10-K subsidiaries with a settlement in 2016-2020 (ECHO file retrieved 2026-09-13)"
ITW,2021,0.0,EPA ECHO ICIS-FE&C civil enforcement cases,https://echo.epa.gov/facilities/enforcement-case-search,2026-09-13,"no federal EPA civil penalty found under the company's name, former names or 10-K subsidiaries with a settlement in 2017-2021 (ECHO file retrieved 2026-09-13)"
ITW,2022,0.0,EPA ECHO ICIS-FE&C civil enforcement cases,https://echo.epa.gov/facilities/enforcement-case-search,2026-09-13,"no federal EPA civil penalty found under the company's name, former names or 10-K subsidiaries with a settlement in 2018-2022 (ECHO file retrieved 2026-09-13)"
ITW,2023,0.0,EPA ECHO ICIS-FE&C civil enforcement cases,https://echo.epa.gov/facilities/enforcement-case-search,2026-09-13,"no federal EPA civil penalty found under the company's name, former names or 10-K subsidiaries with a settlement in 2019-2023 (ECHO file retrieved 2026-09-13)"
ITW,2024,133.39,EPA ECHO ICIS-FE&C civil enforcement cases,https://echo.epa.gov/enforcement-case-report?id=05-2025-5001,2026-09-13,"1 case(s), $2,000 in 2020-2024 over mean revenue $15.0bn; largest: case 05-2025-5001 (2024), defendant 'MILLER ELECTRIC MFG', $2,000"
ITW,2025,127.49,EPA ECHO ICIS-FE&C civil enforcement cases,https://echo.epa.gov/enforcement-case-report?id=05-2025-5001,2026-09-13,"1 case(s), $2,000 in 2021-2025 over mean revenue $15.7bn; largest: case 05-2025-5001 (2024), defendant 'MILLER ELECTRIC MFG', $2,000"
IVZ,2020,0.0,EPA ECHO ICIS-FE&C civil enforcement cases,https://echo.epa.gov/facilities/enforcement-case-search,2026-09-13,"no federal EPA civil penalty found under the company's name, former names or 10-K subsidiaries with a settlement in 2016-2020 (ECHO file retrieved 2026-09-13)"
IVZ,2021,0.0,EPA ECHO ICIS-FE&C civil enforcement cases,https://echo.epa.gov/facilities/enforcement-case-search,2026-09-13,"no federal EPA civil penalty found under the company's name, former names or 10-K subsidiaries with a settlement in 2017-2021 (ECHO file retrieved 2026-09-13)"
IVZ,2022,0.0,EPA ECHO ICIS-FE&C civil enforcement cases,https://echo.epa.gov/facilities/enforcement-case-search,2026-09-13,"no federal EPA civil penalty found under the company's name, former names or 10-K subsidiaries with a settlement in 2018-2022 (ECHO file retrieved 2026-09-13)"
IVZ,2023,0.0,EPA ECHO ICIS-FE&C civil enforcement cases,https://echo.epa.gov/facilities/enforcement-case-search,2026-09-13,"no federal EPA civil penalty found under the company's name, former names or 10-K subsidiaries with a settlement in 2019-2023 (ECHO file retrieved 2026-09-13)"
IVZ,2024,0.0,EPA ECHO ICIS-FE&C civil enforcement cases,https://echo.epa.gov/facilities/enforcement-case-search,2026-09-13,"no federal EPA civil penalty found under the company's name, former names or 10-K subsidiaries with a settlement in 2020-2024 (ECHO file retrieved 2026-09-13)"
IVZ,2025,0.0,EPA ECHO ICIS-FE&C civil enforcement cases,https://echo.epa.gov/facilities/enforcement-case-search,2026-09-13,"no federal EPA civil penalty found under the company's name, former names or 10-K subsidiaries with a settlement in 2021-2025 (ECHO file retrieved 2026-09-13)"
J,2020,0.0,EPA ECHO ICIS-FE&C civil enforcement cases,https://echo.epa.gov/facilities/enforcement-case-search,2026-09-13,"no federal EPA civil penalty found under the company's name, former names or 10-K subsidiaries with a settlement in 2016-2020 (ECHO file retrieved 2026-09-13)"
J,2021,0.0,EPA ECHO ICIS-FE&C civil enforcement cases,https://echo.epa.gov/facilities/enforcement-case-search,2026-09-13,"no federal EPA civil penalty found under the company's name, former names or 10-K subsidiaries with a settlement in 2017-2021 (ECHO file retrieved 2026-09-13)"
J,2022,0.0,EPA ECHO ICIS-FE&C civil enforcement cases,https://echo.epa.gov/facilities/enforcement-case-search,2026-09-13,"no federal EPA civil penalty found under the company's name, former names or 10-K subsidiaries with a settlement in 2018-2022 (ECHO file retrieved 2026-09-13)"
J,2023,0.0,EPA ECHO ICIS-FE&C civil enforcement cases,https://echo.epa.gov/facilities/enforcement-case-search,2026-09-13,"no federal EPA civil penalty found under the company's name, former names or 10-K subsidiaries with a settlement in 2019-2023 (ECHO file retrieved 2026-09-13)"
J,2024,0.0,EPA ECHO ICIS-FE&C civil enforcement cases,https://echo.epa.gov/facilities/enforcement-case-search,2026-09-13,"no federal EPA civil penalty found under the company's name, former names or 10-K subsidiaries with a settlement in 2020-2024 (ECHO file retrieved 2026-09-13)"
J,2025,0.0,EPA ECHO ICIS-FE&C civil enforcement cases,https://echo.epa.gov/facilities/enforcement-case-search,2026-09-13,"no federal EPA civil penalty found under the company's name, former names or 10-K subsidiaries with a settlement in 2021-2025 (ECHO file retrieved 2026-09-13)"
JBHT,2020,0.0,EPA ECHO ICIS-FE&C civil enforcement cases,https://echo.epa.gov/facilities/enforcement-case-search,2026-09-13,"no federal EPA civil penalty found under the company's name, former names or 10-K subsidiaries with a settlement in 2016-2020 (ECHO file retrieved 2026-09-13)"
JBHT,2021,0.0,EPA ECHO ICIS-FE&C civil enforcement cases,https://echo.epa.gov/facilities/enforcement-case-search,2026-09-13,"no federal EPA civil penalty found under the company's name, former names or 10-K subsidiaries with a settlement in 2017-2021 (ECHO file retrieved 2026-09-13)"
JBHT,2022,0.0,EPA ECHO ICIS-FE&C civil enforcement cases,https://echo.epa.gov/facilities/enforcement-case-search,2026-09-13,"no federal EPA civil penalty found under the company's name, former names or 10-K subsidiaries with a settlement in 2018-2022 (ECHO file retrieved 2026-09-13)"
JBHT,2023,0.0,EPA ECHO ICIS-FE&C civil enforcement cases,https://echo.epa.gov/facilities/enforcement-case-search,2026-09-13,"no federal EPA civil penalty found under the company's name, former names or 10-K subsidiaries with a settlement in 2019-2023 (ECHO file retrieved 2026-09-13)"
JBHT,2024,0.0,EPA ECHO ICIS-FE&C civil enforcement cases,https://echo.epa.gov/facilities/enforcement-case-search,2026-09-13,"no federal EPA civil penalty found under the company's name, former names or 10-K subsidiaries with a settlement in 2020-2024 (ECHO file retrieved 2026-09-13)"
JBHT,2025,0.0,EPA ECHO ICIS-FE&C civil enforcement cases,https://echo.epa.gov/facilities/enforcement-case-search,2026-09-13,"no federal EPA civil penalty found under the company's name, former names or 10-K subsidiaries with a settlement in 2021-2025 (ECHO file retrieved 2026-09-13)"
JBL,2020,0.0,EPA ECHO ICIS-FE&C civil enforcement cases,https://echo.epa.gov/facilities/enforcement-case-search,2026-09-13,"no federal EPA civil penalty found under the company's name, former names or 10-K subsidiaries with a settlement in 2016-2020 (ECHO file retrieved 2026-09-13)"
JBL,2021,0.0,EPA ECHO ICIS-FE&C civil enforcement cases,https://echo.epa.gov/facilities/enforcement-case-search,2026-09-13,"no federal EPA civil penalty found under the company's name, former names or 10-K subsidiaries with a settlement in 2017-2021 (ECHO file retrieved 2026-09-13)"
JBL,2022,0.0,EPA ECHO ICIS-FE&C civil enforcement cases,https://echo.epa.gov/facilities/enforcement-case-search,2026-09-13,"no federal EPA civil penalty found under the company's name, former names or 10-K subsidiaries with a settlement in 2018-2022 (ECHO file retrieved 2026-09-13)"
JBL,2023,0.0,EPA ECHO ICIS-FE&C civil enforcement cases,https://echo.epa.gov/facilities/enforcement-case-search,2026-09-13,"no federal EPA civil penalty found under the company's name, former names or 10-K subsidiaries with a settlement in 2019-2023 (ECHO file retrieved 2026-09-13)"
JBL,2024,0.0,EPA ECHO ICIS-FE&C civil enforcement cases,https://echo.epa.gov/facilities/enforcement-case-search,2026-09-13,"no federal EPA civil penalty found under the company's name, former names or 10-K subsidiaries with a settlement in 2020-2024 (ECHO file retrieved 2026-09-13)"
JBL,2025,0.0,EPA ECHO ICIS-FE&C civil enforcement cases,https://echo.epa.gov/facilities/enforcement-case-search,2026-09-13,"no federal EPA civil penalty found under the company's name, former names or 10-K subsidiaries with a settlement in 2021-2025 (ECHO file retrieved 2026-09-13)"
JCI,2020,0.0,EPA ECHO ICIS-FE&C civil enforcement cases,https://echo.epa.gov/facilities/enforcement-case-search,2026-09-13,"no federal EPA civil penalty found under the company's name, former names or 10-K subsidiaries with a settlement in 2016-2020 (ECHO file retrieved 2026-09-13)"
JCI,2021,0.0,EPA ECHO ICIS-FE&C civil enforcement cases,https://echo.epa.gov/facilities/enforcement-case-search,2026-09-13,"no federal EPA civil penalty found under the company's name, former names or 10-K subsidiaries with a settlement in 2017-2021 (ECHO file retrieved 2026-09-13)"
JCI,2022,0.0,EPA ECHO ICIS-FE&C civil enforcement cases,https://echo.epa.gov/facilities/enforcement-case-search,2026-09-13,"no federal EPA civil penalty found under the company's name, former names or 10-K subsidiaries with a settlement in 2018-2022 (ECHO file retrieved 2026-09-13)"
JCI,2023,0.0,EPA ECHO ICIS-FE&C civil enforcement cases,https://echo.epa.gov/facilities/enforcement-case-search,2026-09-13,"no federal EPA civil penalty found under the company's name, former names or 10-K subsidiaries with a settlement in 2019-2023 (ECHO file retrieved 2026-09-13)"
JCI,2024,0.0,EPA ECHO ICIS-FE&C civil enforcement cases,https://echo.epa.gov/facilities/enforcement-case-search,2026-09-13,"no federal EPA civil penalty found under the company's name, former names or 10-K subsidiaries with a settlement in 2020-2024 (ECHO file retrieved 2026-09-13)"
JCI,2025,0.0,EPA ECHO ICIS-FE&C civil enforcement cases,https://echo.epa.gov/facilities/enforcement-case-search,2026-09-13,"no federal EPA civil penalty found under the company's name, former names or 10-K subsidiaries with a settlement in 2021-2025 (ECHO file retrieved 2026-09-13)"
JKHY,2020,0.0,EPA ECHO ICIS-FE&C civil enforcement cases,https://echo.epa.gov/facilities/enforcement-case-search,2026-09-13,"no federal EPA civil penalty found under the company's name, former names or 10-K subsidiaries with a settlement in 2016-2020 (ECHO file retrieved 2026-09-13)"
JKHY,2021,0.0,EPA ECHO ICIS-FE&C civil enforcement cases,https://echo.epa.gov/facilities/enforcement-case-search,2026-09-13,"no federal EPA civil penalty found under the company's name, former names or 10-K subsidiaries with a settlement in 2017-2021 (ECHO file retrieved 2026-09-13)"
JKHY,2022,0.0,EPA ECHO ICIS-FE&C civil enforcement cases,https://echo.epa.gov/facilities/enforcement-case-search,2026-09-13,"no federal EPA civil penalty found under the company's name, former names or 10-K subsidiaries with a settlement in 2018-2022 (ECHO file retrieved 2026-09-13)"
JKHY,2023,0.0,EPA ECHO ICIS-FE&C civil enforcement cases,https://echo.epa.gov/facilities/enforcement-case-search,2026-09-13,"no federal EPA civil penalty found under the company's name, former names or 10-K subsidiaries with a settlement in 2019-2023 (ECHO file retrieved 2026-09-13)"
JKHY,2024,0.0,EPA ECHO ICIS-FE&C civil enforcement cases,https://echo.epa.gov/facilities/enforcement-case-search,2026-09-13,"no federal EPA civil penalty found under the company's name, former names or 10-K subsidiaries with a settlement in 2020-2024 (ECHO file retrieved 2026-09-13)"
JKHY,2025,0.0,EPA ECHO ICIS-FE&C civil enforcement cases,https://echo.epa.gov/facilities/enforcement-case-search,2026-09-13,"no federal EPA civil penalty found under the company's name, former names or 10-K subsidiaries with a settlement in 2021-2025 (ECHO file retrieved 2026-09-13)"
JNJ,2020,136.23,EPA ECHO ICIS-FE&C civil enforcement cases,https://echo.epa.gov/enforcement-case-report?id=08-2019-0060,2026-09-13,"1 case(s), $10,750 in 2016-2020 over mean revenue $78.9bn; largest: case 08-2019-0060 (2019), defendant 'DePuy Synthes', $10,750"
JNJ,2021,133.9,EPA ECHO ICIS-FE&C civil enforcement cases,https://echo.epa.gov/enforcement-case-report?id=08-2019-0060,2026-09-13,"1 case(s), $10,750 in 2017-2021 over mean revenue $80.3bn; largest: case 08-2019-0060 (2019), defendant 'DePuy Synthes', $10,750"
JNJ,2022,132.73,EPA ECHO ICIS-FE&C civil enforcement cases,https://echo.epa.gov/enforcement-case-report?id=08-2019-0060,2026-09-13,"1 case(s), $10,750 in 2018-2022 over mean revenue $81.0bn; largest: case 08-2019-0060 (2019), defendant 'DePuy Synthes', $10,750"
JNJ,2023,131.57,EPA ECHO ICIS-FE&C civil enforcement cases,https://echo.epa.gov/enforcement-case-report?id=08-2019-0060,2026-09-13,"1 case(s), $10,750 in 2019-2023 over mean revenue $81.7bn; largest: case 08-2019-0060 (2019), defendant 'DePuy Synthes', $10,750"
JNJ,2024,366.01,EPA ECHO ICIS-FE&C civil enforcement cases,https://echo.epa.gov/enforcement-case-report?id=04-2024-4003,2026-09-13,"1 case(s), $30,400 in 2020-2024 over mean revenue $83.1bn; largest: case 04-2024-4003 (2024), defendant 'JANSSEN PHARMACEUTICALS, INC.', $30,400"
JNJ,2025,356.05,EPA ECHO ICIS-FE&C civil enforcement cases,https://echo.epa.gov/enforcement-case-report?id=04-2024-4003,2026-09-13,"1 case(s), $30,400 in 2021-2025 over mean revenue $85.4bn; largest: case 04-2024-4003 (2024), defendant 'JANSSEN PHARMACEUTICALS, INC.', $30,400"
JPM,2020,0.0,EPA ECHO ICIS-FE&C civil enforcement cases,https://echo.epa.gov/facilities/enforcement-case-search,2026-09-13,"no federal EPA civil penalty found under the company's name, former names or 10-K subsidiaries with a settlement in 2016-2020 (ECHO file retrieved 2026-09-13)"
JPM,2021,0.0,EPA ECHO ICIS-FE&C civil enforcement cases,https://echo.epa.gov/facilities/enforcement-case-search,2026-09-13,"no federal EPA civil penalty found under the company's name, former names or 10-K subsidiaries with a settlement in 2017-2021 (ECHO file retrieved 2026-09-13)"
JPM,2022,0.0,EPA ECHO ICIS-FE&C civil enforcement cases,https://echo.epa.gov/facilities/enforcement-case-search,2026-09-13,"no federal EPA civil penalty found under the company's name, former names or 10-K subsidiaries with a settlement in 2018-2022 (ECHO file retrieved 2026-09-13)"
JPM,2023,0.0,EPA ECHO ICIS-FE&C civil enforcement cases,https://echo.epa.gov/facilities/enforcement-case-search,2026-09-13,"no federal EPA civil penalty found under the company's name, former names or 10-K subsidiaries with a settlement in 2019-2023 (ECHO file retrieved 2026-09-13)"
JPM,2024,0.0,EPA ECHO ICIS-FE&C civil enforcement cases,https://echo.epa.gov/facilities/enforcement-case-search,2026-09-13,"no federal EPA civil penalty found under the company's name, former names or 10-K subsidiaries with a settlement in 2020-2024 (ECHO file retrieved 2026-09-13)"
JPM,2025,0.0,EPA ECHO ICIS-FE&C civil enforcement cases,https://echo.epa.gov/facilities/enforcement-case-search,2026-09-13,"no federal EPA civil penalty found under the company's name, former names or 10-K subsidiaries with a settlement in 2021-2025 (ECHO file retrieved 2026-09-13)"
KDP,2020,0.0,EPA ECHO ICIS-FE&C civil enforcement cases,https://echo.epa.gov/facilities/enforcement-case-search,2026-09-13,"no federal EPA civil penalty found under the company's name, former names or 10-K subsidiaries with a settlement in 2016-2020 (ECHO file retrieved 2026-09-13)"
KDP,2021,0.0,EPA ECHO ICIS-FE&C civil enforcement cases,https://echo.epa.gov/facilities/enforcement-case-search,2026-09-13,"no federal EPA civil penalty found under the company's name, former names or 10-K subsidiaries with a settlement in 2017-2021 (ECHO file retrieved 2026-09-13)"
KDP,2022,0.0,EPA ECHO ICIS-FE&C civil enforcement cases,https://echo.epa.gov/facilities/enforcement-case-search,2026-09-13,"no federal EPA civil penalty found under the company's name, former names or 10-K subsidiaries with a settlement in 2018-2022 (ECHO file retrieved 2026-09-13)"
KDP,2023,0.0,EPA ECHO ICIS-FE&C civil enforcement cases,https://echo.epa.gov/facilities/enforcement-case-search,2026-09-13,"no federal EPA civil penalty found under the company's name, former names or 10-K subsidiaries with a settlement in 2019-2023 (ECHO file retrieved 2026-09-13)"
KDP,2024,0.0,EPA ECHO ICIS-FE&C civil enforcement cases,https://echo.epa.gov/facilities/enforcement-case-search,2026-09-13,"no federal EPA civil penalty found under the company's name, former names or 10-K subsidiaries with a settlement in 2020-2024 (ECHO file retrieved 2026-09-13)"
KDP,2025,0.0,EPA ECHO ICIS-FE&C civil enforcement cases,https://echo.epa.gov/facilities/enforcement-case-search,2026-09-13,"no federal EPA civil penalty found under the company's name, former names or 10-K subsidiaries with a settlement in 2021-2025 (ECHO file retrieved 2026-09-13)"
KEY,2020,0.0,EPA ECHO ICIS-FE&C civil enforcement cases,https://echo.epa.gov/facilities/enforcement-case-search,2026-09-13,"no federal EPA civil penalty found under the company's name, former names or 10-K subsidiaries with a settlement in 2016-2020 (ECHO file retrieved 2026-09-13)"
KEY,2021,0.0,EPA ECHO ICIS-FE&C civil enforcement cases,https://echo.epa.gov/facilities/enforcement-case-search,2026-09-13,"no federal EPA civil penalty found under the company's name, former names or 10-K subsidiaries with a settlement in 2017-2021 (ECHO file retrieved 2026-09-13)"
KEY,2022,0.0,EPA ECHO ICIS-FE&C civil enforcement cases,https://echo.epa.gov/facilities/enforcement-case-search,2026-09-13,"no federal EPA civil penalty found under the company's name, former names or 10-K subsidiaries with a settlement in 2018-2022 (ECHO file retrieved 2026-09-13)"
KEY,2023,0.0,EPA ECHO ICIS-FE&C civil enforcement cases,https://echo.epa.gov/facilities/enforcement-case-search,2026-09-13,"no federal EPA civil penalty found under the company's name, former names or 10-K subsidiaries with a settlement in 2019-2023 (ECHO file retrieved 2026-09-13)"
KEY,2024,0.0,EPA ECHO ICIS-FE&C civil enforcement cases,https://echo.epa.gov/facilities/enforcement-case-search,2026-09-13,"no federal EPA civil penalty found under the company's name, former names or 10-K subsidiaries with a settlement in 2020-2024 (ECHO file retrieved 2026-09-13)"
KEY,2025,0.0,EPA ECHO ICIS-FE&C civil enforcement cases,https://echo.epa.gov/facilities/enforcement-case-search,2026-09-13,"no federal EPA civil penalty found under the company's name, former names or 10-K subsidiaries with a settlement in 2021-2025 (ECHO file retrieved 2026-09-13)"
KEYS,2020,0.0,EPA ECHO ICIS-FE&C civil enforcement cases,https://echo.epa.gov/facilities/enforcement-case-search,2026-09-13,"no federal EPA civil penalty found under the company's name, former names or 10-K subsidiaries with a settlement in 2016-2020 (ECHO file retrieved 2026-09-13)"
KEYS,2021,0.0,EPA ECHO ICIS-FE&C civil enforcement cases,https://echo.epa.gov/facilities/enforcement-case-search,2026-09-13,"no federal EPA civil penalty found under the company's name, former names or 10-K subsidiaries with a settlement in 2017-2021 (ECHO file retrieved 2026-09-13)"
KEYS,2022,7028.95,EPA ECHO ICIS-FE&C civil enforcement cases,https://echo.epa.gov/enforcement-case-report?id=09-2023-5007,2026-09-13,"1 case(s), $32,000 in 2018-2022 over mean revenue $4.6bn; largest: case 09-2023-5007 (2022), defendant 'Keysight Technologies', $32,000"
KEYS,2023,6571.11,EPA ECHO ICIS-FE&C civil enforcement cases,https://echo.epa.gov/enforcement-case-report?id=09-2023-5007,2026-09-13,"1 case(s), $32,000 in 2019-2023 over mean revenue $4.9bn; largest: case 09-2023-5007 (2022), defendant 'Keysight Technologies', $32,000"
KEYS,2024,6393.61,EPA ECHO ICIS-FE&C civil enforcement cases,https://echo.epa.gov/enforcement-case-report?id=09-2023-5007,2026-09-13,"1 case(s), $32,000 in 2020-2024 over mean revenue $5.0bn; largest: case 09-2023-5007 (2022), defendant 'Keysight Technologies', $32,000"
KEYS,2025,6111.77,EPA ECHO ICIS-FE&C civil enforcement cases,https://echo.epa.gov/enforcement-case-report?id=09-2023-5007,2026-09-13,"1 case(s), $32,000 in 2021-2025 over mean revenue $5.2bn; largest: case 09-2023-5007 (2022), defendant 'Keysight Technologies', $32,000"
KHC,2020,1889.65,EPA ECHO ICIS-FE&C civil enforcement cases,https://echo.epa.gov/enforcement-case-report?id=05-2020-4700,2026-09-13,"2 case(s), $49,058 in 2016-2020 over mean revenue $26.0bn; largest: case 05-2020-4700 (2020), defendant 'Kraft Heinz', $48,825"
KHC,2021,1884.44,EPA ECHO ICIS-FE&C civil enforcement cases,https://echo.epa.gov/enforcement-case-report?id=05-2020-4700,2026-09-13,"1 case(s), $48,825 in 2017-2021 over mean revenue $25.9bn; largest: case 05-2020-4700 (2020), defendant 'Kraft Heinz', $48,825"
KHC,2022,1878.51,EPA ECHO ICIS-FE&C civil enforcement cases,https://echo.epa.gov/enforcement-case-report?id=05-2020-4700,2026-09-13,"1 case(s), $48,825 in 2018-2022 over mean revenue $26.0bn; largest: case 05-2020-4700 (2020), defendant 'Kraft Heinz', $48,825"
KHC,2023,1873.14,EPA ECHO ICIS-FE&C civil enforcement cases,https://echo.epa.gov/enforcement-case-report?id=05-2020-4700,2026-09-13,"1 case(s), $48,825 in 2019-2023 over mean revenue $26.1bn; largest: case 05-2020-4700 (2020), defendant 'Kraft Heinz', $48,825"
KHC,2024,1860.74,EPA ECHO ICIS-FE&C civil enforcement cases,https://echo.epa.gov/enforcement-case-report?id=05-2020-4700,2026-09-13,"1 case(s), $48,825 in 2020-2024 over mean revenue $26.2bn; largest: case 05-2020-4700 (2020), defendant 'Kraft Heinz', $48,825"
KHC,2025,306.61,EPA ECHO ICIS-FE&C civil enforcement cases,https://echo.epa.gov/enforcement-case-report?id=02-2025-3317,2026-09-13,"1 case(s), $7,969 in 2021-2025 over mean revenue $26.0bn; largest: case 02-2025-3317 (2025), defendant 'Kraft Heinz', $7,969"
KIM,2020,0.0,EPA ECHO ICIS-FE&C civil enforcement cases,https://echo.epa.gov/facilities/enforcement-case-search,2026-09-13,"no federal EPA civil penalty found under the company's name, former names or 10-K subsidiaries with a settlement in 2016-2020 (ECHO file retrieved 2026-09-13)"
KIM,2021,0.0,EPA ECHO ICIS-FE&C civil enforcement cases,https://echo.epa.gov/facilities/enforcement-case-search,2026-09-13,"no federal EPA civil penalty found under the company's name, former names or 10-K subsidiaries with a settlement in 2017-2021 (ECHO file retrieved 2026-09-13)"
KIM,2022,0.0,EPA ECHO ICIS-FE&C civil enforcement cases,https://echo.epa.gov/facilities/enforcement-case-search,2026-09-13,"no federal EPA civil penalty found under the company's name, former names or 10-K subsidiaries with a settlement in 2018-2022 (ECHO file retrieved 2026-09-13)"
KIM,2023,0.0,EPA ECHO ICIS-FE&C civil enforcement cases,https://echo.epa.gov/facilities/enforcement-case-search,2026-09-13,"no federal EPA civil penalty found under the company's name, former names or 10-K subsidiaries with a settlement in 2019-2023 (ECHO file retrieved 2026-09-13)"
KIM,2024,0.0,EPA ECHO ICIS-FE&C civil enforcement cases,https://echo.epa.gov/facilities/enforcement-case-search,2026-09-13,"no federal EPA civil penalty found under the company's name, former names or 10-K subsidiaries with a settlement in 2020-2024 (ECHO file retrieved 2026-09-13)"
KIM,2025,0.0,EPA ECHO ICIS-FE&C civil enforcement cases,https://echo.epa.gov/facilities/enforcement-case-search,2026-09-13,"no federal EPA civil penalty found under the company's name, former names or 10-K subsidiaries with a settlement in 2021-2025 (ECHO file retrieved 2026-09-13)"
KKR,2020,0.0,EPA ECHO ICIS-FE&C civil enforcement cases,https://echo.epa.gov/facilities/enforcement-case-search,2026-09-13,"no federal EPA civil penalty found under the company's name, former names or 10-K subsidiaries with a settlement in 2016-2020 (ECHO file retrieved 2026-09-13)"
KKR,2021,0.0,EPA ECHO ICIS-FE&C civil enforcement cases,https://echo.epa.gov/facilities/enforcement-case-search,2026-09-13,"no federal EPA civil penalty found under the company's name, former names or 10-K subsidiaries with a settlement in 2017-2021 (ECHO file retrieved 2026-09-13)"
KKR,2022,0.0,EPA ECHO ICIS-FE&C civil enforcement cases,https://echo.epa.gov/facilities/enforcement-case-search,2026-09-13,"no federal EPA civil penalty found under the company's name, former names or 10-K subsidiaries with a settlement in 2018-2022 (ECHO file retrieved 2026-09-13)"
KKR,2023,0.0,EPA ECHO ICIS-FE&C civil enforcement cases,https://echo.epa.gov/facilities/enforcement-case-search,2026-09-13,"no federal EPA civil penalty found under the company's name, former names or 10-K subsidiaries with a settlement in 2019-2023 (ECHO file retrieved 2026-09-13)"
KKR,2024,0.0,EPA ECHO ICIS-FE&C civil enforcement cases,https://echo.epa.gov/facilities/enforcement-case-search,2026-09-13,"no federal EPA civil penalty found under the company's name, former names or 10-K subsidiaries with a settlement in 2020-2024 (ECHO file retrieved 2026-09-13)"
KKR,2025,0.0,EPA ECHO ICIS-FE&C civil enforcement cases,https://echo.epa.gov/facilities/enforcement-case-search,2026-09-13,"no federal EPA civil penalty found under the company's name, former names or 10-K subsidiaries with a settlement in 2021-2025 (ECHO file retrieved 2026-09-13)"
KLAC,2020,0.0,EPA ECHO ICIS-FE&C civil enforcement cases,https://echo.epa.gov/facilities/enforcement-case-search,2026-09-13,"no federal EPA civil penalty found under the company's name, former names or 10-K subsidiaries with a settlement in 2016-2020 (ECHO file retrieved 2026-09-13)"
KLAC,2021,0.0,EPA ECHO ICIS-FE&C civil enforcement cases,https://echo.epa.gov/facilities/enforcement-case-search,2026-09-13,"no federal EPA civil penalty found under the company's name, former names or 10-K subsidiaries with a settlement in 2017-2021 (ECHO file retrieved 2026-09-13)"
KLAC,2022,0.0,EPA ECHO ICIS-FE&C civil enforcement cases,https://echo.epa.gov/facilities/enforcement-case-search,2026-09-13,"no federal EPA civil penalty found under the company's name, former names or 10-K subsidiaries with a settlement in 2018-2022 (ECHO file retrieved 2026-09-13)"
KLAC,2023,0.0,EPA ECHO ICIS-FE&C civil enforcement cases,https://echo.epa.gov/facilities/enforcement-case-search,2026-09-13,"no federal EPA civil penalty found under the company's name, former names or 10-K subsidiaries with a settlement in 2019-2023 (ECHO file retrieved 2026-09-13)"
KLAC,2024,0.0,EPA ECHO ICIS-FE&C civil enforcement cases,https://echo.epa.gov/facilities/enforcement-case-search,2026-09-13,"no federal EPA civil penalty found under the company's name, former names or 10-K subsidiaries with a settlement in 2020-2024 (ECHO file retrieved 2026-09-13)"
KLAC,2025,0.0,EPA ECHO ICIS-FE&C civil enforcement cases,https://echo.epa.gov/facilities/enforcement-case-search,2026-09-13,"no federal EPA civil penalty found under the company's name, former names or 10-K subsidiaries with a settlement in 2021-2025 (ECHO file retrieved 2026-09-13)"
KMB,2020,0.0,EPA ECHO ICIS-FE&C civil enforcement cases,https://echo.epa.gov/facilities/enforcement-case-search,2026-09-13,"no federal EPA civil penalty found under the company's name, former names or 10-K subsidiaries with a settlement in 2016-2020 (ECHO file retrieved 2026-09-13)"
KMB,2021,0.0,EPA ECHO ICIS-FE&C civil enforcement cases,https://echo.epa.gov/facilities/enforcement-case-search,2026-09-13,"no federal EPA civil penalty found under the company's name, former names or 10-K subsidiaries with a settlement in 2017-2021 (ECHO file retrieved 2026-09-13)"
KMB,2022,0.0,EPA ECHO ICIS-FE&C civil enforcement cases,https://echo.epa.gov/facilities/enforcement-case-search,2026-09-13,"no federal EPA civil penalty found under the company's name, former names or 10-K subsidiaries with a settlement in 2018-2022 (ECHO file retrieved 2026-09-13)"
KMB,2023,0.0,EPA ECHO ICIS-FE&C civil enforcement cases,https://echo.epa.gov/facilities/enforcement-case-search,2026-09-13,"no federal EPA civil penalty found under the company's name, former names or 10-K subsidiaries with a settlement in 2019-2023 (ECHO file retrieved 2026-09-13)"
KMB,2024,0.0,EPA ECHO ICIS-FE&C civil enforcement cases,https://echo.epa.gov/facilities/enforcement-case-search,2026-09-13,"no federal EPA civil penalty found under the company's name, former names or 10-K subsidiaries with a settlement in 2020-2024 (ECHO file retrieved 2026-09-13)"
KMB,2025,0.0,EPA ECHO ICIS-FE&C civil enforcement cases,https://echo.epa.gov/facilities/enforcement-case-search,2026-09-13,"no federal EPA civil penalty found under the company's name, former names or 10-K subsidiaries with a settlement in 2021-2025 (ECHO file retrieved 2026-09-13)"
KMI,2020,54962.22,EPA ECHO ICIS-FE&C civil enforcement cases,https://echo.epa.gov/enforcement-case-report?id=08-2018-0048,2026-09-13,"4 case(s), $714,399 in 2016-2020 over mean revenue $13.0bn; largest: case 08-2018-0048 (2018), defendant 'Kinder Morgan', $250,000"
KMI,2021,34168.76,EPA ECHO ICIS-FE&C civil enforcement cases,https://echo.epa.gov/enforcement-case-report?id=08-2018-0048,2026-09-13,"3 case(s), $468,399 in 2017-2021 over mean revenue $13.7bn; largest: case 08-2018-0048 (2018), defendant 'Kinder Morgan', $250,000"
KMI,2022,31632.76,EPA ECHO ICIS-FE&C civil enforcement cases,https://echo.epa.gov/enforcement-case-report?id=08-2018-0048,2026-09-13,"3 case(s), $468,399 in 2018-2022 over mean revenue $14.8bn; largest: case 08-2018-0048 (2018), defendant 'Kinder Morgan', $250,000"
KMI,2023,138.06,EPA ECHO ICIS-FE&C civil enforcement cases,https://echo.epa.gov/enforcement-case-report?id=06-2023-3326,2026-09-13,"2 case(s), $2,100 in 2019-2023 over mean revenue $15.2bn; largest: case 06-2023-3326 (2023), defendant 'KM Liquids Terminals LLC', $1,500"
KMI,2024,134.71,EPA ECHO ICIS-FE&C civil enforcement cases,https://echo.epa.gov/enforcement-case-report?id=06-2023-3326,2026-09-13,"2 case(s), $2,100 in 2020-2024 over mean revenue $15.6bn; largest: case 06-2023-3326 (2023), defendant 'KM Liquids Terminals LLC', $1,500"
KMI,2025,126.23,EPA ECHO ICIS-FE&C civil enforcement cases,https://echo.epa.gov/enforcement-case-report?id=06-2023-3326,2026-09-13,"2 case(s), $2,100 in 2021-2025 over mean revenue $16.6bn; largest: case 06-2023-3326 (2023), defendant 'KM Liquids Terminals LLC', $1,500"
KO,2020,3969.23,EPA ECHO ICIS-FE&C civil enforcement cases,https://echo.epa.gov/enforcement-case-report?id=09-2019-0072,2026-09-13,"1 case(s), $145,000 in 2016-2020 over mean revenue $36.5bn; largest: case 09-2019-0072 (2019), defendant 'The Coca-Cola Company', $145,000"
KO,2021,4040.19,EPA ECHO ICIS-FE&C civil enforcement cases,https://echo.epa.gov/enforcement-case-report?id=09-2019-0072,2026-09-13,"1 case(s), $145,000 in 2017-2021 over mean revenue $35.9bn; largest: case 09-2019-0072 (2019), defendant 'The Coca-Cola Company', $145,000"
KO,2022,3892.85,EPA ECHO ICIS-FE&C civil enforcement cases,https://echo.epa.gov/enforcement-case-report?id=09-2019-0072,2026-09-13,"1 case(s), $145,000 in 2018-2022 over mean revenue $37.2bn; largest: case 09-2019-0072 (2019), defendant 'The Coca-Cola Company', $145,000"
KO,2023,3667.3,EPA ECHO ICIS-FE&C civil enforcement cases,https://echo.epa.gov/enforcement-case-report?id=09-2019-0072,2026-09-13,"1 case(s), $145,000 in 2019-2023 over mean revenue $39.5bn; largest: case 09-2019-0072 (2019), defendant 'The Coca-Cola Company', $145,000"
KO,2024,0.0,EPA ECHO ICIS-FE&C civil enforcement cases,https://echo.epa.gov/facilities/enforcement-case-search,2026-09-13,"no federal EPA civil penalty found under the company's name, former names or 10-K subsidiaries with a settlement in 2020-2024 (ECHO file retrieved 2026-09-13)"
KO,2025,0.0,EPA ECHO ICIS-FE&C civil enforcement cases,https://echo.epa.gov/facilities/enforcement-case-search,2026-09-13,"no federal EPA civil penalty found under the company's name, former names or 10-K subsidiaries with a settlement in 2021-2025 (ECHO file retrieved 2026-09-13)"
KR,2020,233.24,EPA ECHO ICIS-FE&C civil enforcement cases,https://echo.epa.gov/enforcement-case-report?id=04-2015-8008,2026-09-13,"1 case(s), $28,700 in 2016-2020 over mean revenue $123.1bn; largest: case 04-2015-8008 (2016), defendant 'KROGER LIMITED PARTNERSHIP II', $28,700"
KR,2021,0.0,EPA ECHO ICIS-FE&C civil enforcement cases,https://echo.epa.gov/facilities/enforcement-case-search,2026-09-13,"no federal EPA civil penalty found under the company's name, former names or 10-K subsidiaries with a settlement in 2017-2021 (ECHO file retrieved 2026-09-13)"
KR,2022,0.0,EPA ECHO ICIS-FE&C civil enforcement cases,https://echo.epa.gov/facilities/enforcement-case-search,2026-09-13,"no federal EPA civil penalty found under the company's name, former names or 10-K subsidiaries with a settlement in 2018-2022 (ECHO file retrieved 2026-09-13)"
KR,2023,0.0,EPA ECHO ICIS-FE&C civil enforcement cases,https://echo.epa.gov/facilities/enforcement-case-search,2026-09-13,"no federal EPA civil penalty found under the company's name, former names or 10-K subsidiaries with a settlement in 2019-2023 (ECHO file retrieved 2026-09-13)"
KR,2024,0.0,EPA ECHO ICIS-FE&C civil enforcement cases,https://echo.epa.gov/facilities/enforcement-case-search,2026-09-13,"no federal EPA civil penalty found under the company's name, former names or 10-K subsidiaries with a settlement in 2020-2024 (ECHO file retrieved 2026-09-13)"
KR,2025,0.0,EPA ECHO ICIS-FE&C civil enforcement cases,https://echo.epa.gov/facilities/enforcement-case-search,2026-09-13,"no federal EPA civil penalty found under the company's name, former names or 10-K subsidiaries with a settlement in 2021-2025 (ECHO file retrieved 2026-09-13)"
KVUE,2023,0.0,EPA ECHO ICIS-FE&C civil enforcement cases,https://echo.epa.gov/facilities/enforcement-case-search,2026-09-13,"no federal EPA civil penalty found under the company's name, former names or 10-K subsidiaries with a settlement in 2019-2023 (ECHO file retrieved 2026-09-13)"
KVUE,2024,0.0,EPA ECHO ICIS-FE&C civil enforcement cases,https://echo.epa.gov/facilities/enforcement-case-search,2026-09-13,"no federal EPA civil penalty found under the company's name, former names or 10-K subsidiaries with a settlement in 2020-2024 (ECHO file retrieved 2026-09-13)"
KVUE,2025,0.0,EPA ECHO ICIS-FE&C civil enforcement cases,https://echo.epa.gov/facilities/enforcement-case-search,2026-09-13,"no federal EPA civil penalty found under the company's name, former names or 10-K subsidiaries with a settlement in 2021-2025 (ECHO file retrieved 2026-09-13)"
L,2020,0.0,EPA ECHO ICIS-FE&C civil enforcement cases,https://echo.epa.gov/facilities/enforcement-case-search,2026-09-13,"no federal EPA civil penalty found under the company's name, former names or 10-K subsidiaries with a settlement in 2016-2020 (ECHO file retrieved 2026-09-13)"
L,2021,0.0,EPA ECHO ICIS-FE&C civil enforcement cases,https://echo.epa.gov/facilities/enforcement-case-search,2026-09-13,"no federal EPA civil penalty found under the company's name, former names or 10-K subsidiaries with a settlement in 2017-2021 (ECHO file retrieved 2026-09-13)"
L,2022,0.0,EPA ECHO ICIS-FE&C civil enforcement cases,https://echo.epa.gov/facilities/enforcement-case-search,2026-09-13,"no federal EPA civil penalty found under the company's name, former names or 10-K subsidiaries with a settlement in 2018-2022 (ECHO file retrieved 2026-09-13)"
L,2023,0.0,EPA ECHO ICIS-FE&C civil enforcement cases,https://echo.epa.gov/facilities/enforcement-case-search,2026-09-13,"no federal EPA civil penalty found under the company's name, former names or 10-K subsidiaries with a settlement in 2019-2023 (ECHO file retrieved 2026-09-13)"
L,2024,0.0,EPA ECHO ICIS-FE&C civil enforcement cases,https://echo.epa.gov/facilities/enforcement-case-search,2026-09-13,"no federal EPA civil penalty found under the company's name, former names or 10-K subsidiaries with a settlement in 2020-2024 (ECHO file retrieved 2026-09-13)"
L,2025,0.0,EPA ECHO ICIS-FE&C civil enforcement cases,https://echo.epa.gov/facilities/enforcement-case-search,2026-09-13,"no federal EPA civil penalty found under the company's name, former names or 10-K subsidiaries with a settlement in 2021-2025 (ECHO file retrieved 2026-09-13)"
LDOS,2020,0.0,EPA ECHO ICIS-FE&C civil enforcement cases,https://echo.epa.gov/facilities/enforcement-case-search,2026-09-13,"no federal EPA civil penalty found under the company's name, former names or 10-K subsidiaries with a settlement in 2016-2020 (ECHO file retrieved 2026-09-13)"
LDOS,2021,0.0,EPA ECHO ICIS-FE&C civil enforcement cases,https://echo.epa.gov/facilities/enforcement-case-search,2026-09-13,"no federal EPA civil penalty found under the company's name, former names or 10-K subsidiaries with a settlement in 2017-2021 (ECHO file retrieved 2026-09-13)"
LDOS,2022,0.0,EPA ECHO ICIS-FE&C civil enforcement cases,https://echo.epa.gov/facilities/enforcement-case-search,2026-09-13,"no federal EPA civil penalty found under the company's name, former names or 10-K subsidiaries with a settlement in 2018-2022 (ECHO file retrieved 2026-09-13)"
LDOS,2023,0.0,EPA ECHO ICIS-FE&C civil enforcement cases,https://echo.epa.gov/facilities/enforcement-case-search,2026-09-13,"no federal EPA civil penalty found under the company's name, former names or 10-K subsidiaries with a settlement in 2019-2023 (ECHO file retrieved 2026-09-13)"
LDOS,2024,0.0,EPA ECHO ICIS-FE&C civil enforcement cases,https://echo.epa.gov/facilities/enforcement-case-search,2026-09-13,"no federal EPA civil penalty found under the company's name, former names or 10-K subsidiaries with a settlement in 2020-2024 (ECHO file retrieved 2026-09-13)"
LDOS,2025,0.0,EPA ECHO ICIS-FE&C civil enforcement cases,https://echo.epa.gov/facilities/enforcement-case-search,2026-09-13,"no federal EPA civil penalty found under the company's name, former names or 10-K subsidiaries with a settlement in 2021-2025 (ECHO file retrieved 2026-09-13)"
LEN,2020,7529.26,EPA ECHO ICIS-FE&C civil enforcement cases,https://echo.epa.gov/enforcement-case-report?id=04-2016-4505,2026-09-13,"12 case(s), $133,895 in 2016-2020 over mean revenue $17.8bn; largest: case 04-2016-4505 (2016), defendant 'STANDARD PACIFIC OF FLORIDA GP, INC.', $21,012"
LEN,2021,1118.01,EPA ECHO ICIS-FE&C civil enforcement cases,https://echo.epa.gov/enforcement-case-report?id=04-2017-4502,2026-09-13,"3 case(s), $23,500 in 2017-2021 over mean revenue $21.0bn; largest: case 04-2017-4502 (2017), defendant 'LENNAR HOMES, LLC', $8,500"
LEN,2022,0.0,EPA ECHO ICIS-FE&C civil enforcement cases,https://echo.epa.gov/facilities/enforcement-case-search,2026-09-13,"no federal EPA civil penalty found under the company's name, former names or 10-K subsidiaries with a settlement in 2018-2022 (ECHO file retrieved 2026-09-13)"
LEN,2023,139.5,EPA ECHO ICIS-FE&C civil enforcement cases,https://echo.epa.gov/enforcement-case-report?id=10-2023-0122,2026-09-13,"1 case(s), $3,900 in 2019-2023 over mean revenue $28.0bn; largest: case 10-2023-0122 (2023), defendant 'Lennar Northwest, LLC', $3,900"
LEN,2024,127.48,EPA ECHO ICIS-FE&C civil enforcement cases,https://echo.epa.gov/enforcement-case-report?id=10-2023-0122,2026-09-13,"1 case(s), $3,900 in 2020-2024 over mean revenue $30.6bn; largest: case 10-2023-0122 (2023), defendant 'Lennar Northwest, LLC', $3,900"
LEN,2025,118.42,EPA ECHO ICIS-FE&C civil enforcement cases,https://echo.epa.gov/enforcement-case-report?id=10-2023-0122,2026-09-13,"1 case(s), $3,900 in 2021-2025 over mean revenue $32.9bn; largest: case 10-2023-0122 (2023), defendant 'Lennar Northwest, LLC', $3,900"
LH,2020,1497.95,EPA ECHO ICIS-FE&C civil enforcement cases,https://echo.epa.gov/enforcement-case-report?id=06-2019-0941,2026-09-13,"1 case(s), $16,995 in 2016-2020 over mean revenue $11.3bn; largest: case 06-2019-0941 (2019), defendant 'Laboratory Corporation of America', $16,995"
LH,2021,1408.95,EPA ECHO ICIS-FE&C civil enforcement cases,https://echo.epa.gov/enforcement-case-report?id=06-2019-0941,2026-09-13,"1 case(s), $16,995 in 2017-2021 over mean revenue $12.1bn; largest: case 06-2019-0941 (2019), defendant 'Laboratory Corporation of America', $16,995"
LH,2022,1373.52,EPA ECHO ICIS-FE&C civil enforcement cases,https://echo.epa.gov/enforcement-case-report?id=06-2019-0941,2026-09-13,"1 case(s), $16,995 in 2018-2022 over mean revenue $12.4bn; largest: case 06-2019-0941 (2019), defendant 'Laboratory Corporation of America', $16,995"
LH,2023,1355.37,EPA ECHO ICIS-FE&C civil enforcement cases,https://echo.epa.gov/enforcement-case-report?id=06-2019-0941,2026-09-13,"1 case(s), $16,995 in 2019-2023 over mean revenue $12.5bn; largest: case 06-2019-0941 (2019), defendant 'Laboratory Corporation of America', $16,995"
LH,2024,0.0,EPA ECHO ICIS-FE&C civil enforcement cases,https://echo.epa.gov/facilities/enforcement-case-search,2026-09-13,"no federal EPA civil penalty found under the company's name, former names or 10-K subsidiaries with a settlement in 2020-2024 (ECHO file retrieved 2026-09-13)"
LH,2025,0.0,EPA ECHO ICIS-FE&C civil enforcement cases,https://echo.epa.gov/facilities/enforcement-case-search,2026-09-13,"no federal EPA civil penalty found under the company's name, former names or 10-K subsidiaries with a settlement in 2021-2025 (ECHO file retrieved 2026-09-13)"
LHX,2020,23.25,EPA ECHO ICIS-FE&C civil enforcement cases,https://echo.epa.gov/enforcement-case-report?id=04-2016-9012,2026-09-13,"1 case(s), $233 in 2016-2020 over mean revenue $10.0bn; largest: case 04-2016-9012 (2016), defendant 'AEROJET ROCKETDYNE HOLDINGS, INC.', $233"
LHX,2021,0.0,EPA ECHO ICIS-FE&C civil enforcement cases,https://echo.epa.gov/facilities/enforcement-case-search,2026-09-13,"no federal EPA civil penalty found under the company's name, former names or 10-K subsidiaries with a settlement in 2017-2021 (ECHO file retrieved 2026-09-13)"
LHX,2022,0.0,EPA ECHO ICIS-FE&C civil enforcement cases,https://echo.epa.gov/facilities/enforcement-case-search,2026-09-13,"no federal EPA civil penalty found under the company's name, former names or 10-K subsidiaries with a settlement in 2018-2022 (ECHO file retrieved 2026-09-13)"
LHX,2023,0.0,EPA ECHO ICIS-FE&C civil enforcement cases,https://echo.epa.gov/facilities/enforcement-case-search,2026-09-13,"no federal EPA civil penalty found under the company's name, former names or 10-K subsidiaries with a settlement in 2019-2023 (ECHO file retrieved 2026-09-13)"
LHX,2024,0.0,EPA ECHO ICIS-FE&C civil enforcement cases,https://echo.epa.gov/facilities/enforcement-case-search,2026-09-13,"no federal EPA civil penalty found under the company's name, former names or 10-K subsidiaries with a settlement in 2020-2024 (ECHO file retrieved 2026-09-13)"
LHX,2025,0.0,EPA ECHO ICIS-FE&C civil enforcement cases,https://echo.epa.gov/facilities/enforcement-case-search,2026-09-13,"no federal EPA civil penalty found under the company's name, former names or 10-K subsidiaries with a settlement in 2021-2025 (ECHO file retrieved 2026-09-13)"
LII,2020,0.0,EPA ECHO ICIS-FE&C civil enforcement cases,https://echo.epa.gov/facilities/enforcement-case-search,2026-09-13,"no federal EPA civil penalty found under the company's name, former names or 10-K subsidiaries with a settlement in 2016-2020 (ECHO file retrieved 2026-09-13)"
LII,2021,0.0,EPA ECHO ICIS-FE&C civil enforcement cases,https://echo.epa.gov/facilities/enforcement-case-search,2026-09-13,"no federal EPA civil penalty found under the company's name, former names or 10-K subsidiaries with a settlement in 2017-2021 (ECHO file retrieved 2026-09-13)"
LII,2022,0.0,EPA ECHO ICIS-FE&C civil enforcement cases,https://echo.epa.gov/facilities/enforcement-case-search,2026-09-13,"no federal EPA civil penalty found under the company's name, former names or 10-K subsidiaries with a settlement in 2018-2022 (ECHO file retrieved 2026-09-13)"
LII,2023,0.0,EPA ECHO ICIS-FE&C civil enforcement cases,https://echo.epa.gov/facilities/enforcement-case-search,2026-09-13,"no federal EPA civil penalty found under the company's name, former names or 10-K subsidiaries with a settlement in 2019-2023 (ECHO file retrieved 2026-09-13)"
LII,2024,0.0,EPA ECHO ICIS-FE&C civil enforcement cases,https://echo.epa.gov/facilities/enforcement-case-search,2026-09-13,"no federal EPA civil penalty found under the company's name, former names or 10-K subsidiaries with a settlement in 2020-2024 (ECHO file retrieved 2026-09-13)"
LII,2025,0.0,EPA ECHO ICIS-FE&C civil enforcement cases,https://echo.epa.gov/facilities/enforcement-case-search,2026-09-13,"no federal EPA civil penalty found under the company's name, former names or 10-K subsidiaries with a settlement in 2021-2025 (ECHO file retrieved 2026-09-13)"
LIN,2020,374.19,EPA ECHO ICIS-FE&C civil enforcement cases,https://echo.epa.gov/enforcement-case-report?id=04-2015-8002,2026-09-13,"1 case(s), $6,900 in 2016-2020 over mean revenue $18.4bn; largest: case 04-2015-8002 (2016), defendant 'NEXAIR PRODUCTION, LLC', $6,900"
LIN,2021,0.0,EPA ECHO ICIS-FE&C civil enforcement cases,https://echo.epa.gov/facilities/enforcement-case-search,2026-09-13,"no federal EPA civil penalty found under the company's name, former names or 10-K subsidiaries with a settlement in 2017-2021 (ECHO file retrieved 2026-09-13)"
LIN,2022,0.0,EPA ECHO ICIS-FE&C civil enforcement cases,https://echo.epa.gov/facilities/enforcement-case-search,2026-09-13,"no federal EPA civil penalty found under the company's name, former names or 10-K subsidiaries with a settlement in 2018-2022 (ECHO file retrieved 2026-09-13)"
LIN,2023,0.0,EPA ECHO ICIS-FE&C civil enforcement cases,https://echo.epa.gov/facilities/enforcement-case-search,2026-09-13,"no federal EPA civil penalty found under the company's name, former names or 10-K subsidiaries with a settlement in 2019-2023 (ECHO file retrieved 2026-09-13)"
LIN,2024,0.0,EPA ECHO ICIS-FE&C civil enforcement cases,https://echo.epa.gov/facilities/enforcement-case-search,2026-09-13,"no federal EPA civil penalty found under the company's name, former names or 10-K subsidiaries with a settlement in 2020-2024 (ECHO file retrieved 2026-09-13)"
LIN,2025,0.0,EPA ECHO ICIS-FE&C civil enforcement cases,https://echo.epa.gov/facilities/enforcement-case-search,2026-09-13,"no federal EPA civil penalty found under the company's name, former names or 10-K subsidiaries with a settlement in 2021-2025 (ECHO file retrieved 2026-09-13)"
LITE,2020,0.0,EPA ECHO ICIS-FE&C civil enforcement cases,https://echo.epa.gov/facilities/enforcement-case-search,2026-09-13,"no federal EPA civil penalty found under the company's name, former names or 10-K subsidiaries with a settlement in 2016-2020 (ECHO file retrieved 2026-09-13)"
LITE,2021,0.0,EPA ECHO ICIS-FE&C civil enforcement cases,https://echo.epa.gov/facilities/enforcement-case-search,2026-09-13,"no federal EPA civil penalty found under the company's name, former names or 10-K subsidiaries with a settlement in 2017-2021 (ECHO file retrieved 2026-09-13)"
LITE,2022,0.0,EPA ECHO ICIS-FE&C civil enforcement cases,https://echo.epa.gov/facilities/enforcement-case-search,2026-09-13,"no federal EPA civil penalty found under the company's name, former names or 10-K subsidiaries with a settlement in 2018-2022 (ECHO file retrieved 2026-09-13)"
LITE,2023,0.0,EPA ECHO ICIS-FE&C civil enforcement cases,https://echo.epa.gov/facilities/enforcement-case-search,2026-09-13,"no federal EPA civil penalty found under the company's name, former names or 10-K subsidiaries with a settlement in 2019-2023 (ECHO file retrieved 2026-09-13)"
LITE,2024,0.0,EPA ECHO ICIS-FE&C civil enforcement cases,https://echo.epa.gov/facilities/enforcement-case-search,2026-09-13,"no federal EPA civil penalty found under the company's name, former names or 10-K subsidiaries with a settlement in 2020-2024 (ECHO file retrieved 2026-09-13)"
LITE,2025,0.0,EPA ECHO ICIS-FE&C civil enforcement cases,https://echo.epa.gov/facilities/enforcement-case-search,2026-09-13,"no federal EPA civil penalty found under the company's name, former names or 10-K subsidiaries with a settlement in 2021-2025 (ECHO file retrieved 2026-09-13)"
LLY,2020,0.0,EPA ECHO ICIS-FE&C civil enforcement cases,https://echo.epa.gov/facilities/enforcement-case-search,2026-09-13,"no federal EPA civil penalty found under the company's name, former names or 10-K subsidiaries with a settlement in 2016-2020 (ECHO file retrieved 2026-09-13)"
LLY,2021,0.0,EPA ECHO ICIS-FE&C civil enforcement cases,https://echo.epa.gov/facilities/enforcement-case-search,2026-09-13,"no federal EPA civil penalty found under the company's name, former names or 10-K subsidiaries with a settlement in 2017-2021 (ECHO file retrieved 2026-09-13)"
LLY,2022,0.0,EPA ECHO ICIS-FE&C civil enforcement cases,https://echo.epa.gov/facilities/enforcement-case-search,2026-09-13,"no federal EPA civil penalty found under the company's name, former names or 10-K subsidiaries with a settlement in 2018-2022 (ECHO file retrieved 2026-09-13)"
LLY,2023,0.0,EPA ECHO ICIS-FE&C civil enforcement cases,https://echo.epa.gov/facilities/enforcement-case-search,2026-09-13,"no federal EPA civil penalty found under the company's name, former names or 10-K subsidiaries with a settlement in 2019-2023 (ECHO file retrieved 2026-09-13)"
LLY,2024,0.0,EPA ECHO ICIS-FE&C civil enforcement cases,https://echo.epa.gov/facilities/enforcement-case-search,2026-09-13,"no federal EPA civil penalty found under the company's name, former names or 10-K subsidiaries with a settlement in 2020-2024 (ECHO file retrieved 2026-09-13)"
LLY,2025,0.0,EPA ECHO ICIS-FE&C civil enforcement cases,https://echo.epa.gov/facilities/enforcement-case-search,2026-09-13,"no federal EPA civil penalty found under the company's name, former names or 10-K subsidiaries with a settlement in 2021-2025 (ECHO file retrieved 2026-09-13)"
LMT,2020,3297.47,EPA ECHO ICIS-FE&C civil enforcement cases,https://echo.epa.gov/enforcement-case-report?id=04-2003-9001,2026-09-13,"3 case(s), $182,167 in 2016-2020 over mean revenue $55.2bn; largest: case 04-2003-9001 (2016), defendant 'LOCKHEED MARTIN CORPORATION', $166,667"
LMT,2021,236.51,EPA ECHO ICIS-FE&C civil enforcement cases,https://echo.epa.gov/enforcement-case-report?id=06-2020-0978,2026-09-13,"1 case(s), $14,000 in 2017-2021 over mean revenue $59.2bn; largest: case 06-2020-0978 (2020), defendant 'Lockheed Martin Corporation', $14,000"
LMT,2022,224.36,EPA ECHO ICIS-FE&C civil enforcement cases,https://echo.epa.gov/enforcement-case-report?id=06-2020-0978,2026-09-13,"1 case(s), $14,000 in 2018-2022 over mean revenue $62.4bn; largest: case 06-2020-0978 (2020), defendant 'Lockheed Martin Corporation', $14,000"
LMT,2023,214.85,EPA ECHO ICIS-FE&C civil enforcement cases,https://echo.epa.gov/enforcement-case-report?id=06-2020-0978,2026-09-13,"1 case(s), $14,000 in 2019-2023 over mean revenue $65.2bn; largest: case 06-2020-0978 (2020), defendant 'Lockheed Martin Corporation', $14,000"
LMT,2024,207.69,EPA ECHO ICIS-FE&C civil enforcement cases,https://echo.epa.gov/enforcement-case-report?id=06-2020-0978,2026-09-13,"1 case(s), $14,000 in 2020-2024 over mean revenue $67.4bn; largest: case 06-2020-0978 (2020), defendant 'Lockheed Martin Corporation', $14,000"
LMT,2025,0.0,EPA ECHO ICIS-FE&C civil enforcement cases,https://echo.epa.gov/facilities/enforcement-case-search,2026-09-13,"no federal EPA civil penalty found under the company's name, former names or 10-K subsidiaries with a settlement in 2021-2025 (ECHO file retrieved 2026-09-13)"
LNT,2020,0.0,EPA ECHO ICIS-FE&C civil enforcement cases,https://echo.epa.gov/facilities/enforcement-case-search,2026-09-13,"no federal EPA civil penalty found under the company's name, former names or 10-K subsidiaries with a settlement in 2016-2020 (ECHO file retrieved 2026-09-13)"
LNT,2021,0.0,EPA ECHO ICIS-FE&C civil enforcement cases,https://echo.epa.gov/facilities/enforcement-case-search,2026-09-13,"no federal EPA civil penalty found under the company's name, former names or 10-K subsidiaries with a settlement in 2017-2021 (ECHO file retrieved 2026-09-13)"
LNT,2022,0.0,EPA ECHO ICIS-FE&C civil enforcement cases,https://echo.epa.gov/facilities/enforcement-case-search,2026-09-13,"no federal EPA civil penalty found under the company's name, former names or 10-K subsidiaries with a settlement in 2018-2022 (ECHO file retrieved 2026-09-13)"
LNT,2023,0.0,EPA ECHO ICIS-FE&C civil enforcement cases,https://echo.epa.gov/facilities/enforcement-case-search,2026-09-13,"no federal EPA civil penalty found under the company's name, former names or 10-K subsidiaries with a settlement in 2019-2023 (ECHO file retrieved 2026-09-13)"
LNT,2024,0.0,EPA ECHO ICIS-FE&C civil enforcement cases,https://echo.epa.gov/facilities/enforcement-case-search,2026-09-13,"no federal EPA civil penalty found under the company's name, former names or 10-K subsidiaries with a settlement in 2020-2024 (ECHO file retrieved 2026-09-13)"
LNT,2025,0.0,EPA ECHO ICIS-FE&C civil enforcement cases,https://echo.epa.gov/facilities/enforcement-case-search,2026-09-13,"no federal EPA civil penalty found under the company's name, former names or 10-K subsidiaries with a settlement in 2021-2025 (ECHO file retrieved 2026-09-13)"
LOW,2020,0.0,EPA ECHO ICIS-FE&C civil enforcement cases,https://echo.epa.gov/facilities/enforcement-case-search,2026-09-13,"no federal EPA civil penalty found under the company's name, former names or 10-K subsidiaries with a settlement in 2016-2020 (ECHO file retrieved 2026-09-13)"
LOW,2021,0.0,EPA ECHO ICIS-FE&C civil enforcement cases,https://echo.epa.gov/facilities/enforcement-case-search,2026-09-13,"no federal EPA civil penalty found under the company's name, former names or 10-K subsidiaries with a settlement in 2017-2021 (ECHO file retrieved 2026-09-13)"
LOW,2022,1662.08,EPA ECHO ICIS-FE&C civil enforcement cases,https://echo.epa.gov/enforcement-case-report?id=06-2023-0901,2026-09-13,"1 case(s), $141,730 in 2018-2022 over mean revenue $85.3bn; largest: case 06-2023-0901 (2022), defendant 'Lowe's Home Centers, LLC', $141,730"
LOW,2023,1605.34,EPA ECHO ICIS-FE&C civil enforcement cases,https://echo.epa.gov/enforcement-case-report?id=06-2023-0901,2026-09-13,"1 case(s), $141,730 in 2019-2023 over mean revenue $88.3bn; largest: case 06-2023-0901 (2022), defendant 'Lowe's Home Centers, LLC', $141,730"
LOW,2024,1564.49,EPA ECHO ICIS-FE&C civil enforcement cases,https://echo.epa.gov/enforcement-case-report?id=06-2023-0901,2026-09-13,"1 case(s), $141,730 in 2020-2024 over mean revenue $90.6bn; largest: case 06-2023-0901 (2022), defendant 'Lowe's Home Centers, LLC', $141,730"
LOW,2025,1576.01,EPA ECHO ICIS-FE&C civil enforcement cases,https://echo.epa.gov/enforcement-case-report?id=06-2023-0901,2026-09-13,"1 case(s), $141,730 in 2021-2025 over mean revenue $89.9bn; largest: case 06-2023-0901 (2022), defendant 'Lowe's Home Centers, LLC', $141,730"
LRCX,2020,0.0,EPA ECHO ICIS-FE&C civil enforcement cases,https://echo.epa.gov/facilities/enforcement-case-search,2026-09-13,"no federal EPA civil penalty found under the company's name, former names or 10-K subsidiaries with a settlement in 2016-2020 (ECHO file retrieved 2026-09-13)"
LRCX,2021,0.0,EPA ECHO ICIS-FE&C civil enforcement cases,https://echo.epa.gov/facilities/enforcement-case-search,2026-09-13,"no federal EPA civil penalty found under the company's name, former names or 10-K subsidiaries with a settlement in 2017-2021 (ECHO file retrieved 2026-09-13)"
LRCX,2022,0.0,EPA ECHO ICIS-FE&C civil enforcement cases,https://echo.epa.gov/facilities/enforcement-case-search,2026-09-13,"no federal EPA civil penalty found under the company's name, former names or 10-K subsidiaries with a settlement in 2018-2022 (ECHO file retrieved 2026-09-13)"
LRCX,2023,0.0,EPA ECHO ICIS-FE&C civil enforcement cases,https://echo.epa.gov/facilities/enforcement-case-search,2026-09-13,"no federal EPA civil penalty found under the company's name, former names or 10-K subsidiaries with a settlement in 2019-2023 (ECHO file retrieved 2026-09-13)"
LRCX,2024,0.0,EPA ECHO ICIS-FE&C civil enforcement cases,https://echo.epa.gov/facilities/enforcement-case-search,2026-09-13,"no federal EPA civil penalty found under the company's name, former names or 10-K subsidiaries with a settlement in 2020-2024 (ECHO file retrieved 2026-09-13)"
LRCX,2025,0.0,EPA ECHO ICIS-FE&C civil enforcement cases,https://echo.epa.gov/facilities/enforcement-case-search,2026-09-13,"no federal EPA civil penalty found under the company's name, former names or 10-K subsidiaries with a settlement in 2021-2025 (ECHO file retrieved 2026-09-13)"
LULU,2020,0.0,EPA ECHO ICIS-FE&C civil enforcement cases,https://echo.epa.gov/facilities/enforcement-case-search,2026-09-13,"no federal EPA civil penalty found under the company's name, former names or 10-K subsidiaries with a settlement in 2016-2020 (ECHO file retrieved 2026-09-13)"
LULU,2021,0.0,EPA ECHO ICIS-FE&C civil enforcement cases,https://echo.epa.gov/facilities/enforcement-case-search,2026-09-13,"no federal EPA civil penalty found under the company's name, former names or 10-K subsidiaries with a settlement in 2017-2021 (ECHO file retrieved 2026-09-13)"
LULU,2022,0.0,EPA ECHO ICIS-FE&C civil enforcement cases,https://echo.epa.gov/facilities/enforcement-case-search,2026-09-13,"no federal EPA civil penalty found under the company's name, former names or 10-K subsidiaries with a settlement in 2018-2022 (ECHO file retrieved 2026-09-13)"
LULU,2023,0.0,EPA ECHO ICIS-FE&C civil enforcement cases,https://echo.epa.gov/facilities/enforcement-case-search,2026-09-13,"no federal EPA civil penalty found under the company's name, former names or 10-K subsidiaries with a settlement in 2019-2023 (ECHO file retrieved 2026-09-13)"
LULU,2024,0.0,EPA ECHO ICIS-FE&C civil enforcement cases,https://echo.epa.gov/facilities/enforcement-case-search,2026-09-13,"no federal EPA civil penalty found under the company's name, former names or 10-K subsidiaries with a settlement in 2020-2024 (ECHO file retrieved 2026-09-13)"
LULU,2025,0.0,EPA ECHO ICIS-FE&C civil enforcement cases,https://echo.epa.gov/facilities/enforcement-case-search,2026-09-13,"no federal EPA civil penalty found under the company's name, former names or 10-K subsidiaries with a settlement in 2021-2025 (ECHO file retrieved 2026-09-13)"
LUV,2020,0.0,EPA ECHO ICIS-FE&C civil enforcement cases,https://echo.epa.gov/facilities/enforcement-case-search,2026-09-13,"no federal EPA civil penalty found under the company's name, former names or 10-K subsidiaries with a settlement in 2016-2020 (ECHO file retrieved 2026-09-13)"
LUV,2021,0.0,EPA ECHO ICIS-FE&C civil enforcement cases,https://echo.epa.gov/facilities/enforcement-case-search,2026-09-13,"no federal EPA civil penalty found under the company's name, former names or 10-K subsidiaries with a settlement in 2017-2021 (ECHO file retrieved 2026-09-13)"
LUV,2022,0.0,EPA ECHO ICIS-FE&C civil enforcement cases,https://echo.epa.gov/facilities/enforcement-case-search,2026-09-13,"no federal EPA civil penalty found under the company's name, former names or 10-K subsidiaries with a settlement in 2018-2022 (ECHO file retrieved 2026-09-13)"
LUV,2023,0.0,EPA ECHO ICIS-FE&C civil enforcement cases,https://echo.epa.gov/facilities/enforcement-case-search,2026-09-13,"no federal EPA civil penalty found under the company's name, former names or 10-K subsidiaries with a settlement in 2019-2023 (ECHO file retrieved 2026-09-13)"
LUV,2024,0.0,EPA ECHO ICIS-FE&C civil enforcement cases,https://echo.epa.gov/facilities/enforcement-case-search,2026-09-13,"no federal EPA civil penalty found under the company's name, former names or 10-K subsidiaries with a settlement in 2020-2024 (ECHO file retrieved 2026-09-13)"
LUV,2025,0.0,EPA ECHO ICIS-FE&C civil enforcement cases,https://echo.epa.gov/facilities/enforcement-case-search,2026-09-13,"no federal EPA civil penalty found under the company's name, former names or 10-K subsidiaries with a settlement in 2021-2025 (ECHO file retrieved 2026-09-13)"
LVS,2020,0.0,EPA ECHO ICIS-FE&C civil enforcement cases,https://echo.epa.gov/facilities/enforcement-case-search,2026-09-13,"no federal EPA civil penalty found under the company's name, former names or 10-K subsidiaries with a settlement in 2016-2020 (ECHO file retrieved 2026-09-13)"
LVS,2021,0.0,EPA ECHO ICIS-FE&C civil enforcement cases,https://echo.epa.gov/facilities/enforcement-case-search,2026-09-13,"no federal EPA civil penalty found under the company's name, former names or 10-K subsidiaries with a settlement in 2017-2021 (ECHO file retrieved 2026-09-13)"
LVS,2022,0.0,EPA ECHO ICIS-FE&C civil enforcement cases,https://echo.epa.gov/facilities/enforcement-case-search,2026-09-13,"no federal EPA civil penalty found under the company's name, former names or 10-K subsidiaries with a settlement in 2018-2022 (ECHO file retrieved 2026-09-13)"
LVS,2023,0.0,EPA ECHO ICIS-FE&C civil enforcement cases,https://echo.epa.gov/facilities/enforcement-case-search,2026-09-13,"no federal EPA civil penalty found under the company's name, former names or 10-K subsidiaries with a settlement in 2019-2023 (ECHO file retrieved 2026-09-13)"
LVS,2024,0.0,EPA ECHO ICIS-FE&C civil enforcement cases,https://echo.epa.gov/facilities/enforcement-case-search,2026-09-13,"no federal EPA civil penalty found under the company's name, former names or 10-K subsidiaries with a settlement in 2020-2024 (ECHO file retrieved 2026-09-13)"
LVS,2025,0.0,EPA ECHO ICIS-FE&C civil enforcement cases,https://echo.epa.gov/facilities/enforcement-case-search,2026-09-13,"no federal EPA civil penalty found under the company's name, former names or 10-K subsidiaries with a settlement in 2021-2025 (ECHO file retrieved 2026-09-13)"
LYB,2020,15582.28,EPA ECHO ICIS-FE&C civil enforcement cases,https://echo.epa.gov/enforcement-case-report?id=EF-2016-8260,2026-09-13,"6 case(s), $507,250 in 2016-2020 over mean revenue $32.6bn; largest: case EF-2016-8260 (2016), defendant 'Houston Refining LP', $434,500"
LYB,2021,55563.1,EPA ECHO ICIS-FE&C civil enforcement cases,https://echo.epa.gov/enforcement-case-report?id=07-2022-3395,2026-09-13,"5 case(s), $2,005,650 in 2017-2021 over mean revenue $36.1bn; largest: case 07-2022-3395 (2021), defendant 'EQUISTAR CHEMICALS', $1,700,000"
LYB,2022,59059.22,EPA ECHO ICIS-FE&C civil enforcement cases,https://echo.epa.gov/enforcement-case-report?id=07-2022-3395,2026-09-13,"6 case(s), $2,329,650 in 2018-2022 over mean revenue $39.4bn; largest: case 07-2022-3395 (2021), defendant 'EQUISTAR CHEMICALS', $1,700,000"
LYB,2023,60983.94,EPA ECHO ICIS-FE&C civil enforcement cases,https://echo.epa.gov/enforcement-case-report?id=07-2022-3395,2026-09-13,"7 case(s), $2,347,150 in 2019-2023 over mean revenue $38.5bn; largest: case 07-2022-3395 (2021), defendant 'EQUISTAR CHEMICALS', $1,700,000"
LYB,2024,60755.23,EPA ECHO ICIS-FE&C civil enforcement cases,https://echo.epa.gov/enforcement-case-report?id=07-2022-3395,2026-09-13,"6 case(s), $2,322,150 in 2020-2024 over mean revenue $38.2bn; largest: case 07-2022-3395 (2021), defendant 'EQUISTAR CHEMICALS', $1,700,000"
LYB,2025,59855.72,EPA ECHO ICIS-FE&C civil enforcement cases,https://echo.epa.gov/enforcement-case-report?id=07-2022-3395,2026-09-13,"4 case(s), $2,316,500 in 2021-2025 over mean revenue $38.7bn; largest: case 07-2022-3395 (2021), defendant 'EQUISTAR CHEMICALS', $1,700,000"
LYV,2020,0.0,EPA ECHO ICIS-FE&C civil enforcement cases,https://echo.epa.gov/facilities/enforcement-case-search,2026-09-13,"no federal EPA civil penalty found under the company's name, former names or 10-K subsidiaries with a settlement in 2016-2020 (ECHO file retrieved 2026-09-13)"
LYV,2021,0.0,EPA ECHO ICIS-FE&C civil enforcement cases,https://echo.epa.gov/facilities/enforcement-case-search,2026-09-13,"no federal EPA civil penalty found under the company's name, former names or 10-K subsidiaries with a settlement in 2017-2021 (ECHO file retrieved 2026-09-13)"
LYV,2022,0.0,EPA ECHO ICIS-FE&C civil enforcement cases,https://echo.epa.gov/facilities/enforcement-case-search,2026-09-13,"no federal EPA civil penalty found under the company's name, former names or 10-K subsidiaries with a settlement in 2018-2022 (ECHO file retrieved 2026-09-13)"
LYV,2023,0.0,EPA ECHO ICIS-FE&C civil enforcement cases,https://echo.epa.gov/facilities/enforcement-case-search,2026-09-13,"no federal EPA civil penalty found under the company's name, former names or 10-K subsidiaries with a settlement in 2019-2023 (ECHO file retrieved 2026-09-13)"
LYV,2024,0.0,EPA ECHO ICIS-FE&C civil enforcement cases,https://echo.epa.gov/facilities/enforcement-case-search,2026-09-13,"no federal EPA civil penalty found under the company's name, former names or 10-K subsidiaries with a settlement in 2020-2024 (ECHO file retrieved 2026-09-13)"
LYV,2025,0.0,EPA ECHO ICIS-FE&C civil enforcement cases,https://echo.epa.gov/facilities/enforcement-case-search,2026-09-13,"no federal EPA civil penalty found under the company's name, former names or 10-K subsidiaries with a settlement in 2021-2025 (ECHO file retrieved 2026-09-13)"
MA,2020,0.0,EPA ECHO ICIS-FE&C civil enforcement cases,https://echo.epa.gov/facilities/enforcement-case-search,2026-09-13,"no federal EPA civil penalty found under the company's name, former names or 10-K subsidiaries with a settlement in 2016-2020 (ECHO file retrieved 2026-09-13)"
MA,2021,0.0,EPA ECHO ICIS-FE&C civil enforcement cases,https://echo.epa.gov/facilities/enforcement-case-search,2026-09-13,"no federal EPA civil penalty found under the company's name, former names or 10-K subsidiaries with a settlement in 2017-2021 (ECHO file retrieved 2026-09-13)"
MA,2022,0.0,EPA ECHO ICIS-FE&C civil enforcement cases,https://echo.epa.gov/facilities/enforcement-case-search,2026-09-13,"no federal EPA civil penalty found under the company's name, former names or 10-K subsidiaries with a settlement in 2018-2022 (ECHO file retrieved 2026-09-13)"
MA,2023,0.0,EPA ECHO ICIS-FE&C civil enforcement cases,https://echo.epa.gov/facilities/enforcement-case-search,2026-09-13,"no federal EPA civil penalty found under the company's name, former names or 10-K subsidiaries with a settlement in 2019-2023 (ECHO file retrieved 2026-09-13)"
MA,2024,0.0,EPA ECHO ICIS-FE&C civil enforcement cases,https://echo.epa.gov/facilities/enforcement-case-search,2026-09-13,"no federal EPA civil penalty found under the company's name, former names or 10-K subsidiaries with a settlement in 2020-2024 (ECHO file retrieved 2026-09-13)"
MA,2025,0.0,EPA ECHO ICIS-FE&C civil enforcement cases,https://echo.epa.gov/facilities/enforcement-case-search,2026-09-13,"no federal EPA civil penalty found under the company's name, former names or 10-K subsidiaries with a settlement in 2021-2025 (ECHO file retrieved 2026-09-13)"
MAA,2020,0.0,EPA ECHO ICIS-FE&C civil enforcement cases,https://echo.epa.gov/facilities/enforcement-case-search,2026-09-13,"no federal EPA civil penalty found under the company's name, former names or 10-K subsidiaries with a settlement in 2016-2020 (ECHO file retrieved 2026-09-13)"
MAA,2021,0.0,EPA ECHO ICIS-FE&C civil enforcement cases,https://echo.epa.gov/facilities/enforcement-case-search,2026-09-13,"no federal EPA civil penalty found under the company's name, former names or 10-K subsidiaries with a settlement in 2017-2021 (ECHO file retrieved 2026-09-13)"
MAA,2022,0.0,EPA ECHO ICIS-FE&C civil enforcement cases,https://echo.epa.gov/facilities/enforcement-case-search,2026-09-13,"no federal EPA civil penalty found under the company's name, former names or 10-K subsidiaries with a settlement in 2018-2022 (ECHO file retrieved 2026-09-13)"
MAA,2023,0.0,EPA ECHO ICIS-FE&C civil enforcement cases,https://echo.epa.gov/facilities/enforcement-case-search,2026-09-13,"no federal EPA civil penalty found under the company's name, former names or 10-K subsidiaries with a settlement in 2019-2023 (ECHO file retrieved 2026-09-13)"
MAA,2024,0.0,EPA ECHO ICIS-FE&C civil enforcement cases,https://echo.epa.gov/facilities/enforcement-case-search,2026-09-13,"no federal EPA civil penalty found under the company's name, former names or 10-K subsidiaries with a settlement in 2020-2024 (ECHO file retrieved 2026-09-13)"
MAA,2025,0.0,EPA ECHO ICIS-FE&C civil enforcement cases,https://echo.epa.gov/facilities/enforcement-case-search,2026-09-13,"no federal EPA civil penalty found under the company's name, former names or 10-K subsidiaries with a settlement in 2021-2025 (ECHO file retrieved 2026-09-13)"
MAR,2020,1285.16,EPA ECHO ICIS-FE&C civil enforcement cases,https://echo.epa.gov/enforcement-case-report?id=06-2016-0952,2026-09-13,"1 case(s), $22,660 in 2016-2020 over mean revenue $17.6bn; largest: case 06-2016-0952 (2016), defendant 'The Ritz-Carlton Hotel Company, L.L.C.', $22,660"
MAR,2021,0.0,EPA ECHO ICIS-FE&C civil enforcement cases,https://echo.epa.gov/facilities/enforcement-case-search,2026-09-13,"no federal EPA civil penalty found under the company's name, former names or 10-K subsidiaries with a settlement in 2017-2021 (ECHO file retrieved 2026-09-13)"
MAR,2022,0.0,EPA ECHO ICIS-FE&C civil enforcement cases,https://echo.epa.gov/facilities/enforcement-case-search,2026-09-13,"no federal EPA civil penalty found under the company's name, former names or 10-K subsidiaries with a settlement in 2018-2022 (ECHO file retrieved 2026-09-13)"
MAR,2023,0.0,EPA ECHO ICIS-FE&C civil enforcement cases,https://echo.epa.gov/facilities/enforcement-case-search,2026-09-13,"no federal EPA civil penalty found under the company's name, former names or 10-K subsidiaries with a settlement in 2019-2023 (ECHO file retrieved 2026-09-13)"
MAR,2024,0.0,EPA ECHO ICIS-FE&C civil enforcement cases,https://echo.epa.gov/facilities/enforcement-case-search,2026-09-13,"no federal EPA civil penalty found under the company's name, former names or 10-K subsidiaries with a settlement in 2020-2024 (ECHO file retrieved 2026-09-13)"
MAR,2025,0.0,EPA ECHO ICIS-FE&C civil enforcement cases,https://echo.epa.gov/facilities/enforcement-case-search,2026-09-13,"no federal EPA civil penalty found under the company's name, former names or 10-K subsidiaries with a settlement in 2021-2025 (ECHO file retrieved 2026-09-13)"
MAS,2020,0.0,EPA ECHO ICIS-FE&C civil enforcement cases,https://echo.epa.gov/facilities/enforcement-case-search,2026-09-13,"no federal EPA civil penalty found under the company's name, former names or 10-K subsidiaries with a settlement in 2016-2020 (ECHO file retrieved 2026-09-13)"
MAS,2021,0.0,EPA ECHO ICIS-FE&C civil enforcement cases,https://echo.epa.gov/facilities/enforcement-case-search,2026-09-13,"no federal EPA civil penalty found under the company's name, former names or 10-K subsidiaries with a settlement in 2017-2021 (ECHO file retrieved 2026-09-13)"
MAS,2022,0.0,EPA ECHO ICIS-FE&C civil enforcement cases,https://echo.epa.gov/facilities/enforcement-case-search,2026-09-13,"no federal EPA civil penalty found under the company's name, former names or 10-K subsidiaries with a settlement in 2018-2022 (ECHO file retrieved 2026-09-13)"
MAS,2023,0.0,EPA ECHO ICIS-FE&C civil enforcement cases,https://echo.epa.gov/facilities/enforcement-case-search,2026-09-13,"no federal EPA civil penalty found under the company's name, former names or 10-K subsidiaries with a settlement in 2019-2023 (ECHO file retrieved 2026-09-13)"
MAS,2024,0.0,EPA ECHO ICIS-FE&C civil enforcement cases,https://echo.epa.gov/facilities/enforcement-case-search,2026-09-13,"no federal EPA civil penalty found under the company's name, former names or 10-K subsidiaries with a settlement in 2020-2024 (ECHO file retrieved 2026-09-13)"
MAS,2025,0.0,EPA ECHO ICIS-FE&C civil enforcement cases,https://echo.epa.gov/facilities/enforcement-case-search,2026-09-13,"no federal EPA civil penalty found under the company's name, former names or 10-K subsidiaries with a settlement in 2021-2025 (ECHO file retrieved 2026-09-13)"
MCD,2020,0.0,EPA ECHO ICIS-FE&C civil enforcement cases,https://echo.epa.gov/facilities/enforcement-case-search,2026-09-13,"no federal EPA civil penalty found under the company's name, former names or 10-K subsidiaries with a settlement in 2016-2020 (ECHO file retrieved 2026-09-13)"
MCD,2021,0.0,EPA ECHO ICIS-FE&C civil enforcement cases,https://echo.epa.gov/facilities/enforcement-case-search,2026-09-13,"no federal EPA civil penalty found under the company's name, former names or 10-K subsidiaries with a settlement in 2017-2021 (ECHO file retrieved 2026-09-13)"
MCD,2022,0.0,EPA ECHO ICIS-FE&C civil enforcement cases,https://echo.epa.gov/facilities/enforcement-case-search,2026-09-13,"no federal EPA civil penalty found under the company's name, former names or 10-K subsidiaries with a settlement in 2018-2022 (ECHO file retrieved 2026-09-13)"
MCD,2023,0.0,EPA ECHO ICIS-FE&C civil enforcement cases,https://echo.epa.gov/facilities/enforcement-case-search,2026-09-13,"no federal EPA civil penalty found under the company's name, former names or 10-K subsidiaries with a settlement in 2019-2023 (ECHO file retrieved 2026-09-13)"
MCD,2024,0.0,EPA ECHO ICIS-FE&C civil enforcement cases,https://echo.epa.gov/facilities/enforcement-case-search,2026-09-13,"no federal EPA civil penalty found under the company's name, former names or 10-K subsidiaries with a settlement in 2020-2024 (ECHO file retrieved 2026-09-13)"
MCD,2025,0.0,EPA ECHO ICIS-FE&C civil enforcement cases,https://echo.epa.gov/facilities/enforcement-case-search,2026-09-13,"no federal EPA civil penalty found under the company's name, former names or 10-K subsidiaries with a settlement in 2021-2025 (ECHO file retrieved 2026-09-13)"
MCHP,2020,0.0,EPA ECHO ICIS-FE&C civil enforcement cases,https://echo.epa.gov/facilities/enforcement-case-search,2026-09-13,"no federal EPA civil penalty found under the company's name, former names or 10-K subsidiaries with a settlement in 2016-2020 (ECHO file retrieved 2026-09-13)"
MCHP,2021,0.0,EPA ECHO ICIS-FE&C civil enforcement cases,https://echo.epa.gov/facilities/enforcement-case-search,2026-09-13,"no federal EPA civil penalty found under the company's name, former names or 10-K subsidiaries with a settlement in 2017-2021 (ECHO file retrieved 2026-09-13)"
MCHP,2022,1995.42,EPA ECHO ICIS-FE&C civil enforcement cases,https://echo.epa.gov/enforcement-case-report?id=10-2022-0191,2026-09-13,"1 case(s), $12,500 in 2018-2022 over mean revenue $6.3bn; largest: case 10-2022-0191 (2022), defendant 'Microchip Technology, Inc.', $12,500"
MCHP,2023,1859.75,EPA ECHO ICIS-FE&C civil enforcement cases,https://echo.epa.gov/enforcement-case-report?id=10-2022-0191,2026-09-13,"1 case(s), $12,500 in 2019-2023 over mean revenue $6.7bn; largest: case 10-2022-0191 (2022), defendant 'Microchip Technology, Inc.', $12,500"
MCHP,2024,1909.33,EPA ECHO ICIS-FE&C civil enforcement cases,https://echo.epa.gov/enforcement-case-report?id=10-2022-0191,2026-09-13,"1 case(s), $12,500 in 2020-2024 over mean revenue $6.5bn; largest: case 10-2022-0191 (2022), defendant 'Microchip Technology, Inc.', $12,500"
MCHP,2025,1952.59,EPA ECHO ICIS-FE&C civil enforcement cases,https://echo.epa.gov/enforcement-case-report?id=10-2022-0191,2026-09-13,"1 case(s), $12,500 in 2021-2025 over mean revenue $6.4bn; largest: case 10-2022-0191 (2022), defendant 'Microchip Technology, Inc.', $12,500"
MCK,2020,0.0,EPA ECHO ICIS-FE&C civil enforcement cases,https://echo.epa.gov/facilities/enforcement-case-search,2026-09-13,"no federal EPA civil penalty found under the company's name, former names or 10-K subsidiaries with a settlement in 2016-2020 (ECHO file retrieved 2026-09-13)"
MCK,2021,0.0,EPA ECHO ICIS-FE&C civil enforcement cases,https://echo.epa.gov/facilities/enforcement-case-search,2026-09-13,"no federal EPA civil penalty found under the company's name, former names or 10-K subsidiaries with a settlement in 2017-2021 (ECHO file retrieved 2026-09-13)"
MCK,2022,0.0,EPA ECHO ICIS-FE&C civil enforcement cases,https://echo.epa.gov/facilities/enforcement-case-search,2026-09-13,"no federal EPA civil penalty found under the company's name, former names or 10-K subsidiaries with a settlement in 2018-2022 (ECHO file retrieved 2026-09-13)"
MCK,2023,0.0,EPA ECHO ICIS-FE&C civil enforcement cases,https://echo.epa.gov/facilities/enforcement-case-search,2026-09-13,"no federal EPA civil penalty found under the company's name, former names or 10-K subsidiaries with a settlement in 2019-2023 (ECHO file retrieved 2026-09-13)"
MCK,2024,0.0,EPA ECHO ICIS-FE&C civil enforcement cases,https://echo.epa.gov/facilities/enforcement-case-search,2026-09-13,"no federal EPA civil penalty found under the company's name, former names or 10-K subsidiaries with a settlement in 2020-2024 (ECHO file retrieved 2026-09-13)"
MCK,2025,0.0,EPA ECHO ICIS-FE&C civil enforcement cases,https://echo.epa.gov/facilities/enforcement-case-search,2026-09-13,"no federal EPA civil penalty found under the company's name, former names or 10-K subsidiaries with a settlement in 2021-2025 (ECHO file retrieved 2026-09-13)"
MCO,2020,0.0,EPA ECHO ICIS-FE&C civil enforcement cases,https://echo.epa.gov/facilities/enforcement-case-search,2026-09-13,"no federal EPA civil penalty found under the company's name, former names or 10-K subsidiaries with a settlement in 2016-2020 (ECHO file retrieved 2026-09-13)"
MCO,2021,0.0,EPA ECHO ICIS-FE&C civil enforcement cases,https://echo.epa.gov/facilities/enforcement-case-search,2026-09-13,"no federal EPA civil penalty found under the company's name, former names or 10-K subsidiaries with a settlement in 2017-2021 (ECHO file retrieved 2026-09-13)"
MCO,2022,0.0,EPA ECHO ICIS-FE&C civil enforcement cases,https://echo.epa.gov/facilities/enforcement-case-search,2026-09-13,"no federal EPA civil penalty found under the company's name, former names or 10-K subsidiaries with a settlement in 2018-2022 (ECHO file retrieved 2026-09-13)"
MCO,2023,0.0,EPA ECHO ICIS-FE&C civil enforcement cases,https://echo.epa.gov/facilities/enforcement-case-search,2026-09-13,"no federal EPA civil penalty found under the company's name, former names or 10-K subsidiaries with a settlement in 2019-2023 (ECHO file retrieved 2026-09-13)"
MCO,2024,0.0,EPA ECHO ICIS-FE&C civil enforcement cases,https://echo.epa.gov/facilities/enforcement-case-search,2026-09-13,"no federal EPA civil penalty found under the company's name, former names or 10-K subsidiaries with a settlement in 2020-2024 (ECHO file retrieved 2026-09-13)"
MCO,2025,0.0,EPA ECHO ICIS-FE&C civil enforcement cases,https://echo.epa.gov/facilities/enforcement-case-search,2026-09-13,"no federal EPA civil penalty found under the company's name, former names or 10-K subsidiaries with a settlement in 2021-2025 (ECHO file retrieved 2026-09-13)"
MDLZ,2020,479.24,EPA ECHO ICIS-FE&C civil enforcement cases,https://echo.epa.gov/enforcement-case-report?id=04-2016-2015,2026-09-13,"1 case(s), $12,480 in 2016-2020 over mean revenue $26.0bn; largest: case 04-2016-2015 (2016), defendant 'MONDELEZ GLOBAL, LLC', $12,480"
MDLZ,2021,0.0,EPA ECHO ICIS-FE&C civil enforcement cases,https://echo.epa.gov/facilities/enforcement-case-search,2026-09-13,"no federal EPA civil penalty found under the company's name, former names or 10-K subsidiaries with a settlement in 2017-2021 (ECHO file retrieved 2026-09-13)"
MDLZ,2022,0.0,EPA ECHO ICIS-FE&C civil enforcement cases,https://echo.epa.gov/facilities/enforcement-case-search,2026-09-13,"no federal EPA civil penalty found under the company's name, former names or 10-K subsidiaries with a settlement in 2018-2022 (ECHO file retrieved 2026-09-13)"
MDLZ,2023,0.0,EPA ECHO ICIS-FE&C civil enforcement cases,https://echo.epa.gov/facilities/enforcement-case-search,2026-09-13,"no federal EPA civil penalty found under the company's name, former names or 10-K subsidiaries with a settlement in 2019-2023 (ECHO file retrieved 2026-09-13)"
MDLZ,2024,0.0,EPA ECHO ICIS-FE&C civil enforcement cases,https://echo.epa.gov/facilities/enforcement-case-search,2026-09-13,"no federal EPA civil penalty found under the company's name, former names or 10-K subsidiaries with a settlement in 2020-2024 (ECHO file retrieved 2026-09-13)"
MDLZ,2025,0.0,EPA ECHO ICIS-FE&C civil enforcement cases,https://echo.epa.gov/facilities/enforcement-case-search,2026-09-13,"no federal EPA civil penalty found under the company's name, former names or 10-K subsidiaries with a settlement in 2021-2025 (ECHO file retrieved 2026-09-13)"
MDT,2020,0.0,EPA ECHO ICIS-FE&C civil enforcement cases,https://echo.epa.gov/facilities/enforcement-case-search,2026-09-13,"no federal EPA civil penalty found under the company's name, former names or 10-K subsidiaries with a settlement in 2016-2020 (ECHO file retrieved 2026-09-13)"
MDT,2021,0.0,EPA ECHO ICIS-FE&C civil enforcement cases,https://echo.epa.gov/facilities/enforcement-case-search,2026-09-13,"no federal EPA civil penalty found under the company's name, former names or 10-K subsidiaries with a settlement in 2017-2021 (ECHO file retrieved 2026-09-13)"
MDT,2022,0.0,EPA ECHO ICIS-FE&C civil enforcement cases,https://echo.epa.gov/facilities/enforcement-case-search,2026-09-13,"no federal EPA civil penalty found under the company's name, former names or 10-K subsidiaries with a settlement in 2018-2022 (ECHO file retrieved 2026-09-13)"
MDT,2023,3823.48,EPA ECHO ICIS-FE&C civil enforcement cases,https://echo.epa.gov/enforcement-case-report?id=02-2023-1210,2026-09-13,"1 case(s), $117,998 in 2019-2023 over mean revenue $30.9bn; largest: case 02-2023-1210 (2023), defendant 'Medtronic Puerto Rico, Inc.', $117,998"
MDT,2024,3712.24,EPA ECHO ICIS-FE&C civil enforcement cases,https://echo.epa.gov/enforcement-case-report?id=02-2023-1210,2026-09-13,"1 case(s), $117,998 in 2020-2024 over mean revenue $31.8bn; largest: case 02-2023-1210 (2023), defendant 'Medtronic Puerto Rico, Inc.', $117,998"
MDT,2025,3571.84,EPA ECHO ICIS-FE&C civil enforcement cases,https://echo.epa.gov/enforcement-case-report?id=02-2023-1210,2026-09-13,"1 case(s), $117,998 in 2021-2025 over mean revenue $33.0bn; largest: case 02-2023-1210 (2023), defendant 'Medtronic Puerto Rico, Inc.', $117,998"
MET,2020,0.0,EPA ECHO ICIS-FE&C civil enforcement cases,https://echo.epa.gov/facilities/enforcement-case-search,2026-09-13,"no federal EPA civil penalty found under the company's name, former names or 10-K subsidiaries with a settlement in 2016-2020 (ECHO file retrieved 2026-09-13)"
MET,2021,0.0,EPA ECHO ICIS-FE&C civil enforcement cases,https://echo.epa.gov/facilities/enforcement-case-search,2026-09-13,"no federal EPA civil penalty found under the company's name, former names or 10-K subsidiaries with a settlement in 2017-2021 (ECHO file retrieved 2026-09-13)"
MET,2022,0.0,EPA ECHO ICIS-FE&C civil enforcement cases,https://echo.epa.gov/facilities/enforcement-case-search,2026-09-13,"no federal EPA civil penalty found under the company's name, former names or 10-K subsidiaries with a settlement in 2018-2022 (ECHO file retrieved 2026-09-13)"
MET,2023,0.0,EPA ECHO ICIS-FE&C civil enforcement cases,https://echo.epa.gov/facilities/enforcement-case-search,2026-09-13,"no federal EPA civil penalty found under the company's name, former names or 10-K subsidiaries with a settlement in 2019-2023 (ECHO file retrieved 2026-09-13)"
MET,2024,0.0,EPA ECHO ICIS-FE&C civil enforcement cases,https://echo.epa.gov/facilities/enforcement-case-search,2026-09-13,"no federal EPA civil penalty found under the company's name, former names or 10-K subsidiaries with a settlement in 2020-2024 (ECHO file retrieved 2026-09-13)"
MET,2025,0.0,EPA ECHO ICIS-FE&C civil enforcement cases,https://echo.epa.gov/facilities/enforcement-case-search,2026-09-13,"no federal EPA civil penalty found under the company's name, former names or 10-K subsidiaries with a settlement in 2021-2025 (ECHO file retrieved 2026-09-13)"
META,2020,0.0,EPA ECHO ICIS-FE&C civil enforcement cases,https://echo.epa.gov/facilities/enforcement-case-search,2026-09-13,"no federal EPA civil penalty found under the company's name, former names or 10-K subsidiaries with a settlement in 2016-2020 (ECHO file retrieved 2026-09-13)"
META,2021,0.0,EPA ECHO ICIS-FE&C civil enforcement cases,https://echo.epa.gov/facilities/enforcement-case-search,2026-09-13,"no federal EPA civil penalty found under the company's name, former names or 10-K subsidiaries with a settlement in 2017-2021 (ECHO file retrieved 2026-09-13)"
META,2022,0.0,EPA ECHO ICIS-FE&C civil enforcement cases,https://echo.epa.gov/facilities/enforcement-case-search,2026-09-13,"no federal EPA civil penalty found under the company's name, former names or 10-K subsidiaries with a settlement in 2018-2022 (ECHO file retrieved 2026-09-13)"
META,2023,0.0,EPA ECHO ICIS-FE&C civil enforcement cases,https://echo.epa.gov/facilities/enforcement-case-search,2026-09-13,"no federal EPA civil penalty found under the company's name, former names or 10-K subsidiaries with a settlement in 2019-2023 (ECHO file retrieved 2026-09-13)"
META,2024,0.0,EPA ECHO ICIS-FE&C civil enforcement cases,https://echo.epa.gov/facilities/enforcement-case-search,2026-09-13,"no federal EPA civil penalty found under the company's name, former names or 10-K subsidiaries with a settlement in 2020-2024 (ECHO file retrieved 2026-09-13)"
META,2025,0.0,EPA ECHO ICIS-FE&C civil enforcement cases,https://echo.epa.gov/facilities/enforcement-case-search,2026-09-13,"no federal EPA civil penalty found under the company's name, former names or 10-K subsidiaries with a settlement in 2021-2025 (ECHO file retrieved 2026-09-13)"
MGM,2020,0.0,EPA ECHO ICIS-FE&C civil enforcement cases,https://echo.epa.gov/facilities/enforcement-case-search,2026-09-13,"no federal EPA civil penalty found under the company's name, former names or 10-K subsidiaries with a settlement in 2016-2020 (ECHO file retrieved 2026-09-13)"
MGM,2021,0.0,EPA ECHO ICIS-FE&C civil enforcement cases,https://echo.epa.gov/facilities/enforcement-case-search,2026-09-13,"no federal EPA civil penalty found under the company's name, former names or 10-K subsidiaries with a settlement in 2017-2021 (ECHO file retrieved 2026-09-13)"
MGM,2022,1584.57,EPA ECHO ICIS-FE&C civil enforcement cases,https://echo.epa.gov/enforcement-case-report?id=02-2023-3352,2026-09-13,"1 case(s), $16,680 in 2018-2022 over mean revenue $10.5bn; largest: case 02-2023-3352 (2022), defendant 'Bellagio LLC', $16,680"
MGM,2023,1462.3,EPA ECHO ICIS-FE&C civil enforcement cases,https://echo.epa.gov/enforcement-case-report?id=02-2023-3352,2026-09-13,"1 case(s), $16,680 in 2019-2023 over mean revenue $11.4bn; largest: case 02-2023-3352 (2022), defendant 'Bellagio LLC', $16,680"
MGM,2024,1358.87,EPA ECHO ICIS-FE&C civil enforcement cases,https://echo.epa.gov/enforcement-case-report?id=02-2023-3352,2026-09-13,"1 case(s), $16,680 in 2020-2024 over mean revenue $12.3bn; largest: case 02-2023-3352 (2022), defendant 'Bellagio LLC', $16,680"
MGM,2025,1130.85,EPA ECHO ICIS-FE&C civil enforcement cases,https://echo.epa.gov/enforcement-case-report?id=02-2023-3352,2026-09-13,"1 case(s), $16,680 in 2021-2025 over mean revenue $14.8bn; largest: case 02-2023-3352 (2022), defendant 'Bellagio LLC', $16,680"
MKC,2020,0.0,EPA ECHO ICIS-FE&C civil enforcement cases,https://echo.epa.gov/facilities/enforcement-case-search,2026-09-13,"no federal EPA civil penalty found under the company's name, former names or 10-K subsidiaries with a settlement in 2016-2020 (ECHO file retrieved 2026-09-13)"
MKC,2021,0.0,EPA ECHO ICIS-FE&C civil enforcement cases,https://echo.epa.gov/facilities/enforcement-case-search,2026-09-13,"no federal EPA civil penalty found under the company's name, former names or 10-K subsidiaries with a settlement in 2017-2021 (ECHO file retrieved 2026-09-13)"
MKC,2022,0.0,EPA ECHO ICIS-FE&C civil enforcement cases,https://echo.epa.gov/facilities/enforcement-case-search,2026-09-13,"no federal EPA civil penalty found under the company's name, former names or 10-K subsidiaries with a settlement in 2018-2022 (ECHO file retrieved 2026-09-13)"
MKC,2023,0.0,EPA ECHO ICIS-FE&C civil enforcement cases,https://echo.epa.gov/facilities/enforcement-case-search,2026-09-13,"no federal EPA civil penalty found under the company's name, former names or 10-K subsidiaries with a settlement in 2019-2023 (ECHO file retrieved 2026-09-13)"
MKC,2024,0.0,EPA ECHO ICIS-FE&C civil enforcement cases,https://echo.epa.gov/facilities/enforcement-case-search,2026-09-13,"no federal EPA civil penalty found under the company's name, former names or 10-K subsidiaries with a settlement in 2020-2024 (ECHO file retrieved 2026-09-13)"
MKC,2025,0.0,EPA ECHO ICIS-FE&C civil enforcement cases,https://echo.epa.gov/facilities/enforcement-case-search,2026-09-13,"no federal EPA civil penalty found under the company's name, former names or 10-K subsidiaries with a settlement in 2021-2025 (ECHO file retrieved 2026-09-13)"
MLM,2020,54.09,EPA ECHO ICIS-FE&C civil enforcement cases,https://echo.epa.gov/enforcement-case-report?id=04-2016-9012,2026-09-13,"1 case(s), $233 in 2016-2020 over mean revenue $4.3bn; largest: case 04-2016-9012 (2016), defendant 'MARTIN MARIETTA MATERIALS, INC.', $233"
MLM,2021,0.0,EPA ECHO ICIS-FE&C civil enforcement cases,https://echo.epa.gov/facilities/enforcement-case-search,2026-09-13,"no federal EPA civil penalty found under the company's name, former names or 10-K subsidiaries with a settlement in 2017-2021 (ECHO file retrieved 2026-09-13)"
MLM,2022,0.0,EPA ECHO ICIS-FE&C civil enforcement cases,https://echo.epa.gov/facilities/enforcement-case-search,2026-09-13,"no federal EPA civil penalty found under the company's name, former names or 10-K subsidiaries with a settlement in 2018-2022 (ECHO file retrieved 2026-09-13)"
MLM,2023,0.0,EPA ECHO ICIS-FE&C civil enforcement cases,https://echo.epa.gov/facilities/enforcement-case-search,2026-09-13,"no federal EPA civil penalty found under the company's name, former names or 10-K subsidiaries with a settlement in 2019-2023 (ECHO file retrieved 2026-09-13)"
MLM,2024,0.0,EPA ECHO ICIS-FE&C civil enforcement cases,https://echo.epa.gov/facilities/enforcement-case-search,2026-09-13,"no federal EPA civil penalty found under the company's name, former names or 10-K subsidiaries with a settlement in 2020-2024 (ECHO file retrieved 2026-09-13)"
MLM,2025,0.0,EPA ECHO ICIS-FE&C civil enforcement cases,https://echo.epa.gov/facilities/enforcement-case-search,2026-09-13,"no federal EPA civil penalty found under the company's name, former names or 10-K subsidiaries with a settlement in 2021-2025 (ECHO file retrieved 2026-09-13)"
MMM,2020,0.0,EPA ECHO ICIS-FE&C civil enforcement cases,https://echo.epa.gov/facilities/enforcement-case-search,2026-09-13,"no federal EPA civil penalty found under the company's name, former names or 10-K subsidiaries with a settlement in 2016-2020 (ECHO file retrieved 2026-09-13)"
MMM,2021,0.0,EPA ECHO ICIS-FE&C civil enforcement cases,https://echo.epa.gov/facilities/enforcement-case-search,2026-09-13,"no federal EPA civil penalty found under the company's name, former names or 10-K subsidiaries with a settlement in 2017-2021 (ECHO file retrieved 2026-09-13)"
MMM,2022,0.0,EPA ECHO ICIS-FE&C civil enforcement cases,https://echo.epa.gov/facilities/enforcement-case-search,2026-09-13,"no federal EPA civil penalty found under the company's name, former names or 10-K subsidiaries with a settlement in 2018-2022 (ECHO file retrieved 2026-09-13)"
MMM,2023,0.0,EPA ECHO ICIS-FE&C civil enforcement cases,https://echo.epa.gov/facilities/enforcement-case-search,2026-09-13,"no federal EPA civil penalty found under the company's name, former names or 10-K subsidiaries with a settlement in 2019-2023 (ECHO file retrieved 2026-09-13)"
MMM,2024,0.0,EPA ECHO ICIS-FE&C civil enforcement cases,https://echo.epa.gov/facilities/enforcement-case-search,2026-09-13,"no federal EPA civil penalty found under the company's name, former names or 10-K subsidiaries with a settlement in 2020-2024 (ECHO file retrieved 2026-09-13)"
MMM,2025,0.0,EPA ECHO ICIS-FE&C civil enforcement cases,https://echo.epa.gov/facilities/enforcement-case-search,2026-09-13,"no federal EPA civil penalty found under the company's name, former names or 10-K subsidiaries with a settlement in 2021-2025 (ECHO file retrieved 2026-09-13)"
MNST,2020,0.0,EPA ECHO ICIS-FE&C civil enforcement cases,https://echo.epa.gov/facilities/enforcement-case-search,2026-09-13,"no federal EPA civil penalty found under the company's name, former names or 10-K subsidiaries with a settlement in 2016-2020 (ECHO file retrieved 2026-09-13)"
MNST,2021,0.0,EPA ECHO ICIS-FE&C civil enforcement cases,https://echo.epa.gov/facilities/enforcement-case-search,2026-09-13,"no federal EPA civil penalty found under the company's name, former names or 10-K subsidiaries with a settlement in 2017-2021 (ECHO file retrieved 2026-09-13)"
MNST,2022,0.0,EPA ECHO ICIS-FE&C civil enforcement cases,https://echo.epa.gov/facilities/enforcement-case-search,2026-09-13,"no federal EPA civil penalty found under the company's name, former names or 10-K subsidiaries with a settlement in 2018-2022 (ECHO file retrieved 2026-09-13)"
MNST,2023,0.0,EPA ECHO ICIS-FE&C civil enforcement cases,https://echo.epa.gov/facilities/enforcement-case-search,2026-09-13,"no federal EPA civil penalty found under the company's name, former names or 10-K subsidiaries with a settlement in 2019-2023 (ECHO file retrieved 2026-09-13)"
MNST,2024,0.0,EPA ECHO ICIS-FE&C civil enforcement cases,https://echo.epa.gov/facilities/enforcement-case-search,2026-09-13,"no federal EPA civil penalty found under the company's name, former names or 10-K subsidiaries with a settlement in 2020-2024 (ECHO file retrieved 2026-09-13)"
MNST,2025,0.0,EPA ECHO ICIS-FE&C civil enforcement cases,https://echo.epa.gov/facilities/enforcement-case-search,2026-09-13,"no federal EPA civil penalty found under the company's name, former names or 10-K subsidiaries with a settlement in 2021-2025 (ECHO file retrieved 2026-09-13)"
MO,2020,0.0,EPA ECHO ICIS-FE&C civil enforcement cases,https://echo.epa.gov/facilities/enforcement-case-search,2026-09-13,"no federal EPA civil penalty found under the company's name, former names or 10-K subsidiaries with a settlement in 2016-2020 (ECHO file retrieved 2026-09-13)"
MO,2021,0.0,EPA ECHO ICIS-FE&C civil enforcement cases,https://echo.epa.gov/facilities/enforcement-case-search,2026-09-13,"no federal EPA civil penalty found under the company's name, former names or 10-K subsidiaries with a settlement in 2017-2021 (ECHO file retrieved 2026-09-13)"
MO,2022,0.0,EPA ECHO ICIS-FE&C civil enforcement cases,https://echo.epa.gov/facilities/enforcement-case-search,2026-09-13,"no federal EPA civil penalty found under the company's name, former names or 10-K subsidiaries with a settlement in 2018-2022 (ECHO file retrieved 2026-09-13)"
MO,2023,0.0,EPA ECHO ICIS-FE&C civil enforcement cases,https://echo.epa.gov/facilities/enforcement-case-search,2026-09-13,"no federal EPA civil penalty found under the company's name, former names or 10-K subsidiaries with a settlement in 2019-2023 (ECHO file retrieved 2026-09-13)"
MO,2024,0.0,EPA ECHO ICIS-FE&C civil enforcement cases,https://echo.epa.gov/facilities/enforcement-case-search,2026-09-13,"no federal EPA civil penalty found under the company's name, former names or 10-K subsidiaries with a settlement in 2020-2024 (ECHO file retrieved 2026-09-13)"
MO,2025,0.0,EPA ECHO ICIS-FE&C civil enforcement cases,https://echo.epa.gov/facilities/enforcement-case-search,2026-09-13,"no federal EPA civil penalty found under the company's name, former names or 10-K subsidiaries with a settlement in 2021-2025 (ECHO file retrieved 2026-09-13)"
MOS,2020,17928.04,EPA ECHO ICIS-FE&C civil enforcement cases,https://echo.epa.gov/enforcement-case-report?id=04-2017-8006,2026-09-13,"2 case(s), $162,400 in 2016-2020 over mean revenue $9.1bn; largest: case 04-2017-8006 (2017), defendant 'MOSAIC CROP NUTRITION, LLC', $92,400"
MOS,2021,9349.22,EPA ECHO ICIS-FE&C civil enforcement cases,https://echo.epa.gov/enforcement-case-report?id=04-2017-8006,2026-09-13,"1 case(s), $92,400 in 2017-2021 over mean revenue $9.9bn; largest: case 04-2017-8006 (2017), defendant 'MOSAIC CROP NUTRITION, LLC', $92,400"
MOS,2022,0.0,EPA ECHO ICIS-FE&C civil enforcement cases,https://echo.epa.gov/facilities/enforcement-case-search,2026-09-13,"no federal EPA civil penalty found under the company's name, former names or 10-K subsidiaries with a settlement in 2018-2022 (ECHO file retrieved 2026-09-13)"
MOS,2023,0.0,EPA ECHO ICIS-FE&C civil enforcement cases,https://echo.epa.gov/facilities/enforcement-case-search,2026-09-13,"no federal EPA civil penalty found under the company's name, former names or 10-K subsidiaries with a settlement in 2019-2023 (ECHO file retrieved 2026-09-13)"
MOS,2024,0.0,EPA ECHO ICIS-FE&C civil enforcement cases,https://echo.epa.gov/facilities/enforcement-case-search,2026-09-13,"no federal EPA civil penalty found under the company's name, former names or 10-K subsidiaries with a settlement in 2020-2024 (ECHO file retrieved 2026-09-13)"
MOS,2025,0.0,EPA ECHO ICIS-FE&C civil enforcement cases,https://echo.epa.gov/facilities/enforcement-case-search,2026-09-13,"no federal EPA civil penalty found under the company's name, former names or 10-K subsidiaries with a settlement in 2021-2025 (ECHO file retrieved 2026-09-13)"
MPC,2020,38014.12,EPA ECHO ICIS-FE&C civil enforcement cases,https://echo.epa.gov/enforcement-case-report?id=08-2012-0001,2026-09-13,"6 case(s), $3,079,318 in 2016-2020 over mean revenue $81.0bn; largest: case 08-2012-0001 (2016), defendant 'Tesoro', $2,683,333"
MPC,2021,2961.53,EPA ECHO ICIS-FE&C civil enforcement cases,https://echo.epa.gov/enforcement-case-report?id=05-2015-5063,2026-09-13,"3 case(s), $273,485 in 2017-2021 over mean revenue $92.3bn; largest: case 05-2015-5063 (2018), defendant 'MARKWEST ENERGY PARTNERS', $225,000"
MPC,2022,2052.0,EPA ECHO ICIS-FE&C civil enforcement cases,https://echo.epa.gov/enforcement-case-report?id=05-2015-5063,2026-09-13,"3 case(s), $231,650 in 2018-2022 over mean revenue $112.9bn; largest: case 05-2015-5063 (2018), defendant 'MARKWEST ENERGY PARTNERS', $225,000"
MPC,2023,53.05,EPA ECHO ICIS-FE&C civil enforcement cases,https://echo.epa.gov/enforcement-case-report?id=04-2022-0402,2026-09-13,"2 case(s), $6,650 in 2019-2023 over mean revenue $125.3bn; largest: case 04-2022-0402 (2022), defendant 'CATLETTSBURG REFINING, LLC', $5,000"
MPC,2024,1775.25,EPA ECHO ICIS-FE&C civil enforcement cases,https://echo.epa.gov/enforcement-case-report?id=05-2024-5063,2026-09-13,"3 case(s), $232,365 in 2020-2024 over mean revenue $130.9bn; largest: case 05-2024-5063 (2024), defendant 'MARATHON PETROLEUM COMPANY LP', $225,715"
MPC,2025,1619.54,EPA ECHO ICIS-FE&C civil enforcement cases,https://echo.epa.gov/enforcement-case-report?id=05-2024-5063,2026-09-13,"3 case(s), $232,365 in 2021-2025 over mean revenue $143.5bn; largest: case 05-2024-5063 (2024), defendant 'MARATHON PETROLEUM COMPANY LP', $225,715"
MPWR,2020,0.0,EPA ECHO ICIS-FE&C civil enforcement cases,https://echo.epa.gov/facilities/enforcement-case-search,2026-09-13,"no federal EPA civil penalty found under the company's name, former names or 10-K subsidiaries with a settlement in 2016-2020 (ECHO file retrieved 2026-09-13)"
MPWR,2021,0.0,EPA ECHO ICIS-FE&C civil enforcement cases,https://echo.epa.gov/facilities/enforcement-case-search,2026-09-13,"no federal EPA civil penalty found under the company's name, former names or 10-K subsidiaries with a settlement in 2017-2021 (ECHO file retrieved 2026-09-13)"
MPWR,2022,0.0,EPA ECHO ICIS-FE&C civil enforcement cases,https://echo.epa.gov/facilities/enforcement-case-search,2026-09-13,"no federal EPA civil penalty found under the company's name, former names or 10-K subsidiaries with a settlement in 2018-2022 (ECHO file retrieved 2026-09-13)"
MPWR,2023,0.0,EPA ECHO ICIS-FE&C civil enforcement cases,https://echo.epa.gov/facilities/enforcement-case-search,2026-09-13,"no federal EPA civil penalty found under the company's name, former names or 10-K subsidiaries with a settlement in 2019-2023 (ECHO file retrieved 2026-09-13)"
MPWR,2024,0.0,EPA ECHO ICIS-FE&C civil enforcement cases,https://echo.epa.gov/facilities/enforcement-case-search,2026-09-13,"no federal EPA civil penalty found under the company's name, former names or 10-K subsidiaries with a settlement in 2020-2024 (ECHO file retrieved 2026-09-13)"
MPWR,2025,0.0,EPA ECHO ICIS-FE&C civil enforcement cases,https://echo.epa.gov/facilities/enforcement-case-search,2026-09-13,"no federal EPA civil penalty found under the company's name, former names or 10-K subsidiaries with a settlement in 2021-2025 (ECHO file retrieved 2026-09-13)"
MRK,2020,0.0,EPA ECHO ICIS-FE&C civil enforcement cases,https://echo.epa.gov/facilities/enforcement-case-search,2026-09-13,"no federal EPA civil penalty found under the company's name, former names or 10-K subsidiaries with a settlement in 2016-2020 (ECHO file retrieved 2026-09-13)"
MRK,2021,0.0,EPA ECHO ICIS-FE&C civil enforcement cases,https://echo.epa.gov/facilities/enforcement-case-search,2026-09-13,"no federal EPA civil penalty found under the company's name, former names or 10-K subsidiaries with a settlement in 2017-2021 (ECHO file retrieved 2026-09-13)"
MRK,2022,0.0,EPA ECHO ICIS-FE&C civil enforcement cases,https://echo.epa.gov/facilities/enforcement-case-search,2026-09-13,"no federal EPA civil penalty found under the company's name, former names or 10-K subsidiaries with a settlement in 2018-2022 (ECHO file retrieved 2026-09-13)"
MRK,2023,125.63,EPA ECHO ICIS-FE&C civil enforcement cases,https://echo.epa.gov/enforcement-case-report?id=03-2023-0098,2026-09-13,"1 case(s), $6,250 in 2019-2023 over mean revenue $49.7bn; largest: case 03-2023-0098 (2023), defendant 'MERCK SHARP & DOHME CORP.', $6,250"
MRK,2024,114.14,EPA ECHO ICIS-FE&C civil enforcement cases,https://echo.epa.gov/enforcement-case-report?id=03-2023-0098,2026-09-13,"1 case(s), $6,250 in 2020-2024 over mean revenue $54.8bn; largest: case 03-2023-0098 (2023), defendant 'MERCK SHARP & DOHME CORP.', $6,250"
MRK,2025,105.12,EPA ECHO ICIS-FE&C civil enforcement cases,https://echo.epa.gov/enforcement-case-report?id=03-2023-0098,2026-09-13,"1 case(s), $6,250 in 2021-2025 over mean revenue $59.5bn; largest: case 03-2023-0098 (2023), defendant 'MERCK SHARP & DOHME CORP.', $6,250"
MRNA,2020,0.0,EPA ECHO ICIS-FE&C civil enforcement cases,https://echo.epa.gov/facilities/enforcement-case-search,2026-09-13,"no federal EPA civil penalty found under the company's name, former names or 10-K subsidiaries with a settlement in 2016-2020 (ECHO file retrieved 2026-09-13)"
MRNA,2021,0.0,EPA ECHO ICIS-FE&C civil enforcement cases,https://echo.epa.gov/facilities/enforcement-case-search,2026-09-13,"no federal EPA civil penalty found under the company's name, former names or 10-K subsidiaries with a settlement in 2017-2021 (ECHO file retrieved 2026-09-13)"
MRNA,2022,0.0,EPA ECHO ICIS-FE&C civil enforcement cases,https://echo.epa.gov/facilities/enforcement-case-search,2026-09-13,"no federal EPA civil penalty found under the company's name, former names or 10-K subsidiaries with a settlement in 2018-2022 (ECHO file retrieved 2026-09-13)"
MRNA,2023,0.0,EPA ECHO ICIS-FE&C civil enforcement cases,https://echo.epa.gov/facilities/enforcement-case-search,2026-09-13,"no federal EPA civil penalty found under the company's name, former names or 10-K subsidiaries with a settlement in 2019-2023 (ECHO file retrieved 2026-09-13)"
MRNA,2024,0.0,EPA ECHO ICIS-FE&C civil enforcement cases,https://echo.epa.gov/facilities/enforcement-case-search,2026-09-13,"no federal EPA civil penalty found under the company's name, former names or 10-K subsidiaries with a settlement in 2020-2024 (ECHO file retrieved 2026-09-13)"
MRNA,2025,0.0,EPA ECHO ICIS-FE&C civil enforcement cases,https://echo.epa.gov/facilities/enforcement-case-search,2026-09-13,"no federal EPA civil penalty found under the company's name, former names or 10-K subsidiaries with a settlement in 2021-2025 (ECHO file retrieved 2026-09-13)"
MRSH,2020,0.0,EPA ECHO ICIS-FE&C civil enforcement cases,https://echo.epa.gov/facilities/enforcement-case-search,2026-09-13,"no federal EPA civil penalty found under the company's name, former names or 10-K subsidiaries with a settlement in 2016-2020 (ECHO file retrieved 2026-09-13)"
MRSH,2021,0.0,EPA ECHO ICIS-FE&C civil enforcement cases,https://echo.epa.gov/facilities/enforcement-case-search,2026-09-13,"no federal EPA civil penalty found under the company's name, former names or 10-K subsidiaries with a settlement in 2017-2021 (ECHO file retrieved 2026-09-13)"
MRSH,2022,0.0,EPA ECHO ICIS-FE&C civil enforcement cases,https://echo.epa.gov/facilities/enforcement-case-search,2026-09-13,"no federal EPA civil penalty found under the company's name, former names or 10-K subsidiaries with a settlement in 2018-2022 (ECHO file retrieved 2026-09-13)"
MRSH,2023,0.0,EPA ECHO ICIS-FE&C civil enforcement cases,https://echo.epa.gov/facilities/enforcement-case-search,2026-09-13,"no federal EPA civil penalty found under the company's name, former names or 10-K subsidiaries with a settlement in 2019-2023 (ECHO file retrieved 2026-09-13)"
MRSH,2024,0.0,EPA ECHO ICIS-FE&C civil enforcement cases,https://echo.epa.gov/facilities/enforcement-case-search,2026-09-13,"no federal EPA civil penalty found under the company's name, former names or 10-K subsidiaries with a settlement in 2020-2024 (ECHO file retrieved 2026-09-13)"
MRSH,2025,0.0,EPA ECHO ICIS-FE&C civil enforcement cases,https://echo.epa.gov/facilities/enforcement-case-search,2026-09-13,"no federal EPA civil penalty found under the company's name, former names or 10-K subsidiaries with a settlement in 2021-2025 (ECHO file retrieved 2026-09-13)"
MRVL,2021,0.0,EPA ECHO ICIS-FE&C civil enforcement cases,https://echo.epa.gov/facilities/enforcement-case-search,2026-09-13,"no federal EPA civil penalty found under the company's name, former names or 10-K subsidiaries with a settlement in 2017-2021 (ECHO file retrieved 2026-09-13)"
MRVL,2022,0.0,EPA ECHO ICIS-FE&C civil enforcement cases,https://echo.epa.gov/facilities/enforcement-case-search,2026-09-13,"no federal EPA civil penalty found under the company's name, former names or 10-K subsidiaries with a settlement in 2018-2022 (ECHO file retrieved 2026-09-13)"
MRVL,2023,0.0,EPA ECHO ICIS-FE&C civil enforcement cases,https://echo.epa.gov/facilities/enforcement-case-search,2026-09-13,"no federal EPA civil penalty found under the company's name, former names or 10-K subsidiaries with a settlement in 2019-2023 (ECHO file retrieved 2026-09-13)"
MRVL,2024,0.0,EPA ECHO ICIS-FE&C civil enforcement cases,https://echo.epa.gov/facilities/enforcement-case-search,2026-09-13,"no federal EPA civil penalty found under the company's name, former names or 10-K subsidiaries with a settlement in 2020-2024 (ECHO file retrieved 2026-09-13)"
MRVL,2025,0.0,EPA ECHO ICIS-FE&C civil enforcement cases,https://echo.epa.gov/facilities/enforcement-case-search,2026-09-13,"no federal EPA civil penalty found under the company's name, former names or 10-K subsidiaries with a settlement in 2021-2025 (ECHO file retrieved 2026-09-13)"
MS,2020,46547.42,EPA ECHO ICIS-FE&C civil enforcement cases,https://echo.epa.gov/enforcement-case-report?id=EF-2017-0003,2026-09-13,"1 case(s), $1,119,000 in 2016-2020 over mean revenue $24.0bn; largest: case EF-2017-0003 (2017), defendant 'Morgan Stanley Capital Group, Inc.', $1,119,000"
MS,2021,32352.45,EPA ECHO ICIS-FE&C civil enforcement cases,https://echo.epa.gov/enforcement-case-report?id=EF-2017-0003,2026-09-13,"1 case(s), $1,119,000 in 2017-2021 over mean revenue $34.6bn; largest: case EF-2017-0003 (2017), defendant 'Morgan Stanley Capital Group, Inc.', $1,119,000"
MS,2022,0.0,EPA ECHO ICIS-FE&C civil enforcement cases,https://echo.epa.gov/facilities/enforcement-case-search,2026-09-13,"no federal EPA civil penalty found under the company's name, former names or 10-K subsidiaries with a settlement in 2018-2022 (ECHO file retrieved 2026-09-13)"
MS,2023,0.0,EPA ECHO ICIS-FE&C civil enforcement cases,https://echo.epa.gov/facilities/enforcement-case-search,2026-09-13,"no federal EPA civil penalty found under the company's name, former names or 10-K subsidiaries with a settlement in 2019-2023 (ECHO file retrieved 2026-09-13)"
MS,2024,0.0,EPA ECHO ICIS-FE&C civil enforcement cases,https://echo.epa.gov/facilities/enforcement-case-search,2026-09-13,"no federal EPA civil penalty found under the company's name, former names or 10-K subsidiaries with a settlement in 2020-2024 (ECHO file retrieved 2026-09-13)"
MS,2025,0.0,EPA ECHO ICIS-FE&C civil enforcement cases,https://echo.epa.gov/facilities/enforcement-case-search,2026-09-13,"no federal EPA civil penalty found under the company's name, former names or 10-K subsidiaries with a settlement in 2021-2025 (ECHO file retrieved 2026-09-13)"
MSCI,2020,0.0,EPA ECHO ICIS-FE&C civil enforcement cases,https://echo.epa.gov/facilities/enforcement-case-search,2026-09-13,"no federal EPA civil penalty found under the company's name, former names or 10-K subsidiaries with a settlement in 2016-2020 (ECHO file retrieved 2026-09-13)"
MSCI,2021,0.0,EPA ECHO ICIS-FE&C civil enforcement cases,https://echo.epa.gov/facilities/enforcement-case-search,2026-09-13,"no federal EPA civil penalty found under the company's name, former names or 10-K subsidiaries with a settlement in 2017-2021 (ECHO file retrieved 2026-09-13)"
MSCI,2022,0.0,EPA ECHO ICIS-FE&C civil enforcement cases,https://echo.epa.gov/facilities/enforcement-case-search,2026-09-13,"no federal EPA civil penalty found under the company's name, former names or 10-K subsidiaries with a settlement in 2018-2022 (ECHO file retrieved 2026-09-13)"
MSCI,2023,0.0,EPA ECHO ICIS-FE&C civil enforcement cases,https://echo.epa.gov/facilities/enforcement-case-search,2026-09-13,"no federal EPA civil penalty found under the company's name, former names or 10-K subsidiaries with a settlement in 2019-2023 (ECHO file retrieved 2026-09-13)"
MSCI,2024,0.0,EPA ECHO ICIS-FE&C civil enforcement cases,https://echo.epa.gov/facilities/enforcement-case-search,2026-09-13,"no federal EPA civil penalty found under the company's name, former names or 10-K subsidiaries with a settlement in 2020-2024 (ECHO file retrieved 2026-09-13)"
MSCI,2025,0.0,EPA ECHO ICIS-FE&C civil enforcement cases,https://echo.epa.gov/facilities/enforcement-case-search,2026-09-13,"no federal EPA civil penalty found under the company's name, former names or 10-K subsidiaries with a settlement in 2021-2025 (ECHO file retrieved 2026-09-13)"
MSFT,2020,0.0,EPA ECHO ICIS-FE&C civil enforcement cases,https://echo.epa.gov/facilities/enforcement-case-search,2026-09-13,"no federal EPA civil penalty found under the company's name, former names or 10-K subsidiaries with a settlement in 2016-2020 (ECHO file retrieved 2026-09-13)"
MSFT,2021,0.0,EPA ECHO ICIS-FE&C civil enforcement cases,https://echo.epa.gov/facilities/enforcement-case-search,2026-09-13,"no federal EPA civil penalty found under the company's name, former names or 10-K subsidiaries with a settlement in 2017-2021 (ECHO file retrieved 2026-09-13)"
MSFT,2022,0.0,EPA ECHO ICIS-FE&C civil enforcement cases,https://echo.epa.gov/facilities/enforcement-case-search,2026-09-13,"no federal EPA civil penalty found under the company's name, former names or 10-K subsidiaries with a settlement in 2018-2022 (ECHO file retrieved 2026-09-13)"
MSFT,2023,0.0,EPA ECHO ICIS-FE&C civil enforcement cases,https://echo.epa.gov/facilities/enforcement-case-search,2026-09-13,"no federal EPA civil penalty found under the company's name, former names or 10-K subsidiaries with a settlement in 2019-2023 (ECHO file retrieved 2026-09-13)"
MSFT,2024,0.0,EPA ECHO ICIS-FE&C civil enforcement cases,https://echo.epa.gov/facilities/enforcement-case-search,2026-09-13,"no federal EPA civil penalty found under the company's name, former names or 10-K subsidiaries with a settlement in 2020-2024 (ECHO file retrieved 2026-09-13)"
MSFT,2025,0.0,EPA ECHO ICIS-FE&C civil enforcement cases,https://echo.epa.gov/facilities/enforcement-case-search,2026-09-13,"no federal EPA civil penalty found under the company's name, former names or 10-K subsidiaries with a settlement in 2021-2025 (ECHO file retrieved 2026-09-13)"
MSI,2020,0.0,EPA ECHO ICIS-FE&C civil enforcement cases,https://echo.epa.gov/facilities/enforcement-case-search,2026-09-13,"no federal EPA civil penalty found under the company's name, former names or 10-K subsidiaries with a settlement in 2016-2020 (ECHO file retrieved 2026-09-13)"
MSI,2021,0.0,EPA ECHO ICIS-FE&C civil enforcement cases,https://echo.epa.gov/facilities/enforcement-case-search,2026-09-13,"no federal EPA civil penalty found under the company's name, former names or 10-K subsidiaries with a settlement in 2017-2021 (ECHO file retrieved 2026-09-13)"
MSI,2022,0.0,EPA ECHO ICIS-FE&C civil enforcement cases,https://echo.epa.gov/facilities/enforcement-case-search,2026-09-13,"no federal EPA civil penalty found under the company's name, former names or 10-K subsidiaries with a settlement in 2018-2022 (ECHO file retrieved 2026-09-13)"
MSI,2023,0.0,EPA ECHO ICIS-FE&C civil enforcement cases,https://echo.epa.gov/facilities/enforcement-case-search,2026-09-13,"no federal EPA civil penalty found under the company's name, former names or 10-K subsidiaries with a settlement in 2019-2023 (ECHO file retrieved 2026-09-13)"
MSI,2024,0.0,EPA ECHO ICIS-FE&C civil enforcement cases,https://echo.epa.gov/facilities/enforcement-case-search,2026-09-13,"no federal EPA civil penalty found under the company's name, former names or 10-K subsidiaries with a settlement in 2020-2024 (ECHO file retrieved 2026-09-13)"
MSI,2025,0.0,EPA ECHO ICIS-FE&C civil enforcement cases,https://echo.epa.gov/facilities/enforcement-case-search,2026-09-13,"no federal EPA civil penalty found under the company's name, former names or 10-K subsidiaries with a settlement in 2021-2025 (ECHO file retrieved 2026-09-13)"
MTB,2020,0.0,EPA ECHO ICIS-FE&C civil enforcement cases,https://echo.epa.gov/facilities/enforcement-case-search,2026-09-13,"no federal EPA civil penalty found under the company's name, former names or 10-K subsidiaries with a settlement in 2016-2020 (ECHO file retrieved 2026-09-13)"
MTB,2021,0.0,EPA ECHO ICIS-FE&C civil enforcement cases,https://echo.epa.gov/facilities/enforcement-case-search,2026-09-13,"no federal EPA civil penalty found under the company's name, former names or 10-K subsidiaries with a settlement in 2017-2021 (ECHO file retrieved 2026-09-13)"
MTB,2022,0.0,EPA ECHO ICIS-FE&C civil enforcement cases,https://echo.epa.gov/facilities/enforcement-case-search,2026-09-13,"no federal EPA civil penalty found under the company's name, former names or 10-K subsidiaries with a settlement in 2018-2022 (ECHO file retrieved 2026-09-13)"
MTB,2023,0.0,EPA ECHO ICIS-FE&C civil enforcement cases,https://echo.epa.gov/facilities/enforcement-case-search,2026-09-13,"no federal EPA civil penalty found under the company's name, former names or 10-K subsidiaries with a settlement in 2019-2023 (ECHO file retrieved 2026-09-13)"
MTB,2024,0.0,EPA ECHO ICIS-FE&C civil enforcement cases,https://echo.epa.gov/facilities/enforcement-case-search,2026-09-13,"no federal EPA civil penalty found under the company's name, former names or 10-K subsidiaries with a settlement in 2020-2024 (ECHO file retrieved 2026-09-13)"
MTB,2025,0.0,EPA ECHO ICIS-FE&C civil enforcement cases,https://echo.epa.gov/facilities/enforcement-case-search,2026-09-13,"no federal EPA civil penalty found under the company's name, former names or 10-K subsidiaries with a settlement in 2021-2025 (ECHO file retrieved 2026-09-13)"
MTD,2020,0.0,EPA ECHO ICIS-FE&C civil enforcement cases,https://echo.epa.gov/facilities/enforcement-case-search,2026-09-13,"no federal EPA civil penalty found under the company's name, former names or 10-K subsidiaries with a settlement in 2016-2020 (ECHO file retrieved 2026-09-13)"
MTD,2021,0.0,EPA ECHO ICIS-FE&C civil enforcement cases,https://echo.epa.gov/facilities/enforcement-case-search,2026-09-13,"no federal EPA civil penalty found under the company's name, former names or 10-K subsidiaries with a settlement in 2017-2021 (ECHO file retrieved 2026-09-13)"
MTD,2022,0.0,EPA ECHO ICIS-FE&C civil enforcement cases,https://echo.epa.gov/facilities/enforcement-case-search,2026-09-13,"no federal EPA civil penalty found under the company's name, former names or 10-K subsidiaries with a settlement in 2018-2022 (ECHO file retrieved 2026-09-13)"
MTD,2023,0.0,EPA ECHO ICIS-FE&C civil enforcement cases,https://echo.epa.gov/facilities/enforcement-case-search,2026-09-13,"no federal EPA civil penalty found under the company's name, former names or 10-K subsidiaries with a settlement in 2019-2023 (ECHO file retrieved 2026-09-13)"
MTD,2024,0.0,EPA ECHO ICIS-FE&C civil enforcement cases,https://echo.epa.gov/facilities/enforcement-case-search,2026-09-13,"no federal EPA civil penalty found under the company's name, former names or 10-K subsidiaries with a settlement in 2020-2024 (ECHO file retrieved 2026-09-13)"
MTD,2025,0.0,EPA ECHO ICIS-FE&C civil enforcement cases,https://echo.epa.gov/facilities/enforcement-case-search,2026-09-13,"no federal EPA civil penalty found under the company's name, former names or 10-K subsidiaries with a settlement in 2021-2025 (ECHO file retrieved 2026-09-13)"
MU,2020,0.0,EPA ECHO ICIS-FE&C civil enforcement cases,https://echo.epa.gov/facilities/enforcement-case-search,2026-09-13,"no federal EPA civil penalty found under the company's name, former names or 10-K subsidiaries with a settlement in 2016-2020 (ECHO file retrieved 2026-09-13)"
MU,2021,0.0,EPA ECHO ICIS-FE&C civil enforcement cases,https://echo.epa.gov/facilities/enforcement-case-search,2026-09-13,"no federal EPA civil penalty found under the company's name, former names or 10-K subsidiaries with a settlement in 2017-2021 (ECHO file retrieved 2026-09-13)"
MU,2022,0.0,EPA ECHO ICIS-FE&C civil enforcement cases,https://echo.epa.gov/facilities/enforcement-case-search,2026-09-13,"no federal EPA civil penalty found under the company's name, former names or 10-K subsidiaries with a settlement in 2018-2022 (ECHO file retrieved 2026-09-13)"
MU,2023,0.0,EPA ECHO ICIS-FE&C civil enforcement cases,https://echo.epa.gov/facilities/enforcement-case-search,2026-09-13,"no federal EPA civil penalty found under the company's name, former names or 10-K subsidiaries with a settlement in 2019-2023 (ECHO file retrieved 2026-09-13)"
MU,2024,0.0,EPA ECHO ICIS-FE&C civil enforcement cases,https://echo.epa.gov/facilities/enforcement-case-search,2026-09-13,"no federal EPA civil penalty found under the company's name, former names or 10-K subsidiaries with a settlement in 2020-2024 (ECHO file retrieved 2026-09-13)"
MU,2025,0.0,EPA ECHO ICIS-FE&C civil enforcement cases,https://echo.epa.gov/facilities/enforcement-case-search,2026-09-13,"no federal EPA civil penalty found under the company's name, former names or 10-K subsidiaries with a settlement in 2021-2025 (ECHO file retrieved 2026-09-13)"
NCLH,2020,0.0,EPA ECHO ICIS-FE&C civil enforcement cases,https://echo.epa.gov/facilities/enforcement-case-search,2026-09-13,"no federal EPA civil penalty found under the company's name, former names or 10-K subsidiaries with a settlement in 2016-2020 (ECHO file retrieved 2026-09-13)"
NCLH,2021,0.0,EPA ECHO ICIS-FE&C civil enforcement cases,https://echo.epa.gov/facilities/enforcement-case-search,2026-09-13,"no federal EPA civil penalty found under the company's name, former names or 10-K subsidiaries with a settlement in 2017-2021 (ECHO file retrieved 2026-09-13)"
NCLH,2022,0.0,EPA ECHO ICIS-FE&C civil enforcement cases,https://echo.epa.gov/facilities/enforcement-case-search,2026-09-13,"no federal EPA civil penalty found under the company's name, former names or 10-K subsidiaries with a settlement in 2018-2022 (ECHO file retrieved 2026-09-13)"
NCLH,2023,0.0,EPA ECHO ICIS-FE&C civil enforcement cases,https://echo.epa.gov/facilities/enforcement-case-search,2026-09-13,"no federal EPA civil penalty found under the company's name, former names or 10-K subsidiaries with a settlement in 2019-2023 (ECHO file retrieved 2026-09-13)"
NCLH,2024,0.0,EPA ECHO ICIS-FE&C civil enforcement cases,https://echo.epa.gov/facilities/enforcement-case-search,2026-09-13,"no federal EPA civil penalty found under the company's name, former names or 10-K subsidiaries with a settlement in 2020-2024 (ECHO file retrieved 2026-09-13)"
NCLH,2025,37482.48,EPA ECHO ICIS-FE&C civil enforcement cases,https://echo.epa.gov/enforcement-case-report?id=06-2025-0967,2026-09-13,"1 case(s), $250,000 in 2021-2025 over mean revenue $6.7bn; largest: case 06-2025-0967 (2025), defendant 'Norwegian Cruise Line Ltd', $250,000"
NDAQ,2020,0.0,EPA ECHO ICIS-FE&C civil enforcement cases,https://echo.epa.gov/facilities/enforcement-case-search,2026-09-13,"no federal EPA civil penalty found under the company's name, former names or 10-K subsidiaries with a settlement in 2016-2020 (ECHO file retrieved 2026-09-13)"
NDAQ,2021,0.0,EPA ECHO ICIS-FE&C civil enforcement cases,https://echo.epa.gov/facilities/enforcement-case-search,2026-09-13,"no federal EPA civil penalty found under the company's name, former names or 10-K subsidiaries with a settlement in 2017-2021 (ECHO file retrieved 2026-09-13)"
NDAQ,2022,0.0,EPA ECHO ICIS-FE&C civil enforcement cases,https://echo.epa.gov/facilities/enforcement-case-search,2026-09-13,"no federal EPA civil penalty found under the company's name, former names or 10-K subsidiaries with a settlement in 2018-2022 (ECHO file retrieved 2026-09-13)"
NDAQ,2023,0.0,EPA ECHO ICIS-FE&C civil enforcement cases,https://echo.epa.gov/facilities/enforcement-case-search,2026-09-13,"no federal EPA civil penalty found under the company's name, former names or 10-K subsidiaries with a settlement in 2019-2023 (ECHO file retrieved 2026-09-13)"
NDAQ,2024,0.0,EPA ECHO ICIS-FE&C civil enforcement cases,https://echo.epa.gov/facilities/enforcement-case-search,2026-09-13,"no federal EPA civil penalty found under the company's name, former names or 10-K subsidiaries with a settlement in 2020-2024 (ECHO file retrieved 2026-09-13)"
NDAQ,2025,0.0,EPA ECHO ICIS-FE&C civil enforcement cases,https://echo.epa.gov/facilities/enforcement-case-search,2026-09-13,"no federal EPA civil penalty found under the company's name, former names or 10-K subsidiaries with a settlement in 2021-2025 (ECHO file retrieved 2026-09-13)"
NDSN,2020,0.0,EPA ECHO ICIS-FE&C civil enforcement cases,https://echo.epa.gov/facilities/enforcement-case-search,2026-09-13,"no federal EPA civil penalty found under the company's name, former names or 10-K subsidiaries with a settlement in 2016-2020 (ECHO file retrieved 2026-09-13)"
NDSN,2021,0.0,EPA ECHO ICIS-FE&C civil enforcement cases,https://echo.epa.gov/facilities/enforcement-case-search,2026-09-13,"no federal EPA civil penalty found under the company's name, former names or 10-K subsidiaries with a settlement in 2017-2021 (ECHO file retrieved 2026-09-13)"
NDSN,2022,0.0,EPA ECHO ICIS-FE&C civil enforcement cases,https://echo.epa.gov/facilities/enforcement-case-search,2026-09-13,"no federal EPA civil penalty found under the company's name, former names or 10-K subsidiaries with a settlement in 2018-2022 (ECHO file retrieved 2026-09-13)"
NDSN,2023,0.0,EPA ECHO ICIS-FE&C civil enforcement cases,https://echo.epa.gov/facilities/enforcement-case-search,2026-09-13,"no federal EPA civil penalty found under the company's name, former names or 10-K subsidiaries with a settlement in 2019-2023 (ECHO file retrieved 2026-09-13)"
NDSN,2024,0.0,EPA ECHO ICIS-FE&C civil enforcement cases,https://echo.epa.gov/facilities/enforcement-case-search,2026-09-13,"no federal EPA civil penalty found under the company's name, former names or 10-K subsidiaries with a settlement in 2020-2024 (ECHO file retrieved 2026-09-13)"
NDSN,2025,0.0,EPA ECHO ICIS-FE&C civil enforcement cases,https://echo.epa.gov/facilities/enforcement-case-search,2026-09-13,"no federal EPA civil penalty found under the company's name, former names or 10-K subsidiaries with a settlement in 2021-2025 (ECHO file retrieved 2026-09-13)"
NEE,2020,0.0,EPA ECHO ICIS-FE&C civil enforcement cases,https://echo.epa.gov/facilities/enforcement-case-search,2026-09-13,"no federal EPA civil penalty found under the company's name, former names or 10-K subsidiaries with a settlement in 2016-2020 (ECHO file retrieved 2026-09-13)"
NEE,2021,0.0,EPA ECHO ICIS-FE&C civil enforcement cases,https://echo.epa.gov/facilities/enforcement-case-search,2026-09-13,"no federal EPA civil penalty found under the company's name, former names or 10-K subsidiaries with a settlement in 2017-2021 (ECHO file retrieved 2026-09-13)"
NEE,2022,0.0,EPA ECHO ICIS-FE&C civil enforcement cases,https://echo.epa.gov/facilities/enforcement-case-search,2026-09-13,"no federal EPA civil penalty found under the company's name, former names or 10-K subsidiaries with a settlement in 2018-2022 (ECHO file retrieved 2026-09-13)"
NEE,2023,0.0,EPA ECHO ICIS-FE&C civil enforcement cases,https://echo.epa.gov/facilities/enforcement-case-search,2026-09-13,"no federal EPA civil penalty found under the company's name, former names or 10-K subsidiaries with a settlement in 2019-2023 (ECHO file retrieved 2026-09-13)"
NEE,2024,0.0,EPA ECHO ICIS-FE&C civil enforcement cases,https://echo.epa.gov/facilities/enforcement-case-search,2026-09-13,"no federal EPA civil penalty found under the company's name, former names or 10-K subsidiaries with a settlement in 2020-2024 (ECHO file retrieved 2026-09-13)"
NEE,2025,0.0,EPA ECHO ICIS-FE&C civil enforcement cases,https://echo.epa.gov/facilities/enforcement-case-search,2026-09-13,"no federal EPA civil penalty found under the company's name, former names or 10-K subsidiaries with a settlement in 2021-2025 (ECHO file retrieved 2026-09-13)"
NEM,2020,0.0,EPA ECHO ICIS-FE&C civil enforcement cases,https://echo.epa.gov/facilities/enforcement-case-search,2026-09-13,"no federal EPA civil penalty found under the company's name, former names or 10-K subsidiaries with a settlement in 2016-2020 (ECHO file retrieved 2026-09-13)"
NEM,2021,0.0,EPA ECHO ICIS-FE&C civil enforcement cases,https://echo.epa.gov/facilities/enforcement-case-search,2026-09-13,"no federal EPA civil penalty found under the company's name, former names or 10-K subsidiaries with a settlement in 2017-2021 (ECHO file retrieved 2026-09-13)"
NEM,2022,0.0,EPA ECHO ICIS-FE&C civil enforcement cases,https://echo.epa.gov/facilities/enforcement-case-search,2026-09-13,"no federal EPA civil penalty found under the company's name, former names or 10-K subsidiaries with a settlement in 2018-2022 (ECHO file retrieved 2026-09-13)"
NEM,2023,0.0,EPA ECHO ICIS-FE&C civil enforcement cases,https://echo.epa.gov/facilities/enforcement-case-search,2026-09-13,"no federal EPA civil penalty found under the company's name, former names or 10-K subsidiaries with a settlement in 2019-2023 (ECHO file retrieved 2026-09-13)"
NEM,2024,0.0,EPA ECHO ICIS-FE&C civil enforcement cases,https://echo.epa.gov/facilities/enforcement-case-search,2026-09-13,"no federal EPA civil penalty found under the company's name, former names or 10-K subsidiaries with a settlement in 2020-2024 (ECHO file retrieved 2026-09-13)"
NEM,2025,0.0,EPA ECHO ICIS-FE&C civil enforcement cases,https://echo.epa.gov/facilities/enforcement-case-search,2026-09-13,"no federal EPA civil penalty found under the company's name, former names or 10-K subsidiaries with a settlement in 2021-2025 (ECHO file retrieved 2026-09-13)"
NFLX,2020,0.0,EPA ECHO ICIS-FE&C civil enforcement cases,https://echo.epa.gov/facilities/enforcement-case-search,2026-09-13,"no federal EPA civil penalty found under the company's name, former names or 10-K subsidiaries with a settlement in 2016-2020 (ECHO file retrieved 2026-09-13)"
NFLX,2021,0.0,EPA ECHO ICIS-FE&C civil enforcement cases,https://echo.epa.gov/facilities/enforcement-case-search,2026-09-13,"no federal EPA civil penalty found under the company's name, former names or 10-K subsidiaries with a settlement in 2017-2021 (ECHO file retrieved 2026-09-13)"
NFLX,2022,0.0,EPA ECHO ICIS-FE&C civil enforcement cases,https://echo.epa.gov/facilities/enforcement-case-search,2026-09-13,"no federal EPA civil penalty found under the company's name, former names or 10-K subsidiaries with a settlement in 2018-2022 (ECHO file retrieved 2026-09-13)"
NFLX,2023,0.0,EPA ECHO ICIS-FE&C civil enforcement cases,https://echo.epa.gov/facilities/enforcement-case-search,2026-09-13,"no federal EPA civil penalty found under the company's name, former names or 10-K subsidiaries with a settlement in 2019-2023 (ECHO file retrieved 2026-09-13)"
NFLX,2024,0.0,EPA ECHO ICIS-FE&C civil enforcement cases,https://echo.epa.gov/facilities/enforcement-case-search,2026-09-13,"no federal EPA civil penalty found under the company's name, former names or 10-K subsidiaries with a settlement in 2020-2024 (ECHO file retrieved 2026-09-13)"
NFLX,2025,0.0,EPA ECHO ICIS-FE&C civil enforcement cases,https://echo.epa.gov/facilities/enforcement-case-search,2026-09-13,"no federal EPA civil penalty found under the company's name, former names or 10-K subsidiaries with a settlement in 2021-2025 (ECHO file retrieved 2026-09-13)"
NI,2020,0.0,EPA ECHO ICIS-FE&C civil enforcement cases,https://echo.epa.gov/facilities/enforcement-case-search,2026-09-13,"no federal EPA civil penalty found under the company's name, former names or 10-K subsidiaries with a settlement in 2016-2020 (ECHO file retrieved 2026-09-13)"
NI,2021,0.0,EPA ECHO ICIS-FE&C civil enforcement cases,https://echo.epa.gov/facilities/enforcement-case-search,2026-09-13,"no federal EPA civil penalty found under the company's name, former names or 10-K subsidiaries with a settlement in 2017-2021 (ECHO file retrieved 2026-09-13)"
NI,2022,0.0,EPA ECHO ICIS-FE&C civil enforcement cases,https://echo.epa.gov/facilities/enforcement-case-search,2026-09-13,"no federal EPA civil penalty found under the company's name, former names or 10-K subsidiaries with a settlement in 2018-2022 (ECHO file retrieved 2026-09-13)"
NI,2023,0.0,EPA ECHO ICIS-FE&C civil enforcement cases,https://echo.epa.gov/facilities/enforcement-case-search,2026-09-13,"no federal EPA civil penalty found under the company's name, former names or 10-K subsidiaries with a settlement in 2019-2023 (ECHO file retrieved 2026-09-13)"
NI,2024,0.0,EPA ECHO ICIS-FE&C civil enforcement cases,https://echo.epa.gov/facilities/enforcement-case-search,2026-09-13,"no federal EPA civil penalty found under the company's name, former names or 10-K subsidiaries with a settlement in 2020-2024 (ECHO file retrieved 2026-09-13)"
NI,2025,0.0,EPA ECHO ICIS-FE&C civil enforcement cases,https://echo.epa.gov/facilities/enforcement-case-search,2026-09-13,"no federal EPA civil penalty found under the company's name, former names or 10-K subsidiaries with a settlement in 2021-2025 (ECHO file retrieved 2026-09-13)"
NKE,2020,0.0,EPA ECHO ICIS-FE&C civil enforcement cases,https://echo.epa.gov/facilities/enforcement-case-search,2026-09-13,"no federal EPA civil penalty found under the company's name, former names or 10-K subsidiaries with a settlement in 2016-2020 (ECHO file retrieved 2026-09-13)"
NKE,2021,0.0,EPA ECHO ICIS-FE&C civil enforcement cases,https://echo.epa.gov/facilities/enforcement-case-search,2026-09-13,"no federal EPA civil penalty found under the company's name, former names or 10-K subsidiaries with a settlement in 2017-2021 (ECHO file retrieved 2026-09-13)"
NKE,2022,0.0,EPA ECHO ICIS-FE&C civil enforcement cases,https://echo.epa.gov/facilities/enforcement-case-search,2026-09-13,"no federal EPA civil penalty found under the company's name, former names or 10-K subsidiaries with a settlement in 2018-2022 (ECHO file retrieved 2026-09-13)"
NKE,2023,0.0,EPA ECHO ICIS-FE&C civil enforcement cases,https://echo.epa.gov/facilities/enforcement-case-search,2026-09-13,"no federal EPA civil penalty found under the company's name, former names or 10-K subsidiaries with a settlement in 2019-2023 (ECHO file retrieved 2026-09-13)"
NKE,2024,0.0,EPA ECHO ICIS-FE&C civil enforcement cases,https://echo.epa.gov/facilities/enforcement-case-search,2026-09-13,"no federal EPA civil penalty found under the company's name, former names or 10-K subsidiaries with a settlement in 2020-2024 (ECHO file retrieved 2026-09-13)"
NKE,2025,0.0,EPA ECHO ICIS-FE&C civil enforcement cases,https://echo.epa.gov/facilities/enforcement-case-search,2026-09-13,"no federal EPA civil penalty found under the company's name, former names or 10-K subsidiaries with a settlement in 2021-2025 (ECHO file retrieved 2026-09-13)"
NOC,2020,0.0,EPA ECHO ICIS-FE&C civil enforcement cases,https://echo.epa.gov/facilities/enforcement-case-search,2026-09-13,"no federal EPA civil penalty found under the company's name, former names or 10-K subsidiaries with a settlement in 2016-2020 (ECHO file retrieved 2026-09-13)"
NOC,2021,0.0,EPA ECHO ICIS-FE&C civil enforcement cases,https://echo.epa.gov/facilities/enforcement-case-search,2026-09-13,"no federal EPA civil penalty found under the company's name, former names or 10-K subsidiaries with a settlement in 2017-2021 (ECHO file retrieved 2026-09-13)"
NOC,2022,0.0,EPA ECHO ICIS-FE&C civil enforcement cases,https://echo.epa.gov/facilities/enforcement-case-search,2026-09-13,"no federal EPA civil penalty found under the company's name, former names or 10-K subsidiaries with a settlement in 2018-2022 (ECHO file retrieved 2026-09-13)"
NOC,2023,0.0,EPA ECHO ICIS-FE&C civil enforcement cases,https://echo.epa.gov/facilities/enforcement-case-search,2026-09-13,"no federal EPA civil penalty found under the company's name, former names or 10-K subsidiaries with a settlement in 2019-2023 (ECHO file retrieved 2026-09-13)"
NOC,2024,0.0,EPA ECHO ICIS-FE&C civil enforcement cases,https://echo.epa.gov/facilities/enforcement-case-search,2026-09-13,"no federal EPA civil penalty found under the company's name, former names or 10-K subsidiaries with a settlement in 2020-2024 (ECHO file retrieved 2026-09-13)"
NOC,2025,0.0,EPA ECHO ICIS-FE&C civil enforcement cases,https://echo.epa.gov/facilities/enforcement-case-search,2026-09-13,"no federal EPA civil penalty found under the company's name, former names or 10-K subsidiaries with a settlement in 2021-2025 (ECHO file retrieved 2026-09-13)"
NOW,2020,0.0,EPA ECHO ICIS-FE&C civil enforcement cases,https://echo.epa.gov/facilities/enforcement-case-search,2026-09-13,"no federal EPA civil penalty found under the company's name, former names or 10-K subsidiaries with a settlement in 2016-2020 (ECHO file retrieved 2026-09-13)"
NOW,2021,0.0,EPA ECHO ICIS-FE&C civil enforcement cases,https://echo.epa.gov/facilities/enforcement-case-search,2026-09-13,"no federal EPA civil penalty found under the company's name, former names or 10-K subsidiaries with a settlement in 2017-2021 (ECHO file retrieved 2026-09-13)"
NOW,2022,0.0,EPA ECHO ICIS-FE&C civil enforcement cases,https://echo.epa.gov/facilities/enforcement-case-search,2026-09-13,"no federal EPA civil penalty found under the company's name, former names or 10-K subsidiaries with a settlement in 2018-2022 (ECHO file retrieved 2026-09-13)"
NOW,2023,0.0,EPA ECHO ICIS-FE&C civil enforcement cases,https://echo.epa.gov/facilities/enforcement-case-search,2026-09-13,"no federal EPA civil penalty found under the company's name, former names or 10-K subsidiaries with a settlement in 2019-2023 (ECHO file retrieved 2026-09-13)"
NOW,2024,0.0,EPA ECHO ICIS-FE&C civil enforcement cases,https://echo.epa.gov/facilities/enforcement-case-search,2026-09-13,"no federal EPA civil penalty found under the company's name, former names or 10-K subsidiaries with a settlement in 2020-2024 (ECHO file retrieved 2026-09-13)"
NOW,2025,0.0,EPA ECHO ICIS-FE&C civil enforcement cases,https://echo.epa.gov/facilities/enforcement-case-search,2026-09-13,"no federal EPA civil penalty found under the company's name, former names or 10-K subsidiaries with a settlement in 2021-2025 (ECHO file retrieved 2026-09-13)"
NRG,2020,0.0,EPA ECHO ICIS-FE&C civil enforcement cases,https://echo.epa.gov/facilities/enforcement-case-search,2026-09-13,"no federal EPA civil penalty found under the company's name, former names or 10-K subsidiaries with a settlement in 2016-2020 (ECHO file retrieved 2026-09-13)"
NRG,2021,0.0,EPA ECHO ICIS-FE&C civil enforcement cases,https://echo.epa.gov/facilities/enforcement-case-search,2026-09-13,"no federal EPA civil penalty found under the company's name, former names or 10-K subsidiaries with a settlement in 2017-2021 (ECHO file retrieved 2026-09-13)"
NRG,2022,0.0,EPA ECHO ICIS-FE&C civil enforcement cases,https://echo.epa.gov/facilities/enforcement-case-search,2026-09-13,"no federal EPA civil penalty found under the company's name, former names or 10-K subsidiaries with a settlement in 2018-2022 (ECHO file retrieved 2026-09-13)"
NRG,2023,0.0,EPA ECHO ICIS-FE&C civil enforcement cases,https://echo.epa.gov/facilities/enforcement-case-search,2026-09-13,"no federal EPA civil penalty found under the company's name, former names or 10-K subsidiaries with a settlement in 2019-2023 (ECHO file retrieved 2026-09-13)"
NRG,2024,0.0,EPA ECHO ICIS-FE&C civil enforcement cases,https://echo.epa.gov/facilities/enforcement-case-search,2026-09-13,"no federal EPA civil penalty found under the company's name, former names or 10-K subsidiaries with a settlement in 2020-2024 (ECHO file retrieved 2026-09-13)"
NRG,2025,0.0,EPA ECHO ICIS-FE&C civil enforcement cases,https://echo.epa.gov/facilities/enforcement-case-search,2026-09-13,"no federal EPA civil penalty found under the company's name, former names or 10-K subsidiaries with a settlement in 2021-2025 (ECHO file retrieved 2026-09-13)"
NSC,2020,871.29,EPA ECHO ICIS-FE&C civil enforcement cases,https://echo.epa.gov/enforcement-case-report?id=04-2016-5001,2026-09-13,"3 case(s), $9,233 in 2016-2020 over mean revenue $10.6bn; largest: case 04-2016-5001 (2016), defendant 'NORFOLK SOUTHERN RAILWAY CORPORATION', $4,500"
NSC,2021,0.0,EPA ECHO ICIS-FE&C civil enforcement cases,https://echo.epa.gov/facilities/enforcement-case-search,2026-09-13,"no federal EPA civil penalty found under the company's name, former names or 10-K subsidiaries with a settlement in 2017-2021 (ECHO file retrieved 2026-09-13)"
NSC,2022,0.0,EPA ECHO ICIS-FE&C civil enforcement cases,https://echo.epa.gov/facilities/enforcement-case-search,2026-09-13,"no federal EPA civil penalty found under the company's name, former names or 10-K subsidiaries with a settlement in 2018-2022 (ECHO file retrieved 2026-09-13)"
NSC,2023,6795.27,EPA ECHO ICIS-FE&C civil enforcement cases,https://echo.epa.gov/enforcement-case-report?id=04-2022-0404,2026-09-13,"1 case(s), $77,640 in 2019-2023 over mean revenue $11.4bn; largest: case 04-2022-0404 (2023), defendant 'Norfolk Southern Railway Company', $77,640"
NSC,2024,6698.3,EPA ECHO ICIS-FE&C civil enforcement cases,https://echo.epa.gov/enforcement-case-report?id=04-2022-0404,2026-09-13,"1 case(s), $77,640 in 2020-2024 over mean revenue $11.6bn; largest: case 04-2022-0404 (2023), defendant 'Norfolk Southern Railway Company', $77,640"
NSC,2025,31206.71,EPA ECHO ICIS-FE&C civil enforcement cases,https://echo.epa.gov/enforcement-case-report?id=03-2025-0062,2026-09-13,"2 case(s), $376,640 in 2021-2025 over mean revenue $12.1bn; largest: case 03-2025-0062 (2025), defendant 'NORFOLK SOUTHERN RAILWAY COMPANY', $299,000"
NTAP,2020,0.0,EPA ECHO ICIS-FE&C civil enforcement cases,https://echo.epa.gov/facilities/enforcement-case-search,2026-09-13,"no federal EPA civil penalty found under the company's name, former names or 10-K subsidiaries with a settlement in 2016-2020 (ECHO file retrieved 2026-09-13)"
NTAP,2021,0.0,EPA ECHO ICIS-FE&C civil enforcement cases,https://echo.epa.gov/facilities/enforcement-case-search,2026-09-13,"no federal EPA civil penalty found under the company's name, former names or 10-K subsidiaries with a settlement in 2017-2021 (ECHO file retrieved 2026-09-13)"
NTAP,2022,0.0,EPA ECHO ICIS-FE&C civil enforcement cases,https://echo.epa.gov/facilities/enforcement-case-search,2026-09-13,"no federal EPA civil penalty found under the company's name, former names or 10-K subsidiaries with a settlement in 2018-2022 (ECHO file retrieved 2026-09-13)"
NTAP,2023,0.0,EPA ECHO ICIS-FE&C civil enforcement cases,https://echo.epa.gov/facilities/enforcement-case-search,2026-09-13,"no federal EPA civil penalty found under the company's name, former names or 10-K subsidiaries with a settlement in 2019-2023 (ECHO file retrieved 2026-09-13)"
NTAP,2024,0.0,EPA ECHO ICIS-FE&C civil enforcement cases,https://echo.epa.gov/facilities/enforcement-case-search,2026-09-13,"no federal EPA civil penalty found under the company's name, former names or 10-K subsidiaries with a settlement in 2020-2024 (ECHO file retrieved 2026-09-13)"
NTAP,2025,0.0,EPA ECHO ICIS-FE&C civil enforcement cases,https://echo.epa.gov/facilities/enforcement-case-search,2026-09-13,"no federal EPA civil penalty found under the company's name, former names or 10-K subsidiaries with a settlement in 2021-2025 (ECHO file retrieved 2026-09-13)"
NTRS,2020,0.0,EPA ECHO ICIS-FE&C civil enforcement cases,https://echo.epa.gov/facilities/enforcement-case-search,2026-09-13,"no federal EPA civil penalty found under the company's name, former names or 10-K subsidiaries with a settlement in 2016-2020 (ECHO file retrieved 2026-09-13)"
NTRS,2021,0.0,EPA ECHO ICIS-FE&C civil enforcement cases,https://echo.epa.gov/facilities/enforcement-case-search,2026-09-13,"no federal EPA civil penalty found under the company's name, former names or 10-K subsidiaries with a settlement in 2017-2021 (ECHO file retrieved 2026-09-13)"
NTRS,2022,0.0,EPA ECHO ICIS-FE&C civil enforcement cases,https://echo.epa.gov/facilities/enforcement-case-search,2026-09-13,"no federal EPA civil penalty found under the company's name, former names or 10-K subsidiaries with a settlement in 2018-2022 (ECHO file retrieved 2026-09-13)"
NTRS,2023,0.0,EPA ECHO ICIS-FE&C civil enforcement cases,https://echo.epa.gov/facilities/enforcement-case-search,2026-09-13,"no federal EPA civil penalty found under the company's name, former names or 10-K subsidiaries with a settlement in 2019-2023 (ECHO file retrieved 2026-09-13)"
NTRS,2024,0.0,EPA ECHO ICIS-FE&C civil enforcement cases,https://echo.epa.gov/facilities/enforcement-case-search,2026-09-13,"no federal EPA civil penalty found under the company's name, former names or 10-K subsidiaries with a settlement in 2020-2024 (ECHO file retrieved 2026-09-13)"
NTRS,2025,0.0,EPA ECHO ICIS-FE&C civil enforcement cases,https://echo.epa.gov/facilities/enforcement-case-search,2026-09-13,"no federal EPA civil penalty found under the company's name, former names or 10-K subsidiaries with a settlement in 2021-2025 (ECHO file retrieved 2026-09-13)"
NUE,2020,339.67,EPA ECHO ICIS-FE&C civil enforcement cases,https://echo.epa.gov/enforcement-case-report?id=02-2018-4203,2026-09-13,"2 case(s), $7,083 in 2016-2020 over mean revenue $20.9bn; largest: case 02-2018-4203 (2018), defendant 'Vulcraft of New York, Inc.', $6,850"
NUE,2021,275.03,EPA ECHO ICIS-FE&C civil enforcement cases,https://echo.epa.gov/enforcement-case-report?id=02-2018-4203,2026-09-13,"1 case(s), $6,850 in 2017-2021 over mean revenue $24.9bn; largest: case 02-2018-4203 (2018), defendant 'Vulcraft of New York, Inc.', $6,850"
NUE,2022,234.92,EPA ECHO ICIS-FE&C civil enforcement cases,https://echo.epa.gov/enforcement-case-report?id=02-2018-4203,2026-09-13,"1 case(s), $6,850 in 2018-2022 over mean revenue $29.2bn; largest: case 02-2018-4203 (2018), defendant 'Vulcraft of New York, Inc.', $6,850"
NUE,2023,0.0,EPA ECHO ICIS-FE&C civil enforcement cases,https://echo.epa.gov/facilities/enforcement-case-search,2026-09-13,"no federal EPA civil penalty found under the company's name, former names or 10-K subsidiaries with a settlement in 2019-2023 (ECHO file retrieved 2026-09-13)"
NUE,2024,0.0,EPA ECHO ICIS-FE&C civil enforcement cases,https://echo.epa.gov/facilities/enforcement-case-search,2026-09-13,"no federal EPA civil penalty found under the company's name, former names or 10-K subsidiaries with a settlement in 2020-2024 (ECHO file retrieved 2026-09-13)"
NUE,2025,0.0,EPA ECHO ICIS-FE&C civil enforcement cases,https://echo.epa.gov/facilities/enforcement-case-search,2026-09-13,"no federal EPA civil penalty found under the company's name, former names or 10-K subsidiaries with a settlement in 2021-2025 (ECHO file retrieved 2026-09-13)"
NVDA,2020,0.0,EPA ECHO ICIS-FE&C civil enforcement cases,https://echo.epa.gov/facilities/enforcement-case-search,2026-09-13,"no federal EPA civil penalty found under the company's name, former names or 10-K subsidiaries with a settlement in 2016-2020 (ECHO file retrieved 2026-09-13)"
NVDA,2021,0.0,EPA ECHO ICIS-FE&C civil enforcement cases,https://echo.epa.gov/facilities/enforcement-case-search,2026-09-13,"no federal EPA civil penalty found under the company's name, former names or 10-K subsidiaries with a settlement in 2017-2021 (ECHO file retrieved 2026-09-13)"
NVDA,2022,0.0,EPA ECHO ICIS-FE&C civil enforcement cases,https://echo.epa.gov/facilities/enforcement-case-search,2026-09-13,"no federal EPA civil penalty found under the company's name, former names or 10-K subsidiaries with a settlement in 2018-2022 (ECHO file retrieved 2026-09-13)"
NVDA,2023,0.0,EPA ECHO ICIS-FE&C civil enforcement cases,https://echo.epa.gov/facilities/enforcement-case-search,2026-09-13,"no federal EPA civil penalty found under the company's name, former names or 10-K subsidiaries with a settlement in 2019-2023 (ECHO file retrieved 2026-09-13)"
NVDA,2024,0.0,EPA ECHO ICIS-FE&C civil enforcement cases,https://echo.epa.gov/facilities/enforcement-case-search,2026-09-13,"no federal EPA civil penalty found under the company's name, former names or 10-K subsidiaries with a settlement in 2020-2024 (ECHO file retrieved 2026-09-13)"
NVDA,2025,0.0,EPA ECHO ICIS-FE&C civil enforcement cases,https://echo.epa.gov/facilities/enforcement-case-search,2026-09-13,"no federal EPA civil penalty found under the company's name, former names or 10-K subsidiaries with a settlement in 2021-2025 (ECHO file retrieved 2026-09-13)"
NVR,2020,0.0,EPA ECHO ICIS-FE&C civil enforcement cases,https://echo.epa.gov/facilities/enforcement-case-search,2026-09-13,"no federal EPA civil penalty found under the company's name, former names or 10-K subsidiaries with a settlement in 2016-2020 (ECHO file retrieved 2026-09-13)"
NVR,2021,0.0,EPA ECHO ICIS-FE&C civil enforcement cases,https://echo.epa.gov/facilities/enforcement-case-search,2026-09-13,"no federal EPA civil penalty found under the company's name, former names or 10-K subsidiaries with a settlement in 2017-2021 (ECHO file retrieved 2026-09-13)"
NVR,2022,0.0,EPA ECHO ICIS-FE&C civil enforcement cases,https://echo.epa.gov/facilities/enforcement-case-search,2026-09-13,"no federal EPA civil penalty found under the company's name, former names or 10-K subsidiaries with a settlement in 2018-2022 (ECHO file retrieved 2026-09-13)"
NVR,2023,0.0,EPA ECHO ICIS-FE&C civil enforcement cases,https://echo.epa.gov/facilities/enforcement-case-search,2026-09-13,"no federal EPA civil penalty found under the company's name, former names or 10-K subsidiaries with a settlement in 2019-2023 (ECHO file retrieved 2026-09-13)"
NVR,2024,0.0,EPA ECHO ICIS-FE&C civil enforcement cases,https://echo.epa.gov/facilities/enforcement-case-search,2026-09-13,"no federal EPA civil penalty found under the company's name, former names or 10-K subsidiaries with a settlement in 2020-2024 (ECHO file retrieved 2026-09-13)"
NVR,2025,0.0,EPA ECHO ICIS-FE&C civil enforcement cases,https://echo.epa.gov/facilities/enforcement-case-search,2026-09-13,"no federal EPA civil penalty found under the company's name, former names or 10-K subsidiaries with a settlement in 2021-2025 (ECHO file retrieved 2026-09-13)"
NWS,2020,2810.81,EPA ECHO ICIS-FE&C civil enforcement cases,https://echo.epa.gov/enforcement-case-report?id=03-2009-7004,2026-09-13,"1 case(s), $25,037 in 2016-2020 over mean revenue $8.9bn; largest: case 03-2009-7004 (2019), defendant 'NEWS CORPORATION AUSTRALIA LIMITED', $25,037"
NWS,2021,2745.11,EPA ECHO ICIS-FE&C civil enforcement cases,https://echo.epa.gov/enforcement-case-report?id=03-2009-7004,2026-09-13,"1 case(s), $25,037 in 2017-2021 over mean revenue $9.1bn; largest: case 03-2009-7004 (2019), defendant 'NEWS CORPORATION AUSTRALIA LIMITED', $25,037"
NWS,2022,2727.29,EPA ECHO ICIS-FE&C civil enforcement cases,https://echo.epa.gov/enforcement-case-report?id=03-2009-7004,2026-09-13,"1 case(s), $25,037 in 2018-2022 over mean revenue $9.2bn; largest: case 03-2009-7004 (2019), defendant 'NEWS CORPORATION AUSTRALIA LIMITED', $25,037"
NWS,2023,2788.77,EPA ECHO ICIS-FE&C civil enforcement cases,https://echo.epa.gov/enforcement-case-report?id=03-2009-7004,2026-09-13,"1 case(s), $25,037 in 2019-2023 over mean revenue $9.0bn; largest: case 03-2009-7004 (2019), defendant 'NEWS CORPORATION AUSTRALIA LIMITED', $25,037"
NWS,2024,0.0,EPA ECHO ICIS-FE&C civil enforcement cases,https://echo.epa.gov/facilities/enforcement-case-search,2026-09-13,"no federal EPA civil penalty found under the company's name, former names or 10-K subsidiaries with a settlement in 2020-2024 (ECHO file retrieved 2026-09-13)"
NWS,2025,0.0,EPA ECHO ICIS-FE&C civil enforcement cases,https://echo.epa.gov/facilities/enforcement-case-search,2026-09-13,"no federal EPA civil penalty found under the company's name, former names or 10-K subsidiaries with a settlement in 2021-2025 (ECHO file retrieved 2026-09-13)"
NWSA,2020,2810.81,EPA ECHO ICIS-FE&C civil enforcement cases,https://echo.epa.gov/enforcement-case-report?id=03-2009-7004,2026-09-13,"1 case(s), $25,037 in 2016-2020 over mean revenue $8.9bn; largest: case 03-2009-7004 (2019), defendant 'NEWS CORPORATION AUSTRALIA LIMITED', $25,037"
NWSA,2021,2745.11,EPA ECHO ICIS-FE&C civil enforcement cases,https://echo.epa.gov/enforcement-case-report?id=03-2009-7004,2026-09-13,"1 case(s), $25,037 in 2017-2021 over mean revenue $9.1bn; largest: case 03-2009-7004 (2019), defendant 'NEWS CORPORATION AUSTRALIA LIMITED', $25,037"
NWSA,2022,2727.29,EPA ECHO ICIS-FE&C civil enforcement cases,https://echo.epa.gov/enforcement-case-report?id=03-2009-7004,2026-09-13,"1 case(s), $25,037 in 2018-2022 over mean revenue $9.2bn; largest: case 03-2009-7004 (2019), defendant 'NEWS CORPORATION AUSTRALIA LIMITED', $25,037"
NWSA,2023,2788.77,EPA ECHO ICIS-FE&C civil enforcement cases,https://echo.epa.gov/enforcement-case-report?id=03-2009-7004,2026-09-13,"1 case(s), $25,037 in 2019-2023 over mean revenue $9.0bn; largest: case 03-2009-7004 (2019), defendant 'NEWS CORPORATION AUSTRALIA LIMITED', $25,037"
NWSA,2024,0.0,EPA ECHO ICIS-FE&C civil enforcement cases,https://echo.epa.gov/facilities/enforcement-case-search,2026-09-13,"no federal EPA civil penalty found under the company's name, former names or 10-K subsidiaries with a settlement in 2020-2024 (ECHO file retrieved 2026-09-13)"
NWSA,2025,0.0,EPA ECHO ICIS-FE&C civil enforcement cases,https://echo.epa.gov/facilities/enforcement-case-search,2026-09-13,"no federal EPA civil penalty found under the company's name, former names or 10-K subsidiaries with a settlement in 2021-2025 (ECHO file retrieved 2026-09-13)"
NXPI,2020,0.0,EPA ECHO ICIS-FE&C civil enforcement cases,https://echo.epa.gov/facilities/enforcement-case-search,2026-09-13,"no federal EPA civil penalty found under the company's name, former names or 10-K subsidiaries with a settlement in 2016-2020 (ECHO file retrieved 2026-09-13)"
NXPI,2021,0.0,EPA ECHO ICIS-FE&C civil enforcement cases,https://echo.epa.gov/facilities/enforcement-case-search,2026-09-13,"no federal EPA civil penalty found under the company's name, former names or 10-K subsidiaries with a settlement in 2017-2021 (ECHO file retrieved 2026-09-13)"
NXPI,2022,0.0,EPA ECHO ICIS-FE&C civil enforcement cases,https://echo.epa.gov/facilities/enforcement-case-search,2026-09-13,"no federal EPA civil penalty found under the company's name, former names or 10-K subsidiaries with a settlement in 2018-2022 (ECHO file retrieved 2026-09-13)"
NXPI,2023,0.0,EPA ECHO ICIS-FE&C civil enforcement cases,https://echo.epa.gov/facilities/enforcement-case-search,2026-09-13,"no federal EPA civil penalty found under the company's name, former names or 10-K subsidiaries with a settlement in 2019-2023 (ECHO file retrieved 2026-09-13)"
NXPI,2024,0.0,EPA ECHO ICIS-FE&C civil enforcement cases,https://echo.epa.gov/facilities/enforcement-case-search,2026-09-13,"no federal EPA civil penalty found under the company's name, former names or 10-K subsidiaries with a settlement in 2020-2024 (ECHO file retrieved 2026-09-13)"
NXPI,2025,0.0,EPA ECHO ICIS-FE&C civil enforcement cases,https://echo.epa.gov/facilities/enforcement-case-search,2026-09-13,"no federal EPA civil penalty found under the company's name, former names or 10-K subsidiaries with a settlement in 2021-2025 (ECHO file retrieved 2026-09-13)"
O,2020,0.0,EPA ECHO ICIS-FE&C civil enforcement cases,https://echo.epa.gov/facilities/enforcement-case-search,2026-09-13,"no federal EPA civil penalty found under the company's name, former names or 10-K subsidiaries with a settlement in 2016-2020 (ECHO file retrieved 2026-09-13)"
O,2021,0.0,EPA ECHO ICIS-FE&C civil enforcement cases,https://echo.epa.gov/facilities/enforcement-case-search,2026-09-13,"no federal EPA civil penalty found under the company's name, former names or 10-K subsidiaries with a settlement in 2017-2021 (ECHO file retrieved 2026-09-13)"
O,2022,0.0,EPA ECHO ICIS-FE&C civil enforcement cases,https://echo.epa.gov/facilities/enforcement-case-search,2026-09-13,"no federal EPA civil penalty found under the company's name, former names or 10-K subsidiaries with a settlement in 2018-2022 (ECHO file retrieved 2026-09-13)"
O,2023,0.0,EPA ECHO ICIS-FE&C civil enforcement cases,https://echo.epa.gov/facilities/enforcement-case-search,2026-09-13,"no federal EPA civil penalty found under the company's name, former names or 10-K subsidiaries with a settlement in 2019-2023 (ECHO file retrieved 2026-09-13)"
O,2024,0.0,EPA ECHO ICIS-FE&C civil enforcement cases,https://echo.epa.gov/facilities/enforcement-case-search,2026-09-13,"no federal EPA civil penalty found under the company's name, former names or 10-K subsidiaries with a settlement in 2020-2024 (ECHO file retrieved 2026-09-13)"
O,2025,0.0,EPA ECHO ICIS-FE&C civil enforcement cases,https://echo.epa.gov/facilities/enforcement-case-search,2026-09-13,"no federal EPA civil penalty found under the company's name, former names or 10-K subsidiaries with a settlement in 2021-2025 (ECHO file retrieved 2026-09-13)"
ODFL,2020,27001.39,EPA ECHO ICIS-FE&C civil enforcement cases,https://echo.epa.gov/enforcement-case-report?id=09-2018-0501,2026-09-13,"1 case(s), $100,000 in 2016-2020 over mean revenue $3.7bn; largest: case 09-2018-0501 (2018), defendant 'Old Dominion Freight Line, Inc.', $100,000"
ODFL,2021,24058.85,EPA ECHO ICIS-FE&C civil enforcement cases,https://echo.epa.gov/enforcement-case-report?id=09-2018-0501,2026-09-13,"1 case(s), $100,000 in 2017-2021 over mean revenue $4.2bn; largest: case 09-2018-0501 (2018), defendant 'Old Dominion Freight Line, Inc.', $100,000"
ODFL,2022,21111.0,EPA ECHO ICIS-FE&C civil enforcement cases,https://echo.epa.gov/enforcement-case-report?id=09-2018-0501,2026-09-13,"1 case(s), $100,000 in 2018-2022 over mean revenue $4.7bn; largest: case 09-2018-0501 (2018), defendant 'Old Dominion Freight Line, Inc.', $100,000"
ODFL,2023,0.0,EPA ECHO ICIS-FE&C civil enforcement cases,https://echo.epa.gov/facilities/enforcement-case-search,2026-09-13,"no federal EPA civil penalty found under the company's name, former names or 10-K subsidiaries with a settlement in 2019-2023 (ECHO file retrieved 2026-09-13)"
ODFL,2024,0.0,EPA ECHO ICIS-FE&C civil enforcement cases,https://echo.epa.gov/facilities/enforcement-case-search,2026-09-13,"no federal EPA civil penalty found under the company's name, former names or 10-K subsidiaries with a settlement in 2020-2024 (ECHO file retrieved 2026-09-13)"
ODFL,2025,0.0,EPA ECHO ICIS-FE&C civil enforcement cases,https://echo.epa.gov/facilities/enforcement-case-search,2026-09-13,"no federal EPA civil penalty found under the company's name, former names or 10-K subsidiaries with a settlement in 2021-2025 (ECHO file retrieved 2026-09-13)"
OKE,2020,2081.37,EPA ECHO ICIS-FE&C civil enforcement cases,https://echo.epa.gov/enforcement-case-report?id=03-2017-0174,2026-09-13,"2 case(s), $21,810 in 2016-2020 over mean revenue $10.5bn; largest: case 03-2017-0174 (2017), defendant 'ENLINK MIDSTREAM OPERATING, LP', $20,370"
OKE,2021,1817.12,EPA ECHO ICIS-FE&C civil enforcement cases,https://echo.epa.gov/enforcement-case-report?id=03-2017-0174,2026-09-13,"2 case(s), $21,810 in 2017-2021 over mean revenue $12.0bn; largest: case 03-2017-0174 (2017), defendant 'ENLINK MIDSTREAM OPERATING, LP', $20,370"
OKE,2022,102.52,EPA ECHO ICIS-FE&C civil enforcement cases,https://echo.epa.gov/enforcement-case-report?id=06-2019-3511,2026-09-13,"1 case(s), $1,440 in 2018-2022 over mean revenue $14.0bn; largest: case 06-2019-3511 (2019), defendant 'Enlink Midstream Operating LP', $1,440"
OKE,2023,95.6,EPA ECHO ICIS-FE&C civil enforcement cases,https://echo.epa.gov/enforcement-case-report?id=06-2019-3511,2026-09-13,"1 case(s), $1,440 in 2019-2023 over mean revenue $15.1bn; largest: case 06-2019-3511 (2019), defendant 'Enlink Midstream Operating LP', $1,440"
OKE,2024,0.0,EPA ECHO ICIS-FE&C civil enforcement cases,https://echo.epa.gov/facilities/enforcement-case-search,2026-09-13,"no federal EPA civil penalty found under the company's name, former names or 10-K subsidiaries with a settlement in 2020-2024 (ECHO file retrieved 2026-09-13)"
OKE,2025,5003.07,EPA ECHO ICIS-FE&C civil enforcement cases,https://echo.epa.gov/enforcement-case-report?id=06-2025-3311,2026-09-13,"1 case(s), $112,000 in 2021-2025 over mean revenue $22.4bn; largest: case 06-2025-3311 (2025), defendant 'Magellan Pipeline Terminals, L.P.', $112,000"
OMC,2020,0.0,EPA ECHO ICIS-FE&C civil enforcement cases,https://echo.epa.gov/facilities/enforcement-case-search,2026-09-13,"no federal EPA civil penalty found under the company's name, former names or 10-K subsidiaries with a settlement in 2016-2020 (ECHO file retrieved 2026-09-13)"
OMC,2021,0.0,EPA ECHO ICIS-FE&C civil enforcement cases,https://echo.epa.gov/facilities/enforcement-case-search,2026-09-13,"no federal EPA civil penalty found under the company's name, former names or 10-K subsidiaries with a settlement in 2017-2021 (ECHO file retrieved 2026-09-13)"
OMC,2022,0.0,EPA ECHO ICIS-FE&C civil enforcement cases,https://echo.epa.gov/facilities/enforcement-case-search,2026-09-13,"no federal EPA civil penalty found under the company's name, former names or 10-K subsidiaries with a settlement in 2018-2022 (ECHO file retrieved 2026-09-13)"
OMC,2023,0.0,EPA ECHO ICIS-FE&C civil enforcement cases,https://echo.epa.gov/facilities/enforcement-case-search,2026-09-13,"no federal EPA civil penalty found under the company's name, former names or 10-K subsidiaries with a settlement in 2019-2023 (ECHO file retrieved 2026-09-13)"
OMC,2024,0.0,EPA ECHO ICIS-FE&C civil enforcement cases,https://echo.epa.gov/facilities/enforcement-case-search,2026-09-13,"no federal EPA civil penalty found under the company's name, former names or 10-K subsidiaries with a settlement in 2020-2024 (ECHO file retrieved 2026-09-13)"
OMC,2025,0.0,EPA ECHO ICIS-FE&C civil enforcement cases,https://echo.epa.gov/facilities/enforcement-case-search,2026-09-13,"no federal EPA civil penalty found under the company's name, former names or 10-K subsidiaries with a settlement in 2021-2025 (ECHO file retrieved 2026-09-13)"
ON,2020,20026.86,EPA ECHO ICIS-FE&C civil enforcement cases,https://echo.epa.gov/enforcement-case-report?id=01-2021-5000,2026-09-13,"1 case(s), $104,545 in 2016-2020 over mean revenue $5.2bn; largest: case 01-2021-5000 (2020), defendant 'Fairchild Semiconductor Corporation', $104,545"
ON,2021,42777.38,EPA ECHO ICIS-FE&C civil enforcement cases,https://echo.epa.gov/enforcement-case-report?id=10-2021-0193,2026-09-13,"2 case(s), $247,545 in 2017-2021 over mean revenue $5.8bn; largest: case 10-2021-0193 (2021), defendant 'ON SEMICONDUCTOR', $143,000"
ON,2022,39023.78,EPA ECHO ICIS-FE&C civil enforcement cases,https://echo.epa.gov/enforcement-case-report?id=10-2021-0193,2026-09-13,"2 case(s), $247,545 in 2018-2022 over mean revenue $6.3bn; largest: case 10-2021-0193 (2021), defendant 'ON SEMICONDUCTOR', $143,000"
ON,2023,36305.54,EPA ECHO ICIS-FE&C civil enforcement cases,https://echo.epa.gov/enforcement-case-report?id=10-2021-0193,2026-09-13,"2 case(s), $247,545 in 2019-2023 over mean revenue $6.8bn; largest: case 10-2021-0193 (2021), defendant 'ON SEMICONDUCTOR', $143,000"
ON,2024,34712.66,EPA ECHO ICIS-FE&C civil enforcement cases,https://echo.epa.gov/enforcement-case-report?id=10-2021-0193,2026-09-13,"2 case(s), $247,545 in 2020-2024 over mean revenue $7.1bn; largest: case 10-2021-0193 (2021), defendant 'ON SEMICONDUCTOR', $143,000"
ON,2025,19644.64,EPA ECHO ICIS-FE&C civil enforcement cases,https://echo.epa.gov/enforcement-case-report?id=10-2021-0193,2026-09-13,"1 case(s), $143,000 in 2021-2025 over mean revenue $7.3bn; largest: case 10-2021-0193 (2021), defendant 'ON SEMICONDUCTOR', $143,000"
ORCL,2020,0.0,EPA ECHO ICIS-FE&C civil enforcement cases,https://echo.epa.gov/facilities/enforcement-case-search,2026-09-13,"no federal EPA civil penalty found under the company's name, former names or 10-K subsidiaries with a settlement in 2016-2020 (ECHO file retrieved 2026-09-13)"
ORCL,2021,0.0,EPA ECHO ICIS-FE&C civil enforcement cases,https://echo.epa.gov/facilities/enforcement-case-search,2026-09-13,"no federal EPA civil penalty found under the company's name, former names or 10-K subsidiaries with a settlement in 2017-2021 (ECHO file retrieved 2026-09-13)"
ORCL,2022,0.0,EPA ECHO ICIS-FE&C civil enforcement cases,https://echo.epa.gov/facilities/enforcement-case-search,2026-09-13,"no federal EPA civil penalty found under the company's name, former names or 10-K subsidiaries with a settlement in 2018-2022 (ECHO file retrieved 2026-09-13)"
ORCL,2023,0.0,EPA ECHO ICIS-FE&C civil enforcement cases,https://echo.epa.gov/facilities/enforcement-case-search,2026-09-13,"no federal EPA civil penalty found under the company's name, former names or 10-K subsidiaries with a settlement in 2019-2023 (ECHO file retrieved 2026-09-13)"
ORCL,2024,0.0,EPA ECHO ICIS-FE&C civil enforcement cases,https://echo.epa.gov/facilities/enforcement-case-search,2026-09-13,"no federal EPA civil penalty found under the company's name, former names or 10-K subsidiaries with a settlement in 2020-2024 (ECHO file retrieved 2026-09-13)"
ORCL,2025,0.0,EPA ECHO ICIS-FE&C civil enforcement cases,https://echo.epa.gov/facilities/enforcement-case-search,2026-09-13,"no federal EPA civil penalty found under the company's name, former names or 10-K subsidiaries with a settlement in 2021-2025 (ECHO file retrieved 2026-09-13)"
ORLY,2020,0.0,EPA ECHO ICIS-FE&C civil enforcement cases,https://echo.epa.gov/facilities/enforcement-case-search,2026-09-13,"no federal EPA civil penalty found under the company's name, former names or 10-K subsidiaries with a settlement in 2016-2020 (ECHO file retrieved 2026-09-13)"
ORLY,2021,1846.49,EPA ECHO ICIS-FE&C civil enforcement cases,https://echo.epa.gov/enforcement-case-report?id=07-2021-0047,2026-09-13,"1 case(s), $19,793 in 2017-2021 over mean revenue $10.7bn; largest: case 07-2021-0047 (2021), defendant 'O'Reilly Automotive, Inc.', $19,793"
ORLY,2022,1676.57,EPA ECHO ICIS-FE&C civil enforcement cases,https://echo.epa.gov/enforcement-case-report?id=07-2021-0047,2026-09-13,"1 case(s), $19,793 in 2018-2022 over mean revenue $11.8bn; largest: case 07-2021-0047 (2021), defendant 'O'Reilly Automotive, Inc.', $19,793"
ORLY,2023,1515.45,EPA ECHO ICIS-FE&C civil enforcement cases,https://echo.epa.gov/enforcement-case-report?id=07-2021-0047,2026-09-13,"1 case(s), $19,793 in 2019-2023 over mean revenue $13.1bn; largest: case 07-2021-0047 (2021), defendant 'O'Reilly Automotive, Inc.', $19,793"
ORLY,2024,1377.14,EPA ECHO ICIS-FE&C civil enforcement cases,https://echo.epa.gov/enforcement-case-report?id=07-2021-0047,2026-09-13,"1 case(s), $19,793 in 2020-2024 over mean revenue $14.4bn; largest: case 07-2021-0047 (2021), defendant 'O'Reilly Automotive, Inc.', $19,793"
ORLY,2025,1268.13,EPA ECHO ICIS-FE&C civil enforcement cases,https://echo.epa.gov/enforcement-case-report?id=07-2021-0047,2026-09-13,"1 case(s), $19,793 in 2021-2025 over mean revenue $15.6bn; largest: case 07-2021-0047 (2021), defendant 'O'Reilly Automotive, Inc.', $19,793"
OTIS,2020,0.0,EPA ECHO ICIS-FE&C civil enforcement cases,https://echo.epa.gov/facilities/enforcement-case-search,2026-09-13,"no federal EPA civil penalty found under the company's name, former names or 10-K subsidiaries with a settlement in 2016-2020 (ECHO file retrieved 2026-09-13)"
OTIS,2021,0.0,EPA ECHO ICIS-FE&C civil enforcement cases,https://echo.epa.gov/facilities/enforcement-case-search,2026-09-13,"no federal EPA civil penalty found under the company's name, former names or 10-K subsidiaries with a settlement in 2017-2021 (ECHO file retrieved 2026-09-13)"
OTIS,2022,0.0,EPA ECHO ICIS-FE&C civil enforcement cases,https://echo.epa.gov/facilities/enforcement-case-search,2026-09-13,"no federal EPA civil penalty found under the company's name, former names or 10-K subsidiaries with a settlement in 2018-2022 (ECHO file retrieved 2026-09-13)"
OTIS,2023,0.0,EPA ECHO ICIS-FE&C civil enforcement cases,https://echo.epa.gov/facilities/enforcement-case-search,2026-09-13,"no federal EPA civil penalty found under the company's name, former names or 10-K subsidiaries with a settlement in 2019-2023 (ECHO file retrieved 2026-09-13)"
OTIS,2024,0.0,EPA ECHO ICIS-FE&C civil enforcement cases,https://echo.epa.gov/facilities/enforcement-case-search,2026-09-13,"no federal EPA civil penalty found under the company's name, former names or 10-K subsidiaries with a settlement in 2020-2024 (ECHO file retrieved 2026-09-13)"
OTIS,2025,0.0,EPA ECHO ICIS-FE&C civil enforcement cases,https://echo.epa.gov/facilities/enforcement-case-search,2026-09-13,"no federal EPA civil penalty found under the company's name, former names or 10-K subsidiaries with a settlement in 2021-2025 (ECHO file retrieved 2026-09-13)"
OXY,2020,43862363.91,EPA ECHO ICIS-FE&C civil enforcement cases,https://echo.epa.gov/enforcement-case-report?id=04-2010-9036,2026-09-13,"8 case(s), $674,410,163 in 2016-2020 over mean revenue $15.4bn; largest: case 04-2010-9036 (2016), defendant 'ANADARKO PETROLEUM CORPORATION', $336,725,000"
OXY,2021,83630.79,EPA ECHO ICIS-FE&C civil enforcement cases,https://echo.epa.gov/enforcement-case-report?id=06-2018-0903,2026-09-13,"5 case(s), $1,551,301 in 2017-2021 over mean revenue $18.5bn; largest: case 06-2018-0903 (2017), defendant 'Anadarko Petroleum', $1,383,164"
OXY,2022,28583.89,EPA ECHO ICIS-FE&C civil enforcement cases,https://echo.epa.gov/enforcement-case-report?id=06-2022-3300,2026-09-13,"5 case(s), $668,137 in 2018-2022 over mean revenue $23.4bn; largest: case 06-2022-3300 (2022), defendant 'Occidental Chemical Corporation', $500,000"
OXY,2023,25117.31,EPA ECHO ICIS-FE&C civil enforcement cases,https://echo.epa.gov/enforcement-case-report?id=06-2022-3300,2026-09-13,"4 case(s), $625,637 in 2019-2023 over mean revenue $24.9bn; largest: case 06-2022-3300 (2022), defendant 'Occidental Chemical Corporation', $500,000"
OXY,2024,28453.8,EPA ECHO ICIS-FE&C civil enforcement cases,https://echo.epa.gov/enforcement-case-report?id=06-2022-3300,2026-09-13,"5 case(s), $718,982 in 2020-2024 over mean revenue $25.3bn; largest: case 06-2022-3300 (2022), defendant 'Occidental Chemical Corporation', $500,000"
OXY,2025,27603.32,EPA ECHO ICIS-FE&C civil enforcement cases,https://echo.epa.gov/enforcement-case-report?id=06-2022-3300,2026-09-13,"4 case(s), $718,382 in 2021-2025 over mean revenue $26.0bn; largest: case 06-2022-3300 (2022), defendant 'Occidental Chemical Corporation', $500,000"
PANW,2020,0.0,EPA ECHO ICIS-FE&C civil enforcement cases,https://echo.epa.gov/facilities/enforcement-case-search,2026-09-13,"no federal EPA civil penalty found under the company's name, former names or 10-K subsidiaries with a settlement in 2016-2020 (ECHO file retrieved 2026-09-13)"
PANW,2021,0.0,EPA ECHO ICIS-FE&C civil enforcement cases,https://echo.epa.gov/facilities/enforcement-case-search,2026-09-13,"no federal EPA civil penalty found under the company's name, former names or 10-K subsidiaries with a settlement in 2017-2021 (ECHO file retrieved 2026-09-13)"
PANW,2022,0.0,EPA ECHO ICIS-FE&C civil enforcement cases,https://echo.epa.gov/facilities/enforcement-case-search,2026-09-13,"no federal EPA civil penalty found under the company's name, former names or 10-K subsidiaries with a settlement in 2018-2022 (ECHO file retrieved 2026-09-13)"
PANW,2023,0.0,EPA ECHO ICIS-FE&C civil enforcement cases,https://echo.epa.gov/facilities/enforcement-case-search,2026-09-13,"no federal EPA civil penalty found under the company's name, former names or 10-K subsidiaries with a settlement in 2019-2023 (ECHO file retrieved 2026-09-13)"
PANW,2024,0.0,EPA ECHO ICIS-FE&C civil enforcement cases,https://echo.epa.gov/facilities/enforcement-case-search,2026-09-13,"no federal EPA civil penalty found under the company's name, former names or 10-K subsidiaries with a settlement in 2020-2024 (ECHO file retrieved 2026-09-13)"
PANW,2025,0.0,EPA ECHO ICIS-FE&C civil enforcement cases,https://echo.epa.gov/facilities/enforcement-case-search,2026-09-13,"no federal EPA civil penalty found under the company's name, former names or 10-K subsidiaries with a settlement in 2021-2025 (ECHO file retrieved 2026-09-13)"
PAYX,2020,0.0,EPA ECHO ICIS-FE&C civil enforcement cases,https://echo.epa.gov/facilities/enforcement-case-search,2026-09-13,"no federal EPA civil penalty found under the company's name, former names or 10-K subsidiaries with a settlement in 2016-2020 (ECHO file retrieved 2026-09-13)"
PAYX,2021,0.0,EPA ECHO ICIS-FE&C civil enforcement cases,https://echo.epa.gov/facilities/enforcement-case-search,2026-09-13,"no federal EPA civil penalty found under the company's name, former names or 10-K subsidiaries with a settlement in 2017-2021 (ECHO file retrieved 2026-09-13)"
PAYX,2022,0.0,EPA ECHO ICIS-FE&C civil enforcement cases,https://echo.epa.gov/facilities/enforcement-case-search,2026-09-13,"no federal EPA civil penalty found under the company's name, former names or 10-K subsidiaries with a settlement in 2018-2022 (ECHO file retrieved 2026-09-13)"
PAYX,2023,0.0,EPA ECHO ICIS-FE&C civil enforcement cases,https://echo.epa.gov/facilities/enforcement-case-search,2026-09-13,"no federal EPA civil penalty found under the company's name, former names or 10-K subsidiaries with a settlement in 2019-2023 (ECHO file retrieved 2026-09-13)"
PAYX,2024,0.0,EPA ECHO ICIS-FE&C civil enforcement cases,https://echo.epa.gov/facilities/enforcement-case-search,2026-09-13,"no federal EPA civil penalty found under the company's name, former names or 10-K subsidiaries with a settlement in 2020-2024 (ECHO file retrieved 2026-09-13)"
PAYX,2025,0.0,EPA ECHO ICIS-FE&C civil enforcement cases,https://echo.epa.gov/facilities/enforcement-case-search,2026-09-13,"no federal EPA civil penalty found under the company's name, former names or 10-K subsidiaries with a settlement in 2021-2025 (ECHO file retrieved 2026-09-13)"
PCAR,2020,0.0,EPA ECHO ICIS-FE&C civil enforcement cases,https://echo.epa.gov/facilities/enforcement-case-search,2026-09-13,"no federal EPA civil penalty found under the company's name, former names or 10-K subsidiaries with a settlement in 2016-2020 (ECHO file retrieved 2026-09-13)"
PCAR,2021,0.0,EPA ECHO ICIS-FE&C civil enforcement cases,https://echo.epa.gov/facilities/enforcement-case-search,2026-09-13,"no federal EPA civil penalty found under the company's name, former names or 10-K subsidiaries with a settlement in 2017-2021 (ECHO file retrieved 2026-09-13)"
PCAR,2022,0.0,EPA ECHO ICIS-FE&C civil enforcement cases,https://echo.epa.gov/facilities/enforcement-case-search,2026-09-13,"no federal EPA civil penalty found under the company's name, former names or 10-K subsidiaries with a settlement in 2018-2022 (ECHO file retrieved 2026-09-13)"
PCAR,2023,0.0,EPA ECHO ICIS-FE&C civil enforcement cases,https://echo.epa.gov/facilities/enforcement-case-search,2026-09-13,"no federal EPA civil penalty found under the company's name, former names or 10-K subsidiaries with a settlement in 2019-2023 (ECHO file retrieved 2026-09-13)"
PCAR,2024,0.0,EPA ECHO ICIS-FE&C civil enforcement cases,https://echo.epa.gov/facilities/enforcement-case-search,2026-09-13,"no federal EPA civil penalty found under the company's name, former names or 10-K subsidiaries with a settlement in 2020-2024 (ECHO file retrieved 2026-09-13)"
PCAR,2025,0.0,EPA ECHO ICIS-FE&C civil enforcement cases,https://echo.epa.gov/facilities/enforcement-case-search,2026-09-13,"no federal EPA civil penalty found under the company's name, former names or 10-K subsidiaries with a settlement in 2021-2025 (ECHO file retrieved 2026-09-13)"
PCG,2020,0.0,EPA ECHO ICIS-FE&C civil enforcement cases,https://echo.epa.gov/facilities/enforcement-case-search,2026-09-13,"no federal EPA civil penalty found under the company's name, former names or 10-K subsidiaries with a settlement in 2016-2020 (ECHO file retrieved 2026-09-13)"
PCG,2021,0.0,EPA ECHO ICIS-FE&C civil enforcement cases,https://echo.epa.gov/facilities/enforcement-case-search,2026-09-13,"no federal EPA civil penalty found under the company's name, former names or 10-K subsidiaries with a settlement in 2017-2021 (ECHO file retrieved 2026-09-13)"
PCG,2022,0.0,EPA ECHO ICIS-FE&C civil enforcement cases,https://echo.epa.gov/facilities/enforcement-case-search,2026-09-13,"no federal EPA civil penalty found under the company's name, former names or 10-K subsidiaries with a settlement in 2018-2022 (ECHO file retrieved 2026-09-13)"
PCG,2023,0.0,EPA ECHO ICIS-FE&C civil enforcement cases,https://echo.epa.gov/facilities/enforcement-case-search,2026-09-13,"no federal EPA civil penalty found under the company's name, former names or 10-K subsidiaries with a settlement in 2019-2023 (ECHO file retrieved 2026-09-13)"
PCG,2024,0.0,EPA ECHO ICIS-FE&C civil enforcement cases,https://echo.epa.gov/facilities/enforcement-case-search,2026-09-13,"no federal EPA civil penalty found under the company's name, former names or 10-K subsidiaries with a settlement in 2020-2024 (ECHO file retrieved 2026-09-13)"
PCG,2025,1949.67,EPA ECHO ICIS-FE&C civil enforcement cases,https://echo.epa.gov/enforcement-case-report?id=HQ-2024-5012,2026-09-13,"1 case(s), $45,273 in 2021-2025 over mean revenue $23.2bn; largest: case HQ-2024-5012 (2025), defendant 'Pacific Gas and Electric Company', $45,273"
PEG,2020,0.0,EPA ECHO ICIS-FE&C civil enforcement cases,https://echo.epa.gov/facilities/enforcement-case-search,2026-09-13,"no federal EPA civil penalty found under the company's name, former names or 10-K subsidiaries with a settlement in 2016-2020 (ECHO file retrieved 2026-09-13)"
PEG,2021,0.0,EPA ECHO ICIS-FE&C civil enforcement cases,https://echo.epa.gov/facilities/enforcement-case-search,2026-09-13,"no federal EPA civil penalty found under the company's name, former names or 10-K subsidiaries with a settlement in 2017-2021 (ECHO file retrieved 2026-09-13)"
PEG,2022,2846.37,EPA ECHO ICIS-FE&C civil enforcement cases,https://echo.epa.gov/enforcement-case-report?id=02-2023-9101,2026-09-13,"1 case(s), $28,988 in 2018-2022 over mean revenue $10.2bn; largest: case 02-2023-9101 (2022), defendant 'PSEG Power LLC', $28,988"
PEG,2023,2762.76,EPA ECHO ICIS-FE&C civil enforcement cases,https://echo.epa.gov/enforcement-case-report?id=02-2023-9101,2026-09-13,"1 case(s), $28,988 in 2019-2023 over mean revenue $10.5bn; largest: case 02-2023-9101 (2022), defendant 'PSEG Power LLC', $28,988"
PEG,2024,2751.54,EPA ECHO ICIS-FE&C civil enforcement cases,https://echo.epa.gov/enforcement-case-report?id=02-2023-9101,2026-09-13,"1 case(s), $28,988 in 2020-2024 over mean revenue $10.5bn; largest: case 02-2023-9101 (2022), defendant 'PSEG Power LLC', $28,988"
PEG,2025,2623.78,EPA ECHO ICIS-FE&C civil enforcement cases,https://echo.epa.gov/enforcement-case-report?id=02-2023-9101,2026-09-13,"1 case(s), $28,988 in 2021-2025 over mean revenue $11.0bn; largest: case 02-2023-9101 (2022), defendant 'PSEG Power LLC', $28,988"
PEP,2020,575.01,EPA ECHO ICIS-FE&C civil enforcement cases,https://echo.epa.gov/enforcement-case-report?id=09-2020-0619,2026-09-13,"2 case(s), $37,780 in 2016-2020 over mean revenue $65.7bn; largest: case 09-2020-0619 (2020), defendant 'FL Transportation, Inc.', $24,375"
PEP,2021,353.06,EPA ECHO ICIS-FE&C civil enforcement cases,https://echo.epa.gov/enforcement-case-report?id=09-2020-0619,2026-09-13,"1 case(s), $24,375 in 2017-2021 over mean revenue $69.0bn; largest: case 09-2020-0619 (2020), defendant 'FL Transportation, Inc.', $24,375"
PEP,2022,477.86,EPA ECHO ICIS-FE&C civil enforcement cases,https://echo.epa.gov/enforcement-case-report?id=09-2020-0619,2026-09-13,"3 case(s), $35,176 in 2018-2022 over mean revenue $73.6bn; largest: case 09-2020-0619 (2020), defendant 'FL Transportation, Inc.', $24,375"
PEP,2023,1058.6,EPA ECHO ICIS-FE&C civil enforcement cases,https://echo.epa.gov/enforcement-case-report?id=01-2023-1024,2026-09-13,"4 case(s), $83,602 in 2019-2023 over mean revenue $79.0bn; largest: case 01-2023-1024 (2023), defendant 'CB Manufacturing Company, Inc.', $48,426"
PEP,2024,996.3,EPA ECHO ICIS-FE&C civil enforcement cases,https://echo.epa.gov/enforcement-case-report?id=01-2023-1024,2026-09-13,"4 case(s), $83,602 in 2020-2024 over mean revenue $83.9bn; largest: case 01-2023-1024 (2023), defendant 'CB Manufacturing Company, Inc.', $48,426"
PEP,2025,668.3,EPA ECHO ICIS-FE&C civil enforcement cases,https://echo.epa.gov/enforcement-case-report?id=01-2023-1024,2026-09-13,"3 case(s), $59,227 in 2021-2025 over mean revenue $88.6bn; largest: case 01-2023-1024 (2023), defendant 'CB Manufacturing Company, Inc.', $48,426"
PFE,2020,746.88,EPA ECHO ICIS-FE&C civil enforcement cases,https://echo.epa.gov/enforcement-case-report?id=05-2018-7444,2026-09-13,"1 case(s), $34,170 in 2016-2020 over mean revenue $45.8bn; largest: case 05-2018-7444 (2017), defendant 'Pharmacia and Upjohn Company LLC', $34,170"
PFE,2021,664.23,EPA ECHO ICIS-FE&C civil enforcement cases,https://echo.epa.gov/enforcement-case-report?id=05-2018-7444,2026-09-13,"1 case(s), $34,170 in 2017-2021 over mean revenue $51.4bn; largest: case 05-2018-7444 (2017), defendant 'Pharmacia and Upjohn Company LLC', $34,170"
PFE,2022,0.0,EPA ECHO ICIS-FE&C civil enforcement cases,https://echo.epa.gov/facilities/enforcement-case-search,2026-09-13,"no federal EPA civil penalty found under the company's name, former names or 10-K subsidiaries with a settlement in 2018-2022 (ECHO file retrieved 2026-09-13)"
PFE,2023,0.0,EPA ECHO ICIS-FE&C civil enforcement cases,https://echo.epa.gov/facilities/enforcement-case-search,2026-09-13,"no federal EPA civil penalty found under the company's name, former names or 10-K subsidiaries with a settlement in 2019-2023 (ECHO file retrieved 2026-09-13)"
PFE,2024,116.62,EPA ECHO ICIS-FE&C civil enforcement cases,https://echo.epa.gov/enforcement-case-report?id=05-2024-5037,2026-09-13,"1 case(s), $8,100 in 2020-2024 over mean revenue $69.5bn; largest: case 05-2024-5037 (2024), defendant 'PHARMACIA & UPJOHN CO LLC', $8,100"
PFE,2025,109.99,EPA ECHO ICIS-FE&C civil enforcement cases,https://echo.epa.gov/enforcement-case-report?id=05-2024-5037,2026-09-13,"1 case(s), $8,100 in 2021-2025 over mean revenue $73.6bn; largest: case 05-2024-5037 (2024), defendant 'PHARMACIA & UPJOHN CO LLC', $8,100"
PFG,2020,0.0,EPA ECHO ICIS-FE&C civil enforcement cases,https://echo.epa.gov/facilities/enforcement-case-search,2026-09-13,"no federal EPA civil penalty found under the company's name, former names or 10-K subsidiaries with a settlement in 2016-2020 (ECHO file retrieved 2026-09-13)"
PFG,2021,0.0,EPA ECHO ICIS-FE&C civil enforcement cases,https://echo.epa.gov/facilities/enforcement-case-search,2026-09-13,"no federal EPA civil penalty found under the company's name, former names or 10-K subsidiaries with a settlement in 2017-2021 (ECHO file retrieved 2026-09-13)"
PFG,2022,0.0,EPA ECHO ICIS-FE&C civil enforcement cases,https://echo.epa.gov/facilities/enforcement-case-search,2026-09-13,"no federal EPA civil penalty found under the company's name, former names or 10-K subsidiaries with a settlement in 2018-2022 (ECHO file retrieved 2026-09-13)"
PFG,2023,0.0,EPA ECHO ICIS-FE&C civil enforcement cases,https://echo.epa.gov/facilities/enforcement-case-search,2026-09-13,"no federal EPA civil penalty found under the company's name, former names or 10-K subsidiaries with a settlement in 2019-2023 (ECHO file retrieved 2026-09-13)"
PFG,2024,0.0,EPA ECHO ICIS-FE&C civil enforcement cases,https://echo.epa.gov/facilities/enforcement-case-search,2026-09-13,"no federal EPA civil penalty found under the company's name, former names or 10-K subsidiaries with a settlement in 2020-2024 (ECHO file retrieved 2026-09-13)"
PFG,2025,0.0,EPA ECHO ICIS-FE&C civil enforcement cases,https://echo.epa.gov/facilities/enforcement-case-search,2026-09-13,"no federal EPA civil penalty found under the company's name, former names or 10-K subsidiaries with a settlement in 2021-2025 (ECHO file retrieved 2026-09-13)"
PG,2020,0.0,EPA ECHO ICIS-FE&C civil enforcement cases,https://echo.epa.gov/facilities/enforcement-case-search,2026-09-13,"no federal EPA civil penalty found under the company's name, former names or 10-K subsidiaries with a settlement in 2016-2020 (ECHO file retrieved 2026-09-13)"
PG,2021,0.0,EPA ECHO ICIS-FE&C civil enforcement cases,https://echo.epa.gov/facilities/enforcement-case-search,2026-09-13,"no federal EPA civil penalty found under the company's name, former names or 10-K subsidiaries with a settlement in 2017-2021 (ECHO file retrieved 2026-09-13)"
PG,2022,0.0,EPA ECHO ICIS-FE&C civil enforcement cases,https://echo.epa.gov/facilities/enforcement-case-search,2026-09-13,"no federal EPA civil penalty found under the company's name, former names or 10-K subsidiaries with a settlement in 2018-2022 (ECHO file retrieved 2026-09-13)"
PG,2023,0.0,EPA ECHO ICIS-FE&C civil enforcement cases,https://echo.epa.gov/facilities/enforcement-case-search,2026-09-13,"no federal EPA civil penalty found under the company's name, former names or 10-K subsidiaries with a settlement in 2019-2023 (ECHO file retrieved 2026-09-13)"
PG,2024,63.56,EPA ECHO ICIS-FE&C civil enforcement cases,https://echo.epa.gov/enforcement-case-report?id=01-2024-1012,2026-09-13,"1 case(s), $5,000 in 2020-2024 over mean revenue $78.7bn; largest: case 01-2024-1012 (2024), defendant 'The Gillette Company', $5,000"
PG,2025,61.48,EPA ECHO ICIS-FE&C civil enforcement cases,https://echo.epa.gov/enforcement-case-report?id=01-2024-1012,2026-09-13,"1 case(s), $5,000 in 2021-2025 over mean revenue $81.3bn; largest: case 01-2024-1012 (2024), defendant 'The Gillette Company', $5,000"
PGR,2020,0.0,EPA ECHO ICIS-FE&C civil enforcement cases,https://echo.epa.gov/facilities/enforcement-case-search,2026-09-13,"no federal EPA civil penalty found under the company's name, former names or 10-K subsidiaries with a settlement in 2016-2020 (ECHO file retrieved 2026-09-13)"
PGR,2021,0.0,EPA ECHO ICIS-FE&C civil enforcement cases,https://echo.epa.gov/facilities/enforcement-case-search,2026-09-13,"no federal EPA civil penalty found under the company's name, former names or 10-K subsidiaries with a settlement in 2017-2021 (ECHO file retrieved 2026-09-13)"
PGR,2022,0.0,EPA ECHO ICIS-FE&C civil enforcement cases,https://echo.epa.gov/facilities/enforcement-case-search,2026-09-13,"no federal EPA civil penalty found under the company's name, former names or 10-K subsidiaries with a settlement in 2018-2022 (ECHO file retrieved 2026-09-13)"
PGR,2023,0.0,EPA ECHO ICIS-FE&C civil enforcement cases,https://echo.epa.gov/facilities/enforcement-case-search,2026-09-13,"no federal EPA civil penalty found under the company's name, former names or 10-K subsidiaries with a settlement in 2019-2023 (ECHO file retrieved 2026-09-13)"
PGR,2024,0.0,EPA ECHO ICIS-FE&C civil enforcement cases,https://echo.epa.gov/facilities/enforcement-case-search,2026-09-13,"no federal EPA civil penalty found under the company's name, former names or 10-K subsidiaries with a settlement in 2020-2024 (ECHO file retrieved 2026-09-13)"
PGR,2025,0.0,EPA ECHO ICIS-FE&C civil enforcement cases,https://echo.epa.gov/facilities/enforcement-case-search,2026-09-13,"no federal EPA civil penalty found under the company's name, former names or 10-K subsidiaries with a settlement in 2021-2025 (ECHO file retrieved 2026-09-13)"
PH,2020,17.7,EPA ECHO ICIS-FE&C civil enforcement cases,https://echo.epa.gov/enforcement-case-report?id=04-2016-9012,2026-09-13,"1 case(s), $233 in 2016-2020 over mean revenue $13.1bn; largest: case 04-2016-9012 (2016), defendant 'PARKER HANNIFIN CORP.', $233"
PH,2021,28386.27,EPA ECHO ICIS-FE&C civil enforcement cases,https://echo.epa.gov/enforcement-case-report?id=09-2018-1517,2026-09-13,"1 case(s), $390,000 in 2017-2021 over mean revenue $13.7bn; largest: case 09-2018-1517 (2021), defendant 'Parker Hannifin Corporation', $390,000"
PH,2022,26886.36,EPA ECHO ICIS-FE&C civil enforcement cases,https://echo.epa.gov/enforcement-case-report?id=09-2018-1517,2026-09-13,"1 case(s), $390,000 in 2018-2022 over mean revenue $14.5bn; largest: case 09-2018-1517 (2021), defendant 'Parker Hannifin Corporation', $390,000"
PH,2023,25229.62,EPA ECHO ICIS-FE&C civil enforcement cases,https://echo.epa.gov/enforcement-case-report?id=09-2018-1517,2026-09-13,"1 case(s), $390,000 in 2019-2023 over mean revenue $15.5bn; largest: case 09-2018-1517 (2021), defendant 'Parker Hannifin Corporation', $390,000"
PH,2024,49456.35,EPA ECHO ICIS-FE&C civil enforcement cases,https://echo.epa.gov/enforcement-case-report?id=09-2018-1517,2026-09-13,"3 case(s), $819,984 in 2020-2024 over mean revenue $16.6bn; largest: case 09-2018-1517 (2021), defendant 'Parker Hannifin Corporation', $390,000"
PH,2025,46038.46,EPA ECHO ICIS-FE&C civil enforcement cases,https://echo.epa.gov/enforcement-case-report?id=09-2018-1517,2026-09-13,"3 case(s), $819,984 in 2021-2025 over mean revenue $17.8bn; largest: case 09-2018-1517 (2021), defendant 'Parker Hannifin Corporation', $390,000"
PHM,2020,0.0,EPA ECHO ICIS-FE&C civil enforcement cases,https://echo.epa.gov/facilities/enforcement-case-search,2026-09-13,"no federal EPA civil penalty found under the company's name, former names or 10-K subsidiaries with a settlement in 2016-2020 (ECHO file retrieved 2026-09-13)"
PHM,2021,0.0,EPA ECHO ICIS-FE&C civil enforcement cases,https://echo.epa.gov/facilities/enforcement-case-search,2026-09-13,"no federal EPA civil penalty found under the company's name, former names or 10-K subsidiaries with a settlement in 2017-2021 (ECHO file retrieved 2026-09-13)"
PHM,2022,0.0,EPA ECHO ICIS-FE&C civil enforcement cases,https://echo.epa.gov/facilities/enforcement-case-search,2026-09-13,"no federal EPA civil penalty found under the company's name, former names or 10-K subsidiaries with a settlement in 2018-2022 (ECHO file retrieved 2026-09-13)"
PHM,2023,687.54,EPA ECHO ICIS-FE&C civil enforcement cases,https://echo.epa.gov/enforcement-case-report?id=10-2023-0152,2026-09-13,"1 case(s), $9,220 in 2019-2023 over mean revenue $13.4bn; largest: case 10-2023-0152 (2023), defendant 'Pulte Homes of Washington LLC', $9,220"
PHM,2024,616.44,EPA ECHO ICIS-FE&C civil enforcement cases,https://echo.epa.gov/enforcement-case-report?id=10-2023-0152,2026-09-13,"1 case(s), $9,220 in 2020-2024 over mean revenue $15.0bn; largest: case 10-2023-0152 (2023), defendant 'Pulte Homes of Washington LLC', $9,220"
PHM,2025,568.71,EPA ECHO ICIS-FE&C civil enforcement cases,https://echo.epa.gov/enforcement-case-report?id=10-2023-0152,2026-09-13,"1 case(s), $9,220 in 2021-2025 over mean revenue $16.2bn; largest: case 10-2023-0152 (2023), defendant 'Pulte Homes of Washington LLC', $9,220"
PKG,2020,0.0,EPA ECHO ICIS-FE&C civil enforcement cases,https://echo.epa.gov/facilities/enforcement-case-search,2026-09-13,"no federal EPA civil penalty found under the company's name, former names or 10-K subsidiaries with a settlement in 2016-2020 (ECHO file retrieved 2026-09-13)"
PKG,2021,0.0,EPA ECHO ICIS-FE&C civil enforcement cases,https://echo.epa.gov/facilities/enforcement-case-search,2026-09-13,"no federal EPA civil penalty found under the company's name, former names or 10-K subsidiaries with a settlement in 2017-2021 (ECHO file retrieved 2026-09-13)"
PKG,2022,339255.38,EPA ECHO ICIS-FE&C civil enforcement cases,https://echo.epa.gov/enforcement-case-report?id=06-2018-3402,2026-09-13,"1 case(s), $2,500,000 in 2018-2022 over mean revenue $7.4bn; largest: case 06-2018-3402 (2022), defendant 'Packaging Corporation of America', $2,500,000"
PKG,2023,332153.52,EPA ECHO ICIS-FE&C civil enforcement cases,https://echo.epa.gov/enforcement-case-report?id=06-2018-3402,2026-09-13,"1 case(s), $2,500,000 in 2019-2023 over mean revenue $7.5bn; largest: case 06-2018-3402 (2022), defendant 'Packaging Corporation of America', $2,500,000"
PKG,2024,320084.4,EPA ECHO ICIS-FE&C civil enforcement cases,https://echo.epa.gov/enforcement-case-report?id=06-2018-3402,2026-09-13,"1 case(s), $2,500,000 in 2020-2024 over mean revenue $7.8bn; largest: case 06-2018-3402 (2022), defendant 'Packaging Corporation of America', $2,500,000"
PKG,2025,302054.21,EPA ECHO ICIS-FE&C civil enforcement cases,https://echo.epa.gov/enforcement-case-report?id=06-2018-3402,2026-09-13,"1 case(s), $2,500,000 in 2021-2025 over mean revenue $8.3bn; largest: case 06-2018-3402 (2022), defendant 'Packaging Corporation of America', $2,500,000"
PLD,2020,0.0,EPA ECHO ICIS-FE&C civil enforcement cases,https://echo.epa.gov/facilities/enforcement-case-search,2026-09-13,"no federal EPA civil penalty found under the company's name, former names or 10-K subsidiaries with a settlement in 2016-2020 (ECHO file retrieved 2026-09-13)"
PLD,2021,0.0,EPA ECHO ICIS-FE&C civil enforcement cases,https://echo.epa.gov/facilities/enforcement-case-search,2026-09-13,"no federal EPA civil penalty found under the company's name, former names or 10-K subsidiaries with a settlement in 2017-2021 (ECHO file retrieved 2026-09-13)"
PLD,2022,0.0,EPA ECHO ICIS-FE&C civil enforcement cases,https://echo.epa.gov/facilities/enforcement-case-search,2026-09-13,"no federal EPA civil penalty found under the company's name, former names or 10-K subsidiaries with a settlement in 2018-2022 (ECHO file retrieved 2026-09-13)"
PLD,2023,0.0,EPA ECHO ICIS-FE&C civil enforcement cases,https://echo.epa.gov/facilities/enforcement-case-search,2026-09-13,"no federal EPA civil penalty found under the company's name, former names or 10-K subsidiaries with a settlement in 2019-2023 (ECHO file retrieved 2026-09-13)"
PLD,2024,0.0,EPA ECHO ICIS-FE&C civil enforcement cases,https://echo.epa.gov/facilities/enforcement-case-search,2026-09-13,"no federal EPA civil penalty found under the company's name, former names or 10-K subsidiaries with a settlement in 2020-2024 (ECHO file retrieved 2026-09-13)"
PLD,2025,0.0,EPA ECHO ICIS-FE&C civil enforcement cases,https://echo.epa.gov/facilities/enforcement-case-search,2026-09-13,"no federal EPA civil penalty found under the company's name, former names or 10-K subsidiaries with a settlement in 2021-2025 (ECHO file retrieved 2026-09-13)"
PLTR,2020,0.0,EPA ECHO ICIS-FE&C civil enforcement cases,https://echo.epa.gov/facilities/enforcement-case-search,2026-09-13,"no federal EPA civil penalty found under the company's name, former names or 10-K subsidiaries with a settlement in 2016-2020 (ECHO file retrieved 2026-09-13)"
PLTR,2021,0.0,EPA ECHO ICIS-FE&C civil enforcement cases,https://echo.epa.gov/facilities/enforcement-case-search,2026-09-13,"no federal EPA civil penalty found under the company's name, former names or 10-K subsidiaries with a settlement in 2017-2021 (ECHO file retrieved 2026-09-13)"
PLTR,2022,0.0,EPA ECHO ICIS-FE&C civil enforcement cases,https://echo.epa.gov/facilities/enforcement-case-search,2026-09-13,"no federal EPA civil penalty found under the company's name, former names or 10-K subsidiaries with a settlement in 2018-2022 (ECHO file retrieved 2026-09-13)"
PLTR,2023,0.0,EPA ECHO ICIS-FE&C civil enforcement cases,https://echo.epa.gov/facilities/enforcement-case-search,2026-09-13,"no federal EPA civil penalty found under the company's name, former names or 10-K subsidiaries with a settlement in 2019-2023 (ECHO file retrieved 2026-09-13)"
PLTR,2024,0.0,EPA ECHO ICIS-FE&C civil enforcement cases,https://echo.epa.gov/facilities/enforcement-case-search,2026-09-13,"no federal EPA civil penalty found under the company's name, former names or 10-K subsidiaries with a settlement in 2020-2024 (ECHO file retrieved 2026-09-13)"
PLTR,2025,0.0,EPA ECHO ICIS-FE&C civil enforcement cases,https://echo.epa.gov/facilities/enforcement-case-search,2026-09-13,"no federal EPA civil penalty found under the company's name, former names or 10-K subsidiaries with a settlement in 2021-2025 (ECHO file retrieved 2026-09-13)"
PM,2020,0.0,EPA ECHO ICIS-FE&C civil enforcement cases,https://echo.epa.gov/facilities/enforcement-case-search,2026-09-13,"no federal EPA civil penalty found under the company's name, former names or 10-K subsidiaries with a settlement in 2016-2020 (ECHO file retrieved 2026-09-13)"
PM,2021,0.0,EPA ECHO ICIS-FE&C civil enforcement cases,https://echo.epa.gov/facilities/enforcement-case-search,2026-09-13,"no federal EPA civil penalty found under the company's name, former names or 10-K subsidiaries with a settlement in 2017-2021 (ECHO file retrieved 2026-09-13)"
PM,2022,0.0,EPA ECHO ICIS-FE&C civil enforcement cases,https://echo.epa.gov/facilities/enforcement-case-search,2026-09-13,"no federal EPA civil penalty found under the company's name, former names or 10-K subsidiaries with a settlement in 2018-2022 (ECHO file retrieved 2026-09-13)"
PM,2023,0.0,EPA ECHO ICIS-FE&C civil enforcement cases,https://echo.epa.gov/facilities/enforcement-case-search,2026-09-13,"no federal EPA civil penalty found under the company's name, former names or 10-K subsidiaries with a settlement in 2019-2023 (ECHO file retrieved 2026-09-13)"
PM,2024,0.0,EPA ECHO ICIS-FE&C civil enforcement cases,https://echo.epa.gov/facilities/enforcement-case-search,2026-09-13,"no federal EPA civil penalty found under the company's name, former names or 10-K subsidiaries with a settlement in 2020-2024 (ECHO file retrieved 2026-09-13)"
PM,2025,0.0,EPA ECHO ICIS-FE&C civil enforcement cases,https://echo.epa.gov/facilities/enforcement-case-search,2026-09-13,"no federal EPA civil penalty found under the company's name, former names or 10-K subsidiaries with a settlement in 2021-2025 (ECHO file retrieved 2026-09-13)"
PNC,2020,0.0,EPA ECHO ICIS-FE&C civil enforcement cases,https://echo.epa.gov/facilities/enforcement-case-search,2026-09-13,"no federal EPA civil penalty found under the company's name, former names or 10-K subsidiaries with a settlement in 2016-2020 (ECHO file retrieved 2026-09-13)"
PNC,2021,0.0,EPA ECHO ICIS-FE&C civil enforcement cases,https://echo.epa.gov/facilities/enforcement-case-search,2026-09-13,"no federal EPA civil penalty found under the company's name, former names or 10-K subsidiaries with a settlement in 2017-2021 (ECHO file retrieved 2026-09-13)"
PNC,2022,0.0,EPA ECHO ICIS-FE&C civil enforcement cases,https://echo.epa.gov/facilities/enforcement-case-search,2026-09-13,"no federal EPA civil penalty found under the company's name, former names or 10-K subsidiaries with a settlement in 2018-2022 (ECHO file retrieved 2026-09-13)"
PNC,2023,0.0,EPA ECHO ICIS-FE&C civil enforcement cases,https://echo.epa.gov/facilities/enforcement-case-search,2026-09-13,"no federal EPA civil penalty found under the company's name, former names or 10-K subsidiaries with a settlement in 2019-2023 (ECHO file retrieved 2026-09-13)"
PNC,2024,0.0,EPA ECHO ICIS-FE&C civil enforcement cases,https://echo.epa.gov/facilities/enforcement-case-search,2026-09-13,"no federal EPA civil penalty found under the company's name, former names or 10-K subsidiaries with a settlement in 2020-2024 (ECHO file retrieved 2026-09-13)"
PNC,2025,0.0,EPA ECHO ICIS-FE&C civil enforcement cases,https://echo.epa.gov/facilities/enforcement-case-search,2026-09-13,"no federal EPA civil penalty found under the company's name, former names or 10-K subsidiaries with a settlement in 2021-2025 (ECHO file retrieved 2026-09-13)"
PNR,2020,0.0,EPA ECHO ICIS-FE&C civil enforcement cases,https://echo.epa.gov/facilities/enforcement-case-search,2026-09-13,"no federal EPA civil penalty found under the company's name, former names or 10-K subsidiaries with a settlement in 2016-2020 (ECHO file retrieved 2026-09-13)"
PNR,2021,0.0,EPA ECHO ICIS-FE&C civil enforcement cases,https://echo.epa.gov/facilities/enforcement-case-search,2026-09-13,"no federal EPA civil penalty found under the company's name, former names or 10-K subsidiaries with a settlement in 2017-2021 (ECHO file retrieved 2026-09-13)"
PNR,2022,0.0,EPA ECHO ICIS-FE&C civil enforcement cases,https://echo.epa.gov/facilities/enforcement-case-search,2026-09-13,"no federal EPA civil penalty found under the company's name, former names or 10-K subsidiaries with a settlement in 2018-2022 (ECHO file retrieved 2026-09-13)"
PNR,2023,57497.18,EPA ECHO ICIS-FE&C civil enforcement cases,https://echo.epa.gov/enforcement-case-report?id=04-2023-0702,2026-09-13,"1 case(s), $206,600 in 2019-2023 over mean revenue $3.6bn; largest: case 04-2023-0702 (2023), defendant 'PENTAIR AQUATIC ECO-SYSTEMS, INC', $206,600"
PNR,2024,54107.28,EPA ECHO ICIS-FE&C civil enforcement cases,https://echo.epa.gov/enforcement-case-report?id=04-2023-0702,2026-09-13,"1 case(s), $206,600 in 2020-2024 over mean revenue $3.8bn; largest: case 04-2023-0702 (2023), defendant 'PENTAIR AQUATIC ECO-SYSTEMS, INC', $206,600"
PNR,2025,51012.6,EPA ECHO ICIS-FE&C civil enforcement cases,https://echo.epa.gov/enforcement-case-report?id=04-2023-0702,2026-09-13,"1 case(s), $206,600 in 2021-2025 over mean revenue $4.0bn; largest: case 04-2023-0702 (2023), defendant 'PENTAIR AQUATIC ECO-SYSTEMS, INC', $206,600"
PNW,2020,0.0,EPA ECHO ICIS-FE&C civil enforcement cases,https://echo.epa.gov/facilities/enforcement-case-search,2026-09-13,"no federal EPA civil penalty found under the company's name, former names or 10-K subsidiaries with a settlement in 2016-2020 (ECHO file retrieved 2026-09-13)"
PNW,2021,0.0,EPA ECHO ICIS-FE&C civil enforcement cases,https://echo.epa.gov/facilities/enforcement-case-search,2026-09-13,"no federal EPA civil penalty found under the company's name, former names or 10-K subsidiaries with a settlement in 2017-2021 (ECHO file retrieved 2026-09-13)"
PNW,2022,0.0,EPA ECHO ICIS-FE&C civil enforcement cases,https://echo.epa.gov/facilities/enforcement-case-search,2026-09-13,"no federal EPA civil penalty found under the company's name, former names or 10-K subsidiaries with a settlement in 2018-2022 (ECHO file retrieved 2026-09-13)"
PNW,2023,0.0,EPA ECHO ICIS-FE&C civil enforcement cases,https://echo.epa.gov/facilities/enforcement-case-search,2026-09-13,"no federal EPA civil penalty found under the company's name, former names or 10-K subsidiaries with a settlement in 2019-2023 (ECHO file retrieved 2026-09-13)"
PNW,2024,0.0,EPA ECHO ICIS-FE&C civil enforcement cases,https://echo.epa.gov/facilities/enforcement-case-search,2026-09-13,"no federal EPA civil penalty found under the company's name, former names or 10-K subsidiaries with a settlement in 2020-2024 (ECHO file retrieved 2026-09-13)"
PNW,2025,0.0,EPA ECHO ICIS-FE&C civil enforcement cases,https://echo.epa.gov/facilities/enforcement-case-search,2026-09-13,"no federal EPA civil penalty found under the company's name, former names or 10-K subsidiaries with a settlement in 2021-2025 (ECHO file retrieved 2026-09-13)"
PODD,2020,0.0,EPA ECHO ICIS-FE&C civil enforcement cases,https://echo.epa.gov/facilities/enforcement-case-search,2026-09-13,"no federal EPA civil penalty found under the company's name, former names or 10-K subsidiaries with a settlement in 2016-2020 (ECHO file retrieved 2026-09-13)"
PODD,2021,0.0,EPA ECHO ICIS-FE&C civil enforcement cases,https://echo.epa.gov/facilities/enforcement-case-search,2026-09-13,"no federal EPA civil penalty found under the company's name, former names or 10-K subsidiaries with a settlement in 2017-2021 (ECHO file retrieved 2026-09-13)"
PODD,2022,0.0,EPA ECHO ICIS-FE&C civil enforcement cases,https://echo.epa.gov/facilities/enforcement-case-search,2026-09-13,"no federal EPA civil penalty found under the company's name, former names or 10-K subsidiaries with a settlement in 2018-2022 (ECHO file retrieved 2026-09-13)"
PODD,2023,0.0,EPA ECHO ICIS-FE&C civil enforcement cases,https://echo.epa.gov/facilities/enforcement-case-search,2026-09-13,"no federal EPA civil penalty found under the company's name, former names or 10-K subsidiaries with a settlement in 2019-2023 (ECHO file retrieved 2026-09-13)"
PODD,2024,0.0,EPA ECHO ICIS-FE&C civil enforcement cases,https://echo.epa.gov/facilities/enforcement-case-search,2026-09-13,"no federal EPA civil penalty found under the company's name, former names or 10-K subsidiaries with a settlement in 2020-2024 (ECHO file retrieved 2026-09-13)"
PODD,2025,0.0,EPA ECHO ICIS-FE&C civil enforcement cases,https://echo.epa.gov/facilities/enforcement-case-search,2026-09-13,"no federal EPA civil penalty found under the company's name, former names or 10-K subsidiaries with a settlement in 2021-2025 (ECHO file retrieved 2026-09-13)"
PPG,2020,6678.3,EPA ECHO ICIS-FE&C civil enforcement cases,https://echo.epa.gov/enforcement-case-report?id=03-2016-0088,2026-09-13,"2 case(s), $98,000 in 2016-2020 over mean revenue $14.7bn; largest: case 03-2016-0088 (2016), defendant 'PPG INDUSTRIES, INC', $59,000"
PPG,2021,3324.73,EPA ECHO ICIS-FE&C civil enforcement cases,https://echo.epa.gov/enforcement-case-report?id=03-2019-0119,2026-09-13,"2 case(s), $50,472 in 2017-2021 over mean revenue $15.2bn; largest: case 03-2019-0119 (2019), defendant 'WHITFORD CORPORATION', $39,000"
PPG,2022,3287.22,EPA ECHO ICIS-FE&C civil enforcement cases,https://echo.epa.gov/enforcement-case-report?id=03-2019-0119,2026-09-13,"2 case(s), $50,472 in 2018-2022 over mean revenue $15.4bn; largest: case 03-2019-0119 (2019), defendant 'WHITFORD CORPORATION', $39,000"
PPG,2023,3250.47,EPA ECHO ICIS-FE&C civil enforcement cases,https://echo.epa.gov/enforcement-case-report?id=03-2019-0119,2026-09-13,"2 case(s), $50,472 in 2019-2023 over mean revenue $15.5bn; largest: case 03-2019-0119 (2019), defendant 'WHITFORD CORPORATION', $39,000"
PPG,2024,1546.01,EPA ECHO ICIS-FE&C civil enforcement cases,https://echo.epa.gov/enforcement-case-report?id=10-2024-0017,2026-09-13,"2 case(s), $24,222 in 2020-2024 over mean revenue $15.7bn; largest: case 10-2024-0017 (2024), defendant 'Ennis-Flint, Inc.', $12,750"
PPG,2025,1506.76,EPA ECHO ICIS-FE&C civil enforcement cases,https://echo.epa.gov/enforcement-case-report?id=10-2024-0017,2026-09-13,"2 case(s), $24,222 in 2021-2025 over mean revenue $16.1bn; largest: case 10-2024-0017 (2024), defendant 'Ennis-Flint, Inc.', $12,750"
PPL,2020,0.0,EPA ECHO ICIS-FE&C civil enforcement cases,https://echo.epa.gov/facilities/enforcement-case-search,2026-09-13,"no federal EPA civil penalty found under the company's name, former names or 10-K subsidiaries with a settlement in 2016-2020 (ECHO file retrieved 2026-09-13)"
PPL,2021,0.0,EPA ECHO ICIS-FE&C civil enforcement cases,https://echo.epa.gov/facilities/enforcement-case-search,2026-09-13,"no federal EPA civil penalty found under the company's name, former names or 10-K subsidiaries with a settlement in 2017-2021 (ECHO file retrieved 2026-09-13)"
PPL,2022,0.0,EPA ECHO ICIS-FE&C civil enforcement cases,https://echo.epa.gov/facilities/enforcement-case-search,2026-09-13,"no federal EPA civil penalty found under the company's name, former names or 10-K subsidiaries with a settlement in 2018-2022 (ECHO file retrieved 2026-09-13)"
PPL,2023,0.0,EPA ECHO ICIS-FE&C civil enforcement cases,https://echo.epa.gov/facilities/enforcement-case-search,2026-09-13,"no federal EPA civil penalty found under the company's name, former names or 10-K subsidiaries with a settlement in 2019-2023 (ECHO file retrieved 2026-09-13)"
PPL,2024,0.0,EPA ECHO ICIS-FE&C civil enforcement cases,https://echo.epa.gov/facilities/enforcement-case-search,2026-09-13,"no federal EPA civil penalty found under the company's name, former names or 10-K subsidiaries with a settlement in 2020-2024 (ECHO file retrieved 2026-09-13)"
PPL,2025,0.0,EPA ECHO ICIS-FE&C civil enforcement cases,https://echo.epa.gov/facilities/enforcement-case-search,2026-09-13,"no federal EPA civil penalty found under the company's name, former names or 10-K subsidiaries with a settlement in 2021-2025 (ECHO file retrieved 2026-09-13)"
PRU,2020,0.0,EPA ECHO ICIS-FE&C civil enforcement cases,https://echo.epa.gov/facilities/enforcement-case-search,2026-09-13,"no federal EPA civil penalty found under the company's name, former names or 10-K subsidiaries with a settlement in 2016-2020 (ECHO file retrieved 2026-09-13)"
PRU,2021,0.0,EPA ECHO ICIS-FE&C civil enforcement cases,https://echo.epa.gov/facilities/enforcement-case-search,2026-09-13,"no federal EPA civil penalty found under the company's name, former names or 10-K subsidiaries with a settlement in 2017-2021 (ECHO file retrieved 2026-09-13)"
PRU,2022,0.0,EPA ECHO ICIS-FE&C civil enforcement cases,https://echo.epa.gov/facilities/enforcement-case-search,2026-09-13,"no federal EPA civil penalty found under the company's name, former names or 10-K subsidiaries with a settlement in 2018-2022 (ECHO file retrieved 2026-09-13)"
PRU,2023,0.0,EPA ECHO ICIS-FE&C civil enforcement cases,https://echo.epa.gov/facilities/enforcement-case-search,2026-09-13,"no federal EPA civil penalty found under the company's name, former names or 10-K subsidiaries with a settlement in 2019-2023 (ECHO file retrieved 2026-09-13)"
PRU,2024,0.0,EPA ECHO ICIS-FE&C civil enforcement cases,https://echo.epa.gov/facilities/enforcement-case-search,2026-09-13,"no federal EPA civil penalty found under the company's name, former names or 10-K subsidiaries with a settlement in 2020-2024 (ECHO file retrieved 2026-09-13)"
PRU,2025,0.0,EPA ECHO ICIS-FE&C civil enforcement cases,https://echo.epa.gov/facilities/enforcement-case-search,2026-09-13,"no federal EPA civil penalty found under the company's name, former names or 10-K subsidiaries with a settlement in 2021-2025 (ECHO file retrieved 2026-09-13)"
PSA,2020,0.0,EPA ECHO ICIS-FE&C civil enforcement cases,https://echo.epa.gov/facilities/enforcement-case-search,2026-09-13,"no federal EPA civil penalty found under the company's name, former names or 10-K subsidiaries with a settlement in 2016-2020 (ECHO file retrieved 2026-09-13)"
PSA,2021,0.0,EPA ECHO ICIS-FE&C civil enforcement cases,https://echo.epa.gov/facilities/enforcement-case-search,2026-09-13,"no federal EPA civil penalty found under the company's name, former names or 10-K subsidiaries with a settlement in 2017-2021 (ECHO file retrieved 2026-09-13)"
PSA,2022,0.0,EPA ECHO ICIS-FE&C civil enforcement cases,https://echo.epa.gov/facilities/enforcement-case-search,2026-09-13,"no federal EPA civil penalty found under the company's name, former names or 10-K subsidiaries with a settlement in 2018-2022 (ECHO file retrieved 2026-09-13)"
PSA,2023,0.0,EPA ECHO ICIS-FE&C civil enforcement cases,https://echo.epa.gov/facilities/enforcement-case-search,2026-09-13,"no federal EPA civil penalty found under the company's name, former names or 10-K subsidiaries with a settlement in 2019-2023 (ECHO file retrieved 2026-09-13)"
PSA,2024,0.0,EPA ECHO ICIS-FE&C civil enforcement cases,https://echo.epa.gov/facilities/enforcement-case-search,2026-09-13,"no federal EPA civil penalty found under the company's name, former names or 10-K subsidiaries with a settlement in 2020-2024 (ECHO file retrieved 2026-09-13)"
PSA,2025,0.0,EPA ECHO ICIS-FE&C civil enforcement cases,https://echo.epa.gov/facilities/enforcement-case-search,2026-09-13,"no federal EPA civil penalty found under the company's name, former names or 10-K subsidiaries with a settlement in 2021-2025 (ECHO file retrieved 2026-09-13)"
PSX,2020,465.72,EPA ECHO ICIS-FE&C civil enforcement cases,https://echo.epa.gov/enforcement-case-report?id=06-2018-3335,2026-09-13,"3 case(s), $43,733 in 2016-2020 over mean revenue $93.9bn; largest: case 06-2018-3335 (2018), defendant 'Phillips 66 Co.', $41,000"
PSX,2021,460.53,EPA ECHO ICIS-FE&C civil enforcement cases,https://echo.epa.gov/enforcement-case-report?id=06-2018-3335,2026-09-13,"4 case(s), $45,750 in 2017-2021 over mean revenue $99.3bn; largest: case 06-2018-3335 (2018), defendant 'Phillips 66 Co.', $41,000"
PSX,2022,29199.57,EPA ECHO ICIS-FE&C civil enforcement cases,https://echo.epa.gov/enforcement-case-report?id=08-2020-0070,2026-09-13,"5 case(s), $3,295,750 in 2018-2022 over mean revenue $112.9bn; largest: case 08-2020-0070 (2022), defendant 'DCP Midstream', $3,250,000"
PSX,2023,27109.95,EPA ECHO ICIS-FE&C civil enforcement cases,https://echo.epa.gov/enforcement-case-report?id=08-2020-0070,2026-09-13,"4 case(s), $3,254,750 in 2019-2023 over mean revenue $120.1bn; largest: case 08-2020-0070 (2022), defendant 'DCP Midstream', $3,250,000"
PSX,2024,40495.75,EPA ECHO ICIS-FE&C civil enforcement cases,https://echo.epa.gov/enforcement-case-report?id=08-2020-0070,2026-09-13,"4 case(s), $5,152,250 in 2020-2024 over mean revenue $127.2bn; largest: case 08-2020-0070 (2022), defendant 'DCP Midstream', $3,250,000"
PSX,2025,38649.14,EPA ECHO ICIS-FE&C civil enforcement cases,https://echo.epa.gov/enforcement-case-report?id=08-2020-0070,2026-09-13,"5 case(s), $5,444,845 in 2021-2025 over mean revenue $140.9bn; largest: case 08-2020-0070 (2022), defendant 'DCP Midstream', $3,250,000"
PTC,2020,0.0,EPA ECHO ICIS-FE&C civil enforcement cases,https://echo.epa.gov/facilities/enforcement-case-search,2026-09-13,"no federal EPA civil penalty found under the company's name, former names or 10-K subsidiaries with a settlement in 2016-2020 (ECHO file retrieved 2026-09-13)"
PTC,2021,0.0,EPA ECHO ICIS-FE&C civil enforcement cases,https://echo.epa.gov/facilities/enforcement-case-search,2026-09-13,"no federal EPA civil penalty found under the company's name, former names or 10-K subsidiaries with a settlement in 2017-2021 (ECHO file retrieved 2026-09-13)"
PTC,2022,0.0,EPA ECHO ICIS-FE&C civil enforcement cases,https://echo.epa.gov/facilities/enforcement-case-search,2026-09-13,"no federal EPA civil penalty found under the company's name, former names or 10-K subsidiaries with a settlement in 2018-2022 (ECHO file retrieved 2026-09-13)"
PTC,2023,0.0,EPA ECHO ICIS-FE&C civil enforcement cases,https://echo.epa.gov/facilities/enforcement-case-search,2026-09-13,"no federal EPA civil penalty found under the company's name, former names or 10-K subsidiaries with a settlement in 2019-2023 (ECHO file retrieved 2026-09-13)"
PTC,2024,0.0,EPA ECHO ICIS-FE&C civil enforcement cases,https://echo.epa.gov/facilities/enforcement-case-search,2026-09-13,"no federal EPA civil penalty found under the company's name, former names or 10-K subsidiaries with a settlement in 2020-2024 (ECHO file retrieved 2026-09-13)"
PTC,2025,0.0,EPA ECHO ICIS-FE&C civil enforcement cases,https://echo.epa.gov/facilities/enforcement-case-search,2026-09-13,"no federal EPA civil penalty found under the company's name, former names or 10-K subsidiaries with a settlement in 2021-2025 (ECHO file retrieved 2026-09-13)"
PWR,2020,707.31,EPA ECHO ICIS-FE&C civil enforcement cases,https://echo.epa.gov/enforcement-case-report?id=03-2019-8397,2026-09-13,"1 case(s), $7,300 in 2016-2020 over mean revenue $10.3bn; largest: case 03-2019-8397 (2018), defendant 'North American Industrial Services, Inc.', $7,300"
PWR,2021,641.11,EPA ECHO ICIS-FE&C civil enforcement cases,https://echo.epa.gov/enforcement-case-report?id=03-2019-8397,2026-09-13,"1 case(s), $7,300 in 2017-2021 over mean revenue $11.4bn; largest: case 03-2019-8397 (2018), defendant 'North American Industrial Services, Inc.', $7,300"
PWR,2022,565.54,EPA ECHO ICIS-FE&C civil enforcement cases,https://echo.epa.gov/enforcement-case-report?id=03-2019-8397,2026-09-13,"1 case(s), $7,300 in 2018-2022 over mean revenue $12.9bn; largest: case 03-2019-8397 (2018), defendant 'North American Industrial Services, Inc.', $7,300"
PWR,2023,0.0,EPA ECHO ICIS-FE&C civil enforcement cases,https://echo.epa.gov/facilities/enforcement-case-search,2026-09-13,"no federal EPA civil penalty found under the company's name, former names or 10-K subsidiaries with a settlement in 2019-2023 (ECHO file retrieved 2026-09-13)"
PWR,2024,0.0,EPA ECHO ICIS-FE&C civil enforcement cases,https://echo.epa.gov/facilities/enforcement-case-search,2026-09-13,"no federal EPA civil penalty found under the company's name, former names or 10-K subsidiaries with a settlement in 2020-2024 (ECHO file retrieved 2026-09-13)"
PWR,2025,0.0,EPA ECHO ICIS-FE&C civil enforcement cases,https://echo.epa.gov/facilities/enforcement-case-search,2026-09-13,"no federal EPA civil penalty found under the company's name, former names or 10-K subsidiaries with a settlement in 2021-2025 (ECHO file retrieved 2026-09-13)"
PYPL,2020,0.0,EPA ECHO ICIS-FE&C civil enforcement cases,https://echo.epa.gov/facilities/enforcement-case-search,2026-09-13,"no federal EPA civil penalty found under the company's name, former names or 10-K subsidiaries with a settlement in 2016-2020 (ECHO file retrieved 2026-09-13)"
PYPL,2021,0.0,EPA ECHO ICIS-FE&C civil enforcement cases,https://echo.epa.gov/facilities/enforcement-case-search,2026-09-13,"no federal EPA civil penalty found under the company's name, former names or 10-K subsidiaries with a settlement in 2017-2021 (ECHO file retrieved 2026-09-13)"
PYPL,2022,0.0,EPA ECHO ICIS-FE&C civil enforcement cases,https://echo.epa.gov/facilities/enforcement-case-search,2026-09-13,"no federal EPA civil penalty found under the company's name, former names or 10-K subsidiaries with a settlement in 2018-2022 (ECHO file retrieved 2026-09-13)"
PYPL,2023,0.0,EPA ECHO ICIS-FE&C civil enforcement cases,https://echo.epa.gov/facilities/enforcement-case-search,2026-09-13,"no federal EPA civil penalty found under the company's name, former names or 10-K subsidiaries with a settlement in 2019-2023 (ECHO file retrieved 2026-09-13)"
PYPL,2024,0.0,EPA ECHO ICIS-FE&C civil enforcement cases,https://echo.epa.gov/facilities/enforcement-case-search,2026-09-13,"no federal EPA civil penalty found under the company's name, former names or 10-K subsidiaries with a settlement in 2020-2024 (ECHO file retrieved 2026-09-13)"
PYPL,2025,0.0,EPA ECHO ICIS-FE&C civil enforcement cases,https://echo.epa.gov/facilities/enforcement-case-search,2026-09-13,"no federal EPA civil penalty found under the company's name, former names or 10-K subsidiaries with a settlement in 2021-2025 (ECHO file retrieved 2026-09-13)"
Q,2025,0.0,EPA ECHO ICIS-FE&C civil enforcement cases,https://echo.epa.gov/facilities/enforcement-case-search,2026-09-13,"no federal EPA civil penalty found under the company's name, former names or 10-K subsidiaries with a settlement in 2021-2025 (ECHO file retrieved 2026-09-13)"
QCOM,2020,0.0,EPA ECHO ICIS-FE&C civil enforcement cases,https://echo.epa.gov/facilities/enforcement-case-search,2026-09-13,"no federal EPA civil penalty found under the company's name, former names or 10-K subsidiaries with a settlement in 2016-2020 (ECHO file retrieved 2026-09-13)"
QCOM,2021,0.0,EPA ECHO ICIS-FE&C civil enforcement cases,https://echo.epa.gov/facilities/enforcement-case-search,2026-09-13,"no federal EPA civil penalty found under the company's name, former names or 10-K subsidiaries with a settlement in 2017-2021 (ECHO file retrieved 2026-09-13)"
QCOM,2022,0.0,EPA ECHO ICIS-FE&C civil enforcement cases,https://echo.epa.gov/facilities/enforcement-case-search,2026-09-13,"no federal EPA civil penalty found under the company's name, former names or 10-K subsidiaries with a settlement in 2018-2022 (ECHO file retrieved 2026-09-13)"
QCOM,2023,0.0,EPA ECHO ICIS-FE&C civil enforcement cases,https://echo.epa.gov/facilities/enforcement-case-search,2026-09-13,"no federal EPA civil penalty found under the company's name, former names or 10-K subsidiaries with a settlement in 2019-2023 (ECHO file retrieved 2026-09-13)"
QCOM,2024,0.0,EPA ECHO ICIS-FE&C civil enforcement cases,https://echo.epa.gov/facilities/enforcement-case-search,2026-09-13,"no federal EPA civil penalty found under the company's name, former names or 10-K subsidiaries with a settlement in 2020-2024 (ECHO file retrieved 2026-09-13)"
QCOM,2025,0.0,EPA ECHO ICIS-FE&C civil enforcement cases,https://echo.epa.gov/facilities/enforcement-case-search,2026-09-13,"no federal EPA civil penalty found under the company's name, former names or 10-K subsidiaries with a settlement in 2021-2025 (ECHO file retrieved 2026-09-13)"
RCL,2020,0.0,EPA ECHO ICIS-FE&C civil enforcement cases,https://echo.epa.gov/facilities/enforcement-case-search,2026-09-13,"no federal EPA civil penalty found under the company's name, former names or 10-K subsidiaries with a settlement in 2016-2020 (ECHO file retrieved 2026-09-13)"
RCL,2021,0.0,EPA ECHO ICIS-FE&C civil enforcement cases,https://echo.epa.gov/facilities/enforcement-case-search,2026-09-13,"no federal EPA civil penalty found under the company's name, former names or 10-K subsidiaries with a settlement in 2017-2021 (ECHO file retrieved 2026-09-13)"
RCL,2022,0.0,EPA ECHO ICIS-FE&C civil enforcement cases,https://echo.epa.gov/facilities/enforcement-case-search,2026-09-13,"no federal EPA civil penalty found under the company's name, former names or 10-K subsidiaries with a settlement in 2018-2022 (ECHO file retrieved 2026-09-13)"
RCL,2023,0.0,EPA ECHO ICIS-FE&C civil enforcement cases,https://echo.epa.gov/facilities/enforcement-case-search,2026-09-13,"no federal EPA civil penalty found under the company's name, former names or 10-K subsidiaries with a settlement in 2019-2023 (ECHO file retrieved 2026-09-13)"
RCL,2024,0.0,EPA ECHO ICIS-FE&C civil enforcement cases,https://echo.epa.gov/facilities/enforcement-case-search,2026-09-13,"no federal EPA civil penalty found under the company's name, former names or 10-K subsidiaries with a settlement in 2020-2024 (ECHO file retrieved 2026-09-13)"
RCL,2025,0.0,EPA ECHO ICIS-FE&C civil enforcement cases,https://echo.epa.gov/facilities/enforcement-case-search,2026-09-13,"no federal EPA civil penalty found under the company's name, former names or 10-K subsidiaries with a settlement in 2021-2025 (ECHO file retrieved 2026-09-13)"
RDDT,2024,0.0,EPA ECHO ICIS-FE&C civil enforcement cases,https://echo.epa.gov/facilities/enforcement-case-search,2026-09-13,"no federal EPA civil penalty found under the company's name, former names or 10-K subsidiaries with a settlement in 2020-2024 (ECHO file retrieved 2026-09-13)"
RDDT,2025,0.0,EPA ECHO ICIS-FE&C civil enforcement cases,https://echo.epa.gov/facilities/enforcement-case-search,2026-09-13,"no federal EPA civil penalty found under the company's name, former names or 10-K subsidiaries with a settlement in 2021-2025 (ECHO file retrieved 2026-09-13)"
REG,2020,0.0,EPA ECHO ICIS-FE&C civil enforcement cases,https://echo.epa.gov/facilities/enforcement-case-search,2026-09-13,"no federal EPA civil penalty found under the company's name, former names or 10-K subsidiaries with a settlement in 2016-2020 (ECHO file retrieved 2026-09-13)"
REG,2021,0.0,EPA ECHO ICIS-FE&C civil enforcement cases,https://echo.epa.gov/facilities/enforcement-case-search,2026-09-13,"no federal EPA civil penalty found under the company's name, former names or 10-K subsidiaries with a settlement in 2017-2021 (ECHO file retrieved 2026-09-13)"
REG,2022,0.0,EPA ECHO ICIS-FE&C civil enforcement cases,https://echo.epa.gov/facilities/enforcement-case-search,2026-09-13,"no federal EPA civil penalty found under the company's name, former names or 10-K subsidiaries with a settlement in 2018-2022 (ECHO file retrieved 2026-09-13)"
REG,2023,0.0,EPA ECHO ICIS-FE&C civil enforcement cases,https://echo.epa.gov/facilities/enforcement-case-search,2026-09-13,"no federal EPA civil penalty found under the company's name, former names or 10-K subsidiaries with a settlement in 2019-2023 (ECHO file retrieved 2026-09-13)"
REG,2024,0.0,EPA ECHO ICIS-FE&C civil enforcement cases,https://echo.epa.gov/facilities/enforcement-case-search,2026-09-13,"no federal EPA civil penalty found under the company's name, former names or 10-K subsidiaries with a settlement in 2020-2024 (ECHO file retrieved 2026-09-13)"
REG,2025,0.0,EPA ECHO ICIS-FE&C civil enforcement cases,https://echo.epa.gov/facilities/enforcement-case-search,2026-09-13,"no federal EPA civil penalty found under the company's name, former names or 10-K subsidiaries with a settlement in 2021-2025 (ECHO file retrieved 2026-09-13)"
REGN,2020,355.61,EPA ECHO ICIS-FE&C civil enforcement cases,https://echo.epa.gov/enforcement-case-report?id=02-2019-3301,2026-09-13,"1 case(s), $2,200 in 2016-2020 over mean revenue $6.2bn; largest: case 02-2019-3301 (2018), defendant 'Regeneron Pharmaceuticals, Inc.', $2,200"
REGN,2021,261.01,EPA ECHO ICIS-FE&C civil enforcement cases,https://echo.epa.gov/enforcement-case-report?id=02-2019-3301,2026-09-13,"1 case(s), $2,200 in 2017-2021 over mean revenue $8.4bn; largest: case 02-2019-3301 (2018), defendant 'Regeneron Pharmaceuticals, Inc.', $2,200"
REGN,2022,227.06,EPA ECHO ICIS-FE&C civil enforcement cases,https://echo.epa.gov/enforcement-case-report?id=02-2019-3301,2026-09-13,"1 case(s), $2,200 in 2018-2022 over mean revenue $9.7bn; largest: case 02-2019-3301 (2018), defendant 'Regeneron Pharmaceuticals, Inc.', $2,200"
REGN,2023,0.0,EPA ECHO ICIS-FE&C civil enforcement cases,https://echo.epa.gov/facilities/enforcement-case-search,2026-09-13,"no federal EPA civil penalty found under the company's name, former names or 10-K subsidiaries with a settlement in 2019-2023 (ECHO file retrieved 2026-09-13)"
REGN,2024,0.0,EPA ECHO ICIS-FE&C civil enforcement cases,https://echo.epa.gov/facilities/enforcement-case-search,2026-09-13,"no federal EPA civil penalty found under the company's name, former names or 10-K subsidiaries with a settlement in 2020-2024 (ECHO file retrieved 2026-09-13)"
REGN,2025,0.0,EPA ECHO ICIS-FE&C civil enforcement cases,https://echo.epa.gov/facilities/enforcement-case-search,2026-09-13,"no federal EPA civil penalty found under the company's name, former names or 10-K subsidiaries with a settlement in 2021-2025 (ECHO file retrieved 2026-09-13)"
RF,2020,0.0,EPA ECHO ICIS-FE&C civil enforcement cases,https://echo.epa.gov/facilities/enforcement-case-search,2026-09-13,"no federal EPA civil penalty found under the company's name, former names or 10-K subsidiaries with a settlement in 2016-2020 (ECHO file retrieved 2026-09-13)"
RF,2021,0.0,EPA ECHO ICIS-FE&C civil enforcement cases,https://echo.epa.gov/facilities/enforcement-case-search,2026-09-13,"no federal EPA civil penalty found under the company's name, former names or 10-K subsidiaries with a settlement in 2017-2021 (ECHO file retrieved 2026-09-13)"
RF,2022,0.0,EPA ECHO ICIS-FE&C civil enforcement cases,https://echo.epa.gov/facilities/enforcement-case-search,2026-09-13,"no federal EPA civil penalty found under the company's name, former names or 10-K subsidiaries with a settlement in 2018-2022 (ECHO file retrieved 2026-09-13)"
RF,2023,0.0,EPA ECHO ICIS-FE&C civil enforcement cases,https://echo.epa.gov/facilities/enforcement-case-search,2026-09-13,"no federal EPA civil penalty found under the company's name, former names or 10-K subsidiaries with a settlement in 2019-2023 (ECHO file retrieved 2026-09-13)"
RF,2024,0.0,EPA ECHO ICIS-FE&C civil enforcement cases,https://echo.epa.gov/facilities/enforcement-case-search,2026-09-13,"no federal EPA civil penalty found under the company's name, former names or 10-K subsidiaries with a settlement in 2020-2024 (ECHO file retrieved 2026-09-13)"
RF,2025,0.0,EPA ECHO ICIS-FE&C civil enforcement cases,https://echo.epa.gov/facilities/enforcement-case-search,2026-09-13,"no federal EPA civil penalty found under the company's name, former names or 10-K subsidiaries with a settlement in 2021-2025 (ECHO file retrieved 2026-09-13)"
RJF,2020,0.0,EPA ECHO ICIS-FE&C civil enforcement cases,https://echo.epa.gov/facilities/enforcement-case-search,2026-09-13,"no federal EPA civil penalty found under the company's name, former names or 10-K subsidiaries with a settlement in 2016-2020 (ECHO file retrieved 2026-09-13)"
RJF,2021,0.0,EPA ECHO ICIS-FE&C civil enforcement cases,https://echo.epa.gov/facilities/enforcement-case-search,2026-09-13,"no federal EPA civil penalty found under the company's name, former names or 10-K subsidiaries with a settlement in 2017-2021 (ECHO file retrieved 2026-09-13)"
RJF,2022,0.0,EPA ECHO ICIS-FE&C civil enforcement cases,https://echo.epa.gov/facilities/enforcement-case-search,2026-09-13,"no federal EPA civil penalty found under the company's name, former names or 10-K subsidiaries with a settlement in 2018-2022 (ECHO file retrieved 2026-09-13)"
RJF,2023,0.0,EPA ECHO ICIS-FE&C civil enforcement cases,https://echo.epa.gov/facilities/enforcement-case-search,2026-09-13,"no federal EPA civil penalty found under the company's name, former names or 10-K subsidiaries with a settlement in 2019-2023 (ECHO file retrieved 2026-09-13)"
RJF,2024,0.0,EPA ECHO ICIS-FE&C civil enforcement cases,https://echo.epa.gov/facilities/enforcement-case-search,2026-09-13,"no federal EPA civil penalty found under the company's name, former names or 10-K subsidiaries with a settlement in 2020-2024 (ECHO file retrieved 2026-09-13)"
RJF,2025,0.0,EPA ECHO ICIS-FE&C civil enforcement cases,https://echo.epa.gov/facilities/enforcement-case-search,2026-09-13,"no federal EPA civil penalty found under the company's name, former names or 10-K subsidiaries with a settlement in 2021-2025 (ECHO file retrieved 2026-09-13)"
RL,2020,0.0,EPA ECHO ICIS-FE&C civil enforcement cases,https://echo.epa.gov/facilities/enforcement-case-search,2026-09-13,"no federal EPA civil penalty found under the company's name, former names or 10-K subsidiaries with a settlement in 2016-2020 (ECHO file retrieved 2026-09-13)"
RL,2021,0.0,EPA ECHO ICIS-FE&C civil enforcement cases,https://echo.epa.gov/facilities/enforcement-case-search,2026-09-13,"no federal EPA civil penalty found under the company's name, former names or 10-K subsidiaries with a settlement in 2017-2021 (ECHO file retrieved 2026-09-13)"
RL,2022,0.0,EPA ECHO ICIS-FE&C civil enforcement cases,https://echo.epa.gov/facilities/enforcement-case-search,2026-09-13,"no federal EPA civil penalty found under the company's name, former names or 10-K subsidiaries with a settlement in 2018-2022 (ECHO file retrieved 2026-09-13)"
RL,2023,0.0,EPA ECHO ICIS-FE&C civil enforcement cases,https://echo.epa.gov/facilities/enforcement-case-search,2026-09-13,"no federal EPA civil penalty found under the company's name, former names or 10-K subsidiaries with a settlement in 2019-2023 (ECHO file retrieved 2026-09-13)"
RL,2024,0.0,EPA ECHO ICIS-FE&C civil enforcement cases,https://echo.epa.gov/facilities/enforcement-case-search,2026-09-13,"no federal EPA civil penalty found under the company's name, former names or 10-K subsidiaries with a settlement in 2020-2024 (ECHO file retrieved 2026-09-13)"
RL,2025,0.0,EPA ECHO ICIS-FE&C civil enforcement cases,https://echo.epa.gov/facilities/enforcement-case-search,2026-09-13,"no federal EPA civil penalty found under the company's name, former names or 10-K subsidiaries with a settlement in 2021-2025 (ECHO file retrieved 2026-09-13)"
RMD,2020,0.0,EPA ECHO ICIS-FE&C civil enforcement cases,https://echo.epa.gov/facilities/enforcement-case-search,2026-09-13,"no federal EPA civil penalty found under the company's name, former names or 10-K subsidiaries with a settlement in 2016-2020 (ECHO file retrieved 2026-09-13)"
RMD,2021,0.0,EPA ECHO ICIS-FE&C civil enforcement cases,https://echo.epa.gov/facilities/enforcement-case-search,2026-09-13,"no federal EPA civil penalty found under the company's name, former names or 10-K subsidiaries with a settlement in 2017-2021 (ECHO file retrieved 2026-09-13)"
RMD,2022,0.0,EPA ECHO ICIS-FE&C civil enforcement cases,https://echo.epa.gov/facilities/enforcement-case-search,2026-09-13,"no federal EPA civil penalty found under the company's name, former names or 10-K subsidiaries with a settlement in 2018-2022 (ECHO file retrieved 2026-09-13)"
RMD,2023,0.0,EPA ECHO ICIS-FE&C civil enforcement cases,https://echo.epa.gov/facilities/enforcement-case-search,2026-09-13,"no federal EPA civil penalty found under the company's name, former names or 10-K subsidiaries with a settlement in 2019-2023 (ECHO file retrieved 2026-09-13)"
RMD,2024,0.0,EPA ECHO ICIS-FE&C civil enforcement cases,https://echo.epa.gov/facilities/enforcement-case-search,2026-09-13,"no federal EPA civil penalty found under the company's name, former names or 10-K subsidiaries with a settlement in 2020-2024 (ECHO file retrieved 2026-09-13)"
RMD,2025,0.0,EPA ECHO ICIS-FE&C civil enforcement cases,https://echo.epa.gov/facilities/enforcement-case-search,2026-09-13,"no federal EPA civil penalty found under the company's name, former names or 10-K subsidiaries with a settlement in 2021-2025 (ECHO file retrieved 2026-09-13)"
ROK,2020,0.0,EPA ECHO ICIS-FE&C civil enforcement cases,https://echo.epa.gov/facilities/enforcement-case-search,2026-09-13,"no federal EPA civil penalty found under the company's name, former names or 10-K subsidiaries with a settlement in 2016-2020 (ECHO file retrieved 2026-09-13)"
ROK,2021,0.0,EPA ECHO ICIS-FE&C civil enforcement cases,https://echo.epa.gov/facilities/enforcement-case-search,2026-09-13,"no federal EPA civil penalty found under the company's name, former names or 10-K subsidiaries with a settlement in 2017-2021 (ECHO file retrieved 2026-09-13)"
ROK,2022,0.0,EPA ECHO ICIS-FE&C civil enforcement cases,https://echo.epa.gov/facilities/enforcement-case-search,2026-09-13,"no federal EPA civil penalty found under the company's name, former names or 10-K subsidiaries with a settlement in 2018-2022 (ECHO file retrieved 2026-09-13)"
ROK,2023,0.0,EPA ECHO ICIS-FE&C civil enforcement cases,https://echo.epa.gov/facilities/enforcement-case-search,2026-09-13,"no federal EPA civil penalty found under the company's name, former names or 10-K subsidiaries with a settlement in 2019-2023 (ECHO file retrieved 2026-09-13)"
ROK,2024,0.0,EPA ECHO ICIS-FE&C civil enforcement cases,https://echo.epa.gov/facilities/enforcement-case-search,2026-09-13,"no federal EPA civil penalty found under the company's name, former names or 10-K subsidiaries with a settlement in 2020-2024 (ECHO file retrieved 2026-09-13)"
ROK,2025,0.0,EPA ECHO ICIS-FE&C civil enforcement cases,https://echo.epa.gov/facilities/enforcement-case-search,2026-09-13,"no federal EPA civil penalty found under the company's name, former names or 10-K subsidiaries with a settlement in 2021-2025 (ECHO file retrieved 2026-09-13)"
ROL,2020,0.0,EPA ECHO ICIS-FE&C civil enforcement cases,https://echo.epa.gov/facilities/enforcement-case-search,2026-09-13,"no federal EPA civil penalty found under the company's name, former names or 10-K subsidiaries with a settlement in 2016-2020 (ECHO file retrieved 2026-09-13)"
ROL,2021,0.0,EPA ECHO ICIS-FE&C civil enforcement cases,https://echo.epa.gov/facilities/enforcement-case-search,2026-09-13,"no federal EPA civil penalty found under the company's name, former names or 10-K subsidiaries with a settlement in 2017-2021 (ECHO file retrieved 2026-09-13)"
ROL,2022,0.0,EPA ECHO ICIS-FE&C civil enforcement cases,https://echo.epa.gov/facilities/enforcement-case-search,2026-09-13,"no federal EPA civil penalty found under the company's name, former names or 10-K subsidiaries with a settlement in 2018-2022 (ECHO file retrieved 2026-09-13)"
ROL,2023,0.0,EPA ECHO ICIS-FE&C civil enforcement cases,https://echo.epa.gov/facilities/enforcement-case-search,2026-09-13,"no federal EPA civil penalty found under the company's name, former names or 10-K subsidiaries with a settlement in 2019-2023 (ECHO file retrieved 2026-09-13)"
ROL,2024,0.0,EPA ECHO ICIS-FE&C civil enforcement cases,https://echo.epa.gov/facilities/enforcement-case-search,2026-09-13,"no federal EPA civil penalty found under the company's name, former names or 10-K subsidiaries with a settlement in 2020-2024 (ECHO file retrieved 2026-09-13)"
ROL,2025,0.0,EPA ECHO ICIS-FE&C civil enforcement cases,https://echo.epa.gov/facilities/enforcement-case-search,2026-09-13,"no federal EPA civil penalty found under the company's name, former names or 10-K subsidiaries with a settlement in 2021-2025 (ECHO file retrieved 2026-09-13)"
ROP,2020,0.0,EPA ECHO ICIS-FE&C civil enforcement cases,https://echo.epa.gov/facilities/enforcement-case-search,2026-09-13,"no federal EPA civil penalty found under the company's name, former names or 10-K subsidiaries with a settlement in 2016-2020 (ECHO file retrieved 2026-09-13)"
ROP,2021,0.0,EPA ECHO ICIS-FE&C civil enforcement cases,https://echo.epa.gov/facilities/enforcement-case-search,2026-09-13,"no federal EPA civil penalty found under the company's name, former names or 10-K subsidiaries with a settlement in 2017-2021 (ECHO file retrieved 2026-09-13)"
ROP,2022,0.0,EPA ECHO ICIS-FE&C civil enforcement cases,https://echo.epa.gov/facilities/enforcement-case-search,2026-09-13,"no federal EPA civil penalty found under the company's name, former names or 10-K subsidiaries with a settlement in 2018-2022 (ECHO file retrieved 2026-09-13)"
ROP,2023,0.0,EPA ECHO ICIS-FE&C civil enforcement cases,https://echo.epa.gov/facilities/enforcement-case-search,2026-09-13,"no federal EPA civil penalty found under the company's name, former names or 10-K subsidiaries with a settlement in 2019-2023 (ECHO file retrieved 2026-09-13)"
ROP,2024,0.0,EPA ECHO ICIS-FE&C civil enforcement cases,https://echo.epa.gov/facilities/enforcement-case-search,2026-09-13,"no federal EPA civil penalty found under the company's name, former names or 10-K subsidiaries with a settlement in 2020-2024 (ECHO file retrieved 2026-09-13)"
ROP,2025,0.0,EPA ECHO ICIS-FE&C civil enforcement cases,https://echo.epa.gov/facilities/enforcement-case-search,2026-09-13,"no federal EPA civil penalty found under the company's name, former names or 10-K subsidiaries with a settlement in 2021-2025 (ECHO file retrieved 2026-09-13)"
ROST,2020,0.0,EPA ECHO ICIS-FE&C civil enforcement cases,https://echo.epa.gov/facilities/enforcement-case-search,2026-09-13,"no federal EPA civil penalty found under the company's name, former names or 10-K subsidiaries with a settlement in 2016-2020 (ECHO file retrieved 2026-09-13)"
ROST,2021,0.0,EPA ECHO ICIS-FE&C civil enforcement cases,https://echo.epa.gov/facilities/enforcement-case-search,2026-09-13,"no federal EPA civil penalty found under the company's name, former names or 10-K subsidiaries with a settlement in 2017-2021 (ECHO file retrieved 2026-09-13)"
ROST,2022,0.0,EPA ECHO ICIS-FE&C civil enforcement cases,https://echo.epa.gov/facilities/enforcement-case-search,2026-09-13,"no federal EPA civil penalty found under the company's name, former names or 10-K subsidiaries with a settlement in 2018-2022 (ECHO file retrieved 2026-09-13)"
ROST,2023,3177.0,EPA ECHO ICIS-FE&C civil enforcement cases,https://echo.epa.gov/enforcement-case-report?id=09-2023-0054,2026-09-13,"1 case(s), $55,000 in 2019-2023 over mean revenue $17.3bn; largest: case 09-2023-0054 (2023), defendant 'Ross Stores, Inc', $55,000"
ROST,2024,3000.55,EPA ECHO ICIS-FE&C civil enforcement cases,https://echo.epa.gov/enforcement-case-report?id=09-2023-0054,2026-09-13,"1 case(s), $55,000 in 2020-2024 over mean revenue $18.3bn; largest: case 09-2023-0054 (2023), defendant 'Ross Stores, Inc', $55,000"
ROST,2025,2699.55,EPA ECHO ICIS-FE&C civil enforcement cases,https://echo.epa.gov/enforcement-case-report?id=09-2023-0054,2026-09-13,"1 case(s), $55,000 in 2021-2025 over mean revenue $20.4bn; largest: case 09-2023-0054 (2023), defendant 'Ross Stores, Inc', $55,000"
RSG,2020,15240.77,EPA ECHO ICIS-FE&C civil enforcement cases,https://echo.epa.gov/enforcement-case-report?id=02-2017-9106,2026-09-13,"4 case(s), $163,670 in 2016-2020 over mean revenue $10.7bn; largest: case 02-2017-9106 (2017), defendant 'Cycle Chem Inc.', $56,250"
RSG,2021,14807.85,EPA ECHO ICIS-FE&C civil enforcement cases,https://echo.epa.gov/enforcement-case-report?id=02-2017-9106,2026-09-13,"5 case(s), $170,670 in 2017-2021 over mean revenue $11.5bn; largest: case 02-2017-9106 (2017), defendant 'Cycle Chem Inc.', $56,250"
RSG,2022,4599.75,EPA ECHO ICIS-FE&C civil enforcement cases,https://echo.epa.gov/enforcement-case-report?id=02-2020-9101,2026-09-13,"3 case(s), $58,170 in 2018-2022 over mean revenue $12.6bn; largest: case 02-2020-9101 (2020), defendant 'Cycle Chem Incorporated', $25,970"
RSG,2023,12183.94,EPA ECHO ICIS-FE&C civil enforcement cases,https://echo.epa.gov/enforcement-case-report?id=09-2023-5042,2026-09-13,"5 case(s), $171,720 in 2019-2023 over mean revenue $14.1bn; largest: case 09-2023-5042 (2023), defendant 'NRC Environmental Services, Inc', $115,000"
RSG,2024,55781.68,EPA ECHO ICIS-FE&C civil enforcement cases,https://echo.epa.gov/enforcement-case-report?id=02-2017-0002,2026-09-13,"8 case(s), $855,633 in 2020-2024 over mean revenue $15.3bn; largest: case 02-2017-0002 (2024), defendant 'Allied Waste Niagara Falls Landfill, LLC', $671,000"
RSG,2025,49567.57,EPA ECHO ICIS-FE&C civil enforcement cases,https://echo.epa.gov/enforcement-case-report?id=02-2017-0002,2026-09-13,"7 case(s), $829,663 in 2021-2025 over mean revenue $16.7bn; largest: case 02-2017-0002 (2024), defendant 'Allied Waste Niagara Falls Landfill, LLC', $671,000"
RTX,2020,0.0,EPA ECHO ICIS-FE&C civil enforcement cases,https://echo.epa.gov/facilities/enforcement-case-search,2026-09-13,"no federal EPA civil penalty found under the company's name, former names or 10-K subsidiaries with a settlement in 2016-2020 (ECHO file retrieved 2026-09-13)"
RTX,2021,0.0,EPA ECHO ICIS-FE&C civil enforcement cases,https://echo.epa.gov/facilities/enforcement-case-search,2026-09-13,"no federal EPA civil penalty found under the company's name, former names or 10-K subsidiaries with a settlement in 2017-2021 (ECHO file retrieved 2026-09-13)"
RTX,2022,0.0,EPA ECHO ICIS-FE&C civil enforcement cases,https://echo.epa.gov/facilities/enforcement-case-search,2026-09-13,"no federal EPA civil penalty found under the company's name, former names or 10-K subsidiaries with a settlement in 2018-2022 (ECHO file retrieved 2026-09-13)"
RTX,2023,0.0,EPA ECHO ICIS-FE&C civil enforcement cases,https://echo.epa.gov/facilities/enforcement-case-search,2026-09-13,"no federal EPA civil penalty found under the company's name, former names or 10-K subsidiaries with a settlement in 2019-2023 (ECHO file retrieved 2026-09-13)"
RTX,2024,0.0,EPA ECHO ICIS-FE&C civil enforcement cases,https://echo.epa.gov/facilities/enforcement-case-search,2026-09-13,"no federal EPA civil penalty found under the company's name, former names or 10-K subsidiaries with a settlement in 2020-2024 (ECHO file retrieved 2026-09-13)"
RTX,2025,0.0,EPA ECHO ICIS-FE&C civil enforcement cases,https://echo.epa.gov/facilities/enforcement-case-search,2026-09-13,"no federal EPA civil penalty found under the company's name, former names or 10-K subsidiaries with a settlement in 2021-2025 (ECHO file retrieved 2026-09-13)"
RVTY,2020,0.0,EPA ECHO ICIS-FE&C civil enforcement cases,https://echo.epa.gov/facilities/enforcement-case-search,2026-09-13,"no federal EPA civil penalty found under the company's name, former names or 10-K subsidiaries with a settlement in 2016-2020 (ECHO file retrieved 2026-09-13)"
RVTY,2021,0.0,EPA ECHO ICIS-FE&C civil enforcement cases,https://echo.epa.gov/facilities/enforcement-case-search,2026-09-13,"no federal EPA civil penalty found under the company's name, former names or 10-K subsidiaries with a settlement in 2017-2021 (ECHO file retrieved 2026-09-13)"
RVTY,2022,0.0,EPA ECHO ICIS-FE&C civil enforcement cases,https://echo.epa.gov/facilities/enforcement-case-search,2026-09-13,"no federal EPA civil penalty found under the company's name, former names or 10-K subsidiaries with a settlement in 2018-2022 (ECHO file retrieved 2026-09-13)"
RVTY,2023,0.0,EPA ECHO ICIS-FE&C civil enforcement cases,https://echo.epa.gov/facilities/enforcement-case-search,2026-09-13,"no federal EPA civil penalty found under the company's name, former names or 10-K subsidiaries with a settlement in 2019-2023 (ECHO file retrieved 2026-09-13)"
RVTY,2024,0.0,EPA ECHO ICIS-FE&C civil enforcement cases,https://echo.epa.gov/facilities/enforcement-case-search,2026-09-13,"no federal EPA civil penalty found under the company's name, former names or 10-K subsidiaries with a settlement in 2020-2024 (ECHO file retrieved 2026-09-13)"
RVTY,2025,0.0,EPA ECHO ICIS-FE&C civil enforcement cases,https://echo.epa.gov/facilities/enforcement-case-search,2026-09-13,"no federal EPA civil penalty found under the company's name, former names or 10-K subsidiaries with a settlement in 2021-2025 (ECHO file retrieved 2026-09-13)"
SBAC,2020,0.0,EPA ECHO ICIS-FE&C civil enforcement cases,https://echo.epa.gov/facilities/enforcement-case-search,2026-09-13,"no federal EPA civil penalty found under the company's name, former names or 10-K subsidiaries with a settlement in 2016-2020 (ECHO file retrieved 2026-09-13)"
SBAC,2021,0.0,EPA ECHO ICIS-FE&C civil enforcement cases,https://echo.epa.gov/facilities/enforcement-case-search,2026-09-13,"no federal EPA civil penalty found under the company's name, former names or 10-K subsidiaries with a settlement in 2017-2021 (ECHO file retrieved 2026-09-13)"
SBAC,2022,0.0,EPA ECHO ICIS-FE&C civil enforcement cases,https://echo.epa.gov/facilities/enforcement-case-search,2026-09-13,"no federal EPA civil penalty found under the company's name, former names or 10-K subsidiaries with a settlement in 2018-2022 (ECHO file retrieved 2026-09-13)"
SBAC,2023,0.0,EPA ECHO ICIS-FE&C civil enforcement cases,https://echo.epa.gov/facilities/enforcement-case-search,2026-09-13,"no federal EPA civil penalty found under the company's name, former names or 10-K subsidiaries with a settlement in 2019-2023 (ECHO file retrieved 2026-09-13)"
SBAC,2024,0.0,EPA ECHO ICIS-FE&C civil enforcement cases,https://echo.epa.gov/facilities/enforcement-case-search,2026-09-13,"no federal EPA civil penalty found under the company's name, former names or 10-K subsidiaries with a settlement in 2020-2024 (ECHO file retrieved 2026-09-13)"
SBAC,2025,0.0,EPA ECHO ICIS-FE&C civil enforcement cases,https://echo.epa.gov/facilities/enforcement-case-search,2026-09-13,"no federal EPA civil penalty found under the company's name, former names or 10-K subsidiaries with a settlement in 2021-2025 (ECHO file retrieved 2026-09-13)"
SBUX,2020,4221.23,EPA ECHO ICIS-FE&C civil enforcement cases,https://echo.epa.gov/enforcement-case-report?id=10-2020-0133,2026-09-13,"1 case(s), $100,000 in 2016-2020 over mean revenue $23.7bn; largest: case 10-2020-0133 (2020), defendant 'Starbucks Corporation', $100,000"
SBUX,2021,3962.17,EPA ECHO ICIS-FE&C civil enforcement cases,https://echo.epa.gov/enforcement-case-report?id=10-2020-0133,2026-09-13,"1 case(s), $100,000 in 2017-2021 over mean revenue $25.2bn; largest: case 10-2020-0133 (2020), defendant 'Starbucks Corporation', $100,000"
SBUX,2022,3674.93,EPA ECHO ICIS-FE&C civil enforcement cases,https://echo.epa.gov/enforcement-case-report?id=10-2020-0133,2026-09-13,"1 case(s), $100,000 in 2018-2022 over mean revenue $27.2bn; largest: case 10-2020-0133 (2020), defendant 'Starbucks Corporation', $100,000"
SBUX,2023,3394.13,EPA ECHO ICIS-FE&C civil enforcement cases,https://echo.epa.gov/enforcement-case-report?id=10-2020-0133,2026-09-13,"1 case(s), $100,000 in 2019-2023 over mean revenue $29.5bn; largest: case 10-2020-0133 (2020), defendant 'Starbucks Corporation', $100,000"
SBUX,2024,3185.1,EPA ECHO ICIS-FE&C civil enforcement cases,https://echo.epa.gov/enforcement-case-report?id=10-2020-0133,2026-09-13,"1 case(s), $100,000 in 2020-2024 over mean revenue $31.4bn; largest: case 10-2020-0133 (2020), defendant 'Starbucks Corporation', $100,000"
SBUX,2025,0.0,EPA ECHO ICIS-FE&C civil enforcement cases,https://echo.epa.gov/facilities/enforcement-case-search,2026-09-13,"no federal EPA civil penalty found under the company's name, former names or 10-K subsidiaries with a settlement in 2021-2025 (ECHO file retrieved 2026-09-13)"
SCHW,2020,0.0,EPA ECHO ICIS-FE&C civil enforcement cases,https://echo.epa.gov/facilities/enforcement-case-search,2026-09-13,"no federal EPA civil penalty found under the company's name, former names or 10-K subsidiaries with a settlement in 2016-2020 (ECHO file retrieved 2026-09-13)"
SCHW,2021,0.0,EPA ECHO ICIS-FE&C civil enforcement cases,https://echo.epa.gov/facilities/enforcement-case-search,2026-09-13,"no federal EPA civil penalty found under the company's name, former names or 10-K subsidiaries with a settlement in 2017-2021 (ECHO file retrieved 2026-09-13)"
SCHW,2022,0.0,EPA ECHO ICIS-FE&C civil enforcement cases,https://echo.epa.gov/facilities/enforcement-case-search,2026-09-13,"no federal EPA civil penalty found under the company's name, former names or 10-K subsidiaries with a settlement in 2018-2022 (ECHO file retrieved 2026-09-13)"
SCHW,2023,0.0,EPA ECHO ICIS-FE&C civil enforcement cases,https://echo.epa.gov/facilities/enforcement-case-search,2026-09-13,"no federal EPA civil penalty found under the company's name, former names or 10-K subsidiaries with a settlement in 2019-2023 (ECHO file retrieved 2026-09-13)"
SCHW,2024,0.0,EPA ECHO ICIS-FE&C civil enforcement cases,https://echo.epa.gov/facilities/enforcement-case-search,2026-09-13,"no federal EPA civil penalty found under the company's name, former names or 10-K subsidiaries with a settlement in 2020-2024 (ECHO file retrieved 2026-09-13)"
SCHW,2025,0.0,EPA ECHO ICIS-FE&C civil enforcement cases,https://echo.epa.gov/facilities/enforcement-case-search,2026-09-13,"no federal EPA civil penalty found under the company's name, former names or 10-K subsidiaries with a settlement in 2021-2025 (ECHO file retrieved 2026-09-13)"
SHW,2020,0.0,EPA ECHO ICIS-FE&C civil enforcement cases,https://echo.epa.gov/facilities/enforcement-case-search,2026-09-13,"no federal EPA civil penalty found under the company's name, former names or 10-K subsidiaries with a settlement in 2016-2020 (ECHO file retrieved 2026-09-13)"
SHW,2021,0.0,EPA ECHO ICIS-FE&C civil enforcement cases,https://echo.epa.gov/facilities/enforcement-case-search,2026-09-13,"no federal EPA civil penalty found under the company's name, former names or 10-K subsidiaries with a settlement in 2017-2021 (ECHO file retrieved 2026-09-13)"
SHW,2022,8212.49,EPA ECHO ICIS-FE&C civil enforcement cases,https://echo.epa.gov/enforcement-case-report?id=04-2022-2107,2026-09-13,"2 case(s), $157,500 in 2018-2022 over mean revenue $19.2bn; largest: case 04-2022-2107 (2022), defendant 'THE SHERWIN-WILLIAMS CO.', $145,000"
SHW,2023,10107.69,EPA ECHO ICIS-FE&C civil enforcement cases,https://echo.epa.gov/enforcement-case-report?id=04-2022-2107,2026-09-13,"3 case(s), $205,000 in 2019-2023 over mean revenue $20.3bn; largest: case 04-2022-2107 (2022), defendant 'THE SHERWIN-WILLIAMS CO.', $145,000"
SHW,2024,29501.26,EPA ECHO ICIS-FE&C civil enforcement cases,https://echo.epa.gov/enforcement-case-report?id=06-2024-0936,2026-09-13,"5 case(s), $629,000 in 2020-2024 over mean revenue $21.3bn; largest: case 06-2024-0936 (2024), defendant 'The Sherwin-Williams Company', $270,000"
SHW,2025,46434.17,EPA ECHO ICIS-FE&C civil enforcement cases,https://echo.epa.gov/enforcement-case-report?id=06-2024-0936,2026-09-13,"7 case(s), $1,038,437 in 2021-2025 over mean revenue $22.4bn; largest: case 06-2024-0936 (2024), defendant 'The Sherwin-Williams Company', $270,000"
SJM,2020,547.0,EPA ECHO ICIS-FE&C civil enforcement cases,https://echo.epa.gov/enforcement-case-report?id=04-2015-8011,2026-09-13,"1 case(s), $4,200 in 2016-2020 over mean revenue $7.7bn; largest: case 04-2015-8011 (2016), defendant 'THE J.M. SMUCKER COMPANY', $4,200"
SJM,2021,0.0,EPA ECHO ICIS-FE&C civil enforcement cases,https://echo.epa.gov/facilities/enforcement-case-search,2026-09-13,"no federal EPA civil penalty found under the company's name, former names or 10-K subsidiaries with a settlement in 2017-2021 (ECHO file retrieved 2026-09-13)"
SJM,2022,0.0,EPA ECHO ICIS-FE&C civil enforcement cases,https://echo.epa.gov/facilities/enforcement-case-search,2026-09-13,"no federal EPA civil penalty found under the company's name, former names or 10-K subsidiaries with a settlement in 2018-2022 (ECHO file retrieved 2026-09-13)"
SJM,2023,0.0,EPA ECHO ICIS-FE&C civil enforcement cases,https://echo.epa.gov/facilities/enforcement-case-search,2026-09-13,"no federal EPA civil penalty found under the company's name, former names or 10-K subsidiaries with a settlement in 2019-2023 (ECHO file retrieved 2026-09-13)"
SJM,2024,0.0,EPA ECHO ICIS-FE&C civil enforcement cases,https://echo.epa.gov/facilities/enforcement-case-search,2026-09-13,"no federal EPA civil penalty found under the company's name, former names or 10-K subsidiaries with a settlement in 2020-2024 (ECHO file retrieved 2026-09-13)"
SJM,2025,0.0,EPA ECHO ICIS-FE&C civil enforcement cases,https://echo.epa.gov/facilities/enforcement-case-search,2026-09-13,"no federal EPA civil penalty found under the company's name, former names or 10-K subsidiaries with a settlement in 2021-2025 (ECHO file retrieved 2026-09-13)"
SLB,2020,0.0,EPA ECHO ICIS-FE&C civil enforcement cases,https://echo.epa.gov/facilities/enforcement-case-search,2026-09-13,"no federal EPA civil penalty found under the company's name, former names or 10-K subsidiaries with a settlement in 2016-2020 (ECHO file retrieved 2026-09-13)"
SLB,2021,0.0,EPA ECHO ICIS-FE&C civil enforcement cases,https://echo.epa.gov/facilities/enforcement-case-search,2026-09-13,"no federal EPA civil penalty found under the company's name, former names or 10-K subsidiaries with a settlement in 2017-2021 (ECHO file retrieved 2026-09-13)"
SLB,2022,178.12,EPA ECHO ICIS-FE&C civil enforcement cases,https://echo.epa.gov/enforcement-case-report?id=10-2022-0232,2026-09-13,"1 case(s), $5,000 in 2018-2022 over mean revenue $28.1bn; largest: case 10-2022-0232 (2022), defendant 'Schlumberger', $5,000"
SLB,2023,177.72,EPA ECHO ICIS-FE&C civil enforcement cases,https://echo.epa.gov/enforcement-case-report?id=10-2022-0232,2026-09-13,"1 case(s), $5,000 in 2019-2023 over mean revenue $28.1bn; largest: case 10-2022-0232 (2022), defendant 'Schlumberger', $5,000"
SLB,2024,173.56,EPA ECHO ICIS-FE&C civil enforcement cases,https://echo.epa.gov/enforcement-case-report?id=10-2022-0232,2026-09-13,"1 case(s), $5,000 in 2020-2024 over mean revenue $28.8bn; largest: case 10-2022-0232 (2022), defendant 'Schlumberger', $5,000"
SLB,2025,160.1,EPA ECHO ICIS-FE&C civil enforcement cases,https://echo.epa.gov/enforcement-case-report?id=10-2022-0232,2026-09-13,"1 case(s), $5,000 in 2021-2025 over mean revenue $31.2bn; largest: case 10-2022-0232 (2022), defendant 'Schlumberger', $5,000"
SMCI,2020,0.0,EPA ECHO ICIS-FE&C civil enforcement cases,https://echo.epa.gov/facilities/enforcement-case-search,2026-09-13,"no federal EPA civil penalty found under the company's name, former names or 10-K subsidiaries with a settlement in 2016-2020 (ECHO file retrieved 2026-09-13)"
SMCI,2021,0.0,EPA ECHO ICIS-FE&C civil enforcement cases,https://echo.epa.gov/facilities/enforcement-case-search,2026-09-13,"no federal EPA civil penalty found under the company's name, former names or 10-K subsidiaries with a settlement in 2017-2021 (ECHO file retrieved 2026-09-13)"
SMCI,2022,0.0,EPA ECHO ICIS-FE&C civil enforcement cases,https://echo.epa.gov/facilities/enforcement-case-search,2026-09-13,"no federal EPA civil penalty found under the company's name, former names or 10-K subsidiaries with a settlement in 2018-2022 (ECHO file retrieved 2026-09-13)"
SMCI,2023,0.0,EPA ECHO ICIS-FE&C civil enforcement cases,https://echo.epa.gov/facilities/enforcement-case-search,2026-09-13,"no federal EPA civil penalty found under the company's name, former names or 10-K subsidiaries with a settlement in 2019-2023 (ECHO file retrieved 2026-09-13)"
SMCI,2024,0.0,EPA ECHO ICIS-FE&C civil enforcement cases,https://echo.epa.gov/facilities/enforcement-case-search,2026-09-13,"no federal EPA civil penalty found under the company's name, former names or 10-K subsidiaries with a settlement in 2020-2024 (ECHO file retrieved 2026-09-13)"
SMCI,2025,0.0,EPA ECHO ICIS-FE&C civil enforcement cases,https://echo.epa.gov/facilities/enforcement-case-search,2026-09-13,"no federal EPA civil penalty found under the company's name, former names or 10-K subsidiaries with a settlement in 2021-2025 (ECHO file retrieved 2026-09-13)"
SNA,2020,0.0,EPA ECHO ICIS-FE&C civil enforcement cases,https://echo.epa.gov/facilities/enforcement-case-search,2026-09-13,"no federal EPA civil penalty found under the company's name, former names or 10-K subsidiaries with a settlement in 2016-2020 (ECHO file retrieved 2026-09-13)"
SNA,2021,0.0,EPA ECHO ICIS-FE&C civil enforcement cases,https://echo.epa.gov/facilities/enforcement-case-search,2026-09-13,"no federal EPA civil penalty found under the company's name, former names or 10-K subsidiaries with a settlement in 2017-2021 (ECHO file retrieved 2026-09-13)"
SNA,2022,0.0,EPA ECHO ICIS-FE&C civil enforcement cases,https://echo.epa.gov/facilities/enforcement-case-search,2026-09-13,"no federal EPA civil penalty found under the company's name, former names or 10-K subsidiaries with a settlement in 2018-2022 (ECHO file retrieved 2026-09-13)"
SNA,2023,0.0,EPA ECHO ICIS-FE&C civil enforcement cases,https://echo.epa.gov/facilities/enforcement-case-search,2026-09-13,"no federal EPA civil penalty found under the company's name, former names or 10-K subsidiaries with a settlement in 2019-2023 (ECHO file retrieved 2026-09-13)"
SNA,2024,0.0,EPA ECHO ICIS-FE&C civil enforcement cases,https://echo.epa.gov/facilities/enforcement-case-search,2026-09-13,"no federal EPA civil penalty found under the company's name, former names or 10-K subsidiaries with a settlement in 2020-2024 (ECHO file retrieved 2026-09-13)"
SNA,2025,0.0,EPA ECHO ICIS-FE&C civil enforcement cases,https://echo.epa.gov/facilities/enforcement-case-search,2026-09-13,"no federal EPA civil penalty found under the company's name, former names or 10-K subsidiaries with a settlement in 2021-2025 (ECHO file retrieved 2026-09-13)"
SNPS,2020,0.0,EPA ECHO ICIS-FE&C civil enforcement cases,https://echo.epa.gov/facilities/enforcement-case-search,2026-09-13,"no federal EPA civil penalty found under the company's name, former names or 10-K subsidiaries with a settlement in 2016-2020 (ECHO file retrieved 2026-09-13)"
SNPS,2021,0.0,EPA ECHO ICIS-FE&C civil enforcement cases,https://echo.epa.gov/facilities/enforcement-case-search,2026-09-13,"no federal EPA civil penalty found under the company's name, former names or 10-K subsidiaries with a settlement in 2017-2021 (ECHO file retrieved 2026-09-13)"
SNPS,2022,0.0,EPA ECHO ICIS-FE&C civil enforcement cases,https://echo.epa.gov/facilities/enforcement-case-search,2026-09-13,"no federal EPA civil penalty found under the company's name, former names or 10-K subsidiaries with a settlement in 2018-2022 (ECHO file retrieved 2026-09-13)"
SNPS,2023,0.0,EPA ECHO ICIS-FE&C civil enforcement cases,https://echo.epa.gov/facilities/enforcement-case-search,2026-09-13,"no federal EPA civil penalty found under the company's name, former names or 10-K subsidiaries with a settlement in 2019-2023 (ECHO file retrieved 2026-09-13)"
SNPS,2024,0.0,EPA ECHO ICIS-FE&C civil enforcement cases,https://echo.epa.gov/facilities/enforcement-case-search,2026-09-13,"no federal EPA civil penalty found under the company's name, former names or 10-K subsidiaries with a settlement in 2020-2024 (ECHO file retrieved 2026-09-13)"
SNPS,2025,0.0,EPA ECHO ICIS-FE&C civil enforcement cases,https://echo.epa.gov/facilities/enforcement-case-search,2026-09-13,"no federal EPA civil penalty found under the company's name, former names or 10-K subsidiaries with a settlement in 2021-2025 (ECHO file retrieved 2026-09-13)"
SO,2020,957.5,EPA ECHO ICIS-FE&C civil enforcement cases,https://echo.epa.gov/enforcement-case-report?id=04-2019-2900,2026-09-13,"2 case(s), $21,087 in 2016-2020 over mean revenue $22.0bn; largest: case 04-2019-2900 (2019), defendant 'ALABAMA POWER', $16,268"
SO,2021,715.5,EPA ECHO ICIS-FE&C civil enforcement cases,https://echo.epa.gov/enforcement-case-report?id=04-2019-2900,2026-09-13,"1 case(s), $16,268 in 2017-2021 over mean revenue $22.7bn; largest: case 04-2019-2900 (2019), defendant 'ALABAMA POWER', $16,268"
SO,2022,678.23,EPA ECHO ICIS-FE&C civil enforcement cases,https://echo.epa.gov/enforcement-case-report?id=04-2019-2900,2026-09-13,"1 case(s), $16,268 in 2018-2022 over mean revenue $24.0bn; largest: case 04-2019-2900 (2019), defendant 'ALABAMA POWER', $16,268"
SO,2023,2817.37,EPA ECHO ICIS-FE&C civil enforcement cases,https://echo.epa.gov/enforcement-case-report?id=04-2022-3204,2026-09-13,"2 case(s), $68,568 in 2019-2023 over mean revenue $24.3bn; largest: case 04-2022-3204 (2023), defendant 'GEORGIA POWER COMPANY', $52,300"
SO,2024,7599.96,EPA ECHO ICIS-FE&C civil enforcement cases,https://echo.epa.gov/enforcement-case-report?id=04-2024-4200,2026-09-13,"2 case(s), $191,300 in 2020-2024 over mean revenue $25.2bn; largest: case 04-2024-4200 (2024), defendant 'ALABAMA POWER COMPANY', $139,000"
SO,2025,7121.48,EPA ECHO ICIS-FE&C civil enforcement cases,https://echo.epa.gov/enforcement-case-report?id=04-2024-4200,2026-09-13,"2 case(s), $191,300 in 2021-2025 over mean revenue $26.9bn; largest: case 04-2024-4200 (2024), defendant 'ALABAMA POWER COMPANY', $139,000"
SOLV,2024,0.0,EPA ECHO ICIS-FE&C civil enforcement cases,https://echo.epa.gov/facilities/enforcement-case-search,2026-09-13,"no federal EPA civil penalty found under the company's name, former names or 10-K subsidiaries with a settlement in 2020-2024 (ECHO file retrieved 2026-09-13)"
SOLV,2025,0.0,EPA ECHO ICIS-FE&C civil enforcement cases,https://echo.epa.gov/facilities/enforcement-case-search,2026-09-13,"no federal EPA civil penalty found under the company's name, former names or 10-K subsidiaries with a settlement in 2021-2025 (ECHO file retrieved 2026-09-13)"
SPG,2020,0.0,EPA ECHO ICIS-FE&C civil enforcement cases,https://echo.epa.gov/facilities/enforcement-case-search,2026-09-13,"no federal EPA civil penalty found under the company's name, former names or 10-K subsidiaries with a settlement in 2016-2020 (ECHO file retrieved 2026-09-13)"
SPG,2021,0.0,EPA ECHO ICIS-FE&C civil enforcement cases,https://echo.epa.gov/facilities/enforcement-case-search,2026-09-13,"no federal EPA civil penalty found under the company's name, former names or 10-K subsidiaries with a settlement in 2017-2021 (ECHO file retrieved 2026-09-13)"
SPG,2022,0.0,EPA ECHO ICIS-FE&C civil enforcement cases,https://echo.epa.gov/facilities/enforcement-case-search,2026-09-13,"no federal EPA civil penalty found under the company's name, former names or 10-K subsidiaries with a settlement in 2018-2022 (ECHO file retrieved 2026-09-13)"
SPG,2023,0.0,EPA ECHO ICIS-FE&C civil enforcement cases,https://echo.epa.gov/facilities/enforcement-case-search,2026-09-13,"no federal EPA civil penalty found under the company's name, former names or 10-K subsidiaries with a settlement in 2019-2023 (ECHO file retrieved 2026-09-13)"
SPG,2024,0.0,EPA ECHO ICIS-FE&C civil enforcement cases,https://echo.epa.gov/facilities/enforcement-case-search,2026-09-13,"no federal EPA civil penalty found under the company's name, former names or 10-K subsidiaries with a settlement in 2020-2024 (ECHO file retrieved 2026-09-13)"
SPG,2025,0.0,EPA ECHO ICIS-FE&C civil enforcement cases,https://echo.epa.gov/facilities/enforcement-case-search,2026-09-13,"no federal EPA civil penalty found under the company's name, former names or 10-K subsidiaries with a settlement in 2021-2025 (ECHO file retrieved 2026-09-13)"
SPGI,2020,0.0,EPA ECHO ICIS-FE&C civil enforcement cases,https://echo.epa.gov/facilities/enforcement-case-search,2026-09-13,"no federal EPA civil penalty found under the company's name, former names or 10-K subsidiaries with a settlement in 2016-2020 (ECHO file retrieved 2026-09-13)"
SPGI,2021,0.0,EPA ECHO ICIS-FE&C civil enforcement cases,https://echo.epa.gov/facilities/enforcement-case-search,2026-09-13,"no federal EPA civil penalty found under the company's name, former names or 10-K subsidiaries with a settlement in 2017-2021 (ECHO file retrieved 2026-09-13)"
SPGI,2022,0.0,EPA ECHO ICIS-FE&C civil enforcement cases,https://echo.epa.gov/facilities/enforcement-case-search,2026-09-13,"no federal EPA civil penalty found under the company's name, former names or 10-K subsidiaries with a settlement in 2018-2022 (ECHO file retrieved 2026-09-13)"
SPGI,2023,0.0,EPA ECHO ICIS-FE&C civil enforcement cases,https://echo.epa.gov/facilities/enforcement-case-search,2026-09-13,"no federal EPA civil penalty found under the company's name, former names or 10-K subsidiaries with a settlement in 2019-2023 (ECHO file retrieved 2026-09-13)"
SPGI,2024,0.0,EPA ECHO ICIS-FE&C civil enforcement cases,https://echo.epa.gov/facilities/enforcement-case-search,2026-09-13,"no federal EPA civil penalty found under the company's name, former names or 10-K subsidiaries with a settlement in 2020-2024 (ECHO file retrieved 2026-09-13)"
SPGI,2025,0.0,EPA ECHO ICIS-FE&C civil enforcement cases,https://echo.epa.gov/facilities/enforcement-case-search,2026-09-13,"no federal EPA civil penalty found under the company's name, former names or 10-K subsidiaries with a settlement in 2021-2025 (ECHO file retrieved 2026-09-13)"
SRE,2020,0.0,EPA ECHO ICIS-FE&C civil enforcement cases,https://echo.epa.gov/facilities/enforcement-case-search,2026-09-13,"no federal EPA civil penalty found under the company's name, former names or 10-K subsidiaries with a settlement in 2016-2020 (ECHO file retrieved 2026-09-13)"
SRE,2021,0.0,EPA ECHO ICIS-FE&C civil enforcement cases,https://echo.epa.gov/facilities/enforcement-case-search,2026-09-13,"no federal EPA civil penalty found under the company's name, former names or 10-K subsidiaries with a settlement in 2017-2021 (ECHO file retrieved 2026-09-13)"
SRE,2022,0.0,EPA ECHO ICIS-FE&C civil enforcement cases,https://echo.epa.gov/facilities/enforcement-case-search,2026-09-13,"no federal EPA civil penalty found under the company's name, former names or 10-K subsidiaries with a settlement in 2018-2022 (ECHO file retrieved 2026-09-13)"
SRE,2023,0.0,EPA ECHO ICIS-FE&C civil enforcement cases,https://echo.epa.gov/facilities/enforcement-case-search,2026-09-13,"no federal EPA civil penalty found under the company's name, former names or 10-K subsidiaries with a settlement in 2019-2023 (ECHO file retrieved 2026-09-13)"
SRE,2024,0.0,EPA ECHO ICIS-FE&C civil enforcement cases,https://echo.epa.gov/facilities/enforcement-case-search,2026-09-13,"no federal EPA civil penalty found under the company's name, former names or 10-K subsidiaries with a settlement in 2020-2024 (ECHO file retrieved 2026-09-13)"
SRE,2025,0.0,EPA ECHO ICIS-FE&C civil enforcement cases,https://echo.epa.gov/facilities/enforcement-case-search,2026-09-13,"no federal EPA civil penalty found under the company's name, former names or 10-K subsidiaries with a settlement in 2021-2025 (ECHO file retrieved 2026-09-13)"
STE,2020,0.0,EPA ECHO ICIS-FE&C civil enforcement cases,https://echo.epa.gov/facilities/enforcement-case-search,2026-09-13,"no federal EPA civil penalty found under the company's name, former names or 10-K subsidiaries with a settlement in 2016-2020 (ECHO file retrieved 2026-09-13)"
STE,2021,0.0,EPA ECHO ICIS-FE&C civil enforcement cases,https://echo.epa.gov/facilities/enforcement-case-search,2026-09-13,"no federal EPA civil penalty found under the company's name, former names or 10-K subsidiaries with a settlement in 2017-2021 (ECHO file retrieved 2026-09-13)"
STE,2022,0.0,EPA ECHO ICIS-FE&C civil enforcement cases,https://echo.epa.gov/facilities/enforcement-case-search,2026-09-13,"no federal EPA civil penalty found under the company's name, former names or 10-K subsidiaries with a settlement in 2018-2022 (ECHO file retrieved 2026-09-13)"
STE,2023,0.0,EPA ECHO ICIS-FE&C civil enforcement cases,https://echo.epa.gov/facilities/enforcement-case-search,2026-09-13,"no federal EPA civil penalty found under the company's name, former names or 10-K subsidiaries with a settlement in 2019-2023 (ECHO file retrieved 2026-09-13)"
STE,2024,0.0,EPA ECHO ICIS-FE&C civil enforcement cases,https://echo.epa.gov/facilities/enforcement-case-search,2026-09-13,"no federal EPA civil penalty found under the company's name, former names or 10-K subsidiaries with a settlement in 2020-2024 (ECHO file retrieved 2026-09-13)"
STE,2025,0.0,EPA ECHO ICIS-FE&C civil enforcement cases,https://echo.epa.gov/facilities/enforcement-case-search,2026-09-13,"no federal EPA civil penalty found under the company's name, former names or 10-K subsidiaries with a settlement in 2021-2025 (ECHO file retrieved 2026-09-13)"
STLD,2020,44899.29,EPA ECHO ICIS-FE&C civil enforcement cases,https://echo.epa.gov/enforcement-case-report?id=05-2017-5012,2026-09-13,"3 case(s), $438,572 in 2016-2020 over mean revenue $9.8bn; largest: case 05-2017-5012 (2016), defendant 'STEEL DYNAMICS', $432,554"
STLD,2021,39821.5,EPA ECHO ICIS-FE&C civil enforcement cases,https://echo.epa.gov/enforcement-case-report?id=05-2015-5069,2026-09-13,"1 case(s), $475,000 in 2017-2021 over mean revenue $11.9bn; largest: case 05-2015-5069 (2021), defendant 'STEEL DYNAMICS', $475,000"
STLD,2022,32741.59,EPA ECHO ICIS-FE&C civil enforcement cases,https://echo.epa.gov/enforcement-case-report?id=05-2015-5069,2026-09-13,"1 case(s), $475,000 in 2018-2022 over mean revenue $14.5bn; largest: case 05-2015-5069 (2021), defendant 'STEEL DYNAMICS', $475,000"
STLD,2023,29862.41,EPA ECHO ICIS-FE&C civil enforcement cases,https://echo.epa.gov/enforcement-case-report?id=05-2015-5069,2026-09-13,"1 case(s), $475,000 in 2019-2023 over mean revenue $15.9bn; largest: case 05-2015-5069 (2021), defendant 'STEEL DYNAMICS', $475,000"
STLD,2024,27422.79,EPA ECHO ICIS-FE&C civil enforcement cases,https://echo.epa.gov/enforcement-case-report?id=05-2015-5069,2026-09-13,"1 case(s), $475,000 in 2020-2024 over mean revenue $17.3bn; largest: case 05-2015-5069 (2021), defendant 'STEEL DYNAMICS', $475,000"
STLD,2025,24952.22,EPA ECHO ICIS-FE&C civil enforcement cases,https://echo.epa.gov/enforcement-case-report?id=05-2015-5069,2026-09-13,"1 case(s), $475,000 in 2021-2025 over mean revenue $19.0bn; largest: case 05-2015-5069 (2021), defendant 'STEEL DYNAMICS', $475,000"
STT,2020,0.0,EPA ECHO ICIS-FE&C civil enforcement cases,https://echo.epa.gov/facilities/enforcement-case-search,2026-09-13,"no federal EPA civil penalty found under the company's name, former names or 10-K subsidiaries with a settlement in 2016-2020 (ECHO file retrieved 2026-09-13)"
STT,2021,0.0,EPA ECHO ICIS-FE&C civil enforcement cases,https://echo.epa.gov/facilities/enforcement-case-search,2026-09-13,"no federal EPA civil penalty found under the company's name, former names or 10-K subsidiaries with a settlement in 2017-2021 (ECHO file retrieved 2026-09-13)"
STT,2022,0.0,EPA ECHO ICIS-FE&C civil enforcement cases,https://echo.epa.gov/facilities/enforcement-case-search,2026-09-13,"no federal EPA civil penalty found under the company's name, former names or 10-K subsidiaries with a settlement in 2018-2022 (ECHO file retrieved 2026-09-13)"
STT,2023,0.0,EPA ECHO ICIS-FE&C civil enforcement cases,https://echo.epa.gov/facilities/enforcement-case-search,2026-09-13,"no federal EPA civil penalty found under the company's name, former names or 10-K subsidiaries with a settlement in 2019-2023 (ECHO file retrieved 2026-09-13)"
STT,2024,0.0,EPA ECHO ICIS-FE&C civil enforcement cases,https://echo.epa.gov/facilities/enforcement-case-search,2026-09-13,"no federal EPA civil penalty found under the company's name, former names or 10-K subsidiaries with a settlement in 2020-2024 (ECHO file retrieved 2026-09-13)"
STT,2025,0.0,EPA ECHO ICIS-FE&C civil enforcement cases,https://echo.epa.gov/facilities/enforcement-case-search,2026-09-13,"no federal EPA civil penalty found under the company's name, former names or 10-K subsidiaries with a settlement in 2021-2025 (ECHO file retrieved 2026-09-13)"
STX,2020,0.0,EPA ECHO ICIS-FE&C civil enforcement cases,https://echo.epa.gov/facilities/enforcement-case-search,2026-09-13,"no federal EPA civil penalty found under the company's name, former names or 10-K subsidiaries with a settlement in 2016-2020 (ECHO file retrieved 2026-09-13)"
STX,2021,0.0,EPA ECHO ICIS-FE&C civil enforcement cases,https://echo.epa.gov/facilities/enforcement-case-search,2026-09-13,"no federal EPA civil penalty found under the company's name, former names or 10-K subsidiaries with a settlement in 2017-2021 (ECHO file retrieved 2026-09-13)"
STX,2022,0.0,EPA ECHO ICIS-FE&C civil enforcement cases,https://echo.epa.gov/facilities/enforcement-case-search,2026-09-13,"no federal EPA civil penalty found under the company's name, former names or 10-K subsidiaries with a settlement in 2018-2022 (ECHO file retrieved 2026-09-13)"
STX,2023,0.0,EPA ECHO ICIS-FE&C civil enforcement cases,https://echo.epa.gov/facilities/enforcement-case-search,2026-09-13,"no federal EPA civil penalty found under the company's name, former names or 10-K subsidiaries with a settlement in 2019-2023 (ECHO file retrieved 2026-09-13)"
STX,2024,0.0,EPA ECHO ICIS-FE&C civil enforcement cases,https://echo.epa.gov/facilities/enforcement-case-search,2026-09-13,"no federal EPA civil penalty found under the company's name, former names or 10-K subsidiaries with a settlement in 2020-2024 (ECHO file retrieved 2026-09-13)"
STX,2025,0.0,EPA ECHO ICIS-FE&C civil enforcement cases,https://echo.epa.gov/facilities/enforcement-case-search,2026-09-13,"no federal EPA civil penalty found under the company's name, former names or 10-K subsidiaries with a settlement in 2021-2025 (ECHO file retrieved 2026-09-13)"
STZ,2020,0.0,EPA ECHO ICIS-FE&C civil enforcement cases,https://echo.epa.gov/facilities/enforcement-case-search,2026-09-13,"no federal EPA civil penalty found under the company's name, former names or 10-K subsidiaries with a settlement in 2016-2020 (ECHO file retrieved 2026-09-13)"
STZ,2021,0.0,EPA ECHO ICIS-FE&C civil enforcement cases,https://echo.epa.gov/facilities/enforcement-case-search,2026-09-13,"no federal EPA civil penalty found under the company's name, former names or 10-K subsidiaries with a settlement in 2017-2021 (ECHO file retrieved 2026-09-13)"
STZ,2022,0.0,EPA ECHO ICIS-FE&C civil enforcement cases,https://echo.epa.gov/facilities/enforcement-case-search,2026-09-13,"no federal EPA civil penalty found under the company's name, former names or 10-K subsidiaries with a settlement in 2018-2022 (ECHO file retrieved 2026-09-13)"
STZ,2023,0.0,EPA ECHO ICIS-FE&C civil enforcement cases,https://echo.epa.gov/facilities/enforcement-case-search,2026-09-13,"no federal EPA civil penalty found under the company's name, former names or 10-K subsidiaries with a settlement in 2019-2023 (ECHO file retrieved 2026-09-13)"
STZ,2024,0.0,EPA ECHO ICIS-FE&C civil enforcement cases,https://echo.epa.gov/facilities/enforcement-case-search,2026-09-13,"no federal EPA civil penalty found under the company's name, former names or 10-K subsidiaries with a settlement in 2020-2024 (ECHO file retrieved 2026-09-13)"
STZ,2025,0.0,EPA ECHO ICIS-FE&C civil enforcement cases,https://echo.epa.gov/facilities/enforcement-case-search,2026-09-13,"no federal EPA civil penalty found under the company's name, former names or 10-K subsidiaries with a settlement in 2021-2025 (ECHO file retrieved 2026-09-13)"
SW,2024,0.0,EPA ECHO ICIS-FE&C civil enforcement cases,https://echo.epa.gov/facilities/enforcement-case-search,2026-09-13,"no federal EPA civil penalty found under the company's name, former names or 10-K subsidiaries with a settlement in 2020-2024 (ECHO file retrieved 2026-09-13)"
SW,2025,0.0,EPA ECHO ICIS-FE&C civil enforcement cases,https://echo.epa.gov/facilities/enforcement-case-search,2026-09-13,"no federal EPA civil penalty found under the company's name, former names or 10-K subsidiaries with a settlement in 2021-2025 (ECHO file retrieved 2026-09-13)"
SWK,2020,0.0,EPA ECHO ICIS-FE&C civil enforcement cases,https://echo.epa.gov/facilities/enforcement-case-search,2026-09-13,"no federal EPA civil penalty found under the company's name, former names or 10-K subsidiaries with a settlement in 2016-2020 (ECHO file retrieved 2026-09-13)"
SWK,2021,0.0,EPA ECHO ICIS-FE&C civil enforcement cases,https://echo.epa.gov/facilities/enforcement-case-search,2026-09-13,"no federal EPA civil penalty found under the company's name, former names or 10-K subsidiaries with a settlement in 2017-2021 (ECHO file retrieved 2026-09-13)"
SWK,2022,0.0,EPA ECHO ICIS-FE&C civil enforcement cases,https://echo.epa.gov/facilities/enforcement-case-search,2026-09-13,"no federal EPA civil penalty found under the company's name, former names or 10-K subsidiaries with a settlement in 2018-2022 (ECHO file retrieved 2026-09-13)"
SWK,2023,0.0,EPA ECHO ICIS-FE&C civil enforcement cases,https://echo.epa.gov/facilities/enforcement-case-search,2026-09-13,"no federal EPA civil penalty found under the company's name, former names or 10-K subsidiaries with a settlement in 2019-2023 (ECHO file retrieved 2026-09-13)"
SWK,2024,0.0,EPA ECHO ICIS-FE&C civil enforcement cases,https://echo.epa.gov/facilities/enforcement-case-search,2026-09-13,"no federal EPA civil penalty found under the company's name, former names or 10-K subsidiaries with a settlement in 2020-2024 (ECHO file retrieved 2026-09-13)"
SWK,2025,0.0,EPA ECHO ICIS-FE&C civil enforcement cases,https://echo.epa.gov/facilities/enforcement-case-search,2026-09-13,"no federal EPA civil penalty found under the company's name, former names or 10-K subsidiaries with a settlement in 2021-2025 (ECHO file retrieved 2026-09-13)"
SWKS,2020,0.0,EPA ECHO ICIS-FE&C civil enforcement cases,https://echo.epa.gov/facilities/enforcement-case-search,2026-09-13,"no federal EPA civil penalty found under the company's name, former names or 10-K subsidiaries with a settlement in 2016-2020 (ECHO file retrieved 2026-09-13)"
SWKS,2021,0.0,EPA ECHO ICIS-FE&C civil enforcement cases,https://echo.epa.gov/facilities/enforcement-case-search,2026-09-13,"no federal EPA civil penalty found under the company's name, former names or 10-K subsidiaries with a settlement in 2017-2021 (ECHO file retrieved 2026-09-13)"
SWKS,2022,0.0,EPA ECHO ICIS-FE&C civil enforcement cases,https://echo.epa.gov/facilities/enforcement-case-search,2026-09-13,"no federal EPA civil penalty found under the company's name, former names or 10-K subsidiaries with a settlement in 2018-2022 (ECHO file retrieved 2026-09-13)"
SWKS,2023,0.0,EPA ECHO ICIS-FE&C civil enforcement cases,https://echo.epa.gov/facilities/enforcement-case-search,2026-09-13,"no federal EPA civil penalty found under the company's name, former names or 10-K subsidiaries with a settlement in 2019-2023 (ECHO file retrieved 2026-09-13)"
SWKS,2024,0.0,EPA ECHO ICIS-FE&C civil enforcement cases,https://echo.epa.gov/facilities/enforcement-case-search,2026-09-13,"no federal EPA civil penalty found under the company's name, former names or 10-K subsidiaries with a settlement in 2020-2024 (ECHO file retrieved 2026-09-13)"
SWKS,2025,0.0,EPA ECHO ICIS-FE&C civil enforcement cases,https://echo.epa.gov/facilities/enforcement-case-search,2026-09-13,"no federal EPA civil penalty found under the company's name, former names or 10-K subsidiaries with a settlement in 2021-2025 (ECHO file retrieved 2026-09-13)"
SYK,2020,0.0,EPA ECHO ICIS-FE&C civil enforcement cases,https://echo.epa.gov/facilities/enforcement-case-search,2026-09-13,"no federal EPA civil penalty found under the company's name, former names or 10-K subsidiaries with a settlement in 2016-2020 (ECHO file retrieved 2026-09-13)"
SYK,2021,0.0,EPA ECHO ICIS-FE&C civil enforcement cases,https://echo.epa.gov/facilities/enforcement-case-search,2026-09-13,"no federal EPA civil penalty found under the company's name, former names or 10-K subsidiaries with a settlement in 2017-2021 (ECHO file retrieved 2026-09-13)"
SYK,2022,0.0,EPA ECHO ICIS-FE&C civil enforcement cases,https://echo.epa.gov/facilities/enforcement-case-search,2026-09-13,"no federal EPA civil penalty found under the company's name, former names or 10-K subsidiaries with a settlement in 2018-2022 (ECHO file retrieved 2026-09-13)"
SYK,2023,0.0,EPA ECHO ICIS-FE&C civil enforcement cases,https://echo.epa.gov/facilities/enforcement-case-search,2026-09-13,"no federal EPA civil penalty found under the company's name, former names or 10-K subsidiaries with a settlement in 2019-2023 (ECHO file retrieved 2026-09-13)"
SYK,2024,0.0,EPA ECHO ICIS-FE&C civil enforcement cases,https://echo.epa.gov/facilities/enforcement-case-search,2026-09-13,"no federal EPA civil penalty found under the company's name, former names or 10-K subsidiaries with a settlement in 2020-2024 (ECHO file retrieved 2026-09-13)"
SYK,2025,0.0,EPA ECHO ICIS-FE&C civil enforcement cases,https://echo.epa.gov/facilities/enforcement-case-search,2026-09-13,"no federal EPA civil penalty found under the company's name, former names or 10-K subsidiaries with a settlement in 2021-2025 (ECHO file retrieved 2026-09-13)"
SYY,2020,1141.54,EPA ECHO ICIS-FE&C civil enforcement cases,https://echo.epa.gov/enforcement-case-report?id=03-2020-0047,2026-09-13,"4 case(s), $64,070 in 2016-2020 over mean revenue $56.1bn; largest: case 03-2020-0047 (2019), defendant 'SYSCO EASTERN MARYLAND, LLC', $52,170"
SYY,2021,1166.63,EPA ECHO ICIS-FE&C civil enforcement cases,https://echo.epa.gov/enforcement-case-report?id=03-2020-0047,2026-09-13,"4 case(s), $64,070 in 2017-2021 over mean revenue $54.9bn; largest: case 03-2020-0047 (2019), defendant 'SYSCO EASTERN MARYLAND, LLC', $52,170"
SYY,2022,1100.19,EPA ECHO ICIS-FE&C civil enforcement cases,https://echo.epa.gov/enforcement-case-report?id=03-2020-0047,2026-09-13,"4 case(s), $64,070 in 2018-2022 over mean revenue $58.2bn; largest: case 03-2020-0047 (2019), defendant 'SYSCO EASTERN MARYLAND, LLC', $52,170"
SYY,2023,943.52,EPA ECHO ICIS-FE&C civil enforcement cases,https://echo.epa.gov/enforcement-case-report?id=03-2020-0047,2026-09-13,"2 case(s), $58,770 in 2019-2023 over mean revenue $62.3bn; largest: case 03-2020-0047 (2019), defendant 'SYSCO EASTERN MARYLAND, LLC', $52,170"
SYY,2024,95.09,EPA ECHO ICIS-FE&C civil enforcement cases,https://echo.epa.gov/enforcement-case-report?id=02-2024-1206,2026-09-13,"1 case(s), $6,600 in 2020-2024 over mean revenue $69.4bn; largest: case 02-2024-1206 (2023), defendant 'Sysco Long Island, LLC', $6,600"
SYY,2025,1157.95,EPA ECHO ICIS-FE&C civil enforcement cases,https://echo.epa.gov/enforcement-case-report?id=04-2025-0307,2026-09-13,"2 case(s), $83,878 in 2021-2025 over mean revenue $72.4bn; largest: case 04-2025-0307 (2025), defendant 'SYSCO NASHVILLE, LLC', $77,278"
T,2020,0.0,EPA ECHO ICIS-FE&C civil enforcement cases,https://echo.epa.gov/facilities/enforcement-case-search,2026-09-13,"no federal EPA civil penalty found under the company's name, former names or 10-K subsidiaries with a settlement in 2016-2020 (ECHO file retrieved 2026-09-13)"
T,2021,0.0,EPA ECHO ICIS-FE&C civil enforcement cases,https://echo.epa.gov/facilities/enforcement-case-search,2026-09-13,"no federal EPA civil penalty found under the company's name, former names or 10-K subsidiaries with a settlement in 2017-2021 (ECHO file retrieved 2026-09-13)"
T,2022,0.0,EPA ECHO ICIS-FE&C civil enforcement cases,https://echo.epa.gov/facilities/enforcement-case-search,2026-09-13,"no federal EPA civil penalty found under the company's name, former names or 10-K subsidiaries with a settlement in 2018-2022 (ECHO file retrieved 2026-09-13)"
T,2023,0.0,EPA ECHO ICIS-FE&C civil enforcement cases,https://echo.epa.gov/facilities/enforcement-case-search,2026-09-13,"no federal EPA civil penalty found under the company's name, former names or 10-K subsidiaries with a settlement in 2019-2023 (ECHO file retrieved 2026-09-13)"
T,2024,0.0,EPA ECHO ICIS-FE&C civil enforcement cases,https://echo.epa.gov/facilities/enforcement-case-search,2026-09-13,"no federal EPA civil penalty found under the company's name, former names or 10-K subsidiaries with a settlement in 2020-2024 (ECHO file retrieved 2026-09-13)"
T,2025,0.0,EPA ECHO ICIS-FE&C civil enforcement cases,https://echo.epa.gov/facilities/enforcement-case-search,2026-09-13,"no federal EPA civil penalty found under the company's name, former names or 10-K subsidiaries with a settlement in 2021-2025 (ECHO file retrieved 2026-09-13)"
TAP,2020,0.0,EPA ECHO ICIS-FE&C civil enforcement cases,https://echo.epa.gov/facilities/enforcement-case-search,2026-09-13,"no federal EPA civil penalty found under the company's name, former names or 10-K subsidiaries with a settlement in 2016-2020 (ECHO file retrieved 2026-09-13)"
TAP,2021,0.0,EPA ECHO ICIS-FE&C civil enforcement cases,https://echo.epa.gov/facilities/enforcement-case-search,2026-09-13,"no federal EPA civil penalty found under the company's name, former names or 10-K subsidiaries with a settlement in 2017-2021 (ECHO file retrieved 2026-09-13)"
TAP,2022,0.0,EPA ECHO ICIS-FE&C civil enforcement cases,https://echo.epa.gov/facilities/enforcement-case-search,2026-09-13,"no federal EPA civil penalty found under the company's name, former names or 10-K subsidiaries with a settlement in 2018-2022 (ECHO file retrieved 2026-09-13)"
TAP,2023,0.0,EPA ECHO ICIS-FE&C civil enforcement cases,https://echo.epa.gov/facilities/enforcement-case-search,2026-09-13,"no federal EPA civil penalty found under the company's name, former names or 10-K subsidiaries with a settlement in 2019-2023 (ECHO file retrieved 2026-09-13)"
TAP,2024,0.0,EPA ECHO ICIS-FE&C civil enforcement cases,https://echo.epa.gov/facilities/enforcement-case-search,2026-09-13,"no federal EPA civil penalty found under the company's name, former names or 10-K subsidiaries with a settlement in 2020-2024 (ECHO file retrieved 2026-09-13)"
TAP,2025,0.0,EPA ECHO ICIS-FE&C civil enforcement cases,https://echo.epa.gov/facilities/enforcement-case-search,2026-09-13,"no federal EPA civil penalty found under the company's name, former names or 10-K subsidiaries with a settlement in 2021-2025 (ECHO file retrieved 2026-09-13)"
TDG,2020,20607.61,EPA ECHO ICIS-FE&C civil enforcement cases,https://echo.epa.gov/enforcement-case-report?id=10-2020-0112,2026-09-13,"2 case(s), $85,780 in 2016-2020 over mean revenue $4.2bn; largest: case 10-2020-0112 (2020), defendant 'Hytek Finishes', $75,000"
TDG,2021,16711.76,EPA ECHO ICIS-FE&C civil enforcement cases,https://echo.epa.gov/enforcement-case-report?id=10-2020-0112,2026-09-13,"1 case(s), $75,000 in 2017-2021 over mean revenue $4.5bn; largest: case 10-2020-0112 (2020), defendant 'Hytek Finishes', $75,000"
TDG,2022,15391.56,EPA ECHO ICIS-FE&C civil enforcement cases,https://echo.epa.gov/enforcement-case-report?id=10-2020-0112,2026-09-13,"1 case(s), $75,000 in 2018-2022 over mean revenue $4.9bn; largest: case 10-2020-0112 (2020), defendant 'Hytek Finishes', $75,000"
TDG,2023,13818.26,EPA ECHO ICIS-FE&C civil enforcement cases,https://echo.epa.gov/enforcement-case-report?id=10-2020-0112,2026-09-13,"1 case(s), $75,000 in 2019-2023 over mean revenue $5.4bn; largest: case 10-2020-0112 (2020), defendant 'Hytek Finishes', $75,000"
TDG,2024,12560.71,EPA ECHO ICIS-FE&C civil enforcement cases,https://echo.epa.gov/enforcement-case-report?id=10-2020-0112,2026-09-13,"1 case(s), $75,000 in 2020-2024 over mean revenue $6.0bn; largest: case 10-2020-0112 (2020), defendant 'Hytek Finishes', $75,000"
TDG,2025,0.0,EPA ECHO ICIS-FE&C civil enforcement cases,https://echo.epa.gov/facilities/enforcement-case-search,2026-09-13,"no federal EPA civil penalty found under the company's name, former names or 10-K subsidiaries with a settlement in 2021-2025 (ECHO file retrieved 2026-09-13)"
TDY,2020,0.0,EPA ECHO ICIS-FE&C civil enforcement cases,https://echo.epa.gov/facilities/enforcement-case-search,2026-09-13,"no federal EPA civil penalty found under the company's name, former names or 10-K subsidiaries with a settlement in 2016-2020 (ECHO file retrieved 2026-09-13)"
TDY,2021,0.0,EPA ECHO ICIS-FE&C civil enforcement cases,https://echo.epa.gov/facilities/enforcement-case-search,2026-09-13,"no federal EPA civil penalty found under the company's name, former names or 10-K subsidiaries with a settlement in 2017-2021 (ECHO file retrieved 2026-09-13)"
TDY,2022,0.0,EPA ECHO ICIS-FE&C civil enforcement cases,https://echo.epa.gov/facilities/enforcement-case-search,2026-09-13,"no federal EPA civil penalty found under the company's name, former names or 10-K subsidiaries with a settlement in 2018-2022 (ECHO file retrieved 2026-09-13)"
TDY,2023,0.0,EPA ECHO ICIS-FE&C civil enforcement cases,https://echo.epa.gov/facilities/enforcement-case-search,2026-09-13,"no federal EPA civil penalty found under the company's name, former names or 10-K subsidiaries with a settlement in 2019-2023 (ECHO file retrieved 2026-09-13)"
TDY,2024,0.0,EPA ECHO ICIS-FE&C civil enforcement cases,https://echo.epa.gov/facilities/enforcement-case-search,2026-09-13,"no federal EPA civil penalty found under the company's name, former names or 10-K subsidiaries with a settlement in 2020-2024 (ECHO file retrieved 2026-09-13)"
TDY,2025,0.0,EPA ECHO ICIS-FE&C civil enforcement cases,https://echo.epa.gov/facilities/enforcement-case-search,2026-09-13,"no federal EPA civil penalty found under the company's name, former names or 10-K subsidiaries with a settlement in 2021-2025 (ECHO file retrieved 2026-09-13)"
TECH,2020,0.0,EPA ECHO ICIS-FE&C civil enforcement cases,https://echo.epa.gov/facilities/enforcement-case-search,2026-09-13,"no federal EPA civil penalty found under the company's name, former names or 10-K subsidiaries with a settlement in 2016-2020 (ECHO file retrieved 2026-09-13)"
TECH,2021,0.0,EPA ECHO ICIS-FE&C civil enforcement cases,https://echo.epa.gov/facilities/enforcement-case-search,2026-09-13,"no federal EPA civil penalty found under the company's name, former names or 10-K subsidiaries with a settlement in 2017-2021 (ECHO file retrieved 2026-09-13)"
TECH,2022,0.0,EPA ECHO ICIS-FE&C civil enforcement cases,https://echo.epa.gov/facilities/enforcement-case-search,2026-09-13,"no federal EPA civil penalty found under the company's name, former names or 10-K subsidiaries with a settlement in 2018-2022 (ECHO file retrieved 2026-09-13)"
TECH,2023,0.0,EPA ECHO ICIS-FE&C civil enforcement cases,https://echo.epa.gov/facilities/enforcement-case-search,2026-09-13,"no federal EPA civil penalty found under the company's name, former names or 10-K subsidiaries with a settlement in 2019-2023 (ECHO file retrieved 2026-09-13)"
TECH,2024,0.0,EPA ECHO ICIS-FE&C civil enforcement cases,https://echo.epa.gov/facilities/enforcement-case-search,2026-09-13,"no federal EPA civil penalty found under the company's name, former names or 10-K subsidiaries with a settlement in 2020-2024 (ECHO file retrieved 2026-09-13)"
TECH,2025,0.0,EPA ECHO ICIS-FE&C civil enforcement cases,https://echo.epa.gov/facilities/enforcement-case-search,2026-09-13,"no federal EPA civil penalty found under the company's name, former names or 10-K subsidiaries with a settlement in 2021-2025 (ECHO file retrieved 2026-09-13)"
TEL,2020,0.0,EPA ECHO ICIS-FE&C civil enforcement cases,https://echo.epa.gov/facilities/enforcement-case-search,2026-09-13,"no federal EPA civil penalty found under the company's name, former names or 10-K subsidiaries with a settlement in 2016-2020 (ECHO file retrieved 2026-09-13)"
TEL,2021,0.0,EPA ECHO ICIS-FE&C civil enforcement cases,https://echo.epa.gov/facilities/enforcement-case-search,2026-09-13,"no federal EPA civil penalty found under the company's name, former names or 10-K subsidiaries with a settlement in 2017-2021 (ECHO file retrieved 2026-09-13)"
TEL,2022,0.0,EPA ECHO ICIS-FE&C civil enforcement cases,https://echo.epa.gov/facilities/enforcement-case-search,2026-09-13,"no federal EPA civil penalty found under the company's name, former names or 10-K subsidiaries with a settlement in 2018-2022 (ECHO file retrieved 2026-09-13)"
TEL,2023,0.0,EPA ECHO ICIS-FE&C civil enforcement cases,https://echo.epa.gov/facilities/enforcement-case-search,2026-09-13,"no federal EPA civil penalty found under the company's name, former names or 10-K subsidiaries with a settlement in 2019-2023 (ECHO file retrieved 2026-09-13)"
TEL,2024,0.0,EPA ECHO ICIS-FE&C civil enforcement cases,https://echo.epa.gov/facilities/enforcement-case-search,2026-09-13,"no federal EPA civil penalty found under the company's name, former names or 10-K subsidiaries with a settlement in 2020-2024 (ECHO file retrieved 2026-09-13)"
TEL,2025,0.0,EPA ECHO ICIS-FE&C civil enforcement cases,https://echo.epa.gov/facilities/enforcement-case-search,2026-09-13,"no federal EPA civil penalty found under the company's name, former names or 10-K subsidiaries with a settlement in 2021-2025 (ECHO file retrieved 2026-09-13)"
TER,2020,0.0,EPA ECHO ICIS-FE&C civil enforcement cases,https://echo.epa.gov/facilities/enforcement-case-search,2026-09-13,"no federal EPA civil penalty found under the company's name, former names or 10-K subsidiaries with a settlement in 2016-2020 (ECHO file retrieved 2026-09-13)"
TER,2021,0.0,EPA ECHO ICIS-FE&C civil enforcement cases,https://echo.epa.gov/facilities/enforcement-case-search,2026-09-13,"no federal EPA civil penalty found under the company's name, former names or 10-K subsidiaries with a settlement in 2017-2021 (ECHO file retrieved 2026-09-13)"
TER,2022,0.0,EPA ECHO ICIS-FE&C civil enforcement cases,https://echo.epa.gov/facilities/enforcement-case-search,2026-09-13,"no federal EPA civil penalty found under the company's name, former names or 10-K subsidiaries with a settlement in 2018-2022 (ECHO file retrieved 2026-09-13)"
TER,2023,0.0,EPA ECHO ICIS-FE&C civil enforcement cases,https://echo.epa.gov/facilities/enforcement-case-search,2026-09-13,"no federal EPA civil penalty found under the company's name, former names or 10-K subsidiaries with a settlement in 2019-2023 (ECHO file retrieved 2026-09-13)"
TER,2024,0.0,EPA ECHO ICIS-FE&C civil enforcement cases,https://echo.epa.gov/facilities/enforcement-case-search,2026-09-13,"no federal EPA civil penalty found under the company's name, former names or 10-K subsidiaries with a settlement in 2020-2024 (ECHO file retrieved 2026-09-13)"
TER,2025,0.0,EPA ECHO ICIS-FE&C civil enforcement cases,https://echo.epa.gov/facilities/enforcement-case-search,2026-09-13,"no federal EPA civil penalty found under the company's name, former names or 10-K subsidiaries with a settlement in 2021-2025 (ECHO file retrieved 2026-09-13)"
TFC,2020,0.0,EPA ECHO ICIS-FE&C civil enforcement cases,https://echo.epa.gov/facilities/enforcement-case-search,2026-09-13,"no federal EPA civil penalty found under the company's name, former names or 10-K subsidiaries with a settlement in 2016-2020 (ECHO file retrieved 2026-09-13)"
TFC,2021,0.0,EPA ECHO ICIS-FE&C civil enforcement cases,https://echo.epa.gov/facilities/enforcement-case-search,2026-09-13,"no federal EPA civil penalty found under the company's name, former names or 10-K subsidiaries with a settlement in 2017-2021 (ECHO file retrieved 2026-09-13)"
TFC,2022,0.0,EPA ECHO ICIS-FE&C civil enforcement cases,https://echo.epa.gov/facilities/enforcement-case-search,2026-09-13,"no federal EPA civil penalty found under the company's name, former names or 10-K subsidiaries with a settlement in 2018-2022 (ECHO file retrieved 2026-09-13)"
TFC,2023,0.0,EPA ECHO ICIS-FE&C civil enforcement cases,https://echo.epa.gov/facilities/enforcement-case-search,2026-09-13,"no federal EPA civil penalty found under the company's name, former names or 10-K subsidiaries with a settlement in 2019-2023 (ECHO file retrieved 2026-09-13)"
TFC,2024,0.0,EPA ECHO ICIS-FE&C civil enforcement cases,https://echo.epa.gov/facilities/enforcement-case-search,2026-09-13,"no federal EPA civil penalty found under the company's name, former names or 10-K subsidiaries with a settlement in 2020-2024 (ECHO file retrieved 2026-09-13)"
TFC,2025,0.0,EPA ECHO ICIS-FE&C civil enforcement cases,https://echo.epa.gov/facilities/enforcement-case-search,2026-09-13,"no federal EPA civil penalty found under the company's name, former names or 10-K subsidiaries with a settlement in 2021-2025 (ECHO file retrieved 2026-09-13)"
TGT,2020,0.0,EPA ECHO ICIS-FE&C civil enforcement cases,https://echo.epa.gov/facilities/enforcement-case-search,2026-09-13,"no federal EPA civil penalty found under the company's name, former names or 10-K subsidiaries with a settlement in 2016-2020 (ECHO file retrieved 2026-09-13)"
TGT,2021,0.0,EPA ECHO ICIS-FE&C civil enforcement cases,https://echo.epa.gov/facilities/enforcement-case-search,2026-09-13,"no federal EPA civil penalty found under the company's name, former names or 10-K subsidiaries with a settlement in 2017-2021 (ECHO file retrieved 2026-09-13)"
TGT,2022,20.46,EPA ECHO ICIS-FE&C civil enforcement cases,https://echo.epa.gov/enforcement-case-report?id=02-2022-7920,2026-09-13,"1 case(s), $1,892 in 2018-2022 over mean revenue $92.4bn; largest: case 02-2022-7920 (2022), defendant 'Target', $1,892"
TGT,2023,19.14,EPA ECHO ICIS-FE&C civil enforcement cases,https://echo.epa.gov/enforcement-case-report?id=02-2022-7920,2026-09-13,"1 case(s), $1,892 in 2019-2023 over mean revenue $98.8bn; largest: case 02-2022-7920 (2022), defendant 'Target', $1,892"
TGT,2024,18.09,EPA ECHO ICIS-FE&C civil enforcement cases,https://echo.epa.gov/enforcement-case-report?id=02-2022-7920,2026-09-13,"1 case(s), $1,892 in 2020-2024 over mean revenue $104.5bn; largest: case 02-2022-7920 (2022), defendant 'Target', $1,892"
TGT,2025,17.71,EPA ECHO ICIS-FE&C civil enforcement cases,https://echo.epa.gov/enforcement-case-report?id=02-2022-7920,2026-09-13,"1 case(s), $1,892 in 2021-2025 over mean revenue $106.8bn; largest: case 02-2022-7920 (2022), defendant 'Target', $1,892"
TJX,2020,0.0,EPA ECHO ICIS-FE&C civil enforcement cases,https://echo.epa.gov/facilities/enforcement-case-search,2026-09-13,"no federal EPA civil penalty found under the company's name, former names or 10-K subsidiaries with a settlement in 2016-2020 (ECHO file retrieved 2026-09-13)"
TJX,2021,0.0,EPA ECHO ICIS-FE&C civil enforcement cases,https://echo.epa.gov/facilities/enforcement-case-search,2026-09-13,"no federal EPA civil penalty found under the company's name, former names or 10-K subsidiaries with a settlement in 2017-2021 (ECHO file retrieved 2026-09-13)"
TJX,2022,0.0,EPA ECHO ICIS-FE&C civil enforcement cases,https://echo.epa.gov/facilities/enforcement-case-search,2026-09-13,"no federal EPA civil penalty found under the company's name, former names or 10-K subsidiaries with a settlement in 2018-2022 (ECHO file retrieved 2026-09-13)"
TJX,2023,0.0,EPA ECHO ICIS-FE&C civil enforcement cases,https://echo.epa.gov/facilities/enforcement-case-search,2026-09-13,"no federal EPA civil penalty found under the company's name, former names or 10-K subsidiaries with a settlement in 2019-2023 (ECHO file retrieved 2026-09-13)"
TJX,2024,0.0,EPA ECHO ICIS-FE&C civil enforcement cases,https://echo.epa.gov/facilities/enforcement-case-search,2026-09-13,"no federal EPA civil penalty found under the company's name, former names or 10-K subsidiaries with a settlement in 2020-2024 (ECHO file retrieved 2026-09-13)"
TJX,2025,0.0,EPA ECHO ICIS-FE&C civil enforcement cases,https://echo.epa.gov/facilities/enforcement-case-search,2026-09-13,"no federal EPA civil penalty found under the company's name, former names or 10-K subsidiaries with a settlement in 2021-2025 (ECHO file retrieved 2026-09-13)"
TKO,2023,0.0,EPA ECHO ICIS-FE&C civil enforcement cases,https://echo.epa.gov/facilities/enforcement-case-search,2026-09-13,"no federal EPA civil penalty found under the company's name, former names or 10-K subsidiaries with a settlement in 2019-2023 (ECHO file retrieved 2026-09-13)"
TKO,2024,0.0,EPA ECHO ICIS-FE&C civil enforcement cases,https://echo.epa.gov/facilities/enforcement-case-search,2026-09-13,"no federal EPA civil penalty found under the company's name, former names or 10-K subsidiaries with a settlement in 2020-2024 (ECHO file retrieved 2026-09-13)"
TKO,2025,0.0,EPA ECHO ICIS-FE&C civil enforcement cases,https://echo.epa.gov/facilities/enforcement-case-search,2026-09-13,"no federal EPA civil penalty found under the company's name, former names or 10-K subsidiaries with a settlement in 2021-2025 (ECHO file retrieved 2026-09-13)"
TMO,2020,2992.33,EPA ECHO ICIS-FE&C civil enforcement cases,https://echo.epa.gov/enforcement-case-report?id=04-2019-4001,2026-09-13,"1 case(s), $72,600 in 2016-2020 over mean revenue $24.3bn; largest: case 04-2019-4001 (2019), defendant 'PATHEON API MANUFACTURING, INC.', $72,600"
TMO,2021,2551.9,EPA ECHO ICIS-FE&C civil enforcement cases,https://echo.epa.gov/enforcement-case-report?id=04-2019-4001,2026-09-13,"1 case(s), $72,600 in 2017-2021 over mean revenue $28.4bn; largest: case 04-2019-4001 (2019), defendant 'PATHEON API MANUFACTURING, INC.', $72,600"
TMO,2022,2183.54,EPA ECHO ICIS-FE&C civil enforcement cases,https://echo.epa.gov/enforcement-case-report?id=04-2019-4001,2026-09-13,"1 case(s), $72,600 in 2018-2022 over mean revenue $33.2bn; largest: case 04-2019-4001 (2019), defendant 'PATHEON API MANUFACTURING, INC.', $72,600"
TMO,2023,1964.89,EPA ECHO ICIS-FE&C civil enforcement cases,https://echo.epa.gov/enforcement-case-report?id=04-2019-4001,2026-09-13,"1 case(s), $72,600 in 2019-2023 over mean revenue $36.9bn; largest: case 04-2019-4001 (2019), defendant 'PATHEON API MANUFACTURING, INC.', $72,600"
TMO,2024,0.0,EPA ECHO ICIS-FE&C civil enforcement cases,https://echo.epa.gov/facilities/enforcement-case-search,2026-09-13,"no federal EPA civil penalty found under the company's name, former names or 10-K subsidiaries with a settlement in 2020-2024 (ECHO file retrieved 2026-09-13)"
TMO,2025,378.93,EPA ECHO ICIS-FE&C civil enforcement cases,https://echo.epa.gov/enforcement-case-report?id=02-2025-7201,2026-09-13,"1 case(s), $16,250 in 2021-2025 over mean revenue $42.9bn; largest: case 02-2025-7201 (2025), defendant 'Patheon Puerto Rico Inc.', $16,250"
TMUS,2020,0.0,EPA ECHO ICIS-FE&C civil enforcement cases,https://echo.epa.gov/facilities/enforcement-case-search,2026-09-13,"no federal EPA civil penalty found under the company's name, former names or 10-K subsidiaries with a settlement in 2016-2020 (ECHO file retrieved 2026-09-13)"
TMUS,2021,0.0,EPA ECHO ICIS-FE&C civil enforcement cases,https://echo.epa.gov/facilities/enforcement-case-search,2026-09-13,"no federal EPA civil penalty found under the company's name, former names or 10-K subsidiaries with a settlement in 2017-2021 (ECHO file retrieved 2026-09-13)"
TMUS,2022,0.0,EPA ECHO ICIS-FE&C civil enforcement cases,https://echo.epa.gov/facilities/enforcement-case-search,2026-09-13,"no federal EPA civil penalty found under the company's name, former names or 10-K subsidiaries with a settlement in 2018-2022 (ECHO file retrieved 2026-09-13)"
TMUS,2023,0.0,EPA ECHO ICIS-FE&C civil enforcement cases,https://echo.epa.gov/facilities/enforcement-case-search,2026-09-13,"no federal EPA civil penalty found under the company's name, former names or 10-K subsidiaries with a settlement in 2019-2023 (ECHO file retrieved 2026-09-13)"
TMUS,2024,0.0,EPA ECHO ICIS-FE&C civil enforcement cases,https://echo.epa.gov/facilities/enforcement-case-search,2026-09-13,"no federal EPA civil penalty found under the company's name, former names or 10-K subsidiaries with a settlement in 2020-2024 (ECHO file retrieved 2026-09-13)"
TMUS,2025,0.0,EPA ECHO ICIS-FE&C civil enforcement cases,https://echo.epa.gov/facilities/enforcement-case-search,2026-09-13,"no federal EPA civil penalty found under the company's name, former names or 10-K subsidiaries with a settlement in 2021-2025 (ECHO file retrieved 2026-09-13)"
TPL,2020,0.0,EPA ECHO ICIS-FE&C civil enforcement cases,https://echo.epa.gov/facilities/enforcement-case-search,2026-09-13,"no federal EPA civil penalty found under the company's name, former names or 10-K subsidiaries with a settlement in 2016-2020 (ECHO file retrieved 2026-09-13)"
TPL,2021,0.0,EPA ECHO ICIS-FE&C civil enforcement cases,https://echo.epa.gov/facilities/enforcement-case-search,2026-09-13,"no federal EPA civil penalty found under the company's name, former names or 10-K subsidiaries with a settlement in 2017-2021 (ECHO file retrieved 2026-09-13)"
TPL,2022,0.0,EPA ECHO ICIS-FE&C civil enforcement cases,https://echo.epa.gov/facilities/enforcement-case-search,2026-09-13,"no federal EPA civil penalty found under the company's name, former names or 10-K subsidiaries with a settlement in 2018-2022 (ECHO file retrieved 2026-09-13)"
TPL,2023,0.0,EPA ECHO ICIS-FE&C civil enforcement cases,https://echo.epa.gov/facilities/enforcement-case-search,2026-09-13,"no federal EPA civil penalty found under the company's name, former names or 10-K subsidiaries with a settlement in 2019-2023 (ECHO file retrieved 2026-09-13)"
TPL,2024,0.0,EPA ECHO ICIS-FE&C civil enforcement cases,https://echo.epa.gov/facilities/enforcement-case-search,2026-09-13,"no federal EPA civil penalty found under the company's name, former names or 10-K subsidiaries with a settlement in 2020-2024 (ECHO file retrieved 2026-09-13)"
TPL,2025,0.0,EPA ECHO ICIS-FE&C civil enforcement cases,https://echo.epa.gov/facilities/enforcement-case-search,2026-09-13,"no federal EPA civil penalty found under the company's name, former names or 10-K subsidiaries with a settlement in 2021-2025 (ECHO file retrieved 2026-09-13)"
TPR,2020,0.0,EPA ECHO ICIS-FE&C civil enforcement cases,https://echo.epa.gov/facilities/enforcement-case-search,2026-09-13,"no federal EPA civil penalty found under the company's name, former names or 10-K subsidiaries with a settlement in 2016-2020 (ECHO file retrieved 2026-09-13)"
TPR,2021,0.0,EPA ECHO ICIS-FE&C civil enforcement cases,https://echo.epa.gov/facilities/enforcement-case-search,2026-09-13,"no federal EPA civil penalty found under the company's name, former names or 10-K subsidiaries with a settlement in 2017-2021 (ECHO file retrieved 2026-09-13)"
TPR,2022,0.0,EPA ECHO ICIS-FE&C civil enforcement cases,https://echo.epa.gov/facilities/enforcement-case-search,2026-09-13,"no federal EPA civil penalty found under the company's name, former names or 10-K subsidiaries with a settlement in 2018-2022 (ECHO file retrieved 2026-09-13)"
TPR,2023,0.0,EPA ECHO ICIS-FE&C civil enforcement cases,https://echo.epa.gov/facilities/enforcement-case-search,2026-09-13,"no federal EPA civil penalty found under the company's name, former names or 10-K subsidiaries with a settlement in 2019-2023 (ECHO file retrieved 2026-09-13)"
TPR,2024,0.0,EPA ECHO ICIS-FE&C civil enforcement cases,https://echo.epa.gov/facilities/enforcement-case-search,2026-09-13,"no federal EPA civil penalty found under the company's name, former names or 10-K subsidiaries with a settlement in 2020-2024 (ECHO file retrieved 2026-09-13)"
TPR,2025,0.0,EPA ECHO ICIS-FE&C civil enforcement cases,https://echo.epa.gov/facilities/enforcement-case-search,2026-09-13,"no federal EPA civil penalty found under the company's name, former names or 10-K subsidiaries with a settlement in 2021-2025 (ECHO file retrieved 2026-09-13)"
TRGP,2020,27125.13,EPA ECHO ICIS-FE&C civil enforcement cases,https://echo.epa.gov/enforcement-case-report?id=08-2019-0033,2026-09-13,"2 case(s), $221,200 in 2016-2020 over mean revenue $8.2bn; largest: case 08-2019-0033 (2019), defendant 'Targa Resources', $220,000"
TRGP,2021,27205.59,EPA ECHO ICIS-FE&C civil enforcement cases,https://echo.epa.gov/enforcement-case-report?id=08-2019-0033,2026-09-13,"3 case(s), $277,676 in 2017-2021 over mean revenue $10.2bn; largest: case 08-2019-0033 (2019), defendant 'Targa Resources', $220,000"
TRGP,2022,25552.24,EPA ECHO ICIS-FE&C civil enforcement cases,https://echo.epa.gov/enforcement-case-report?id=08-2019-0033,2026-09-13,"4 case(s), $327,896 in 2018-2022 over mean revenue $12.8bn; largest: case 08-2019-0033 (2019), defendant 'Targa Resources', $220,000"
TRGP,2023,31695.48,EPA ECHO ICIS-FE&C civil enforcement cases,https://echo.epa.gov/enforcement-case-report?id=08-2019-0033,2026-09-13,"5 case(s), $449,260 in 2019-2023 over mean revenue $14.2bn; largest: case 08-2019-0033 (2019), defendant 'Targa Resources', $220,000"
TRGP,2024,29603.58,EPA ECHO ICIS-FE&C civil enforcement cases,https://echo.epa.gov/enforcement-case-report?id=06-2024-0504,2026-09-13,"5 case(s), $465,260 in 2020-2024 over mean revenue $15.7bn; largest: case 06-2024-0504 (2024), defendant 'TARGA DOWNSTREAM LLC', $236,000"
TRGP,2025,26563.34,EPA ECHO ICIS-FE&C civil enforcement cases,https://echo.epa.gov/enforcement-case-report?id=06-2024-0504,2026-09-13,"4 case(s), $464,060 in 2021-2025 over mean revenue $17.5bn; largest: case 06-2024-0504 (2024), defendant 'TARGA DOWNSTREAM LLC', $236,000"
TRMB,2020,0.0,EPA ECHO ICIS-FE&C civil enforcement cases,https://echo.epa.gov/facilities/enforcement-case-search,2026-09-13,"no federal EPA civil penalty found under the company's name, former names or 10-K subsidiaries with a settlement in 2016-2020 (ECHO file retrieved 2026-09-13)"
TRMB,2021,0.0,EPA ECHO ICIS-FE&C civil enforcement cases,https://echo.epa.gov/facilities/enforcement-case-search,2026-09-13,"no federal EPA civil penalty found under the company's name, former names or 10-K subsidiaries with a settlement in 2017-2021 (ECHO file retrieved 2026-09-13)"
TRMB,2022,0.0,EPA ECHO ICIS-FE&C civil enforcement cases,https://echo.epa.gov/facilities/enforcement-case-search,2026-09-13,"no federal EPA civil penalty found under the company's name, former names or 10-K subsidiaries with a settlement in 2018-2022 (ECHO file retrieved 2026-09-13)"
TRMB,2023,0.0,EPA ECHO ICIS-FE&C civil enforcement cases,https://echo.epa.gov/facilities/enforcement-case-search,2026-09-13,"no federal EPA civil penalty found under the company's name, former names or 10-K subsidiaries with a settlement in 2019-2023 (ECHO file retrieved 2026-09-13)"
TRMB,2024,0.0,EPA ECHO ICIS-FE&C civil enforcement cases,https://echo.epa.gov/facilities/enforcement-case-search,2026-09-13,"no federal EPA civil penalty found under the company's name, former names or 10-K subsidiaries with a settlement in 2020-2024 (ECHO file retrieved 2026-09-13)"
TRMB,2025,0.0,EPA ECHO ICIS-FE&C civil enforcement cases,https://echo.epa.gov/facilities/enforcement-case-search,2026-09-13,"no federal EPA civil penalty found under the company's name, former names or 10-K subsidiaries with a settlement in 2021-2025 (ECHO file retrieved 2026-09-13)"
TROW,2020,0.0,EPA ECHO ICIS-FE&C civil enforcement cases,https://echo.epa.gov/facilities/enforcement-case-search,2026-09-13,"no federal EPA civil penalty found under the company's name, former names or 10-K subsidiaries with a settlement in 2016-2020 (ECHO file retrieved 2026-09-13)"
TROW,2021,0.0,EPA ECHO ICIS-FE&C civil enforcement cases,https://echo.epa.gov/facilities/enforcement-case-search,2026-09-13,"no federal EPA civil penalty found under the company's name, former names or 10-K subsidiaries with a settlement in 2017-2021 (ECHO file retrieved 2026-09-13)"
TROW,2022,0.0,EPA ECHO ICIS-FE&C civil enforcement cases,https://echo.epa.gov/facilities/enforcement-case-search,2026-09-13,"no federal EPA civil penalty found under the company's name, former names or 10-K subsidiaries with a settlement in 2018-2022 (ECHO file retrieved 2026-09-13)"
TROW,2023,0.0,EPA ECHO ICIS-FE&C civil enforcement cases,https://echo.epa.gov/facilities/enforcement-case-search,2026-09-13,"no federal EPA civil penalty found under the company's name, former names or 10-K subsidiaries with a settlement in 2019-2023 (ECHO file retrieved 2026-09-13)"
TROW,2024,0.0,EPA ECHO ICIS-FE&C civil enforcement cases,https://echo.epa.gov/facilities/enforcement-case-search,2026-09-13,"no federal EPA civil penalty found under the company's name, former names or 10-K subsidiaries with a settlement in 2020-2024 (ECHO file retrieved 2026-09-13)"
TROW,2025,0.0,EPA ECHO ICIS-FE&C civil enforcement cases,https://echo.epa.gov/facilities/enforcement-case-search,2026-09-13,"no federal EPA civil penalty found under the company's name, former names or 10-K subsidiaries with a settlement in 2021-2025 (ECHO file retrieved 2026-09-13)"
TRV,2020,0.0,EPA ECHO ICIS-FE&C civil enforcement cases,https://echo.epa.gov/facilities/enforcement-case-search,2026-09-13,"no federal EPA civil penalty found under the company's name, former names or 10-K subsidiaries with a settlement in 2016-2020 (ECHO file retrieved 2026-09-13)"
TRV,2021,0.0,EPA ECHO ICIS-FE&C civil enforcement cases,https://echo.epa.gov/facilities/enforcement-case-search,2026-09-13,"no federal EPA civil penalty found under the company's name, former names or 10-K subsidiaries with a settlement in 2017-2021 (ECHO file retrieved 2026-09-13)"
TRV,2022,0.0,EPA ECHO ICIS-FE&C civil enforcement cases,https://echo.epa.gov/facilities/enforcement-case-search,2026-09-13,"no federal EPA civil penalty found under the company's name, former names or 10-K subsidiaries with a settlement in 2018-2022 (ECHO file retrieved 2026-09-13)"
TRV,2023,0.0,EPA ECHO ICIS-FE&C civil enforcement cases,https://echo.epa.gov/facilities/enforcement-case-search,2026-09-13,"no federal EPA civil penalty found under the company's name, former names or 10-K subsidiaries with a settlement in 2019-2023 (ECHO file retrieved 2026-09-13)"
TRV,2024,0.0,EPA ECHO ICIS-FE&C civil enforcement cases,https://echo.epa.gov/facilities/enforcement-case-search,2026-09-13,"no federal EPA civil penalty found under the company's name, former names or 10-K subsidiaries with a settlement in 2020-2024 (ECHO file retrieved 2026-09-13)"
TRV,2025,0.0,EPA ECHO ICIS-FE&C civil enforcement cases,https://echo.epa.gov/facilities/enforcement-case-search,2026-09-13,"no federal EPA civil penalty found under the company's name, former names or 10-K subsidiaries with a settlement in 2021-2025 (ECHO file retrieved 2026-09-13)"
TSCO,2020,49373.59,EPA ECHO ICIS-FE&C civil enforcement cases,https://echo.epa.gov/enforcement-case-report?id=EF-2010-0006,2026-09-13,"2 case(s), $421,400 in 2016-2020 over mean revenue $8.5bn; largest: case EF-2010-0006 (2016), defendant 'Tractor Supply Company, Inc.', $387,500"
TSCO,2021,3616.32,EPA ECHO ICIS-FE&C civil enforcement cases,https://echo.epa.gov/enforcement-case-report?id=06-2018-0913,2026-09-13,"1 case(s), $33,900 in 2017-2021 over mean revenue $9.4bn; largest: case 06-2018-0913 (2018), defendant 'Tractor Supply Company', $33,900"
TSCO,2022,3149.44,EPA ECHO ICIS-FE&C civil enforcement cases,https://echo.epa.gov/enforcement-case-report?id=06-2018-0913,2026-09-13,"1 case(s), $33,900 in 2018-2022 over mean revenue $10.8bn; largest: case 06-2018-0913 (2018), defendant 'Tractor Supply Company', $33,900"
TSCO,2023,0.0,EPA ECHO ICIS-FE&C civil enforcement cases,https://echo.epa.gov/facilities/enforcement-case-search,2026-09-13,"no federal EPA civil penalty found under the company's name, former names or 10-K subsidiaries with a settlement in 2019-2023 (ECHO file retrieved 2026-09-13)"
TSCO,2024,0.0,EPA ECHO ICIS-FE&C civil enforcement cases,https://echo.epa.gov/facilities/enforcement-case-search,2026-09-13,"no federal EPA civil penalty found under the company's name, former names or 10-K subsidiaries with a settlement in 2020-2024 (ECHO file retrieved 2026-09-13)"
TSCO,2025,0.0,EPA ECHO ICIS-FE&C civil enforcement cases,https://echo.epa.gov/facilities/enforcement-case-search,2026-09-13,"no federal EPA civil penalty found under the company's name, former names or 10-K subsidiaries with a settlement in 2021-2025 (ECHO file retrieved 2026-09-13)"
TSLA,2020,1608.98,EPA ECHO ICIS-FE&C civil enforcement cases,https://echo.epa.gov/enforcement-case-report?id=09-2019-0029,2026-09-13,"1 case(s), $31,000 in 2016-2020 over mean revenue $19.3bn; largest: case 09-2019-0029 (2019), defendant 'Tesla, Inc.', $31,000"
TSLA,2021,1082.73,EPA ECHO ICIS-FE&C civil enforcement cases,https://echo.epa.gov/enforcement-case-report?id=09-2019-0029,2026-09-13,"1 case(s), $31,000 in 2017-2021 over mean revenue $28.6bn; largest: case 09-2019-0029 (2019), defendant 'Tesla, Inc.', $31,000"
TSLA,2022,728.18,EPA ECHO ICIS-FE&C civil enforcement cases,https://echo.epa.gov/enforcement-case-report?id=09-2019-0029,2026-09-13,"1 case(s), $31,000 in 2018-2022 over mean revenue $42.6bn; largest: case 09-2019-0029 (2019), defendant 'Tesla, Inc.', $31,000"
TSLA,2023,537.87,EPA ECHO ICIS-FE&C civil enforcement cases,https://echo.epa.gov/enforcement-case-report?id=09-2019-0029,2026-09-13,"1 case(s), $31,000 in 2019-2023 over mean revenue $57.6bn; largest: case 09-2019-0029 (2019), defendant 'Tesla, Inc.', $31,000"
TSLA,2024,0.0,EPA ECHO ICIS-FE&C civil enforcement cases,https://echo.epa.gov/facilities/enforcement-case-search,2026-09-13,"no federal EPA civil penalty found under the company's name, former names or 10-K subsidiaries with a settlement in 2020-2024 (ECHO file retrieved 2026-09-13)"
TSLA,2025,0.0,EPA ECHO ICIS-FE&C civil enforcement cases,https://echo.epa.gov/facilities/enforcement-case-search,2026-09-13,"no federal EPA civil penalty found under the company's name, former names or 10-K subsidiaries with a settlement in 2021-2025 (ECHO file retrieved 2026-09-13)"
TSN,2020,6055.76,EPA ECHO ICIS-FE&C civil enforcement cases,https://echo.epa.gov/enforcement-case-report?id=06-2017-3349,2026-09-13,"7 case(s), $243,179 in 2016-2020 over mean revenue $40.2bn; largest: case 06-2017-3349 (2016), defendant 'Tyson Foods', $106,894"
TSN,2021,3167.84,EPA ECHO ICIS-FE&C civil enforcement cases,https://echo.epa.gov/enforcement-case-report?id=03-2018-0156,2026-09-13,"4 case(s), $133,652 in 2017-2021 over mean revenue $42.2bn; largest: case 03-2018-0156 (2018), defendant 'TYSON POULTRY, INC.', $63,000"
TSN,2022,9595.22,EPA ECHO ICIS-FE&C civil enforcement cases,https://echo.epa.gov/enforcement-case-report?id=01-2022-1032,2026-09-13,"6 case(s), $433,652 in 2018-2022 over mean revenue $45.2bn; largest: case 01-2022-1032 (2022), defendant 'Barber Foods LLC', $151,000"
TSN,2023,7760.66,EPA ECHO ICIS-FE&C civil enforcement cases,https://echo.epa.gov/enforcement-case-report?id=01-2022-1032,2026-09-13,"5 case(s), $370,652 in 2019-2023 over mean revenue $47.8bn; largest: case 01-2022-1032 (2022), defendant 'Barber Foods LLC', $151,000"
TSN,2024,6986.02,EPA ECHO ICIS-FE&C civil enforcement cases,https://echo.epa.gov/enforcement-case-report?id=01-2022-1032,2026-09-13,"4 case(s), $348,890 in 2020-2024 over mean revenue $49.9bn; largest: case 01-2022-1032 (2022), defendant 'Barber Foods LLC', $151,000"
TSN,2025,8664.12,EPA ECHO ICIS-FE&C civil enforcement cases,https://echo.epa.gov/enforcement-case-report?id=01-2022-1032,2026-09-13,"4 case(s), $452,201 in 2021-2025 over mean revenue $52.2bn; largest: case 01-2022-1032 (2022), defendant 'Barber Foods LLC', $151,000"
TT,2020,0.0,EPA ECHO ICIS-FE&C civil enforcement cases,https://echo.epa.gov/facilities/enforcement-case-search,2026-09-13,"no federal EPA civil penalty found under the company's name, former names or 10-K subsidiaries with a settlement in 2016-2020 (ECHO file retrieved 2026-09-13)"
TT,2021,0.0,EPA ECHO ICIS-FE&C civil enforcement cases,https://echo.epa.gov/facilities/enforcement-case-search,2026-09-13,"no federal EPA civil penalty found under the company's name, former names or 10-K subsidiaries with a settlement in 2017-2021 (ECHO file retrieved 2026-09-13)"
TT,2022,0.0,EPA ECHO ICIS-FE&C civil enforcement cases,https://echo.epa.gov/facilities/enforcement-case-search,2026-09-13,"no federal EPA civil penalty found under the company's name, former names or 10-K subsidiaries with a settlement in 2018-2022 (ECHO file retrieved 2026-09-13)"
TT,2023,0.0,EPA ECHO ICIS-FE&C civil enforcement cases,https://echo.epa.gov/facilities/enforcement-case-search,2026-09-13,"no federal EPA civil penalty found under the company's name, former names or 10-K subsidiaries with a settlement in 2019-2023 (ECHO file retrieved 2026-09-13)"
TT,2024,0.0,EPA ECHO ICIS-FE&C civil enforcement cases,https://echo.epa.gov/facilities/enforcement-case-search,2026-09-13,"no federal EPA civil penalty found under the company's name, former names or 10-K subsidiaries with a settlement in 2020-2024 (ECHO file retrieved 2026-09-13)"
TT,2025,0.0,EPA ECHO ICIS-FE&C civil enforcement cases,https://echo.epa.gov/facilities/enforcement-case-search,2026-09-13,"no federal EPA civil penalty found under the company's name, former names or 10-K subsidiaries with a settlement in 2021-2025 (ECHO file retrieved 2026-09-13)"
TTD,2020,0.0,EPA ECHO ICIS-FE&C civil enforcement cases,https://echo.epa.gov/facilities/enforcement-case-search,2026-09-13,"no federal EPA civil penalty found under the company's name, former names or 10-K subsidiaries with a settlement in 2016-2020 (ECHO file retrieved 2026-09-13)"
TTD,2021,0.0,EPA ECHO ICIS-FE&C civil enforcement cases,https://echo.epa.gov/facilities/enforcement-case-search,2026-09-13,"no federal EPA civil penalty found under the company's name, former names or 10-K subsidiaries with a settlement in 2017-2021 (ECHO file retrieved 2026-09-13)"
TTD,2022,0.0,EPA ECHO ICIS-FE&C civil enforcement cases,https://echo.epa.gov/facilities/enforcement-case-search,2026-09-13,"no federal EPA civil penalty found under the company's name, former names or 10-K subsidiaries with a settlement in 2018-2022 (ECHO file retrieved 2026-09-13)"
TTD,2023,0.0,EPA ECHO ICIS-FE&C civil enforcement cases,https://echo.epa.gov/facilities/enforcement-case-search,2026-09-13,"no federal EPA civil penalty found under the company's name, former names or 10-K subsidiaries with a settlement in 2019-2023 (ECHO file retrieved 2026-09-13)"
TTD,2024,0.0,EPA ECHO ICIS-FE&C civil enforcement cases,https://echo.epa.gov/facilities/enforcement-case-search,2026-09-13,"no federal EPA civil penalty found under the company's name, former names or 10-K subsidiaries with a settlement in 2020-2024 (ECHO file retrieved 2026-09-13)"
TTD,2025,0.0,EPA ECHO ICIS-FE&C civil enforcement cases,https://echo.epa.gov/facilities/enforcement-case-search,2026-09-13,"no federal EPA civil penalty found under the company's name, former names or 10-K subsidiaries with a settlement in 2021-2025 (ECHO file retrieved 2026-09-13)"
TTWO,2020,0.0,EPA ECHO ICIS-FE&C civil enforcement cases,https://echo.epa.gov/facilities/enforcement-case-search,2026-09-13,"no federal EPA civil penalty found under the company's name, former names or 10-K subsidiaries with a settlement in 2016-2020 (ECHO file retrieved 2026-09-13)"
TTWO,2021,0.0,EPA ECHO ICIS-FE&C civil enforcement cases,https://echo.epa.gov/facilities/enforcement-case-search,2026-09-13,"no federal EPA civil penalty found under the company's name, former names or 10-K subsidiaries with a settlement in 2017-2021 (ECHO file retrieved 2026-09-13)"
TTWO,2022,0.0,EPA ECHO ICIS-FE&C civil enforcement cases,https://echo.epa.gov/facilities/enforcement-case-search,2026-09-13,"no federal EPA civil penalty found under the company's name, former names or 10-K subsidiaries with a settlement in 2018-2022 (ECHO file retrieved 2026-09-13)"
TTWO,2023,0.0,EPA ECHO ICIS-FE&C civil enforcement cases,https://echo.epa.gov/facilities/enforcement-case-search,2026-09-13,"no federal EPA civil penalty found under the company's name, former names or 10-K subsidiaries with a settlement in 2019-2023 (ECHO file retrieved 2026-09-13)"
TTWO,2024,0.0,EPA ECHO ICIS-FE&C civil enforcement cases,https://echo.epa.gov/facilities/enforcement-case-search,2026-09-13,"no federal EPA civil penalty found under the company's name, former names or 10-K subsidiaries with a settlement in 2020-2024 (ECHO file retrieved 2026-09-13)"
TTWO,2025,0.0,EPA ECHO ICIS-FE&C civil enforcement cases,https://echo.epa.gov/facilities/enforcement-case-search,2026-09-13,"no federal EPA civil penalty found under the company's name, former names or 10-K subsidiaries with a settlement in 2021-2025 (ECHO file retrieved 2026-09-13)"
TXN,2020,0.0,EPA ECHO ICIS-FE&C civil enforcement cases,https://echo.epa.gov/facilities/enforcement-case-search,2026-09-13,"no federal EPA civil penalty found under the company's name, former names or 10-K subsidiaries with a settlement in 2016-2020 (ECHO file retrieved 2026-09-13)"
TXN,2021,115.48,EPA ECHO ICIS-FE&C civil enforcement cases,https://echo.epa.gov/enforcement-case-report?id=06-2021-3370,2026-09-13,"1 case(s), $1,800 in 2017-2021 over mean revenue $15.6bn; largest: case 06-2021-3370 (2021), defendant 'Texas Instruments Inc.', $1,800"
TXN,2022,108.43,EPA ECHO ICIS-FE&C civil enforcement cases,https://echo.epa.gov/enforcement-case-report?id=06-2021-3370,2026-09-13,"1 case(s), $1,800 in 2018-2022 over mean revenue $16.6bn; largest: case 06-2021-3370 (2021), defendant 'Texas Instruments Inc.', $1,800"
TXN,2023,106.21,EPA ECHO ICIS-FE&C civil enforcement cases,https://echo.epa.gov/enforcement-case-report?id=06-2021-3370,2026-09-13,"1 case(s), $1,800 in 2019-2023 over mean revenue $16.9bn; largest: case 06-2021-3370 (2021), defendant 'Texas Instruments Inc.', $1,800"
TXN,2024,104.66,EPA ECHO ICIS-FE&C civil enforcement cases,https://echo.epa.gov/enforcement-case-report?id=06-2021-3370,2026-09-13,"1 case(s), $1,800 in 2020-2024 over mean revenue $17.2bn; largest: case 06-2021-3370 (2021), defendant 'Texas Instruments Inc.', $1,800"
TXN,2025,100.88,EPA ECHO ICIS-FE&C civil enforcement cases,https://echo.epa.gov/enforcement-case-report?id=06-2021-3370,2026-09-13,"1 case(s), $1,800 in 2021-2025 over mean revenue $17.8bn; largest: case 06-2021-3370 (2021), defendant 'Texas Instruments Inc.', $1,800"
TXT,2020,1500.25,EPA ECHO ICIS-FE&C civil enforcement cases,https://echo.epa.gov/enforcement-case-report?id=05-2017-9905,2026-09-13,"1 case(s), $20,175 in 2016-2020 over mean revenue $13.4bn; largest: case 05-2017-9905 (2017), defendant 'TEXTRON AVIATION,INC.', $20,175"
TXT,2021,1532.29,EPA ECHO ICIS-FE&C civil enforcement cases,https://echo.epa.gov/enforcement-case-report?id=05-2017-9905,2026-09-13,"1 case(s), $20,175 in 2017-2021 over mean revenue $13.2bn; largest: case 05-2017-9905 (2017), defendant 'TEXTRON AVIATION,INC.', $20,175"
TXT,2022,0.0,EPA ECHO ICIS-FE&C civil enforcement cases,https://echo.epa.gov/facilities/enforcement-case-search,2026-09-13,"no federal EPA civil penalty found under the company's name, former names or 10-K subsidiaries with a settlement in 2018-2022 (ECHO file retrieved 2026-09-13)"
TXT,2023,0.0,EPA ECHO ICIS-FE&C civil enforcement cases,https://echo.epa.gov/facilities/enforcement-case-search,2026-09-13,"no federal EPA civil penalty found under the company's name, former names or 10-K subsidiaries with a settlement in 2019-2023 (ECHO file retrieved 2026-09-13)"
TXT,2024,0.0,EPA ECHO ICIS-FE&C civil enforcement cases,https://echo.epa.gov/facilities/enforcement-case-search,2026-09-13,"no federal EPA civil penalty found under the company's name, former names or 10-K subsidiaries with a settlement in 2020-2024 (ECHO file retrieved 2026-09-13)"
TXT,2025,3003.93,EPA ECHO ICIS-FE&C civil enforcement cases,https://echo.epa.gov/enforcement-case-report?id=07-2025-0208,2026-09-13,"1 case(s), $40,514 in 2021-2025 over mean revenue $13.5bn; largest: case 07-2025-0208 (2025), defendant 'Textron Aviation Inc.', $40,514"
TYL,2020,0.0,EPA ECHO ICIS-FE&C civil enforcement cases,https://echo.epa.gov/facilities/enforcement-case-search,2026-09-13,"no federal EPA civil penalty found under the company's name, former names or 10-K subsidiaries with a settlement in 2016-2020 (ECHO file retrieved 2026-09-13)"
TYL,2021,0.0,EPA ECHO ICIS-FE&C civil enforcement cases,https://echo.epa.gov/facilities/enforcement-case-search,2026-09-13,"no federal EPA civil penalty found under the company's name, former names or 10-K subsidiaries with a settlement in 2017-2021 (ECHO file retrieved 2026-09-13)"
TYL,2022,0.0,EPA ECHO ICIS-FE&C civil enforcement cases,https://echo.epa.gov/facilities/enforcement-case-search,2026-09-13,"no federal EPA civil penalty found under the company's name, former names or 10-K subsidiaries with a settlement in 2018-2022 (ECHO file retrieved 2026-09-13)"
TYL,2023,0.0,EPA ECHO ICIS-FE&C civil enforcement cases,https://echo.epa.gov/facilities/enforcement-case-search,2026-09-13,"no federal EPA civil penalty found under the company's name, former names or 10-K subsidiaries with a settlement in 2019-2023 (ECHO file retrieved 2026-09-13)"
TYL,2024,0.0,EPA ECHO ICIS-FE&C civil enforcement cases,https://echo.epa.gov/facilities/enforcement-case-search,2026-09-13,"no federal EPA civil penalty found under the company's name, former names or 10-K subsidiaries with a settlement in 2020-2024 (ECHO file retrieved 2026-09-13)"
TYL,2025,0.0,EPA ECHO ICIS-FE&C civil enforcement cases,https://echo.epa.gov/facilities/enforcement-case-search,2026-09-13,"no federal EPA civil penalty found under the company's name, former names or 10-K subsidiaries with a settlement in 2021-2025 (ECHO file retrieved 2026-09-13)"
UAL,2020,0.0,EPA ECHO ICIS-FE&C civil enforcement cases,https://echo.epa.gov/facilities/enforcement-case-search,2026-09-13,"no federal EPA civil penalty found under the company's name, former names or 10-K subsidiaries with a settlement in 2016-2020 (ECHO file retrieved 2026-09-13)"
UAL,2021,0.0,EPA ECHO ICIS-FE&C civil enforcement cases,https://echo.epa.gov/facilities/enforcement-case-search,2026-09-13,"no federal EPA civil penalty found under the company's name, former names or 10-K subsidiaries with a settlement in 2017-2021 (ECHO file retrieved 2026-09-13)"
UAL,2022,0.0,EPA ECHO ICIS-FE&C civil enforcement cases,https://echo.epa.gov/facilities/enforcement-case-search,2026-09-13,"no federal EPA civil penalty found under the company's name, former names or 10-K subsidiaries with a settlement in 2018-2022 (ECHO file retrieved 2026-09-13)"
UAL,2023,0.0,EPA ECHO ICIS-FE&C civil enforcement cases,https://echo.epa.gov/facilities/enforcement-case-search,2026-09-13,"no federal EPA civil penalty found under the company's name, former names or 10-K subsidiaries with a settlement in 2019-2023 (ECHO file retrieved 2026-09-13)"
UAL,2024,0.0,EPA ECHO ICIS-FE&C civil enforcement cases,https://echo.epa.gov/facilities/enforcement-case-search,2026-09-13,"no federal EPA civil penalty found under the company's name, former names or 10-K subsidiaries with a settlement in 2020-2024 (ECHO file retrieved 2026-09-13)"
UAL,2025,0.0,EPA ECHO ICIS-FE&C civil enforcement cases,https://echo.epa.gov/facilities/enforcement-case-search,2026-09-13,"no federal EPA civil penalty found under the company's name, former names or 10-K subsidiaries with a settlement in 2021-2025 (ECHO file retrieved 2026-09-13)"
UBER,2020,0.0,EPA ECHO ICIS-FE&C civil enforcement cases,https://echo.epa.gov/facilities/enforcement-case-search,2026-09-13,"no federal EPA civil penalty found under the company's name, former names or 10-K subsidiaries with a settlement in 2016-2020 (ECHO file retrieved 2026-09-13)"
UBER,2021,0.0,EPA ECHO ICIS-FE&C civil enforcement cases,https://echo.epa.gov/facilities/enforcement-case-search,2026-09-13,"no federal EPA civil penalty found under the company's name, former names or 10-K subsidiaries with a settlement in 2017-2021 (ECHO file retrieved 2026-09-13)"
UBER,2022,0.0,EPA ECHO ICIS-FE&C civil enforcement cases,https://echo.epa.gov/facilities/enforcement-case-search,2026-09-13,"no federal EPA civil penalty found under the company's name, former names or 10-K subsidiaries with a settlement in 2018-2022 (ECHO file retrieved 2026-09-13)"
UBER,2023,0.0,EPA ECHO ICIS-FE&C civil enforcement cases,https://echo.epa.gov/facilities/enforcement-case-search,2026-09-13,"no federal EPA civil penalty found under the company's name, former names or 10-K subsidiaries with a settlement in 2019-2023 (ECHO file retrieved 2026-09-13)"
UBER,2024,0.0,EPA ECHO ICIS-FE&C civil enforcement cases,https://echo.epa.gov/facilities/enforcement-case-search,2026-09-13,"no federal EPA civil penalty found under the company's name, former names or 10-K subsidiaries with a settlement in 2020-2024 (ECHO file retrieved 2026-09-13)"
UBER,2025,0.0,EPA ECHO ICIS-FE&C civil enforcement cases,https://echo.epa.gov/facilities/enforcement-case-search,2026-09-13,"no federal EPA civil penalty found under the company's name, former names or 10-K subsidiaries with a settlement in 2021-2025 (ECHO file retrieved 2026-09-13)"
UDR,2020,0.0,EPA ECHO ICIS-FE&C civil enforcement cases,https://echo.epa.gov/facilities/enforcement-case-search,2026-09-13,"no federal EPA civil penalty found under the company's name, former names or 10-K subsidiaries with a settlement in 2016-2020 (ECHO file retrieved 2026-09-13)"
UDR,2021,0.0,EPA ECHO ICIS-FE&C civil enforcement cases,https://echo.epa.gov/facilities/enforcement-case-search,2026-09-13,"no federal EPA civil penalty found under the company's name, former names or 10-K subsidiaries with a settlement in 2017-2021 (ECHO file retrieved 2026-09-13)"
UDR,2022,0.0,EPA ECHO ICIS-FE&C civil enforcement cases,https://echo.epa.gov/facilities/enforcement-case-search,2026-09-13,"no federal EPA civil penalty found under the company's name, former names or 10-K subsidiaries with a settlement in 2018-2022 (ECHO file retrieved 2026-09-13)"
UDR,2023,0.0,EPA ECHO ICIS-FE&C civil enforcement cases,https://echo.epa.gov/facilities/enforcement-case-search,2026-09-13,"no federal EPA civil penalty found under the company's name, former names or 10-K subsidiaries with a settlement in 2019-2023 (ECHO file retrieved 2026-09-13)"
UDR,2024,0.0,EPA ECHO ICIS-FE&C civil enforcement cases,https://echo.epa.gov/facilities/enforcement-case-search,2026-09-13,"no federal EPA civil penalty found under the company's name, former names or 10-K subsidiaries with a settlement in 2020-2024 (ECHO file retrieved 2026-09-13)"
UDR,2025,0.0,EPA ECHO ICIS-FE&C civil enforcement cases,https://echo.epa.gov/facilities/enforcement-case-search,2026-09-13,"no federal EPA civil penalty found under the company's name, former names or 10-K subsidiaries with a settlement in 2021-2025 (ECHO file retrieved 2026-09-13)"
UHS,2020,0.0,EPA ECHO ICIS-FE&C civil enforcement cases,https://echo.epa.gov/facilities/enforcement-case-search,2026-09-13,"no federal EPA civil penalty found under the company's name, former names or 10-K subsidiaries with a settlement in 2016-2020 (ECHO file retrieved 2026-09-13)"
UHS,2021,0.0,EPA ECHO ICIS-FE&C civil enforcement cases,https://echo.epa.gov/facilities/enforcement-case-search,2026-09-13,"no federal EPA civil penalty found under the company's name, former names or 10-K subsidiaries with a settlement in 2017-2021 (ECHO file retrieved 2026-09-13)"
UHS,2022,0.0,EPA ECHO ICIS-FE&C civil enforcement cases,https://echo.epa.gov/facilities/enforcement-case-search,2026-09-13,"no federal EPA civil penalty found under the company's name, former names or 10-K subsidiaries with a settlement in 2018-2022 (ECHO file retrieved 2026-09-13)"
UHS,2023,0.0,EPA ECHO ICIS-FE&C civil enforcement cases,https://echo.epa.gov/facilities/enforcement-case-search,2026-09-13,"no federal EPA civil penalty found under the company's name, former names or 10-K subsidiaries with a settlement in 2019-2023 (ECHO file retrieved 2026-09-13)"
UHS,2024,0.0,EPA ECHO ICIS-FE&C civil enforcement cases,https://echo.epa.gov/facilities/enforcement-case-search,2026-09-13,"no federal EPA civil penalty found under the company's name, former names or 10-K subsidiaries with a settlement in 2020-2024 (ECHO file retrieved 2026-09-13)"
UHS,2025,0.0,EPA ECHO ICIS-FE&C civil enforcement cases,https://echo.epa.gov/facilities/enforcement-case-search,2026-09-13,"no federal EPA civil penalty found under the company's name, former names or 10-K subsidiaries with a settlement in 2021-2025 (ECHO file retrieved 2026-09-13)"
ULTA,2020,0.0,EPA ECHO ICIS-FE&C civil enforcement cases,https://echo.epa.gov/facilities/enforcement-case-search,2026-09-13,"no federal EPA civil penalty found under the company's name, former names or 10-K subsidiaries with a settlement in 2016-2020 (ECHO file retrieved 2026-09-13)"
ULTA,2021,0.0,EPA ECHO ICIS-FE&C civil enforcement cases,https://echo.epa.gov/facilities/enforcement-case-search,2026-09-13,"no federal EPA civil penalty found under the company's name, former names or 10-K subsidiaries with a settlement in 2017-2021 (ECHO file retrieved 2026-09-13)"
ULTA,2022,0.0,EPA ECHO ICIS-FE&C civil enforcement cases,https://echo.epa.gov/facilities/enforcement-case-search,2026-09-13,"no federal EPA civil penalty found under the company's name, former names or 10-K subsidiaries with a settlement in 2018-2022 (ECHO file retrieved 2026-09-13)"
ULTA,2023,0.0,EPA ECHO ICIS-FE&C civil enforcement cases,https://echo.epa.gov/facilities/enforcement-case-search,2026-09-13,"no federal EPA civil penalty found under the company's name, former names or 10-K subsidiaries with a settlement in 2019-2023 (ECHO file retrieved 2026-09-13)"
ULTA,2024,0.0,EPA ECHO ICIS-FE&C civil enforcement cases,https://echo.epa.gov/facilities/enforcement-case-search,2026-09-13,"no federal EPA civil penalty found under the company's name, former names or 10-K subsidiaries with a settlement in 2020-2024 (ECHO file retrieved 2026-09-13)"
ULTA,2025,0.0,EPA ECHO ICIS-FE&C civil enforcement cases,https://echo.epa.gov/facilities/enforcement-case-search,2026-09-13,"no federal EPA civil penalty found under the company's name, former names or 10-K subsidiaries with a settlement in 2021-2025 (ECHO file retrieved 2026-09-13)"
UNH,2020,0.0,EPA ECHO ICIS-FE&C civil enforcement cases,https://echo.epa.gov/facilities/enforcement-case-search,2026-09-13,"no federal EPA civil penalty found under the company's name, former names or 10-K subsidiaries with a settlement in 2016-2020 (ECHO file retrieved 2026-09-13)"
UNH,2021,0.0,EPA ECHO ICIS-FE&C civil enforcement cases,https://echo.epa.gov/facilities/enforcement-case-search,2026-09-13,"no federal EPA civil penalty found under the company's name, former names or 10-K subsidiaries with a settlement in 2017-2021 (ECHO file retrieved 2026-09-13)"
UNH,2022,0.0,EPA ECHO ICIS-FE&C civil enforcement cases,https://echo.epa.gov/facilities/enforcement-case-search,2026-09-13,"no federal EPA civil penalty found under the company's name, former names or 10-K subsidiaries with a settlement in 2018-2022 (ECHO file retrieved 2026-09-13)"
UNH,2023,0.0,EPA ECHO ICIS-FE&C civil enforcement cases,https://echo.epa.gov/facilities/enforcement-case-search,2026-09-13,"no federal EPA civil penalty found under the company's name, former names or 10-K subsidiaries with a settlement in 2019-2023 (ECHO file retrieved 2026-09-13)"
UNH,2024,0.0,EPA ECHO ICIS-FE&C civil enforcement cases,https://echo.epa.gov/facilities/enforcement-case-search,2026-09-13,"no federal EPA civil penalty found under the company's name, former names or 10-K subsidiaries with a settlement in 2020-2024 (ECHO file retrieved 2026-09-13)"
UNH,2025,0.0,EPA ECHO ICIS-FE&C civil enforcement cases,https://echo.epa.gov/facilities/enforcement-case-search,2026-09-13,"no federal EPA civil penalty found under the company's name, former names or 10-K subsidiaries with a settlement in 2021-2025 (ECHO file retrieved 2026-09-13)"
UNP,2020,1140.1,EPA ECHO ICIS-FE&C civil enforcement cases,https://echo.epa.gov/enforcement-case-report?id=07-2017-0049,2026-09-13,"1 case(s), $24,000 in 2016-2020 over mean revenue $21.1bn; largest: case 07-2017-0049 (2017), defendant 'UNION PACIFIC RAILROAD COMPANY', $24,000"
UNP,2021,1120.27,EPA ECHO ICIS-FE&C civil enforcement cases,https://echo.epa.gov/enforcement-case-report?id=07-2017-0049,2026-09-13,"1 case(s), $24,000 in 2017-2021 over mean revenue $21.4bn; largest: case 07-2017-0049 (2017), defendant 'UNION PACIFIC RAILROAD COMPANY', $24,000"
UNP,2022,0.0,EPA ECHO ICIS-FE&C civil enforcement cases,https://echo.epa.gov/facilities/enforcement-case-search,2026-09-13,"no federal EPA civil penalty found under the company's name, former names or 10-K subsidiaries with a settlement in 2018-2022 (ECHO file retrieved 2026-09-13)"
UNP,2023,0.0,EPA ECHO ICIS-FE&C civil enforcement cases,https://echo.epa.gov/facilities/enforcement-case-search,2026-09-13,"no federal EPA civil penalty found under the company's name, former names or 10-K subsidiaries with a settlement in 2019-2023 (ECHO file retrieved 2026-09-13)"
UNP,2024,0.0,EPA ECHO ICIS-FE&C civil enforcement cases,https://echo.epa.gov/facilities/enforcement-case-search,2026-09-13,"no federal EPA civil penalty found under the company's name, former names or 10-K subsidiaries with a settlement in 2020-2024 (ECHO file retrieved 2026-09-13)"
UNP,2025,0.0,EPA ECHO ICIS-FE&C civil enforcement cases,https://echo.epa.gov/facilities/enforcement-case-search,2026-09-13,"no federal EPA civil penalty found under the company's name, former names or 10-K subsidiaries with a settlement in 2021-2025 (ECHO file retrieved 2026-09-13)"
UPS,2020,0.0,EPA ECHO ICIS-FE&C civil enforcement cases,https://echo.epa.gov/facilities/enforcement-case-search,2026-09-13,"no federal EPA civil penalty found under the company's name, former names or 10-K subsidiaries with a settlement in 2016-2020 (ECHO file retrieved 2026-09-13)"
UPS,2021,48167.73,EPA ECHO ICIS-FE&C civil enforcement cases,https://echo.epa.gov/enforcement-case-report?id=06-2021-0906,2026-09-13,"1 case(s), $3,800,000 in 2017-2021 over mean revenue $78.9bn; largest: case 06-2021-0906 (2021), defendant 'United Parcel Service', $3,800,000"
UPS,2022,106256.77,EPA ECHO ICIS-FE&C civil enforcement cases,https://echo.epa.gov/enforcement-case-report?id=06-2022-0942,2026-09-13,"2 case(s), $9,100,000 in 2018-2022 over mean revenue $85.6bn; largest: case 06-2022-0942 (2022), defendant 'United Parcel Service, Inc.', $5,300,000"
UPS,2023,102279.21,EPA ECHO ICIS-FE&C civil enforcement cases,https://echo.epa.gov/enforcement-case-report?id=06-2022-0942,2026-09-13,"3 case(s), $9,150,000 in 2019-2023 over mean revenue $89.5bn; largest: case 06-2022-0942 (2022), defendant 'United Parcel Service, Inc.', $5,300,000"
UPS,2024,99056.39,EPA ECHO ICIS-FE&C civil enforcement cases,https://echo.epa.gov/enforcement-case-report?id=06-2022-0942,2026-09-13,"4 case(s), $9,198,000 in 2020-2024 over mean revenue $92.9bn; largest: case 06-2022-0942 (2022), defendant 'United Parcel Service, Inc.', $5,300,000"
UPS,2025,98203.34,EPA ECHO ICIS-FE&C civil enforcement cases,https://echo.epa.gov/enforcement-case-report?id=06-2022-0942,2026-09-13,"4 case(s), $9,198,000 in 2021-2025 over mean revenue $93.7bn; largest: case 06-2022-0942 (2022), defendant 'United Parcel Service, Inc.', $5,300,000"
URI,2020,0.0,EPA ECHO ICIS-FE&C civil enforcement cases,https://echo.epa.gov/facilities/enforcement-case-search,2026-09-13,"no federal EPA civil penalty found under the company's name, former names or 10-K subsidiaries with a settlement in 2016-2020 (ECHO file retrieved 2026-09-13)"
URI,2021,0.0,EPA ECHO ICIS-FE&C civil enforcement cases,https://echo.epa.gov/facilities/enforcement-case-search,2026-09-13,"no federal EPA civil penalty found under the company's name, former names or 10-K subsidiaries with a settlement in 2017-2021 (ECHO file retrieved 2026-09-13)"
URI,2022,0.0,EPA ECHO ICIS-FE&C civil enforcement cases,https://echo.epa.gov/facilities/enforcement-case-search,2026-09-13,"no federal EPA civil penalty found under the company's name, former names or 10-K subsidiaries with a settlement in 2018-2022 (ECHO file retrieved 2026-09-13)"
URI,2023,0.0,EPA ECHO ICIS-FE&C civil enforcement cases,https://echo.epa.gov/facilities/enforcement-case-search,2026-09-13,"no federal EPA civil penalty found under the company's name, former names or 10-K subsidiaries with a settlement in 2019-2023 (ECHO file retrieved 2026-09-13)"
URI,2024,0.0,EPA ECHO ICIS-FE&C civil enforcement cases,https://echo.epa.gov/facilities/enforcement-case-search,2026-09-13,"no federal EPA civil penalty found under the company's name, former names or 10-K subsidiaries with a settlement in 2020-2024 (ECHO file retrieved 2026-09-13)"
URI,2025,0.0,EPA ECHO ICIS-FE&C civil enforcement cases,https://echo.epa.gov/facilities/enforcement-case-search,2026-09-13,"no federal EPA civil penalty found under the company's name, former names or 10-K subsidiaries with a settlement in 2021-2025 (ECHO file retrieved 2026-09-13)"
USB,2020,0.0,EPA ECHO ICIS-FE&C civil enforcement cases,https://echo.epa.gov/facilities/enforcement-case-search,2026-09-13,"no federal EPA civil penalty found under the company's name, former names or 10-K subsidiaries with a settlement in 2016-2020 (ECHO file retrieved 2026-09-13)"
USB,2021,0.0,EPA ECHO ICIS-FE&C civil enforcement cases,https://echo.epa.gov/facilities/enforcement-case-search,2026-09-13,"no federal EPA civil penalty found under the company's name, former names or 10-K subsidiaries with a settlement in 2017-2021 (ECHO file retrieved 2026-09-13)"
USB,2022,0.0,EPA ECHO ICIS-FE&C civil enforcement cases,https://echo.epa.gov/facilities/enforcement-case-search,2026-09-13,"no federal EPA civil penalty found under the company's name, former names or 10-K subsidiaries with a settlement in 2018-2022 (ECHO file retrieved 2026-09-13)"
USB,2023,0.0,EPA ECHO ICIS-FE&C civil enforcement cases,https://echo.epa.gov/facilities/enforcement-case-search,2026-09-13,"no federal EPA civil penalty found under the company's name, former names or 10-K subsidiaries with a settlement in 2019-2023 (ECHO file retrieved 2026-09-13)"
USB,2024,0.0,EPA ECHO ICIS-FE&C civil enforcement cases,https://echo.epa.gov/facilities/enforcement-case-search,2026-09-13,"no federal EPA civil penalty found under the company's name, former names or 10-K subsidiaries with a settlement in 2020-2024 (ECHO file retrieved 2026-09-13)"
USB,2025,0.0,EPA ECHO ICIS-FE&C civil enforcement cases,https://echo.epa.gov/facilities/enforcement-case-search,2026-09-13,"no federal EPA civil penalty found under the company's name, former names or 10-K subsidiaries with a settlement in 2021-2025 (ECHO file retrieved 2026-09-13)"
V,2020,0.0,EPA ECHO ICIS-FE&C civil enforcement cases,https://echo.epa.gov/facilities/enforcement-case-search,2026-09-13,"no federal EPA civil penalty found under the company's name, former names or 10-K subsidiaries with a settlement in 2016-2020 (ECHO file retrieved 2026-09-13)"
V,2021,0.0,EPA ECHO ICIS-FE&C civil enforcement cases,https://echo.epa.gov/facilities/enforcement-case-search,2026-09-13,"no federal EPA civil penalty found under the company's name, former names or 10-K subsidiaries with a settlement in 2017-2021 (ECHO file retrieved 2026-09-13)"
V,2022,0.0,EPA ECHO ICIS-FE&C civil enforcement cases,https://echo.epa.gov/facilities/enforcement-case-search,2026-09-13,"no federal EPA civil penalty found under the company's name, former names or 10-K subsidiaries with a settlement in 2018-2022 (ECHO file retrieved 2026-09-13)"
V,2023,0.0,EPA ECHO ICIS-FE&C civil enforcement cases,https://echo.epa.gov/facilities/enforcement-case-search,2026-09-13,"no federal EPA civil penalty found under the company's name, former names or 10-K subsidiaries with a settlement in 2019-2023 (ECHO file retrieved 2026-09-13)"
V,2024,0.0,EPA ECHO ICIS-FE&C civil enforcement cases,https://echo.epa.gov/facilities/enforcement-case-search,2026-09-13,"no federal EPA civil penalty found under the company's name, former names or 10-K subsidiaries with a settlement in 2020-2024 (ECHO file retrieved 2026-09-13)"
V,2025,0.0,EPA ECHO ICIS-FE&C civil enforcement cases,https://echo.epa.gov/facilities/enforcement-case-search,2026-09-13,"no federal EPA civil penalty found under the company's name, former names or 10-K subsidiaries with a settlement in 2021-2025 (ECHO file retrieved 2026-09-13)"
VEEV,2020,0.0,EPA ECHO ICIS-FE&C civil enforcement cases,https://echo.epa.gov/facilities/enforcement-case-search,2026-09-13,"no federal EPA civil penalty found under the company's name, former names or 10-K subsidiaries with a settlement in 2016-2020 (ECHO file retrieved 2026-09-13)"
VEEV,2021,0.0,EPA ECHO ICIS-FE&C civil enforcement cases,https://echo.epa.gov/facilities/enforcement-case-search,2026-09-13,"no federal EPA civil penalty found under the company's name, former names or 10-K subsidiaries with a settlement in 2017-2021 (ECHO file retrieved 2026-09-13)"
VEEV,2022,0.0,EPA ECHO ICIS-FE&C civil enforcement cases,https://echo.epa.gov/facilities/enforcement-case-search,2026-09-13,"no federal EPA civil penalty found under the company's name, former names or 10-K subsidiaries with a settlement in 2018-2022 (ECHO file retrieved 2026-09-13)"
VEEV,2023,0.0,EPA ECHO ICIS-FE&C civil enforcement cases,https://echo.epa.gov/facilities/enforcement-case-search,2026-09-13,"no federal EPA civil penalty found under the company's name, former names or 10-K subsidiaries with a settlement in 2019-2023 (ECHO file retrieved 2026-09-13)"
VEEV,2024,0.0,EPA ECHO ICIS-FE&C civil enforcement cases,https://echo.epa.gov/facilities/enforcement-case-search,2026-09-13,"no federal EPA civil penalty found under the company's name, former names or 10-K subsidiaries with a settlement in 2020-2024 (ECHO file retrieved 2026-09-13)"
VEEV,2025,0.0,EPA ECHO ICIS-FE&C civil enforcement cases,https://echo.epa.gov/facilities/enforcement-case-search,2026-09-13,"no federal EPA civil penalty found under the company's name, former names or 10-K subsidiaries with a settlement in 2021-2025 (ECHO file retrieved 2026-09-13)"
VICI,2020,0.0,EPA ECHO ICIS-FE&C civil enforcement cases,https://echo.epa.gov/facilities/enforcement-case-search,2026-09-13,"no federal EPA civil penalty found under the company's name, former names or 10-K subsidiaries with a settlement in 2016-2020 (ECHO file retrieved 2026-09-13)"
VICI,2021,0.0,EPA ECHO ICIS-FE&C civil enforcement cases,https://echo.epa.gov/facilities/enforcement-case-search,2026-09-13,"no federal EPA civil penalty found under the company's name, former names or 10-K subsidiaries with a settlement in 2017-2021 (ECHO file retrieved 2026-09-13)"
VICI,2022,0.0,EPA ECHO ICIS-FE&C civil enforcement cases,https://echo.epa.gov/facilities/enforcement-case-search,2026-09-13,"no federal EPA civil penalty found under the company's name, former names or 10-K subsidiaries with a settlement in 2018-2022 (ECHO file retrieved 2026-09-13)"
VICI,2023,0.0,EPA ECHO ICIS-FE&C civil enforcement cases,https://echo.epa.gov/facilities/enforcement-case-search,2026-09-13,"no federal EPA civil penalty found under the company's name, former names or 10-K subsidiaries with a settlement in 2019-2023 (ECHO file retrieved 2026-09-13)"
VICI,2024,0.0,EPA ECHO ICIS-FE&C civil enforcement cases,https://echo.epa.gov/facilities/enforcement-case-search,2026-09-13,"no federal EPA civil penalty found under the company's name, former names or 10-K subsidiaries with a settlement in 2020-2024 (ECHO file retrieved 2026-09-13)"
VICI,2025,0.0,EPA ECHO ICIS-FE&C civil enforcement cases,https://echo.epa.gov/facilities/enforcement-case-search,2026-09-13,"no federal EPA civil penalty found under the company's name, former names or 10-K subsidiaries with a settlement in 2021-2025 (ECHO file retrieved 2026-09-13)"
VLO,2020,33510.59,EPA ECHO ICIS-FE&C civil enforcement cases,https://echo.epa.gov/enforcement-case-report?id=EF-2018-0006,2026-09-13,"4 case(s), $3,082,358 in 2016-2020 over mean revenue $92.0bn; largest: case EF-2018-0006 (2020), defendant 'Valero Energy Corporation', $2,850,000"
VLO,2021,31810.01,EPA ECHO ICIS-FE&C civil enforcement cases,https://echo.epa.gov/enforcement-case-report?id=EF-2018-0006,2026-09-13,"6 case(s), $3,169,715 in 2017-2021 over mean revenue $99.6bn; largest: case EF-2018-0006 (2020), defendant 'Valero Energy Corporation', $2,850,000"
VLO,2022,26529.91,EPA ECHO ICIS-FE&C civil enforcement cases,https://echo.epa.gov/enforcement-case-report?id=EF-2018-0006,2026-09-13,"5 case(s), $3,080,807 in 2018-2022 over mean revenue $116.1bn; largest: case EF-2018-0006 (2020), defendant 'Valero Energy Corporation', $2,850,000"
VLO,2023,25276.95,EPA ECHO ICIS-FE&C civil enforcement cases,https://echo.epa.gov/enforcement-case-report?id=EF-2018-0006,2026-09-13,"6 case(s), $3,075,507 in 2019-2023 over mean revenue $121.7bn; largest: case EF-2018-0006 (2020), defendant 'Valero Energy Corporation', $2,850,000"
VLO,2024,24411.92,EPA ECHO ICIS-FE&C civil enforcement cases,https://echo.epa.gov/enforcement-case-report?id=EF-2018-0006,2026-09-13,"6 case(s), $3,075,507 in 2020-2024 over mean revenue $126.0bn; largest: case EF-2018-0006 (2020), defendant 'Valero Energy Corporation', $2,850,000"
VLO,2025,1639.59,EPA ECHO ICIS-FE&C civil enforcement cases,https://echo.epa.gov/enforcement-case-report?id=06-2022-3317,2026-09-13,"5 case(s), $225,507 in 2021-2025 over mean revenue $137.5bn; largest: case 06-2022-3317 (2022), defendant 'Diamond Green Diesel LLC', $93,450"
VLTO,2023,0.0,EPA ECHO ICIS-FE&C civil enforcement cases,https://echo.epa.gov/facilities/enforcement-case-search,2026-09-13,"no federal EPA civil penalty found under the company's name, former names or 10-K subsidiaries with a settlement in 2019-2023 (ECHO file retrieved 2026-09-13)"
VLTO,2024,0.0,EPA ECHO ICIS-FE&C civil enforcement cases,https://echo.epa.gov/facilities/enforcement-case-search,2026-09-13,"no federal EPA civil penalty found under the company's name, former names or 10-K subsidiaries with a settlement in 2020-2024 (ECHO file retrieved 2026-09-13)"
VLTO,2025,0.0,EPA ECHO ICIS-FE&C civil enforcement cases,https://echo.epa.gov/facilities/enforcement-case-search,2026-09-13,"no federal EPA civil penalty found under the company's name, former names or 10-K subsidiaries with a settlement in 2021-2025 (ECHO file retrieved 2026-09-13)"
VMC,2020,78053.8,EPA ECHO ICIS-FE&C civil enforcement cases,https://echo.epa.gov/enforcement-case-report?id=03-2020-0024,2026-09-13,"3 case(s), $338,000 in 2016-2020 over mean revenue $4.3bn; largest: case 03-2020-0024 (2020), defendant 'SUPERIOR CONCRETE MATERIALS, INC.', $250,000"
VMC,2021,71576.0,EPA ECHO ICIS-FE&C civil enforcement cases,https://echo.epa.gov/enforcement-case-report?id=03-2020-0024,2026-09-13,"3 case(s), $338,000 in 2017-2021 over mean revenue $4.7bn; largest: case 03-2020-0024 (2020), defendant 'SUPERIOR CONCRETE MATERIALS, INC.', $250,000"
VMC,2022,70646.1,EPA ECHO ICIS-FE&C civil enforcement cases,https://echo.epa.gov/enforcement-case-report?id=03-2020-0024,2026-09-13,"3 case(s), $382,000 in 2018-2022 over mean revenue $5.4bn; largest: case 03-2020-0024 (2020), defendant 'SUPERIOR CONCRETE MATERIALS, INC.', $250,000"
VMC,2023,62756.28,EPA ECHO ICIS-FE&C civil enforcement cases,https://echo.epa.gov/enforcement-case-report?id=03-2020-0024,2026-09-13,"3 case(s), $382,000 in 2019-2023 over mean revenue $6.1bn; largest: case 03-2020-0024 (2020), defendant 'SUPERIOR CONCRETE MATERIALS, INC.', $250,000"
VMC,2024,58012.74,EPA ECHO ICIS-FE&C civil enforcement cases,https://echo.epa.gov/enforcement-case-report?id=03-2020-0024,2026-09-13,"3 case(s), $382,000 in 2020-2024 over mean revenue $6.6bn; largest: case 03-2020-0024 (2020), defendant 'SUPERIOR CONCRETE MATERIALS, INC.', $250,000"
VMC,2025,8886.89,EPA ECHO ICIS-FE&C civil enforcement cases,https://echo.epa.gov/enforcement-case-report?id=03-2022-0032,2026-09-13,"1 case(s), $64,000 in 2021-2025 over mean revenue $7.2bn; largest: case 03-2022-0032 (2022), defendant 'SUPERIOR CONCRETE MATERIALS, INC.', $64,000"
VMRK,2020,0.0,EPA ECHO ICIS-FE&C civil enforcement cases,https://echo.epa.gov/facilities/enforcement-case-search,2026-09-13,"no federal EPA civil penalty found under the company's name, former names or 10-K subsidiaries with a settlement in 2016-2020 (ECHO file retrieved 2026-09-13)"
VMRK,2021,0.0,EPA ECHO ICIS-FE&C civil enforcement cases,https://echo.epa.gov/facilities/enforcement-case-search,2026-09-13,"no federal EPA civil penalty found under the company's name, former names or 10-K subsidiaries with a settlement in 2017-2021 (ECHO file retrieved 2026-09-13)"
VRSK,2020,0.0,EPA ECHO ICIS-FE&C civil enforcement cases,https://echo.epa.gov/facilities/enforcement-case-search,2026-09-13,"no federal EPA civil penalty found under the company's name, former names or 10-K subsidiaries with a settlement in 2016-2020 (ECHO file retrieved 2026-09-13)"
VRSK,2021,0.0,EPA ECHO ICIS-FE&C civil enforcement cases,https://echo.epa.gov/facilities/enforcement-case-search,2026-09-13,"no federal EPA civil penalty found under the company's name, former names or 10-K subsidiaries with a settlement in 2017-2021 (ECHO file retrieved 2026-09-13)"
VRSK,2022,0.0,EPA ECHO ICIS-FE&C civil enforcement cases,https://echo.epa.gov/facilities/enforcement-case-search,2026-09-13,"no federal EPA civil penalty found under the company's name, former names or 10-K subsidiaries with a settlement in 2018-2022 (ECHO file retrieved 2026-09-13)"
VRSK,2023,0.0,EPA ECHO ICIS-FE&C civil enforcement cases,https://echo.epa.gov/facilities/enforcement-case-search,2026-09-13,"no federal EPA civil penalty found under the company's name, former names or 10-K subsidiaries with a settlement in 2019-2023 (ECHO file retrieved 2026-09-13)"
VRSK,2024,0.0,EPA ECHO ICIS-FE&C civil enforcement cases,https://echo.epa.gov/facilities/enforcement-case-search,2026-09-13,"no federal EPA civil penalty found under the company's name, former names or 10-K subsidiaries with a settlement in 2020-2024 (ECHO file retrieved 2026-09-13)"
VRSK,2025,0.0,EPA ECHO ICIS-FE&C civil enforcement cases,https://echo.epa.gov/facilities/enforcement-case-search,2026-09-13,"no federal EPA civil penalty found under the company's name, former names or 10-K subsidiaries with a settlement in 2021-2025 (ECHO file retrieved 2026-09-13)"
VRSN,2020,0.0,EPA ECHO ICIS-FE&C civil enforcement cases,https://echo.epa.gov/facilities/enforcement-case-search,2026-09-13,"no federal EPA civil penalty found under the company's name, former names or 10-K subsidiaries with a settlement in 2016-2020 (ECHO file retrieved 2026-09-13)"
VRSN,2021,0.0,EPA ECHO ICIS-FE&C civil enforcement cases,https://echo.epa.gov/facilities/enforcement-case-search,2026-09-13,"no federal EPA civil penalty found under the company's name, former names or 10-K subsidiaries with a settlement in 2017-2021 (ECHO file retrieved 2026-09-13)"
VRSN,2022,0.0,EPA ECHO ICIS-FE&C civil enforcement cases,https://echo.epa.gov/facilities/enforcement-case-search,2026-09-13,"no federal EPA civil penalty found under the company's name, former names or 10-K subsidiaries with a settlement in 2018-2022 (ECHO file retrieved 2026-09-13)"
VRSN,2023,0.0,EPA ECHO ICIS-FE&C civil enforcement cases,https://echo.epa.gov/facilities/enforcement-case-search,2026-09-13,"no federal EPA civil penalty found under the company's name, former names or 10-K subsidiaries with a settlement in 2019-2023 (ECHO file retrieved 2026-09-13)"
VRSN,2024,0.0,EPA ECHO ICIS-FE&C civil enforcement cases,https://echo.epa.gov/facilities/enforcement-case-search,2026-09-13,"no federal EPA civil penalty found under the company's name, former names or 10-K subsidiaries with a settlement in 2020-2024 (ECHO file retrieved 2026-09-13)"
VRSN,2025,0.0,EPA ECHO ICIS-FE&C civil enforcement cases,https://echo.epa.gov/facilities/enforcement-case-search,2026-09-13,"no federal EPA civil penalty found under the company's name, former names or 10-K subsidiaries with a settlement in 2021-2025 (ECHO file retrieved 2026-09-13)"
VRT,2020,0.0,EPA ECHO ICIS-FE&C civil enforcement cases,https://echo.epa.gov/facilities/enforcement-case-search,2026-09-13,"no federal EPA civil penalty found under the company's name, former names or 10-K subsidiaries with a settlement in 2016-2020 (ECHO file retrieved 2026-09-13)"
VRT,2021,0.0,EPA ECHO ICIS-FE&C civil enforcement cases,https://echo.epa.gov/facilities/enforcement-case-search,2026-09-13,"no federal EPA civil penalty found under the company's name, former names or 10-K subsidiaries with a settlement in 2017-2021 (ECHO file retrieved 2026-09-13)"
VRT,2022,0.0,EPA ECHO ICIS-FE&C civil enforcement cases,https://echo.epa.gov/facilities/enforcement-case-search,2026-09-13,"no federal EPA civil penalty found under the company's name, former names or 10-K subsidiaries with a settlement in 2018-2022 (ECHO file retrieved 2026-09-13)"
VRT,2023,0.0,EPA ECHO ICIS-FE&C civil enforcement cases,https://echo.epa.gov/facilities/enforcement-case-search,2026-09-13,"no federal EPA civil penalty found under the company's name, former names or 10-K subsidiaries with a settlement in 2019-2023 (ECHO file retrieved 2026-09-13)"
VRT,2024,0.0,EPA ECHO ICIS-FE&C civil enforcement cases,https://echo.epa.gov/facilities/enforcement-case-search,2026-09-13,"no federal EPA civil penalty found under the company's name, former names or 10-K subsidiaries with a settlement in 2020-2024 (ECHO file retrieved 2026-09-13)"
VRT,2025,0.0,EPA ECHO ICIS-FE&C civil enforcement cases,https://echo.epa.gov/facilities/enforcement-case-search,2026-09-13,"no federal EPA civil penalty found under the company's name, former names or 10-K subsidiaries with a settlement in 2021-2025 (ECHO file retrieved 2026-09-13)"
VRTX,2020,0.0,EPA ECHO ICIS-FE&C civil enforcement cases,https://echo.epa.gov/facilities/enforcement-case-search,2026-09-13,"no federal EPA civil penalty found under the company's name, former names or 10-K subsidiaries with a settlement in 2016-2020 (ECHO file retrieved 2026-09-13)"
VRTX,2021,0.0,EPA ECHO ICIS-FE&C civil enforcement cases,https://echo.epa.gov/facilities/enforcement-case-search,2026-09-13,"no federal EPA civil penalty found under the company's name, former names or 10-K subsidiaries with a settlement in 2017-2021 (ECHO file retrieved 2026-09-13)"
VRTX,2022,0.0,EPA ECHO ICIS-FE&C civil enforcement cases,https://echo.epa.gov/facilities/enforcement-case-search,2026-09-13,"no federal EPA civil penalty found under the company's name, former names or 10-K subsidiaries with a settlement in 2018-2022 (ECHO file retrieved 2026-09-13)"
VRTX,2023,0.0,EPA ECHO ICIS-FE&C civil enforcement cases,https://echo.epa.gov/facilities/enforcement-case-search,2026-09-13,"no federal EPA civil penalty found under the company's name, former names or 10-K subsidiaries with a settlement in 2019-2023 (ECHO file retrieved 2026-09-13)"
VRTX,2024,0.0,EPA ECHO ICIS-FE&C civil enforcement cases,https://echo.epa.gov/facilities/enforcement-case-search,2026-09-13,"no federal EPA civil penalty found under the company's name, former names or 10-K subsidiaries with a settlement in 2020-2024 (ECHO file retrieved 2026-09-13)"
VRTX,2025,0.0,EPA ECHO ICIS-FE&C civil enforcement cases,https://echo.epa.gov/facilities/enforcement-case-search,2026-09-13,"no federal EPA civil penalty found under the company's name, former names or 10-K subsidiaries with a settlement in 2021-2025 (ECHO file retrieved 2026-09-13)"
VST,2020,0.0,EPA ECHO ICIS-FE&C civil enforcement cases,https://echo.epa.gov/facilities/enforcement-case-search,2026-09-13,"no federal EPA civil penalty found under the company's name, former names or 10-K subsidiaries with a settlement in 2016-2020 (ECHO file retrieved 2026-09-13)"
VST,2021,628.35,EPA ECHO ICIS-FE&C civil enforcement cases,https://echo.epa.gov/enforcement-case-report?id=06-2021-0942,2026-09-13,"1 case(s), $7,060 in 2017-2021 over mean revenue $11.2bn; largest: case 06-2021-0942 (2021), defendant 'Luminant Generation Company LLC', $7,060"
VST,2022,531.79,EPA ECHO ICIS-FE&C civil enforcement cases,https://echo.epa.gov/enforcement-case-report?id=06-2021-0942,2026-09-13,"1 case(s), $7,060 in 2018-2022 over mean revenue $13.3bn; largest: case 06-2021-0942 (2021), defendant 'Luminant Generation Company LLC', $7,060"
VST,2023,494.66,EPA ECHO ICIS-FE&C civil enforcement cases,https://echo.epa.gov/enforcement-case-report?id=06-2021-0942,2026-09-13,"1 case(s), $7,060 in 2019-2023 over mean revenue $14.3bn; largest: case 06-2021-0942 (2021), defendant 'Luminant Generation Company LLC', $7,060"
VST,2024,459.77,EPA ECHO ICIS-FE&C civil enforcement cases,https://echo.epa.gov/enforcement-case-report?id=06-2021-0942,2026-09-13,"1 case(s), $7,060 in 2020-2024 over mean revenue $15.4bn; largest: case 06-2021-0942 (2021), defendant 'Luminant Generation Company LLC', $7,060"
VST,2025,424.93,EPA ECHO ICIS-FE&C civil enforcement cases,https://echo.epa.gov/enforcement-case-report?id=06-2021-0942,2026-09-13,"1 case(s), $7,060 in 2021-2025 over mean revenue $16.6bn; largest: case 06-2021-0942 (2021), defendant 'Luminant Generation Company LLC', $7,060"
VTR,2020,0.0,EPA ECHO ICIS-FE&C civil enforcement cases,https://echo.epa.gov/facilities/enforcement-case-search,2026-09-13,"no federal EPA civil penalty found under the company's name, former names or 10-K subsidiaries with a settlement in 2016-2020 (ECHO file retrieved 2026-09-13)"
VTR,2021,0.0,EPA ECHO ICIS-FE&C civil enforcement cases,https://echo.epa.gov/facilities/enforcement-case-search,2026-09-13,"no federal EPA civil penalty found under the company's name, former names or 10-K subsidiaries with a settlement in 2017-2021 (ECHO file retrieved 2026-09-13)"
VTR,2022,0.0,EPA ECHO ICIS-FE&C civil enforcement cases,https://echo.epa.gov/facilities/enforcement-case-search,2026-09-13,"no federal EPA civil penalty found under the company's name, former names or 10-K subsidiaries with a settlement in 2018-2022 (ECHO file retrieved 2026-09-13)"
VTR,2023,0.0,EPA ECHO ICIS-FE&C civil enforcement cases,https://echo.epa.gov/facilities/enforcement-case-search,2026-09-13,"no federal EPA civil penalty found under the company's name, former names or 10-K subsidiaries with a settlement in 2019-2023 (ECHO file retrieved 2026-09-13)"
VTR,2024,0.0,EPA ECHO ICIS-FE&C civil enforcement cases,https://echo.epa.gov/facilities/enforcement-case-search,2026-09-13,"no federal EPA civil penalty found under the company's name, former names or 10-K subsidiaries with a settlement in 2020-2024 (ECHO file retrieved 2026-09-13)"
VTR,2025,0.0,EPA ECHO ICIS-FE&C civil enforcement cases,https://echo.epa.gov/facilities/enforcement-case-search,2026-09-13,"no federal EPA civil penalty found under the company's name, former names or 10-K subsidiaries with a settlement in 2021-2025 (ECHO file retrieved 2026-09-13)"
VTRS,2020,0.0,EPA ECHO ICIS-FE&C civil enforcement cases,https://echo.epa.gov/facilities/enforcement-case-search,2026-09-13,"no federal EPA civil penalty found under the company's name, former names or 10-K subsidiaries with a settlement in 2016-2020 (ECHO file retrieved 2026-09-13)"
VTRS,2021,0.0,EPA ECHO ICIS-FE&C civil enforcement cases,https://echo.epa.gov/facilities/enforcement-case-search,2026-09-13,"no federal EPA civil penalty found under the company's name, former names or 10-K subsidiaries with a settlement in 2017-2021 (ECHO file retrieved 2026-09-13)"
VTRS,2022,0.0,EPA ECHO ICIS-FE&C civil enforcement cases,https://echo.epa.gov/facilities/enforcement-case-search,2026-09-13,"no federal EPA civil penalty found under the company's name, former names or 10-K subsidiaries with a settlement in 2018-2022 (ECHO file retrieved 2026-09-13)"
VTRS,2023,0.0,EPA ECHO ICIS-FE&C civil enforcement cases,https://echo.epa.gov/facilities/enforcement-case-search,2026-09-13,"no federal EPA civil penalty found under the company's name, former names or 10-K subsidiaries with a settlement in 2019-2023 (ECHO file retrieved 2026-09-13)"
VTRS,2024,0.0,EPA ECHO ICIS-FE&C civil enforcement cases,https://echo.epa.gov/facilities/enforcement-case-search,2026-09-13,"no federal EPA civil penalty found under the company's name, former names or 10-K subsidiaries with a settlement in 2020-2024 (ECHO file retrieved 2026-09-13)"
VTRS,2025,0.0,EPA ECHO ICIS-FE&C civil enforcement cases,https://echo.epa.gov/facilities/enforcement-case-search,2026-09-13,"no federal EPA civil penalty found under the company's name, former names or 10-K subsidiaries with a settlement in 2021-2025 (ECHO file retrieved 2026-09-13)"
VZ,2020,0.0,EPA ECHO ICIS-FE&C civil enforcement cases,https://echo.epa.gov/facilities/enforcement-case-search,2026-09-13,"no federal EPA civil penalty found under the company's name, former names or 10-K subsidiaries with a settlement in 2016-2020 (ECHO file retrieved 2026-09-13)"
VZ,2021,0.0,EPA ECHO ICIS-FE&C civil enforcement cases,https://echo.epa.gov/facilities/enforcement-case-search,2026-09-13,"no federal EPA civil penalty found under the company's name, former names or 10-K subsidiaries with a settlement in 2017-2021 (ECHO file retrieved 2026-09-13)"
VZ,2022,0.0,EPA ECHO ICIS-FE&C civil enforcement cases,https://echo.epa.gov/facilities/enforcement-case-search,2026-09-13,"no federal EPA civil penalty found under the company's name, former names or 10-K subsidiaries with a settlement in 2018-2022 (ECHO file retrieved 2026-09-13)"
VZ,2023,0.0,EPA ECHO ICIS-FE&C civil enforcement cases,https://echo.epa.gov/facilities/enforcement-case-search,2026-09-13,"no federal EPA civil penalty found under the company's name, former names or 10-K subsidiaries with a settlement in 2019-2023 (ECHO file retrieved 2026-09-13)"
VZ,2024,0.0,EPA ECHO ICIS-FE&C civil enforcement cases,https://echo.epa.gov/facilities/enforcement-case-search,2026-09-13,"no federal EPA civil penalty found under the company's name, former names or 10-K subsidiaries with a settlement in 2020-2024 (ECHO file retrieved 2026-09-13)"
VZ,2025,0.0,EPA ECHO ICIS-FE&C civil enforcement cases,https://echo.epa.gov/facilities/enforcement-case-search,2026-09-13,"no federal EPA civil penalty found under the company's name, former names or 10-K subsidiaries with a settlement in 2021-2025 (ECHO file retrieved 2026-09-13)"
WAB,2020,5569.5,EPA ECHO ICIS-FE&C civil enforcement cases,https://echo.epa.gov/enforcement-case-report?id=07-2017-0071,2026-09-13,"1 case(s), $30,000 in 2016-2020 over mean revenue $5.4bn; largest: case 07-2017-0071 (2017), defendant 'RELCO LOCOMOTIVES, INC', $30,000"
WAB,2021,4713.54,EPA ECHO ICIS-FE&C civil enforcement cases,https://echo.epa.gov/enforcement-case-report?id=07-2017-0071,2026-09-13,"1 case(s), $30,000 in 2017-2021 over mean revenue $6.4bn; largest: case 07-2017-0071 (2017), defendant 'RELCO LOCOMOTIVES, INC', $30,000"
WAB,2022,0.0,EPA ECHO ICIS-FE&C civil enforcement cases,https://echo.epa.gov/facilities/enforcement-case-search,2026-09-13,"no federal EPA civil penalty found under the company's name, former names or 10-K subsidiaries with a settlement in 2018-2022 (ECHO file retrieved 2026-09-13)"
WAB,2023,0.0,EPA ECHO ICIS-FE&C civil enforcement cases,https://echo.epa.gov/facilities/enforcement-case-search,2026-09-13,"no federal EPA civil penalty found under the company's name, former names or 10-K subsidiaries with a settlement in 2019-2023 (ECHO file retrieved 2026-09-13)"
WAB,2024,0.0,EPA ECHO ICIS-FE&C civil enforcement cases,https://echo.epa.gov/facilities/enforcement-case-search,2026-09-13,"no federal EPA civil penalty found under the company's name, former names or 10-K subsidiaries with a settlement in 2020-2024 (ECHO file retrieved 2026-09-13)"
WAB,2025,0.0,EPA ECHO ICIS-FE&C civil enforcement cases,https://echo.epa.gov/facilities/enforcement-case-search,2026-09-13,"no federal EPA civil penalty found under the company's name, former names or 10-K subsidiaries with a settlement in 2021-2025 (ECHO file retrieved 2026-09-13)"
WAT,2020,0.0,EPA ECHO ICIS-FE&C civil enforcement cases,https://echo.epa.gov/facilities/enforcement-case-search,2026-09-13,"no federal EPA civil penalty found under the company's name, former names or 10-K subsidiaries with a settlement in 2016-2020 (ECHO file retrieved 2026-09-13)"
WAT,2021,0.0,EPA ECHO ICIS-FE&C civil enforcement cases,https://echo.epa.gov/facilities/enforcement-case-search,2026-09-13,"no federal EPA civil penalty found under the company's name, former names or 10-K subsidiaries with a settlement in 2017-2021 (ECHO file retrieved 2026-09-13)"
WAT,2022,0.0,EPA ECHO ICIS-FE&C civil enforcement cases,https://echo.epa.gov/facilities/enforcement-case-search,2026-09-13,"no federal EPA civil penalty found under the company's name, former names or 10-K subsidiaries with a settlement in 2018-2022 (ECHO file retrieved 2026-09-13)"
WAT,2023,0.0,EPA ECHO ICIS-FE&C civil enforcement cases,https://echo.epa.gov/facilities/enforcement-case-search,2026-09-13,"no federal EPA civil penalty found under the company's name, former names or 10-K subsidiaries with a settlement in 2019-2023 (ECHO file retrieved 2026-09-13)"
WAT,2024,0.0,EPA ECHO ICIS-FE&C civil enforcement cases,https://echo.epa.gov/facilities/enforcement-case-search,2026-09-13,"no federal EPA civil penalty found under the company's name, former names or 10-K subsidiaries with a settlement in 2020-2024 (ECHO file retrieved 2026-09-13)"
WAT,2025,0.0,EPA ECHO ICIS-FE&C civil enforcement cases,https://echo.epa.gov/facilities/enforcement-case-search,2026-09-13,"no federal EPA civil penalty found under the company's name, former names or 10-K subsidiaries with a settlement in 2021-2025 (ECHO file retrieved 2026-09-13)"
WBD,2020,0.0,EPA ECHO ICIS-FE&C civil enforcement cases,https://echo.epa.gov/facilities/enforcement-case-search,2026-09-13,"no federal EPA civil penalty found under the company's name, former names or 10-K subsidiaries with a settlement in 2016-2020 (ECHO file retrieved 2026-09-13)"
WBD,2021,0.0,EPA ECHO ICIS-FE&C civil enforcement cases,https://echo.epa.gov/facilities/enforcement-case-search,2026-09-13,"no federal EPA civil penalty found under the company's name, former names or 10-K subsidiaries with a settlement in 2017-2021 (ECHO file retrieved 2026-09-13)"
WBD,2022,0.0,EPA ECHO ICIS-FE&C civil enforcement cases,https://echo.epa.gov/facilities/enforcement-case-search,2026-09-13,"no federal EPA civil penalty found under the company's name, former names or 10-K subsidiaries with a settlement in 2018-2022 (ECHO file retrieved 2026-09-13)"
WBD,2023,0.0,EPA ECHO ICIS-FE&C civil enforcement cases,https://echo.epa.gov/facilities/enforcement-case-search,2026-09-13,"no federal EPA civil penalty found under the company's name, former names or 10-K subsidiaries with a settlement in 2019-2023 (ECHO file retrieved 2026-09-13)"
WBD,2024,0.0,EPA ECHO ICIS-FE&C civil enforcement cases,https://echo.epa.gov/facilities/enforcement-case-search,2026-09-13,"no federal EPA civil penalty found under the company's name, former names or 10-K subsidiaries with a settlement in 2020-2024 (ECHO file retrieved 2026-09-13)"
WBD,2025,0.0,EPA ECHO ICIS-FE&C civil enforcement cases,https://echo.epa.gov/facilities/enforcement-case-search,2026-09-13,"no federal EPA civil penalty found under the company's name, former names or 10-K subsidiaries with a settlement in 2021-2025 (ECHO file retrieved 2026-09-13)"
WDAY,2020,0.0,EPA ECHO ICIS-FE&C civil enforcement cases,https://echo.epa.gov/facilities/enforcement-case-search,2026-09-13,"no federal EPA civil penalty found under the company's name, former names or 10-K subsidiaries with a settlement in 2016-2020 (ECHO file retrieved 2026-09-13)"
WDAY,2021,0.0,EPA ECHO ICIS-FE&C civil enforcement cases,https://echo.epa.gov/facilities/enforcement-case-search,2026-09-13,"no federal EPA civil penalty found under the company's name, former names or 10-K subsidiaries with a settlement in 2017-2021 (ECHO file retrieved 2026-09-13)"
WDAY,2022,0.0,EPA ECHO ICIS-FE&C civil enforcement cases,https://echo.epa.gov/facilities/enforcement-case-search,2026-09-13,"no federal EPA civil penalty found under the company's name, former names or 10-K subsidiaries with a settlement in 2018-2022 (ECHO file retrieved 2026-09-13)"
WDAY,2023,0.0,EPA ECHO ICIS-FE&C civil enforcement cases,https://echo.epa.gov/facilities/enforcement-case-search,2026-09-13,"no federal EPA civil penalty found under the company's name, former names or 10-K subsidiaries with a settlement in 2019-2023 (ECHO file retrieved 2026-09-13)"
WDAY,2024,0.0,EPA ECHO ICIS-FE&C civil enforcement cases,https://echo.epa.gov/facilities/enforcement-case-search,2026-09-13,"no federal EPA civil penalty found under the company's name, former names or 10-K subsidiaries with a settlement in 2020-2024 (ECHO file retrieved 2026-09-13)"
WDAY,2025,0.0,EPA ECHO ICIS-FE&C civil enforcement cases,https://echo.epa.gov/facilities/enforcement-case-search,2026-09-13,"no federal EPA civil penalty found under the company's name, former names or 10-K subsidiaries with a settlement in 2021-2025 (ECHO file retrieved 2026-09-13)"
WDC,2020,0.0,EPA ECHO ICIS-FE&C civil enforcement cases,https://echo.epa.gov/facilities/enforcement-case-search,2026-09-13,"no federal EPA civil penalty found under the company's name, former names or 10-K subsidiaries with a settlement in 2016-2020 (ECHO file retrieved 2026-09-13)"
WDC,2021,0.0,EPA ECHO ICIS-FE&C civil enforcement cases,https://echo.epa.gov/facilities/enforcement-case-search,2026-09-13,"no federal EPA civil penalty found under the company's name, former names or 10-K subsidiaries with a settlement in 2017-2021 (ECHO file retrieved 2026-09-13)"
WDC,2022,0.0,EPA ECHO ICIS-FE&C civil enforcement cases,https://echo.epa.gov/facilities/enforcement-case-search,2026-09-13,"no federal EPA civil penalty found under the company's name, former names or 10-K subsidiaries with a settlement in 2018-2022 (ECHO file retrieved 2026-09-13)"
WDC,2023,0.0,EPA ECHO ICIS-FE&C civil enforcement cases,https://echo.epa.gov/facilities/enforcement-case-search,2026-09-13,"no federal EPA civil penalty found under the company's name, former names or 10-K subsidiaries with a settlement in 2019-2023 (ECHO file retrieved 2026-09-13)"
WDC,2024,0.0,EPA ECHO ICIS-FE&C civil enforcement cases,https://echo.epa.gov/facilities/enforcement-case-search,2026-09-13,"no federal EPA civil penalty found under the company's name, former names or 10-K subsidiaries with a settlement in 2020-2024 (ECHO file retrieved 2026-09-13)"
WDC,2025,0.0,EPA ECHO ICIS-FE&C civil enforcement cases,https://echo.epa.gov/facilities/enforcement-case-search,2026-09-13,"no federal EPA civil penalty found under the company's name, former names or 10-K subsidiaries with a settlement in 2021-2025 (ECHO file retrieved 2026-09-13)"
WEC,2020,0.0,EPA ECHO ICIS-FE&C civil enforcement cases,https://echo.epa.gov/facilities/enforcement-case-search,2026-09-13,"no federal EPA civil penalty found under the company's name, former names or 10-K subsidiaries with a settlement in 2016-2020 (ECHO file retrieved 2026-09-13)"
WEC,2021,0.0,EPA ECHO ICIS-FE&C civil enforcement cases,https://echo.epa.gov/facilities/enforcement-case-search,2026-09-13,"no federal EPA civil penalty found under the company's name, former names or 10-K subsidiaries with a settlement in 2017-2021 (ECHO file retrieved 2026-09-13)"
WEC,2022,0.0,EPA ECHO ICIS-FE&C civil enforcement cases,https://echo.epa.gov/facilities/enforcement-case-search,2026-09-13,"no federal EPA civil penalty found under the company's name, former names or 10-K subsidiaries with a settlement in 2018-2022 (ECHO file retrieved 2026-09-13)"
WEC,2023,0.0,EPA ECHO ICIS-FE&C civil enforcement cases,https://echo.epa.gov/facilities/enforcement-case-search,2026-09-13,"no federal EPA civil penalty found under the company's name, former names or 10-K subsidiaries with a settlement in 2019-2023 (ECHO file retrieved 2026-09-13)"
WEC,2024,0.0,EPA ECHO ICIS-FE&C civil enforcement cases,https://echo.epa.gov/facilities/enforcement-case-search,2026-09-13,"no federal EPA civil penalty found under the company's name, former names or 10-K subsidiaries with a settlement in 2020-2024 (ECHO file retrieved 2026-09-13)"
WEC,2025,0.0,EPA ECHO ICIS-FE&C civil enforcement cases,https://echo.epa.gov/facilities/enforcement-case-search,2026-09-13,"no federal EPA civil penalty found under the company's name, former names or 10-K subsidiaries with a settlement in 2021-2025 (ECHO file retrieved 2026-09-13)"
WELL,2020,0.0,EPA ECHO ICIS-FE&C civil enforcement cases,https://echo.epa.gov/facilities/enforcement-case-search,2026-09-13,"no federal EPA civil penalty found under the company's name, former names or 10-K subsidiaries with a settlement in 2016-2020 (ECHO file retrieved 2026-09-13)"
WELL,2021,0.0,EPA ECHO ICIS-FE&C civil enforcement cases,https://echo.epa.gov/facilities/enforcement-case-search,2026-09-13,"no federal EPA civil penalty found under the company's name, former names or 10-K subsidiaries with a settlement in 2017-2021 (ECHO file retrieved 2026-09-13)"
WELL,2022,0.0,EPA ECHO ICIS-FE&C civil enforcement cases,https://echo.epa.gov/facilities/enforcement-case-search,2026-09-13,"no federal EPA civil penalty found under the company's name, former names or 10-K subsidiaries with a settlement in 2018-2022 (ECHO file retrieved 2026-09-13)"
WELL,2023,0.0,EPA ECHO ICIS-FE&C civil enforcement cases,https://echo.epa.gov/facilities/enforcement-case-search,2026-09-13,"no federal EPA civil penalty found under the company's name, former names or 10-K subsidiaries with a settlement in 2019-2023 (ECHO file retrieved 2026-09-13)"
WELL,2024,0.0,EPA ECHO ICIS-FE&C civil enforcement cases,https://echo.epa.gov/facilities/enforcement-case-search,2026-09-13,"no federal EPA civil penalty found under the company's name, former names or 10-K subsidiaries with a settlement in 2020-2024 (ECHO file retrieved 2026-09-13)"
WELL,2025,0.0,EPA ECHO ICIS-FE&C civil enforcement cases,https://echo.epa.gov/facilities/enforcement-case-search,2026-09-13,"no federal EPA civil penalty found under the company's name, former names or 10-K subsidiaries with a settlement in 2021-2025 (ECHO file retrieved 2026-09-13)"
WFC,2020,0.0,EPA ECHO ICIS-FE&C civil enforcement cases,https://echo.epa.gov/facilities/enforcement-case-search,2026-09-13,"no federal EPA civil penalty found under the company's name, former names or 10-K subsidiaries with a settlement in 2016-2020 (ECHO file retrieved 2026-09-13)"
WFC,2021,0.0,EPA ECHO ICIS-FE&C civil enforcement cases,https://echo.epa.gov/facilities/enforcement-case-search,2026-09-13,"no federal EPA civil penalty found under the company's name, former names or 10-K subsidiaries with a settlement in 2017-2021 (ECHO file retrieved 2026-09-13)"
WFC,2022,0.0,EPA ECHO ICIS-FE&C civil enforcement cases,https://echo.epa.gov/facilities/enforcement-case-search,2026-09-13,"no federal EPA civil penalty found under the company's name, former names or 10-K subsidiaries with a settlement in 2018-2022 (ECHO file retrieved 2026-09-13)"
WFC,2023,0.0,EPA ECHO ICIS-FE&C civil enforcement cases,https://echo.epa.gov/facilities/enforcement-case-search,2026-09-13,"no federal EPA civil penalty found under the company's name, former names or 10-K subsidiaries with a settlement in 2019-2023 (ECHO file retrieved 2026-09-13)"
WFC,2024,0.0,EPA ECHO ICIS-FE&C civil enforcement cases,https://echo.epa.gov/facilities/enforcement-case-search,2026-09-13,"no federal EPA civil penalty found under the company's name, former names or 10-K subsidiaries with a settlement in 2020-2024 (ECHO file retrieved 2026-09-13)"
WFC,2025,0.0,EPA ECHO ICIS-FE&C civil enforcement cases,https://echo.epa.gov/facilities/enforcement-case-search,2026-09-13,"no federal EPA civil penalty found under the company's name, former names or 10-K subsidiaries with a settlement in 2021-2025 (ECHO file retrieved 2026-09-13)"
WM,2020,22426.07,EPA ECHO ICIS-FE&C civil enforcement cases,https://echo.epa.gov/enforcement-case-report?id=05-2014-9904,2026-09-13,"3 case(s), $330,475 in 2016-2020 over mean revenue $14.7bn; largest: case 05-2014-9904 (2016), defendant 'SUMMIT, INC.', $263,375"
WM,2021,46920.12,EPA ECHO ICIS-FE&C civil enforcement cases,https://echo.epa.gov/enforcement-case-report?id=08-2018-0099,2026-09-13,"3 case(s), $731,982 in 2017-2021 over mean revenue $15.6bn; largest: case 08-2018-0099 (2021), defendant 'Stericycle', $600,000"
WM,2022,65123.13,EPA ECHO ICIS-FE&C civil enforcement cases,https://echo.epa.gov/enforcement-case-report?id=08-2018-0099,2026-09-13,"5 case(s), $1,083,857 in 2018-2022 over mean revenue $16.6bn; largest: case 08-2018-0099 (2021), defendant 'Stericycle', $600,000"
WM,2023,60208.46,EPA ECHO ICIS-FE&C civil enforcement cases,https://echo.epa.gov/enforcement-case-report?id=08-2018-0099,2026-09-13,"5 case(s), $1,068,435 in 2019-2023 over mean revenue $17.7bn; largest: case 08-2018-0099 (2021), defendant 'Stericycle', $600,000"
WM,2024,59638.24,EPA ECHO ICIS-FE&C civil enforcement cases,https://echo.epa.gov/enforcement-case-report?id=08-2018-0099,2026-09-13,"6 case(s), $1,137,134 in 2020-2024 over mean revenue $19.1bn; largest: case 08-2018-0099 (2021), defendant 'Stericycle', $600,000"
WM,2025,64301.25,EPA ECHO ICIS-FE&C civil enforcement cases,https://echo.epa.gov/enforcement-case-report?id=08-2018-0099,2026-09-13,"7 case(s), $1,354,467 in 2021-2025 over mean revenue $21.1bn; largest: case 08-2018-0099 (2021), defendant 'Stericycle', $600,000"
WMB,2020,29983.3,EPA ECHO ICIS-FE&C civil enforcement cases,https://echo.epa.gov/enforcement-case-report?id=03-2016-0124,2026-09-13,"6 case(s), $240,190 in 2016-2020 over mean revenue $8.0bn; largest: case 03-2016-0124 (2016), defendant 'WILLIAMS OHIO VALLEY MIDSTREAM, LLC', $140,000"
WMB,2021,21043.66,EPA ECHO ICIS-FE&C civil enforcement cases,https://echo.epa.gov/enforcement-case-report?id=06-2021-3349,2026-09-13,"4 case(s), $190,820 in 2017-2021 over mean revenue $9.1bn; largest: case 06-2021-3349 (2021), defendant 'DISCOVERY PRODUCER SERVICES LLC', $105,302"
WMB,2022,15177.98,EPA ECHO ICIS-FE&C civil enforcement cases,https://echo.epa.gov/enforcement-case-report?id=06-2021-3349,2026-09-13,"2 case(s), $167,204 in 2018-2022 over mean revenue $11.0bn; largest: case 06-2021-3349 (2021), defendant 'DISCOVERY PRODUCER SERVICES LLC', $105,302"
WMB,2023,70089.29,EPA ECHO ICIS-FE&C civil enforcement cases,https://echo.epa.gov/enforcement-case-report?id=06-2023-3408,2026-09-13,"6 case(s), $819,666 in 2019-2023 over mean revenue $11.7bn; largest: case 06-2023-3408 (2023), defendant 'The Williams Companies Inc', $438,788"
WMB,2024,65152.15,EPA ECHO ICIS-FE&C civil enforcement cases,https://echo.epa.gov/enforcement-case-report?id=06-2023-3408,2026-09-13,"6 case(s), $819,666 in 2020-2024 over mean revenue $12.6bn; largest: case 06-2023-3408 (2023), defendant 'The Williams Companies Inc', $438,788"
WMB,2025,54061.16,EPA ECHO ICIS-FE&C civil enforcement cases,https://echo.epa.gov/enforcement-case-report?id=06-2023-3408,2026-09-13,"5 case(s), $757,764 in 2021-2025 over mean revenue $14.0bn; largest: case 06-2023-3408 (2023), defendant 'The Williams Companies Inc', $438,788"
WMT,2020,683.71,EPA ECHO ICIS-FE&C civil enforcement cases,https://echo.epa.gov/enforcement-case-report?id=06-2020-0303,2026-09-13,"2 case(s), $351,500 in 2016-2020 over mean revenue $514.1bn; largest: case 06-2020-0303 (2020), defendant 'Walmart, Inc.', $350,000"
WMT,2021,715.92,EPA ECHO ICIS-FE&C civil enforcement cases,https://echo.epa.gov/enforcement-case-report?id=06-2020-0303,2026-09-13,"2 case(s), $381,151 in 2017-2021 over mean revenue $532.4bn; largest: case 06-2020-0303 (2020), defendant 'Walmart, Inc.', $350,000"
WMT,2022,686.14,EPA ECHO ICIS-FE&C civil enforcement cases,https://echo.epa.gov/enforcement-case-report?id=06-2020-0303,2026-09-13,"2 case(s), $381,151 in 2018-2022 over mean revenue $555.5bn; largest: case 06-2020-0303 (2020), defendant 'Walmart, Inc.', $350,000"
WMT,2023,753.37,EPA ECHO ICIS-FE&C civil enforcement cases,https://echo.epa.gov/enforcement-case-report?id=06-2020-0303,2026-09-13,"4 case(s), $439,257 in 2019-2023 over mean revenue $583.1bn; largest: case 06-2020-0303 (2020), defendant 'Walmart, Inc.', $350,000"
WMT,2024,855.77,EPA ECHO ICIS-FE&C civil enforcement cases,https://echo.epa.gov/enforcement-case-report?id=06-2020-0303,2026-09-13,"7 case(s), $525,835 in 2020-2024 over mean revenue $614.5bn; largest: case 06-2020-0303 (2020), defendant 'Walmart, Inc.', $350,000"
WMT,2025,303.5,EPA ECHO ICIS-FE&C civil enforcement cases,https://echo.epa.gov/enforcement-case-report?id=04-2021-2404,2026-09-13,"7 case(s), $195,835 in 2021-2025 over mean revenue $645.3bn; largest: case 04-2021-2404 (2023), defendant 'WALMART, INC.', $51,856"
WRB,2020,0.0,EPA ECHO ICIS-FE&C civil enforcement cases,https://echo.epa.gov/facilities/enforcement-case-search,2026-09-13,"no federal EPA civil penalty found under the company's name, former names or 10-K subsidiaries with a settlement in 2016-2020 (ECHO file retrieved 2026-09-13)"
WRB,2021,0.0,EPA ECHO ICIS-FE&C civil enforcement cases,https://echo.epa.gov/facilities/enforcement-case-search,2026-09-13,"no federal EPA civil penalty found under the company's name, former names or 10-K subsidiaries with a settlement in 2017-2021 (ECHO file retrieved 2026-09-13)"
WRB,2022,0.0,EPA ECHO ICIS-FE&C civil enforcement cases,https://echo.epa.gov/facilities/enforcement-case-search,2026-09-13,"no federal EPA civil penalty found under the company's name, former names or 10-K subsidiaries with a settlement in 2018-2022 (ECHO file retrieved 2026-09-13)"
WRB,2023,0.0,EPA ECHO ICIS-FE&C civil enforcement cases,https://echo.epa.gov/facilities/enforcement-case-search,2026-09-13,"no federal EPA civil penalty found under the company's name, former names or 10-K subsidiaries with a settlement in 2019-2023 (ECHO file retrieved 2026-09-13)"
WRB,2024,0.0,EPA ECHO ICIS-FE&C civil enforcement cases,https://echo.epa.gov/facilities/enforcement-case-search,2026-09-13,"no federal EPA civil penalty found under the company's name, former names or 10-K subsidiaries with a settlement in 2020-2024 (ECHO file retrieved 2026-09-13)"
WRB,2025,0.0,EPA ECHO ICIS-FE&C civil enforcement cases,https://echo.epa.gov/facilities/enforcement-case-search,2026-09-13,"no federal EPA civil penalty found under the company's name, former names or 10-K subsidiaries with a settlement in 2021-2025 (ECHO file retrieved 2026-09-13)"
WSM,2020,0.0,EPA ECHO ICIS-FE&C civil enforcement cases,https://echo.epa.gov/facilities/enforcement-case-search,2026-09-13,"no federal EPA civil penalty found under the company's name, former names or 10-K subsidiaries with a settlement in 2016-2020 (ECHO file retrieved 2026-09-13)"
WSM,2021,0.0,EPA ECHO ICIS-FE&C civil enforcement cases,https://echo.epa.gov/facilities/enforcement-case-search,2026-09-13,"no federal EPA civil penalty found under the company's name, former names or 10-K subsidiaries with a settlement in 2017-2021 (ECHO file retrieved 2026-09-13)"
WSM,2022,0.0,EPA ECHO ICIS-FE&C civil enforcement cases,https://echo.epa.gov/facilities/enforcement-case-search,2026-09-13,"no federal EPA civil penalty found under the company's name, former names or 10-K subsidiaries with a settlement in 2018-2022 (ECHO file retrieved 2026-09-13)"
WSM,2023,0.0,EPA ECHO ICIS-FE&C civil enforcement cases,https://echo.epa.gov/facilities/enforcement-case-search,2026-09-13,"no federal EPA civil penalty found under the company's name, former names or 10-K subsidiaries with a settlement in 2019-2023 (ECHO file retrieved 2026-09-13)"
WSM,2024,0.0,EPA ECHO ICIS-FE&C civil enforcement cases,https://echo.epa.gov/facilities/enforcement-case-search,2026-09-13,"no federal EPA civil penalty found under the company's name, former names or 10-K subsidiaries with a settlement in 2020-2024 (ECHO file retrieved 2026-09-13)"
WSM,2025,0.0,EPA ECHO ICIS-FE&C civil enforcement cases,https://echo.epa.gov/facilities/enforcement-case-search,2026-09-13,"no federal EPA civil penalty found under the company's name, former names or 10-K subsidiaries with a settlement in 2021-2025 (ECHO file retrieved 2026-09-13)"
WST,2020,0.0,EPA ECHO ICIS-FE&C civil enforcement cases,https://echo.epa.gov/facilities/enforcement-case-search,2026-09-13,"no federal EPA civil penalty found under the company's name, former names or 10-K subsidiaries with a settlement in 2016-2020 (ECHO file retrieved 2026-09-13)"
WST,2021,0.0,EPA ECHO ICIS-FE&C civil enforcement cases,https://echo.epa.gov/facilities/enforcement-case-search,2026-09-13,"no federal EPA civil penalty found under the company's name, former names or 10-K subsidiaries with a settlement in 2017-2021 (ECHO file retrieved 2026-09-13)"
WST,2022,0.0,EPA ECHO ICIS-FE&C civil enforcement cases,https://echo.epa.gov/facilities/enforcement-case-search,2026-09-13,"no federal EPA civil penalty found under the company's name, former names or 10-K subsidiaries with a settlement in 2018-2022 (ECHO file retrieved 2026-09-13)"
WST,2023,0.0,EPA ECHO ICIS-FE&C civil enforcement cases,https://echo.epa.gov/facilities/enforcement-case-search,2026-09-13,"no federal EPA civil penalty found under the company's name, former names or 10-K subsidiaries with a settlement in 2019-2023 (ECHO file retrieved 2026-09-13)"
WST,2024,0.0,EPA ECHO ICIS-FE&C civil enforcement cases,https://echo.epa.gov/facilities/enforcement-case-search,2026-09-13,"no federal EPA civil penalty found under the company's name, former names or 10-K subsidiaries with a settlement in 2020-2024 (ECHO file retrieved 2026-09-13)"
WST,2025,0.0,EPA ECHO ICIS-FE&C civil enforcement cases,https://echo.epa.gov/facilities/enforcement-case-search,2026-09-13,"no federal EPA civil penalty found under the company's name, former names or 10-K subsidiaries with a settlement in 2021-2025 (ECHO file retrieved 2026-09-13)"
WTW,2020,0.0,EPA ECHO ICIS-FE&C civil enforcement cases,https://echo.epa.gov/facilities/enforcement-case-search,2026-09-13,"no federal EPA civil penalty found under the company's name, former names or 10-K subsidiaries with a settlement in 2016-2020 (ECHO file retrieved 2026-09-13)"
WTW,2021,0.0,EPA ECHO ICIS-FE&C civil enforcement cases,https://echo.epa.gov/facilities/enforcement-case-search,2026-09-13,"no federal EPA civil penalty found under the company's name, former names or 10-K subsidiaries with a settlement in 2017-2021 (ECHO file retrieved 2026-09-13)"
WTW,2022,0.0,EPA ECHO ICIS-FE&C civil enforcement cases,https://echo.epa.gov/facilities/enforcement-case-search,2026-09-13,"no federal EPA civil penalty found under the company's name, former names or 10-K subsidiaries with a settlement in 2018-2022 (ECHO file retrieved 2026-09-13)"
WTW,2023,0.0,EPA ECHO ICIS-FE&C civil enforcement cases,https://echo.epa.gov/facilities/enforcement-case-search,2026-09-13,"no federal EPA civil penalty found under the company's name, former names or 10-K subsidiaries with a settlement in 2019-2023 (ECHO file retrieved 2026-09-13)"
WTW,2024,0.0,EPA ECHO ICIS-FE&C civil enforcement cases,https://echo.epa.gov/facilities/enforcement-case-search,2026-09-13,"no federal EPA civil penalty found under the company's name, former names or 10-K subsidiaries with a settlement in 2020-2024 (ECHO file retrieved 2026-09-13)"
WTW,2025,0.0,EPA ECHO ICIS-FE&C civil enforcement cases,https://echo.epa.gov/facilities/enforcement-case-search,2026-09-13,"no federal EPA civil penalty found under the company's name, former names or 10-K subsidiaries with a settlement in 2021-2025 (ECHO file retrieved 2026-09-13)"
WY,2020,33.11,EPA ECHO ICIS-FE&C civil enforcement cases,https://echo.epa.gov/enforcement-case-report?id=04-2016-9012,2026-09-13,"1 case(s), $233 in 2016-2020 over mean revenue $7.0bn; largest: case 04-2016-9012 (2016), defendant 'WEYERHAEUSER COMPANY', $233"
WY,2021,0.0,EPA ECHO ICIS-FE&C civil enforcement cases,https://echo.epa.gov/facilities/enforcement-case-search,2026-09-13,"no federal EPA civil penalty found under the company's name, former names or 10-K subsidiaries with a settlement in 2017-2021 (ECHO file retrieved 2026-09-13)"
WY,2022,595.99,EPA ECHO ICIS-FE&C civil enforcement cases,https://echo.epa.gov/enforcement-case-report?id=10-2022-0218,2026-09-13,"1 case(s), $5,000 in 2018-2022 over mean revenue $8.4bn; largest: case 10-2022-0218 (2022), defendant 'Weyerhaeuser Company', $5,000"
WY,2023,593.19,EPA ECHO ICIS-FE&C civil enforcement cases,https://echo.epa.gov/enforcement-case-report?id=10-2022-0218,2026-09-13,"1 case(s), $5,000 in 2019-2023 over mean revenue $8.4bn; largest: case 10-2022-0218 (2022), defendant 'Weyerhaeuser Company', $5,000"
WY,2024,585.27,EPA ECHO ICIS-FE&C civil enforcement cases,https://echo.epa.gov/enforcement-case-report?id=10-2022-0218,2026-09-13,"1 case(s), $5,000 in 2020-2024 over mean revenue $8.5bn; largest: case 10-2022-0218 (2022), defendant 'Weyerhaeuser Company', $5,000"
WY,2025,593.99,EPA ECHO ICIS-FE&C civil enforcement cases,https://echo.epa.gov/enforcement-case-report?id=10-2022-0218,2026-09-13,"1 case(s), $5,000 in 2021-2025 over mean revenue $8.4bn; largest: case 10-2022-0218 (2022), defendant 'Weyerhaeuser Company', $5,000"
WYNN,2020,0.0,EPA ECHO ICIS-FE&C civil enforcement cases,https://echo.epa.gov/facilities/enforcement-case-search,2026-09-13,"no federal EPA civil penalty found under the company's name, former names or 10-K subsidiaries with a settlement in 2016-2020 (ECHO file retrieved 2026-09-13)"
WYNN,2021,0.0,EPA ECHO ICIS-FE&C civil enforcement cases,https://echo.epa.gov/facilities/enforcement-case-search,2026-09-13,"no federal EPA civil penalty found under the company's name, former names or 10-K subsidiaries with a settlement in 2017-2021 (ECHO file retrieved 2026-09-13)"
WYNN,2022,0.0,EPA ECHO ICIS-FE&C civil enforcement cases,https://echo.epa.gov/facilities/enforcement-case-search,2026-09-13,"no federal EPA civil penalty found under the company's name, former names or 10-K subsidiaries with a settlement in 2018-2022 (ECHO file retrieved 2026-09-13)"
WYNN,2023,0.0,EPA ECHO ICIS-FE&C civil enforcement cases,https://echo.epa.gov/facilities/enforcement-case-search,2026-09-13,"no federal EPA civil penalty found under the company's name, former names or 10-K subsidiaries with a settlement in 2019-2023 (ECHO file retrieved 2026-09-13)"
WYNN,2024,0.0,EPA ECHO ICIS-FE&C civil enforcement cases,https://echo.epa.gov/facilities/enforcement-case-search,2026-09-13,"no federal EPA civil penalty found under the company's name, former names or 10-K subsidiaries with a settlement in 2020-2024 (ECHO file retrieved 2026-09-13)"
WYNN,2025,0.0,EPA ECHO ICIS-FE&C civil enforcement cases,https://echo.epa.gov/facilities/enforcement-case-search,2026-09-13,"no federal EPA civil penalty found under the company's name, former names or 10-K subsidiaries with a settlement in 2021-2025 (ECHO file retrieved 2026-09-13)"
XEL,2020,0.0,EPA ECHO ICIS-FE&C civil enforcement cases,https://echo.epa.gov/facilities/enforcement-case-search,2026-09-13,"no federal EPA civil penalty found under the company's name, former names or 10-K subsidiaries with a settlement in 2016-2020 (ECHO file retrieved 2026-09-13)"
XEL,2021,0.0,EPA ECHO ICIS-FE&C civil enforcement cases,https://echo.epa.gov/facilities/enforcement-case-search,2026-09-13,"no federal EPA civil penalty found under the company's name, former names or 10-K subsidiaries with a settlement in 2017-2021 (ECHO file retrieved 2026-09-13)"
XEL,2022,0.0,EPA ECHO ICIS-FE&C civil enforcement cases,https://echo.epa.gov/facilities/enforcement-case-search,2026-09-13,"no federal EPA civil penalty found under the company's name, former names or 10-K subsidiaries with a settlement in 2018-2022 (ECHO file retrieved 2026-09-13)"
XEL,2023,0.0,EPA ECHO ICIS-FE&C civil enforcement cases,https://echo.epa.gov/facilities/enforcement-case-search,2026-09-13,"no federal EPA civil penalty found under the company's name, former names or 10-K subsidiaries with a settlement in 2019-2023 (ECHO file retrieved 2026-09-13)"
XEL,2024,0.0,EPA ECHO ICIS-FE&C civil enforcement cases,https://echo.epa.gov/facilities/enforcement-case-search,2026-09-13,"no federal EPA civil penalty found under the company's name, former names or 10-K subsidiaries with a settlement in 2020-2024 (ECHO file retrieved 2026-09-13)"
XEL,2025,0.0,EPA ECHO ICIS-FE&C civil enforcement cases,https://echo.epa.gov/facilities/enforcement-case-search,2026-09-13,"no federal EPA civil penalty found under the company's name, former names or 10-K subsidiaries with a settlement in 2021-2025 (ECHO file retrieved 2026-09-13)"
XOM,2020,4442.97,EPA ECHO ICIS-FE&C civil enforcement cases,https://echo.epa.gov/enforcement-case-report?id=08-2013-0039,2026-09-13,"1 case(s), $1,050,000 in 2016-2020 over mean revenue $236.3bn; largest: case 08-2013-0039 (2019), defendant 'EXXONMOBIL', $1,050,000"
XOM,2021,4144.78,EPA ECHO ICIS-FE&C civil enforcement cases,https://echo.epa.gov/enforcement-case-report?id=08-2013-0039,2026-09-13,"1 case(s), $1,050,000 in 2017-2021 over mean revenue $253.3bn; largest: case 08-2013-0039 (2019), defendant 'EXXONMOBIL', $1,050,000"
XOM,2022,3656.06,EPA ECHO ICIS-FE&C civil enforcement cases,https://echo.epa.gov/enforcement-case-report?id=08-2013-0039,2026-09-13,"1 case(s), $1,050,000 in 2018-2022 over mean revenue $287.2bn; largest: case 08-2013-0039 (2019), defendant 'EXXONMOBIL', $1,050,000"
XOM,2023,3522.68,EPA ECHO ICIS-FE&C civil enforcement cases,https://echo.epa.gov/enforcement-case-report?id=08-2013-0039,2026-09-13,"1 case(s), $1,050,000 in 2019-2023 over mean revenue $298.1bn; largest: case 08-2013-0039 (2019), defendant 'EXXONMOBIL', $1,050,000"
XOM,2024,0.0,EPA ECHO ICIS-FE&C civil enforcement cases,https://echo.epa.gov/facilities/enforcement-case-search,2026-09-13,"no federal EPA civil penalty found under the company's name, former names or 10-K subsidiaries with a settlement in 2020-2024 (ECHO file retrieved 2026-09-13)"
XOM,2025,0.0,EPA ECHO ICIS-FE&C civil enforcement cases,https://echo.epa.gov/facilities/enforcement-case-search,2026-09-13,"no federal EPA civil penalty found under the company's name, former names or 10-K subsidiaries with a settlement in 2021-2025 (ECHO file retrieved 2026-09-13)"
XYL,2020,0.0,EPA ECHO ICIS-FE&C civil enforcement cases,https://echo.epa.gov/facilities/enforcement-case-search,2026-09-13,"no federal EPA civil penalty found under the company's name, former names or 10-K subsidiaries with a settlement in 2016-2020 (ECHO file retrieved 2026-09-13)"
XYL,2021,0.0,EPA ECHO ICIS-FE&C civil enforcement cases,https://echo.epa.gov/facilities/enforcement-case-search,2026-09-13,"no federal EPA civil penalty found under the company's name, former names or 10-K subsidiaries with a settlement in 2017-2021 (ECHO file retrieved 2026-09-13)"
XYL,2022,0.0,EPA ECHO ICIS-FE&C civil enforcement cases,https://echo.epa.gov/facilities/enforcement-case-search,2026-09-13,"no federal EPA civil penalty found under the company's name, former names or 10-K subsidiaries with a settlement in 2018-2022 (ECHO file retrieved 2026-09-13)"
XYL,2023,0.0,EPA ECHO ICIS-FE&C civil enforcement cases,https://echo.epa.gov/facilities/enforcement-case-search,2026-09-13,"no federal EPA civil penalty found under the company's name, former names or 10-K subsidiaries with a settlement in 2019-2023 (ECHO file retrieved 2026-09-13)"
XYL,2024,0.0,EPA ECHO ICIS-FE&C civil enforcement cases,https://echo.epa.gov/facilities/enforcement-case-search,2026-09-13,"no federal EPA civil penalty found under the company's name, former names or 10-K subsidiaries with a settlement in 2020-2024 (ECHO file retrieved 2026-09-13)"
XYL,2025,0.0,EPA ECHO ICIS-FE&C civil enforcement cases,https://echo.epa.gov/facilities/enforcement-case-search,2026-09-13,"no federal EPA civil penalty found under the company's name, former names or 10-K subsidiaries with a settlement in 2021-2025 (ECHO file retrieved 2026-09-13)"
XYZ,2020,0.0,EPA ECHO ICIS-FE&C civil enforcement cases,https://echo.epa.gov/facilities/enforcement-case-search,2026-09-13,"no federal EPA civil penalty found under the company's name, former names or 10-K subsidiaries with a settlement in 2016-2020 (ECHO file retrieved 2026-09-13)"
XYZ,2021,0.0,EPA ECHO ICIS-FE&C civil enforcement cases,https://echo.epa.gov/facilities/enforcement-case-search,2026-09-13,"no federal EPA civil penalty found under the company's name, former names or 10-K subsidiaries with a settlement in 2017-2021 (ECHO file retrieved 2026-09-13)"
XYZ,2022,0.0,EPA ECHO ICIS-FE&C civil enforcement cases,https://echo.epa.gov/facilities/enforcement-case-search,2026-09-13,"no federal EPA civil penalty found under the company's name, former names or 10-K subsidiaries with a settlement in 2018-2022 (ECHO file retrieved 2026-09-13)"
XYZ,2023,0.0,EPA ECHO ICIS-FE&C civil enforcement cases,https://echo.epa.gov/facilities/enforcement-case-search,2026-09-13,"no federal EPA civil penalty found under the company's name, former names or 10-K subsidiaries with a settlement in 2019-2023 (ECHO file retrieved 2026-09-13)"
XYZ,2024,0.0,EPA ECHO ICIS-FE&C civil enforcement cases,https://echo.epa.gov/facilities/enforcement-case-search,2026-09-13,"no federal EPA civil penalty found under the company's name, former names or 10-K subsidiaries with a settlement in 2020-2024 (ECHO file retrieved 2026-09-13)"
XYZ,2025,0.0,EPA ECHO ICIS-FE&C civil enforcement cases,https://echo.epa.gov/facilities/enforcement-case-search,2026-09-13,"no federal EPA civil penalty found under the company's name, former names or 10-K subsidiaries with a settlement in 2021-2025 (ECHO file retrieved 2026-09-13)"
YUM,2020,0.0,EPA ECHO ICIS-FE&C civil enforcement cases,https://echo.epa.gov/facilities/enforcement-case-search,2026-09-13,"no federal EPA civil penalty found under the company's name, former names or 10-K subsidiaries with a settlement in 2016-2020 (ECHO file retrieved 2026-09-13)"
YUM,2021,0.0,EPA ECHO ICIS-FE&C civil enforcement cases,https://echo.epa.gov/facilities/enforcement-case-search,2026-09-13,"no federal EPA civil penalty found under the company's name, former names or 10-K subsidiaries with a settlement in 2017-2021 (ECHO file retrieved 2026-09-13)"
YUM,2022,0.0,EPA ECHO ICIS-FE&C civil enforcement cases,https://echo.epa.gov/facilities/enforcement-case-search,2026-09-13,"no federal EPA civil penalty found under the company's name, former names or 10-K subsidiaries with a settlement in 2018-2022 (ECHO file retrieved 2026-09-13)"
YUM,2023,0.0,EPA ECHO ICIS-FE&C civil enforcement cases,https://echo.epa.gov/facilities/enforcement-case-search,2026-09-13,"no federal EPA civil penalty found under the company's name, former names or 10-K subsidiaries with a settlement in 2019-2023 (ECHO file retrieved 2026-09-13)"
YUM,2024,0.0,EPA ECHO ICIS-FE&C civil enforcement cases,https://echo.epa.gov/facilities/enforcement-case-search,2026-09-13,"no federal EPA civil penalty found under the company's name, former names or 10-K subsidiaries with a settlement in 2020-2024 (ECHO file retrieved 2026-09-13)"
YUM,2025,0.0,EPA ECHO ICIS-FE&C civil enforcement cases,https://echo.epa.gov/facilities/enforcement-case-search,2026-09-13,"no federal EPA civil penalty found under the company's name, former names or 10-K subsidiaries with a settlement in 2021-2025 (ECHO file retrieved 2026-09-13)"
ZBH,2020,0.0,EPA ECHO ICIS-FE&C civil enforcement cases,https://echo.epa.gov/facilities/enforcement-case-search,2026-09-13,"no federal EPA civil penalty found under the company's name, former names or 10-K subsidiaries with a settlement in 2016-2020 (ECHO file retrieved 2026-09-13)"
ZBH,2021,0.0,EPA ECHO ICIS-FE&C civil enforcement cases,https://echo.epa.gov/facilities/enforcement-case-search,2026-09-13,"no federal EPA civil penalty found under the company's name, former names or 10-K subsidiaries with a settlement in 2017-2021 (ECHO file retrieved 2026-09-13)"
ZBH,2022,0.0,EPA ECHO ICIS-FE&C civil enforcement cases,https://echo.epa.gov/facilities/enforcement-case-search,2026-09-13,"no federal EPA civil penalty found under the company's name, former names or 10-K subsidiaries with a settlement in 2018-2022 (ECHO file retrieved 2026-09-13)"
ZBH,2023,0.0,EPA ECHO ICIS-FE&C civil enforcement cases,https://echo.epa.gov/facilities/enforcement-case-search,2026-09-13,"no federal EPA civil penalty found under the company's name, former names or 10-K subsidiaries with a settlement in 2019-2023 (ECHO file retrieved 2026-09-13)"
ZBH,2024,0.0,EPA ECHO ICIS-FE&C civil enforcement cases,https://echo.epa.gov/facilities/enforcement-case-search,2026-09-13,"no federal EPA civil penalty found under the company's name, former names or 10-K subsidiaries with a settlement in 2020-2024 (ECHO file retrieved 2026-09-13)"
ZBH,2025,0.0,EPA ECHO ICIS-FE&C civil enforcement cases,https://echo.epa.gov/facilities/enforcement-case-search,2026-09-13,"no federal EPA civil penalty found under the company's name, former names or 10-K subsidiaries with a settlement in 2021-2025 (ECHO file retrieved 2026-09-13)"
ZBRA,2020,0.0,EPA ECHO ICIS-FE&C civil enforcement cases,https://echo.epa.gov/facilities/enforcement-case-search,2026-09-13,"no federal EPA civil penalty found under the company's name, former names or 10-K subsidiaries with a settlement in 2016-2020 (ECHO file retrieved 2026-09-13)"
ZBRA,2021,0.0,EPA ECHO ICIS-FE&C civil enforcement cases,https://echo.epa.gov/facilities/enforcement-case-search,2026-09-13,"no federal EPA civil penalty found under the company's name, former names or 10-K subsidiaries with a settlement in 2017-2021 (ECHO file retrieved 2026-09-13)"
ZBRA,2022,0.0,EPA ECHO ICIS-FE&C civil enforcement cases,https://echo.epa.gov/facilities/enforcement-case-search,2026-09-13,"no federal EPA civil penalty found under the company's name, former names or 10-K subsidiaries with a settlement in 2018-2022 (ECHO file retrieved 2026-09-13)"
ZBRA,2023,0.0,EPA ECHO ICIS-FE&C civil enforcement cases,https://echo.epa.gov/facilities/enforcement-case-search,2026-09-13,"no federal EPA civil penalty found under the company's name, former names or 10-K subsidiaries with a settlement in 2019-2023 (ECHO file retrieved 2026-09-13)"
ZBRA,2024,0.0,EPA ECHO ICIS-FE&C civil enforcement cases,https://echo.epa.gov/facilities/enforcement-case-search,2026-09-13,"no federal EPA civil penalty found under the company's name, former names or 10-K subsidiaries with a settlement in 2020-2024 (ECHO file retrieved 2026-09-13)"
ZBRA,2025,0.0,EPA ECHO ICIS-FE&C civil enforcement cases,https://echo.epa.gov/facilities/enforcement-case-search,2026-09-13,"no federal EPA civil penalty found under the company's name, former names or 10-K subsidiaries with a settlement in 2021-2025 (ECHO file retrieved 2026-09-13)"
ZTS,2020,0.0,EPA ECHO ICIS-FE&C civil enforcement cases,https://echo.epa.gov/facilities/enforcement-case-search,2026-09-13,"no federal EPA civil penalty found under the company's name, former names or 10-K subsidiaries with a settlement in 2016-2020 (ECHO file retrieved 2026-09-13)"
ZTS,2021,0.0,EPA ECHO ICIS-FE&C civil enforcement cases,https://echo.epa.gov/facilities/enforcement-case-search,2026-09-13,"no federal EPA civil penalty found under the company's name, former names or 10-K subsidiaries with a settlement in 2017-2021 (ECHO file retrieved 2026-09-13)"
ZTS,2022,0.0,EPA ECHO ICIS-FE&C civil enforcement cases,https://echo.epa.gov/facilities/enforcement-case-search,2026-09-13,"no federal EPA civil penalty found under the company's name, former names or 10-K subsidiaries with a settlement in 2018-2022 (ECHO file retrieved 2026-09-13)"
ZTS,2023,0.0,EPA ECHO ICIS-FE&C civil enforcement cases,https://echo.epa.gov/facilities/enforcement-case-search,2026-09-13,"no federal EPA civil penalty found under the company's name, former names or 10-K subsidiaries with a settlement in 2019-2023 (ECHO file retrieved 2026-09-13)"
ZTS,2024,0.0,EPA ECHO ICIS-FE&C civil enforcement cases,https://echo.epa.gov/facilities/enforcement-case-search,2026-09-13,"no federal EPA civil penalty found under the company's name, former names or 10-K subsidiaries with a settlement in 2020-2024 (ECHO file retrieved 2026-09-13)"
ZTS,2025,0.0,EPA ECHO ICIS-FE&C civil enforcement cases,https://echo.epa.gov/facilities/enforcement-case-search,2026-09-13,"no federal EPA civil penalty found under the company's name, former names or 10-K subsidiaries with a settlement in 2021-2025 (ECHO file retrieved 2026-09-13)"
