ticker,year,value,source,source_url,retrieved,note
A,2018,0.0068,SEC XBRL quarterly revenue + USASpending.gov federal contract obligations,https://api.usaspending.gov/api/v2/search/spending_over_time/,2026-09-12,"4/4 quarters, obligations $33447464 / revenue $4914000000"
A,2019,0.0071,SEC XBRL quarterly revenue + USASpending.gov federal contract obligations,https://api.usaspending.gov/api/v2/search/spending_over_time/,2026-09-12,"4/4 quarters, obligations $36750737 / revenue $5163000000"
A,2020,0.009,SEC XBRL quarterly revenue + USASpending.gov federal contract obligations,https://api.usaspending.gov/api/v2/search/spending_over_time/,2026-09-12,"4/4 quarters, obligations $48150967 / revenue $5339000000"
A,2021,0.0071,SEC XBRL quarterly revenue + USASpending.gov federal contract obligations,https://api.usaspending.gov/api/v2/search/spending_over_time/,2026-09-12,"4/4 quarters, obligations $45089831 / revenue $6319000000"
A,2022,0.0072,SEC XBRL quarterly revenue + USASpending.gov federal contract obligations,https://api.usaspending.gov/api/v2/search/spending_over_time/,2026-09-12,"4/4 quarters, obligations $49086881 / revenue $6848000000"
A,2023,0.0087,SEC XBRL quarterly revenue + USASpending.gov federal contract obligations,https://api.usaspending.gov/api/v2/search/spending_over_time/,2026-09-12,"4/4 quarters, obligations $59295241 / revenue $6833000000"
A,2024,0.0065,SEC XBRL quarterly revenue + USASpending.gov federal contract obligations,https://api.usaspending.gov/api/v2/search/spending_over_time/,2026-09-12,"4/4 quarters, obligations $42632426 / revenue $6510000000"
A,2025,0.0059,SEC XBRL quarterly revenue + USASpending.gov federal contract obligations,https://api.usaspending.gov/api/v2/search/spending_over_time/,2026-09-12,"4/4 quarters, obligations $41139560 / revenue $6948000000"
AAPL,2018,0.0,SEC XBRL quarterly revenue + USASpending.gov federal contract obligations,https://api.usaspending.gov/api/v2/search/spending_over_time/,2026-09-12,"4/4 quarters, obligations $0 / revenue $261612000000"
AAPL,2019,0.0,SEC XBRL quarterly revenue + USASpending.gov federal contract obligations,https://api.usaspending.gov/api/v2/search/spending_over_time/,2026-09-12,"4/4 quarters, obligations $0 / revenue $267683000000"
AAPL,2020,0.0,SEC XBRL quarterly revenue + USASpending.gov federal contract obligations,https://api.usaspending.gov/api/v2/search/spending_over_time/,2026-09-12,"4/4 quarters, obligations $2993534 / revenue $294135000000"
AAPL,2021,0.0001,SEC XBRL quarterly revenue + USASpending.gov federal contract obligations,https://api.usaspending.gov/api/v2/search/spending_over_time/,2026-09-12,"4/4 quarters, obligations $26279153 / revenue $378323000000"
AAPL,2022,0.0001,SEC XBRL quarterly revenue + USASpending.gov federal contract obligations,https://api.usaspending.gov/api/v2/search/spending_over_time/,2026-09-12,"4/4 quarters, obligations $39802638 / revenue $387537000000"
AAPL,2023,0.0,SEC XBRL quarterly revenue + USASpending.gov federal contract obligations,https://api.usaspending.gov/api/v2/search/spending_over_time/,2026-09-12,"3/4 quarters, obligations $14949820 / revenue $303909000000"
AAPL,2024,0.0001,SEC XBRL quarterly revenue + USASpending.gov federal contract obligations,https://api.usaspending.gov/api/v2/search/spending_over_time/,2026-09-12,"4/4 quarters, obligations $25900355 / revenue $395760000000"
AAPL,2025,0.0001,SEC XBRL quarterly revenue + USASpending.gov federal contract obligations,https://api.usaspending.gov/api/v2/search/spending_over_time/,2026-09-12,"4/4 quarters, obligations $23489139 / revenue $435617000000"
ABBV,2018,0.0,SEC XBRL quarterly revenue + USASpending.gov federal contract obligations,https://api.usaspending.gov/api/v2/search/spending_over_time/,2026-09-12,"4/4 quarters, obligations $272266 / revenue $32753000000"
ABBV,2019,0.0,SEC XBRL quarterly revenue + USASpending.gov federal contract obligations,https://api.usaspending.gov/api/v2/search/spending_over_time/,2026-09-12,"4/4 quarters, obligations $136670 / revenue $33266000000"
ABBV,2020,0.0,SEC XBRL quarterly revenue + USASpending.gov federal contract obligations,https://api.usaspending.gov/api/v2/search/spending_over_time/,2026-09-12,"4/4 quarters, obligations $373996 / revenue $45804000000"
ABBV,2021,0.0,SEC XBRL quarterly revenue + USASpending.gov federal contract obligations,https://api.usaspending.gov/api/v2/search/spending_over_time/,2026-09-12,"4/4 quarters, obligations $21299 / revenue $56197000000"
ABBV,2022,0.0,SEC XBRL quarterly revenue + USASpending.gov federal contract obligations,https://api.usaspending.gov/api/v2/search/spending_over_time/,2026-09-12,"4/4 quarters, obligations $75972 / revenue $58054000000"
ABBV,2023,0.0,SEC XBRL quarterly revenue + USASpending.gov federal contract obligations,https://api.usaspending.gov/api/v2/search/spending_over_time/,2026-09-12,"4/4 quarters, obligations $330577 / revenue $54318000000"
ABBV,2024,0.0,SEC XBRL quarterly revenue + USASpending.gov federal contract obligations,https://api.usaspending.gov/api/v2/search/spending_over_time/,2026-09-12,"4/4 quarters, obligations $765245 / revenue $56334000000"
ABBV,2025,0.0,SEC XBRL quarterly revenue + USASpending.gov federal contract obligations,https://api.usaspending.gov/api/v2/search/spending_over_time/,2026-09-12,"4/4 quarters, obligations $1193076 / revenue $61160000000"
ABNB,2020,0.0,SEC XBRL quarterly revenue + USASpending.gov federal contract obligations,https://api.usaspending.gov/api/v2/search/spending_over_time/,2026-09-12,"4/4 quarters, obligations $0 / revenue $3378000000"
ABNB,2021,0.0,SEC XBRL quarterly revenue + USASpending.gov federal contract obligations,https://api.usaspending.gov/api/v2/search/spending_over_time/,2026-09-12,"4/4 quarters, obligations $0 / revenue $5992000000"
ABNB,2022,0.0,SEC XBRL quarterly revenue + USASpending.gov federal contract obligations,https://api.usaspending.gov/api/v2/search/spending_over_time/,2026-09-12,"4/4 quarters, obligations $0 / revenue $8399000000"
ABNB,2023,0.0,SEC XBRL quarterly revenue + USASpending.gov federal contract obligations,https://api.usaspending.gov/api/v2/search/spending_over_time/,2026-09-12,"4/4 quarters, obligations $0 / revenue $9917000000"
ABNB,2024,0.0,SEC XBRL quarterly revenue + USASpending.gov federal contract obligations,https://api.usaspending.gov/api/v2/search/spending_over_time/,2026-09-12,"4/4 quarters, obligations $0 / revenue $11102000000"
ABNB,2025,0.0,SEC XBRL quarterly revenue + USASpending.gov federal contract obligations,https://api.usaspending.gov/api/v2/search/spending_over_time/,2026-09-12,"4/4 quarters, obligations $0 / revenue $12241000000"
ACGL,2018,0.0,SEC XBRL quarterly revenue + USASpending.gov federal contract obligations,https://api.usaspending.gov/api/v2/search/spending_over_time/,2026-09-12,"4/4 quarters, obligations $0 / revenue $5450568000"
ACGL,2019,0.0,SEC XBRL quarterly revenue + USASpending.gov federal contract obligations,https://api.usaspending.gov/api/v2/search/spending_over_time/,2026-09-12,"4/4 quarters, obligations $0 / revenue $6925967000"
ACGL,2020,0.0,SEC XBRL quarterly revenue + USASpending.gov federal contract obligations,https://api.usaspending.gov/api/v2/search/spending_over_time/,2026-09-12,"4/4 quarters, obligations $0 / revenue $8508509000"
ACGL,2021,0.0,SEC XBRL quarterly revenue + USASpending.gov federal contract obligations,https://api.usaspending.gov/api/v2/search/spending_over_time/,2026-09-12,"4/4 quarters, obligations $0 / revenue $9248000000"
ACGL,2022,0.0,SEC XBRL quarterly revenue + USASpending.gov federal contract obligations,https://api.usaspending.gov/api/v2/search/spending_over_time/,2026-09-12,"4/4 quarters, obligations $0 / revenue $9613000000"
ACGL,2023,0.0,SEC XBRL quarterly revenue + USASpending.gov federal contract obligations,https://api.usaspending.gov/api/v2/search/spending_over_time/,2026-09-12,"4/4 quarters, obligations $0 / revenue $13634000000"
ACGL,2024,0.0,SEC XBRL quarterly revenue + USASpending.gov federal contract obligations,https://api.usaspending.gov/api/v2/search/spending_over_time/,2026-09-12,"4/4 quarters, obligations $0 / revenue $17440000000"
ACGL,2025,0.0,SEC XBRL quarterly revenue + USASpending.gov federal contract obligations,https://api.usaspending.gov/api/v2/search/spending_over_time/,2026-09-12,"4/4 quarters, obligations $0 / revenue $19929000000"
ACN,2018,0.0,SEC XBRL quarterly revenue + USASpending.gov federal contract obligations,https://api.usaspending.gov/api/v2/search/spending_over_time/,2026-09-12,"4/4 quarters, obligations $0 / revenue $41713767000"
ACN,2019,0.0,SEC XBRL quarterly revenue + USASpending.gov federal contract obligations,https://api.usaspending.gov/api/v2/search/spending_over_time/,2026-09-12,"4/4 quarters, obligations $0 / revenue $43968425000"
ACN,2020,0.0061,SEC XBRL quarterly revenue + USASpending.gov federal contract obligations,https://api.usaspending.gov/api/v2/search/spending_over_time/,2026-09-12,"4/4 quarters, obligations $272149489 / revenue $44730266000"
ACN,2021,0.0495,SEC XBRL quarterly revenue + USASpending.gov federal contract obligations,https://api.usaspending.gov/api/v2/search/spending_over_time/,2026-09-12,"4/4 quarters, obligations $2661211107 / revenue $53736357000"
ACN,2022,0.0455,SEC XBRL quarterly revenue + USASpending.gov federal contract obligations,https://api.usaspending.gov/api/v2/search/spending_over_time/,2026-09-12,"4/4 quarters, obligations $2837374932 / revenue $62376954000"
ACN,2023,0.0497,SEC XBRL quarterly revenue + USASpending.gov federal contract obligations,https://api.usaspending.gov/api/v2/search/spending_over_time/,2026-09-12,"4/4 quarters, obligations $3212080652 / revenue $64588246000"
ACN,2024,0.0514,SEC XBRL quarterly revenue + USASpending.gov federal contract obligations,https://api.usaspending.gov/api/v2/search/spending_over_time/,2026-09-12,"4/4 quarters, obligations $3408484676 / revenue $66361706000"
ACN,2025,0.0395,SEC XBRL quarterly revenue + USASpending.gov federal contract obligations,https://api.usaspending.gov/api/v2/search/spending_over_time/,2026-09-12,"4/4 quarters, obligations $2790664830 / revenue $70725557000"
ADBE,2018,0.0001,SEC XBRL quarterly revenue + USASpending.gov federal contract obligations,https://api.usaspending.gov/api/v2/search/spending_over_time/,2026-09-12,"4/4 quarters, obligations $794611 / revenue $9030008000"
ADBE,2019,0.0001,SEC XBRL quarterly revenue + USASpending.gov federal contract obligations,https://api.usaspending.gov/api/v2/search/spending_over_time/,2026-09-12,"4/4 quarters, obligations $902288 / revenue $11171000000"
ADBE,2020,0.0001,SEC XBRL quarterly revenue + USASpending.gov federal contract obligations,https://api.usaspending.gov/api/v2/search/spending_over_time/,2026-09-12,"4/4 quarters, obligations $747938 / revenue $12868000000"
ADBE,2021,0.0,SEC XBRL quarterly revenue + USASpending.gov federal contract obligations,https://api.usaspending.gov/api/v2/search/spending_over_time/,2026-09-12,"4/4 quarters, obligations $61794 / revenue $15785000000"
ADBE,2022,0.0,SEC XBRL quarterly revenue + USASpending.gov federal contract obligations,https://api.usaspending.gov/api/v2/search/spending_over_time/,2026-09-12,"4/4 quarters, obligations $9842 / revenue $17606000000"
ADBE,2023,0.0,SEC XBRL quarterly revenue + USASpending.gov federal contract obligations,https://api.usaspending.gov/api/v2/search/spending_over_time/,2026-09-12,"4/4 quarters, obligations $25670 / revenue $19409000000"
ADBE,2024,0.0,SEC XBRL quarterly revenue + USASpending.gov federal contract obligations,https://api.usaspending.gov/api/v2/search/spending_over_time/,2026-09-12,"4/4 quarters, obligations $43121 / revenue $21505000000"
ADBE,2025,0.0,SEC XBRL quarterly revenue + USASpending.gov federal contract obligations,https://api.usaspending.gov/api/v2/search/spending_over_time/,2026-09-12,"4/4 quarters, obligations $27264 / revenue $23769000000"
ADI,2018,0.0003,SEC XBRL quarterly revenue + USASpending.gov federal contract obligations,https://api.usaspending.gov/api/v2/search/spending_over_time/,2026-09-12,"4/4 quarters, obligations $2105539 / revenue $6224689000"
ADI,2019,0.0,SEC XBRL quarterly revenue + USASpending.gov federal contract obligations,https://api.usaspending.gov/api/v2/search/spending_over_time/,2026-09-12,"4/4 quarters, obligations $246887 / revenue $5991065000"
ADI,2020,0.0,SEC XBRL quarterly revenue + USASpending.gov federal contract obligations,https://api.usaspending.gov/api/v2/search/spending_over_time/,2026-09-12,"4/4 quarters, obligations $153122 / revenue $5603056000"
ADI,2021,0.0,SEC XBRL quarterly revenue + USASpending.gov federal contract obligations,https://api.usaspending.gov/api/v2/search/spending_over_time/,2026-09-12,"4/4 quarters, obligations $49449 / revenue $7318286000"
ADI,2022,0.0,SEC XBRL quarterly revenue + USASpending.gov federal contract obligations,https://api.usaspending.gov/api/v2/search/spending_over_time/,2026-09-12,"4/4 quarters, obligations $137201 / revenue $12013953000"
ADI,2023,0.0,SEC XBRL quarterly revenue + USASpending.gov federal contract obligations,https://api.usaspending.gov/api/v2/search/spending_over_time/,2026-09-12,"4/4 quarters, obligations $344124 / revenue $12305539000"
ADI,2024,0.0,SEC XBRL quarterly revenue + USASpending.gov federal contract obligations,https://api.usaspending.gov/api/v2/search/spending_over_time/,2026-09-12,"4/4 quarters, obligations $155348 / revenue $9427157000"
ADI,2025,0.0,SEC XBRL quarterly revenue + USASpending.gov federal contract obligations,https://api.usaspending.gov/api/v2/search/spending_over_time/,2026-09-12,"4/4 quarters, obligations $4376 / revenue $11019707000"
ADM,2018,0.0008,SEC XBRL quarterly revenue + USASpending.gov federal contract obligations,https://api.usaspending.gov/api/v2/search/spending_over_time/,2026-09-12,"4/4 quarters, obligations $54192347 / revenue $64341000000"
ADM,2019,0.001,SEC XBRL quarterly revenue + USASpending.gov federal contract obligations,https://api.usaspending.gov/api/v2/search/spending_over_time/,2026-09-12,"4/4 quarters, obligations $65938440 / revenue $64656000000"
ADM,2020,0.0013,SEC XBRL quarterly revenue + USASpending.gov federal contract obligations,https://api.usaspending.gov/api/v2/search/spending_over_time/,2026-09-12,"4/4 quarters, obligations $86566320 / revenue $64355000000"
ADM,2021,0.0015,SEC XBRL quarterly revenue + USASpending.gov federal contract obligations,https://api.usaspending.gov/api/v2/search/spending_over_time/,2026-09-12,"4/4 quarters, obligations $131765142 / revenue $85249000000"
ADM,2022,0.0016,SEC XBRL quarterly revenue + USASpending.gov federal contract obligations,https://api.usaspending.gov/api/v2/search/spending_over_time/,2026-09-12,"4/4 quarters, obligations $164427824 / revenue $101556000000"
ADM,2023,0.0018,SEC XBRL quarterly revenue + USASpending.gov federal contract obligations,https://api.usaspending.gov/api/v2/search/spending_over_time/,2026-09-12,"4/4 quarters, obligations $138895565 / revenue $78638000000"
ADM,2024,0.0055,SEC XBRL quarterly revenue + USASpending.gov federal contract obligations,https://api.usaspending.gov/api/v2/search/spending_over_time/,2026-09-12,"4/4 quarters, obligations $132859597 / revenue $24373000000"
ADM,2025,0.0034,SEC XBRL quarterly revenue + USASpending.gov federal contract obligations,https://api.usaspending.gov/api/v2/search/spending_over_time/,2026-09-12,"4/4 quarters, obligations $83729583 / revenue $24956000000"
ADP,2018,0.0,SEC XBRL quarterly revenue + USASpending.gov federal contract obligations,https://api.usaspending.gov/api/v2/search/spending_over_time/,2026-09-12,"4/4 quarters, obligations $-19629 / revenue $13814900000"
ADP,2019,0.0,SEC XBRL quarterly revenue + USASpending.gov federal contract obligations,https://api.usaspending.gov/api/v2/search/spending_over_time/,2026-09-12,"4/4 quarters, obligations $-11420 / revenue $14472700000"
ADP,2020,0.0,SEC XBRL quarterly revenue + USASpending.gov federal contract obligations,https://api.usaspending.gov/api/v2/search/spending_over_time/,2026-09-12,"4/4 quarters, obligations $24741 / revenue $14591000000"
ADP,2021,0.0,SEC XBRL quarterly revenue + USASpending.gov federal contract obligations,https://api.usaspending.gov/api/v2/search/spending_over_time/,2026-09-12,"4/4 quarters, obligations $9211 / revenue $15696700000"
ADP,2022,0.0,SEC XBRL quarterly revenue + USASpending.gov federal contract obligations,https://api.usaspending.gov/api/v2/search/spending_over_time/,2026-09-12,"4/4 quarters, obligations $0 / revenue $17247200000"
ADP,2023,0.0,SEC XBRL quarterly revenue + USASpending.gov federal contract obligations,https://api.usaspending.gov/api/v2/search/spending_over_time/,2026-09-12,"4/4 quarters, obligations $-39861 / revenue $18586000000"
ADP,2024,0.0,SEC XBRL quarterly revenue + USASpending.gov federal contract obligations,https://api.usaspending.gov/api/v2/search/spending_over_time/,2026-09-12,"4/4 quarters, obligations $10727 / revenue $19903300000"
ADP,2025,0.0,SEC XBRL quarterly revenue + USASpending.gov federal contract obligations,https://api.usaspending.gov/api/v2/search/spending_over_time/,2026-09-12,"4/4 quarters, obligations $10784 / revenue $21214300000"
ADSK,2018,0.0,SEC XBRL quarterly revenue + USASpending.gov federal contract obligations,https://api.usaspending.gov/api/v2/search/spending_over_time/,2026-09-12,"4/4 quarters, obligations $24144 / revenue $2386300000"
ADSK,2019,0.0,SEC XBRL quarterly revenue + USASpending.gov federal contract obligations,https://api.usaspending.gov/api/v2/search/spending_over_time/,2026-09-12,"4/4 quarters, obligations $27792 / revenue $3112300000"
ADSK,2020,0.0,SEC XBRL quarterly revenue + USASpending.gov federal contract obligations,https://api.usaspending.gov/api/v2/search/spending_over_time/,2026-09-12,"4/4 quarters, obligations $9702 / revenue $3650500000"
ADSK,2021,0.0,SEC XBRL quarterly revenue + USASpending.gov federal contract obligations,https://api.usaspending.gov/api/v2/search/spending_over_time/,2026-09-12,"4/4 quarters, obligations $16600 / revenue $4214200000"
ADSK,2022,0.0,SEC XBRL quarterly revenue + USASpending.gov federal contract obligations,https://api.usaspending.gov/api/v2/search/spending_over_time/,2026-09-12,"4/4 quarters, obligations $0 / revenue $4898000000"
ADSK,2023,0.0,SEC XBRL quarterly revenue + USASpending.gov federal contract obligations,https://api.usaspending.gov/api/v2/search/spending_over_time/,2026-09-12,"4/4 quarters, obligations $10265 / revenue $5346000000"
ADSK,2024,0.0,SEC XBRL quarterly revenue + USASpending.gov federal contract obligations,https://api.usaspending.gov/api/v2/search/spending_over_time/,2026-09-12,"4/4 quarters, obligations $0 / revenue $5961000000"
ADSK,2025,0.0,SEC XBRL quarterly revenue + USASpending.gov federal contract obligations,https://api.usaspending.gov/api/v2/search/spending_over_time/,2026-09-12,"4/4 quarters, obligations $0 / revenue $6888000000"
AEE,2018,0.0002,SEC XBRL quarterly revenue + USASpending.gov federal contract obligations,https://api.usaspending.gov/api/v2/search/spending_over_time/,2026-09-12,"4/4 quarters, obligations $1335918 / revenue $6291000000"
AEE,2019,0.0008,SEC XBRL quarterly revenue + USASpending.gov federal contract obligations,https://api.usaspending.gov/api/v2/search/spending_over_time/,2026-09-12,"4/4 quarters, obligations $4617657 / revenue $5910000000"
AEE,2020,0.0002,SEC XBRL quarterly revenue + USASpending.gov federal contract obligations,https://api.usaspending.gov/api/v2/search/spending_over_time/,2026-09-12,"4/4 quarters, obligations $887239 / revenue $5794000000"
AEE,2021,0.0001,SEC XBRL quarterly revenue + USASpending.gov federal contract obligations,https://api.usaspending.gov/api/v2/search/spending_over_time/,2026-09-12,"4/4 quarters, obligations $753183 / revenue $6394000000"
AEE,2022,0.0002,SEC XBRL quarterly revenue + USASpending.gov federal contract obligations,https://api.usaspending.gov/api/v2/search/spending_over_time/,2026-09-12,"4/4 quarters, obligations $1435665 / revenue $7957000000"
AEE,2023,0.0002,SEC XBRL quarterly revenue + USASpending.gov federal contract obligations,https://api.usaspending.gov/api/v2/search/spending_over_time/,2026-09-12,"4/4 quarters, obligations $1373524 / revenue $7500000000"
AEE,2024,0.0001,SEC XBRL quarterly revenue + USASpending.gov federal contract obligations,https://api.usaspending.gov/api/v2/search/spending_over_time/,2026-09-12,"4/4 quarters, obligations $1067746 / revenue $7623000000"
AEE,2025,0.0002,SEC XBRL quarterly revenue + USASpending.gov federal contract obligations,https://api.usaspending.gov/api/v2/search/spending_over_time/,2026-09-12,"4/4 quarters, obligations $2129344 / revenue $8799000000"
AEP,2018,0.0015,SEC XBRL quarterly revenue + USASpending.gov federal contract obligations,https://api.usaspending.gov/api/v2/search/spending_over_time/,2026-09-12,"4/4 quarters, obligations $24417606 / revenue $16195700000"
AEP,2019,0.0029,SEC XBRL quarterly revenue + USASpending.gov federal contract obligations,https://api.usaspending.gov/api/v2/search/spending_over_time/,2026-09-12,"4/4 quarters, obligations $45413212 / revenue $15561400000"
AEP,2020,0.0018,SEC XBRL quarterly revenue + USASpending.gov federal contract obligations,https://api.usaspending.gov/api/v2/search/spending_over_time/,2026-09-12,"4/4 quarters, obligations $26713350 / revenue $14918500000"
AEP,2021,0.0019,SEC XBRL quarterly revenue + USASpending.gov federal contract obligations,https://api.usaspending.gov/api/v2/search/spending_over_time/,2026-09-12,"4/4 quarters, obligations $31440094 / revenue $16792000000"
AEP,2022,0.0019,SEC XBRL quarterly revenue + USASpending.gov federal contract obligations,https://api.usaspending.gov/api/v2/search/spending_over_time/,2026-09-12,"4/4 quarters, obligations $36741360 / revenue $19391700000"
AEP,2023,0.003,SEC XBRL quarterly revenue + USASpending.gov federal contract obligations,https://api.usaspending.gov/api/v2/search/spending_over_time/,2026-09-12,"4/4 quarters, obligations $58660179 / revenue $19456000000"
AEP,2024,0.0013,SEC XBRL quarterly revenue + USASpending.gov federal contract obligations,https://api.usaspending.gov/api/v2/search/spending_over_time/,2026-09-12,"4/4 quarters, obligations $26586047 / revenue $19970000000"
AEP,2025,0.0003,SEC XBRL quarterly revenue + USASpending.gov federal contract obligations,https://api.usaspending.gov/api/v2/search/spending_over_time/,2026-09-12,"4/4 quarters, obligations $5653865 / revenue $21702000000"
AES,2018,0.0161,SEC XBRL quarterly revenue + USASpending.gov federal contract obligations,https://api.usaspending.gov/api/v2/search/spending_over_time/,2026-09-12,"4/4 quarters, obligations $172981671 / revenue $10736000000"
AES,2019,0.0184,SEC XBRL quarterly revenue + USASpending.gov federal contract obligations,https://api.usaspending.gov/api/v2/search/spending_over_time/,2026-09-12,"4/4 quarters, obligations $187516906 / revenue $10189000000"
AES,2020,0.0118,SEC XBRL quarterly revenue + USASpending.gov federal contract obligations,https://api.usaspending.gov/api/v2/search/spending_over_time/,2026-09-12,"4/4 quarters, obligations $114070185 / revenue $9660000000"
AES,2021,0.0104,SEC XBRL quarterly revenue + USASpending.gov federal contract obligations,https://api.usaspending.gov/api/v2/search/spending_over_time/,2026-09-12,"4/4 quarters, obligations $115743512 / revenue $11141000000"
AES,2022,0.0108,SEC XBRL quarterly revenue + USASpending.gov federal contract obligations,https://api.usaspending.gov/api/v2/search/spending_over_time/,2026-09-12,"4/4 quarters, obligations $136350530 / revenue $12617000000"
AES,2023,0.0144,SEC XBRL quarterly revenue + USASpending.gov federal contract obligations,https://api.usaspending.gov/api/v2/search/spending_over_time/,2026-09-12,"4/4 quarters, obligations $182435402 / revenue $12668000000"
AES,2024,0.0137,SEC XBRL quarterly revenue + USASpending.gov federal contract obligations,https://api.usaspending.gov/api/v2/search/spending_over_time/,2026-09-12,"4/4 quarters, obligations $167958403 / revenue $12278000000"
AES,2025,0.011,SEC XBRL quarterly revenue + USASpending.gov federal contract obligations,https://api.usaspending.gov/api/v2/search/spending_over_time/,2026-09-12,"4/4 quarters, obligations $134609400 / revenue $12233000000"
AFL,2018,0.0,SEC XBRL quarterly revenue + USASpending.gov federal contract obligations,https://api.usaspending.gov/api/v2/search/spending_over_time/,2026-09-12,"4/4 quarters, obligations $0 / revenue $21756000000"
AFL,2019,0.0,SEC XBRL quarterly revenue + USASpending.gov federal contract obligations,https://api.usaspending.gov/api/v2/search/spending_over_time/,2026-09-12,"4/4 quarters, obligations $0 / revenue $22307000000"
AFL,2020,0.0,SEC XBRL quarterly revenue + USASpending.gov federal contract obligations,https://api.usaspending.gov/api/v2/search/spending_over_time/,2026-09-12,"4/4 quarters, obligations $0 / revenue $22147000000"
AFL,2021,0.0,SEC XBRL quarterly revenue + USASpending.gov federal contract obligations,https://api.usaspending.gov/api/v2/search/spending_over_time/,2026-09-12,"4/4 quarters, obligations $0 / revenue $21554000000"
AFL,2022,0.0,SEC XBRL quarterly revenue + USASpending.gov federal contract obligations,https://api.usaspending.gov/api/v2/search/spending_over_time/,2026-09-12,"4/4 quarters, obligations $0 / revenue $19140000000"
AFL,2023,0.0,SEC XBRL quarterly revenue + USASpending.gov federal contract obligations,https://api.usaspending.gov/api/v2/search/spending_over_time/,2026-09-12,"4/4 quarters, obligations $0 / revenue $18699000000"
AFL,2024,0.0,SEC XBRL quarterly revenue + USASpending.gov federal contract obligations,https://api.usaspending.gov/api/v2/search/spending_over_time/,2026-09-12,"4/4 quarters, obligations $0 / revenue $18927000000"
AFL,2025,0.0,SEC XBRL quarterly revenue + USASpending.gov federal contract obligations,https://api.usaspending.gov/api/v2/search/spending_over_time/,2026-09-12,"4/4 quarters, obligations $0 / revenue $17164000000"
AIG,2018,0.001,SEC XBRL quarterly revenue + USASpending.gov federal contract obligations,https://api.usaspending.gov/api/v2/search/spending_over_time/,2026-09-12,"4/4 quarters, obligations $49417702 / revenue $47389000000"
AIG,2019,0.0006,SEC XBRL quarterly revenue + USASpending.gov federal contract obligations,https://api.usaspending.gov/api/v2/search/spending_over_time/,2026-09-12,"4/4 quarters, obligations $27809760 / revenue $49746000000"
AIG,2020,0.0029,SEC XBRL quarterly revenue + USASpending.gov federal contract obligations,https://api.usaspending.gov/api/v2/search/spending_over_time/,2026-09-12,"4/4 quarters, obligations $126120148 / revenue $43736000000"
AIG,2021,0.0048,SEC XBRL quarterly revenue + USASpending.gov federal contract obligations,https://api.usaspending.gov/api/v2/search/spending_over_time/,2026-09-12,"4/4 quarters, obligations $252932003 / revenue $52157000000"
AIG,2022,0.0026,SEC XBRL quarterly revenue + USASpending.gov federal contract obligations,https://api.usaspending.gov/api/v2/search/spending_over_time/,2026-09-12,"4/4 quarters, obligations $76869218 / revenue $29996000000"
AIG,2023,0.0028,SEC XBRL quarterly revenue + USASpending.gov federal contract obligations,https://api.usaspending.gov/api/v2/search/spending_over_time/,2026-09-12,"4/4 quarters, obligations $78232396 / revenue $27938000000"
AIG,2024,0.0033,SEC XBRL quarterly revenue + USASpending.gov federal contract obligations,https://api.usaspending.gov/api/v2/search/spending_over_time/,2026-09-12,"4/4 quarters, obligations $90000788 / revenue $27251000000"
AIG,2025,0.0037,SEC XBRL quarterly revenue + USASpending.gov federal contract obligations,https://api.usaspending.gov/api/v2/search/spending_over_time/,2026-09-12,"4/4 quarters, obligations $97790576 / revenue $26775000000"
AIZ,2018,0.0,SEC XBRL quarterly revenue + USASpending.gov federal contract obligations,https://api.usaspending.gov/api/v2/search/spending_over_time/,2026-09-12,"4/4 quarters, obligations $168532 / revenue $8057600000"
AIZ,2019,0.0,SEC XBRL quarterly revenue + USASpending.gov federal contract obligations,https://api.usaspending.gov/api/v2/search/spending_over_time/,2026-09-12,"4/4 quarters, obligations $133781 / revenue $10086800000"
AIZ,2020,0.0,SEC XBRL quarterly revenue + USASpending.gov federal contract obligations,https://api.usaspending.gov/api/v2/search/spending_over_time/,2026-09-12,"4/4 quarters, obligations $151824 / revenue $9595500000"
AIZ,2021,0.0,SEC XBRL quarterly revenue + USASpending.gov federal contract obligations,https://api.usaspending.gov/api/v2/search/spending_over_time/,2026-09-12,"4/4 quarters, obligations $214876 / revenue $10187600000"
AIZ,2022,0.0,SEC XBRL quarterly revenue + USASpending.gov federal contract obligations,https://api.usaspending.gov/api/v2/search/spending_over_time/,2026-09-12,"4/4 quarters, obligations $101706 / revenue $10193000000"
AIZ,2023,0.0,SEC XBRL quarterly revenue + USASpending.gov federal contract obligations,https://api.usaspending.gov/api/v2/search/spending_over_time/,2026-09-12,"4/4 quarters, obligations $149926 / revenue $11131600000"
AIZ,2024,0.0,SEC XBRL quarterly revenue + USASpending.gov federal contract obligations,https://api.usaspending.gov/api/v2/search/spending_over_time/,2026-09-12,"4/4 quarters, obligations $176733 / revenue $11877500000"
AIZ,2025,0.0,SEC XBRL quarterly revenue + USASpending.gov federal contract obligations,https://api.usaspending.gov/api/v2/search/spending_over_time/,2026-09-12,"4/4 quarters, obligations $202214 / revenue $12814300000"
AJG,2018,0.0,SEC XBRL quarterly revenue + USASpending.gov federal contract obligations,https://api.usaspending.gov/api/v2/search/spending_over_time/,2026-09-12,"4/4 quarters, obligations $0 / revenue $6934000000"
AJG,2019,0.0,SEC XBRL quarterly revenue + USASpending.gov federal contract obligations,https://api.usaspending.gov/api/v2/search/spending_over_time/,2026-09-12,"4/4 quarters, obligations $0 / revenue $7195000000"
AJG,2020,0.0,SEC XBRL quarterly revenue + USASpending.gov federal contract obligations,https://api.usaspending.gov/api/v2/search/spending_over_time/,2026-09-12,"4/4 quarters, obligations $0 / revenue $7003600000"
AJG,2021,0.0,SEC XBRL quarterly revenue + USASpending.gov federal contract obligations,https://api.usaspending.gov/api/v2/search/spending_over_time/,2026-09-12,"4/4 quarters, obligations $0 / revenue $8209400000"
AJG,2022,0.0,SEC XBRL quarterly revenue + USASpending.gov federal contract obligations,https://api.usaspending.gov/api/v2/search/spending_over_time/,2026-09-12,"4/4 quarters, obligations $0 / revenue $8550600000"
AJG,2023,0.0,SEC XBRL quarterly revenue + USASpending.gov federal contract obligations,https://api.usaspending.gov/api/v2/search/spending_over_time/,2026-09-12,"4/4 quarters, obligations $0 / revenue $10072000000"
AJG,2024,0.0,SEC XBRL quarterly revenue + USASpending.gov federal contract obligations,https://api.usaspending.gov/api/v2/search/spending_over_time/,2026-09-12,"4/4 quarters, obligations $25000 / revenue $11555000000"
AJG,2025,0.0,SEC XBRL quarterly revenue + USASpending.gov federal contract obligations,https://api.usaspending.gov/api/v2/search/spending_over_time/,2026-09-12,"4/4 quarters, obligations $0 / revenue $13942000000"
AKAM,2018,0.0023,SEC XBRL quarterly revenue + USASpending.gov federal contract obligations,https://api.usaspending.gov/api/v2/search/spending_over_time/,2026-09-12,"4/4 quarters, obligations $6176918 / revenue $2734474000"
AKAM,2019,0.0024,SEC XBRL quarterly revenue + USASpending.gov federal contract obligations,https://api.usaspending.gov/api/v2/search/spending_over_time/,2026-09-12,"4/4 quarters, obligations $6958128 / revenue $2893617000"
AKAM,2020,0.0028,SEC XBRL quarterly revenue + USASpending.gov federal contract obligations,https://api.usaspending.gov/api/v2/search/spending_over_time/,2026-09-12,"4/4 quarters, obligations $8983908 / revenue $3198149000"
AKAM,2021,0.0024,SEC XBRL quarterly revenue + USASpending.gov federal contract obligations,https://api.usaspending.gov/api/v2/search/spending_over_time/,2026-09-12,"4/4 quarters, obligations $8168934 / revenue $3461223000"
AKAM,2022,0.0014,SEC XBRL quarterly revenue + USASpending.gov federal contract obligations,https://api.usaspending.gov/api/v2/search/spending_over_time/,2026-09-12,"4/4 quarters, obligations $4948005 / revenue $3616654000"
AKAM,2023,0.0015,SEC XBRL quarterly revenue + USASpending.gov federal contract obligations,https://api.usaspending.gov/api/v2/search/spending_over_time/,2026-09-12,"4/4 quarters, obligations $5727753 / revenue $3811920000"
AKAM,2024,0.0015,SEC XBRL quarterly revenue + USASpending.gov federal contract obligations,https://api.usaspending.gov/api/v2/search/spending_over_time/,2026-09-12,"4/4 quarters, obligations $6049323 / revenue $3991168000"
AKAM,2025,0.0001,SEC XBRL quarterly revenue + USASpending.gov federal contract obligations,https://api.usaspending.gov/api/v2/search/spending_over_time/,2026-09-12,"4/4 quarters, obligations $505539 / revenue $4208175000"
ALB,2018,0.0001,SEC XBRL quarterly revenue + USASpending.gov federal contract obligations,https://api.usaspending.gov/api/v2/search/spending_over_time/,2026-09-12,"4/4 quarters, obligations $319383 / revenue $3374950000"
ALB,2019,0.0,SEC XBRL quarterly revenue + USASpending.gov federal contract obligations,https://api.usaspending.gov/api/v2/search/spending_over_time/,2026-09-12,"4/4 quarters, obligations $120067 / revenue $3589427000"
ALB,2020,0.0,SEC XBRL quarterly revenue + USASpending.gov federal contract obligations,https://api.usaspending.gov/api/v2/search/spending_over_time/,2026-09-12,"4/4 quarters, obligations $79174 / revenue $3128909000"
ALB,2021,0.0,SEC XBRL quarterly revenue + USASpending.gov federal contract obligations,https://api.usaspending.gov/api/v2/search/spending_over_time/,2026-09-12,"4/4 quarters, obligations $45573 / revenue $3327957000"
ALB,2022,0.0,SEC XBRL quarterly revenue + USASpending.gov federal contract obligations,https://api.usaspending.gov/api/v2/search/spending_over_time/,2026-09-12,"4/4 quarters, obligations $41335 / revenue $7320104000"
ALB,2023,0.0,SEC XBRL quarterly revenue + USASpending.gov federal contract obligations,https://api.usaspending.gov/api/v2/search/spending_over_time/,2026-09-12,"4/4 quarters, obligations $45142 / revenue $9617203000"
ALB,2024,0.0,SEC XBRL quarterly revenue + USASpending.gov federal contract obligations,https://api.usaspending.gov/api/v2/search/spending_over_time/,2026-09-12,"4/4 quarters, obligations $28200 / revenue $5377526000"
ALB,2025,0.0,SEC XBRL quarterly revenue + USASpending.gov federal contract obligations,https://api.usaspending.gov/api/v2/search/spending_over_time/,2026-09-12,"4/4 quarters, obligations $65500 / revenue $5142733000"
ALGN,2018,0.0,SEC XBRL quarterly revenue + USASpending.gov federal contract obligations,https://api.usaspending.gov/api/v2/search/spending_over_time/,2026-09-12,"4/4 quarters, obligations $-4671 / revenue $1966492000"
ALGN,2019,0.0,SEC XBRL quarterly revenue + USASpending.gov federal contract obligations,https://api.usaspending.gov/api/v2/search/spending_over_time/,2026-09-12,"4/4 quarters, obligations $0 / revenue $2406796000"
ALGN,2020,0.0,SEC XBRL quarterly revenue + USASpending.gov federal contract obligations,https://api.usaspending.gov/api/v2/search/spending_over_time/,2026-09-12,"4/4 quarters, obligations $0 / revenue $2471941000"
ALGN,2021,0.0,SEC XBRL quarterly revenue + USASpending.gov federal contract obligations,https://api.usaspending.gov/api/v2/search/spending_over_time/,2026-09-12,"4/4 quarters, obligations $0 / revenue $3952584000"
ALGN,2022,0.0,SEC XBRL quarterly revenue + USASpending.gov federal contract obligations,https://api.usaspending.gov/api/v2/search/spending_over_time/,2026-09-12,"4/4 quarters, obligations $0 / revenue $3734635000"
ALGN,2023,0.0,SEC XBRL quarterly revenue + USASpending.gov federal contract obligations,https://api.usaspending.gov/api/v2/search/spending_over_time/,2026-09-12,"4/4 quarters, obligations $0 / revenue $3862260000"
ALGN,2024,0.0,SEC XBRL quarterly revenue + USASpending.gov federal contract obligations,https://api.usaspending.gov/api/v2/search/spending_over_time/,2026-09-12,"4/4 quarters, obligations $0 / revenue $3999012000"
ALGN,2025,0.0,SEC XBRL quarterly revenue + USASpending.gov federal contract obligations,https://api.usaspending.gov/api/v2/search/spending_over_time/,2026-09-12,"4/4 quarters, obligations $0 / revenue $4034964000"
ALL,2018,0.0001,SEC XBRL quarterly revenue + USASpending.gov federal contract obligations,https://api.usaspending.gov/api/v2/search/spending_over_time/,2026-09-12,"4/4 quarters, obligations $5449130 / revenue $39815000000"
ALL,2019,0.0001,SEC XBRL quarterly revenue + USASpending.gov federal contract obligations,https://api.usaspending.gov/api/v2/search/spending_over_time/,2026-09-12,"4/4 quarters, obligations $5495573 / revenue $44675000000"
ALL,2020,0.0003,SEC XBRL quarterly revenue + USASpending.gov federal contract obligations,https://api.usaspending.gov/api/v2/search/spending_over_time/,2026-09-12,"4/4 quarters, obligations $10886217 / revenue $41909000000"
ALL,2021,0.0002,SEC XBRL quarterly revenue + USASpending.gov federal contract obligations,https://api.usaspending.gov/api/v2/search/spending_over_time/,2026-09-12,"4/4 quarters, obligations $8989550 / revenue $50588000000"
ALL,2022,0.0,SEC XBRL quarterly revenue + USASpending.gov federal contract obligations,https://api.usaspending.gov/api/v2/search/spending_over_time/,2026-09-12,"4/4 quarters, obligations $435819 / revenue $51411000000"
ALL,2023,0.0002,SEC XBRL quarterly revenue + USASpending.gov federal contract obligations,https://api.usaspending.gov/api/v2/search/spending_over_time/,2026-09-12,"4/4 quarters, obligations $9763664 / revenue $57094000000"
ALL,2024,0.0001,SEC XBRL quarterly revenue + USASpending.gov federal contract obligations,https://api.usaspending.gov/api/v2/search/spending_over_time/,2026-09-12,"4/4 quarters, obligations $8746674 / revenue $64106000000"
ALL,2025,0.0002,SEC XBRL quarterly revenue + USASpending.gov federal contract obligations,https://api.usaspending.gov/api/v2/search/spending_over_time/,2026-09-12,"4/4 quarters, obligations $12674437 / revenue $67685000000"
ALLE,2018,0.0001,SEC XBRL quarterly revenue + USASpending.gov federal contract obligations,https://api.usaspending.gov/api/v2/search/spending_over_time/,2026-09-12,"4/4 quarters, obligations $159771 / revenue $2731700000"
ALLE,2019,0.0001,SEC XBRL quarterly revenue + USASpending.gov federal contract obligations,https://api.usaspending.gov/api/v2/search/spending_over_time/,2026-09-12,"4/4 quarters, obligations $287342 / revenue $2854000000"
ALLE,2020,0.0001,SEC XBRL quarterly revenue + USASpending.gov federal contract obligations,https://api.usaspending.gov/api/v2/search/spending_over_time/,2026-09-12,"4/4 quarters, obligations $341717 / revenue $2719900000"
ALLE,2021,0.0001,SEC XBRL quarterly revenue + USASpending.gov federal contract obligations,https://api.usaspending.gov/api/v2/search/spending_over_time/,2026-09-12,"4/4 quarters, obligations $425079 / revenue $2867400000"
ALLE,2022,0.0001,SEC XBRL quarterly revenue + USASpending.gov federal contract obligations,https://api.usaspending.gov/api/v2/search/spending_over_time/,2026-09-12,"4/4 quarters, obligations $400970 / revenue $3271900000"
ALLE,2023,0.0,SEC XBRL quarterly revenue + USASpending.gov federal contract obligations,https://api.usaspending.gov/api/v2/search/spending_over_time/,2026-09-12,"4/4 quarters, obligations $165577 / revenue $3650800000"
ALLE,2024,0.0,SEC XBRL quarterly revenue + USASpending.gov federal contract obligations,https://api.usaspending.gov/api/v2/search/spending_over_time/,2026-09-12,"4/4 quarters, obligations $108572 / revenue $3772200000"
ALLE,2025,0.0001,SEC XBRL quarterly revenue + USASpending.gov federal contract obligations,https://api.usaspending.gov/api/v2/search/spending_over_time/,2026-09-12,"4/4 quarters, obligations $416989 / revenue $4067300000"
AMAT,2018,0.0,SEC XBRL quarterly revenue + USASpending.gov federal contract obligations,https://api.usaspending.gov/api/v2/search/spending_over_time/,2026-09-12,"4/4 quarters, obligations $0 / revenue $16705000000"
AMAT,2019,0.0,SEC XBRL quarterly revenue + USASpending.gov federal contract obligations,https://api.usaspending.gov/api/v2/search/spending_over_time/,2026-09-12,"4/4 quarters, obligations $0 / revenue $14608000000"
AMAT,2020,0.0,SEC XBRL quarterly revenue + USASpending.gov federal contract obligations,https://api.usaspending.gov/api/v2/search/spending_over_time/,2026-09-12,"4/4 quarters, obligations $0 / revenue $17202000000"
AMAT,2021,0.0,SEC XBRL quarterly revenue + USASpending.gov federal contract obligations,https://api.usaspending.gov/api/v2/search/spending_over_time/,2026-09-12,"4/4 quarters, obligations $0 / revenue $23063000000"
AMAT,2022,0.0,SEC XBRL quarterly revenue + USASpending.gov federal contract obligations,https://api.usaspending.gov/api/v2/search/spending_over_time/,2026-09-12,"4/4 quarters, obligations $0 / revenue $25785000000"
AMAT,2023,0.0,SEC XBRL quarterly revenue + USASpending.gov federal contract obligations,https://api.usaspending.gov/api/v2/search/spending_over_time/,2026-09-12,"4/4 quarters, obligations $0 / revenue $26517000000"
AMAT,2024,0.0,SEC XBRL quarterly revenue + USASpending.gov federal contract obligations,https://api.usaspending.gov/api/v2/search/spending_over_time/,2026-09-12,"4/4 quarters, obligations $0 / revenue $27176000000"
AMAT,2025,0.0,SEC XBRL quarterly revenue + USASpending.gov federal contract obligations,https://api.usaspending.gov/api/v2/search/spending_over_time/,2026-09-12,"4/4 quarters, obligations $0 / revenue $28368000000"
AMCR,2018,0.0014,SEC XBRL quarterly revenue + USASpending.gov federal contract obligations,https://api.usaspending.gov/api/v2/search/spending_over_time/,2026-09-12,"4/4 quarters, obligations $12845758 / revenue $9364700000"
AMCR,2019,0.0004,SEC XBRL quarterly revenue + USASpending.gov federal contract obligations,https://api.usaspending.gov/api/v2/search/spending_over_time/,2026-09-12,"4/4 quarters, obligations $3995439 / revenue $11094400000"
AMCR,2020,0.0,SEC XBRL quarterly revenue + USASpending.gov federal contract obligations,https://api.usaspending.gov/api/v2/search/spending_over_time/,2026-09-12,"4/4 quarters, obligations $258360 / revenue $12483700000"
AMCR,2021,0.0,SEC XBRL quarterly revenue + USASpending.gov federal contract obligations,https://api.usaspending.gov/api/v2/search/spending_over_time/,2026-09-12,"4/4 quarters, obligations $-813272 / revenue $13588000000"
AMCR,2022,0.0,SEC XBRL quarterly revenue + USASpending.gov federal contract obligations,https://api.usaspending.gov/api/v2/search/spending_over_time/,2026-09-12,"4/4 quarters, obligations $58578 / revenue $14971000000"
AMCR,2023,0.0,SEC XBRL quarterly revenue + USASpending.gov federal contract obligations,https://api.usaspending.gov/api/v2/search/spending_over_time/,2026-09-12,"4/4 quarters, obligations $9145 / revenue $14034000000"
AMCR,2024,0.0098,SEC XBRL quarterly revenue + USASpending.gov federal contract obligations,https://api.usaspending.gov/api/v2/search/spending_over_time/,2026-09-12,"4/4 quarters, obligations $132245594 / revenue $13540000000"
AMCR,2025,0.0,SEC XBRL quarterly revenue + USASpending.gov federal contract obligations,https://api.usaspending.gov/api/v2/search/spending_over_time/,2026-09-12,"4/4 quarters, obligations $808054 / revenue $19609000000"
AMD,2018,0.0,SEC XBRL quarterly revenue + USASpending.gov federal contract obligations,https://api.usaspending.gov/api/v2/search/spending_over_time/,2026-09-12,"4/4 quarters, obligations $0 / revenue $6475000000"
AMD,2019,0.0,SEC XBRL quarterly revenue + USASpending.gov federal contract obligations,https://api.usaspending.gov/api/v2/search/spending_over_time/,2026-09-12,"4/4 quarters, obligations $0 / revenue $6731000000"
AMD,2020,0.0,SEC XBRL quarterly revenue + USASpending.gov federal contract obligations,https://api.usaspending.gov/api/v2/search/spending_over_time/,2026-09-12,"4/4 quarters, obligations $0 / revenue $9763000000"
AMD,2021,0.0,SEC XBRL quarterly revenue + USASpending.gov federal contract obligations,https://api.usaspending.gov/api/v2/search/spending_over_time/,2026-09-12,"4/4 quarters, obligations $0 / revenue $16434000000"
AMD,2022,0.0003,SEC XBRL quarterly revenue + USASpending.gov federal contract obligations,https://api.usaspending.gov/api/v2/search/spending_over_time/,2026-09-12,"4/4 quarters, obligations $6981485 / revenue $23601000000"
AMD,2023,0.0,SEC XBRL quarterly revenue + USASpending.gov federal contract obligations,https://api.usaspending.gov/api/v2/search/spending_over_time/,2026-09-12,"3/4 quarters, obligations $0 / revenue $17321000000"
AMD,2024,0.0001,SEC XBRL quarterly revenue + USASpending.gov federal contract obligations,https://api.usaspending.gov/api/v2/search/spending_over_time/,2026-09-12,"4/4 quarters, obligations $1398130 / revenue $25785000000"
AMD,2025,0.0,SEC XBRL quarterly revenue + USASpending.gov federal contract obligations,https://api.usaspending.gov/api/v2/search/spending_over_time/,2026-09-12,"4/4 quarters, obligations $0 / revenue $34639000000"
AME,2018,0.0,SEC XBRL quarterly revenue + USASpending.gov federal contract obligations,https://api.usaspending.gov/api/v2/search/spending_over_time/,2026-09-12,"4/4 quarters, obligations $0 / revenue $4845872000"
AME,2019,0.0,SEC XBRL quarterly revenue + USASpending.gov federal contract obligations,https://api.usaspending.gov/api/v2/search/spending_over_time/,2026-09-12,"4/4 quarters, obligations $0 / revenue $5158557000"
AME,2020,0.0,SEC XBRL quarterly revenue + USASpending.gov federal contract obligations,https://api.usaspending.gov/api/v2/search/spending_over_time/,2026-09-12,"4/4 quarters, obligations $0 / revenue $4540029000"
AME,2021,0.0,SEC XBRL quarterly revenue + USASpending.gov federal contract obligations,https://api.usaspending.gov/api/v2/search/spending_over_time/,2026-09-12,"4/4 quarters, obligations $0 / revenue $5546514000"
AME,2022,0.0,SEC XBRL quarterly revenue + USASpending.gov federal contract obligations,https://api.usaspending.gov/api/v2/search/spending_over_time/,2026-09-12,"4/4 quarters, obligations $0 / revenue $6150530000"
AME,2023,0.0,SEC XBRL quarterly revenue + USASpending.gov federal contract obligations,https://api.usaspending.gov/api/v2/search/spending_over_time/,2026-09-12,"4/4 quarters, obligations $0 / revenue $6596950000"
AME,2024,0.0,SEC XBRL quarterly revenue + USASpending.gov federal contract obligations,https://api.usaspending.gov/api/v2/search/spending_over_time/,2026-09-12,"4/4 quarters, obligations $0 / revenue $6941180000"
AME,2025,0.0,SEC XBRL quarterly revenue + USASpending.gov federal contract obligations,https://api.usaspending.gov/api/v2/search/spending_over_time/,2026-09-12,"4/4 quarters, obligations $0 / revenue $7401116000"
AMGN,2018,0.0065,SEC XBRL quarterly revenue + USASpending.gov federal contract obligations,https://api.usaspending.gov/api/v2/search/spending_over_time/,2026-09-12,"4/4 quarters, obligations $154922474 / revenue $23747000000"
AMGN,2019,0.0009,SEC XBRL quarterly revenue + USASpending.gov federal contract obligations,https://api.usaspending.gov/api/v2/search/spending_over_time/,2026-09-12,"4/4 quarters, obligations $21463543 / revenue $23362000000"
AMGN,2020,0.0,SEC XBRL quarterly revenue + USASpending.gov federal contract obligations,https://api.usaspending.gov/api/v2/search/spending_over_time/,2026-09-12,"4/4 quarters, obligations $0 / revenue $25424000000"
AMGN,2021,0.0,SEC XBRL quarterly revenue + USASpending.gov federal contract obligations,https://api.usaspending.gov/api/v2/search/spending_over_time/,2026-09-12,"4/4 quarters, obligations $151137 / revenue $25979000000"
AMGN,2022,0.0111,SEC XBRL quarterly revenue + USASpending.gov federal contract obligations,https://api.usaspending.gov/api/v2/search/spending_over_time/,2026-09-12,"4/4 quarters, obligations $292743710 / revenue $26323000000"
AMGN,2023,0.0075,SEC XBRL quarterly revenue + USASpending.gov federal contract obligations,https://api.usaspending.gov/api/v2/search/spending_over_time/,2026-09-12,"4/4 quarters, obligations $212394027 / revenue $28190000000"
AMGN,2024,0.0039,SEC XBRL quarterly revenue + USASpending.gov federal contract obligations,https://api.usaspending.gov/api/v2/search/spending_over_time/,2026-09-12,"4/4 quarters, obligations $129787162 / revenue $33424000000"
AMGN,2025,0.0025,SEC XBRL quarterly revenue + USASpending.gov federal contract obligations,https://api.usaspending.gov/api/v2/search/spending_over_time/,2026-09-12,"4/4 quarters, obligations $92209224 / revenue $36751000000"
AMP,2018,0.0,SEC XBRL quarterly revenue + USASpending.gov federal contract obligations,https://api.usaspending.gov/api/v2/search/spending_over_time/,2026-09-12,"4/4 quarters, obligations $0 / revenue $12924000000"
AMP,2019,0.0,SEC XBRL quarterly revenue + USASpending.gov federal contract obligations,https://api.usaspending.gov/api/v2/search/spending_over_time/,2026-09-12,"4/4 quarters, obligations $0 / revenue $13103000000"
AMP,2020,0.0,SEC XBRL quarterly revenue + USASpending.gov federal contract obligations,https://api.usaspending.gov/api/v2/search/spending_over_time/,2026-09-12,"4/4 quarters, obligations $0 / revenue $11958000000"
AMP,2021,0.0,SEC XBRL quarterly revenue + USASpending.gov federal contract obligations,https://api.usaspending.gov/api/v2/search/spending_over_time/,2026-09-12,"4/4 quarters, obligations $0 / revenue $13389000000"
AMP,2022,0.0,SEC XBRL quarterly revenue + USASpending.gov federal contract obligations,https://api.usaspending.gov/api/v2/search/spending_over_time/,2026-09-12,"4/4 quarters, obligations $0 / revenue $14334000000"
AMP,2023,0.0,SEC XBRL quarterly revenue + USASpending.gov federal contract obligations,https://api.usaspending.gov/api/v2/search/spending_over_time/,2026-09-12,"4/4 quarters, obligations $0 / revenue $16096000000"
AMP,2024,0.0,SEC XBRL quarterly revenue + USASpending.gov federal contract obligations,https://api.usaspending.gov/api/v2/search/spending_over_time/,2026-09-12,"4/4 quarters, obligations $0 / revenue $17926000000"
AMP,2025,0.0,SEC XBRL quarterly revenue + USASpending.gov federal contract obligations,https://api.usaspending.gov/api/v2/search/spending_over_time/,2026-09-12,"4/4 quarters, obligations $0 / revenue $18911000000"
AMT,2018,0.0003,SEC XBRL quarterly revenue + USASpending.gov federal contract obligations,https://api.usaspending.gov/api/v2/search/spending_over_time/,2026-09-12,"4/4 quarters, obligations $2478464 / revenue $7440100000"
AMT,2019,0.0009,SEC XBRL quarterly revenue + USASpending.gov federal contract obligations,https://api.usaspending.gov/api/v2/search/spending_over_time/,2026-09-12,"4/4 quarters, obligations $2139224 / revenue $2326500000"
AMT,2020,0.0041,SEC XBRL quarterly revenue + USASpending.gov federal contract obligations,https://api.usaspending.gov/api/v2/search/spending_over_time/,2026-09-12,"4/4 quarters, obligations $2033514 / revenue $495700000"
AMT,2021,0.0037,SEC XBRL quarterly revenue + USASpending.gov federal contract obligations,https://api.usaspending.gov/api/v2/search/spending_over_time/,2026-09-12,"4/4 quarters, obligations $2645167 / revenue $717200000"
AMT,2022,0.0025,SEC XBRL quarterly revenue + USASpending.gov federal contract obligations,https://api.usaspending.gov/api/v2/search/spending_over_time/,2026-09-12,"4/4 quarters, obligations $2120561 / revenue $840700000"
AMT,2023,0.0002,SEC XBRL quarterly revenue + USASpending.gov federal contract obligations,https://api.usaspending.gov/api/v2/search/spending_over_time/,2026-09-12,"4/4 quarters, obligations $1654597 / revenue $10012200000"
AMT,2024,0.0005,SEC XBRL quarterly revenue + USASpending.gov federal contract obligations,https://api.usaspending.gov/api/v2/search/spending_over_time/,2026-09-12,"4/4 quarters, obligations $1706533 / revenue $3107400000"
AMT,2025,0.001,SEC XBRL quarterly revenue + USASpending.gov federal contract obligations,https://api.usaspending.gov/api/v2/search/spending_over_time/,2026-09-12,"4/4 quarters, obligations $966624 / revenue $935900000"
AMZN,2018,0.0,SEC XBRL quarterly revenue + USASpending.gov federal contract obligations,https://api.usaspending.gov/api/v2/search/spending_over_time/,2026-09-12,"4/4 quarters, obligations $0 / revenue $232887000000"
AMZN,2019,0.0,SEC XBRL quarterly revenue + USASpending.gov federal contract obligations,https://api.usaspending.gov/api/v2/search/spending_over_time/,2026-09-12,"4/4 quarters, obligations $0 / revenue $280522000000"
AMZN,2020,0.0,SEC XBRL quarterly revenue + USASpending.gov federal contract obligations,https://api.usaspending.gov/api/v2/search/spending_over_time/,2026-09-12,"4/4 quarters, obligations $0 / revenue $386064000000"
AMZN,2021,0.0,SEC XBRL quarterly revenue + USASpending.gov federal contract obligations,https://api.usaspending.gov/api/v2/search/spending_over_time/,2026-09-12,"4/4 quarters, obligations $0 / revenue $469822000000"
AMZN,2022,0.0,SEC XBRL quarterly revenue + USASpending.gov federal contract obligations,https://api.usaspending.gov/api/v2/search/spending_over_time/,2026-09-12,"4/4 quarters, obligations $0 / revenue $513983000000"
AMZN,2023,0.0,SEC XBRL quarterly revenue + USASpending.gov federal contract obligations,https://api.usaspending.gov/api/v2/search/spending_over_time/,2026-09-12,"4/4 quarters, obligations $0 / revenue $574785000000"
AMZN,2024,0.0,SEC XBRL quarterly revenue + USASpending.gov federal contract obligations,https://api.usaspending.gov/api/v2/search/spending_over_time/,2026-09-12,"4/4 quarters, obligations $0 / revenue $637959000000"
AMZN,2025,0.0,SEC XBRL quarterly revenue + USASpending.gov federal contract obligations,https://api.usaspending.gov/api/v2/search/spending_over_time/,2026-09-12,"4/4 quarters, obligations $0 / revenue $716924000000"
ANET,2018,0.0,SEC XBRL quarterly revenue + USASpending.gov federal contract obligations,https://api.usaspending.gov/api/v2/search/spending_over_time/,2026-09-12,"4/4 quarters, obligations $5220 / revenue $2151369000"
ANET,2019,0.0,SEC XBRL quarterly revenue + USASpending.gov federal contract obligations,https://api.usaspending.gov/api/v2/search/spending_over_time/,2026-09-12,"4/4 quarters, obligations $0 / revenue $2410706000"
ANET,2020,0.0,SEC XBRL quarterly revenue + USASpending.gov federal contract obligations,https://api.usaspending.gov/api/v2/search/spending_over_time/,2026-09-12,"4/4 quarters, obligations $0 / revenue $2317512000"
ANET,2021,0.0,SEC XBRL quarterly revenue + USASpending.gov federal contract obligations,https://api.usaspending.gov/api/v2/search/spending_over_time/,2026-09-12,"4/4 quarters, obligations $0 / revenue $2948037000"
ANET,2022,0.0,SEC XBRL quarterly revenue + USASpending.gov federal contract obligations,https://api.usaspending.gov/api/v2/search/spending_over_time/,2026-09-12,"4/4 quarters, obligations $0 / revenue $4381310000"
ANET,2023,0.0,SEC XBRL quarterly revenue + USASpending.gov federal contract obligations,https://api.usaspending.gov/api/v2/search/spending_over_time/,2026-09-12,"4/4 quarters, obligations $0 / revenue $5860200000"
ANET,2024,0.0,SEC XBRL quarterly revenue + USASpending.gov federal contract obligations,https://api.usaspending.gov/api/v2/search/spending_over_time/,2026-09-12,"4/4 quarters, obligations $0 / revenue $7003100000"
ANET,2025,0.0,SEC XBRL quarterly revenue + USASpending.gov federal contract obligations,https://api.usaspending.gov/api/v2/search/spending_over_time/,2026-09-12,"4/4 quarters, obligations $0 / revenue $9005700000"
AON,2018,0.001,SEC XBRL quarterly revenue + USASpending.gov federal contract obligations,https://api.usaspending.gov/api/v2/search/spending_over_time/,2026-09-12,"4/4 quarters, obligations $10717998 / revenue $10770000000"
AON,2019,0.0009,SEC XBRL quarterly revenue + USASpending.gov federal contract obligations,https://api.usaspending.gov/api/v2/search/spending_over_time/,2026-09-12,"4/4 quarters, obligations $9873337 / revenue $11013000000"
AON,2020,0.0011,SEC XBRL quarterly revenue + USASpending.gov federal contract obligations,https://api.usaspending.gov/api/v2/search/spending_over_time/,2026-09-12,"4/4 quarters, obligations $12281364 / revenue $11066000000"
AON,2021,0.001,SEC XBRL quarterly revenue + USASpending.gov federal contract obligations,https://api.usaspending.gov/api/v2/search/spending_over_time/,2026-09-12,"4/4 quarters, obligations $12786632 / revenue $12193000000"
AON,2022,0.0012,SEC XBRL quarterly revenue + USASpending.gov federal contract obligations,https://api.usaspending.gov/api/v2/search/spending_over_time/,2026-09-12,"4/4 quarters, obligations $14481705 / revenue $12479000000"
AON,2023,0.0013,SEC XBRL quarterly revenue + USASpending.gov federal contract obligations,https://api.usaspending.gov/api/v2/search/spending_over_time/,2026-09-12,"4/4 quarters, obligations $17207572 / revenue $13376000000"
AON,2024,0.001,SEC XBRL quarterly revenue + USASpending.gov federal contract obligations,https://api.usaspending.gov/api/v2/search/spending_over_time/,2026-09-12,"4/4 quarters, obligations $16124441 / revenue $15698000000"
AON,2025,0.0009,SEC XBRL quarterly revenue + USASpending.gov federal contract obligations,https://api.usaspending.gov/api/v2/search/spending_over_time/,2026-09-12,"4/4 quarters, obligations $15681072 / revenue $17181000000"
AOS,2018,0.0,SEC XBRL quarterly revenue + USASpending.gov federal contract obligations,https://api.usaspending.gov/api/v2/search/spending_over_time/,2026-09-12,"4/4 quarters, obligations $0 / revenue $3187900000"
AOS,2019,0.0,SEC XBRL quarterly revenue + USASpending.gov federal contract obligations,https://api.usaspending.gov/api/v2/search/spending_over_time/,2026-09-12,"4/4 quarters, obligations $0 / revenue $2992700000"
AOS,2020,0.0,SEC XBRL quarterly revenue + USASpending.gov federal contract obligations,https://api.usaspending.gov/api/v2/search/spending_over_time/,2026-09-12,"4/4 quarters, obligations $0 / revenue $2895300000"
AOS,2021,0.0,SEC XBRL quarterly revenue + USASpending.gov federal contract obligations,https://api.usaspending.gov/api/v2/search/spending_over_time/,2026-09-12,"4/4 quarters, obligations $0 / revenue $3538900000"
AOS,2022,0.0,SEC XBRL quarterly revenue + USASpending.gov federal contract obligations,https://api.usaspending.gov/api/v2/search/spending_over_time/,2026-09-12,"4/4 quarters, obligations $0 / revenue $3753900000"
AOS,2023,0.0,SEC XBRL quarterly revenue + USASpending.gov federal contract obligations,https://api.usaspending.gov/api/v2/search/spending_over_time/,2026-09-12,"4/4 quarters, obligations $0 / revenue $3852800000"
AOS,2024,0.0,SEC XBRL quarterly revenue + USASpending.gov federal contract obligations,https://api.usaspending.gov/api/v2/search/spending_over_time/,2026-09-12,"4/4 quarters, obligations $0 / revenue $3818100000"
AOS,2025,0.0,SEC XBRL quarterly revenue + USASpending.gov federal contract obligations,https://api.usaspending.gov/api/v2/search/spending_over_time/,2026-09-12,"4/4 quarters, obligations $0 / revenue $3830200000"
APD,2018,0.0,SEC XBRL quarterly revenue + USASpending.gov federal contract obligations,https://api.usaspending.gov/api/v2/search/spending_over_time/,2026-09-12,"4/4 quarters, obligations $0 / revenue $8937600000"
APD,2019,0.0,SEC XBRL quarterly revenue + USASpending.gov federal contract obligations,https://api.usaspending.gov/api/v2/search/spending_over_time/,2026-09-12,"4/4 quarters, obligations $0 / revenue $8949600000"
APD,2020,0.0,SEC XBRL quarterly revenue + USASpending.gov federal contract obligations,https://api.usaspending.gov/api/v2/search/spending_over_time/,2026-09-12,"4/4 quarters, obligations $0 / revenue $8976800000"
APD,2021,0.0,SEC XBRL quarterly revenue + USASpending.gov federal contract obligations,https://api.usaspending.gov/api/v2/search/spending_over_time/,2026-09-12,"4/4 quarters, obligations $0 / revenue $10942000000"
APD,2022,0.0,SEC XBRL quarterly revenue + USASpending.gov federal contract obligations,https://api.usaspending.gov/api/v2/search/spending_over_time/,2026-09-12,"4/4 quarters, obligations $0 / revenue $12879100000"
APD,2023,0.0,SEC XBRL quarterly revenue + USASpending.gov federal contract obligations,https://api.usaspending.gov/api/v2/search/spending_over_time/,2026-09-12,"4/4 quarters, obligations $0 / revenue $12422700000"
APD,2024,0.0,SEC XBRL quarterly revenue + USASpending.gov federal contract obligations,https://api.usaspending.gov/api/v2/search/spending_over_time/,2026-09-12,"4/4 quarters, obligations $0 / revenue $12034700000"
APD,2025,0.0,SEC XBRL quarterly revenue + USASpending.gov federal contract obligations,https://api.usaspending.gov/api/v2/search/spending_over_time/,2026-09-12,"4/4 quarters, obligations $0 / revenue $12208300000"
APH,2018,0.0015,SEC XBRL quarterly revenue + USASpending.gov federal contract obligations,https://api.usaspending.gov/api/v2/search/spending_over_time/,2026-09-12,"4/4 quarters, obligations $12280644 / revenue $8202000000"
APH,2019,0.001,SEC XBRL quarterly revenue + USASpending.gov federal contract obligations,https://api.usaspending.gov/api/v2/search/spending_over_time/,2026-09-12,"4/4 quarters, obligations $7895336 / revenue $8225400000"
APH,2020,0.0005,SEC XBRL quarterly revenue + USASpending.gov federal contract obligations,https://api.usaspending.gov/api/v2/search/spending_over_time/,2026-09-12,"4/4 quarters, obligations $4589750 / revenue $8598900000"
APH,2021,0.0007,SEC XBRL quarterly revenue + USASpending.gov federal contract obligations,https://api.usaspending.gov/api/v2/search/spending_over_time/,2026-09-12,"4/4 quarters, obligations $7917489 / revenue $10876300000"
APH,2022,0.0005,SEC XBRL quarterly revenue + USASpending.gov federal contract obligations,https://api.usaspending.gov/api/v2/search/spending_over_time/,2026-09-12,"4/4 quarters, obligations $6585816 / revenue $12623000000"
APH,2023,0.0006,SEC XBRL quarterly revenue + USASpending.gov federal contract obligations,https://api.usaspending.gov/api/v2/search/spending_over_time/,2026-09-12,"4/4 quarters, obligations $7303659 / revenue $12554700000"
APH,2024,0.0001,SEC XBRL quarterly revenue + USASpending.gov federal contract obligations,https://api.usaspending.gov/api/v2/search/spending_over_time/,2026-09-12,"4/4 quarters, obligations $1693585 / revenue $15222700000"
APH,2025,0.0001,SEC XBRL quarterly revenue + USASpending.gov federal contract obligations,https://api.usaspending.gov/api/v2/search/spending_over_time/,2026-09-12,"4/4 quarters, obligations $2438242 / revenue $23094700000"
APO,2021,0.0,SEC XBRL quarterly revenue + USASpending.gov federal contract obligations,https://api.usaspending.gov/api/v2/search/spending_over_time/,2026-09-12,"4/4 quarters, obligations $0 / revenue $5951000000"
APO,2022,0.0,SEC XBRL quarterly revenue + USASpending.gov federal contract obligations,https://api.usaspending.gov/api/v2/search/spending_over_time/,2026-09-12,"4/4 quarters, obligations $0 / revenue $10968000000"
APO,2023,0.0,SEC XBRL quarterly revenue + USASpending.gov federal contract obligations,https://api.usaspending.gov/api/v2/search/spending_over_time/,2026-09-12,"4/4 quarters, obligations $0 / revenue $32644000000"
APO,2024,0.0,SEC XBRL quarterly revenue + USASpending.gov federal contract obligations,https://api.usaspending.gov/api/v2/search/spending_over_time/,2026-09-12,"4/4 quarters, obligations $0 / revenue $26114000000"
APO,2025,0.0,SEC XBRL quarterly revenue + USASpending.gov federal contract obligations,https://api.usaspending.gov/api/v2/search/spending_over_time/,2026-09-12,"4/4 quarters, obligations $0 / revenue $32049000000"
APP,2020,0.0,SEC XBRL quarterly revenue + USASpending.gov federal contract obligations,https://api.usaspending.gov/api/v2/search/spending_over_time/,2026-09-12,"4/4 quarters, obligations $0 / revenue $1451086000"
APP,2021,0.0,SEC XBRL quarterly revenue + USASpending.gov federal contract obligations,https://api.usaspending.gov/api/v2/search/spending_over_time/,2026-09-12,"4/4 quarters, obligations $0 / revenue $2793104000"
APP,2022,0.0,SEC XBRL quarterly revenue + USASpending.gov federal contract obligations,https://api.usaspending.gov/api/v2/search/spending_over_time/,2026-09-12,"4/4 quarters, obligations $0 / revenue $2817058000"
APP,2023,0.0,SEC XBRL quarterly revenue + USASpending.gov federal contract obligations,https://api.usaspending.gov/api/v2/search/spending_over_time/,2026-09-12,"4/4 quarters, obligations $0 / revenue $1841762000"
APP,2024,0.0,SEC XBRL quarterly revenue + USASpending.gov federal contract obligations,https://api.usaspending.gov/api/v2/search/spending_over_time/,2026-09-12,"4/4 quarters, obligations $0 / revenue $3224058000"
APP,2025,0.0,SEC XBRL quarterly revenue + USASpending.gov federal contract obligations,https://api.usaspending.gov/api/v2/search/spending_over_time/,2026-09-12,"4/4 quarters, obligations $0 / revenue $5480717000"
APTV,2018,0.0074,SEC XBRL quarterly revenue + USASpending.gov federal contract obligations,https://api.usaspending.gov/api/v2/search/spending_over_time/,2026-09-12,"4/4 quarters, obligations $106724926 / revenue $14435000000"
APTV,2019,0.0093,SEC XBRL quarterly revenue + USASpending.gov federal contract obligations,https://api.usaspending.gov/api/v2/search/spending_over_time/,2026-09-12,"4/4 quarters, obligations $134078006 / revenue $14357000000"
APTV,2020,0.0138,SEC XBRL quarterly revenue + USASpending.gov federal contract obligations,https://api.usaspending.gov/api/v2/search/spending_over_time/,2026-09-12,"4/4 quarters, obligations $179951563 / revenue $13066000000"
APTV,2021,0.0085,SEC XBRL quarterly revenue + USASpending.gov federal contract obligations,https://api.usaspending.gov/api/v2/search/spending_over_time/,2026-09-12,"4/4 quarters, obligations $133520238 / revenue $15618000000"
APTV,2022,0.0092,SEC XBRL quarterly revenue + USASpending.gov federal contract obligations,https://api.usaspending.gov/api/v2/search/spending_over_time/,2026-09-12,"4/4 quarters, obligations $160464445 / revenue $17489000000"
APTV,2023,0.011,SEC XBRL quarterly revenue + USASpending.gov federal contract obligations,https://api.usaspending.gov/api/v2/search/spending_over_time/,2026-09-12,"4/4 quarters, obligations $219616899 / revenue $20051000000"
APTV,2024,0.01,SEC XBRL quarterly revenue + USASpending.gov federal contract obligations,https://api.usaspending.gov/api/v2/search/spending_over_time/,2026-09-12,"4/4 quarters, obligations $196296867 / revenue $19713000000"
APTV,2025,0.0047,SEC XBRL quarterly revenue + USASpending.gov federal contract obligations,https://api.usaspending.gov/api/v2/search/spending_over_time/,2026-09-12,"4/4 quarters, obligations $86061207 / revenue $18389000000"
ARE,2018,0.0,SEC XBRL quarterly revenue + USASpending.gov federal contract obligations,https://api.usaspending.gov/api/v2/search/spending_over_time/,2026-09-12,"4/4 quarters, obligations $0 / revenue $1327459000"
ARE,2019,0.0,SEC XBRL quarterly revenue + USASpending.gov federal contract obligations,https://api.usaspending.gov/api/v2/search/spending_over_time/,2026-09-12,"4/4 quarters, obligations $0 / revenue $1531296000"
ARE,2020,0.0,SEC XBRL quarterly revenue + USASpending.gov federal contract obligations,https://api.usaspending.gov/api/v2/search/spending_over_time/,2026-09-12,"4/4 quarters, obligations $0 / revenue $1885637000"
ARE,2021,0.0005,SEC XBRL quarterly revenue + USASpending.gov federal contract obligations,https://api.usaspending.gov/api/v2/search/spending_over_time/,2026-09-12,"4/4 quarters, obligations $1023144 / revenue $2114150000"
ARE,2022,0.0,SEC XBRL quarterly revenue + USASpending.gov federal contract obligations,https://api.usaspending.gov/api/v2/search/spending_over_time/,2026-09-12,"4/4 quarters, obligations $0 / revenue $2588962000"
ARE,2023,0.0,SEC XBRL quarterly revenue + USASpending.gov federal contract obligations,https://api.usaspending.gov/api/v2/search/spending_over_time/,2026-09-12,"4/4 quarters, obligations $0 / revenue $2885699000"
ARE,2024,0.0,SEC XBRL quarterly revenue + USASpending.gov federal contract obligations,https://api.usaspending.gov/api/v2/search/spending_over_time/,2026-09-12,"4/4 quarters, obligations $0 / revenue $3116394000"
ARE,2025,0.0,SEC XBRL quarterly revenue + USASpending.gov federal contract obligations,https://api.usaspending.gov/api/v2/search/spending_over_time/,2026-09-12,"4/4 quarters, obligations $0 / revenue $3026556000"
ARES,2018,0.0,SEC XBRL quarterly revenue + USASpending.gov federal contract obligations,https://api.usaspending.gov/api/v2/search/spending_over_time/,2026-09-12,"4/4 quarters, obligations $0 / revenue $958461000"
ARES,2019,0.0,SEC XBRL quarterly revenue + USASpending.gov federal contract obligations,https://api.usaspending.gov/api/v2/search/spending_over_time/,2026-09-12,"4/4 quarters, obligations $0 / revenue $1765438000"
ARES,2020,0.0,SEC XBRL quarterly revenue + USASpending.gov federal contract obligations,https://api.usaspending.gov/api/v2/search/spending_over_time/,2026-09-12,"4/4 quarters, obligations $0 / revenue $1764046000"
ARES,2021,0.0,SEC XBRL quarterly revenue + USASpending.gov federal contract obligations,https://api.usaspending.gov/api/v2/search/spending_over_time/,2026-09-12,"4/4 quarters, obligations $0 / revenue $4212091000"
ARES,2022,0.0,SEC XBRL quarterly revenue + USASpending.gov federal contract obligations,https://api.usaspending.gov/api/v2/search/spending_over_time/,2026-09-12,"4/4 quarters, obligations $0 / revenue $3055443000"
ARES,2023,0.0,SEC XBRL quarterly revenue + USASpending.gov federal contract obligations,https://api.usaspending.gov/api/v2/search/spending_over_time/,2026-09-12,"4/4 quarters, obligations $0 / revenue $3631884000"
ARES,2024,0.0,SEC XBRL quarterly revenue + USASpending.gov federal contract obligations,https://api.usaspending.gov/api/v2/search/spending_over_time/,2026-09-12,"4/4 quarters, obligations $0 / revenue $3884781000"
ARES,2025,0.0,SEC XBRL quarterly revenue + USASpending.gov federal contract obligations,https://api.usaspending.gov/api/v2/search/spending_over_time/,2026-09-12,"4/4 quarters, obligations $0 / revenue $5601482000"
ATO,2018,0.0012,SEC XBRL quarterly revenue + USASpending.gov federal contract obligations,https://api.usaspending.gov/api/v2/search/spending_over_time/,2026-09-12,"4/4 quarters, obligations $3870033 / revenue $3104136000"
ATO,2019,0.002,SEC XBRL quarterly revenue + USASpending.gov federal contract obligations,https://api.usaspending.gov/api/v2/search/spending_over_time/,2026-09-12,"4/4 quarters, obligations $5712399 / revenue $2899629000"
ATO,2020,0.0004,SEC XBRL quarterly revenue + USASpending.gov federal contract obligations,https://api.usaspending.gov/api/v2/search/spending_over_time/,2026-09-12,"4/4 quarters, obligations $1023135 / revenue $2860054000"
ATO,2021,0.0,SEC XBRL quarterly revenue + USASpending.gov federal contract obligations,https://api.usaspending.gov/api/v2/search/spending_over_time/,2026-09-12,"4/4 quarters, obligations $66718 / revenue $3505796000"
ATO,2022,0.001,SEC XBRL quarterly revenue + USASpending.gov federal contract obligations,https://api.usaspending.gov/api/v2/search/spending_over_time/,2026-09-12,"4/4 quarters, obligations $4554432 / revenue $4672885000"
ATO,2023,0.0005,SEC XBRL quarterly revenue + USASpending.gov federal contract obligations,https://api.usaspending.gov/api/v2/search/spending_over_time/,2026-09-12,"4/4 quarters, obligations $1815502 / revenue $3949815000"
ATO,2024,0.0003,SEC XBRL quarterly revenue + USASpending.gov federal contract obligations,https://api.usaspending.gov/api/v2/search/spending_over_time/,2026-09-12,"4/4 quarters, obligations $1406581 / revenue $4182719000"
ATO,2025,0.0004,SEC XBRL quarterly revenue + USASpending.gov federal contract obligations,https://api.usaspending.gov/api/v2/search/spending_over_time/,2026-09-12,"4/4 quarters, obligations $1903094 / revenue $4869341000"
AVGO,2018,0.0,SEC XBRL quarterly revenue + USASpending.gov federal contract obligations,https://api.usaspending.gov/api/v2/search/spending_over_time/,2026-09-12,"4/4 quarters, obligations $0 / revenue $20848000000"
AVGO,2019,0.0,SEC XBRL quarterly revenue + USASpending.gov federal contract obligations,https://api.usaspending.gov/api/v2/search/spending_over_time/,2026-09-12,"4/4 quarters, obligations $0 / revenue $22597000000"
AVGO,2020,0.0,SEC XBRL quarterly revenue + USASpending.gov federal contract obligations,https://api.usaspending.gov/api/v2/search/spending_over_time/,2026-09-12,"4/4 quarters, obligations $0 / revenue $23888000000"
AVGO,2021,0.0,SEC XBRL quarterly revenue + USASpending.gov federal contract obligations,https://api.usaspending.gov/api/v2/search/spending_over_time/,2026-09-12,"4/4 quarters, obligations $0 / revenue $27450000000"
AVGO,2022,0.0,SEC XBRL quarterly revenue + USASpending.gov federal contract obligations,https://api.usaspending.gov/api/v2/search/spending_over_time/,2026-09-12,"4/4 quarters, obligations $0 / revenue $33203000000"
AVGO,2023,0.0,SEC XBRL quarterly revenue + USASpending.gov federal contract obligations,https://api.usaspending.gov/api/v2/search/spending_over_time/,2026-09-12,"4/4 quarters, obligations $0 / revenue $35819000000"
AVGO,2024,0.0017,SEC XBRL quarterly revenue + USASpending.gov federal contract obligations,https://api.usaspending.gov/api/v2/search/spending_over_time/,2026-09-12,"4/4 quarters, obligations $86873889 / revenue $51574000000"
AVGO,2025,0.0011,SEC XBRL quarterly revenue + USASpending.gov federal contract obligations,https://api.usaspending.gov/api/v2/search/spending_over_time/,2026-09-12,"4/4 quarters, obligations $71628211 / revenue $63887000000"
AVY,2018,0.0,SEC XBRL quarterly revenue + USASpending.gov federal contract obligations,https://api.usaspending.gov/api/v2/search/spending_over_time/,2026-09-12,"4/4 quarters, obligations $88729 / revenue $7159000000"
AVY,2019,0.0,SEC XBRL quarterly revenue + USASpending.gov federal contract obligations,https://api.usaspending.gov/api/v2/search/spending_over_time/,2026-09-12,"4/4 quarters, obligations $59433 / revenue $7070100000"
AVY,2020,0.0,SEC XBRL quarterly revenue + USASpending.gov federal contract obligations,https://api.usaspending.gov/api/v2/search/spending_over_time/,2026-09-12,"3/4 quarters, obligations $29907 / revenue $4980600000"
AVY,2021,0.0,SEC XBRL quarterly revenue + USASpending.gov federal contract obligations,https://api.usaspending.gov/api/v2/search/spending_over_time/,2026-09-12,"4/4 quarters, obligations $40101 / revenue $8216000000"
AVY,2022,0.0,SEC XBRL quarterly revenue + USASpending.gov federal contract obligations,https://api.usaspending.gov/api/v2/search/spending_over_time/,2026-09-12,"4/4 quarters, obligations $23270 / revenue $8905400000"
AVY,2023,0.0,SEC XBRL quarterly revenue + USASpending.gov federal contract obligations,https://api.usaspending.gov/api/v2/search/spending_over_time/,2026-09-12,"3/4 quarters, obligations $4362 / revenue $6273800000"
AVY,2024,0.0,SEC XBRL quarterly revenue + USASpending.gov federal contract obligations,https://api.usaspending.gov/api/v2/search/spending_over_time/,2026-09-12,"4/4 quarters, obligations $20065 / revenue $8755700000"
AVY,2025,0.0,SEC XBRL quarterly revenue + USASpending.gov federal contract obligations,https://api.usaspending.gov/api/v2/search/spending_over_time/,2026-09-12,"4/4 quarters, obligations $15525 / revenue $8855500000"
AWK,2018,0.0304,SEC XBRL quarterly revenue + USASpending.gov federal contract obligations,https://api.usaspending.gov/api/v2/search/spending_over_time/,2026-09-12,"4/4 quarters, obligations $103900770 / revenue $3417000000"
AWK,2019,0.0403,SEC XBRL quarterly revenue + USASpending.gov federal contract obligations,https://api.usaspending.gov/api/v2/search/spending_over_time/,2026-09-12,"4/4 quarters, obligations $144497617 / revenue $3587000000"
AWK,2020,0.0613,SEC XBRL quarterly revenue + USASpending.gov federal contract obligations,https://api.usaspending.gov/api/v2/search/spending_over_time/,2026-09-12,"4/4 quarters, obligations $229581530 / revenue $3743000000"
AWK,2021,0.0426,SEC XBRL quarterly revenue + USASpending.gov federal contract obligations,https://api.usaspending.gov/api/v2/search/spending_over_time/,2026-09-12,"4/4 quarters, obligations $166702786 / revenue $3914000000"
AWK,2022,0.0574,SEC XBRL quarterly revenue + USASpending.gov federal contract obligations,https://api.usaspending.gov/api/v2/search/spending_over_time/,2026-09-12,"4/4 quarters, obligations $216112061 / revenue $3763000000"
AWK,2023,0.0498,SEC XBRL quarterly revenue + USASpending.gov federal contract obligations,https://api.usaspending.gov/api/v2/search/spending_over_time/,2026-09-12,"4/4 quarters, obligations $210169478 / revenue $4217000000"
AWK,2024,0.0533,SEC XBRL quarterly revenue + USASpending.gov federal contract obligations,https://api.usaspending.gov/api/v2/search/spending_over_time/,2026-09-12,"4/4 quarters, obligations $247875953 / revenue $4653000000"
AWK,2025,0.0436,SEC XBRL quarterly revenue + USASpending.gov federal contract obligations,https://api.usaspending.gov/api/v2/search/spending_over_time/,2026-09-12,"4/4 quarters, obligations $223072235 / revenue $5121000000"
AXON,2018,0.0,SEC XBRL quarterly revenue + USASpending.gov federal contract obligations,https://api.usaspending.gov/api/v2/search/spending_over_time/,2026-09-12,"4/4 quarters, obligations $0 / revenue $420068000"
AXON,2019,0.0,SEC XBRL quarterly revenue + USASpending.gov federal contract obligations,https://api.usaspending.gov/api/v2/search/spending_over_time/,2026-09-12,"4/4 quarters, obligations $0 / revenue $530860000"
AXON,2020,0.0019,SEC XBRL quarterly revenue + USASpending.gov federal contract obligations,https://api.usaspending.gov/api/v2/search/spending_over_time/,2026-09-12,"4/4 quarters, obligations $1304980 / revenue $681003000"
AXON,2021,0.0236,SEC XBRL quarterly revenue + USASpending.gov federal contract obligations,https://api.usaspending.gov/api/v2/search/spending_over_time/,2026-09-12,"4/4 quarters, obligations $20386262 / revenue $865638000"
AXON,2022,0.0338,SEC XBRL quarterly revenue + USASpending.gov federal contract obligations,https://api.usaspending.gov/api/v2/search/spending_over_time/,2026-09-12,"4/4 quarters, obligations $40180819 / revenue $1187143000"
AXON,2023,0.0676,SEC XBRL quarterly revenue + USASpending.gov federal contract obligations,https://api.usaspending.gov/api/v2/search/spending_over_time/,2026-09-12,"4/4 quarters, obligations $105435107 / revenue $1560699000"
AXON,2024,0.0556,SEC XBRL quarterly revenue + USASpending.gov federal contract obligations,https://api.usaspending.gov/api/v2/search/spending_over_time/,2026-09-12,"4/4 quarters, obligations $115761314 / revenue $2082526000"
AXON,2025,0.0216,SEC XBRL quarterly revenue + USASpending.gov federal contract obligations,https://api.usaspending.gov/api/v2/search/spending_over_time/,2026-09-12,"4/4 quarters, obligations $60041476 / revenue $2779536000"
AXP,2018,0.0001,SEC XBRL quarterly revenue + USASpending.gov federal contract obligations,https://api.usaspending.gov/api/v2/search/spending_over_time/,2026-09-12,"4/4 quarters, obligations $2014158 / revenue $26607000000"
AXP,2019,0.0001,SEC XBRL quarterly revenue + USASpending.gov federal contract obligations,https://api.usaspending.gov/api/v2/search/spending_over_time/,2026-09-12,"4/4 quarters, obligations $1937540 / revenue $28159000000"
AXP,2020,0.0001,SEC XBRL quarterly revenue + USASpending.gov federal contract obligations,https://api.usaspending.gov/api/v2/search/spending_over_time/,2026-09-12,"4/4 quarters, obligations $3041881 / revenue $21974000000"
AXP,2021,0.0001,SEC XBRL quarterly revenue + USASpending.gov federal contract obligations,https://api.usaspending.gov/api/v2/search/spending_over_time/,2026-09-12,"4/4 quarters, obligations $3798976 / revenue $27716000000"
AXP,2022,0.0001,SEC XBRL quarterly revenue + USASpending.gov federal contract obligations,https://api.usaspending.gov/api/v2/search/spending_over_time/,2026-09-12,"4/4 quarters, obligations $4469224 / revenue $34219000000"
AXP,2023,0.0001,SEC XBRL quarterly revenue + USASpending.gov federal contract obligations,https://api.usaspending.gov/api/v2/search/spending_over_time/,2026-09-12,"4/4 quarters, obligations $5560760 / revenue $37218000000"
AXP,2024,0.0001,SEC XBRL quarterly revenue + USASpending.gov federal contract obligations,https://api.usaspending.gov/api/v2/search/spending_over_time/,2026-09-12,"4/4 quarters, obligations $5558738 / revenue $38825000000"
AXP,2025,0.0001,SEC XBRL quarterly revenue + USASpending.gov federal contract obligations,https://api.usaspending.gov/api/v2/search/spending_over_time/,2026-09-12,"4/4 quarters, obligations $5914753 / revenue $41304000000"
AZO,2018,0.0,SEC XBRL quarterly revenue + USASpending.gov federal contract obligations,https://api.usaspending.gov/api/v2/search/spending_over_time/,2026-09-12,"4/4 quarters, obligations $1500 / revenue $11273679000"
AZO,2019,0.0,SEC XBRL quarterly revenue + USASpending.gov federal contract obligations,https://api.usaspending.gov/api/v2/search/spending_over_time/,2026-09-12,"4/4 quarters, obligations $4500 / revenue $12015048000"
AZO,2020,0.0,SEC XBRL quarterly revenue + USASpending.gov federal contract obligations,https://api.usaspending.gov/api/v2/search/spending_over_time/,2026-09-12,"4/4 quarters, obligations $4500 / revenue $12993190000"
AZO,2021,0.0,SEC XBRL quarterly revenue + USASpending.gov federal contract obligations,https://api.usaspending.gov/api/v2/search/spending_over_time/,2026-09-12,"4/4 quarters, obligations $6000 / revenue $15144228000"
AZO,2022,0.0,SEC XBRL quarterly revenue + USASpending.gov federal contract obligations,https://api.usaspending.gov/api/v2/search/spending_over_time/,2026-09-12,"4/4 quarters, obligations $0 / revenue $16568393000"
AZO,2023,0.0,SEC XBRL quarterly revenue + USASpending.gov federal contract obligations,https://api.usaspending.gov/api/v2/search/spending_over_time/,2026-09-12,"4/4 quarters, obligations $0 / revenue $17662419000"
AZO,2024,0.0,SEC XBRL quarterly revenue + USASpending.gov federal contract obligations,https://api.usaspending.gov/api/v2/search/spending_over_time/,2026-09-12,"4/4 quarters, obligations $0 / revenue $18579632000"
AZO,2025,0.0,SEC XBRL quarterly revenue + USASpending.gov federal contract obligations,https://api.usaspending.gov/api/v2/search/spending_over_time/,2026-09-12,"4/4 quarters, obligations $0 / revenue $19287706000"
BA,2018,0.0,SEC XBRL quarterly revenue + USASpending.gov federal contract obligations,https://api.usaspending.gov/api/v2/search/spending_over_time/,2026-09-12,"4/4 quarters, obligations $0 / revenue $101127000000"
BA,2019,0.0,SEC XBRL quarterly revenue + USASpending.gov federal contract obligations,https://api.usaspending.gov/api/v2/search/spending_over_time/,2026-09-12,"4/4 quarters, obligations $0 / revenue $76559000000"
BA,2020,0.1333,SEC XBRL quarterly revenue + USASpending.gov federal contract obligations,https://api.usaspending.gov/api/v2/search/spending_over_time/,2026-09-12,"4/4 quarters, obligations $7754612064 / revenue $58158000000"
BA,2021,0.3753,SEC XBRL quarterly revenue + USASpending.gov federal contract obligations,https://api.usaspending.gov/api/v2/search/spending_over_time/,2026-09-12,"4/4 quarters, obligations $23374436107 / revenue $62286000000"
BA,2022,0.2752,SEC XBRL quarterly revenue + USASpending.gov federal contract obligations,https://api.usaspending.gov/api/v2/search/spending_over_time/,2026-09-12,"4/4 quarters, obligations $18328825883 / revenue $66608000000"
BA,2023,0.3462,SEC XBRL quarterly revenue + USASpending.gov federal contract obligations,https://api.usaspending.gov/api/v2/search/spending_over_time/,2026-09-12,"4/4 quarters, obligations $26934775658 / revenue $77794000000"
BA,2024,0.3866,SEC XBRL quarterly revenue + USASpending.gov federal contract obligations,https://api.usaspending.gov/api/v2/search/spending_over_time/,2026-09-12,"4/4 quarters, obligations $25715321168 / revenue $66517000000"
BA,2025,0.1889,SEC XBRL quarterly revenue + USASpending.gov federal contract obligations,https://api.usaspending.gov/api/v2/search/spending_over_time/,2026-09-12,"4/4 quarters, obligations $16902932953 / revenue $89463000000"
BAC,2018,0.0001,SEC XBRL quarterly revenue + USASpending.gov federal contract obligations,https://api.usaspending.gov/api/v2/search/spending_over_time/,2026-09-12,"4/4 quarters, obligations $4566928 / revenue $91020000000"
BAC,2019,0.0,SEC XBRL quarterly revenue + USASpending.gov federal contract obligations,https://api.usaspending.gov/api/v2/search/spending_over_time/,2026-09-12,"4/4 quarters, obligations $4364412 / revenue $91244000000"
BAC,2020,0.0001,SEC XBRL quarterly revenue + USASpending.gov federal contract obligations,https://api.usaspending.gov/api/v2/search/spending_over_time/,2026-09-12,"4/4 quarters, obligations $5172620 / revenue $85528000000"
BAC,2021,0.0001,SEC XBRL quarterly revenue + USASpending.gov federal contract obligations,https://api.usaspending.gov/api/v2/search/spending_over_time/,2026-09-12,"4/4 quarters, obligations $4500360 / revenue $89113000000"
BAC,2022,0.0,SEC XBRL quarterly revenue + USASpending.gov federal contract obligations,https://api.usaspending.gov/api/v2/search/spending_over_time/,2026-09-12,"4/4 quarters, obligations $3902221 / revenue $94950000000"
BAC,2023,0.0,SEC XBRL quarterly revenue + USASpending.gov federal contract obligations,https://api.usaspending.gov/api/v2/search/spending_over_time/,2026-09-12,"4/4 quarters, obligations $3997119 / revenue $102769000000"
BAC,2024,0.0,SEC XBRL quarterly revenue + USASpending.gov federal contract obligations,https://api.usaspending.gov/api/v2/search/spending_over_time/,2026-09-12,"4/4 quarters, obligations $0 / revenue $105856000000"
BAC,2025,0.0,SEC XBRL quarterly revenue + USASpending.gov federal contract obligations,https://api.usaspending.gov/api/v2/search/spending_over_time/,2026-09-12,"4/4 quarters, obligations $-40866 / revenue $113097000000"
BALL,2018,0.0332,SEC XBRL quarterly revenue + USASpending.gov federal contract obligations,https://api.usaspending.gov/api/v2/search/spending_over_time/,2026-09-12,"4/4 quarters, obligations $386282582 / revenue $11635000000"
BALL,2019,0.0363,SEC XBRL quarterly revenue + USASpending.gov federal contract obligations,https://api.usaspending.gov/api/v2/search/spending_over_time/,2026-09-12,"4/4 quarters, obligations $417056616 / revenue $11474000000"
BALL,2020,0.0298,SEC XBRL quarterly revenue + USASpending.gov federal contract obligations,https://api.usaspending.gov/api/v2/search/spending_over_time/,2026-09-12,"4/4 quarters, obligations $350497516 / revenue $11781000000"
BALL,2021,0.0392,SEC XBRL quarterly revenue + USASpending.gov federal contract obligations,https://api.usaspending.gov/api/v2/search/spending_over_time/,2026-09-12,"4/4 quarters, obligations $541056710 / revenue $13811000000"
BALL,2022,0.0278,SEC XBRL quarterly revenue + USASpending.gov federal contract obligations,https://api.usaspending.gov/api/v2/search/spending_over_time/,2026-09-12,"4/4 quarters, obligations $371346655 / revenue $13372000000"
BALL,2023,0.032,SEC XBRL quarterly revenue + USASpending.gov federal contract obligations,https://api.usaspending.gov/api/v2/search/spending_over_time/,2026-09-12,"4/4 quarters, obligations $385745929 / revenue $12062000000"
BALL,2024,0.0272,SEC XBRL quarterly revenue + USASpending.gov federal contract obligations,https://api.usaspending.gov/api/v2/search/spending_over_time/,2026-09-12,"4/4 quarters, obligations $321209356 / revenue $11795000000"
BALL,2025,0.3854,SEC XBRL quarterly revenue + USASpending.gov federal contract obligations,https://api.usaspending.gov/api/v2/search/spending_over_time/,2026-09-12,"4/4 quarters, obligations $5072903069 / revenue $13161000000"
BAX,2018,0.0,SEC XBRL quarterly revenue + USASpending.gov federal contract obligations,https://api.usaspending.gov/api/v2/search/spending_over_time/,2026-09-12,"4/4 quarters, obligations $513224 / revenue $11099000000"
BAX,2019,0.0008,SEC XBRL quarterly revenue + USASpending.gov federal contract obligations,https://api.usaspending.gov/api/v2/search/spending_over_time/,2026-09-12,"4/4 quarters, obligations $8903956 / revenue $11362000000"
BAX,2020,0.0005,SEC XBRL quarterly revenue + USASpending.gov federal contract obligations,https://api.usaspending.gov/api/v2/search/spending_over_time/,2026-09-12,"4/4 quarters, obligations $6371352 / revenue $11673000000"
BAX,2021,0.0002,SEC XBRL quarterly revenue + USASpending.gov federal contract obligations,https://api.usaspending.gov/api/v2/search/spending_over_time/,2026-09-12,"4/4 quarters, obligations $1913423 / revenue $12146000000"
BAX,2022,0.0026,SEC XBRL quarterly revenue + USASpending.gov federal contract obligations,https://api.usaspending.gov/api/v2/search/spending_over_time/,2026-09-12,"4/4 quarters, obligations $37156395 / revenue $14506000000"
BAX,2023,0.0016,SEC XBRL quarterly revenue + USASpending.gov federal contract obligations,https://api.usaspending.gov/api/v2/search/spending_over_time/,2026-09-12,"4/4 quarters, obligations $16488520 / revenue $10360000000"
BAX,2024,0.0001,SEC XBRL quarterly revenue + USASpending.gov federal contract obligations,https://api.usaspending.gov/api/v2/search/spending_over_time/,2026-09-12,"4/4 quarters, obligations $805167 / revenue $10636000000"
BAX,2025,0.0,SEC XBRL quarterly revenue + USASpending.gov federal contract obligations,https://api.usaspending.gov/api/v2/search/spending_over_time/,2026-09-12,"4/4 quarters, obligations $0 / revenue $11244000000"
BBY,2018,0.0,SEC XBRL quarterly revenue + USASpending.gov federal contract obligations,https://api.usaspending.gov/api/v2/search/spending_over_time/,2026-09-12,"4/4 quarters, obligations $-3102 / revenue $43441000000"
BBY,2019,0.0,SEC XBRL quarterly revenue + USASpending.gov federal contract obligations,https://api.usaspending.gov/api/v2/search/spending_over_time/,2026-09-12,"4/4 quarters, obligations $0 / revenue $43243000000"
BBY,2020,0.0,SEC XBRL quarterly revenue + USASpending.gov federal contract obligations,https://api.usaspending.gov/api/v2/search/spending_over_time/,2026-09-12,"4/4 quarters, obligations $146319 / revenue $45521000000"
BBY,2021,0.0,SEC XBRL quarterly revenue + USASpending.gov federal contract obligations,https://api.usaspending.gov/api/v2/search/spending_over_time/,2026-09-12,"4/4 quarters, obligations $-3138 / revenue $52333000000"
BBY,2022,0.0,SEC XBRL quarterly revenue + USASpending.gov federal contract obligations,https://api.usaspending.gov/api/v2/search/spending_over_time/,2026-09-12,"4/4 quarters, obligations $10406 / revenue $47928000000"
BBY,2023,0.0,SEC XBRL quarterly revenue + USASpending.gov federal contract obligations,https://api.usaspending.gov/api/v2/search/spending_over_time/,2026-09-12,"4/4 quarters, obligations $0 / revenue $43541000000"
BBY,2024,0.0,SEC XBRL quarterly revenue + USASpending.gov federal contract obligations,https://api.usaspending.gov/api/v2/search/spending_over_time/,2026-09-12,"4/4 quarters, obligations $0 / revenue $42226000000"
BBY,2025,0.0,SEC XBRL quarterly revenue + USASpending.gov federal contract obligations,https://api.usaspending.gov/api/v2/search/spending_over_time/,2026-09-12,"4/4 quarters, obligations $0 / revenue $41825000000"
BDX,2018,0.0,SEC XBRL quarterly revenue + USASpending.gov federal contract obligations,https://api.usaspending.gov/api/v2/search/spending_over_time/,2026-09-12,"4/4 quarters, obligations $0 / revenue $17062000000"
BDX,2019,0.0,SEC XBRL quarterly revenue + USASpending.gov federal contract obligations,https://api.usaspending.gov/api/v2/search/spending_over_time/,2026-09-12,"4/4 quarters, obligations $0 / revenue $17354000000"
BDX,2020,0.0,SEC XBRL quarterly revenue + USASpending.gov federal contract obligations,https://api.usaspending.gov/api/v2/search/spending_over_time/,2026-09-12,"4/4 quarters, obligations $0 / revenue $18207000000"
BDX,2021,0.0,SEC XBRL quarterly revenue + USASpending.gov federal contract obligations,https://api.usaspending.gov/api/v2/search/spending_over_time/,2026-09-12,"4/4 quarters, obligations $0 / revenue $18534000000"
BDX,2022,0.0,SEC XBRL quarterly revenue + USASpending.gov federal contract obligations,https://api.usaspending.gov/api/v2/search/spending_over_time/,2026-09-12,"4/4 quarters, obligations $0 / revenue $18738000000"
BDX,2023,0.0,SEC XBRL quarterly revenue + USASpending.gov federal contract obligations,https://api.usaspending.gov/api/v2/search/spending_over_time/,2026-09-12,"4/4 quarters, obligations $0 / revenue $19492000000"
BDX,2024,0.0,SEC XBRL quarterly revenue + USASpending.gov federal contract obligations,https://api.usaspending.gov/api/v2/search/spending_over_time/,2026-09-12,"4/4 quarters, obligations $0 / revenue $20640000000"
BDX,2025,0.0,SEC XBRL quarterly revenue + USASpending.gov federal contract obligations,https://api.usaspending.gov/api/v2/search/spending_over_time/,2026-09-12,"4/4 quarters, obligations $0 / revenue $21924000000"
BEN,2018,0.0,SEC XBRL quarterly revenue + USASpending.gov federal contract obligations,https://api.usaspending.gov/api/v2/search/spending_over_time/,2026-09-12,"4/4 quarters, obligations $0 / revenue $6000500000"
BEN,2019,0.0,SEC XBRL quarterly revenue + USASpending.gov federal contract obligations,https://api.usaspending.gov/api/v2/search/spending_over_time/,2026-09-12,"4/4 quarters, obligations $0 / revenue $5647100000"
BEN,2020,0.0,SEC XBRL quarterly revenue + USASpending.gov federal contract obligations,https://api.usaspending.gov/api/v2/search/spending_over_time/,2026-09-12,"4/4 quarters, obligations $0 / revenue $6172400000"
BEN,2021,0.0,SEC XBRL quarterly revenue + USASpending.gov federal contract obligations,https://api.usaspending.gov/api/v2/search/spending_over_time/,2026-09-12,"4/4 quarters, obligations $0 / revenue $8654400000"
BEN,2022,0.0,SEC XBRL quarterly revenue + USASpending.gov federal contract obligations,https://api.usaspending.gov/api/v2/search/spending_over_time/,2026-09-12,"4/4 quarters, obligations $0 / revenue $8018400000"
BEN,2023,0.0,SEC XBRL quarterly revenue + USASpending.gov federal contract obligations,https://api.usaspending.gov/api/v2/search/spending_over_time/,2026-09-12,"4/4 quarters, obligations $0 / revenue $7873400000"
BEN,2024,0.0,SEC XBRL quarterly revenue + USASpending.gov federal contract obligations,https://api.usaspending.gov/api/v2/search/spending_over_time/,2026-09-12,"4/4 quarters, obligations $0 / revenue $8738500000"
BEN,2025,0.0,SEC XBRL quarterly revenue + USASpending.gov federal contract obligations,https://api.usaspending.gov/api/v2/search/spending_over_time/,2026-09-12,"4/4 quarters, obligations $0 / revenue $8846200000"
BF.B,2018,0.0,SEC XBRL quarterly revenue + USASpending.gov federal contract obligations,https://api.usaspending.gov/api/v2/search/spending_over_time/,2026-09-12,"4/4 quarters, obligations $0 / revenue $3287000000"
BF.B,2019,0.0,SEC XBRL quarterly revenue + USASpending.gov federal contract obligations,https://api.usaspending.gov/api/v2/search/spending_over_time/,2026-09-12,"4/4 quarters, obligations $0 / revenue $3403000000"
BF.B,2020,0.0,SEC XBRL quarterly revenue + USASpending.gov federal contract obligations,https://api.usaspending.gov/api/v2/search/spending_over_time/,2026-09-12,"4/4 quarters, obligations $0 / revenue $3346000000"
BF.B,2021,0.0,SEC XBRL quarterly revenue + USASpending.gov federal contract obligations,https://api.usaspending.gov/api/v2/search/spending_over_time/,2026-09-12,"4/4 quarters, obligations $0 / revenue $3623000000"
BF.B,2022,0.0,SEC XBRL quarterly revenue + USASpending.gov federal contract obligations,https://api.usaspending.gov/api/v2/search/spending_over_time/,2026-09-12,"4/4 quarters, obligations $0 / revenue $4134000000"
BF.B,2023,0.0,SEC XBRL quarterly revenue + USASpending.gov federal contract obligations,https://api.usaspending.gov/api/v2/search/spending_over_time/,2026-09-12,"4/4 quarters, obligations $0 / revenue $4272000000"
BF.B,2024,0.0,SEC XBRL quarterly revenue + USASpending.gov federal contract obligations,https://api.usaspending.gov/api/v2/search/spending_over_time/,2026-09-12,"4/4 quarters, obligations $0 / revenue $4079000000"
BF.B,2025,0.0,SEC XBRL quarterly revenue + USASpending.gov federal contract obligations,https://api.usaspending.gov/api/v2/search/spending_over_time/,2026-09-12,"4/4 quarters, obligations $0 / revenue $3889000000"
BKNG,2018,0.0,SEC XBRL quarterly revenue + USASpending.gov federal contract obligations,https://api.usaspending.gov/api/v2/search/spending_over_time/,2026-09-12,"4/4 quarters, obligations $0 / revenue $14527000000"
BKNG,2019,0.0,SEC XBRL quarterly revenue + USASpending.gov federal contract obligations,https://api.usaspending.gov/api/v2/search/spending_over_time/,2026-09-12,"4/4 quarters, obligations $0 / revenue $15066000000"
BKNG,2020,0.0,SEC XBRL quarterly revenue + USASpending.gov federal contract obligations,https://api.usaspending.gov/api/v2/search/spending_over_time/,2026-09-12,"4/4 quarters, obligations $0 / revenue $6796000000"
BKNG,2021,0.0,SEC XBRL quarterly revenue + USASpending.gov federal contract obligations,https://api.usaspending.gov/api/v2/search/spending_over_time/,2026-09-12,"4/4 quarters, obligations $0 / revenue $10958000000"
BKNG,2022,0.0,SEC XBRL quarterly revenue + USASpending.gov federal contract obligations,https://api.usaspending.gov/api/v2/search/spending_over_time/,2026-09-12,"4/4 quarters, obligations $0 / revenue $17090000000"
BKNG,2023,0.0,SEC XBRL quarterly revenue + USASpending.gov federal contract obligations,https://api.usaspending.gov/api/v2/search/spending_over_time/,2026-09-12,"4/4 quarters, obligations $258500 / revenue $21365000000"
BKNG,2024,0.0,SEC XBRL quarterly revenue + USASpending.gov federal contract obligations,https://api.usaspending.gov/api/v2/search/spending_over_time/,2026-09-12,"4/4 quarters, obligations $0 / revenue $23739000000"
BKNG,2025,0.0,SEC XBRL quarterly revenue + USASpending.gov federal contract obligations,https://api.usaspending.gov/api/v2/search/spending_over_time/,2026-09-12,"4/4 quarters, obligations $0 / revenue $26917000000"
BKR,2018,0.0,SEC XBRL quarterly revenue + USASpending.gov federal contract obligations,https://api.usaspending.gov/api/v2/search/spending_over_time/,2026-09-12,"4/4 quarters, obligations $0 / revenue $22876000000"
BKR,2019,0.0,SEC XBRL quarterly revenue + USASpending.gov federal contract obligations,https://api.usaspending.gov/api/v2/search/spending_over_time/,2026-09-12,"4/4 quarters, obligations $50700 / revenue $23838000000"
BKR,2020,0.0,SEC XBRL quarterly revenue + USASpending.gov federal contract obligations,https://api.usaspending.gov/api/v2/search/spending_over_time/,2026-09-12,"4/4 quarters, obligations $6850 / revenue $20705000000"
BKR,2021,0.0,SEC XBRL quarterly revenue + USASpending.gov federal contract obligations,https://api.usaspending.gov/api/v2/search/spending_over_time/,2026-09-12,"4/4 quarters, obligations $0 / revenue $20502000000"
BKR,2022,0.0,SEC XBRL quarterly revenue + USASpending.gov federal contract obligations,https://api.usaspending.gov/api/v2/search/spending_over_time/,2026-09-12,"4/4 quarters, obligations $51760 / revenue $21156000000"
BKR,2023,0.0,SEC XBRL quarterly revenue + USASpending.gov federal contract obligations,https://api.usaspending.gov/api/v2/search/spending_over_time/,2026-09-12,"4/4 quarters, obligations $0 / revenue $25506000000"
BKR,2024,0.0,SEC XBRL quarterly revenue + USASpending.gov federal contract obligations,https://api.usaspending.gov/api/v2/search/spending_over_time/,2026-09-12,"4/4 quarters, obligations $0 / revenue $27829000000"
BKR,2025,0.0,SEC XBRL quarterly revenue + USASpending.gov federal contract obligations,https://api.usaspending.gov/api/v2/search/spending_over_time/,2026-09-12,"4/4 quarters, obligations $25531 / revenue $27733000000"
BLDR,2018,0.0,SEC XBRL quarterly revenue + USASpending.gov federal contract obligations,https://api.usaspending.gov/api/v2/search/spending_over_time/,2026-09-12,"4/4 quarters, obligations $32073 / revenue $7724771000"
BLDR,2019,0.0,SEC XBRL quarterly revenue + USASpending.gov federal contract obligations,https://api.usaspending.gov/api/v2/search/spending_over_time/,2026-09-12,"4/4 quarters, obligations $76507 / revenue $7280431000"
BLDR,2020,0.0,SEC XBRL quarterly revenue + USASpending.gov federal contract obligations,https://api.usaspending.gov/api/v2/search/spending_over_time/,2026-09-12,"4/4 quarters, obligations $119789 / revenue $8558874000"
BLDR,2021,0.0,SEC XBRL quarterly revenue + USASpending.gov federal contract obligations,https://api.usaspending.gov/api/v2/search/spending_over_time/,2026-09-12,"4/4 quarters, obligations $27030 / revenue $19893856000"
BLDR,2022,0.0,SEC XBRL quarterly revenue + USASpending.gov federal contract obligations,https://api.usaspending.gov/api/v2/search/spending_over_time/,2026-09-12,"4/4 quarters, obligations $14230 / revenue $22726418000"
BLDR,2023,0.0,SEC XBRL quarterly revenue + USASpending.gov federal contract obligations,https://api.usaspending.gov/api/v2/search/spending_over_time/,2026-09-12,"4/4 quarters, obligations $0 / revenue $17097330000"
BLDR,2024,0.0,SEC XBRL quarterly revenue + USASpending.gov federal contract obligations,https://api.usaspending.gov/api/v2/search/spending_over_time/,2026-09-12,"4/4 quarters, obligations $0 / revenue $16400492000"
BLDR,2025,0.0,SEC XBRL quarterly revenue + USASpending.gov federal contract obligations,https://api.usaspending.gov/api/v2/search/spending_over_time/,2026-09-12,"4/4 quarters, obligations $0 / revenue $15190638000"
BLK,2024,0.0,SEC XBRL quarterly revenue + USASpending.gov federal contract obligations,https://api.usaspending.gov/api/v2/search/spending_over_time/,2026-09-12,"4/4 quarters, obligations $849305 / revenue $20407000000"
BLK,2025,0.0002,SEC XBRL quarterly revenue + USASpending.gov federal contract obligations,https://api.usaspending.gov/api/v2/search/spending_over_time/,2026-09-12,"4/4 quarters, obligations $4100819 / revenue $24216000000"
BMY,2018,0.0,SEC XBRL quarterly revenue + USASpending.gov federal contract obligations,https://api.usaspending.gov/api/v2/search/spending_over_time/,2026-09-12,"4/4 quarters, obligations $0 / revenue $22561000000"
BMY,2019,0.0,SEC XBRL quarterly revenue + USASpending.gov federal contract obligations,https://api.usaspending.gov/api/v2/search/spending_over_time/,2026-09-12,"4/4 quarters, obligations $0 / revenue $26145000000"
BMY,2020,0.0,SEC XBRL quarterly revenue + USASpending.gov federal contract obligations,https://api.usaspending.gov/api/v2/search/spending_over_time/,2026-09-12,"4/4 quarters, obligations $0 / revenue $42518000000"
BMY,2021,0.0,SEC XBRL quarterly revenue + USASpending.gov federal contract obligations,https://api.usaspending.gov/api/v2/search/spending_over_time/,2026-09-12,"4/4 quarters, obligations $0 / revenue $46385000000"
BMY,2022,0.0,SEC XBRL quarterly revenue + USASpending.gov federal contract obligations,https://api.usaspending.gov/api/v2/search/spending_over_time/,2026-09-12,"4/4 quarters, obligations $0 / revenue $46159000000"
BMY,2023,0.0,SEC XBRL quarterly revenue + USASpending.gov federal contract obligations,https://api.usaspending.gov/api/v2/search/spending_over_time/,2026-09-12,"4/4 quarters, obligations $0 / revenue $45006000000"
BMY,2024,0.0,SEC XBRL quarterly revenue + USASpending.gov federal contract obligations,https://api.usaspending.gov/api/v2/search/spending_over_time/,2026-09-12,"4/4 quarters, obligations $0 / revenue $48300000000"
BMY,2025,0.0,SEC XBRL quarterly revenue + USASpending.gov federal contract obligations,https://api.usaspending.gov/api/v2/search/spending_over_time/,2026-09-12,"4/4 quarters, obligations $0 / revenue $48194000000"
BNY,2018,0.0011,SEC XBRL quarterly revenue + USASpending.gov federal contract obligations,https://api.usaspending.gov/api/v2/search/spending_over_time/,2026-09-12,"2/4 quarters, obligations $6355816 / revenue $5875000000"
BR,2018,0.0,SEC XBRL quarterly revenue + USASpending.gov federal contract obligations,https://api.usaspending.gov/api/v2/search/spending_over_time/,2026-09-12,"4/4 quarters, obligations $139155 / revenue $4318500000"
BR,2019,0.0,SEC XBRL quarterly revenue + USASpending.gov federal contract obligations,https://api.usaspending.gov/api/v2/search/spending_over_time/,2026-09-12,"4/4 quarters, obligations $139155 / revenue $4353300000"
BR,2020,0.0,SEC XBRL quarterly revenue + USASpending.gov federal contract obligations,https://api.usaspending.gov/api/v2/search/spending_over_time/,2026-09-12,"4/4 quarters, obligations $141000 / revenue $4684100000"
BR,2021,0.0,SEC XBRL quarterly revenue + USASpending.gov federal contract obligations,https://api.usaspending.gov/api/v2/search/spending_over_time/,2026-09-12,"4/4 quarters, obligations $143000 / revenue $5373900000"
BR,2022,0.0,SEC XBRL quarterly revenue + USASpending.gov federal contract obligations,https://api.usaspending.gov/api/v2/search/spending_over_time/,2026-09-12,"4/4 quarters, obligations $145000 / revenue $5832800000"
BR,2023,0.0,SEC XBRL quarterly revenue + USASpending.gov federal contract obligations,https://api.usaspending.gov/api/v2/search/spending_over_time/,2026-09-12,"4/4 quarters, obligations $0 / revenue $6320800000"
BR,2024,0.0,SEC XBRL quarterly revenue + USASpending.gov federal contract obligations,https://api.usaspending.gov/api/v2/search/spending_over_time/,2026-09-12,"4/4 quarters, obligations $0 / revenue $6682800000"
BR,2025,0.0,SEC XBRL quarterly revenue + USASpending.gov federal contract obligations,https://api.usaspending.gov/api/v2/search/spending_over_time/,2026-09-12,"4/4 quarters, obligations $0 / revenue $7180300000"
BRK.B,2018,0.0007,SEC XBRL quarterly revenue + USASpending.gov federal contract obligations,https://api.usaspending.gov/api/v2/search/spending_over_time/,2026-09-12,"4/4 quarters, obligations $185654036 / revenue $247837000000"
BRK.B,2019,0.0007,SEC XBRL quarterly revenue + USASpending.gov federal contract obligations,https://api.usaspending.gov/api/v2/search/spending_over_time/,2026-09-12,"4/4 quarters, obligations $174426889 / revenue $254616000000"
BRK.B,2020,0.0028,SEC XBRL quarterly revenue + USASpending.gov federal contract obligations,https://api.usaspending.gov/api/v2/search/spending_over_time/,2026-09-12,"4/4 quarters, obligations $521535357 / revenue $186705000000"
BRK.B,2021,0.0015,SEC XBRL quarterly revenue + USASpending.gov federal contract obligations,https://api.usaspending.gov/api/v2/search/spending_over_time/,2026-09-12,"4/4 quarters, obligations $293631312 / revenue $191252000000"
BRK.B,2022,0.0009,SEC XBRL quarterly revenue + USASpending.gov federal contract obligations,https://api.usaspending.gov/api/v2/search/spending_over_time/,2026-09-12,"4/4 quarters, obligations $178480148 / revenue $207771000000"
BRK.B,2023,0.0006,SEC XBRL quarterly revenue + USASpending.gov federal contract obligations,https://api.usaspending.gov/api/v2/search/spending_over_time/,2026-09-12,"4/4 quarters, obligations $155112429 / revenue $254906000000"
BRK.B,2024,0.0001,SEC XBRL quarterly revenue + USASpending.gov federal contract obligations,https://api.usaspending.gov/api/v2/search/spending_over_time/,2026-09-12,"4/4 quarters, obligations $37234338 / revenue $249714000000"
BRK.B,2025,0.0002,SEC XBRL quarterly revenue + USASpending.gov federal contract obligations,https://api.usaspending.gov/api/v2/search/spending_over_time/,2026-09-12,"4/4 quarters, obligations $45769403 / revenue $247244000000"
BRO,2018,0.0057,SEC XBRL quarterly revenue + USASpending.gov federal contract obligations,https://api.usaspending.gov/api/v2/search/spending_over_time/,2026-09-12,"4/4 quarters, obligations $11575117 / revenue $2014246000"
BRO,2019,0.0048,SEC XBRL quarterly revenue + USASpending.gov federal contract obligations,https://api.usaspending.gov/api/v2/search/spending_over_time/,2026-09-12,"4/4 quarters, obligations $11552710 / revenue $2392171000"
BRO,2020,0.0007,SEC XBRL quarterly revenue + USASpending.gov federal contract obligations,https://api.usaspending.gov/api/v2/search/spending_over_time/,2026-09-12,"4/4 quarters, obligations $1954866 / revenue $2613374000"
BRO,2021,0.0,SEC XBRL quarterly revenue + USASpending.gov federal contract obligations,https://api.usaspending.gov/api/v2/search/spending_over_time/,2026-09-12,"4/4 quarters, obligations $-34592437 / revenue $3051400000"
BRO,2022,0.0,SEC XBRL quarterly revenue + USASpending.gov federal contract obligations,https://api.usaspending.gov/api/v2/search/spending_over_time/,2026-09-12,"4/4 quarters, obligations $60000 / revenue $3573000000"
BRO,2023,0.0001,SEC XBRL quarterly revenue + USASpending.gov federal contract obligations,https://api.usaspending.gov/api/v2/search/spending_over_time/,2026-09-12,"4/4 quarters, obligations $286660 / revenue $4257000000"
BRO,2024,0.0,SEC XBRL quarterly revenue + USASpending.gov federal contract obligations,https://api.usaspending.gov/api/v2/search/spending_over_time/,2026-09-12,"4/4 quarters, obligations $14094 / revenue $4805000000"
BRO,2025,0.0,SEC XBRL quarterly revenue + USASpending.gov federal contract obligations,https://api.usaspending.gov/api/v2/search/spending_over_time/,2026-09-12,"4/4 quarters, obligations $0 / revenue $5902000000"
BSX,2018,0.0062,SEC XBRL quarterly revenue + USASpending.gov federal contract obligations,https://api.usaspending.gov/api/v2/search/spending_over_time/,2026-09-12,"4/4 quarters, obligations $61028205 / revenue $9823000000"
BSX,2019,0.0019,SEC XBRL quarterly revenue + USASpending.gov federal contract obligations,https://api.usaspending.gov/api/v2/search/spending_over_time/,2026-09-12,"4/4 quarters, obligations $20080420 / revenue $10735000000"
BSX,2020,0.0023,SEC XBRL quarterly revenue + USASpending.gov federal contract obligations,https://api.usaspending.gov/api/v2/search/spending_over_time/,2026-09-12,"4/4 quarters, obligations $22664347 / revenue $9913000000"
BSX,2021,0.0025,SEC XBRL quarterly revenue + USASpending.gov federal contract obligations,https://api.usaspending.gov/api/v2/search/spending_over_time/,2026-09-12,"4/4 quarters, obligations $29500896 / revenue $11888000000"
BSX,2022,0.0022,SEC XBRL quarterly revenue + USASpending.gov federal contract obligations,https://api.usaspending.gov/api/v2/search/spending_over_time/,2026-09-12,"4/4 quarters, obligations $27345193 / revenue $12682000000"
BSX,2023,0.0022,SEC XBRL quarterly revenue + USASpending.gov federal contract obligations,https://api.usaspending.gov/api/v2/search/spending_over_time/,2026-09-12,"4/4 quarters, obligations $31910552 / revenue $14240000000"
BSX,2024,0.0016,SEC XBRL quarterly revenue + USASpending.gov federal contract obligations,https://api.usaspending.gov/api/v2/search/spending_over_time/,2026-09-12,"4/4 quarters, obligations $26250583 / revenue $16747000000"
BSX,2025,0.0015,SEC XBRL quarterly revenue + USASpending.gov federal contract obligations,https://api.usaspending.gov/api/v2/search/spending_over_time/,2026-09-12,"4/4 quarters, obligations $29790565 / revenue $20074000000"
BX,2018,0.0058,SEC XBRL quarterly revenue + USASpending.gov federal contract obligations,https://api.usaspending.gov/api/v2/search/spending_over_time/,2026-09-12,"4/4 quarters, obligations $39316180 / revenue $6833259000"
BX,2019,0.006,SEC XBRL quarterly revenue + USASpending.gov federal contract obligations,https://api.usaspending.gov/api/v2/search/spending_over_time/,2026-09-12,"4/4 quarters, obligations $44250130 / revenue $7338270000"
BX,2020,0.002,SEC XBRL quarterly revenue + USASpending.gov federal contract obligations,https://api.usaspending.gov/api/v2/search/spending_over_time/,2026-09-12,"4/4 quarters, obligations $12360105 / revenue $6101927000"
BX,2021,0.0001,SEC XBRL quarterly revenue + USASpending.gov federal contract obligations,https://api.usaspending.gov/api/v2/search/spending_over_time/,2026-09-12,"4/4 quarters, obligations $1612961 / revenue $22577148000"
BX,2022,0.0004,SEC XBRL quarterly revenue + USASpending.gov federal contract obligations,https://api.usaspending.gov/api/v2/search/spending_over_time/,2026-09-12,"4/4 quarters, obligations $3361613 / revenue $8517673000"
BX,2023,0.0006,SEC XBRL quarterly revenue + USASpending.gov federal contract obligations,https://api.usaspending.gov/api/v2/search/spending_over_time/,2026-09-12,"4/4 quarters, obligations $4514097 / revenue $8022841000"
BX,2024,0.0005,SEC XBRL quarterly revenue + USASpending.gov federal contract obligations,https://api.usaspending.gov/api/v2/search/spending_over_time/,2026-09-12,"4/4 quarters, obligations $6655093 / revenue $13229968000"
BX,2025,0.001,SEC XBRL quarterly revenue + USASpending.gov federal contract obligations,https://api.usaspending.gov/api/v2/search/spending_over_time/,2026-09-12,"4/4 quarters, obligations $14680520 / revenue $14450265000"
BXP,2018,0.0,SEC XBRL quarterly revenue + USASpending.gov federal contract obligations,https://api.usaspending.gov/api/v2/search/spending_over_time/,2026-09-12,"4/4 quarters, obligations $124049 / revenue $2717076000"
BXP,2019,0.0,SEC XBRL quarterly revenue + USASpending.gov federal contract obligations,https://api.usaspending.gov/api/v2/search/spending_over_time/,2026-09-12,"4/4 quarters, obligations $30769 / revenue $2960562000"
BXP,2020,0.0001,SEC XBRL quarterly revenue + USASpending.gov federal contract obligations,https://api.usaspending.gov/api/v2/search/spending_over_time/,2026-09-12,"4/4 quarters, obligations $274193 / revenue $2765686000"
BXP,2021,0.0,SEC XBRL quarterly revenue + USASpending.gov federal contract obligations,https://api.usaspending.gov/api/v2/search/spending_over_time/,2026-09-12,"4/4 quarters, obligations $52068 / revenue $2888621000"
BXP,2022,0.0,SEC XBRL quarterly revenue + USASpending.gov federal contract obligations,https://api.usaspending.gov/api/v2/search/spending_over_time/,2026-09-12,"4/4 quarters, obligations $29046 / revenue $3108581000"
BXP,2023,0.0,SEC XBRL quarterly revenue + USASpending.gov federal contract obligations,https://api.usaspending.gov/api/v2/search/spending_over_time/,2026-09-12,"4/4 quarters, obligations $56668 / revenue $3273569000"
BXP,2024,0.0,SEC XBRL quarterly revenue + USASpending.gov federal contract obligations,https://api.usaspending.gov/api/v2/search/spending_over_time/,2026-09-12,"4/4 quarters, obligations $40165 / revenue $3407719000"
BXP,2025,0.0,SEC XBRL quarterly revenue + USASpending.gov federal contract obligations,https://api.usaspending.gov/api/v2/search/spending_over_time/,2026-09-12,"4/4 quarters, obligations $19818 / revenue $3482279000"
C,2018,0.0,SEC XBRL quarterly revenue + USASpending.gov federal contract obligations,https://api.usaspending.gov/api/v2/search/spending_over_time/,2026-09-12,"4/4 quarters, obligations $143347 / revenue $72854000000"
C,2019,0.0,SEC XBRL quarterly revenue + USASpending.gov federal contract obligations,https://api.usaspending.gov/api/v2/search/spending_over_time/,2026-09-12,"4/4 quarters, obligations $-5056046 / revenue $74286000000"
C,2020,0.0,SEC XBRL quarterly revenue + USASpending.gov federal contract obligations,https://api.usaspending.gov/api/v2/search/spending_over_time/,2026-09-12,"4/4 quarters, obligations $-650677 / revenue $75501000000"
C,2021,0.0,SEC XBRL quarterly revenue + USASpending.gov federal contract obligations,https://api.usaspending.gov/api/v2/search/spending_over_time/,2026-09-12,"4/4 quarters, obligations $1912221 / revenue $71884000000"
C,2022,0.0,SEC XBRL quarterly revenue + USASpending.gov federal contract obligations,https://api.usaspending.gov/api/v2/search/spending_over_time/,2026-09-12,"4/4 quarters, obligations $1812999 / revenue $75338000000"
C,2023,0.0,SEC XBRL quarterly revenue + USASpending.gov federal contract obligations,https://api.usaspending.gov/api/v2/search/spending_over_time/,2026-09-12,"4/4 quarters, obligations $1385056 / revenue $78066000000"
C,2024,0.0001,SEC XBRL quarterly revenue + USASpending.gov federal contract obligations,https://api.usaspending.gov/api/v2/search/spending_over_time/,2026-09-12,"4/4 quarters, obligations $5725885 / revenue $80722000000"
C,2025,0.0,SEC XBRL quarterly revenue + USASpending.gov federal contract obligations,https://api.usaspending.gov/api/v2/search/spending_over_time/,2026-09-12,"4/4 quarters, obligations $0 / revenue $85225000000"
CAH,2018,0.0,SEC XBRL quarterly revenue + USASpending.gov federal contract obligations,https://api.usaspending.gov/api/v2/search/spending_over_time/,2026-09-12,"4/4 quarters, obligations $0 / revenue $141935000000"
CAH,2019,0.0,SEC XBRL quarterly revenue + USASpending.gov federal contract obligations,https://api.usaspending.gov/api/v2/search/spending_over_time/,2026-09-12,"4/4 quarters, obligations $0 / revenue $149657000000"
CAH,2020,0.0014,SEC XBRL quarterly revenue + USASpending.gov federal contract obligations,https://api.usaspending.gov/api/v2/search/spending_over_time/,2026-09-12,"4/4 quarters, obligations $216652482 / revenue $156452000000"
CAH,2021,0.0041,SEC XBRL quarterly revenue + USASpending.gov federal contract obligations,https://api.usaspending.gov/api/v2/search/spending_over_time/,2026-09-12,"4/4 quarters, obligations $698693075 / revenue $171286000000"
CAH,2022,0.0031,SEC XBRL quarterly revenue + USASpending.gov federal contract obligations,https://api.usaspending.gov/api/v2/search/spending_over_time/,2026-09-12,"4/4 quarters, obligations $603223276 / revenue $192961000000"
CAH,2023,0.0031,SEC XBRL quarterly revenue + USASpending.gov federal contract obligations,https://api.usaspending.gov/api/v2/search/spending_over_time/,2026-09-12,"4/4 quarters, obligations $675800450 / revenue $216011000000"
CAH,2024,0.0031,SEC XBRL quarterly revenue + USASpending.gov federal contract obligations,https://api.usaspending.gov/api/v2/search/spending_over_time/,2026-09-12,"4/4 quarters, obligations $685907937 / revenue $222276000000"
CAH,2025,0.0016,SEC XBRL quarterly revenue + USASpending.gov federal contract obligations,https://api.usaspending.gov/api/v2/search/spending_over_time/,2026-09-12,"4/4 quarters, obligations $393595245 / revenue $244673000000"
CARR,2019,0.0,SEC XBRL quarterly revenue + USASpending.gov federal contract obligations,https://api.usaspending.gov/api/v2/search/spending_over_time/,2026-09-12,"4/4 quarters, obligations $0 / revenue $18608000000"
CARR,2020,0.0017,SEC XBRL quarterly revenue + USASpending.gov federal contract obligations,https://api.usaspending.gov/api/v2/search/spending_over_time/,2026-09-12,"4/4 quarters, obligations $29716591 / revenue $17456000000"
CARR,2021,0.0048,SEC XBRL quarterly revenue + USASpending.gov federal contract obligations,https://api.usaspending.gov/api/v2/search/spending_over_time/,2026-09-12,"4/4 quarters, obligations $98662611 / revenue $20613000000"
CARR,2022,0.0031,SEC XBRL quarterly revenue + USASpending.gov federal contract obligations,https://api.usaspending.gov/api/v2/search/spending_over_time/,2026-09-12,"4/4 quarters, obligations $52741963 / revenue $17288000000"
CARR,2023,0.0001,SEC XBRL quarterly revenue + USASpending.gov federal contract obligations,https://api.usaspending.gov/api/v2/search/spending_over_time/,2026-09-12,"4/4 quarters, obligations $2738413 / revenue $18951000000"
CARR,2024,0.0001,SEC XBRL quarterly revenue + USASpending.gov federal contract obligations,https://api.usaspending.gov/api/v2/search/spending_over_time/,2026-09-12,"4/4 quarters, obligations $2019966 / revenue $22486000000"
CARR,2025,0.0001,SEC XBRL quarterly revenue + USASpending.gov federal contract obligations,https://api.usaspending.gov/api/v2/search/spending_over_time/,2026-09-12,"4/4 quarters, obligations $2444652 / revenue $21747000000"
CASY,2018,0.0,SEC XBRL quarterly revenue + USASpending.gov federal contract obligations,https://api.usaspending.gov/api/v2/search/spending_over_time/,2026-09-12,"4/4 quarters, obligations $0 / revenue $9270077000"
CASY,2019,0.0,SEC XBRL quarterly revenue + USASpending.gov federal contract obligations,https://api.usaspending.gov/api/v2/search/spending_over_time/,2026-09-12,"4/4 quarters, obligations $0 / revenue $9340688000"
CASY,2020,0.0,SEC XBRL quarterly revenue + USASpending.gov federal contract obligations,https://api.usaspending.gov/api/v2/search/spending_over_time/,2026-09-12,"4/4 quarters, obligations $0 / revenue $8382007000"
CASY,2021,0.0,SEC XBRL quarterly revenue + USASpending.gov federal contract obligations,https://api.usaspending.gov/api/v2/search/spending_over_time/,2026-09-12,"4/4 quarters, obligations $0 / revenue $10831199000"
CASY,2022,0.0,SEC XBRL quarterly revenue + USASpending.gov federal contract obligations,https://api.usaspending.gov/api/v2/search/spending_over_time/,2026-09-12,"4/4 quarters, obligations $0 / revenue $14940877000"
CASY,2023,0.0,SEC XBRL quarterly revenue + USASpending.gov federal contract obligations,https://api.usaspending.gov/api/v2/search/spending_over_time/,2026-09-12,"4/4 quarters, obligations $0 / revenue $14594907000"
CASY,2024,0.0,SEC XBRL quarterly revenue + USASpending.gov federal contract obligations,https://api.usaspending.gov/api/v2/search/spending_over_time/,2026-09-12,"4/4 quarters, obligations $0 / revenue $14973770000"
CASY,2025,0.0,SEC XBRL quarterly revenue + USASpending.gov federal contract obligations,https://api.usaspending.gov/api/v2/search/spending_over_time/,2026-09-12,"4/4 quarters, obligations $0 / revenue $16969581000"
CAT,2018,0.0046,SEC XBRL quarterly revenue + USASpending.gov federal contract obligations,https://api.usaspending.gov/api/v2/search/spending_over_time/,2026-09-12,"4/4 quarters, obligations $253215929 / revenue $54722000000"
CAT,2019,0.0046,SEC XBRL quarterly revenue + USASpending.gov federal contract obligations,https://api.usaspending.gov/api/v2/search/spending_over_time/,2026-09-12,"4/4 quarters, obligations $248869837 / revenue $53800000000"
CAT,2020,0.0067,SEC XBRL quarterly revenue + USASpending.gov federal contract obligations,https://api.usaspending.gov/api/v2/search/spending_over_time/,2026-09-12,"4/4 quarters, obligations $279838353 / revenue $41748000000"
CAT,2021,0.0032,SEC XBRL quarterly revenue + USASpending.gov federal contract obligations,https://api.usaspending.gov/api/v2/search/spending_over_time/,2026-09-12,"4/4 quarters, obligations $162607681 / revenue $50971000000"
CAT,2022,0.0031,SEC XBRL quarterly revenue + USASpending.gov federal contract obligations,https://api.usaspending.gov/api/v2/search/spending_over_time/,2026-09-12,"4/4 quarters, obligations $186692292 / revenue $59427000000"
CAT,2023,0.0028,SEC XBRL quarterly revenue + USASpending.gov federal contract obligations,https://api.usaspending.gov/api/v2/search/spending_over_time/,2026-09-12,"4/4 quarters, obligations $186319438 / revenue $67060000000"
CAT,2024,0.0062,SEC XBRL quarterly revenue + USASpending.gov federal contract obligations,https://api.usaspending.gov/api/v2/search/spending_over_time/,2026-09-12,"4/4 quarters, obligations $400722164 / revenue $64809000000"
CAT,2025,0.0056,SEC XBRL quarterly revenue + USASpending.gov federal contract obligations,https://api.usaspending.gov/api/v2/search/spending_over_time/,2026-09-12,"4/4 quarters, obligations $380432235 / revenue $67589000000"
CBOE,2018,0.0,SEC XBRL quarterly revenue + USASpending.gov federal contract obligations,https://api.usaspending.gov/api/v2/search/spending_over_time/,2026-09-12,"4/4 quarters, obligations $0 / revenue $2768800000"
CBOE,2019,0.0,SEC XBRL quarterly revenue + USASpending.gov federal contract obligations,https://api.usaspending.gov/api/v2/search/spending_over_time/,2026-09-12,"4/4 quarters, obligations $0 / revenue $2496100000"
CBOE,2020,0.0,SEC XBRL quarterly revenue + USASpending.gov federal contract obligations,https://api.usaspending.gov/api/v2/search/spending_over_time/,2026-09-12,"4/4 quarters, obligations $0 / revenue $3427100000"
CBOE,2021,0.0,SEC XBRL quarterly revenue + USASpending.gov federal contract obligations,https://api.usaspending.gov/api/v2/search/spending_over_time/,2026-09-12,"4/4 quarters, obligations $0 / revenue $3494800000"
CBOE,2022,0.0,SEC XBRL quarterly revenue + USASpending.gov federal contract obligations,https://api.usaspending.gov/api/v2/search/spending_over_time/,2026-09-12,"4/4 quarters, obligations $0 / revenue $3958500000"
CBOE,2023,0.0,SEC XBRL quarterly revenue + USASpending.gov federal contract obligations,https://api.usaspending.gov/api/v2/search/spending_over_time/,2026-09-12,"4/4 quarters, obligations $0 / revenue $3773500000"
CBOE,2024,0.0,SEC XBRL quarterly revenue + USASpending.gov federal contract obligations,https://api.usaspending.gov/api/v2/search/spending_over_time/,2026-09-12,"4/4 quarters, obligations $0 / revenue $4094500000"
CBOE,2025,0.0,SEC XBRL quarterly revenue + USASpending.gov federal contract obligations,https://api.usaspending.gov/api/v2/search/spending_over_time/,2026-09-12,"4/4 quarters, obligations $0 / revenue $4714200000"
CBRE,2018,0.0005,SEC XBRL quarterly revenue + USASpending.gov federal contract obligations,https://api.usaspending.gov/api/v2/search/spending_over_time/,2026-09-12,"4/4 quarters, obligations $10618725 / revenue $20778100000"
CBRE,2019,0.0009,SEC XBRL quarterly revenue + USASpending.gov federal contract obligations,https://api.usaspending.gov/api/v2/search/spending_over_time/,2026-09-12,"4/4 quarters, obligations $20916322 / revenue $23894091000"
CBRE,2020,0.0004,SEC XBRL quarterly revenue + USASpending.gov federal contract obligations,https://api.usaspending.gov/api/v2/search/spending_over_time/,2026-09-12,"4/4 quarters, obligations $10517002 / revenue $23395047000"
CBRE,2021,0.0003,SEC XBRL quarterly revenue + USASpending.gov federal contract obligations,https://api.usaspending.gov/api/v2/search/spending_over_time/,2026-09-12,"4/4 quarters, obligations $6843026 / revenue $26950000000"
CBRE,2022,0.0003,SEC XBRL quarterly revenue + USASpending.gov federal contract obligations,https://api.usaspending.gov/api/v2/search/spending_over_time/,2026-09-12,"4/4 quarters, obligations $9983190 / revenue $30174000000"
CBRE,2023,0.0006,SEC XBRL quarterly revenue + USASpending.gov federal contract obligations,https://api.usaspending.gov/api/v2/search/spending_over_time/,2026-09-12,"4/4 quarters, obligations $18900616 / revenue $31505000000"
CBRE,2024,0.0002,SEC XBRL quarterly revenue + USASpending.gov federal contract obligations,https://api.usaspending.gov/api/v2/search/spending_over_time/,2026-09-12,"4/4 quarters, obligations $7616612 / revenue $35181000000"
CBRE,2025,0.0001,SEC XBRL quarterly revenue + USASpending.gov federal contract obligations,https://api.usaspending.gov/api/v2/search/spending_over_time/,2026-09-12,"4/4 quarters, obligations $4542462 / revenue $39900000000"
CCI,2018,0.0043,SEC XBRL quarterly revenue + USASpending.gov federal contract obligations,https://api.usaspending.gov/api/v2/search/spending_over_time/,2026-09-12,"4/4 quarters, obligations $2461674 / revenue $575000000"
CCI,2019,0.0013,SEC XBRL quarterly revenue + USASpending.gov federal contract obligations,https://api.usaspending.gov/api/v2/search/spending_over_time/,2026-09-12,"4/4 quarters, obligations $2656235 / revenue $1971000000"
CCI,2020,0.0069,SEC XBRL quarterly revenue + USASpending.gov federal contract obligations,https://api.usaspending.gov/api/v2/search/spending_over_time/,2026-09-12,"4/4 quarters, obligations $3577365 / revenue $520000000"
CCI,2021,0.0047,SEC XBRL quarterly revenue + USASpending.gov federal contract obligations,https://api.usaspending.gov/api/v2/search/spending_over_time/,2026-09-12,"4/4 quarters, obligations $2917928 / revenue $621000000"
CCI,2022,0.0025,SEC XBRL quarterly revenue + USASpending.gov federal contract obligations,https://api.usaspending.gov/api/v2/search/spending_over_time/,2026-09-12,"4/4 quarters, obligations $1732305 / revenue $697000000"
CCI,2023,0.0024,SEC XBRL quarterly revenue + USASpending.gov federal contract obligations,https://api.usaspending.gov/api/v2/search/spending_over_time/,2026-09-12,"4/4 quarters, obligations $997546 / revenue $421000000"
CCI,2024,0.0034,SEC XBRL quarterly revenue + USASpending.gov federal contract obligations,https://api.usaspending.gov/api/v2/search/spending_over_time/,2026-09-12,"4/4 quarters, obligations $658755 / revenue $192000000"
CCI,2025,0.0039,SEC XBRL quarterly revenue + USASpending.gov federal contract obligations,https://api.usaspending.gov/api/v2/search/spending_over_time/,2026-09-12,"4/4 quarters, obligations $828820 / revenue $215000000"
CCL,2018,0.0,SEC XBRL quarterly revenue + USASpending.gov federal contract obligations,https://api.usaspending.gov/api/v2/search/spending_over_time/,2026-09-12,"4/4 quarters, obligations $-25597800 / revenue $18881000000"
CCL,2019,0.0,SEC XBRL quarterly revenue + USASpending.gov federal contract obligations,https://api.usaspending.gov/api/v2/search/spending_over_time/,2026-09-12,"4/4 quarters, obligations $0 / revenue $20825000000"
CCL,2020,0.0,SEC XBRL quarterly revenue + USASpending.gov federal contract obligations,https://api.usaspending.gov/api/v2/search/spending_over_time/,2026-09-12,"4/4 quarters, obligations $0 / revenue $5595000000"
CCL,2021,0.0025,SEC XBRL quarterly revenue + USASpending.gov federal contract obligations,https://api.usaspending.gov/api/v2/search/spending_over_time/,2026-09-12,"4/4 quarters, obligations $4700000 / revenue $1908000000"
CCL,2022,0.0,SEC XBRL quarterly revenue + USASpending.gov federal contract obligations,https://api.usaspending.gov/api/v2/search/spending_over_time/,2026-09-12,"4/4 quarters, obligations $-578726 / revenue $12168000000"
CCL,2023,0.0,SEC XBRL quarterly revenue + USASpending.gov federal contract obligations,https://api.usaspending.gov/api/v2/search/spending_over_time/,2026-09-12,"4/4 quarters, obligations $0 / revenue $21593000000"
CCL,2024,0.0,SEC XBRL quarterly revenue + USASpending.gov federal contract obligations,https://api.usaspending.gov/api/v2/search/spending_over_time/,2026-09-12,"4/4 quarters, obligations $61729 / revenue $25021000000"
CCL,2025,0.0,SEC XBRL quarterly revenue + USASpending.gov federal contract obligations,https://api.usaspending.gov/api/v2/search/spending_over_time/,2026-09-12,"4/4 quarters, obligations $0 / revenue $26622000000"
CDNS,2018,0.0011,SEC XBRL quarterly revenue + USASpending.gov federal contract obligations,https://api.usaspending.gov/api/v2/search/spending_over_time/,2026-09-12,"2/4 quarters, obligations $1136222 / revenue $1035704000"
CDW,2018,0.046,SEC XBRL quarterly revenue + USASpending.gov federal contract obligations,https://api.usaspending.gov/api/v2/search/spending_over_time/,2026-09-12,"4/4 quarters, obligations $746875235 / revenue $16240500000"
CDW,2019,0.0644,SEC XBRL quarterly revenue + USASpending.gov federal contract obligations,https://api.usaspending.gov/api/v2/search/spending_over_time/,2026-09-12,"4/4 quarters, obligations $1160903510 / revenue $18032400000"
CDW,2020,0.0405,SEC XBRL quarterly revenue + USASpending.gov federal contract obligations,https://api.usaspending.gov/api/v2/search/spending_over_time/,2026-09-12,"4/4 quarters, obligations $747596765 / revenue $18467500000"
CDW,2021,0.0208,SEC XBRL quarterly revenue + USASpending.gov federal contract obligations,https://api.usaspending.gov/api/v2/search/spending_over_time/,2026-09-12,"4/4 quarters, obligations $432817702 / revenue $20820800000"
CDW,2022,0.019,SEC XBRL quarterly revenue + USASpending.gov federal contract obligations,https://api.usaspending.gov/api/v2/search/spending_over_time/,2026-09-12,"4/4 quarters, obligations $451308863 / revenue $23748700000"
CDW,2023,0.018,SEC XBRL quarterly revenue + USASpending.gov federal contract obligations,https://api.usaspending.gov/api/v2/search/spending_over_time/,2026-09-12,"4/4 quarters, obligations $385568831 / revenue $21376000000"
CDW,2024,0.0153,SEC XBRL quarterly revenue + USASpending.gov federal contract obligations,https://api.usaspending.gov/api/v2/search/spending_over_time/,2026-09-12,"4/4 quarters, obligations $320761080 / revenue $20998700000"
CDW,2025,0.0131,SEC XBRL quarterly revenue + USASpending.gov federal contract obligations,https://api.usaspending.gov/api/v2/search/spending_over_time/,2026-09-12,"4/4 quarters, obligations $292754370 / revenue $22424100000"
CEG,2021,0.0,SEC XBRL quarterly revenue + USASpending.gov federal contract obligations,https://api.usaspending.gov/api/v2/search/spending_over_time/,2026-09-12,"4/4 quarters, obligations $-405440 / revenue $17254000000"
CEG,2022,0.0001,SEC XBRL quarterly revenue + USASpending.gov federal contract obligations,https://api.usaspending.gov/api/v2/search/spending_over_time/,2026-09-12,"4/4 quarters, obligations $1410796 / revenue $21571000000"
CEG,2023,0.0002,SEC XBRL quarterly revenue + USASpending.gov federal contract obligations,https://api.usaspending.gov/api/v2/search/spending_over_time/,2026-09-12,"4/4 quarters, obligations $5018806 / revenue $20841000000"
CEG,2024,0.0005,SEC XBRL quarterly revenue + USASpending.gov federal contract obligations,https://api.usaspending.gov/api/v2/search/spending_over_time/,2026-09-12,"4/4 quarters, obligations $8675739 / revenue $18964000000"
CEG,2025,0.0008,SEC XBRL quarterly revenue + USASpending.gov federal contract obligations,https://api.usaspending.gov/api/v2/search/spending_over_time/,2026-09-12,"4/4 quarters, obligations $18130949 / revenue $22663000000"
CF,2018,0.0002,SEC XBRL quarterly revenue + USASpending.gov federal contract obligations,https://api.usaspending.gov/api/v2/search/spending_over_time/,2026-09-12,"4/4 quarters, obligations $834474 / revenue $4429000000"
CF,2019,0.0001,SEC XBRL quarterly revenue + USASpending.gov federal contract obligations,https://api.usaspending.gov/api/v2/search/spending_over_time/,2026-09-12,"4/4 quarters, obligations $501141 / revenue $4590000000"
CF,2020,0.0001,SEC XBRL quarterly revenue + USASpending.gov federal contract obligations,https://api.usaspending.gov/api/v2/search/spending_over_time/,2026-09-12,"4/4 quarters, obligations $233698 / revenue $4124000000"
CF,2021,0.0008,SEC XBRL quarterly revenue + USASpending.gov federal contract obligations,https://api.usaspending.gov/api/v2/search/spending_over_time/,2026-09-12,"4/4 quarters, obligations $5035606 / revenue $6538000000"
CF,2022,0.0019,SEC XBRL quarterly revenue + USASpending.gov federal contract obligations,https://api.usaspending.gov/api/v2/search/spending_over_time/,2026-09-12,"4/4 quarters, obligations $21451688 / revenue $11186000000"
CF,2023,0.0014,SEC XBRL quarterly revenue + USASpending.gov federal contract obligations,https://api.usaspending.gov/api/v2/search/spending_over_time/,2026-09-12,"4/4 quarters, obligations $9327683 / revenue $6631000000"
CF,2024,0.0005,SEC XBRL quarterly revenue + USASpending.gov federal contract obligations,https://api.usaspending.gov/api/v2/search/spending_over_time/,2026-09-12,"4/4 quarters, obligations $2920956 / revenue $5936000000"
CF,2025,0.0003,SEC XBRL quarterly revenue + USASpending.gov federal contract obligations,https://api.usaspending.gov/api/v2/search/spending_over_time/,2026-09-12,"4/4 quarters, obligations $1806069 / revenue $7084000000"
CFG,2018,0.0,SEC XBRL quarterly revenue + USASpending.gov federal contract obligations,https://api.usaspending.gov/api/v2/search/spending_over_time/,2026-09-12,"4/4 quarters, obligations $0 / revenue $6128000000"
CFG,2019,0.0,SEC XBRL quarterly revenue + USASpending.gov federal contract obligations,https://api.usaspending.gov/api/v2/search/spending_over_time/,2026-09-12,"4/4 quarters, obligations $0 / revenue $1172000000"
CFG,2020,0.0,SEC XBRL quarterly revenue + USASpending.gov federal contract obligations,https://api.usaspending.gov/api/v2/search/spending_over_time/,2026-09-12,"4/4 quarters, obligations $0 / revenue $1080000000"
CFG,2021,0.0,SEC XBRL quarterly revenue + USASpending.gov federal contract obligations,https://api.usaspending.gov/api/v2/search/spending_over_time/,2026-09-12,"4/4 quarters, obligations $0 / revenue $1325000000"
CFG,2022,0.0,SEC XBRL quarterly revenue + USASpending.gov federal contract obligations,https://api.usaspending.gov/api/v2/search/spending_over_time/,2026-09-12,"4/4 quarters, obligations $0 / revenue $1299000000"
CFG,2023,0.0,SEC XBRL quarterly revenue + USASpending.gov federal contract obligations,https://api.usaspending.gov/api/v2/search/spending_over_time/,2026-09-12,"4/4 quarters, obligations $0 / revenue $1266000000"
CFG,2024,0.0,SEC XBRL quarterly revenue + USASpending.gov federal contract obligations,https://api.usaspending.gov/api/v2/search/spending_over_time/,2026-09-12,"4/4 quarters, obligations $0 / revenue $1533000000"
CFG,2025,0.0,SEC XBRL quarterly revenue + USASpending.gov federal contract obligations,https://api.usaspending.gov/api/v2/search/spending_over_time/,2026-09-12,"4/4 quarters, obligations $0 / revenue $1635000000"
CHD,2018,0.0,SEC XBRL quarterly revenue + USASpending.gov federal contract obligations,https://api.usaspending.gov/api/v2/search/spending_over_time/,2026-09-12,"4/4 quarters, obligations $0 / revenue $4145900000"
CHD,2019,0.0,SEC XBRL quarterly revenue + USASpending.gov federal contract obligations,https://api.usaspending.gov/api/v2/search/spending_over_time/,2026-09-12,"4/4 quarters, obligations $0 / revenue $4357700000"
CHD,2020,0.0,SEC XBRL quarterly revenue + USASpending.gov federal contract obligations,https://api.usaspending.gov/api/v2/search/spending_over_time/,2026-09-12,"4/4 quarters, obligations $0 / revenue $4895800000"
CHD,2021,0.0,SEC XBRL quarterly revenue + USASpending.gov federal contract obligations,https://api.usaspending.gov/api/v2/search/spending_over_time/,2026-09-12,"4/4 quarters, obligations $0 / revenue $5190100000"
CHD,2022,0.0,SEC XBRL quarterly revenue + USASpending.gov federal contract obligations,https://api.usaspending.gov/api/v2/search/spending_over_time/,2026-09-12,"4/4 quarters, obligations $0 / revenue $5375600000"
CHD,2023,0.0,SEC XBRL quarterly revenue + USASpending.gov federal contract obligations,https://api.usaspending.gov/api/v2/search/spending_over_time/,2026-09-12,"4/4 quarters, obligations $0 / revenue $5867900000"
CHD,2024,0.0,SEC XBRL quarterly revenue + USASpending.gov federal contract obligations,https://api.usaspending.gov/api/v2/search/spending_over_time/,2026-09-12,"4/4 quarters, obligations $0 / revenue $6107100000"
CHD,2025,0.0,SEC XBRL quarterly revenue + USASpending.gov federal contract obligations,https://api.usaspending.gov/api/v2/search/spending_over_time/,2026-09-12,"4/4 quarters, obligations $0 / revenue $6203200000"
CHRW,2018,0.0,SEC XBRL quarterly revenue + USASpending.gov federal contract obligations,https://api.usaspending.gov/api/v2/search/spending_over_time/,2026-09-12,"4/4 quarters, obligations $0 / revenue $16631172000"
CHRW,2019,0.0,SEC XBRL quarterly revenue + USASpending.gov federal contract obligations,https://api.usaspending.gov/api/v2/search/spending_over_time/,2026-09-12,"4/4 quarters, obligations $0 / revenue $15309508000"
CHRW,2020,0.0,SEC XBRL quarterly revenue + USASpending.gov federal contract obligations,https://api.usaspending.gov/api/v2/search/spending_over_time/,2026-09-12,"4/4 quarters, obligations $0 / revenue $16207106000"
CHRW,2021,0.0,SEC XBRL quarterly revenue + USASpending.gov federal contract obligations,https://api.usaspending.gov/api/v2/search/spending_over_time/,2026-09-12,"4/4 quarters, obligations $0 / revenue $23102138000"
CHRW,2022,0.0,SEC XBRL quarterly revenue + USASpending.gov federal contract obligations,https://api.usaspending.gov/api/v2/search/spending_over_time/,2026-09-12,"4/4 quarters, obligations $0 / revenue $24696625000"
CHRW,2023,0.0,SEC XBRL quarterly revenue + USASpending.gov federal contract obligations,https://api.usaspending.gov/api/v2/search/spending_over_time/,2026-09-12,"4/4 quarters, obligations $0 / revenue $17596443000"
CHRW,2024,0.0,SEC XBRL quarterly revenue + USASpending.gov federal contract obligations,https://api.usaspending.gov/api/v2/search/spending_over_time/,2026-09-12,"4/4 quarters, obligations $0 / revenue $17724956000"
CHRW,2025,0.0,SEC XBRL quarterly revenue + USASpending.gov federal contract obligations,https://api.usaspending.gov/api/v2/search/spending_over_time/,2026-09-12,"4/4 quarters, obligations $0 / revenue $16232763000"
CHTR,2018,0.0,SEC XBRL quarterly revenue + USASpending.gov federal contract obligations,https://api.usaspending.gov/api/v2/search/spending_over_time/,2026-09-12,"4/4 quarters, obligations $1831995 / revenue $43634000000"
CHTR,2019,0.0001,SEC XBRL quarterly revenue + USASpending.gov federal contract obligations,https://api.usaspending.gov/api/v2/search/spending_over_time/,2026-09-12,"4/4 quarters, obligations $2428525 / revenue $45764000000"
CHTR,2020,0.0001,SEC XBRL quarterly revenue + USASpending.gov federal contract obligations,https://api.usaspending.gov/api/v2/search/spending_over_time/,2026-09-12,"4/4 quarters, obligations $3590119 / revenue $48097000000"
CHTR,2021,0.0039,SEC XBRL quarterly revenue + USASpending.gov federal contract obligations,https://api.usaspending.gov/api/v2/search/spending_over_time/,2026-09-12,"4/4 quarters, obligations $4261563 / revenue $1100000000"
CHTR,2022,0.0046,SEC XBRL quarterly revenue + USASpending.gov federal contract obligations,https://api.usaspending.gov/api/v2/search/spending_over_time/,2026-09-12,"4/4 quarters, obligations $5073636 / revenue $1100000000"
CHTR,2023,0.0059,SEC XBRL quarterly revenue + USASpending.gov federal contract obligations,https://api.usaspending.gov/api/v2/search/spending_over_time/,2026-09-12,"4/4 quarters, obligations $5823698 / revenue $993000000"
CHTR,2024,0.0065,SEC XBRL quarterly revenue + USASpending.gov federal contract obligations,https://api.usaspending.gov/api/v2/search/spending_over_time/,2026-09-12,"4/4 quarters, obligations $6085307 / revenue $941000000"
CHTR,2025,0.0074,SEC XBRL quarterly revenue + USASpending.gov federal contract obligations,https://api.usaspending.gov/api/v2/search/spending_over_time/,2026-09-12,"4/4 quarters, obligations $6575142 / revenue $889000000"
CI,2018,0.0,SEC XBRL quarterly revenue + USASpending.gov federal contract obligations,https://api.usaspending.gov/api/v2/search/spending_over_time/,2026-09-12,"4/4 quarters, obligations $504448 / revenue $48650000000"
CI,2019,0.0,SEC XBRL quarterly revenue + USASpending.gov federal contract obligations,https://api.usaspending.gov/api/v2/search/spending_over_time/,2026-09-12,"4/4 quarters, obligations $238961 / revenue $153566000000"
CI,2020,0.0,SEC XBRL quarterly revenue + USASpending.gov federal contract obligations,https://api.usaspending.gov/api/v2/search/spending_over_time/,2026-09-12,"4/4 quarters, obligations $53134 / revenue $160401000000"
CI,2021,0.0,SEC XBRL quarterly revenue + USASpending.gov federal contract obligations,https://api.usaspending.gov/api/v2/search/spending_over_time/,2026-09-12,"4/4 quarters, obligations $-78834 / revenue $174069000000"
CI,2022,0.0,SEC XBRL quarterly revenue + USASpending.gov federal contract obligations,https://api.usaspending.gov/api/v2/search/spending_over_time/,2026-09-12,"4/4 quarters, obligations $0 / revenue $180518000000"
CI,2023,0.0,SEC XBRL quarterly revenue + USASpending.gov federal contract obligations,https://api.usaspending.gov/api/v2/search/spending_over_time/,2026-09-12,"4/4 quarters, obligations $1936584 / revenue $195265000000"
CI,2024,0.0,SEC XBRL quarterly revenue + USASpending.gov federal contract obligations,https://api.usaspending.gov/api/v2/search/spending_over_time/,2026-09-12,"4/4 quarters, obligations $3667974 / revenue $247121000000"
CI,2025,0.0,SEC XBRL quarterly revenue + USASpending.gov federal contract obligations,https://api.usaspending.gov/api/v2/search/spending_over_time/,2026-09-12,"4/4 quarters, obligations $3111427 / revenue $274900000000"
CIEN,2018,0.0,SEC XBRL quarterly revenue + USASpending.gov federal contract obligations,https://api.usaspending.gov/api/v2/search/spending_over_time/,2026-09-12,"4/4 quarters, obligations $0 / revenue $3094286000"
CIEN,2019,0.0,SEC XBRL quarterly revenue + USASpending.gov federal contract obligations,https://api.usaspending.gov/api/v2/search/spending_over_time/,2026-09-12,"3/4 quarters, obligations $0 / revenue $2604144000"
CIEN,2020,0.0,SEC XBRL quarterly revenue + USASpending.gov federal contract obligations,https://api.usaspending.gov/api/v2/search/spending_over_time/,2026-09-12,"4/4 quarters, obligations $0 / revenue $3532157000"
CIEN,2021,0.0,SEC XBRL quarterly revenue + USASpending.gov federal contract obligations,https://api.usaspending.gov/api/v2/search/spending_over_time/,2026-09-12,"4/4 quarters, obligations $0 / revenue $3620684000"
CIEN,2022,0.0,SEC XBRL quarterly revenue + USASpending.gov federal contract obligations,https://api.usaspending.gov/api/v2/search/spending_over_time/,2026-09-12,"4/4 quarters, obligations $0 / revenue $3632661000"
CIEN,2023,0.0,SEC XBRL quarterly revenue + USASpending.gov federal contract obligations,https://api.usaspending.gov/api/v2/search/spending_over_time/,2026-09-12,"4/4 quarters, obligations $0 / revenue $4386549000"
CIEN,2024,0.0,SEC XBRL quarterly revenue + USASpending.gov federal contract obligations,https://api.usaspending.gov/api/v2/search/spending_over_time/,2026-09-12,"4/4 quarters, obligations $93940 / revenue $4014955000"
CIEN,2025,0.0,SEC XBRL quarterly revenue + USASpending.gov federal contract obligations,https://api.usaspending.gov/api/v2/search/spending_over_time/,2026-09-12,"4/4 quarters, obligations $0 / revenue $4769507000"
CINF,2018,0.0,SEC XBRL quarterly revenue + USASpending.gov federal contract obligations,https://api.usaspending.gov/api/v2/search/spending_over_time/,2026-09-12,"4/4 quarters, obligations $0 / revenue $5407000000"
CINF,2019,0.0,SEC XBRL quarterly revenue + USASpending.gov federal contract obligations,https://api.usaspending.gov/api/v2/search/spending_over_time/,2026-09-12,"4/4 quarters, obligations $0 / revenue $7924000000"
CINF,2020,0.0,SEC XBRL quarterly revenue + USASpending.gov federal contract obligations,https://api.usaspending.gov/api/v2/search/spending_over_time/,2026-09-12,"4/4 quarters, obligations $0 / revenue $7536000000"
CINF,2021,0.0,SEC XBRL quarterly revenue + USASpending.gov federal contract obligations,https://api.usaspending.gov/api/v2/search/spending_over_time/,2026-09-12,"4/4 quarters, obligations $0 / revenue $9626000000"
CINF,2022,0.0,SEC XBRL quarterly revenue + USASpending.gov federal contract obligations,https://api.usaspending.gov/api/v2/search/spending_over_time/,2026-09-12,"4/4 quarters, obligations $0 / revenue $6563000000"
CINF,2023,0.0,SEC XBRL quarterly revenue + USASpending.gov federal contract obligations,https://api.usaspending.gov/api/v2/search/spending_over_time/,2026-09-12,"4/4 quarters, obligations $0 / revenue $10013000000"
CINF,2024,0.0,SEC XBRL quarterly revenue + USASpending.gov federal contract obligations,https://api.usaspending.gov/api/v2/search/spending_over_time/,2026-09-12,"4/4 quarters, obligations $0 / revenue $11337000000"
CINF,2025,0.0,SEC XBRL quarterly revenue + USASpending.gov federal contract obligations,https://api.usaspending.gov/api/v2/search/spending_over_time/,2026-09-12,"4/4 quarters, obligations $0 / revenue $12631000000"
CL,2018,0.0,SEC XBRL quarterly revenue + USASpending.gov federal contract obligations,https://api.usaspending.gov/api/v2/search/spending_over_time/,2026-09-12,"4/4 quarters, obligations $0 / revenue $15544000000"
CL,2019,0.0,SEC XBRL quarterly revenue + USASpending.gov federal contract obligations,https://api.usaspending.gov/api/v2/search/spending_over_time/,2026-09-12,"4/4 quarters, obligations $0 / revenue $15693000000"
CL,2020,0.0,SEC XBRL quarterly revenue + USASpending.gov federal contract obligations,https://api.usaspending.gov/api/v2/search/spending_over_time/,2026-09-12,"4/4 quarters, obligations $0 / revenue $16471000000"
CL,2021,0.0,SEC XBRL quarterly revenue + USASpending.gov federal contract obligations,https://api.usaspending.gov/api/v2/search/spending_over_time/,2026-09-12,"4/4 quarters, obligations $0 / revenue $17421000000"
CL,2022,0.0,SEC XBRL quarterly revenue + USASpending.gov federal contract obligations,https://api.usaspending.gov/api/v2/search/spending_over_time/,2026-09-12,"4/4 quarters, obligations $0 / revenue $17967000000"
CL,2023,0.0,SEC XBRL quarterly revenue + USASpending.gov federal contract obligations,https://api.usaspending.gov/api/v2/search/spending_over_time/,2026-09-12,"4/4 quarters, obligations $0 / revenue $19457000000"
CL,2024,0.0,SEC XBRL quarterly revenue + USASpending.gov federal contract obligations,https://api.usaspending.gov/api/v2/search/spending_over_time/,2026-09-12,"4/4 quarters, obligations $0 / revenue $20101000000"
CL,2025,0.0,SEC XBRL quarterly revenue + USASpending.gov federal contract obligations,https://api.usaspending.gov/api/v2/search/spending_over_time/,2026-09-12,"4/4 quarters, obligations $0 / revenue $20382000000"
CLX,2018,0.0,SEC XBRL quarterly revenue + USASpending.gov federal contract obligations,https://api.usaspending.gov/api/v2/search/spending_over_time/,2026-09-12,"4/4 quarters, obligations $0 / revenue $6244000000"
CLX,2019,0.0,SEC XBRL quarterly revenue + USASpending.gov federal contract obligations,https://api.usaspending.gov/api/v2/search/spending_over_time/,2026-09-12,"4/4 quarters, obligations $0 / revenue $6133000000"
CLX,2020,0.0,SEC XBRL quarterly revenue + USASpending.gov federal contract obligations,https://api.usaspending.gov/api/v2/search/spending_over_time/,2026-09-12,"4/4 quarters, obligations $0 / revenue $7524000000"
CLX,2021,0.0,SEC XBRL quarterly revenue + USASpending.gov federal contract obligations,https://api.usaspending.gov/api/v2/search/spending_over_time/,2026-09-12,"4/4 quarters, obligations $0 / revenue $7080000000"
CLX,2022,0.0,SEC XBRL quarterly revenue + USASpending.gov federal contract obligations,https://api.usaspending.gov/api/v2/search/spending_over_time/,2026-09-12,"4/4 quarters, obligations $0 / revenue $7065000000"
CLX,2023,0.0,SEC XBRL quarterly revenue + USASpending.gov federal contract obligations,https://api.usaspending.gov/api/v2/search/spending_over_time/,2026-09-12,"4/4 quarters, obligations $0 / revenue $7310000000"
CLX,2024,0.0,SEC XBRL quarterly revenue + USASpending.gov federal contract obligations,https://api.usaspending.gov/api/v2/search/spending_over_time/,2026-09-12,"4/4 quarters, obligations $0 / revenue $7165000000"
CLX,2025,0.0,SEC XBRL quarterly revenue + USASpending.gov federal contract obligations,https://api.usaspending.gov/api/v2/search/spending_over_time/,2026-09-12,"4/4 quarters, obligations $0 / revenue $6758000000"
CMCSA,2018,0.0001,SEC XBRL quarterly revenue + USASpending.gov federal contract obligations,https://api.usaspending.gov/api/v2/search/spending_over_time/,2026-09-12,"4/4 quarters, obligations $7868135 / revenue $94507000000"
CMCSA,2019,0.0002,SEC XBRL quarterly revenue + USASpending.gov federal contract obligations,https://api.usaspending.gov/api/v2/search/spending_over_time/,2026-09-12,"4/4 quarters, obligations $19185755 / revenue $108942000000"
CMCSA,2020,0.0002,SEC XBRL quarterly revenue + USASpending.gov federal contract obligations,https://api.usaspending.gov/api/v2/search/spending_over_time/,2026-09-12,"4/4 quarters, obligations $25382878 / revenue $103564000000"
CMCSA,2021,0.0004,SEC XBRL quarterly revenue + USASpending.gov federal contract obligations,https://api.usaspending.gov/api/v2/search/spending_over_time/,2026-09-12,"4/4 quarters, obligations $50599206 / revenue $116385000000"
CMCSA,2022,0.0004,SEC XBRL quarterly revenue + USASpending.gov federal contract obligations,https://api.usaspending.gov/api/v2/search/spending_over_time/,2026-09-12,"4/4 quarters, obligations $49628509 / revenue $121427000000"
CMCSA,2023,0.0005,SEC XBRL quarterly revenue + USASpending.gov federal contract obligations,https://api.usaspending.gov/api/v2/search/spending_over_time/,2026-09-12,"4/4 quarters, obligations $57143387 / revenue $121572000000"
CMCSA,2024,0.0003,SEC XBRL quarterly revenue + USASpending.gov federal contract obligations,https://api.usaspending.gov/api/v2/search/spending_over_time/,2026-09-12,"4/4 quarters, obligations $34488337 / revenue $123731000000"
CMCSA,2025,0.0002,SEC XBRL quarterly revenue + USASpending.gov federal contract obligations,https://api.usaspending.gov/api/v2/search/spending_over_time/,2026-09-12,"4/4 quarters, obligations $23772067 / revenue $123707000000"
CME,2018,0.0741,SEC XBRL quarterly revenue + USASpending.gov federal contract obligations,https://api.usaspending.gov/api/v2/search/spending_over_time/,2026-09-12,"4/4 quarters, obligations $319263892 / revenue $4309400000"
CME,2019,0.029,SEC XBRL quarterly revenue + USASpending.gov federal contract obligations,https://api.usaspending.gov/api/v2/search/spending_over_time/,2026-09-12,"4/4 quarters, obligations $141359307 / revenue $4868000000"
CME,2020,0.0453,SEC XBRL quarterly revenue + USASpending.gov federal contract obligations,https://api.usaspending.gov/api/v2/search/spending_over_time/,2026-09-12,"4/4 quarters, obligations $221257219 / revenue $4883600000"
CME,2021,0.0486,SEC XBRL quarterly revenue + USASpending.gov federal contract obligations,https://api.usaspending.gov/api/v2/search/spending_over_time/,2026-09-12,"4/4 quarters, obligations $227750010 / revenue $4689700000"
CME,2022,0.0494,SEC XBRL quarterly revenue + USASpending.gov federal contract obligations,https://api.usaspending.gov/api/v2/search/spending_over_time/,2026-09-12,"4/4 quarters, obligations $247937403 / revenue $5019400000"
CME,2023,0.045,SEC XBRL quarterly revenue + USASpending.gov federal contract obligations,https://api.usaspending.gov/api/v2/search/spending_over_time/,2026-09-12,"4/4 quarters, obligations $250920714 / revenue $5578900000"
CME,2024,0.0391,SEC XBRL quarterly revenue + USASpending.gov federal contract obligations,https://api.usaspending.gov/api/v2/search/spending_over_time/,2026-09-12,"4/4 quarters, obligations $239964606 / revenue $6130100000"
CME,2025,0.0425,SEC XBRL quarterly revenue + USASpending.gov federal contract obligations,https://api.usaspending.gov/api/v2/search/spending_over_time/,2026-09-12,"4/4 quarters, obligations $277427083 / revenue $6520600000"
CMG,2018,0.0,SEC XBRL quarterly revenue + USASpending.gov federal contract obligations,https://api.usaspending.gov/api/v2/search/spending_over_time/,2026-09-12,"4/4 quarters, obligations $0 / revenue $4864985000"
CMG,2019,0.0,SEC XBRL quarterly revenue + USASpending.gov federal contract obligations,https://api.usaspending.gov/api/v2/search/spending_over_time/,2026-09-12,"4/4 quarters, obligations $0 / revenue $5586369000"
CMG,2020,0.0,SEC XBRL quarterly revenue + USASpending.gov federal contract obligations,https://api.usaspending.gov/api/v2/search/spending_over_time/,2026-09-12,"4/4 quarters, obligations $0 / revenue $5984634000"
CMG,2021,0.0,SEC XBRL quarterly revenue + USASpending.gov federal contract obligations,https://api.usaspending.gov/api/v2/search/spending_over_time/,2026-09-12,"4/4 quarters, obligations $0 / revenue $7547061000"
CMG,2022,0.0,SEC XBRL quarterly revenue + USASpending.gov federal contract obligations,https://api.usaspending.gov/api/v2/search/spending_over_time/,2026-09-12,"4/4 quarters, obligations $0 / revenue $8634652000"
CMG,2023,0.0,SEC XBRL quarterly revenue + USASpending.gov federal contract obligations,https://api.usaspending.gov/api/v2/search/spending_over_time/,2026-09-12,"4/4 quarters, obligations $0 / revenue $9871649000"
CMG,2024,0.0,SEC XBRL quarterly revenue + USASpending.gov federal contract obligations,https://api.usaspending.gov/api/v2/search/spending_over_time/,2026-09-12,"4/4 quarters, obligations $0 / revenue $11313853000"
CMG,2025,0.0,SEC XBRL quarterly revenue + USASpending.gov federal contract obligations,https://api.usaspending.gov/api/v2/search/spending_over_time/,2026-09-12,"4/4 quarters, obligations $0 / revenue $11925601000"
CMI,2018,0.0109,SEC XBRL quarterly revenue + USASpending.gov federal contract obligations,https://api.usaspending.gov/api/v2/search/spending_over_time/,2026-09-12,"3/4 quarters, obligations $191591975 / revenue $17639000000"
CMI,2019,0.0098,SEC XBRL quarterly revenue + USASpending.gov federal contract obligations,https://api.usaspending.gov/api/v2/search/spending_over_time/,2026-09-12,"4/4 quarters, obligations $229923115 / revenue $23571000000"
CMI,2020,0.01,SEC XBRL quarterly revenue + USASpending.gov federal contract obligations,https://api.usaspending.gov/api/v2/search/spending_over_time/,2026-09-12,"4/4 quarters, obligations $198164869 / revenue $19811000000"
CMI,2021,0.0039,SEC XBRL quarterly revenue + USASpending.gov federal contract obligations,https://api.usaspending.gov/api/v2/search/spending_over_time/,2026-09-12,"3/4 quarters, obligations $70484059 / revenue $18053000000"
CMI,2022,0.0068,SEC XBRL quarterly revenue + USASpending.gov federal contract obligations,https://api.usaspending.gov/api/v2/search/spending_over_time/,2026-09-12,"4/4 quarters, obligations $191623327 / revenue $28074000000"
CMI,2023,0.0071,SEC XBRL quarterly revenue + USASpending.gov federal contract obligations,https://api.usaspending.gov/api/v2/search/spending_over_time/,2026-09-12,"4/4 quarters, obligations $241715715 / revenue $34065000000"
CMI,2024,0.0055,SEC XBRL quarterly revenue + USASpending.gov federal contract obligations,https://api.usaspending.gov/api/v2/search/spending_over_time/,2026-09-12,"4/4 quarters, obligations $186391642 / revenue $34102000000"
CMI,2025,0.0089,SEC XBRL quarterly revenue + USASpending.gov federal contract obligations,https://api.usaspending.gov/api/v2/search/spending_over_time/,2026-09-12,"4/4 quarters, obligations $299607803 / revenue $33670000000"
CMS,2018,0.0,SEC XBRL quarterly revenue + USASpending.gov federal contract obligations,https://api.usaspending.gov/api/v2/search/spending_over_time/,2026-09-12,"4/4 quarters, obligations $179207 / revenue $6873000000"
CMS,2019,0.0005,SEC XBRL quarterly revenue + USASpending.gov federal contract obligations,https://api.usaspending.gov/api/v2/search/spending_over_time/,2026-09-12,"4/4 quarters, obligations $3440323 / revenue $6845000000"
CMS,2020,0.0,SEC XBRL quarterly revenue + USASpending.gov federal contract obligations,https://api.usaspending.gov/api/v2/search/spending_over_time/,2026-09-12,"4/4 quarters, obligations $72724 / revenue $6418000000"
CMS,2021,0.0,SEC XBRL quarterly revenue + USASpending.gov federal contract obligations,https://api.usaspending.gov/api/v2/search/spending_over_time/,2026-09-12,"4/4 quarters, obligations $-52346 / revenue $7181000000"
CMS,2022,0.0,SEC XBRL quarterly revenue + USASpending.gov federal contract obligations,https://api.usaspending.gov/api/v2/search/spending_over_time/,2026-09-12,"4/4 quarters, obligations $105000 / revenue $8320000000"
CMS,2023,0.0,SEC XBRL quarterly revenue + USASpending.gov federal contract obligations,https://api.usaspending.gov/api/v2/search/spending_over_time/,2026-09-12,"4/4 quarters, obligations $112286 / revenue $7261000000"
CMS,2024,0.0,SEC XBRL quarterly revenue + USASpending.gov federal contract obligations,https://api.usaspending.gov/api/v2/search/spending_over_time/,2026-09-12,"4/4 quarters, obligations $70250 / revenue $7320000000"
CMS,2025,0.0,SEC XBRL quarterly revenue + USASpending.gov federal contract obligations,https://api.usaspending.gov/api/v2/search/spending_over_time/,2026-09-12,"4/4 quarters, obligations $0 / revenue $8305000000"
CNC,2018,0.077,SEC XBRL quarterly revenue + USASpending.gov federal contract obligations,https://api.usaspending.gov/api/v2/search/spending_over_time/,2026-09-12,"4/4 quarters, obligations $4627120720 / revenue $60116000000"
CNC,2019,0.0311,SEC XBRL quarterly revenue + USASpending.gov federal contract obligations,https://api.usaspending.gov/api/v2/search/spending_over_time/,2026-09-12,"4/4 quarters, obligations $2217620897 / revenue $71215000000"
CNC,2020,0.0294,SEC XBRL quarterly revenue + USASpending.gov federal contract obligations,https://api.usaspending.gov/api/v2/search/spending_over_time/,2026-09-12,"4/4 quarters, obligations $3052451652 / revenue $103800000000"
CNC,2021,0.0303,SEC XBRL quarterly revenue + USASpending.gov federal contract obligations,https://api.usaspending.gov/api/v2/search/spending_over_time/,2026-09-12,"4/4 quarters, obligations $3569099812 / revenue $117983000000"
CNC,2022,0.0249,SEC XBRL quarterly revenue + USASpending.gov federal contract obligations,https://api.usaspending.gov/api/v2/search/spending_over_time/,2026-09-12,"4/4 quarters, obligations $3366894532 / revenue $135479000000"
CNC,2023,0.0249,SEC XBRL quarterly revenue + USASpending.gov federal contract obligations,https://api.usaspending.gov/api/v2/search/spending_over_time/,2026-09-12,"4/4 quarters, obligations $3490845631 / revenue $140095000000"
CNC,2024,0.0,SEC XBRL quarterly revenue + USASpending.gov federal contract obligations,https://api.usaspending.gov/api/v2/search/spending_over_time/,2026-09-12,"4/4 quarters, obligations $-64244 / revenue $145505000000"
CNC,2025,0.0,SEC XBRL quarterly revenue + USASpending.gov federal contract obligations,https://api.usaspending.gov/api/v2/search/spending_over_time/,2026-09-12,"4/4 quarters, obligations $11069 / revenue $174581000000"
CNP,2018,0.0018,SEC XBRL quarterly revenue + USASpending.gov federal contract obligations,https://api.usaspending.gov/api/v2/search/spending_over_time/,2026-09-12,"4/4 quarters, obligations $19244367 / revenue $10589000000"
CNP,2019,0.0067,SEC XBRL quarterly revenue + USASpending.gov federal contract obligations,https://api.usaspending.gov/api/v2/search/spending_over_time/,2026-09-12,"4/4 quarters, obligations $58605361 / revenue $8750000000"
CNP,2020,0.0077,SEC XBRL quarterly revenue + USASpending.gov federal contract obligations,https://api.usaspending.gov/api/v2/search/spending_over_time/,2026-09-12,"4/4 quarters, obligations $56827939 / revenue $7350000000"
CNP,2021,0.0114,SEC XBRL quarterly revenue + USASpending.gov federal contract obligations,https://api.usaspending.gov/api/v2/search/spending_over_time/,2026-09-12,"4/4 quarters, obligations $94247344 / revenue $8256000000"
CNP,2022,0.0087,SEC XBRL quarterly revenue + USASpending.gov federal contract obligations,https://api.usaspending.gov/api/v2/search/spending_over_time/,2026-09-12,"4/4 quarters, obligations $80923039 / revenue $9327000000"
CNP,2023,0.006,SEC XBRL quarterly revenue + USASpending.gov federal contract obligations,https://api.usaspending.gov/api/v2/search/spending_over_time/,2026-09-12,"4/4 quarters, obligations $51333283 / revenue $8612000000"
CNP,2024,0.0006,SEC XBRL quarterly revenue + USASpending.gov federal contract obligations,https://api.usaspending.gov/api/v2/search/spending_over_time/,2026-09-12,"4/4 quarters, obligations $5439451 / revenue $8552000000"
CNP,2025,0.0004,SEC XBRL quarterly revenue + USASpending.gov federal contract obligations,https://api.usaspending.gov/api/v2/search/spending_over_time/,2026-09-12,"4/4 quarters, obligations $4092377 / revenue $9337000000"
COF,2018,0.0,SEC XBRL quarterly revenue + USASpending.gov federal contract obligations,https://api.usaspending.gov/api/v2/search/spending_over_time/,2026-09-12,"4/4 quarters, obligations $0 / revenue $3431000000"
COF,2019,0.0,SEC XBRL quarterly revenue + USASpending.gov federal contract obligations,https://api.usaspending.gov/api/v2/search/spending_over_time/,2026-09-12,"4/4 quarters, obligations $0 / revenue $3820000000"
COF,2020,0.0,SEC XBRL quarterly revenue + USASpending.gov federal contract obligations,https://api.usaspending.gov/api/v2/search/spending_over_time/,2026-09-12,"4/4 quarters, obligations $0 / revenue $3737000000"
COF,2021,0.0,SEC XBRL quarterly revenue + USASpending.gov federal contract obligations,https://api.usaspending.gov/api/v2/search/spending_over_time/,2026-09-12,"4/4 quarters, obligations $0 / revenue $4780000000"
COF,2022,0.0,SEC XBRL quarterly revenue + USASpending.gov federal contract obligations,https://api.usaspending.gov/api/v2/search/spending_over_time/,2026-09-12,"4/4 quarters, obligations $0 / revenue $5417000000"
COF,2023,0.0,SEC XBRL quarterly revenue + USASpending.gov federal contract obligations,https://api.usaspending.gov/api/v2/search/spending_over_time/,2026-09-12,"4/4 quarters, obligations $0 / revenue $5645000000"
COF,2024,0.0,SEC XBRL quarterly revenue + USASpending.gov federal contract obligations,https://api.usaspending.gov/api/v2/search/spending_over_time/,2026-09-12,"4/4 quarters, obligations $0 / revenue $5915000000"
COF,2025,0.0,SEC XBRL quarterly revenue + USASpending.gov federal contract obligations,https://api.usaspending.gov/api/v2/search/spending_over_time/,2026-09-12,"4/4 quarters, obligations $0 / revenue $8062000000"
COHR,2018,0.0234,SEC XBRL quarterly revenue + USASpending.gov federal contract obligations,https://api.usaspending.gov/api/v2/search/spending_over_time/,2026-09-12,"4/4 quarters, obligations $29757979 / revenue $1273093000"
COHR,2019,0.0223,SEC XBRL quarterly revenue + USASpending.gov federal contract obligations,https://api.usaspending.gov/api/v2/search/spending_over_time/,2026-09-12,"4/4 quarters, obligations $38121436 / revenue $1711964000"
COHR,2020,0.0099,SEC XBRL quarterly revenue + USASpending.gov federal contract obligations,https://api.usaspending.gov/api/v2/search/spending_over_time/,2026-09-12,"4/4 quarters, obligations $28730972 / revenue $2887984000"
COHR,2021,0.0081,SEC XBRL quarterly revenue + USASpending.gov federal contract obligations,https://api.usaspending.gov/api/v2/search/spending_over_time/,2026-09-12,"4/4 quarters, obligations $25820063 / revenue $3193168000"
COHR,2022,0.0057,SEC XBRL quarterly revenue + USASpending.gov federal contract obligations,https://api.usaspending.gov/api/v2/search/spending_over_time/,2026-09-12,"4/4 quarters, obligations $25356393 / revenue $4429541000"
COHR,2023,0.0101,SEC XBRL quarterly revenue + USASpending.gov federal contract obligations,https://api.usaspending.gov/api/v2/search/spending_over_time/,2026-09-12,"4/4 quarters, obligations $46954247 / revenue $4629762000"
COHR,2024,0.0082,SEC XBRL quarterly revenue + USASpending.gov federal contract obligations,https://api.usaspending.gov/api/v2/search/spending_over_time/,2026-09-12,"4/4 quarters, obligations $43584052 / revenue $5305971000"
COHR,2025,0.0031,SEC XBRL quarterly revenue + USASpending.gov federal contract obligations,https://api.usaspending.gov/api/v2/search/spending_over_time/,2026-09-12,"4/4 quarters, obligations $19608201 / revenue $6294322000"
COIN,2020,0.0,SEC XBRL quarterly revenue + USASpending.gov federal contract obligations,https://api.usaspending.gov/api/v2/search/spending_over_time/,2026-09-12,"4/4 quarters, obligations $0 / revenue $1277481000"
COIN,2021,0.0,SEC XBRL quarterly revenue + USASpending.gov federal contract obligations,https://api.usaspending.gov/api/v2/search/spending_over_time/,2026-09-12,"4/4 quarters, obligations $0 / revenue $7839444000"
COIN,2022,0.0,SEC XBRL quarterly revenue + USASpending.gov federal contract obligations,https://api.usaspending.gov/api/v2/search/spending_over_time/,2026-09-12,"4/4 quarters, obligations $0 / revenue $3194208000"
COIN,2023,0.0,SEC XBRL quarterly revenue + USASpending.gov federal contract obligations,https://api.usaspending.gov/api/v2/search/spending_over_time/,2026-09-12,"4/4 quarters, obligations $0 / revenue $3108383000"
COIN,2024,0.0011,SEC XBRL quarterly revenue + USASpending.gov federal contract obligations,https://api.usaspending.gov/api/v2/search/spending_over_time/,2026-09-12,"4/4 quarters, obligations $6978347 / revenue $6564028000"
COIN,2025,0.0,SEC XBRL quarterly revenue + USASpending.gov federal contract obligations,https://api.usaspending.gov/api/v2/search/spending_over_time/,2026-09-12,"4/4 quarters, obligations $0 / revenue $7181325000"
COO,2018,0.0,SEC XBRL quarterly revenue + USASpending.gov federal contract obligations,https://api.usaspending.gov/api/v2/search/spending_over_time/,2026-09-12,"4/4 quarters, obligations $31537 / revenue $2532800000"
COO,2019,0.0,SEC XBRL quarterly revenue + USASpending.gov federal contract obligations,https://api.usaspending.gov/api/v2/search/spending_over_time/,2026-09-12,"4/4 quarters, obligations $57293 / revenue $2653400000"
COO,2020,0.0,SEC XBRL quarterly revenue + USASpending.gov federal contract obligations,https://api.usaspending.gov/api/v2/search/spending_over_time/,2026-09-12,"4/4 quarters, obligations $71242 / revenue $2430900000"
COO,2021,0.0,SEC XBRL quarterly revenue + USASpending.gov federal contract obligations,https://api.usaspending.gov/api/v2/search/spending_over_time/,2026-09-12,"4/4 quarters, obligations $84940 / revenue $2922500000"
COO,2022,0.0001,SEC XBRL quarterly revenue + USASpending.gov federal contract obligations,https://api.usaspending.gov/api/v2/search/spending_over_time/,2026-09-12,"4/4 quarters, obligations $186515 / revenue $3308400000"
COO,2023,0.0,SEC XBRL quarterly revenue + USASpending.gov federal contract obligations,https://api.usaspending.gov/api/v2/search/spending_over_time/,2026-09-12,"4/4 quarters, obligations $99285 / revenue $3593200000"
COO,2024,0.0,SEC XBRL quarterly revenue + USASpending.gov federal contract obligations,https://api.usaspending.gov/api/v2/search/spending_over_time/,2026-09-12,"4/4 quarters, obligations $0 / revenue $3895400000"
COO,2025,0.0,SEC XBRL quarterly revenue + USASpending.gov federal contract obligations,https://api.usaspending.gov/api/v2/search/spending_over_time/,2026-09-12,"4/4 quarters, obligations $0 / revenue $4092400000"
COP,2018,0.0,SEC XBRL quarterly revenue + USASpending.gov federal contract obligations,https://api.usaspending.gov/api/v2/search/spending_over_time/,2026-09-12,"4/4 quarters, obligations $0 / revenue $36417000000"
COP,2019,0.0,SEC XBRL quarterly revenue + USASpending.gov federal contract obligations,https://api.usaspending.gov/api/v2/search/spending_over_time/,2026-09-12,"4/4 quarters, obligations $0 / revenue $32567000000"
COP,2020,0.0,SEC XBRL quarterly revenue + USASpending.gov federal contract obligations,https://api.usaspending.gov/api/v2/search/spending_over_time/,2026-09-12,"4/4 quarters, obligations $0 / revenue $13662000000"
COP,2021,0.0,SEC XBRL quarterly revenue + USASpending.gov federal contract obligations,https://api.usaspending.gov/api/v2/search/spending_over_time/,2026-09-12,"4/4 quarters, obligations $0 / revenue $34590000000"
COP,2022,0.0,SEC XBRL quarterly revenue + USASpending.gov federal contract obligations,https://api.usaspending.gov/api/v2/search/spending_over_time/,2026-09-12,"4/4 quarters, obligations $0 / revenue $61049000000"
COP,2023,0.0,SEC XBRL quarterly revenue + USASpending.gov federal contract obligations,https://api.usaspending.gov/api/v2/search/spending_over_time/,2026-09-12,"4/4 quarters, obligations $0 / revenue $48522000000"
COP,2024,0.0,SEC XBRL quarterly revenue + USASpending.gov federal contract obligations,https://api.usaspending.gov/api/v2/search/spending_over_time/,2026-09-12,"4/4 quarters, obligations $0 / revenue $49418000000"
COP,2025,0.0,SEC XBRL quarterly revenue + USASpending.gov federal contract obligations,https://api.usaspending.gov/api/v2/search/spending_over_time/,2026-09-12,"4/4 quarters, obligations $0 / revenue $51824000000"
COR,2018,0.0,SEC XBRL quarterly revenue + USASpending.gov federal contract obligations,https://api.usaspending.gov/api/v2/search/spending_over_time/,2026-09-12,"4/4 quarters, obligations $0 / revenue $172865755000"
COR,2019,0.0,SEC XBRL quarterly revenue + USASpending.gov federal contract obligations,https://api.usaspending.gov/api/v2/search/spending_over_time/,2026-09-12,"4/4 quarters, obligations $0 / revenue $182061411000"
COR,2020,0.0022,SEC XBRL quarterly revenue + USASpending.gov federal contract obligations,https://api.usaspending.gov/api/v2/search/spending_over_time/,2026-09-12,"4/4 quarters, obligations $434125127 / revenue $194545740000"
COR,2021,0.0095,SEC XBRL quarterly revenue + USASpending.gov federal contract obligations,https://api.usaspending.gov/api/v2/search/spending_over_time/,2026-09-12,"4/4 quarters, obligations $2089582209 / revenue $221101097000"
COR,2022,0.006,SEC XBRL quarterly revenue + USASpending.gov federal contract obligations,https://api.usaspending.gov/api/v2/search/spending_over_time/,2026-09-12,"4/4 quarters, obligations $1462234057 / revenue $241805028000"
COR,2023,0.0091,SEC XBRL quarterly revenue + USASpending.gov federal contract obligations,https://api.usaspending.gov/api/v2/search/spending_over_time/,2026-09-12,"4/4 quarters, obligations $2483683661 / revenue $271579412000"
COR,2024,0.0038,SEC XBRL quarterly revenue + USASpending.gov federal contract obligations,https://api.usaspending.gov/api/v2/search/spending_over_time/,2026-09-12,"4/4 quarters, obligations $1160087599 / revenue $303192826000"
COR,2025,0.0,SEC XBRL quarterly revenue + USASpending.gov federal contract obligations,https://api.usaspending.gov/api/v2/search/spending_over_time/,2026-09-12,"4/4 quarters, obligations $205230 / revenue $325777775000"
COST,2018,0.0,SEC XBRL quarterly revenue + USASpending.gov federal contract obligations,https://api.usaspending.gov/api/v2/search/spending_over_time/,2026-09-12,"4/4 quarters, obligations $0 / revenue $144836000000"
COST,2019,0.0,SEC XBRL quarterly revenue + USASpending.gov federal contract obligations,https://api.usaspending.gov/api/v2/search/spending_over_time/,2026-09-12,"4/4 quarters, obligations $0 / revenue $154674000000"
COST,2020,0.0,SEC XBRL quarterly revenue + USASpending.gov federal contract obligations,https://api.usaspending.gov/api/v2/search/spending_over_time/,2026-09-12,"4/4 quarters, obligations $0 / revenue $172929000000"
COST,2021,0.0,SEC XBRL quarterly revenue + USASpending.gov federal contract obligations,https://api.usaspending.gov/api/v2/search/spending_over_time/,2026-09-12,"4/4 quarters, obligations $0 / revenue $203084000000"
COST,2022,0.0,SEC XBRL quarterly revenue + USASpending.gov federal contract obligations,https://api.usaspending.gov/api/v2/search/spending_over_time/,2026-09-12,"4/4 quarters, obligations $0 / revenue $231028000000"
COST,2023,0.0,SEC XBRL quarterly revenue + USASpending.gov federal contract obligations,https://api.usaspending.gov/api/v2/search/spending_over_time/,2026-09-12,"4/4 quarters, obligations $0 / revenue $245652000000"
COST,2024,0.0,SEC XBRL quarterly revenue + USASpending.gov federal contract obligations,https://api.usaspending.gov/api/v2/search/spending_over_time/,2026-09-12,"4/4 quarters, obligations $0 / revenue $258805000000"
COST,2025,0.0,SEC XBRL quarterly revenue + USASpending.gov federal contract obligations,https://api.usaspending.gov/api/v2/search/spending_over_time/,2026-09-12,"4/4 quarters, obligations $0 / revenue $280391000000"
CPAY,2018,0.0042,SEC XBRL quarterly revenue + USASpending.gov federal contract obligations,https://api.usaspending.gov/api/v2/search/spending_over_time/,2026-09-12,"4/4 quarters, obligations $10264658 / revenue $2433493000"
CPAY,2019,0.0014,SEC XBRL quarterly revenue + USASpending.gov federal contract obligations,https://api.usaspending.gov/api/v2/search/spending_over_time/,2026-09-12,"4/4 quarters, obligations $3607882 / revenue $2648848000"
CPAY,2020,0.0275,SEC XBRL quarterly revenue + USASpending.gov federal contract obligations,https://api.usaspending.gov/api/v2/search/spending_over_time/,2026-09-12,"4/4 quarters, obligations $65593851 / revenue $2388855000"
CPAY,2021,0.0672,SEC XBRL quarterly revenue + USASpending.gov federal contract obligations,https://api.usaspending.gov/api/v2/search/spending_over_time/,2026-09-12,"4/4 quarters, obligations $190439380 / revenue $2833736000"
CPAY,2022,0.0109,SEC XBRL quarterly revenue + USASpending.gov federal contract obligations,https://api.usaspending.gov/api/v2/search/spending_over_time/,2026-09-12,"4/4 quarters, obligations $37255467 / revenue $3427129000"
CPAY,2023,0.0171,SEC XBRL quarterly revenue + USASpending.gov federal contract obligations,https://api.usaspending.gov/api/v2/search/spending_over_time/,2026-09-12,"4/4 quarters, obligations $64360592 / revenue $3757719000"
CPAY,2024,0.004,SEC XBRL quarterly revenue + USASpending.gov federal contract obligations,https://api.usaspending.gov/api/v2/search/spending_over_time/,2026-09-12,"4/4 quarters, obligations $15867786 / revenue $3974589000"
CPAY,2025,0.0,SEC XBRL quarterly revenue + USASpending.gov federal contract obligations,https://api.usaspending.gov/api/v2/search/spending_over_time/,2026-09-12,"4/4 quarters, obligations $-108828980 / revenue $4528403000"
CPRT,2018,0.0,SEC XBRL quarterly revenue + USASpending.gov federal contract obligations,https://api.usaspending.gov/api/v2/search/spending_over_time/,2026-09-12,"4/4 quarters, obligations $0 / revenue $1847895000"
CPRT,2019,0.0,SEC XBRL quarterly revenue + USASpending.gov federal contract obligations,https://api.usaspending.gov/api/v2/search/spending_over_time/,2026-09-12,"4/4 quarters, obligations $0 / revenue $2135013000"
CPRT,2020,0.0,SEC XBRL quarterly revenue + USASpending.gov federal contract obligations,https://api.usaspending.gov/api/v2/search/spending_over_time/,2026-09-12,"4/4 quarters, obligations $0 / revenue $2244099000"
CPRT,2021,0.0,SEC XBRL quarterly revenue + USASpending.gov federal contract obligations,https://api.usaspending.gov/api/v2/search/spending_over_time/,2026-09-12,"4/4 quarters, obligations $0 / revenue $2909703000"
CPRT,2022,0.0,SEC XBRL quarterly revenue + USASpending.gov federal contract obligations,https://api.usaspending.gov/api/v2/search/spending_over_time/,2026-09-12,"4/4 quarters, obligations $0 / revenue $3584161000"
CPRT,2023,0.0,SEC XBRL quarterly revenue + USASpending.gov federal contract obligations,https://api.usaspending.gov/api/v2/search/spending_over_time/,2026-09-12,"4/4 quarters, obligations $0 / revenue $3996562000"
CPRT,2024,0.0,SEC XBRL quarterly revenue + USASpending.gov federal contract obligations,https://api.usaspending.gov/api/v2/search/spending_over_time/,2026-09-12,"4/4 quarters, obligations $0 / revenue $4363236000"
CPRT,2025,0.0,SEC XBRL quarterly revenue + USASpending.gov federal contract obligations,https://api.usaspending.gov/api/v2/search/spending_over_time/,2026-09-12,"4/4 quarters, obligations $0 / revenue $4655159000"
CPT,2018,0.0,SEC XBRL quarterly revenue + USASpending.gov federal contract obligations,https://api.usaspending.gov/api/v2/search/spending_over_time/,2026-09-12,"4/4 quarters, obligations $0 / revenue $479255000"
CPT,2019,0.0,SEC XBRL quarterly revenue + USASpending.gov federal contract obligations,https://api.usaspending.gov/api/v2/search/spending_over_time/,2026-09-12,"4/4 quarters, obligations $0 / revenue $8696000"
CPT,2020,0.0,SEC XBRL quarterly revenue + USASpending.gov federal contract obligations,https://api.usaspending.gov/api/v2/search/spending_over_time/,2026-09-12,"4/4 quarters, obligations $0 / revenue $10800000"
CPT,2021,0.0,SEC XBRL quarterly revenue + USASpending.gov federal contract obligations,https://api.usaspending.gov/api/v2/search/spending_over_time/,2026-09-12,"4/4 quarters, obligations $0 / revenue $10532000"
CPT,2022,0.0,SEC XBRL quarterly revenue + USASpending.gov federal contract obligations,https://api.usaspending.gov/api/v2/search/spending_over_time/,2026-09-12,"4/4 quarters, obligations $0 / revenue $5188000"
CPT,2023,0.0,SEC XBRL quarterly revenue + USASpending.gov federal contract obligations,https://api.usaspending.gov/api/v2/search/spending_over_time/,2026-09-12,"4/4 quarters, obligations $0 / revenue $3451000"
CPT,2024,0.0,SEC XBRL quarterly revenue + USASpending.gov federal contract obligations,https://api.usaspending.gov/api/v2/search/spending_over_time/,2026-09-12,"4/4 quarters, obligations $0 / revenue $7137000"
CPT,2025,0.0,SEC XBRL quarterly revenue + USASpending.gov federal contract obligations,https://api.usaspending.gov/api/v2/search/spending_over_time/,2026-09-12,"4/4 quarters, obligations $0 / revenue $12967000"
CRH,2023,0.0036,SEC XBRL quarterly revenue + USASpending.gov federal contract obligations,https://api.usaspending.gov/api/v2/search/spending_over_time/,2026-09-12,"4/4 quarters, obligations $127163022 / revenue $34949000000"
CRH,2024,0.0008,SEC XBRL quarterly revenue + USASpending.gov federal contract obligations,https://api.usaspending.gov/api/v2/search/spending_over_time/,2026-09-12,"4/4 quarters, obligations $29793453 / revenue $35572000000"
CRH,2025,0.0,SEC XBRL quarterly revenue + USASpending.gov federal contract obligations,https://api.usaspending.gov/api/v2/search/spending_over_time/,2026-09-12,"4/4 quarters, obligations $0 / revenue $37447000000"
CRL,2018,0.0187,SEC XBRL quarterly revenue + USASpending.gov federal contract obligations,https://api.usaspending.gov/api/v2/search/spending_over_time/,2026-09-12,"4/4 quarters, obligations $42392274 / revenue $2266096000"
CRL,2019,0.0216,SEC XBRL quarterly revenue + USASpending.gov federal contract obligations,https://api.usaspending.gov/api/v2/search/spending_over_time/,2026-09-12,"4/4 quarters, obligations $56680041 / revenue $2621226000"
CRL,2020,0.0199,SEC XBRL quarterly revenue + USASpending.gov federal contract obligations,https://api.usaspending.gov/api/v2/search/spending_over_time/,2026-09-12,"4/4 quarters, obligations $58278688 / revenue $2923933000"
CRL,2021,0.0152,SEC XBRL quarterly revenue + USASpending.gov federal contract obligations,https://api.usaspending.gov/api/v2/search/spending_over_time/,2026-09-12,"4/4 quarters, obligations $53744870 / revenue $3540160000"
CRL,2022,0.0155,SEC XBRL quarterly revenue + USASpending.gov federal contract obligations,https://api.usaspending.gov/api/v2/search/spending_over_time/,2026-09-12,"4/4 quarters, obligations $61815424 / revenue $3976060000"
CRL,2023,0.0087,SEC XBRL quarterly revenue + USASpending.gov federal contract obligations,https://api.usaspending.gov/api/v2/search/spending_over_time/,2026-09-12,"3/4 quarters, obligations $26802511 / revenue $3069472000"
CRL,2024,0.0067,SEC XBRL quarterly revenue + USASpending.gov federal contract obligations,https://api.usaspending.gov/api/v2/search/spending_over_time/,2026-09-12,"4/4 quarters, obligations $27172428 / revenue $4049989000"
CRL,2025,0.0162,SEC XBRL quarterly revenue + USASpending.gov federal contract obligations,https://api.usaspending.gov/api/v2/search/spending_over_time/,2026-09-12,"4/4 quarters, obligations $64903813 / revenue $4015382000"
CRM,2018,0.0,SEC XBRL quarterly revenue + USASpending.gov federal contract obligations,https://api.usaspending.gov/api/v2/search/spending_over_time/,2026-09-12,"4/4 quarters, obligations $31548 / revenue $12544000000"
CRM,2019,0.0,SEC XBRL quarterly revenue + USASpending.gov federal contract obligations,https://api.usaspending.gov/api/v2/search/spending_over_time/,2026-09-12,"4/4 quarters, obligations $54085 / revenue $15850000000"
CRM,2020,0.0,SEC XBRL quarterly revenue + USASpending.gov federal contract obligations,https://api.usaspending.gov/api/v2/search/spending_over_time/,2026-09-12,"4/4 quarters, obligations $10116 / revenue $20286000000"
CRM,2021,0.0,SEC XBRL quarterly revenue + USASpending.gov federal contract obligations,https://api.usaspending.gov/api/v2/search/spending_over_time/,2026-09-12,"4/4 quarters, obligations $53526 / revenue $24983000000"
CRM,2022,0.0,SEC XBRL quarterly revenue + USASpending.gov federal contract obligations,https://api.usaspending.gov/api/v2/search/spending_over_time/,2026-09-12,"4/4 quarters, obligations $168957 / revenue $30294000000"
CRM,2023,0.0,SEC XBRL quarterly revenue + USASpending.gov federal contract obligations,https://api.usaspending.gov/api/v2/search/spending_over_time/,2026-09-12,"4/4 quarters, obligations $174726 / revenue $33954000000"
CRM,2024,0.0008,SEC XBRL quarterly revenue + USASpending.gov federal contract obligations,https://api.usaspending.gov/api/v2/search/spending_over_time/,2026-09-12,"4/4 quarters, obligations $31427165 / revenue $37189000000"
CRM,2025,0.0003,SEC XBRL quarterly revenue + USASpending.gov federal contract obligations,https://api.usaspending.gov/api/v2/search/spending_over_time/,2026-09-12,"4/4 quarters, obligations $12149730 / revenue $40317000000"
CRWD,2018,0.0005,SEC XBRL quarterly revenue + USASpending.gov federal contract obligations,https://api.usaspending.gov/api/v2/search/spending_over_time/,2026-09-12,"3/4 quarters, obligations $81000 / revenue $169369000"
CRWD,2019,0.0,SEC XBRL quarterly revenue + USASpending.gov federal contract obligations,https://api.usaspending.gov/api/v2/search/spending_over_time/,2026-09-12,"4/4 quarters, obligations $-8100 / revenue $409759000"
CRWD,2020,0.0,SEC XBRL quarterly revenue + USASpending.gov federal contract obligations,https://api.usaspending.gov/api/v2/search/spending_over_time/,2026-09-12,"4/4 quarters, obligations $0 / revenue $761618000"
CRWD,2021,0.0,SEC XBRL quarterly revenue + USASpending.gov federal contract obligations,https://api.usaspending.gov/api/v2/search/spending_over_time/,2026-09-12,"4/4 quarters, obligations $0 / revenue $1285513000"
CRWD,2022,0.0,SEC XBRL quarterly revenue + USASpending.gov federal contract obligations,https://api.usaspending.gov/api/v2/search/spending_over_time/,2026-09-12,"4/4 quarters, obligations $0 / revenue $2034879000"
CRWD,2023,0.0,SEC XBRL quarterly revenue + USASpending.gov federal contract obligations,https://api.usaspending.gov/api/v2/search/spending_over_time/,2026-09-12,"4/4 quarters, obligations $-29700 / revenue $2847587000"
CRWD,2024,0.0,SEC XBRL quarterly revenue + USASpending.gov federal contract obligations,https://api.usaspending.gov/api/v2/search/spending_over_time/,2026-09-12,"4/4 quarters, obligations $0 / revenue $3740421000"
CRWD,2025,0.0,SEC XBRL quarterly revenue + USASpending.gov federal contract obligations,https://api.usaspending.gov/api/v2/search/spending_over_time/,2026-09-12,"4/4 quarters, obligations $0 / revenue $4565168000"
CSCO,2018,0.0,SEC XBRL quarterly revenue + USASpending.gov federal contract obligations,https://api.usaspending.gov/api/v2/search/spending_over_time/,2026-09-12,"4/4 quarters, obligations $0 / revenue $50266000000"
CSCO,2019,0.0,SEC XBRL quarterly revenue + USASpending.gov federal contract obligations,https://api.usaspending.gov/api/v2/search/spending_over_time/,2026-09-12,"4/4 quarters, obligations $0 / revenue $51991000000"
CSCO,2020,0.0008,SEC XBRL quarterly revenue + USASpending.gov federal contract obligations,https://api.usaspending.gov/api/v2/search/spending_over_time/,2026-09-12,"4/4 quarters, obligations $39447532 / revenue $48071000000"
CSCO,2021,0.0022,SEC XBRL quarterly revenue + USASpending.gov federal contract obligations,https://api.usaspending.gov/api/v2/search/spending_over_time/,2026-09-12,"4/4 quarters, obligations $110606385 / revenue $50789000000"
CSCO,2022,0.0,SEC XBRL quarterly revenue + USASpending.gov federal contract obligations,https://api.usaspending.gov/api/v2/search/spending_over_time/,2026-09-12,"4/4 quarters, obligations $1086201 / revenue $52289000000"
CSCO,2023,0.0,SEC XBRL quarterly revenue + USASpending.gov federal contract obligations,https://api.usaspending.gov/api/v2/search/spending_over_time/,2026-09-12,"4/4 quarters, obligations $35852 / revenue $58034000000"
CSCO,2024,0.0001,SEC XBRL quarterly revenue + USASpending.gov federal contract obligations,https://api.usaspending.gov/api/v2/search/spending_over_time/,2026-09-12,"4/4 quarters, obligations $7832449 / revenue $52976000000"
CSCO,2025,0.0002,SEC XBRL quarterly revenue + USASpending.gov federal contract obligations,https://api.usaspending.gov/api/v2/search/spending_over_time/,2026-09-12,"4/4 quarters, obligations $9618675 / revenue $57696000000"
CSGP,2018,0.012,SEC XBRL quarterly revenue + USASpending.gov federal contract obligations,https://api.usaspending.gov/api/v2/search/spending_over_time/,2026-09-12,"4/4 quarters, obligations $14319162 / revenue $1191832000"
CSGP,2019,0.0055,SEC XBRL quarterly revenue + USASpending.gov federal contract obligations,https://api.usaspending.gov/api/v2/search/spending_over_time/,2026-09-12,"4/4 quarters, obligations $7631112 / revenue $1399719000"
CSGP,2020,0.0036,SEC XBRL quarterly revenue + USASpending.gov federal contract obligations,https://api.usaspending.gov/api/v2/search/spending_over_time/,2026-09-12,"4/4 quarters, obligations $5893587 / revenue $1659019000"
CSGP,2021,0.0029,SEC XBRL quarterly revenue + USASpending.gov federal contract obligations,https://api.usaspending.gov/api/v2/search/spending_over_time/,2026-09-12,"4/4 quarters, obligations $5568158 / revenue $1944100000"
CSGP,2022,0.0027,SEC XBRL quarterly revenue + USASpending.gov federal contract obligations,https://api.usaspending.gov/api/v2/search/spending_over_time/,2026-09-12,"4/4 quarters, obligations $5884301 / revenue $2182400000"
CSGP,2023,0.0026,SEC XBRL quarterly revenue + USASpending.gov federal contract obligations,https://api.usaspending.gov/api/v2/search/spending_over_time/,2026-09-12,"4/4 quarters, obligations $6492382 / revenue $2455000000"
CSGP,2024,0.0023,SEC XBRL quarterly revenue + USASpending.gov federal contract obligations,https://api.usaspending.gov/api/v2/search/spending_over_time/,2026-09-12,"4/4 quarters, obligations $6413016 / revenue $2736000000"
CSGP,2025,0.0011,SEC XBRL quarterly revenue + USASpending.gov federal contract obligations,https://api.usaspending.gov/api/v2/search/spending_over_time/,2026-09-12,"4/4 quarters, obligations $3583171 / revenue $3247000000"
CSX,2018,0.0003,SEC XBRL quarterly revenue + USASpending.gov federal contract obligations,https://api.usaspending.gov/api/v2/search/spending_over_time/,2026-09-12,"4/4 quarters, obligations $4065859 / revenue $12250000000"
CSX,2019,0.0003,SEC XBRL quarterly revenue + USASpending.gov federal contract obligations,https://api.usaspending.gov/api/v2/search/spending_over_time/,2026-09-12,"4/4 quarters, obligations $3070140 / revenue $11937000000"
CSX,2020,0.001,SEC XBRL quarterly revenue + USASpending.gov federal contract obligations,https://api.usaspending.gov/api/v2/search/spending_over_time/,2026-09-12,"4/4 quarters, obligations $10965835 / revenue $10583000000"
CSX,2021,0.0017,SEC XBRL quarterly revenue + USASpending.gov federal contract obligations,https://api.usaspending.gov/api/v2/search/spending_over_time/,2026-09-12,"4/4 quarters, obligations $21675622 / revenue $12522000000"
CSX,2022,0.0023,SEC XBRL quarterly revenue + USASpending.gov federal contract obligations,https://api.usaspending.gov/api/v2/search/spending_over_time/,2026-09-12,"4/4 quarters, obligations $34740611 / revenue $14853000000"
CSX,2023,0.0012,SEC XBRL quarterly revenue + USASpending.gov federal contract obligations,https://api.usaspending.gov/api/v2/search/spending_over_time/,2026-09-12,"4/4 quarters, obligations $17801023 / revenue $14657000000"
CSX,2024,0.0021,SEC XBRL quarterly revenue + USASpending.gov federal contract obligations,https://api.usaspending.gov/api/v2/search/spending_over_time/,2026-09-12,"4/4 quarters, obligations $30046675 / revenue $14540000000"
CSX,2025,0.0008,SEC XBRL quarterly revenue + USASpending.gov federal contract obligations,https://api.usaspending.gov/api/v2/search/spending_over_time/,2026-09-12,"4/4 quarters, obligations $10574521 / revenue $14092000000"
CTAS,2018,0.0002,SEC XBRL quarterly revenue + USASpending.gov federal contract obligations,https://api.usaspending.gov/api/v2/search/spending_over_time/,2026-09-12,"4/4 quarters, obligations $1241704 / revenue $6674931000"
CTAS,2019,0.0002,SEC XBRL quarterly revenue + USASpending.gov federal contract obligations,https://api.usaspending.gov/api/v2/search/spending_over_time/,2026-09-12,"4/4 quarters, obligations $1156938 / revenue $7130948000"
CTAS,2020,0.0002,SEC XBRL quarterly revenue + USASpending.gov federal contract obligations,https://api.usaspending.gov/api/v2/search/spending_over_time/,2026-09-12,"4/4 quarters, obligations $1606528 / revenue $6933855000"
CTAS,2021,0.0002,SEC XBRL quarterly revenue + USASpending.gov federal contract obligations,https://api.usaspending.gov/api/v2/search/spending_over_time/,2026-09-12,"4/4 quarters, obligations $1603653 / revenue $7431948000"
CTAS,2022,0.0002,SEC XBRL quarterly revenue + USASpending.gov federal contract obligations,https://api.usaspending.gov/api/v2/search/spending_over_time/,2026-09-12,"4/4 quarters, obligations $1291910 / revenue $8376540000"
CTAS,2023,0.0001,SEC XBRL quarterly revenue + USASpending.gov federal contract obligations,https://api.usaspending.gov/api/v2/search/spending_over_time/,2026-09-12,"4/4 quarters, obligations $1102924 / revenue $9193964000"
CTAS,2024,0.0001,SEC XBRL quarterly revenue + USASpending.gov federal contract obligations,https://api.usaspending.gov/api/v2/search/spending_over_time/,2026-09-12,"4/4 quarters, obligations $973368 / revenue $9940478000"
CTAS,2025,0.0001,SEC XBRL quarterly revenue + USASpending.gov federal contract obligations,https://api.usaspending.gov/api/v2/search/spending_over_time/,2026-09-12,"4/4 quarters, obligations $977175 / revenue $10794925000"
CTSH,2018,0.0,SEC XBRL quarterly revenue + USASpending.gov federal contract obligations,https://api.usaspending.gov/api/v2/search/spending_over_time/,2026-09-12,"3/4 quarters, obligations $0 / revenue $11996000000"
CTVA,2018,0.0,SEC XBRL quarterly revenue + USASpending.gov federal contract obligations,https://api.usaspending.gov/api/v2/search/spending_over_time/,2026-09-12,"4/4 quarters, obligations $0 / revenue $14287000000"
CTVA,2019,0.0,SEC XBRL quarterly revenue + USASpending.gov federal contract obligations,https://api.usaspending.gov/api/v2/search/spending_over_time/,2026-09-12,"4/4 quarters, obligations $0 / revenue $13846000000"
CTVA,2020,0.0,SEC XBRL quarterly revenue + USASpending.gov federal contract obligations,https://api.usaspending.gov/api/v2/search/spending_over_time/,2026-09-12,"4/4 quarters, obligations $0 / revenue $14217000000"
CTVA,2021,0.0,SEC XBRL quarterly revenue + USASpending.gov federal contract obligations,https://api.usaspending.gov/api/v2/search/spending_over_time/,2026-09-12,"4/4 quarters, obligations $0 / revenue $15655000000"
CTVA,2022,0.0,SEC XBRL quarterly revenue + USASpending.gov federal contract obligations,https://api.usaspending.gov/api/v2/search/spending_over_time/,2026-09-12,"4/4 quarters, obligations $0 / revenue $17455000000"
CTVA,2023,0.0,SEC XBRL quarterly revenue + USASpending.gov federal contract obligations,https://api.usaspending.gov/api/v2/search/spending_over_time/,2026-09-12,"4/4 quarters, obligations $37000 / revenue $17226000000"
CTVA,2024,0.0,SEC XBRL quarterly revenue + USASpending.gov federal contract obligations,https://api.usaspending.gov/api/v2/search/spending_over_time/,2026-09-12,"4/4 quarters, obligations $-18700 / revenue $16908000000"
CTVA,2025,0.0,SEC XBRL quarterly revenue + USASpending.gov federal contract obligations,https://api.usaspending.gov/api/v2/search/spending_over_time/,2026-09-12,"4/4 quarters, obligations $0 / revenue $17401000000"
CVNA,2018,0.0,SEC XBRL quarterly revenue + USASpending.gov federal contract obligations,https://api.usaspending.gov/api/v2/search/spending_over_time/,2026-09-12,"4/4 quarters, obligations $0 / revenue $1955468000"
CVNA,2019,0.0,SEC XBRL quarterly revenue + USASpending.gov federal contract obligations,https://api.usaspending.gov/api/v2/search/spending_over_time/,2026-09-12,"4/4 quarters, obligations $0 / revenue $3939896000"
CVNA,2020,0.0,SEC XBRL quarterly revenue + USASpending.gov federal contract obligations,https://api.usaspending.gov/api/v2/search/spending_over_time/,2026-09-12,"4/4 quarters, obligations $0 / revenue $5586406000"
CVNA,2021,0.0,SEC XBRL quarterly revenue + USASpending.gov federal contract obligations,https://api.usaspending.gov/api/v2/search/spending_over_time/,2026-09-12,"4/4 quarters, obligations $0 / revenue $12814000000"
CVNA,2022,0.0,SEC XBRL quarterly revenue + USASpending.gov federal contract obligations,https://api.usaspending.gov/api/v2/search/spending_over_time/,2026-09-12,"4/4 quarters, obligations $0 / revenue $13604000000"
CVNA,2023,0.0,SEC XBRL quarterly revenue + USASpending.gov federal contract obligations,https://api.usaspending.gov/api/v2/search/spending_over_time/,2026-09-12,"4/4 quarters, obligations $0 / revenue $10771000000"
CVNA,2024,0.0,SEC XBRL quarterly revenue + USASpending.gov federal contract obligations,https://api.usaspending.gov/api/v2/search/spending_over_time/,2026-09-12,"4/4 quarters, obligations $0 / revenue $13673000000"
CVNA,2025,0.0,SEC XBRL quarterly revenue + USASpending.gov federal contract obligations,https://api.usaspending.gov/api/v2/search/spending_over_time/,2026-09-12,"4/4 quarters, obligations $0 / revenue $20322000000"
CVS,2018,0.0,SEC XBRL quarterly revenue + USASpending.gov federal contract obligations,https://api.usaspending.gov/api/v2/search/spending_over_time/,2026-09-12,"4/4 quarters, obligations $281308 / revenue $194579000000"
CVS,2019,0.0,SEC XBRL quarterly revenue + USASpending.gov federal contract obligations,https://api.usaspending.gov/api/v2/search/spending_over_time/,2026-09-12,"4/4 quarters, obligations $209228 / revenue $256776000000"
CVS,2020,0.0002,SEC XBRL quarterly revenue + USASpending.gov federal contract obligations,https://api.usaspending.gov/api/v2/search/spending_over_time/,2026-09-12,"4/4 quarters, obligations $47512005 / revenue $268706000000"
CVS,2021,0.0006,SEC XBRL quarterly revenue + USASpending.gov federal contract obligations,https://api.usaspending.gov/api/v2/search/spending_over_time/,2026-09-12,"4/4 quarters, obligations $161923902 / revenue $292111000000"
CVS,2022,0.0008,SEC XBRL quarterly revenue + USASpending.gov federal contract obligations,https://api.usaspending.gov/api/v2/search/spending_over_time/,2026-09-12,"4/4 quarters, obligations $263969992 / revenue $322467000000"
CVS,2023,0.0004,SEC XBRL quarterly revenue + USASpending.gov federal contract obligations,https://api.usaspending.gov/api/v2/search/spending_over_time/,2026-09-12,"4/4 quarters, obligations $130286772 / revenue $357776000000"
CVS,2024,0.0001,SEC XBRL quarterly revenue + USASpending.gov federal contract obligations,https://api.usaspending.gov/api/v2/search/spending_over_time/,2026-09-12,"4/4 quarters, obligations $19887338 / revenue $372809000000"
CVS,2025,0.0,SEC XBRL quarterly revenue + USASpending.gov federal contract obligations,https://api.usaspending.gov/api/v2/search/spending_over_time/,2026-09-12,"4/4 quarters, obligations $6707029 / revenue $402067000000"
CVX,2018,0.0002,SEC XBRL quarterly revenue + USASpending.gov federal contract obligations,https://api.usaspending.gov/api/v2/search/spending_over_time/,2026-09-12,"4/4 quarters, obligations $35578231 / revenue $158902000000"
CVX,2019,0.0001,SEC XBRL quarterly revenue + USASpending.gov federal contract obligations,https://api.usaspending.gov/api/v2/search/spending_over_time/,2026-09-12,"4/4 quarters, obligations $15487565 / revenue $139865000000"
CVX,2020,0.001,SEC XBRL quarterly revenue + USASpending.gov federal contract obligations,https://api.usaspending.gov/api/v2/search/spending_over_time/,2026-09-12,"4/4 quarters, obligations $96233902 / revenue $94471000000"
CVX,2021,0.0003,SEC XBRL quarterly revenue + USASpending.gov federal contract obligations,https://api.usaspending.gov/api/v2/search/spending_over_time/,2026-09-12,"4/4 quarters, obligations $54359312 / revenue $155606000000"
CVX,2022,0.0009,SEC XBRL quarterly revenue + USASpending.gov federal contract obligations,https://api.usaspending.gov/api/v2/search/spending_over_time/,2026-09-12,"4/4 quarters, obligations $219575748 / revenue $235717000000"
CVX,2023,0.0009,SEC XBRL quarterly revenue + USASpending.gov federal contract obligations,https://api.usaspending.gov/api/v2/search/spending_over_time/,2026-09-12,"4/4 quarters, obligations $170196703 / revenue $196913000000"
CVX,2024,0.0008,SEC XBRL quarterly revenue + USASpending.gov federal contract obligations,https://api.usaspending.gov/api/v2/search/spending_over_time/,2026-09-12,"4/4 quarters, obligations $162681042 / revenue $193414000000"
CVX,2025,0.0014,SEC XBRL quarterly revenue + USASpending.gov federal contract obligations,https://api.usaspending.gov/api/v2/search/spending_over_time/,2026-09-12,"4/4 quarters, obligations $265873268 / revenue $184432000000"
D,2018,0.0057,SEC XBRL quarterly revenue + USASpending.gov federal contract obligations,https://api.usaspending.gov/api/v2/search/spending_over_time/,2026-09-12,"4/4 quarters, obligations $76154584 / revenue $13366000000"
D,2019,0.0063,SEC XBRL quarterly revenue + USASpending.gov federal contract obligations,https://api.usaspending.gov/api/v2/search/spending_over_time/,2026-09-12,"4/4 quarters, obligations $91307495 / revenue $14401000000"
D,2020,0.0062,SEC XBRL quarterly revenue + USASpending.gov federal contract obligations,https://api.usaspending.gov/api/v2/search/spending_over_time/,2026-09-12,"4/4 quarters, obligations $85932484 / revenue $13886000000"
D,2021,0.0075,SEC XBRL quarterly revenue + USASpending.gov federal contract obligations,https://api.usaspending.gov/api/v2/search/spending_over_time/,2026-09-12,"4/4 quarters, obligations $87602810 / revenue $11661000000"
D,2022,0.0079,SEC XBRL quarterly revenue + USASpending.gov federal contract obligations,https://api.usaspending.gov/api/v2/search/spending_over_time/,2026-09-12,"4/4 quarters, obligations $110712543 / revenue $13938000000"
D,2023,0.008,SEC XBRL quarterly revenue + USASpending.gov federal contract obligations,https://api.usaspending.gov/api/v2/search/spending_over_time/,2026-09-12,"4/4 quarters, obligations $114617262 / revenue $14393000000"
D,2024,0.0075,SEC XBRL quarterly revenue + USASpending.gov federal contract obligations,https://api.usaspending.gov/api/v2/search/spending_over_time/,2026-09-12,"4/4 quarters, obligations $108003488 / revenue $14459000000"
D,2025,0.0097,SEC XBRL quarterly revenue + USASpending.gov federal contract obligations,https://api.usaspending.gov/api/v2/search/spending_over_time/,2026-09-12,"4/4 quarters, obligations $159975265 / revenue $16515000000"
DAL,2018,0.001,SEC XBRL quarterly revenue + USASpending.gov federal contract obligations,https://api.usaspending.gov/api/v2/search/spending_over_time/,2026-09-12,"4/4 quarters, obligations $43515662 / revenue $44438000000"
DAL,2019,0.0018,SEC XBRL quarterly revenue + USASpending.gov federal contract obligations,https://api.usaspending.gov/api/v2/search/spending_over_time/,2026-09-12,"4/4 quarters, obligations $86019812 / revenue $47007000000"
DAL,2020,0.0052,SEC XBRL quarterly revenue + USASpending.gov federal contract obligations,https://api.usaspending.gov/api/v2/search/spending_over_time/,2026-09-12,"4/4 quarters, obligations $89460359 / revenue $17095000000"
DAL,2021,0.0017,SEC XBRL quarterly revenue + USASpending.gov federal contract obligations,https://api.usaspending.gov/api/v2/search/spending_over_time/,2026-09-12,"4/4 quarters, obligations $50019771 / revenue $29899000000"
DAL,2022,0.0005,SEC XBRL quarterly revenue + USASpending.gov federal contract obligations,https://api.usaspending.gov/api/v2/search/spending_over_time/,2026-09-12,"4/4 quarters, obligations $26909450 / revenue $50582000000"
DAL,2023,0.0002,SEC XBRL quarterly revenue + USASpending.gov federal contract obligations,https://api.usaspending.gov/api/v2/search/spending_over_time/,2026-09-12,"4/4 quarters, obligations $9301966 / revenue $58048000000"
DAL,2024,0.0003,SEC XBRL quarterly revenue + USASpending.gov federal contract obligations,https://api.usaspending.gov/api/v2/search/spending_over_time/,2026-09-12,"4/4 quarters, obligations $19019948 / revenue $61643000000"
DAL,2025,0.0003,SEC XBRL quarterly revenue + USASpending.gov federal contract obligations,https://api.usaspending.gov/api/v2/search/spending_over_time/,2026-09-12,"4/4 quarters, obligations $19151308 / revenue $63364000000"
DASH,2020,0.0,SEC XBRL quarterly revenue + USASpending.gov federal contract obligations,https://api.usaspending.gov/api/v2/search/spending_over_time/,2026-09-12,"4/4 quarters, obligations $0 / revenue $2886000000"
DASH,2021,0.0,SEC XBRL quarterly revenue + USASpending.gov federal contract obligations,https://api.usaspending.gov/api/v2/search/spending_over_time/,2026-09-12,"4/4 quarters, obligations $0 / revenue $4888000000"
DASH,2022,0.0,SEC XBRL quarterly revenue + USASpending.gov federal contract obligations,https://api.usaspending.gov/api/v2/search/spending_over_time/,2026-09-12,"4/4 quarters, obligations $0 / revenue $6583000000"
DASH,2023,0.0,SEC XBRL quarterly revenue + USASpending.gov federal contract obligations,https://api.usaspending.gov/api/v2/search/spending_over_time/,2026-09-12,"4/4 quarters, obligations $0 / revenue $8635000000"
DASH,2024,0.0,SEC XBRL quarterly revenue + USASpending.gov federal contract obligations,https://api.usaspending.gov/api/v2/search/spending_over_time/,2026-09-12,"4/4 quarters, obligations $0 / revenue $10722000000"
DASH,2025,0.0,SEC XBRL quarterly revenue + USASpending.gov federal contract obligations,https://api.usaspending.gov/api/v2/search/spending_over_time/,2026-09-12,"4/4 quarters, obligations $0 / revenue $13717000000"
DD,2018,0.0002,SEC XBRL quarterly revenue + USASpending.gov federal contract obligations,https://api.usaspending.gov/api/v2/search/spending_over_time/,2026-09-12,"4/4 quarters, obligations $3510167 / revenue $22594000000"
DD,2019,0.0001,SEC XBRL quarterly revenue + USASpending.gov federal contract obligations,https://api.usaspending.gov/api/v2/search/spending_over_time/,2026-09-12,"4/4 quarters, obligations $2402046 / revenue $21512000000"
DD,2020,0.0003,SEC XBRL quarterly revenue + USASpending.gov federal contract obligations,https://api.usaspending.gov/api/v2/search/spending_over_time/,2026-09-12,"4/4 quarters, obligations $5484527 / revenue $15840000000"
DD,2021,0.0002,SEC XBRL quarterly revenue + USASpending.gov federal contract obligations,https://api.usaspending.gov/api/v2/search/spending_over_time/,2026-09-12,"4/4 quarters, obligations $2451092 / revenue $12566000000"
DD,2022,0.0001,SEC XBRL quarterly revenue + USASpending.gov federal contract obligations,https://api.usaspending.gov/api/v2/search/spending_over_time/,2026-09-12,"4/4 quarters, obligations $1208221 / revenue $13017000000"
DD,2023,0.0002,SEC XBRL quarterly revenue + USASpending.gov federal contract obligations,https://api.usaspending.gov/api/v2/search/spending_over_time/,2026-09-12,"4/4 quarters, obligations $1324021 / revenue $6614000000"
DD,2024,0.0,SEC XBRL quarterly revenue + USASpending.gov federal contract obligations,https://api.usaspending.gov/api/v2/search/spending_over_time/,2026-09-12,"4/4 quarters, obligations $29370 / revenue $6719000000"
DD,2025,0.0,SEC XBRL quarterly revenue + USASpending.gov federal contract obligations,https://api.usaspending.gov/api/v2/search/spending_over_time/,2026-09-12,"4/4 quarters, obligations $29400 / revenue $6849000000"
DDOG,2019,0.0,SEC XBRL quarterly revenue + USASpending.gov federal contract obligations,https://api.usaspending.gov/api/v2/search/spending_over_time/,2026-09-12,"4/4 quarters, obligations $0 / revenue $362780000"
DDOG,2020,0.0,SEC XBRL quarterly revenue + USASpending.gov federal contract obligations,https://api.usaspending.gov/api/v2/search/spending_over_time/,2026-09-12,"4/4 quarters, obligations $0 / revenue $603466000"
DDOG,2021,0.0,SEC XBRL quarterly revenue + USASpending.gov federal contract obligations,https://api.usaspending.gov/api/v2/search/spending_over_time/,2026-09-12,"4/4 quarters, obligations $0 / revenue $1028784000"
DDOG,2022,0.0,SEC XBRL quarterly revenue + USASpending.gov federal contract obligations,https://api.usaspending.gov/api/v2/search/spending_over_time/,2026-09-12,"4/4 quarters, obligations $0 / revenue $1675100000"
DDOG,2023,0.0,SEC XBRL quarterly revenue + USASpending.gov federal contract obligations,https://api.usaspending.gov/api/v2/search/spending_over_time/,2026-09-12,"4/4 quarters, obligations $0 / revenue $2128359000"
DDOG,2024,0.0,SEC XBRL quarterly revenue + USASpending.gov federal contract obligations,https://api.usaspending.gov/api/v2/search/spending_over_time/,2026-09-12,"4/4 quarters, obligations $0 / revenue $2684275000"
DDOG,2025,0.0,SEC XBRL quarterly revenue + USASpending.gov federal contract obligations,https://api.usaspending.gov/api/v2/search/spending_over_time/,2026-09-12,"4/4 quarters, obligations $0 / revenue $3427158000"
DE,2018,0.001,SEC XBRL quarterly revenue + USASpending.gov federal contract obligations,https://api.usaspending.gov/api/v2/search/spending_over_time/,2026-09-12,"4/4 quarters, obligations $39203727 / revenue $37358000000"
DE,2019,0.001,SEC XBRL quarterly revenue + USASpending.gov federal contract obligations,https://api.usaspending.gov/api/v2/search/spending_over_time/,2026-09-12,"4/4 quarters, obligations $38066442 / revenue $39258000000"
DE,2020,0.0008,SEC XBRL quarterly revenue + USASpending.gov federal contract obligations,https://api.usaspending.gov/api/v2/search/spending_over_time/,2026-09-12,"4/4 quarters, obligations $29968451 / revenue $35540000000"
DE,2021,0.0006,SEC XBRL quarterly revenue + USASpending.gov federal contract obligations,https://api.usaspending.gov/api/v2/search/spending_over_time/,2026-09-12,"4/4 quarters, obligations $26363640 / revenue $44024000000"
DE,2022,0.0004,SEC XBRL quarterly revenue + USASpending.gov federal contract obligations,https://api.usaspending.gov/api/v2/search/spending_over_time/,2026-09-12,"4/4 quarters, obligations $22282855 / revenue $52577000000"
DE,2023,0.0004,SEC XBRL quarterly revenue + USASpending.gov federal contract obligations,https://api.usaspending.gov/api/v2/search/spending_over_time/,2026-09-12,"4/4 quarters, obligations $26544801 / revenue $61251000000"
DE,2024,0.0003,SEC XBRL quarterly revenue + USASpending.gov federal contract obligations,https://api.usaspending.gov/api/v2/search/spending_over_time/,2026-09-12,"4/4 quarters, obligations $13509282 / revenue $51716000000"
DE,2025,0.0002,SEC XBRL quarterly revenue + USASpending.gov federal contract obligations,https://api.usaspending.gov/api/v2/search/spending_over_time/,2026-09-12,"4/4 quarters, obligations $7993966 / revenue $45684000000"
DECK,2018,0.0,SEC XBRL quarterly revenue + USASpending.gov federal contract obligations,https://api.usaspending.gov/api/v2/search/spending_over_time/,2026-09-12,"4/4 quarters, obligations $0 / revenue $2026991000"
DECK,2019,0.0,SEC XBRL quarterly revenue + USASpending.gov federal contract obligations,https://api.usaspending.gov/api/v2/search/spending_over_time/,2026-09-12,"4/4 quarters, obligations $0 / revenue $2151909000"
DECK,2020,0.0,SEC XBRL quarterly revenue + USASpending.gov federal contract obligations,https://api.usaspending.gov/api/v2/search/spending_over_time/,2026-09-12,"4/4 quarters, obligations $0 / revenue $2359363000"
DECK,2021,0.0,SEC XBRL quarterly revenue + USASpending.gov federal contract obligations,https://api.usaspending.gov/api/v2/search/spending_over_time/,2026-09-12,"4/4 quarters, obligations $0 / revenue $2975520000"
DECK,2022,0.0,SEC XBRL quarterly revenue + USASpending.gov federal contract obligations,https://api.usaspending.gov/api/v2/search/spending_over_time/,2026-09-12,"4/4 quarters, obligations $0 / revenue $3571722000"
DECK,2023,0.0,SEC XBRL quarterly revenue + USASpending.gov federal contract obligations,https://api.usaspending.gov/api/v2/search/spending_over_time/,2026-09-12,"4/4 quarters, obligations $0 / revenue $4119576000"
DECK,2024,0.0,SEC XBRL quarterly revenue + USASpending.gov federal contract obligations,https://api.usaspending.gov/api/v2/search/spending_over_time/,2026-09-12,"4/4 quarters, obligations $0 / revenue $4923590000"
DECK,2025,0.0,SEC XBRL quarterly revenue + USASpending.gov federal contract obligations,https://api.usaspending.gov/api/v2/search/spending_over_time/,2026-09-12,"4/4 quarters, obligations $0 / revenue $5374707000"
DELL,2018,0.0098,SEC XBRL quarterly revenue + USASpending.gov federal contract obligations,https://api.usaspending.gov/api/v2/search/spending_over_time/,2026-09-12,"4/4 quarters, obligations $873883817 / revenue $88743000000"
DELL,2019,0.0169,SEC XBRL quarterly revenue + USASpending.gov federal contract obligations,https://api.usaspending.gov/api/v2/search/spending_over_time/,2026-09-12,"4/4 quarters, obligations $1549950321 / revenue $91963000000"
DELL,2020,0.0247,SEC XBRL quarterly revenue + USASpending.gov federal contract obligations,https://api.usaspending.gov/api/v2/search/spending_over_time/,2026-09-12,"4/4 quarters, obligations $2135842282 / revenue $86552000000"
DELL,2021,0.0247,SEC XBRL quarterly revenue + USASpending.gov federal contract obligations,https://api.usaspending.gov/api/v2/search/spending_over_time/,2026-09-12,"4/4 quarters, obligations $2408804948 / revenue $97355000000"
DELL,2022,0.0268,SEC XBRL quarterly revenue + USASpending.gov federal contract obligations,https://api.usaspending.gov/api/v2/search/spending_over_time/,2026-09-12,"4/4 quarters, obligations $2822208130 / revenue $105254000000"
DELL,2023,0.0328,SEC XBRL quarterly revenue + USASpending.gov federal contract obligations,https://api.usaspending.gov/api/v2/search/spending_over_time/,2026-09-12,"4/4 quarters, obligations $2993202199 / revenue $91146000000"
DELL,2024,0.0015,SEC XBRL quarterly revenue + USASpending.gov federal contract obligations,https://api.usaspending.gov/api/v2/search/spending_over_time/,2026-09-12,"4/4 quarters, obligations $137375414 / revenue $93954000000"
DELL,2025,0.0,SEC XBRL quarterly revenue + USASpending.gov federal contract obligations,https://api.usaspending.gov/api/v2/search/spending_over_time/,2026-09-12,"4/4 quarters, obligations $0 / revenue $104090000000"
DG,2018,0.0,SEC XBRL quarterly revenue + USASpending.gov federal contract obligations,https://api.usaspending.gov/api/v2/search/spending_over_time/,2026-09-12,"4/4 quarters, obligations $0 / revenue $25104665000"
DG,2019,0.0,SEC XBRL quarterly revenue + USASpending.gov federal contract obligations,https://api.usaspending.gov/api/v2/search/spending_over_time/,2026-09-12,"4/4 quarters, obligations $0 / revenue $27246140000"
DG,2020,0.0,SEC XBRL quarterly revenue + USASpending.gov federal contract obligations,https://api.usaspending.gov/api/v2/search/spending_over_time/,2026-09-12,"4/4 quarters, obligations $0 / revenue $32489957000"
DG,2021,0.0,SEC XBRL quarterly revenue + USASpending.gov federal contract obligations,https://api.usaspending.gov/api/v2/search/spending_over_time/,2026-09-12,"4/4 quarters, obligations $0 / revenue $33983525000"
DG,2022,0.0,SEC XBRL quarterly revenue + USASpending.gov federal contract obligations,https://api.usaspending.gov/api/v2/search/spending_over_time/,2026-09-12,"4/4 quarters, obligations $0 / revenue $36293404000"
DG,2023,0.0,SEC XBRL quarterly revenue + USASpending.gov federal contract obligations,https://api.usaspending.gov/api/v2/search/spending_over_time/,2026-09-12,"4/4 quarters, obligations $0 / revenue $39036002000"
DG,2024,0.0,SEC XBRL quarterly revenue + USASpending.gov federal contract obligations,https://api.usaspending.gov/api/v2/search/spending_over_time/,2026-09-12,"4/4 quarters, obligations $0 / revenue $40166324000"
DG,2025,0.0,SEC XBRL quarterly revenue + USASpending.gov federal contract obligations,https://api.usaspending.gov/api/v2/search/spending_over_time/,2026-09-12,"4/4 quarters, obligations $0 / revenue $42117664000"
DGX,2018,0.0131,SEC XBRL quarterly revenue + USASpending.gov federal contract obligations,https://api.usaspending.gov/api/v2/search/spending_over_time/,2026-09-12,"4/4 quarters, obligations $98323672 / revenue $7531000000"
DGX,2019,0.0119,SEC XBRL quarterly revenue + USASpending.gov federal contract obligations,https://api.usaspending.gov/api/v2/search/spending_over_time/,2026-09-12,"4/4 quarters, obligations $92148587 / revenue $7726000000"
DGX,2020,0.0187,SEC XBRL quarterly revenue + USASpending.gov federal contract obligations,https://api.usaspending.gov/api/v2/search/spending_over_time/,2026-09-12,"4/4 quarters, obligations $176128461 / revenue $9437000000"
DGX,2021,0.0106,SEC XBRL quarterly revenue + USASpending.gov federal contract obligations,https://api.usaspending.gov/api/v2/search/spending_over_time/,2026-09-12,"4/4 quarters, obligations $113832475 / revenue $10788000000"
DGX,2022,0.0227,SEC XBRL quarterly revenue + USASpending.gov federal contract obligations,https://api.usaspending.gov/api/v2/search/spending_over_time/,2026-09-12,"4/4 quarters, obligations $223991846 / revenue $9883000000"
DGX,2023,0.0135,SEC XBRL quarterly revenue + USASpending.gov federal contract obligations,https://api.usaspending.gov/api/v2/search/spending_over_time/,2026-09-12,"4/4 quarters, obligations $124933289 / revenue $9252000000"
DGX,2024,0.0097,SEC XBRL quarterly revenue + USASpending.gov federal contract obligations,https://api.usaspending.gov/api/v2/search/spending_over_time/,2026-09-12,"4/4 quarters, obligations $95663482 / revenue $9872000000"
DGX,2025,0.0062,SEC XBRL quarterly revenue + USASpending.gov federal contract obligations,https://api.usaspending.gov/api/v2/search/spending_over_time/,2026-09-12,"4/4 quarters, obligations $68464300 / revenue $11035000000"
DHI,2018,0.0,SEC XBRL quarterly revenue + USASpending.gov federal contract obligations,https://api.usaspending.gov/api/v2/search/spending_over_time/,2026-09-12,"4/4 quarters, obligations $0 / revenue $16254200000"
DHI,2019,0.0,SEC XBRL quarterly revenue + USASpending.gov federal contract obligations,https://api.usaspending.gov/api/v2/search/spending_over_time/,2026-09-12,"4/4 quarters, obligations $0 / revenue $18094600000"
DHI,2020,0.0,SEC XBRL quarterly revenue + USASpending.gov federal contract obligations,https://api.usaspending.gov/api/v2/search/spending_over_time/,2026-09-12,"4/4 quarters, obligations $0 / revenue $22223800000"
DHI,2021,0.0,SEC XBRL quarterly revenue + USASpending.gov federal contract obligations,https://api.usaspending.gov/api/v2/search/spending_over_time/,2026-09-12,"4/4 quarters, obligations $0 / revenue $28894200000"
DHI,2022,0.0,SEC XBRL quarterly revenue + USASpending.gov federal contract obligations,https://api.usaspending.gov/api/v2/search/spending_over_time/,2026-09-12,"4/4 quarters, obligations $0 / revenue $33684400000"
DHI,2023,0.0,SEC XBRL quarterly revenue + USASpending.gov federal contract obligations,https://api.usaspending.gov/api/v2/search/spending_over_time/,2026-09-12,"4/4 quarters, obligations $0 / revenue $35928600000"
DHI,2024,0.0,SEC XBRL quarterly revenue + USASpending.gov federal contract obligations,https://api.usaspending.gov/api/v2/search/spending_over_time/,2026-09-12,"4/4 quarters, obligations $0 / revenue $36688400000"
DHI,2025,0.0,SEC XBRL quarterly revenue + USASpending.gov federal contract obligations,https://api.usaspending.gov/api/v2/search/spending_over_time/,2026-09-12,"4/4 quarters, obligations $0 / revenue $33524300000"
DHR,2018,0.0103,SEC XBRL quarterly revenue + USASpending.gov federal contract obligations,https://api.usaspending.gov/api/v2/search/spending_over_time/,2026-09-12,"4/4 quarters, obligations $175735005 / revenue $17048500000"
DHR,2019,0.0107,SEC XBRL quarterly revenue + USASpending.gov federal contract obligations,https://api.usaspending.gov/api/v2/search/spending_over_time/,2026-09-12,"4/4 quarters, obligations $192538385 / revenue $17911100000"
DHR,2020,0.0206,SEC XBRL quarterly revenue + USASpending.gov federal contract obligations,https://api.usaspending.gov/api/v2/search/spending_over_time/,2026-09-12,"3/4 quarters, obligations $337848459 / revenue $16400000000"
DHR,2021,0.021,SEC XBRL quarterly revenue + USASpending.gov federal contract obligations,https://api.usaspending.gov/api/v2/search/spending_over_time/,2026-09-12,"3/4 quarters, obligations $369391472 / revenue $17573000000"
DHR,2022,0.0357,SEC XBRL quarterly revenue + USASpending.gov federal contract obligations,https://api.usaspending.gov/api/v2/search/spending_over_time/,2026-09-12,"3/4 quarters, obligations $717492617 / revenue $20115000000"
DHR,2023,0.0159,SEC XBRL quarterly revenue + USASpending.gov federal contract obligations,https://api.usaspending.gov/api/v2/search/spending_over_time/,2026-09-12,"4/4 quarters, obligations $380617392 / revenue $23890000000"
DHR,2024,0.0104,SEC XBRL quarterly revenue + USASpending.gov federal contract obligations,https://api.usaspending.gov/api/v2/search/spending_over_time/,2026-09-12,"4/4 quarters, obligations $248279247 / revenue $23875000000"
DHR,2025,0.01,SEC XBRL quarterly revenue + USASpending.gov federal contract obligations,https://api.usaspending.gov/api/v2/search/spending_over_time/,2026-09-12,"4/4 quarters, obligations $246164558 / revenue $24568000000"
DIS,2018,0.0,SEC XBRL quarterly revenue + USASpending.gov federal contract obligations,https://api.usaspending.gov/api/v2/search/spending_over_time/,2026-09-12,"4/4 quarters, obligations $1054409 / revenue $59386000000"
DIS,2019,0.0,SEC XBRL quarterly revenue + USASpending.gov federal contract obligations,https://api.usaspending.gov/api/v2/search/spending_over_time/,2026-09-12,"4/4 quarters, obligations $19747 / revenue $75181000000"
DIS,2020,0.0,SEC XBRL quarterly revenue + USASpending.gov federal contract obligations,https://api.usaspending.gov/api/v2/search/spending_over_time/,2026-09-12,"3/4 quarters, obligations $0 / revenue $44511000000"
DIS,2021,0.0,SEC XBRL quarterly revenue + USASpending.gov federal contract obligations,https://api.usaspending.gov/api/v2/search/spending_over_time/,2026-09-12,"4/4 quarters, obligations $0 / revenue $67418000000"
DIS,2022,0.0,SEC XBRL quarterly revenue + USASpending.gov federal contract obligations,https://api.usaspending.gov/api/v2/search/spending_over_time/,2026-09-12,"4/4 quarters, obligations $0 / revenue $82722000000"
DIS,2023,0.0,SEC XBRL quarterly revenue + USASpending.gov federal contract obligations,https://api.usaspending.gov/api/v2/search/spending_over_time/,2026-09-12,"3/4 quarters, obligations $0 / revenue $66605000000"
DIS,2024,0.0,SEC XBRL quarterly revenue + USASpending.gov federal contract obligations,https://api.usaspending.gov/api/v2/search/spending_over_time/,2026-09-12,"4/4 quarters, obligations $0 / revenue $92502000000"
DIS,2025,0.0,SEC XBRL quarterly revenue + USASpending.gov federal contract obligations,https://api.usaspending.gov/api/v2/search/spending_over_time/,2026-09-12,"4/4 quarters, obligations $0 / revenue $95716000000"
DLR,2018,0.0,SEC XBRL quarterly revenue + USASpending.gov federal contract obligations,https://api.usaspending.gov/api/v2/search/spending_over_time/,2026-09-12,"4/4 quarters, obligations $0 / revenue $3046478000"
DLR,2019,0.0,SEC XBRL quarterly revenue + USASpending.gov federal contract obligations,https://api.usaspending.gov/api/v2/search/spending_over_time/,2026-09-12,"4/4 quarters, obligations $0 / revenue $3209241000"
DLR,2020,0.0,SEC XBRL quarterly revenue + USASpending.gov federal contract obligations,https://api.usaspending.gov/api/v2/search/spending_over_time/,2026-09-12,"4/4 quarters, obligations $0 / revenue $3903609000"
DLR,2021,0.0,SEC XBRL quarterly revenue + USASpending.gov federal contract obligations,https://api.usaspending.gov/api/v2/search/spending_over_time/,2026-09-12,"4/4 quarters, obligations $0 / revenue $4427882000"
DLR,2022,0.0,SEC XBRL quarterly revenue + USASpending.gov federal contract obligations,https://api.usaspending.gov/api/v2/search/spending_over_time/,2026-09-12,"4/4 quarters, obligations $0 / revenue $4691834000"
DLR,2023,0.0,SEC XBRL quarterly revenue + USASpending.gov federal contract obligations,https://api.usaspending.gov/api/v2/search/spending_over_time/,2026-09-12,"4/4 quarters, obligations $0 / revenue $5477061000"
DLR,2024,0.0,SEC XBRL quarterly revenue + USASpending.gov federal contract obligations,https://api.usaspending.gov/api/v2/search/spending_over_time/,2026-09-12,"4/4 quarters, obligations $0 / revenue $5554968000"
DLR,2025,0.0,SEC XBRL quarterly revenue + USASpending.gov federal contract obligations,https://api.usaspending.gov/api/v2/search/spending_over_time/,2026-09-12,"4/4 quarters, obligations $0 / revenue $6112692000"
DLTR,2018,0.0,SEC XBRL quarterly revenue + USASpending.gov federal contract obligations,https://api.usaspending.gov/api/v2/search/spending_over_time/,2026-09-12,"4/4 quarters, obligations $0 / revenue $22978700000"
DLTR,2019,0.0,SEC XBRL quarterly revenue + USASpending.gov federal contract obligations,https://api.usaspending.gov/api/v2/search/spending_over_time/,2026-09-12,"4/4 quarters, obligations $0 / revenue $23500700000"
DLTR,2020,0.0,SEC XBRL quarterly revenue + USASpending.gov federal contract obligations,https://api.usaspending.gov/api/v2/search/spending_over_time/,2026-09-12,"4/4 quarters, obligations $0 / revenue $25056400000"
DLTR,2021,0.0,SEC XBRL quarterly revenue + USASpending.gov federal contract obligations,https://api.usaspending.gov/api/v2/search/spending_over_time/,2026-09-12,"4/4 quarters, obligations $0 / revenue $26000300000"
DLTR,2022,0.0,SEC XBRL quarterly revenue + USASpending.gov federal contract obligations,https://api.usaspending.gov/api/v2/search/spending_over_time/,2026-09-12,"4/4 quarters, obligations $0 / revenue $27679400000"
DLTR,2023,0.0,SEC XBRL quarterly revenue + USASpending.gov federal contract obligations,https://api.usaspending.gov/api/v2/search/spending_over_time/,2026-09-12,"4/4 quarters, obligations $0 / revenue $6612600000"
DLTR,2024,0.0,SEC XBRL quarterly revenue + USASpending.gov federal contract obligations,https://api.usaspending.gov/api/v2/search/spending_over_time/,2026-09-12,"4/4 quarters, obligations $0 / revenue $17530500000"
DLTR,2025,0.0,SEC XBRL quarterly revenue + USASpending.gov federal contract obligations,https://api.usaspending.gov/api/v2/search/spending_over_time/,2026-09-12,"4/4 quarters, obligations $0 / revenue $18946300000"
DOC,2018,0.0,SEC XBRL quarterly revenue + USASpending.gov federal contract obligations,https://api.usaspending.gov/api/v2/search/spending_over_time/,2026-09-12,"4/4 quarters, obligations $0 / revenue $1846689000"
DOC,2019,0.0,SEC XBRL quarterly revenue + USASpending.gov federal contract obligations,https://api.usaspending.gov/api/v2/search/spending_over_time/,2026-09-12,"4/4 quarters, obligations $0 / revenue $1240339000"
DOC,2020,0.0,SEC XBRL quarterly revenue + USASpending.gov federal contract obligations,https://api.usaspending.gov/api/v2/search/spending_over_time/,2026-09-12,"4/4 quarters, obligations $0 / revenue $1644875000"
DOC,2021,0.0,SEC XBRL quarterly revenue + USASpending.gov federal contract obligations,https://api.usaspending.gov/api/v2/search/spending_over_time/,2026-09-12,"4/4 quarters, obligations $0 / revenue $1896184000"
DOC,2022,0.0,SEC XBRL quarterly revenue + USASpending.gov federal contract obligations,https://api.usaspending.gov/api/v2/search/spending_over_time/,2026-09-12,"4/4 quarters, obligations $0 / revenue $893530000"
DOC,2023,0.0,SEC XBRL quarterly revenue + USASpending.gov federal contract obligations,https://api.usaspending.gov/api/v2/search/spending_over_time/,2026-09-12,"4/4 quarters, obligations $0 / revenue $527417000"
DOC,2024,0.0,SEC XBRL quarterly revenue + USASpending.gov federal contract obligations,https://api.usaspending.gov/api/v2/search/spending_over_time/,2026-09-12,"4/4 quarters, obligations $0 / revenue $568475000"
DOC,2025,0.0,SEC XBRL quarterly revenue + USASpending.gov federal contract obligations,https://api.usaspending.gov/api/v2/search/spending_over_time/,2026-09-12,"4/4 quarters, obligations $0 / revenue $603989000"
DOV,2018,0.0065,SEC XBRL quarterly revenue + USASpending.gov federal contract obligations,https://api.usaspending.gov/api/v2/search/spending_over_time/,2026-09-12,"4/4 quarters, obligations $45506582 / revenue $6992118000"
DOV,2019,0.0066,SEC XBRL quarterly revenue + USASpending.gov federal contract obligations,https://api.usaspending.gov/api/v2/search/spending_over_time/,2026-09-12,"4/4 quarters, obligations $46997389 / revenue $7136397000"
DOV,2020,0.0077,SEC XBRL quarterly revenue + USASpending.gov federal contract obligations,https://api.usaspending.gov/api/v2/search/spending_over_time/,2026-09-12,"4/4 quarters, obligations $51279914 / revenue $6683760000"
DOV,2021,0.0025,SEC XBRL quarterly revenue + USASpending.gov federal contract obligations,https://api.usaspending.gov/api/v2/search/spending_over_time/,2026-09-12,"4/4 quarters, obligations $20055214 / revenue $7907081000"
DOV,2022,0.0066,SEC XBRL quarterly revenue + USASpending.gov federal contract obligations,https://api.usaspending.gov/api/v2/search/spending_over_time/,2026-09-12,"4/4 quarters, obligations $51447370 / revenue $7844174000"
DOV,2023,0.0028,SEC XBRL quarterly revenue + USASpending.gov federal contract obligations,https://api.usaspending.gov/api/v2/search/spending_over_time/,2026-09-12,"4/4 quarters, obligations $21864406 / revenue $7684476000"
DOV,2024,0.0031,SEC XBRL quarterly revenue + USASpending.gov federal contract obligations,https://api.usaspending.gov/api/v2/search/spending_over_time/,2026-09-12,"4/4 quarters, obligations $23648079 / revenue $7745909000"
DOV,2025,0.0013,SEC XBRL quarterly revenue + USASpending.gov federal contract obligations,https://api.usaspending.gov/api/v2/search/spending_over_time/,2026-09-12,"4/4 quarters, obligations $10157709 / revenue $8092571000"
DOW,2018,0.0011,SEC XBRL quarterly revenue + USASpending.gov federal contract obligations,https://api.usaspending.gov/api/v2/search/spending_over_time/,2026-09-12,"4/4 quarters, obligations $57007648 / revenue $49604000000"
DOW,2019,0.0013,SEC XBRL quarterly revenue + USASpending.gov federal contract obligations,https://api.usaspending.gov/api/v2/search/spending_over_time/,2026-09-12,"4/4 quarters, obligations $53736878 / revenue $42951000000"
DOW,2020,0.0024,SEC XBRL quarterly revenue + USASpending.gov federal contract obligations,https://api.usaspending.gov/api/v2/search/spending_over_time/,2026-09-12,"4/4 quarters, obligations $91156216 / revenue $38542000000"
DOW,2021,0.0013,SEC XBRL quarterly revenue + USASpending.gov federal contract obligations,https://api.usaspending.gov/api/v2/search/spending_over_time/,2026-09-12,"4/4 quarters, obligations $70749057 / revenue $54968000000"
DOW,2022,0.0052,SEC XBRL quarterly revenue + USASpending.gov federal contract obligations,https://api.usaspending.gov/api/v2/search/spending_over_time/,2026-09-12,"4/4 quarters, obligations $293054526 / revenue $56902000000"
DOW,2023,0.003,SEC XBRL quarterly revenue + USASpending.gov federal contract obligations,https://api.usaspending.gov/api/v2/search/spending_over_time/,2026-09-12,"4/4 quarters, obligations $135824365 / revenue $44622000000"
DOW,2024,0.0021,SEC XBRL quarterly revenue + USASpending.gov federal contract obligations,https://api.usaspending.gov/api/v2/search/spending_over_time/,2026-09-12,"4/4 quarters, obligations $91680062 / revenue $42964000000"
DOW,2025,0.0027,SEC XBRL quarterly revenue + USASpending.gov federal contract obligations,https://api.usaspending.gov/api/v2/search/spending_over_time/,2026-09-12,"4/4 quarters, obligations $107658641 / revenue $39968000000"
DPZ,2018,0.0,SEC XBRL quarterly revenue + USASpending.gov federal contract obligations,https://api.usaspending.gov/api/v2/search/spending_over_time/,2026-09-12,"4/4 quarters, obligations $0 / revenue $3432867000"
DPZ,2019,0.0,SEC XBRL quarterly revenue + USASpending.gov federal contract obligations,https://api.usaspending.gov/api/v2/search/spending_over_time/,2026-09-12,"4/4 quarters, obligations $0 / revenue $3618774000"
DPZ,2020,0.0,SEC XBRL quarterly revenue + USASpending.gov federal contract obligations,https://api.usaspending.gov/api/v2/search/spending_over_time/,2026-09-12,"3/4 quarters, obligations $0 / revenue $2760844000"
DPZ,2021,0.0,SEC XBRL quarterly revenue + USASpending.gov federal contract obligations,https://api.usaspending.gov/api/v2/search/spending_over_time/,2026-09-12,"3/4 quarters, obligations $0 / revenue $3387029000"
DPZ,2022,0.0,SEC XBRL quarterly revenue + USASpending.gov federal contract obligations,https://api.usaspending.gov/api/v2/search/spending_over_time/,2026-09-12,"3/4 quarters, obligations $0 / revenue $3476991000"
DPZ,2023,0.0,SEC XBRL quarterly revenue + USASpending.gov federal contract obligations,https://api.usaspending.gov/api/v2/search/spending_over_time/,2026-09-12,"4/4 quarters, obligations $0 / revenue $4847191000"
DPZ,2024,0.0,SEC XBRL quarterly revenue + USASpending.gov federal contract obligations,https://api.usaspending.gov/api/v2/search/spending_over_time/,2026-09-12,"4/4 quarters, obligations $0 / revenue $4706416000"
DPZ,2025,0.0,SEC XBRL quarterly revenue + USASpending.gov federal contract obligations,https://api.usaspending.gov/api/v2/search/spending_over_time/,2026-09-12,"4/4 quarters, obligations $0 / revenue $4939994000"
DRI,2018,0.0,SEC XBRL quarterly revenue + USASpending.gov federal contract obligations,https://api.usaspending.gov/api/v2/search/spending_over_time/,2026-09-12,"4/4 quarters, obligations $0 / revenue $8297300000"
DRI,2019,0.0,SEC XBRL quarterly revenue + USASpending.gov federal contract obligations,https://api.usaspending.gov/api/v2/search/spending_over_time/,2026-09-12,"4/4 quarters, obligations $0 / revenue $8665900000"
DRI,2020,0.0,SEC XBRL quarterly revenue + USASpending.gov federal contract obligations,https://api.usaspending.gov/api/v2/search/spending_over_time/,2026-09-12,"4/4 quarters, obligations $0 / revenue $6800500000"
DRI,2021,0.0,SEC XBRL quarterly revenue + USASpending.gov federal contract obligations,https://api.usaspending.gov/api/v2/search/spending_over_time/,2026-09-12,"4/4 quarters, obligations $0 / revenue $8590400000"
DRI,2022,0.0,SEC XBRL quarterly revenue + USASpending.gov federal contract obligations,https://api.usaspending.gov/api/v2/search/spending_over_time/,2026-09-12,"4/4 quarters, obligations $0 / revenue $9984400000"
DRI,2023,0.0,SEC XBRL quarterly revenue + USASpending.gov federal contract obligations,https://api.usaspending.gov/api/v2/search/spending_over_time/,2026-09-12,"4/4 quarters, obligations $0 / revenue $11013100000"
DRI,2024,0.0,SEC XBRL quarterly revenue + USASpending.gov federal contract obligations,https://api.usaspending.gov/api/v2/search/spending_over_time/,2026-09-12,"4/4 quarters, obligations $0 / revenue $11579100000"
DRI,2025,0.0,SEC XBRL quarterly revenue + USASpending.gov federal contract obligations,https://api.usaspending.gov/api/v2/search/spending_over_time/,2026-09-12,"4/4 quarters, obligations $0 / revenue $12576500000"
DUK,2018,0.0013,SEC XBRL quarterly revenue + USASpending.gov federal contract obligations,https://api.usaspending.gov/api/v2/search/spending_over_time/,2026-09-12,"4/4 quarters, obligations $30896109 / revenue $23757000000"
DUK,2019,0.0042,SEC XBRL quarterly revenue + USASpending.gov federal contract obligations,https://api.usaspending.gov/api/v2/search/spending_over_time/,2026-09-12,"4/4 quarters, obligations $102059644 / revenue $24348000000"
DUK,2020,0.0087,SEC XBRL quarterly revenue + USASpending.gov federal contract obligations,https://api.usaspending.gov/api/v2/search/spending_over_time/,2026-09-12,"4/4 quarters, obligations $201388465 / revenue $23253000000"
DUK,2021,0.0006,SEC XBRL quarterly revenue + USASpending.gov federal contract obligations,https://api.usaspending.gov/api/v2/search/spending_over_time/,2026-09-12,"4/4 quarters, obligations $14850242 / revenue $24486000000"
DUK,2022,0.0019,SEC XBRL quarterly revenue + USASpending.gov federal contract obligations,https://api.usaspending.gov/api/v2/search/spending_over_time/,2026-09-12,"4/4 quarters, obligations $53979304 / revenue $28675000000"
DUK,2023,0.002,SEC XBRL quarterly revenue + USASpending.gov federal contract obligations,https://api.usaspending.gov/api/v2/search/spending_over_time/,2026-09-12,"4/4 quarters, obligations $56843381 / revenue $28674000000"
DUK,2024,0.001,SEC XBRL quarterly revenue + USASpending.gov federal contract obligations,https://api.usaspending.gov/api/v2/search/spending_over_time/,2026-09-12,"4/4 quarters, obligations $28556499 / revenue $30050000000"
DUK,2025,0.0011,SEC XBRL quarterly revenue + USASpending.gov federal contract obligations,https://api.usaspending.gov/api/v2/search/spending_over_time/,2026-09-12,"4/4 quarters, obligations $33595621 / revenue $31741000000"
DVA,2018,0.0251,SEC XBRL quarterly revenue + USASpending.gov federal contract obligations,https://api.usaspending.gov/api/v2/search/spending_over_time/,2026-09-12,"4/4 quarters, obligations $286706697 / revenue $11404851000"
DVA,2019,0.0198,SEC XBRL quarterly revenue + USASpending.gov federal contract obligations,https://api.usaspending.gov/api/v2/search/spending_over_time/,2026-09-12,"4/4 quarters, obligations $226012021 / revenue $11388479000"
DVA,2020,0.0284,SEC XBRL quarterly revenue + USASpending.gov federal contract obligations,https://api.usaspending.gov/api/v2/search/spending_over_time/,2026-09-12,"4/4 quarters, obligations $328307124 / revenue $11550604000"
DVA,2021,0.0244,SEC XBRL quarterly revenue + USASpending.gov federal contract obligations,https://api.usaspending.gov/api/v2/search/spending_over_time/,2026-09-12,"4/4 quarters, obligations $283439091 / revenue $11618797000"
DVA,2022,0.0245,SEC XBRL quarterly revenue + USASpending.gov federal contract obligations,https://api.usaspending.gov/api/v2/search/spending_over_time/,2026-09-12,"4/4 quarters, obligations $283875914 / revenue $11609894000"
DVA,2023,0.0208,SEC XBRL quarterly revenue + USASpending.gov federal contract obligations,https://api.usaspending.gov/api/v2/search/spending_over_time/,2026-09-12,"4/4 quarters, obligations $251975942 / revenue $12140147000"
DVA,2024,0.0104,SEC XBRL quarterly revenue + USASpending.gov federal contract obligations,https://api.usaspending.gov/api/v2/search/spending_over_time/,2026-09-12,"4/4 quarters, obligations $132663110 / revenue $12815550000"
DVA,2025,0.0424,SEC XBRL quarterly revenue + USASpending.gov federal contract obligations,https://api.usaspending.gov/api/v2/search/spending_over_time/,2026-09-12,"4/4 quarters, obligations $578869651 / revenue $13643069000"
DVN,2018,0.0,SEC XBRL quarterly revenue + USASpending.gov federal contract obligations,https://api.usaspending.gov/api/v2/search/spending_over_time/,2026-09-12,"4/4 quarters, obligations $0 / revenue $8896000000"
DVN,2019,0.0,SEC XBRL quarterly revenue + USASpending.gov federal contract obligations,https://api.usaspending.gov/api/v2/search/spending_over_time/,2026-09-12,"4/4 quarters, obligations $0 / revenue $5639000000"
DVN,2020,0.0,SEC XBRL quarterly revenue + USASpending.gov federal contract obligations,https://api.usaspending.gov/api/v2/search/spending_over_time/,2026-09-12,"4/4 quarters, obligations $0 / revenue $4673000000"
DVN,2021,0.0,SEC XBRL quarterly revenue + USASpending.gov federal contract obligations,https://api.usaspending.gov/api/v2/search/spending_over_time/,2026-09-12,"4/4 quarters, obligations $0 / revenue $13750000000"
DVN,2022,0.0,SEC XBRL quarterly revenue + USASpending.gov federal contract obligations,https://api.usaspending.gov/api/v2/search/spending_over_time/,2026-09-12,"4/4 quarters, obligations $0 / revenue $19827000000"
DVN,2023,0.0,SEC XBRL quarterly revenue + USASpending.gov federal contract obligations,https://api.usaspending.gov/api/v2/search/spending_over_time/,2026-09-12,"4/4 quarters, obligations $0 / revenue $15140000000"
DVN,2024,0.0,SEC XBRL quarterly revenue + USASpending.gov federal contract obligations,https://api.usaspending.gov/api/v2/search/spending_over_time/,2026-09-12,"4/4 quarters, obligations $0 / revenue $15919000000"
DVN,2025,0.0,SEC XBRL quarterly revenue + USASpending.gov federal contract obligations,https://api.usaspending.gov/api/v2/search/spending_over_time/,2026-09-12,"4/4 quarters, obligations $0 / revenue $16786000000"
DXCM,2018,0.0,SEC XBRL quarterly revenue + USASpending.gov federal contract obligations,https://api.usaspending.gov/api/v2/search/spending_over_time/,2026-09-12,"4/4 quarters, obligations $0 / revenue $1031600000"
DXCM,2019,0.0,SEC XBRL quarterly revenue + USASpending.gov federal contract obligations,https://api.usaspending.gov/api/v2/search/spending_over_time/,2026-09-12,"4/4 quarters, obligations $0 / revenue $1476000000"
DXCM,2020,0.0,SEC XBRL quarterly revenue + USASpending.gov federal contract obligations,https://api.usaspending.gov/api/v2/search/spending_over_time/,2026-09-12,"4/4 quarters, obligations $0 / revenue $1926700000"
DXCM,2021,0.0,SEC XBRL quarterly revenue + USASpending.gov federal contract obligations,https://api.usaspending.gov/api/v2/search/spending_over_time/,2026-09-12,"4/4 quarters, obligations $-1500 / revenue $2448500000"
DXCM,2022,0.0,SEC XBRL quarterly revenue + USASpending.gov federal contract obligations,https://api.usaspending.gov/api/v2/search/spending_over_time/,2026-09-12,"4/4 quarters, obligations $0 / revenue $2909800000"
DXCM,2023,0.0,SEC XBRL quarterly revenue + USASpending.gov federal contract obligations,https://api.usaspending.gov/api/v2/search/spending_over_time/,2026-09-12,"4/4 quarters, obligations $0 / revenue $3622300000"
DXCM,2024,0.0,SEC XBRL quarterly revenue + USASpending.gov federal contract obligations,https://api.usaspending.gov/api/v2/search/spending_over_time/,2026-09-12,"4/4 quarters, obligations $0 / revenue $4033000000"
DXCM,2025,0.0,SEC XBRL quarterly revenue + USASpending.gov federal contract obligations,https://api.usaspending.gov/api/v2/search/spending_over_time/,2026-09-12,"4/4 quarters, obligations $0 / revenue $4662000000"
EBAY,2018,0.0,SEC XBRL quarterly revenue + USASpending.gov federal contract obligations,https://api.usaspending.gov/api/v2/search/spending_over_time/,2026-09-12,"4/4 quarters, obligations $20066 / revenue $10746000000"
EBAY,2019,0.0,SEC XBRL quarterly revenue + USASpending.gov federal contract obligations,https://api.usaspending.gov/api/v2/search/spending_over_time/,2026-09-12,"4/4 quarters, obligations $39826 / revenue $8636000000"
EBAY,2020,0.0,SEC XBRL quarterly revenue + USASpending.gov federal contract obligations,https://api.usaspending.gov/api/v2/search/spending_over_time/,2026-09-12,"4/4 quarters, obligations $134525 / revenue $8894000000"
EBAY,2021,0.0,SEC XBRL quarterly revenue + USASpending.gov federal contract obligations,https://api.usaspending.gov/api/v2/search/spending_over_time/,2026-09-12,"4/4 quarters, obligations $35697 / revenue $10420000000"
EBAY,2022,0.0,SEC XBRL quarterly revenue + USASpending.gov federal contract obligations,https://api.usaspending.gov/api/v2/search/spending_over_time/,2026-09-12,"4/4 quarters, obligations $58996 / revenue $9795000000"
EBAY,2023,0.0,SEC XBRL quarterly revenue + USASpending.gov federal contract obligations,https://api.usaspending.gov/api/v2/search/spending_over_time/,2026-09-12,"4/4 quarters, obligations $420447 / revenue $10112000000"
EBAY,2024,0.0,SEC XBRL quarterly revenue + USASpending.gov federal contract obligations,https://api.usaspending.gov/api/v2/search/spending_over_time/,2026-09-12,"4/4 quarters, obligations $25897 / revenue $10283000000"
EBAY,2025,0.0,SEC XBRL quarterly revenue + USASpending.gov federal contract obligations,https://api.usaspending.gov/api/v2/search/spending_over_time/,2026-09-12,"4/4 quarters, obligations $37680 / revenue $11100000000"
ECHO,2018,0.0048,SEC XBRL quarterly revenue + USASpending.gov federal contract obligations,https://api.usaspending.gov/api/v2/search/spending_over_time/,2026-09-12,"4/4 quarters, obligations $8428514 / revenue $1762638000"
ECHO,2019,0.0049,SEC XBRL quarterly revenue + USASpending.gov federal contract obligations,https://api.usaspending.gov/api/v2/search/spending_over_time/,2026-09-12,"4/4 quarters, obligations $9294577 / revenue $1886081000"
ECHO,2020,0.0043,SEC XBRL quarterly revenue + USASpending.gov federal contract obligations,https://api.usaspending.gov/api/v2/search/spending_over_time/,2026-09-12,"4/4 quarters, obligations $8186250 / revenue $1887907000"
ECHO,2021,0.0004,SEC XBRL quarterly revenue + USASpending.gov federal contract obligations,https://api.usaspending.gov/api/v2/search/spending_over_time/,2026-09-12,"4/4 quarters, obligations $8851624 / revenue $19818678000"
ECHO,2022,0.0002,SEC XBRL quarterly revenue + USASpending.gov federal contract obligations,https://api.usaspending.gov/api/v2/search/spending_over_time/,2026-09-12,"4/4 quarters, obligations $4363094 / revenue $18634246000"
ECHO,2023,0.0001,SEC XBRL quarterly revenue + USASpending.gov federal contract obligations,https://api.usaspending.gov/api/v2/search/spending_over_time/,2026-09-12,"4/4 quarters, obligations $1204737 / revenue $17015598000"
ECHO,2024,0.0,SEC XBRL quarterly revenue + USASpending.gov federal contract obligations,https://api.usaspending.gov/api/v2/search/spending_over_time/,2026-09-12,"4/4 quarters, obligations $318191 / revenue $15825516000"
ECHO,2025,0.0,SEC XBRL quarterly revenue + USASpending.gov federal contract obligations,https://api.usaspending.gov/api/v2/search/spending_over_time/,2026-09-12,"4/4 quarters, obligations $0 / revenue $15004989000"
ECL,2018,0.0004,SEC XBRL quarterly revenue + USASpending.gov federal contract obligations,https://api.usaspending.gov/api/v2/search/spending_over_time/,2026-09-12,"4/4 quarters, obligations $5388875 / revenue $14668200000"
ECL,2019,0.0005,SEC XBRL quarterly revenue + USASpending.gov federal contract obligations,https://api.usaspending.gov/api/v2/search/spending_over_time/,2026-09-12,"4/4 quarters, obligations $5756924 / revenue $12562000000"
ECL,2020,0.0008,SEC XBRL quarterly revenue + USASpending.gov federal contract obligations,https://api.usaspending.gov/api/v2/search/spending_over_time/,2026-09-12,"4/4 quarters, obligations $8854890 / revenue $11790200000"
ECL,2021,0.0005,SEC XBRL quarterly revenue + USASpending.gov federal contract obligations,https://api.usaspending.gov/api/v2/search/spending_over_time/,2026-09-12,"4/4 quarters, obligations $5831524 / revenue $12733100000"
ECL,2022,0.0004,SEC XBRL quarterly revenue + USASpending.gov federal contract obligations,https://api.usaspending.gov/api/v2/search/spending_over_time/,2026-09-12,"4/4 quarters, obligations $5886800 / revenue $14187800000"
ECL,2023,0.0005,SEC XBRL quarterly revenue + USASpending.gov federal contract obligations,https://api.usaspending.gov/api/v2/search/spending_over_time/,2026-09-12,"4/4 quarters, obligations $6990906 / revenue $15320200000"
ECL,2024,0.0003,SEC XBRL quarterly revenue + USASpending.gov federal contract obligations,https://api.usaspending.gov/api/v2/search/spending_over_time/,2026-09-12,"4/4 quarters, obligations $4590760 / revenue $15741400000"
ECL,2025,0.0002,SEC XBRL quarterly revenue + USASpending.gov federal contract obligations,https://api.usaspending.gov/api/v2/search/spending_over_time/,2026-09-12,"4/4 quarters, obligations $3853528 / revenue $16081200000"
ED,2018,0.0048,SEC XBRL quarterly revenue + USASpending.gov federal contract obligations,https://api.usaspending.gov/api/v2/search/spending_over_time/,2026-09-12,"4/4 quarters, obligations $57262468 / revenue $11928000000"
ED,2019,0.0034,SEC XBRL quarterly revenue + USASpending.gov federal contract obligations,https://api.usaspending.gov/api/v2/search/spending_over_time/,2026-09-12,"4/4 quarters, obligations $41104503 / revenue $12144000000"
ED,2020,0.0018,SEC XBRL quarterly revenue + USASpending.gov federal contract obligations,https://api.usaspending.gov/api/v2/search/spending_over_time/,2026-09-12,"4/4 quarters, obligations $21701312 / revenue $12026000000"
ED,2021,0.0017,SEC XBRL quarterly revenue + USASpending.gov federal contract obligations,https://api.usaspending.gov/api/v2/search/spending_over_time/,2026-09-12,"4/4 quarters, obligations $23013650 / revenue $13456000000"
ED,2022,0.0057,SEC XBRL quarterly revenue + USASpending.gov federal contract obligations,https://api.usaspending.gov/api/v2/search/spending_over_time/,2026-09-12,"4/4 quarters, obligations $88621277 / revenue $15455000000"
ED,2023,0.0043,SEC XBRL quarterly revenue + USASpending.gov federal contract obligations,https://api.usaspending.gov/api/v2/search/spending_over_time/,2026-09-12,"4/4 quarters, obligations $62477980 / revenue $14476000000"
ED,2024,0.001,SEC XBRL quarterly revenue + USASpending.gov federal contract obligations,https://api.usaspending.gov/api/v2/search/spending_over_time/,2026-09-12,"4/4 quarters, obligations $16129283 / revenue $15469000000"
ED,2025,0.0014,SEC XBRL quarterly revenue + USASpending.gov federal contract obligations,https://api.usaspending.gov/api/v2/search/spending_over_time/,2026-09-12,"4/4 quarters, obligations $23444463 / revenue $17049000000"
EFX,2018,0.0059,SEC XBRL quarterly revenue + USASpending.gov federal contract obligations,https://api.usaspending.gov/api/v2/search/spending_over_time/,2026-09-12,"4/4 quarters, obligations $20009807 / revenue $3412100000"
EFX,2019,0.0,SEC XBRL quarterly revenue + USASpending.gov federal contract obligations,https://api.usaspending.gov/api/v2/search/spending_over_time/,2026-09-12,"4/4 quarters, obligations $-9938383 / revenue $3507600000"
EFX,2020,0.0059,SEC XBRL quarterly revenue + USASpending.gov federal contract obligations,https://api.usaspending.gov/api/v2/search/spending_over_time/,2026-09-12,"4/4 quarters, obligations $24262142 / revenue $4127500000"
EFX,2021,0.0134,SEC XBRL quarterly revenue + USASpending.gov federal contract obligations,https://api.usaspending.gov/api/v2/search/spending_over_time/,2026-09-12,"4/4 quarters, obligations $65887867 / revenue $4923900000"
EFX,2022,0.0009,SEC XBRL quarterly revenue + USASpending.gov federal contract obligations,https://api.usaspending.gov/api/v2/search/spending_over_time/,2026-09-12,"4/4 quarters, obligations $4638343 / revenue $5122200000"
EFX,2023,0.0117,SEC XBRL quarterly revenue + USASpending.gov federal contract obligations,https://api.usaspending.gov/api/v2/search/spending_over_time/,2026-09-12,"4/4 quarters, obligations $61818575 / revenue $5265200000"
EFX,2024,0.0042,SEC XBRL quarterly revenue + USASpending.gov federal contract obligations,https://api.usaspending.gov/api/v2/search/spending_over_time/,2026-09-12,"4/4 quarters, obligations $24083773 / revenue $5681100000"
EFX,2025,0.0121,SEC XBRL quarterly revenue + USASpending.gov federal contract obligations,https://api.usaspending.gov/api/v2/search/spending_over_time/,2026-09-12,"4/4 quarters, obligations $73551779 / revenue $6074500000"
EG,2018,0.0,SEC XBRL quarterly revenue + USASpending.gov federal contract obligations,https://api.usaspending.gov/api/v2/search/spending_over_time/,2026-09-12,"4/4 quarters, obligations $14664 / revenue $7361495000"
EG,2019,0.0001,SEC XBRL quarterly revenue + USASpending.gov federal contract obligations,https://api.usaspending.gov/api/v2/search/spending_over_time/,2026-09-12,"4/4 quarters, obligations $799630 / revenue $8231169000"
EG,2020,0.0001,SEC XBRL quarterly revenue + USASpending.gov federal contract obligations,https://api.usaspending.gov/api/v2/search/spending_over_time/,2026-09-12,"4/4 quarters, obligations $1121316 / revenue $9598000000"
EG,2021,0.0,SEC XBRL quarterly revenue + USASpending.gov federal contract obligations,https://api.usaspending.gov/api/v2/search/spending_over_time/,2026-09-12,"4/4 quarters, obligations $536555 / revenue $11866000000"
EG,2022,0.0001,SEC XBRL quarterly revenue + USASpending.gov federal contract obligations,https://api.usaspending.gov/api/v2/search/spending_over_time/,2026-09-12,"4/4 quarters, obligations $1241275 / revenue $12060000000"
EG,2023,0.0001,SEC XBRL quarterly revenue + USASpending.gov federal contract obligations,https://api.usaspending.gov/api/v2/search/spending_over_time/,2026-09-12,"4/4 quarters, obligations $1166165 / revenue $14587000000"
EG,2024,0.0,SEC XBRL quarterly revenue + USASpending.gov federal contract obligations,https://api.usaspending.gov/api/v2/search/spending_over_time/,2026-09-12,"4/4 quarters, obligations $243272 / revenue $17281000000"
EG,2025,0.0001,SEC XBRL quarterly revenue + USASpending.gov federal contract obligations,https://api.usaspending.gov/api/v2/search/spending_over_time/,2026-09-12,"4/4 quarters, obligations $1067939 / revenue $17496000000"
EIX,2018,0.0008,SEC XBRL quarterly revenue + USASpending.gov federal contract obligations,https://api.usaspending.gov/api/v2/search/spending_over_time/,2026-09-12,"4/4 quarters, obligations $10124292 / revenue $12657000000"
EIX,2019,0.0017,SEC XBRL quarterly revenue + USASpending.gov federal contract obligations,https://api.usaspending.gov/api/v2/search/spending_over_time/,2026-09-12,"4/4 quarters, obligations $20705747 / revenue $12347000000"
EIX,2020,0.0,SEC XBRL quarterly revenue + USASpending.gov federal contract obligations,https://api.usaspending.gov/api/v2/search/spending_over_time/,2026-09-12,"4/4 quarters, obligations $-5943113 / revenue $13578000000"
EIX,2021,0.0,SEC XBRL quarterly revenue + USASpending.gov federal contract obligations,https://api.usaspending.gov/api/v2/search/spending_over_time/,2026-09-12,"4/4 quarters, obligations $-33683862 / revenue $14905000000"
EIX,2022,0.0005,SEC XBRL quarterly revenue + USASpending.gov federal contract obligations,https://api.usaspending.gov/api/v2/search/spending_over_time/,2026-09-12,"4/4 quarters, obligations $7958778 / revenue $17220000000"
EIX,2023,0.0004,SEC XBRL quarterly revenue + USASpending.gov federal contract obligations,https://api.usaspending.gov/api/v2/search/spending_over_time/,2026-09-12,"4/4 quarters, obligations $5968783 / revenue $16338000000"
EIX,2024,0.0001,SEC XBRL quarterly revenue + USASpending.gov federal contract obligations,https://api.usaspending.gov/api/v2/search/spending_over_time/,2026-09-12,"4/4 quarters, obligations $1392781 / revenue $17599000000"
EIX,2025,0.0001,SEC XBRL quarterly revenue + USASpending.gov federal contract obligations,https://api.usaspending.gov/api/v2/search/spending_over_time/,2026-09-12,"4/4 quarters, obligations $1095915 / revenue $19317000000"
EL,2018,0.0,SEC XBRL quarterly revenue + USASpending.gov federal contract obligations,https://api.usaspending.gov/api/v2/search/spending_over_time/,2026-09-12,"4/4 quarters, obligations $0 / revenue $14194000000"
EL,2019,0.0,SEC XBRL quarterly revenue + USASpending.gov federal contract obligations,https://api.usaspending.gov/api/v2/search/spending_over_time/,2026-09-12,"4/4 quarters, obligations $0 / revenue $15853000000"
EL,2020,0.0,SEC XBRL quarterly revenue + USASpending.gov federal contract obligations,https://api.usaspending.gov/api/v2/search/spending_over_time/,2026-09-12,"4/4 quarters, obligations $0 / revenue $14190000000"
EL,2021,0.0,SEC XBRL quarterly revenue + USASpending.gov federal contract obligations,https://api.usaspending.gov/api/v2/search/spending_over_time/,2026-09-12,"4/4 quarters, obligations $0 / revenue $17731000000"
EL,2022,0.0,SEC XBRL quarterly revenue + USASpending.gov federal contract obligations,https://api.usaspending.gov/api/v2/search/spending_over_time/,2026-09-12,"4/4 quarters, obligations $0 / revenue $16356000000"
EL,2023,0.0,SEC XBRL quarterly revenue + USASpending.gov federal contract obligations,https://api.usaspending.gov/api/v2/search/spending_over_time/,2026-09-12,"4/4 quarters, obligations $0 / revenue $15157000000"
EL,2024,0.0,SEC XBRL quarterly revenue + USASpending.gov federal contract obligations,https://api.usaspending.gov/api/v2/search/spending_over_time/,2026-09-12,"4/4 quarters, obligations $0 / revenue $15176000000"
EL,2025,0.0,SEC XBRL quarterly revenue + USASpending.gov federal contract obligations,https://api.usaspending.gov/api/v2/search/spending_over_time/,2026-09-12,"4/4 quarters, obligations $0 / revenue $14671000000"
ELV,2018,0.003,SEC XBRL quarterly revenue + USASpending.gov federal contract obligations,https://api.usaspending.gov/api/v2/search/spending_over_time/,2026-09-12,"4/4 quarters, obligations $273129395 / revenue $92105000000"
ELV,2019,0.0023,SEC XBRL quarterly revenue + USASpending.gov federal contract obligations,https://api.usaspending.gov/api/v2/search/spending_over_time/,2026-09-12,"4/4 quarters, obligations $240895547 / revenue $104213000000"
ELV,2020,0.0019,SEC XBRL quarterly revenue + USASpending.gov federal contract obligations,https://api.usaspending.gov/api/v2/search/spending_over_time/,2026-09-12,"4/4 quarters, obligations $229134670 / revenue $121867000000"
ELV,2021,0.0017,SEC XBRL quarterly revenue + USASpending.gov federal contract obligations,https://api.usaspending.gov/api/v2/search/spending_over_time/,2026-09-12,"4/4 quarters, obligations $242168112 / revenue $138639000000"
ELV,2022,0.0023,SEC XBRL quarterly revenue + USASpending.gov federal contract obligations,https://api.usaspending.gov/api/v2/search/spending_over_time/,2026-09-12,"4/4 quarters, obligations $364532801 / revenue $156595000000"
ELV,2023,0.0023,SEC XBRL quarterly revenue + USASpending.gov federal contract obligations,https://api.usaspending.gov/api/v2/search/spending_over_time/,2026-09-12,"4/4 quarters, obligations $394275454 / revenue $171340000000"
ELV,2024,0.0011,SEC XBRL quarterly revenue + USASpending.gov federal contract obligations,https://api.usaspending.gov/api/v2/search/spending_over_time/,2026-09-12,"4/4 quarters, obligations $187799595 / revenue $177011000000"
ELV,2025,0.0015,SEC XBRL quarterly revenue + USASpending.gov federal contract obligations,https://api.usaspending.gov/api/v2/search/spending_over_time/,2026-09-12,"4/4 quarters, obligations $291750587 / revenue $199125000000"
EME,2018,0.0188,SEC XBRL quarterly revenue + USASpending.gov federal contract obligations,https://api.usaspending.gov/api/v2/search/spending_over_time/,2026-09-12,"4/4 quarters, obligations $152616371 / revenue $8130631000"
EME,2019,0.0108,SEC XBRL quarterly revenue + USASpending.gov federal contract obligations,https://api.usaspending.gov/api/v2/search/spending_over_time/,2026-09-12,"4/4 quarters, obligations $98988825 / revenue $9174611000"
EME,2020,0.009,SEC XBRL quarterly revenue + USASpending.gov federal contract obligations,https://api.usaspending.gov/api/v2/search/spending_over_time/,2026-09-12,"4/4 quarters, obligations $78752905 / revenue $8797061000"
EME,2021,0.013,SEC XBRL quarterly revenue + USASpending.gov federal contract obligations,https://api.usaspending.gov/api/v2/search/spending_over_time/,2026-09-12,"4/4 quarters, obligations $129216938 / revenue $9903580000"
EME,2022,0.009,SEC XBRL quarterly revenue + USASpending.gov federal contract obligations,https://api.usaspending.gov/api/v2/search/spending_over_time/,2026-09-12,"4/4 quarters, obligations $99779225 / revenue $11076120000"
EME,2023,0.0079,SEC XBRL quarterly revenue + USASpending.gov federal contract obligations,https://api.usaspending.gov/api/v2/search/spending_over_time/,2026-09-12,"4/4 quarters, obligations $99118629 / revenue $12582873000"
EME,2024,0.0064,SEC XBRL quarterly revenue + USASpending.gov federal contract obligations,https://api.usaspending.gov/api/v2/search/spending_over_time/,2026-09-12,"4/4 quarters, obligations $93046771 / revenue $14566116000"
EME,2025,0.0059,SEC XBRL quarterly revenue + USASpending.gov federal contract obligations,https://api.usaspending.gov/api/v2/search/spending_over_time/,2026-09-12,"4/4 quarters, obligations $99618361 / revenue $16986422000"
EMR,2018,0.0,SEC XBRL quarterly revenue + USASpending.gov federal contract obligations,https://api.usaspending.gov/api/v2/search/spending_over_time/,2026-09-12,"4/4 quarters, obligations $0 / revenue $17739000000"
EMR,2019,0.0,SEC XBRL quarterly revenue + USASpending.gov federal contract obligations,https://api.usaspending.gov/api/v2/search/spending_over_time/,2026-09-12,"4/4 quarters, obligations $0 / revenue $18376000000"
EMR,2020,0.0001,SEC XBRL quarterly revenue + USASpending.gov federal contract obligations,https://api.usaspending.gov/api/v2/search/spending_over_time/,2026-09-12,"4/4 quarters, obligations $1484860 / revenue $16795000000"
EMR,2021,0.0004,SEC XBRL quarterly revenue + USASpending.gov federal contract obligations,https://api.usaspending.gov/api/v2/search/spending_over_time/,2026-09-12,"4/4 quarters, obligations $7539199 / revenue $17231000000"
EMR,2022,0.0006,SEC XBRL quarterly revenue + USASpending.gov federal contract obligations,https://api.usaspending.gov/api/v2/search/spending_over_time/,2026-09-12,"4/4 quarters, obligations $9014784 / revenue $14021000000"
EMR,2023,0.0047,SEC XBRL quarterly revenue + USASpending.gov federal contract obligations,https://api.usaspending.gov/api/v2/search/spending_over_time/,2026-09-12,"4/4 quarters, obligations $75123885 / revenue $15909000000"
EMR,2024,0.0022,SEC XBRL quarterly revenue + USASpending.gov federal contract obligations,https://api.usaspending.gov/api/v2/search/spending_over_time/,2026-09-12,"4/4 quarters, obligations $37960716 / revenue $17550000000"
EMR,2025,0.0005,SEC XBRL quarterly revenue + USASpending.gov federal contract obligations,https://api.usaspending.gov/api/v2/search/spending_over_time/,2026-09-12,"4/4 quarters, obligations $9241209 / revenue $18186000000"
EOG,2018,0.0,SEC XBRL quarterly revenue + USASpending.gov federal contract obligations,https://api.usaspending.gov/api/v2/search/spending_over_time/,2026-09-12,"4/4 quarters, obligations $0 / revenue $17275399000"
EOG,2019,0.0,SEC XBRL quarterly revenue + USASpending.gov federal contract obligations,https://api.usaspending.gov/api/v2/search/spending_over_time/,2026-09-12,"4/4 quarters, obligations $0 / revenue $17379973000"
EOG,2020,0.0,SEC XBRL quarterly revenue + USASpending.gov federal contract obligations,https://api.usaspending.gov/api/v2/search/spending_over_time/,2026-09-12,"4/4 quarters, obligations $0 / revenue $11032498000"
EOG,2021,0.0,SEC XBRL quarterly revenue + USASpending.gov federal contract obligations,https://api.usaspending.gov/api/v2/search/spending_over_time/,2026-09-12,"4/4 quarters, obligations $0 / revenue $18642000000"
EOG,2022,0.0,SEC XBRL quarterly revenue + USASpending.gov federal contract obligations,https://api.usaspending.gov/api/v2/search/spending_over_time/,2026-09-12,"4/4 quarters, obligations $0 / revenue $25702000000"
EOG,2023,0.0,SEC XBRL quarterly revenue + USASpending.gov federal contract obligations,https://api.usaspending.gov/api/v2/search/spending_over_time/,2026-09-12,"4/4 quarters, obligations $0 / revenue $24186000000"
EOG,2024,0.0,SEC XBRL quarterly revenue + USASpending.gov federal contract obligations,https://api.usaspending.gov/api/v2/search/spending_over_time/,2026-09-12,"4/4 quarters, obligations $0 / revenue $23698000000"
EOG,2025,0.0,SEC XBRL quarterly revenue + USASpending.gov federal contract obligations,https://api.usaspending.gov/api/v2/search/spending_over_time/,2026-09-12,"4/4 quarters, obligations $0 / revenue $22632000000"
EQIX,2018,0.0029,SEC XBRL quarterly revenue + USASpending.gov federal contract obligations,https://api.usaspending.gov/api/v2/search/spending_over_time/,2026-09-12,"4/4 quarters, obligations $14670922 / revenue $5071654000"
EQIX,2019,0.0021,SEC XBRL quarterly revenue + USASpending.gov federal contract obligations,https://api.usaspending.gov/api/v2/search/spending_over_time/,2026-09-12,"4/4 quarters, obligations $11827568 / revenue $5562140000"
EQIX,2020,0.0017,SEC XBRL quarterly revenue + USASpending.gov federal contract obligations,https://api.usaspending.gov/api/v2/search/spending_over_time/,2026-09-12,"4/4 quarters, obligations $10157315 / revenue $5998545000"
EQIX,2021,0.0023,SEC XBRL quarterly revenue + USASpending.gov federal contract obligations,https://api.usaspending.gov/api/v2/search/spending_over_time/,2026-09-12,"4/4 quarters, obligations $15509957 / revenue $6635537000"
EQIX,2022,0.0027,SEC XBRL quarterly revenue + USASpending.gov federal contract obligations,https://api.usaspending.gov/api/v2/search/spending_over_time/,2026-09-12,"4/4 quarters, obligations $19691405 / revenue $7263000000"
EQIX,2023,0.0019,SEC XBRL quarterly revenue + USASpending.gov federal contract obligations,https://api.usaspending.gov/api/v2/search/spending_over_time/,2026-09-12,"4/4 quarters, obligations $15768994 / revenue $8188000000"
EQIX,2024,0.0017,SEC XBRL quarterly revenue + USASpending.gov federal contract obligations,https://api.usaspending.gov/api/v2/search/spending_over_time/,2026-09-12,"4/4 quarters, obligations $14877348 / revenue $8748000000"
EQIX,2025,0.0022,SEC XBRL quarterly revenue + USASpending.gov federal contract obligations,https://api.usaspending.gov/api/v2/search/spending_over_time/,2026-09-12,"4/4 quarters, obligations $20071623 / revenue $9217000000"
EQT,2018,0.0001,SEC XBRL quarterly revenue + USASpending.gov federal contract obligations,https://api.usaspending.gov/api/v2/search/spending_over_time/,2026-09-12,"4/4 quarters, obligations $572888 / revenue $4557868000"
EQT,2019,0.0008,SEC XBRL quarterly revenue + USASpending.gov federal contract obligations,https://api.usaspending.gov/api/v2/search/spending_over_time/,2026-09-12,"4/4 quarters, obligations $3269629 / revenue $3953250000"
EQT,2020,0.0023,SEC XBRL quarterly revenue + USASpending.gov federal contract obligations,https://api.usaspending.gov/api/v2/search/spending_over_time/,2026-09-12,"4/4 quarters, obligations $6047713 / revenue $2650299000"
EQT,2021,0.0014,SEC XBRL quarterly revenue + USASpending.gov federal contract obligations,https://api.usaspending.gov/api/v2/search/spending_over_time/,2026-09-12,"4/4 quarters, obligations $9770143 / revenue $6804020000"
EQT,2022,0.0003,SEC XBRL quarterly revenue + USASpending.gov federal contract obligations,https://api.usaspending.gov/api/v2/search/spending_over_time/,2026-09-12,"4/4 quarters, obligations $1877594 / revenue $7497689000"
EQT,2023,0.0006,SEC XBRL quarterly revenue + USASpending.gov federal contract obligations,https://api.usaspending.gov/api/v2/search/spending_over_time/,2026-09-12,"4/4 quarters, obligations $4422617 / revenue $6908923000"
EQT,2024,0.0029,SEC XBRL quarterly revenue + USASpending.gov federal contract obligations,https://api.usaspending.gov/api/v2/search/spending_over_time/,2026-09-12,"4/4 quarters, obligations $15282939 / revenue $5273309000"
EQT,2025,0.0025,SEC XBRL quarterly revenue + USASpending.gov federal contract obligations,https://api.usaspending.gov/api/v2/search/spending_over_time/,2026-09-12,"4/4 quarters, obligations $21257611 / revenue $8644211000"
ERIE,2018,0.0,SEC XBRL quarterly revenue + USASpending.gov federal contract obligations,https://api.usaspending.gov/api/v2/search/spending_over_time/,2026-09-12,"4/4 quarters, obligations $0 / revenue $2382212000"
ERIE,2019,0.0,SEC XBRL quarterly revenue + USASpending.gov federal contract obligations,https://api.usaspending.gov/api/v2/search/spending_over_time/,2026-09-12,"4/4 quarters, obligations $0 / revenue $2477298000"
ERIE,2020,0.0,SEC XBRL quarterly revenue + USASpending.gov federal contract obligations,https://api.usaspending.gov/api/v2/search/spending_over_time/,2026-09-12,"4/4 quarters, obligations $0 / revenue $2536489000"
ERIE,2021,0.0,SEC XBRL quarterly revenue + USASpending.gov federal contract obligations,https://api.usaspending.gov/api/v2/search/spending_over_time/,2026-09-12,"4/4 quarters, obligations $0 / revenue $2633977000"
ERIE,2022,0.0,SEC XBRL quarterly revenue + USASpending.gov federal contract obligations,https://api.usaspending.gov/api/v2/search/spending_over_time/,2026-09-12,"4/4 quarters, obligations $0 / revenue $2840124000"
ERIE,2023,0.0,SEC XBRL quarterly revenue + USASpending.gov federal contract obligations,https://api.usaspending.gov/api/v2/search/spending_over_time/,2026-09-12,"4/4 quarters, obligations $0 / revenue $3268940000"
ERIE,2024,0.0,SEC XBRL quarterly revenue + USASpending.gov federal contract obligations,https://api.usaspending.gov/api/v2/search/spending_over_time/,2026-09-12,"4/4 quarters, obligations $0 / revenue $3795115000"
ERIE,2025,0.0,SEC XBRL quarterly revenue + USASpending.gov federal contract obligations,https://api.usaspending.gov/api/v2/search/spending_over_time/,2026-09-12,"4/4 quarters, obligations $0 / revenue $4067258000"
ES,2018,0.0003,SEC XBRL quarterly revenue + USASpending.gov federal contract obligations,https://api.usaspending.gov/api/v2/search/spending_over_time/,2026-09-12,"4/4 quarters, obligations $2700861 / revenue $8448200000"
ES,2019,0.0013,SEC XBRL quarterly revenue + USASpending.gov federal contract obligations,https://api.usaspending.gov/api/v2/search/spending_over_time/,2026-09-12,"4/4 quarters, obligations $11030201 / revenue $8484300000"
ES,2020,0.0001,SEC XBRL quarterly revenue + USASpending.gov federal contract obligations,https://api.usaspending.gov/api/v2/search/spending_over_time/,2026-09-12,"4/4 quarters, obligations $1212779 / revenue $8766500000"
ES,2021,0.0003,SEC XBRL quarterly revenue + USASpending.gov federal contract obligations,https://api.usaspending.gov/api/v2/search/spending_over_time/,2026-09-12,"4/4 quarters, obligations $3334176 / revenue $9815000000"
ES,2022,0.0006,SEC XBRL quarterly revenue + USASpending.gov federal contract obligations,https://api.usaspending.gov/api/v2/search/spending_over_time/,2026-09-12,"4/4 quarters, obligations $7005668 / revenue $12270200000"
ES,2023,0.0006,SEC XBRL quarterly revenue + USASpending.gov federal contract obligations,https://api.usaspending.gov/api/v2/search/spending_over_time/,2026-09-12,"4/4 quarters, obligations $6983261 / revenue $11890600000"
ES,2024,0.0003,SEC XBRL quarterly revenue + USASpending.gov federal contract obligations,https://api.usaspending.gov/api/v2/search/spending_over_time/,2026-09-12,"4/4 quarters, obligations $3075752 / revenue $11801800000"
ES,2025,0.0003,SEC XBRL quarterly revenue + USASpending.gov federal contract obligations,https://api.usaspending.gov/api/v2/search/spending_over_time/,2026-09-12,"4/4 quarters, obligations $3796257 / revenue $13493100000"
ESS,2018,0.0,SEC XBRL quarterly revenue + USASpending.gov federal contract obligations,https://api.usaspending.gov/api/v2/search/spending_over_time/,2026-09-12,"4/4 quarters, obligations $0 / revenue $9183000"
ESS,2019,0.0,SEC XBRL quarterly revenue + USASpending.gov federal contract obligations,https://api.usaspending.gov/api/v2/search/spending_over_time/,2026-09-12,"4/4 quarters, obligations $0 / revenue $9527000"
ESS,2020,0.0,SEC XBRL quarterly revenue + USASpending.gov federal contract obligations,https://api.usaspending.gov/api/v2/search/spending_over_time/,2026-09-12,"4/4 quarters, obligations $0 / revenue $9598000"
ESS,2021,0.0,SEC XBRL quarterly revenue + USASpending.gov federal contract obligations,https://api.usaspending.gov/api/v2/search/spending_over_time/,2026-09-12,"4/4 quarters, obligations $0 / revenue $9138000"
ESS,2022,0.0,SEC XBRL quarterly revenue + USASpending.gov federal contract obligations,https://api.usaspending.gov/api/v2/search/spending_over_time/,2026-09-12,"4/4 quarters, obligations $0 / revenue $11139000"
ESS,2023,0.0,SEC XBRL quarterly revenue + USASpending.gov federal contract obligations,https://api.usaspending.gov/api/v2/search/spending_over_time/,2026-09-12,"4/4 quarters, obligations $0 / revenue $11131000"
ESS,2024,0.0,SEC XBRL quarterly revenue + USASpending.gov federal contract obligations,https://api.usaspending.gov/api/v2/search/spending_over_time/,2026-09-12,"4/4 quarters, obligations $0 / revenue $10265000"
ESS,2025,0.0,SEC XBRL quarterly revenue + USASpending.gov federal contract obligations,https://api.usaspending.gov/api/v2/search/spending_over_time/,2026-09-12,"4/4 quarters, obligations $0 / revenue $9381000"
ETN,2018,0.0075,SEC XBRL quarterly revenue + USASpending.gov federal contract obligations,https://api.usaspending.gov/api/v2/search/spending_over_time/,2026-09-12,"4/4 quarters, obligations $162164694 / revenue $21609000000"
ETN,2019,0.0064,SEC XBRL quarterly revenue + USASpending.gov federal contract obligations,https://api.usaspending.gov/api/v2/search/spending_over_time/,2026-09-12,"4/4 quarters, obligations $137286405 / revenue $21390000000"
ETN,2020,0.0047,SEC XBRL quarterly revenue + USASpending.gov federal contract obligations,https://api.usaspending.gov/api/v2/search/spending_over_time/,2026-09-12,"4/4 quarters, obligations $83274372 / revenue $17858000000"
ETN,2021,0.0038,SEC XBRL quarterly revenue + USASpending.gov federal contract obligations,https://api.usaspending.gov/api/v2/search/spending_over_time/,2026-09-12,"4/4 quarters, obligations $74118581 / revenue $19628000000"
ETN,2022,0.0057,SEC XBRL quarterly revenue + USASpending.gov federal contract obligations,https://api.usaspending.gov/api/v2/search/spending_over_time/,2026-09-12,"4/4 quarters, obligations $118833476 / revenue $20752000000"
ETN,2023,0.007,SEC XBRL quarterly revenue + USASpending.gov federal contract obligations,https://api.usaspending.gov/api/v2/search/spending_over_time/,2026-09-12,"4/4 quarters, obligations $162721177 / revenue $23196000000"
ETN,2024,0.0037,SEC XBRL quarterly revenue + USASpending.gov federal contract obligations,https://api.usaspending.gov/api/v2/search/spending_over_time/,2026-09-12,"4/4 quarters, obligations $92790048 / revenue $24878000000"
ETN,2025,0.0054,SEC XBRL quarterly revenue + USASpending.gov federal contract obligations,https://api.usaspending.gov/api/v2/search/spending_over_time/,2026-09-12,"4/4 quarters, obligations $148183395 / revenue $27448000000"
ETR,2018,0.0006,SEC XBRL quarterly revenue + USASpending.gov federal contract obligations,https://api.usaspending.gov/api/v2/search/spending_over_time/,2026-09-12,"4/4 quarters, obligations $6937935 / revenue $11009452000"
ETR,2019,0.0031,SEC XBRL quarterly revenue + USASpending.gov federal contract obligations,https://api.usaspending.gov/api/v2/search/spending_over_time/,2026-09-12,"4/4 quarters, obligations $33450157 / revenue $10878673000"
ETR,2020,0.0005,SEC XBRL quarterly revenue + USASpending.gov federal contract obligations,https://api.usaspending.gov/api/v2/search/spending_over_time/,2026-09-12,"4/4 quarters, obligations $5136166 / revenue $10113636000"
ETR,2021,0.0013,SEC XBRL quarterly revenue + USASpending.gov federal contract obligations,https://api.usaspending.gov/api/v2/search/spending_over_time/,2026-09-12,"4/4 quarters, obligations $15218475 / revenue $11742896000"
ETR,2022,0.001,SEC XBRL quarterly revenue + USASpending.gov federal contract obligations,https://api.usaspending.gov/api/v2/search/spending_over_time/,2026-09-12,"4/4 quarters, obligations $14392223 / revenue $13764237000"
ETR,2023,0.0032,SEC XBRL quarterly revenue + USASpending.gov federal contract obligations,https://api.usaspending.gov/api/v2/search/spending_over_time/,2026-09-12,"4/4 quarters, obligations $38495657 / revenue $12147412000"
ETR,2024,0.0015,SEC XBRL quarterly revenue + USASpending.gov federal contract obligations,https://api.usaspending.gov/api/v2/search/spending_over_time/,2026-09-12,"4/4 quarters, obligations $17925976 / revenue $11879653000"
ETR,2025,0.0009,SEC XBRL quarterly revenue + USASpending.gov federal contract obligations,https://api.usaspending.gov/api/v2/search/spending_over_time/,2026-09-12,"4/4 quarters, obligations $11080356 / revenue $12946686000"
EVRG,2018,0.0016,SEC XBRL quarterly revenue + USASpending.gov federal contract obligations,https://api.usaspending.gov/api/v2/search/spending_over_time/,2026-09-12,"4/4 quarters, obligations $6986606 / revenue $4275900000"
EVRG,2019,0.002,SEC XBRL quarterly revenue + USASpending.gov federal contract obligations,https://api.usaspending.gov/api/v2/search/spending_over_time/,2026-09-12,"4/4 quarters, obligations $10166862 / revenue $5147800000"
EVRG,2020,0.0009,SEC XBRL quarterly revenue + USASpending.gov federal contract obligations,https://api.usaspending.gov/api/v2/search/spending_over_time/,2026-09-12,"4/4 quarters, obligations $4343746 / revenue $4809900000"
EVRG,2021,0.0005,SEC XBRL quarterly revenue + USASpending.gov federal contract obligations,https://api.usaspending.gov/api/v2/search/spending_over_time/,2026-09-12,"4/4 quarters, obligations $2875438 / revenue $5329100000"
EVRG,2022,0.0007,SEC XBRL quarterly revenue + USASpending.gov federal contract obligations,https://api.usaspending.gov/api/v2/search/spending_over_time/,2026-09-12,"4/4 quarters, obligations $3715693 / revenue $5589200000"
EVRG,2023,0.0008,SEC XBRL quarterly revenue + USASpending.gov federal contract obligations,https://api.usaspending.gov/api/v2/search/spending_over_time/,2026-09-12,"4/4 quarters, obligations $4069960 / revenue $5345100000"
EVRG,2024,0.0006,SEC XBRL quarterly revenue + USASpending.gov federal contract obligations,https://api.usaspending.gov/api/v2/search/spending_over_time/,2026-09-12,"4/4 quarters, obligations $3298217 / revenue $5704400000"
EVRG,2025,0.0012,SEC XBRL quarterly revenue + USASpending.gov federal contract obligations,https://api.usaspending.gov/api/v2/search/spending_over_time/,2026-09-12,"4/4 quarters, obligations $6615238 / revenue $5705100000"
EW,2018,0.004,SEC XBRL quarterly revenue + USASpending.gov federal contract obligations,https://api.usaspending.gov/api/v2/search/spending_over_time/,2026-09-12,"4/4 quarters, obligations $14739822 / revenue $3722800000"
EW,2019,0.0036,SEC XBRL quarterly revenue + USASpending.gov federal contract obligations,https://api.usaspending.gov/api/v2/search/spending_over_time/,2026-09-12,"4/4 quarters, obligations $15617001 / revenue $4348000000"
EW,2020,0.0037,SEC XBRL quarterly revenue + USASpending.gov federal contract obligations,https://api.usaspending.gov/api/v2/search/spending_over_time/,2026-09-12,"4/4 quarters, obligations $16124794 / revenue $4386300000"
EW,2021,0.0036,SEC XBRL quarterly revenue + USASpending.gov federal contract obligations,https://api.usaspending.gov/api/v2/search/spending_over_time/,2026-09-12,"4/4 quarters, obligations $18640644 / revenue $5232500000"
EW,2022,0.0047,SEC XBRL quarterly revenue + USASpending.gov federal contract obligations,https://api.usaspending.gov/api/v2/search/spending_over_time/,2026-09-12,"4/4 quarters, obligations $20960080 / revenue $4464000000"
EW,2023,0.0048,SEC XBRL quarterly revenue + USASpending.gov federal contract obligations,https://api.usaspending.gov/api/v2/search/spending_over_time/,2026-09-12,"4/4 quarters, obligations $24002940 / revenue $5010000000"
EW,2024,0.0051,SEC XBRL quarterly revenue + USASpending.gov federal contract obligations,https://api.usaspending.gov/api/v2/search/spending_over_time/,2026-09-12,"4/4 quarters, obligations $27630235 / revenue $5439500000"
EW,2025,0.0045,SEC XBRL quarterly revenue + USASpending.gov federal contract obligations,https://api.usaspending.gov/api/v2/search/spending_over_time/,2026-09-12,"4/4 quarters, obligations $27560475 / revenue $6067600000"
EXC,2018,0.0054,SEC XBRL quarterly revenue + USASpending.gov federal contract obligations,https://api.usaspending.gov/api/v2/search/spending_over_time/,2026-09-12,"4/4 quarters, obligations $195802732 / revenue $35978000000"
EXC,2019,0.0051,SEC XBRL quarterly revenue + USASpending.gov federal contract obligations,https://api.usaspending.gov/api/v2/search/spending_over_time/,2026-09-12,"4/4 quarters, obligations $176232338 / revenue $34438000000"
EXC,2020,0.0099,SEC XBRL quarterly revenue + USASpending.gov federal contract obligations,https://api.usaspending.gov/api/v2/search/spending_over_time/,2026-09-12,"4/4 quarters, obligations $164180396 / revenue $16663000000"
EXC,2021,0.0086,SEC XBRL quarterly revenue + USASpending.gov federal contract obligations,https://api.usaspending.gov/api/v2/search/spending_over_time/,2026-09-12,"4/4 quarters, obligations $154134944 / revenue $17938000000"
EXC,2022,0.0076,SEC XBRL quarterly revenue + USASpending.gov federal contract obligations,https://api.usaspending.gov/api/v2/search/spending_over_time/,2026-09-12,"4/4 quarters, obligations $144441313 / revenue $19078000000"
EXC,2023,0.0067,SEC XBRL quarterly revenue + USASpending.gov federal contract obligations,https://api.usaspending.gov/api/v2/search/spending_over_time/,2026-09-12,"4/4 quarters, obligations $144881378 / revenue $21727000000"
EXC,2024,0.0007,SEC XBRL quarterly revenue + USASpending.gov federal contract obligations,https://api.usaspending.gov/api/v2/search/spending_over_time/,2026-09-12,"4/4 quarters, obligations $16772175 / revenue $23028000000"
EXC,2025,0.0,SEC XBRL quarterly revenue + USASpending.gov federal contract obligations,https://api.usaspending.gov/api/v2/search/spending_over_time/,2026-09-12,"4/4 quarters, obligations $321562 / revenue $24258000000"
EXE,2018,0.0,SEC XBRL quarterly revenue + USASpending.gov federal contract obligations,https://api.usaspending.gov/api/v2/search/spending_over_time/,2026-09-12,"4/4 quarters, obligations $0 / revenue $5189000000"
EXE,2019,0.0,SEC XBRL quarterly revenue + USASpending.gov federal contract obligations,https://api.usaspending.gov/api/v2/search/spending_over_time/,2026-09-12,"4/4 quarters, obligations $0 / revenue $4517000000"
EXE,2020,0.0,SEC XBRL quarterly revenue + USASpending.gov federal contract obligations,https://api.usaspending.gov/api/v2/search/spending_over_time/,2026-09-12,"4/4 quarters, obligations $0 / revenue $2745000000"
EXPD,2018,0.0,SEC XBRL quarterly revenue + USASpending.gov federal contract obligations,https://api.usaspending.gov/api/v2/search/spending_over_time/,2026-09-12,"4/4 quarters, obligations $0 / revenue $8138365000"
EXPD,2019,0.0,SEC XBRL quarterly revenue + USASpending.gov federal contract obligations,https://api.usaspending.gov/api/v2/search/spending_over_time/,2026-09-12,"4/4 quarters, obligations $0 / revenue $8175426000"
EXPD,2020,0.0,SEC XBRL quarterly revenue + USASpending.gov federal contract obligations,https://api.usaspending.gov/api/v2/search/spending_over_time/,2026-09-12,"4/4 quarters, obligations $0 / revenue $9830843000"
EXPD,2021,0.0,SEC XBRL quarterly revenue + USASpending.gov federal contract obligations,https://api.usaspending.gov/api/v2/search/spending_over_time/,2026-09-12,"4/4 quarters, obligations $0 / revenue $16523517000"
EXPD,2022,0.0,SEC XBRL quarterly revenue + USASpending.gov federal contract obligations,https://api.usaspending.gov/api/v2/search/spending_over_time/,2026-09-12,"4/4 quarters, obligations $0 / revenue $17071284000"
EXPD,2023,0.0,SEC XBRL quarterly revenue + USASpending.gov federal contract obligations,https://api.usaspending.gov/api/v2/search/spending_over_time/,2026-09-12,"4/4 quarters, obligations $0 / revenue $9300110000"
EXPD,2024,0.0,SEC XBRL quarterly revenue + USASpending.gov federal contract obligations,https://api.usaspending.gov/api/v2/search/spending_over_time/,2026-09-12,"4/4 quarters, obligations $0 / revenue $10600515000"
EXPD,2025,0.0,SEC XBRL quarterly revenue + USASpending.gov federal contract obligations,https://api.usaspending.gov/api/v2/search/spending_over_time/,2026-09-12,"4/4 quarters, obligations $0 / revenue $11069009000"
EXPE,2018,0.0,SEC XBRL quarterly revenue + USASpending.gov federal contract obligations,https://api.usaspending.gov/api/v2/search/spending_over_time/,2026-09-12,"4/4 quarters, obligations $0 / revenue $11223000000"
EXPE,2019,0.0,SEC XBRL quarterly revenue + USASpending.gov federal contract obligations,https://api.usaspending.gov/api/v2/search/spending_over_time/,2026-09-12,"4/4 quarters, obligations $0 / revenue $12067000000"
EXPE,2020,0.0,SEC XBRL quarterly revenue + USASpending.gov federal contract obligations,https://api.usaspending.gov/api/v2/search/spending_over_time/,2026-09-12,"4/4 quarters, obligations $0 / revenue $5199000000"
EXPE,2021,0.0,SEC XBRL quarterly revenue + USASpending.gov federal contract obligations,https://api.usaspending.gov/api/v2/search/spending_over_time/,2026-09-12,"4/4 quarters, obligations $0 / revenue $8598000000"
EXPE,2022,0.0,SEC XBRL quarterly revenue + USASpending.gov federal contract obligations,https://api.usaspending.gov/api/v2/search/spending_over_time/,2026-09-12,"4/4 quarters, obligations $0 / revenue $11667000000"
EXPE,2023,0.0,SEC XBRL quarterly revenue + USASpending.gov federal contract obligations,https://api.usaspending.gov/api/v2/search/spending_over_time/,2026-09-12,"4/4 quarters, obligations $94947 / revenue $12839000000"
EXPE,2024,0.0,SEC XBRL quarterly revenue + USASpending.gov federal contract obligations,https://api.usaspending.gov/api/v2/search/spending_over_time/,2026-09-12,"4/4 quarters, obligations $34494 / revenue $13691000000"
EXPE,2025,0.0,SEC XBRL quarterly revenue + USASpending.gov federal contract obligations,https://api.usaspending.gov/api/v2/search/spending_over_time/,2026-09-12,"4/4 quarters, obligations $0 / revenue $14733000000"
EXR,2018,0.0,SEC XBRL quarterly revenue + USASpending.gov federal contract obligations,https://api.usaspending.gov/api/v2/search/spending_over_time/,2026-09-12,"4/4 quarters, obligations $9861 / revenue $1196604000"
EXR,2019,0.0001,SEC XBRL quarterly revenue + USASpending.gov federal contract obligations,https://api.usaspending.gov/api/v2/search/spending_over_time/,2026-09-12,"4/4 quarters, obligations $19555 / revenue $371864000"
EXR,2020,0.0,SEC XBRL quarterly revenue + USASpending.gov federal contract obligations,https://api.usaspending.gov/api/v2/search/spending_over_time/,2026-09-12,"4/4 quarters, obligations $1984 / revenue $52129000"
EXR,2021,0.0001,SEC XBRL quarterly revenue + USASpending.gov federal contract obligations,https://api.usaspending.gov/api/v2/search/spending_over_time/,2026-09-12,"4/4 quarters, obligations $5328 / revenue $66264000"
EXR,2022,0.0,SEC XBRL quarterly revenue + USASpending.gov federal contract obligations,https://api.usaspending.gov/api/v2/search/spending_over_time/,2026-09-12,"4/4 quarters, obligations $0 / revenue $83904000"
EXR,2023,0.0,SEC XBRL quarterly revenue + USASpending.gov federal contract obligations,https://api.usaspending.gov/api/v2/search/spending_over_time/,2026-09-12,"4/4 quarters, obligations $0 / revenue $101986000"
EXR,2024,0.0,SEC XBRL quarterly revenue + USASpending.gov federal contract obligations,https://api.usaspending.gov/api/v2/search/spending_over_time/,2026-09-12,"4/4 quarters, obligations $0 / revenue $120855000"
EXR,2025,0.0,SEC XBRL quarterly revenue + USASpending.gov federal contract obligations,https://api.usaspending.gov/api/v2/search/spending_over_time/,2026-09-12,"4/4 quarters, obligations $0 / revenue $129476000"
F,2018,0.0026,SEC XBRL quarterly revenue + USASpending.gov federal contract obligations,https://api.usaspending.gov/api/v2/search/spending_over_time/,2026-09-12,"4/4 quarters, obligations $421637383 / revenue $160338000000"
F,2019,0.0026,SEC XBRL quarterly revenue + USASpending.gov federal contract obligations,https://api.usaspending.gov/api/v2/search/spending_over_time/,2026-09-12,"4/4 quarters, obligations $397949730 / revenue $155900000000"
F,2020,0.004,SEC XBRL quarterly revenue + USASpending.gov federal contract obligations,https://api.usaspending.gov/api/v2/search/spending_over_time/,2026-09-12,"4/4 quarters, obligations $504721182 / revenue $127144000000"
F,2021,0.004,SEC XBRL quarterly revenue + USASpending.gov federal contract obligations,https://api.usaspending.gov/api/v2/search/spending_over_time/,2026-09-12,"4/4 quarters, obligations $538863314 / revenue $136341000000"
F,2022,0.0049,SEC XBRL quarterly revenue + USASpending.gov federal contract obligations,https://api.usaspending.gov/api/v2/search/spending_over_time/,2026-09-12,"4/4 quarters, obligations $774633654 / revenue $158057000000"
FANG,2018,0.0,SEC XBRL quarterly revenue + USASpending.gov federal contract obligations,https://api.usaspending.gov/api/v2/search/spending_over_time/,2026-09-12,"4/4 quarters, obligations $0 / revenue $2176000000"
FANG,2019,0.0,SEC XBRL quarterly revenue + USASpending.gov federal contract obligations,https://api.usaspending.gov/api/v2/search/spending_over_time/,2026-09-12,"4/4 quarters, obligations $0 / revenue $3924000000"
FANG,2020,0.0,SEC XBRL quarterly revenue + USASpending.gov federal contract obligations,https://api.usaspending.gov/api/v2/search/spending_over_time/,2026-09-12,"4/4 quarters, obligations $0 / revenue $2756000000"
FANG,2021,0.0,SEC XBRL quarterly revenue + USASpending.gov federal contract obligations,https://api.usaspending.gov/api/v2/search/spending_over_time/,2026-09-12,"4/4 quarters, obligations $0 / revenue $6797000000"
FANG,2022,0.0,SEC XBRL quarterly revenue + USASpending.gov federal contract obligations,https://api.usaspending.gov/api/v2/search/spending_over_time/,2026-09-12,"4/4 quarters, obligations $0 / revenue $9643000000"
FANG,2023,0.0,SEC XBRL quarterly revenue + USASpending.gov federal contract obligations,https://api.usaspending.gov/api/v2/search/spending_over_time/,2026-09-12,"4/4 quarters, obligations $0 / revenue $8412000000"
FANG,2024,0.0,SEC XBRL quarterly revenue + USASpending.gov federal contract obligations,https://api.usaspending.gov/api/v2/search/spending_over_time/,2026-09-12,"4/4 quarters, obligations $0 / revenue $11066000000"
FANG,2025,0.0,SEC XBRL quarterly revenue + USASpending.gov federal contract obligations,https://api.usaspending.gov/api/v2/search/spending_over_time/,2026-09-12,"4/4 quarters, obligations $0 / revenue $15026000000"
FAST,2018,0.0019,SEC XBRL quarterly revenue + USASpending.gov federal contract obligations,https://api.usaspending.gov/api/v2/search/spending_over_time/,2026-09-12,"4/4 quarters, obligations $9415598 / revenue $4965100000"
FAST,2019,0.0017,SEC XBRL quarterly revenue + USASpending.gov federal contract obligations,https://api.usaspending.gov/api/v2/search/spending_over_time/,2026-09-12,"4/4 quarters, obligations $8834431 / revenue $5333700000"
FAST,2020,0.0016,SEC XBRL quarterly revenue + USASpending.gov federal contract obligations,https://api.usaspending.gov/api/v2/search/spending_over_time/,2026-09-12,"4/4 quarters, obligations $9052557 / revenue $5647300000"
FAST,2021,0.0018,SEC XBRL quarterly revenue + USASpending.gov federal contract obligations,https://api.usaspending.gov/api/v2/search/spending_over_time/,2026-09-12,"4/4 quarters, obligations $10659935 / revenue $6010900000"
FAST,2022,0.0016,SEC XBRL quarterly revenue + USASpending.gov federal contract obligations,https://api.usaspending.gov/api/v2/search/spending_over_time/,2026-09-12,"4/4 quarters, obligations $10956027 / revenue $6980600000"
FAST,2023,0.0012,SEC XBRL quarterly revenue + USASpending.gov federal contract obligations,https://api.usaspending.gov/api/v2/search/spending_over_time/,2026-09-12,"4/4 quarters, obligations $8979813 / revenue $7346700000"
FAST,2024,0.0014,SEC XBRL quarterly revenue + USASpending.gov federal contract obligations,https://api.usaspending.gov/api/v2/search/spending_over_time/,2026-09-12,"4/4 quarters, obligations $10373236 / revenue $7546000000"
FAST,2025,0.001,SEC XBRL quarterly revenue + USASpending.gov federal contract obligations,https://api.usaspending.gov/api/v2/search/spending_over_time/,2026-09-12,"4/4 quarters, obligations $8133716 / revenue $8200500000"
FCX,2018,0.0,SEC XBRL quarterly revenue + USASpending.gov federal contract obligations,https://api.usaspending.gov/api/v2/search/spending_over_time/,2026-09-12,"4/4 quarters, obligations $0 / revenue $18628000000"
FCX,2019,0.0,SEC XBRL quarterly revenue + USASpending.gov federal contract obligations,https://api.usaspending.gov/api/v2/search/spending_over_time/,2026-09-12,"4/4 quarters, obligations $0 / revenue $14442000000"
FCX,2020,0.0,SEC XBRL quarterly revenue + USASpending.gov federal contract obligations,https://api.usaspending.gov/api/v2/search/spending_over_time/,2026-09-12,"4/4 quarters, obligations $0 / revenue $13894000000"
FCX,2021,0.0,SEC XBRL quarterly revenue + USASpending.gov federal contract obligations,https://api.usaspending.gov/api/v2/search/spending_over_time/,2026-09-12,"4/4 quarters, obligations $0 / revenue $22422000000"
FCX,2022,0.0,SEC XBRL quarterly revenue + USASpending.gov federal contract obligations,https://api.usaspending.gov/api/v2/search/spending_over_time/,2026-09-12,"4/4 quarters, obligations $0 / revenue $23271000000"
FCX,2023,0.0,SEC XBRL quarterly revenue + USASpending.gov federal contract obligations,https://api.usaspending.gov/api/v2/search/spending_over_time/,2026-09-12,"4/4 quarters, obligations $0 / revenue $22703000000"
FCX,2024,0.0,SEC XBRL quarterly revenue + USASpending.gov federal contract obligations,https://api.usaspending.gov/api/v2/search/spending_over_time/,2026-09-12,"4/4 quarters, obligations $0 / revenue $25169000000"
FCX,2025,0.0,SEC XBRL quarterly revenue + USASpending.gov federal contract obligations,https://api.usaspending.gov/api/v2/search/spending_over_time/,2026-09-12,"4/4 quarters, obligations $0 / revenue $25186000000"
FDS,2018,0.0008,SEC XBRL quarterly revenue + USASpending.gov federal contract obligations,https://api.usaspending.gov/api/v2/search/spending_over_time/,2026-09-12,"4/4 quarters, obligations $274179 / revenue $352661003"
FDS,2019,0.0002,SEC XBRL quarterly revenue + USASpending.gov federal contract obligations,https://api.usaspending.gov/api/v2/search/spending_over_time/,2026-09-12,"4/4 quarters, obligations $268040 / revenue $1450369000"
FDS,2020,0.0002,SEC XBRL quarterly revenue + USASpending.gov federal contract obligations,https://api.usaspending.gov/api/v2/search/spending_over_time/,2026-09-12,"4/4 quarters, obligations $295298 / revenue $1515659000"
FDS,2021,0.0003,SEC XBRL quarterly revenue + USASpending.gov federal contract obligations,https://api.usaspending.gov/api/v2/search/spending_over_time/,2026-09-12,"4/4 quarters, obligations $558247 / revenue $1627964000"
FDS,2022,0.0003,SEC XBRL quarterly revenue + USASpending.gov federal contract obligations,https://api.usaspending.gov/api/v2/search/spending_over_time/,2026-09-12,"4/4 quarters, obligations $655724 / revenue $1923982000"
FDS,2023,0.0006,SEC XBRL quarterly revenue + USASpending.gov federal contract obligations,https://api.usaspending.gov/api/v2/search/spending_over_time/,2026-09-12,"4/4 quarters, obligations $1237753 / revenue $2122909000"
FDS,2024,0.0007,SEC XBRL quarterly revenue + USASpending.gov federal contract obligations,https://api.usaspending.gov/api/v2/search/spending_over_time/,2026-09-12,"4/4 quarters, obligations $1603252 / revenue $2229507000"
FDS,2025,0.0007,SEC XBRL quarterly revenue + USASpending.gov federal contract obligations,https://api.usaspending.gov/api/v2/search/spending_over_time/,2026-09-12,"4/4 quarters, obligations $1654363 / revenue $2360702000"
FDX,2018,0.0,SEC XBRL quarterly revenue + USASpending.gov federal contract obligations,https://api.usaspending.gov/api/v2/search/spending_over_time/,2026-09-12,"4/4 quarters, obligations $0 / revenue $68716000000"
FDX,2019,0.0,SEC XBRL quarterly revenue + USASpending.gov federal contract obligations,https://api.usaspending.gov/api/v2/search/spending_over_time/,2026-09-12,"4/4 quarters, obligations $0 / revenue $69189000000"
FDX,2020,0.0073,SEC XBRL quarterly revenue + USASpending.gov federal contract obligations,https://api.usaspending.gov/api/v2/search/spending_over_time/,2026-09-12,"4/4 quarters, obligations $544344573 / revenue $74729000000"
FDX,2021,0.0115,SEC XBRL quarterly revenue + USASpending.gov federal contract obligations,https://api.usaspending.gov/api/v2/search/spending_over_time/,2026-09-12,"4/4 quarters, obligations $1031444865 / revenue $89552000000"
FDX,2022,0.0141,SEC XBRL quarterly revenue + USASpending.gov federal contract obligations,https://api.usaspending.gov/api/v2/search/spending_over_time/,2026-09-12,"4/4 quarters, obligations $1325634831 / revenue $94091000000"
FDX,2023,0.0166,SEC XBRL quarterly revenue + USASpending.gov federal contract obligations,https://api.usaspending.gov/api/v2/search/spending_over_time/,2026-09-12,"4/4 quarters, obligations $1458842335 / revenue $87945000000"
FDX,2024,0.0141,SEC XBRL quarterly revenue + USASpending.gov federal contract obligations,https://api.usaspending.gov/api/v2/search/spending_over_time/,2026-09-12,"4/4 quarters, obligations $1229473391 / revenue $87393000000"
FDX,2025,0.0072,SEC XBRL quarterly revenue + USASpending.gov federal contract obligations,https://api.usaspending.gov/api/v2/search/spending_over_time/,2026-09-12,"4/4 quarters, obligations $651714182 / revenue $90093000000"
FE,2018,0.0027,SEC XBRL quarterly revenue + USASpending.gov federal contract obligations,https://api.usaspending.gov/api/v2/search/spending_over_time/,2026-09-12,"4/4 quarters, obligations $30538734 / revenue $11261000000"
FE,2019,0.0026,SEC XBRL quarterly revenue + USASpending.gov federal contract obligations,https://api.usaspending.gov/api/v2/search/spending_over_time/,2026-09-12,"4/4 quarters, obligations $28252964 / revenue $10853000000"
FE,2020,0.0016,SEC XBRL quarterly revenue + USASpending.gov federal contract obligations,https://api.usaspending.gov/api/v2/search/spending_over_time/,2026-09-12,"4/4 quarters, obligations $17361852 / revenue $10790000000"
FE,2021,0.0016,SEC XBRL quarterly revenue + USASpending.gov federal contract obligations,https://api.usaspending.gov/api/v2/search/spending_over_time/,2026-09-12,"4/4 quarters, obligations $18051670 / revenue $11132000000"
FE,2022,0.0021,SEC XBRL quarterly revenue + USASpending.gov federal contract obligations,https://api.usaspending.gov/api/v2/search/spending_over_time/,2026-09-12,"4/4 quarters, obligations $25735796 / revenue $12459000000"
FE,2023,0.002,SEC XBRL quarterly revenue + USASpending.gov federal contract obligations,https://api.usaspending.gov/api/v2/search/spending_over_time/,2026-09-12,"4/4 quarters, obligations $25330005 / revenue $12870000000"
FE,2024,0.0009,SEC XBRL quarterly revenue + USASpending.gov federal contract obligations,https://api.usaspending.gov/api/v2/search/spending_over_time/,2026-09-12,"4/4 quarters, obligations $11504303 / revenue $13472000000"
FE,2025,0.0014,SEC XBRL quarterly revenue + USASpending.gov federal contract obligations,https://api.usaspending.gov/api/v2/search/spending_over_time/,2026-09-12,"4/4 quarters, obligations $21398170 / revenue $15090000000"
FERG,2024,0.0,SEC XBRL quarterly revenue + USASpending.gov federal contract obligations,https://api.usaspending.gov/api/v2/search/spending_over_time/,2026-09-12,"4/4 quarters, obligations $405856 / revenue $29699000000"
FERG,2025,0.0001,SEC XBRL quarterly revenue + USASpending.gov federal contract obligations,https://api.usaspending.gov/api/v2/search/spending_over_time/,2026-09-12,"3/4 quarters, obligations $1407134 / revenue $23745000000"
FFIV,2020,0.4189,SEC XBRL quarterly revenue + USASpending.gov federal contract obligations,https://api.usaspending.gov/api/v2/search/spending_over_time/,2026-09-12,"4/4 quarters, obligations $1008048945 / revenue $2406134000"
FFIV,2021,0.294,SEC XBRL quarterly revenue + USASpending.gov federal contract obligations,https://api.usaspending.gov/api/v2/search/spending_over_time/,2026-09-12,"4/4 quarters, obligations $783786231 / revenue $2665899000"
FFIV,2022,0.475,SEC XBRL quarterly revenue + USASpending.gov federal contract obligations,https://api.usaspending.gov/api/v2/search/spending_over_time/,2026-09-12,"4/4 quarters, obligations $1286835989 / revenue $2709123000"
FFIV,2023,0.3464,SEC XBRL quarterly revenue + USASpending.gov federal contract obligations,https://api.usaspending.gov/api/v2/search/spending_over_time/,2026-09-12,"4/4 quarters, obligations $971696047 / revenue $2805388000"
FFIV,2024,0.2198,SEC XBRL quarterly revenue + USASpending.gov federal contract obligations,https://api.usaspending.gov/api/v2/search/spending_over_time/,2026-09-12,"4/4 quarters, obligations $635340594 / revenue $2890012000"
FFIV,2025,0.1113,SEC XBRL quarterly revenue + USASpending.gov federal contract obligations,https://api.usaspending.gov/api/v2/search/spending_over_time/,2026-09-12,"4/4 quarters, obligations $349827474 / revenue $3144048000"
FICO,2018,0.0027,SEC XBRL quarterly revenue + USASpending.gov federal contract obligations,https://api.usaspending.gov/api/v2/search/spending_over_time/,2026-09-12,"4/4 quarters, obligations $2735810 / revenue $1030041000"
FICO,2019,0.0023,SEC XBRL quarterly revenue + USASpending.gov federal contract obligations,https://api.usaspending.gov/api/v2/search/spending_over_time/,2026-09-12,"4/4 quarters, obligations $2776664 / revenue $1196331000"
FICO,2020,0.0021,SEC XBRL quarterly revenue + USASpending.gov federal contract obligations,https://api.usaspending.gov/api/v2/search/spending_over_time/,2026-09-12,"4/4 quarters, obligations $2804459 / revenue $1308472000"
FICO,2021,0.0021,SEC XBRL quarterly revenue + USASpending.gov federal contract obligations,https://api.usaspending.gov/api/v2/search/spending_over_time/,2026-09-12,"4/4 quarters, obligations $2790549 / revenue $1326483000"
FICO,2022,0.0016,SEC XBRL quarterly revenue + USASpending.gov federal contract obligations,https://api.usaspending.gov/api/v2/search/spending_over_time/,2026-09-12,"4/4 quarters, obligations $2300000 / revenue $1399779000"
FICO,2023,0.0015,SEC XBRL quarterly revenue + USASpending.gov federal contract obligations,https://api.usaspending.gov/api/v2/search/spending_over_time/,2026-09-12,"4/4 quarters, obligations $2350000 / revenue $1550746000"
FICO,2024,0.0014,SEC XBRL quarterly revenue + USASpending.gov federal contract obligations,https://api.usaspending.gov/api/v2/search/spending_over_time/,2026-09-12,"4/4 quarters, obligations $2400000 / revenue $1775435000"
FICO,2025,0.0012,SEC XBRL quarterly revenue + USASpending.gov federal contract obligations,https://api.usaspending.gov/api/v2/search/spending_over_time/,2026-09-12,"4/4 quarters, obligations $2450000 / revenue $2062860000"
FIS,2018,0.0002,SEC XBRL quarterly revenue + USASpending.gov federal contract obligations,https://api.usaspending.gov/api/v2/search/spending_over_time/,2026-09-12,"4/4 quarters, obligations $1583664 / revenue $8423000000"
FIS,2019,0.0003,SEC XBRL quarterly revenue + USASpending.gov federal contract obligations,https://api.usaspending.gov/api/v2/search/spending_over_time/,2026-09-12,"4/4 quarters, obligations $3009771 / revenue $10333000000"
FIS,2020,0.0003,SEC XBRL quarterly revenue + USASpending.gov federal contract obligations,https://api.usaspending.gov/api/v2/search/spending_over_time/,2026-09-12,"4/4 quarters, obligations $3423751 / revenue $12552000000"
FIS,2021,0.0004,SEC XBRL quarterly revenue + USASpending.gov federal contract obligations,https://api.usaspending.gov/api/v2/search/spending_over_time/,2026-09-12,"4/4 quarters, obligations $3694177 / revenue $9339000000"
FIS,2022,0.0001,SEC XBRL quarterly revenue + USASpending.gov federal contract obligations,https://api.usaspending.gov/api/v2/search/spending_over_time/,2026-09-12,"4/4 quarters, obligations $491533 / revenue $9719000000"
FIS,2023,0.0008,SEC XBRL quarterly revenue + USASpending.gov federal contract obligations,https://api.usaspending.gov/api/v2/search/spending_over_time/,2026-09-12,"4/4 quarters, obligations $7424972 / revenue $9831000000"
FIS,2024,0.0011,SEC XBRL quarterly revenue + USASpending.gov federal contract obligations,https://api.usaspending.gov/api/v2/search/spending_over_time/,2026-09-12,"4/4 quarters, obligations $11431367 / revenue $10127000000"
FIS,2025,0.0001,SEC XBRL quarterly revenue + USASpending.gov federal contract obligations,https://api.usaspending.gov/api/v2/search/spending_over_time/,2026-09-12,"4/4 quarters, obligations $1382935 / revenue $10677000000"
FISV,2018,0.0005,SEC XBRL quarterly revenue + USASpending.gov federal contract obligations,https://api.usaspending.gov/api/v2/search/spending_over_time/,2026-09-12,"4/4 quarters, obligations $2968995 / revenue $5823000000"
FISV,2019,0.0003,SEC XBRL quarterly revenue + USASpending.gov federal contract obligations,https://api.usaspending.gov/api/v2/search/spending_over_time/,2026-09-12,"4/4 quarters, obligations $3051534 / revenue $10187000000"
FISV,2020,0.0,SEC XBRL quarterly revenue + USASpending.gov federal contract obligations,https://api.usaspending.gov/api/v2/search/spending_over_time/,2026-09-12,"4/4 quarters, obligations $298415 / revenue $14852000000"
FISV,2021,0.0002,SEC XBRL quarterly revenue + USASpending.gov federal contract obligations,https://api.usaspending.gov/api/v2/search/spending_over_time/,2026-09-12,"4/4 quarters, obligations $3861437 / revenue $16226000000"
FISV,2022,0.0,SEC XBRL quarterly revenue + USASpending.gov federal contract obligations,https://api.usaspending.gov/api/v2/search/spending_over_time/,2026-09-12,"4/4 quarters, obligations $438317 / revenue $17737000000"
FISV,2023,0.0001,SEC XBRL quarterly revenue + USASpending.gov federal contract obligations,https://api.usaspending.gov/api/v2/search/spending_over_time/,2026-09-12,"4/4 quarters, obligations $1450288 / revenue $19093000000"
FISV,2024,0.0,SEC XBRL quarterly revenue + USASpending.gov federal contract obligations,https://api.usaspending.gov/api/v2/search/spending_over_time/,2026-09-12,"4/4 quarters, obligations $337140 / revenue $20456000000"
FISV,2025,0.0,SEC XBRL quarterly revenue + USASpending.gov federal contract obligations,https://api.usaspending.gov/api/v2/search/spending_over_time/,2026-09-12,"4/4 quarters, obligations $-16782 / revenue $21193000000"
FITB,2018,0.0002,SEC XBRL quarterly revenue + USASpending.gov federal contract obligations,https://api.usaspending.gov/api/v2/search/spending_over_time/,2026-09-12,"4/4 quarters, obligations $94248 / revenue $549000000"
FITB,2019,0.0016,SEC XBRL quarterly revenue + USASpending.gov federal contract obligations,https://api.usaspending.gov/api/v2/search/spending_over_time/,2026-09-12,"4/4 quarters, obligations $902853 / revenue $565000000"
FITB,2020,0.0013,SEC XBRL quarterly revenue + USASpending.gov federal contract obligations,https://api.usaspending.gov/api/v2/search/spending_over_time/,2026-09-12,"4/4 quarters, obligations $740059 / revenue $559000000"
FITB,2021,0.0006,SEC XBRL quarterly revenue + USASpending.gov federal contract obligations,https://api.usaspending.gov/api/v2/search/spending_over_time/,2026-09-12,"4/4 quarters, obligations $388439 / revenue $600000000"
FITB,2022,0.0012,SEC XBRL quarterly revenue + USASpending.gov federal contract obligations,https://api.usaspending.gov/api/v2/search/spending_over_time/,2026-09-12,"4/4 quarters, obligations $713684 / revenue $589000000"
FITB,2023,0.0013,SEC XBRL quarterly revenue + USASpending.gov federal contract obligations,https://api.usaspending.gov/api/v2/search/spending_over_time/,2026-09-12,"4/4 quarters, obligations $746196 / revenue $577000000"
FITB,2024,0.0,SEC XBRL quarterly revenue + USASpending.gov federal contract obligations,https://api.usaspending.gov/api/v2/search/spending_over_time/,2026-09-12,"3/4 quarters, obligations $0 / revenue $468000000"
FIX,2018,0.0004,SEC XBRL quarterly revenue + USASpending.gov federal contract obligations,https://api.usaspending.gov/api/v2/search/spending_over_time/,2026-09-12,"4/4 quarters, obligations $795063 / revenue $2182879000"
FIX,2019,0.0001,SEC XBRL quarterly revenue + USASpending.gov federal contract obligations,https://api.usaspending.gov/api/v2/search/spending_over_time/,2026-09-12,"4/4 quarters, obligations $253987 / revenue $2615277000"
FIX,2020,0.0002,SEC XBRL quarterly revenue + USASpending.gov federal contract obligations,https://api.usaspending.gov/api/v2/search/spending_over_time/,2026-09-12,"4/4 quarters, obligations $484918 / revenue $2856659000"
FIX,2021,0.0001,SEC XBRL quarterly revenue + USASpending.gov federal contract obligations,https://api.usaspending.gov/api/v2/search/spending_over_time/,2026-09-12,"4/4 quarters, obligations $307947 / revenue $3073636000"
FIX,2022,0.0003,SEC XBRL quarterly revenue + USASpending.gov federal contract obligations,https://api.usaspending.gov/api/v2/search/spending_over_time/,2026-09-12,"4/4 quarters, obligations $1277297 / revenue $4140364000"
FIX,2023,0.0005,SEC XBRL quarterly revenue + USASpending.gov federal contract obligations,https://api.usaspending.gov/api/v2/search/spending_over_time/,2026-09-12,"4/4 quarters, obligations $2595055 / revenue $5206760000"
FIX,2024,0.0,SEC XBRL quarterly revenue + USASpending.gov federal contract obligations,https://api.usaspending.gov/api/v2/search/spending_over_time/,2026-09-12,"4/4 quarters, obligations $327631 / revenue $7027476000"
FIX,2025,0.0001,SEC XBRL quarterly revenue + USASpending.gov federal contract obligations,https://api.usaspending.gov/api/v2/search/spending_over_time/,2026-09-12,"4/4 quarters, obligations $237450 / revenue $1831286000"
FLEX,2018,0.0018,SEC XBRL quarterly revenue + USASpending.gov federal contract obligations,https://api.usaspending.gov/api/v2/search/spending_over_time/,2026-09-12,"4/4 quarters, obligations $46914750 / revenue $26395274000"
FLEX,2019,0.0019,SEC XBRL quarterly revenue + USASpending.gov federal contract obligations,https://api.usaspending.gov/api/v2/search/spending_over_time/,2026-09-12,"4/4 quarters, obligations $47193923 / revenue $24951063000"
FLEX,2020,0.0025,SEC XBRL quarterly revenue + USASpending.gov federal contract obligations,https://api.usaspending.gov/api/v2/search/spending_over_time/,2026-09-12,"4/4 quarters, obligations $57929714 / revenue $23342490000"
FLEX,2021,0.0031,SEC XBRL quarterly revenue + USASpending.gov federal contract obligations,https://api.usaspending.gov/api/v2/search/spending_over_time/,2026-09-12,"3/4 quarters, obligations $60428486 / revenue $19227000000"
FLEX,2022,0.004,SEC XBRL quarterly revenue + USASpending.gov federal contract obligations,https://api.usaspending.gov/api/v2/search/spending_over_time/,2026-09-12,"3/4 quarters, obligations $85677639 / revenue $21408000000"
FLEX,2023,0.0027,SEC XBRL quarterly revenue + USASpending.gov federal contract obligations,https://api.usaspending.gov/api/v2/search/spending_over_time/,2026-09-12,"4/4 quarters, obligations $74131232 / revenue $27230000000"
FLEX,2024,0.0032,SEC XBRL quarterly revenue + USASpending.gov federal contract obligations,https://api.usaspending.gov/api/v2/search/spending_over_time/,2026-09-12,"4/4 quarters, obligations $80873536 / revenue $25584000000"
FLEX,2025,0.003,SEC XBRL quarterly revenue + USASpending.gov federal contract obligations,https://api.usaspending.gov/api/v2/search/spending_over_time/,2026-09-12,"4/4 quarters, obligations $79631367 / revenue $26835000000"
FOX,2018,0.0091,SEC XBRL quarterly revenue + USASpending.gov federal contract obligations,https://api.usaspending.gov/api/v2/search/spending_over_time/,2026-09-12,"4/4 quarters, obligations $100472206 / revenue $10981000000"
FOX,2019,0.0118,SEC XBRL quarterly revenue + USASpending.gov federal contract obligations,https://api.usaspending.gov/api/v2/search/spending_over_time/,2026-09-12,"4/4 quarters, obligations $137707828 / revenue $11710000000"
FOX,2020,0.0135,SEC XBRL quarterly revenue + USASpending.gov federal contract obligations,https://api.usaspending.gov/api/v2/search/spending_over_time/,2026-09-12,"4/4 quarters, obligations $171110103 / revenue $12662000000"
FOX,2021,0.0097,SEC XBRL quarterly revenue + USASpending.gov federal contract obligations,https://api.usaspending.gov/api/v2/search/spending_over_time/,2026-09-12,"4/4 quarters, obligations $131749305 / revenue $13591000000"
FOX,2022,0.0116,SEC XBRL quarterly revenue + USASpending.gov federal contract obligations,https://api.usaspending.gov/api/v2/search/spending_over_time/,2026-09-12,"4/4 quarters, obligations $165543246 / revenue $14285000000"
FOX,2023,0.0124,SEC XBRL quarterly revenue + USASpending.gov federal contract obligations,https://api.usaspending.gov/api/v2/search/spending_over_time/,2026-09-12,"4/4 quarters, obligations $180468096 / revenue $14557000000"
FOX,2024,0.0212,SEC XBRL quarterly revenue + USASpending.gov federal contract obligations,https://api.usaspending.gov/api/v2/search/spending_over_time/,2026-09-12,"4/4 quarters, obligations $321267053 / revenue $15181000000"
FOX,2025,0.0217,SEC XBRL quarterly revenue + USASpending.gov federal contract obligations,https://api.usaspending.gov/api/v2/search/spending_over_time/,2026-09-12,"4/4 quarters, obligations $359431309 / revenue $16578000000"
FOXA,2018,0.0091,SEC XBRL quarterly revenue + USASpending.gov federal contract obligations,https://api.usaspending.gov/api/v2/search/spending_over_time/,2026-09-12,"4/4 quarters, obligations $100472206 / revenue $10981000000"
FOXA,2019,0.0118,SEC XBRL quarterly revenue + USASpending.gov federal contract obligations,https://api.usaspending.gov/api/v2/search/spending_over_time/,2026-09-12,"4/4 quarters, obligations $137707828 / revenue $11710000000"
FOXA,2020,0.0135,SEC XBRL quarterly revenue + USASpending.gov federal contract obligations,https://api.usaspending.gov/api/v2/search/spending_over_time/,2026-09-12,"4/4 quarters, obligations $171110103 / revenue $12662000000"
FOXA,2021,0.0097,SEC XBRL quarterly revenue + USASpending.gov federal contract obligations,https://api.usaspending.gov/api/v2/search/spending_over_time/,2026-09-12,"4/4 quarters, obligations $131749305 / revenue $13591000000"
FOXA,2022,0.0116,SEC XBRL quarterly revenue + USASpending.gov federal contract obligations,https://api.usaspending.gov/api/v2/search/spending_over_time/,2026-09-12,"4/4 quarters, obligations $165543246 / revenue $14285000000"
FOXA,2023,0.0124,SEC XBRL quarterly revenue + USASpending.gov federal contract obligations,https://api.usaspending.gov/api/v2/search/spending_over_time/,2026-09-12,"4/4 quarters, obligations $180468096 / revenue $14557000000"
FOXA,2024,0.0212,SEC XBRL quarterly revenue + USASpending.gov federal contract obligations,https://api.usaspending.gov/api/v2/search/spending_over_time/,2026-09-12,"4/4 quarters, obligations $321267053 / revenue $15181000000"
FOXA,2025,0.0217,SEC XBRL quarterly revenue + USASpending.gov federal contract obligations,https://api.usaspending.gov/api/v2/search/spending_over_time/,2026-09-12,"4/4 quarters, obligations $359431309 / revenue $16578000000"
FRT,2018,0.0,SEC XBRL quarterly revenue + USASpending.gov federal contract obligations,https://api.usaspending.gov/api/v2/search/spending_over_time/,2026-09-12,"4/4 quarters, obligations $0 / revenue $915436000"
FRT,2019,0.0,SEC XBRL quarterly revenue + USASpending.gov federal contract obligations,https://api.usaspending.gov/api/v2/search/spending_over_time/,2026-09-12,"4/4 quarters, obligations $0 / revenue $935788000"
FRT,2020,0.0,SEC XBRL quarterly revenue + USASpending.gov federal contract obligations,https://api.usaspending.gov/api/v2/search/spending_over_time/,2026-09-12,"4/4 quarters, obligations $0 / revenue $835494000"
FRT,2021,0.0,SEC XBRL quarterly revenue + USASpending.gov federal contract obligations,https://api.usaspending.gov/api/v2/search/spending_over_time/,2026-09-12,"4/4 quarters, obligations $0 / revenue $951224000"
FRT,2022,0.0,SEC XBRL quarterly revenue + USASpending.gov federal contract obligations,https://api.usaspending.gov/api/v2/search/spending_over_time/,2026-09-12,"4/4 quarters, obligations $0 / revenue $1074378000"
FRT,2023,0.0,SEC XBRL quarterly revenue + USASpending.gov federal contract obligations,https://api.usaspending.gov/api/v2/search/spending_over_time/,2026-09-12,"4/4 quarters, obligations $0 / revenue $1132154000"
FRT,2024,0.0,SEC XBRL quarterly revenue + USASpending.gov federal contract obligations,https://api.usaspending.gov/api/v2/search/spending_over_time/,2026-09-12,"4/4 quarters, obligations $0 / revenue $1202452000"
FRT,2025,0.0,SEC XBRL quarterly revenue + USASpending.gov federal contract obligations,https://api.usaspending.gov/api/v2/search/spending_over_time/,2026-09-12,"4/4 quarters, obligations $0 / revenue $1278975000"
FSLR,2018,0.0,SEC XBRL quarterly revenue + USASpending.gov federal contract obligations,https://api.usaspending.gov/api/v2/search/spending_over_time/,2026-09-12,"4/4 quarters, obligations $0 / revenue $2244044000"
FSLR,2019,0.0,SEC XBRL quarterly revenue + USASpending.gov federal contract obligations,https://api.usaspending.gov/api/v2/search/spending_over_time/,2026-09-12,"4/4 quarters, obligations $0 / revenue $3063117000"
FSLR,2020,0.0,SEC XBRL quarterly revenue + USASpending.gov federal contract obligations,https://api.usaspending.gov/api/v2/search/spending_over_time/,2026-09-12,"4/4 quarters, obligations $0 / revenue $2711332000"
FSLR,2021,0.0,SEC XBRL quarterly revenue + USASpending.gov federal contract obligations,https://api.usaspending.gov/api/v2/search/spending_over_time/,2026-09-12,"4/4 quarters, obligations $0 / revenue $2923377000"
FSLR,2022,0.0,SEC XBRL quarterly revenue + USASpending.gov federal contract obligations,https://api.usaspending.gov/api/v2/search/spending_over_time/,2026-09-12,"4/4 quarters, obligations $0 / revenue $2619319000"
FSLR,2023,0.0,SEC XBRL quarterly revenue + USASpending.gov federal contract obligations,https://api.usaspending.gov/api/v2/search/spending_over_time/,2026-09-12,"4/4 quarters, obligations $0 / revenue $3318602000"
FSLR,2024,0.0,SEC XBRL quarterly revenue + USASpending.gov federal contract obligations,https://api.usaspending.gov/api/v2/search/spending_over_time/,2026-09-12,"4/4 quarters, obligations $0 / revenue $4206289000"
FSLR,2025,0.0,SEC XBRL quarterly revenue + USASpending.gov federal contract obligations,https://api.usaspending.gov/api/v2/search/spending_over_time/,2026-09-12,"4/4 quarters, obligations $0 / revenue $5219376000"
FTNT,2018,0.0,SEC XBRL quarterly revenue + USASpending.gov federal contract obligations,https://api.usaspending.gov/api/v2/search/spending_over_time/,2026-09-12,"4/4 quarters, obligations $0 / revenue $1804600000"
FTNT,2019,0.0,SEC XBRL quarterly revenue + USASpending.gov federal contract obligations,https://api.usaspending.gov/api/v2/search/spending_over_time/,2026-09-12,"4/4 quarters, obligations $0 / revenue $2163000000"
FTNT,2020,0.0,SEC XBRL quarterly revenue + USASpending.gov federal contract obligations,https://api.usaspending.gov/api/v2/search/spending_over_time/,2026-09-12,"4/4 quarters, obligations $0 / revenue $2594400000"
FTNT,2021,0.0,SEC XBRL quarterly revenue + USASpending.gov federal contract obligations,https://api.usaspending.gov/api/v2/search/spending_over_time/,2026-09-12,"4/4 quarters, obligations $0 / revenue $3342200000"
FTNT,2022,0.0,SEC XBRL quarterly revenue + USASpending.gov federal contract obligations,https://api.usaspending.gov/api/v2/search/spending_over_time/,2026-09-12,"4/4 quarters, obligations $0 / revenue $4417400000"
FTNT,2023,0.0,SEC XBRL quarterly revenue + USASpending.gov federal contract obligations,https://api.usaspending.gov/api/v2/search/spending_over_time/,2026-09-12,"4/4 quarters, obligations $0 / revenue $5304800000"
FTNT,2024,0.0,SEC XBRL quarterly revenue + USASpending.gov federal contract obligations,https://api.usaspending.gov/api/v2/search/spending_over_time/,2026-09-12,"4/4 quarters, obligations $0 / revenue $5955800000"
FTNT,2025,0.0,SEC XBRL quarterly revenue + USASpending.gov federal contract obligations,https://api.usaspending.gov/api/v2/search/spending_over_time/,2026-09-12,"4/4 quarters, obligations $0 / revenue $6799600000"
FTV,2018,0.0003,SEC XBRL quarterly revenue + USASpending.gov federal contract obligations,https://api.usaspending.gov/api/v2/search/spending_over_time/,2026-09-12,"4/4 quarters, obligations $1986787 / revenue $6452700000"
GD,2018,0.0,SEC XBRL quarterly revenue + USASpending.gov federal contract obligations,https://api.usaspending.gov/api/v2/search/spending_over_time/,2026-09-12,"2/4 quarters, obligations $0 / revenue $16721000000"
GDDY,2018,0.0,SEC XBRL quarterly revenue + USASpending.gov federal contract obligations,https://api.usaspending.gov/api/v2/search/spending_over_time/,2026-09-12,"4/4 quarters, obligations $0 / revenue $2660100000"
GDDY,2019,0.0,SEC XBRL quarterly revenue + USASpending.gov federal contract obligations,https://api.usaspending.gov/api/v2/search/spending_over_time/,2026-09-12,"4/4 quarters, obligations $0 / revenue $2988100000"
GDDY,2020,0.0,SEC XBRL quarterly revenue + USASpending.gov federal contract obligations,https://api.usaspending.gov/api/v2/search/spending_over_time/,2026-09-12,"4/4 quarters, obligations $0 / revenue $3316700000"
GDDY,2021,0.0,SEC XBRL quarterly revenue + USASpending.gov federal contract obligations,https://api.usaspending.gov/api/v2/search/spending_over_time/,2026-09-12,"4/4 quarters, obligations $0 / revenue $3815700000"
GDDY,2022,0.0,SEC XBRL quarterly revenue + USASpending.gov federal contract obligations,https://api.usaspending.gov/api/v2/search/spending_over_time/,2026-09-12,"4/4 quarters, obligations $0 / revenue $4091300000"
GDDY,2023,0.0,SEC XBRL quarterly revenue + USASpending.gov federal contract obligations,https://api.usaspending.gov/api/v2/search/spending_over_time/,2026-09-12,"4/4 quarters, obligations $0 / revenue $4254100000"
GDDY,2024,0.0,SEC XBRL quarterly revenue + USASpending.gov federal contract obligations,https://api.usaspending.gov/api/v2/search/spending_over_time/,2026-09-12,"4/4 quarters, obligations $0 / revenue $4573200000"
GDDY,2025,0.0,SEC XBRL quarterly revenue + USASpending.gov federal contract obligations,https://api.usaspending.gov/api/v2/search/spending_over_time/,2026-09-12,"4/4 quarters, obligations $0 / revenue $4951100000"
GE,2018,0.0,SEC XBRL quarterly revenue + USASpending.gov federal contract obligations,https://api.usaspending.gov/api/v2/search/spending_over_time/,2026-09-12,"4/4 quarters, obligations $0 / revenue $97012000000"
GE,2019,0.0,SEC XBRL quarterly revenue + USASpending.gov federal contract obligations,https://api.usaspending.gov/api/v2/search/spending_over_time/,2026-09-12,"4/4 quarters, obligations $0 / revenue $90221000000"
GE,2020,0.0152,SEC XBRL quarterly revenue + USASpending.gov federal contract obligations,https://api.usaspending.gov/api/v2/search/spending_over_time/,2026-09-12,"4/4 quarters, obligations $1106362741 / revenue $72969000000"
GE,2021,0.046,SEC XBRL quarterly revenue + USASpending.gov federal contract obligations,https://api.usaspending.gov/api/v2/search/spending_over_time/,2026-09-12,"4/4 quarters, obligations $3267447248 / revenue $71091000000"
GE,2022,0.0586,SEC XBRL quarterly revenue + USASpending.gov federal contract obligations,https://api.usaspending.gov/api/v2/search/spending_over_time/,2026-09-12,"4/4 quarters, obligations $3233630019 / revenue $55142000000"
GE,2023,0.1283,SEC XBRL quarterly revenue + USASpending.gov federal contract obligations,https://api.usaspending.gov/api/v2/search/spending_over_time/,2026-09-12,"4/4 quarters, obligations $4100924747 / revenue $31959000000"
GE,2024,0.0849,SEC XBRL quarterly revenue + USASpending.gov federal contract obligations,https://api.usaspending.gov/api/v2/search/spending_over_time/,2026-09-12,"4/4 quarters, obligations $3206263859 / revenue $37770000000"
GE,2025,0.0418,SEC XBRL quarterly revenue + USASpending.gov federal contract obligations,https://api.usaspending.gov/api/v2/search/spending_over_time/,2026-09-12,"4/4 quarters, obligations $1917562150 / revenue $45855000000"
GEN,2018,0.0,SEC XBRL quarterly revenue + USASpending.gov federal contract obligations,https://api.usaspending.gov/api/v2/search/spending_over_time/,2026-09-12,"4/4 quarters, obligations $0 / revenue $1318000000"
GEN,2019,0.0,SEC XBRL quarterly revenue + USASpending.gov federal contract obligations,https://api.usaspending.gov/api/v2/search/spending_over_time/,2026-09-12,"3/4 quarters, obligations $0 / revenue $1331000000"
GEN,2020,0.0,SEC XBRL quarterly revenue + USASpending.gov federal contract obligations,https://api.usaspending.gov/api/v2/search/spending_over_time/,2026-09-12,"4/4 quarters, obligations $0 / revenue $2472000000"
GEN,2021,0.0,SEC XBRL quarterly revenue + USASpending.gov federal contract obligations,https://api.usaspending.gov/api/v2/search/spending_over_time/,2026-09-12,"4/4 quarters, obligations $0 / revenue $2699000000"
GEN,2022,0.0,SEC XBRL quarterly revenue + USASpending.gov federal contract obligations,https://api.usaspending.gov/api/v2/search/spending_over_time/,2026-09-12,"3/4 quarters, obligations $0 / revenue $2400000000"
GEN,2023,0.0,SEC XBRL quarterly revenue + USASpending.gov federal contract obligations,https://api.usaspending.gov/api/v2/search/spending_over_time/,2026-09-12,"4/4 quarters, obligations $0 / revenue $3762000000"
GEN,2024,0.0,SEC XBRL quarterly revenue + USASpending.gov federal contract obligations,https://api.usaspending.gov/api/v2/search/spending_over_time/,2026-09-12,"4/4 quarters, obligations $0 / revenue $3889000000"
GEN,2025,0.0,SEC XBRL quarterly revenue + USASpending.gov federal contract obligations,https://api.usaspending.gov/api/v2/search/spending_over_time/,2026-09-12,"3/4 quarters, obligations $0 / revenue $3487000000"
GEV,2023,0.0,SEC XBRL quarterly revenue + USASpending.gov federal contract obligations,https://api.usaspending.gov/api/v2/search/spending_over_time/,2026-09-12,"4/4 quarters, obligations $357797 / revenue $33239000000"
GEV,2024,0.0001,SEC XBRL quarterly revenue + USASpending.gov federal contract obligations,https://api.usaspending.gov/api/v2/search/spending_over_time/,2026-09-12,"4/4 quarters, obligations $4881147 / revenue $34935000000"
GEV,2025,0.0001,SEC XBRL quarterly revenue + USASpending.gov federal contract obligations,https://api.usaspending.gov/api/v2/search/spending_over_time/,2026-09-12,"4/4 quarters, obligations $2419420 / revenue $38068000000"
GILD,2018,0.0,SEC XBRL quarterly revenue + USASpending.gov federal contract obligations,https://api.usaspending.gov/api/v2/search/spending_over_time/,2026-09-12,"4/4 quarters, obligations $508030 / revenue $22127000000"
GILD,2019,0.0003,SEC XBRL quarterly revenue + USASpending.gov federal contract obligations,https://api.usaspending.gov/api/v2/search/spending_over_time/,2026-09-12,"4/4 quarters, obligations $7531996 / revenue $22449000000"
GILD,2020,0.0005,SEC XBRL quarterly revenue + USASpending.gov federal contract obligations,https://api.usaspending.gov/api/v2/search/spending_over_time/,2026-09-12,"4/4 quarters, obligations $12914373 / revenue $24689000000"
GILD,2021,0.0003,SEC XBRL quarterly revenue + USASpending.gov federal contract obligations,https://api.usaspending.gov/api/v2/search/spending_over_time/,2026-09-12,"4/4 quarters, obligations $7212763 / revenue $27305000000"
GILD,2022,0.0,SEC XBRL quarterly revenue + USASpending.gov federal contract obligations,https://api.usaspending.gov/api/v2/search/spending_over_time/,2026-09-12,"4/4 quarters, obligations $-3911442 / revenue $27281000000"
GILD,2023,0.0,SEC XBRL quarterly revenue + USASpending.gov federal contract obligations,https://api.usaspending.gov/api/v2/search/spending_over_time/,2026-09-12,"4/4 quarters, obligations $-184501 / revenue $27116000000"
GILD,2024,0.0,SEC XBRL quarterly revenue + USASpending.gov federal contract obligations,https://api.usaspending.gov/api/v2/search/spending_over_time/,2026-09-12,"4/4 quarters, obligations $71706 / revenue $28754000000"
GILD,2025,0.0,SEC XBRL quarterly revenue + USASpending.gov federal contract obligations,https://api.usaspending.gov/api/v2/search/spending_over_time/,2026-09-12,"4/4 quarters, obligations $-9521909 / revenue $29443000000"
GIS,2018,0.0,SEC XBRL quarterly revenue + USASpending.gov federal contract obligations,https://api.usaspending.gov/api/v2/search/spending_over_time/,2026-09-12,"4/4 quarters, obligations $-2597 / revenue $16277700000"
GIS,2019,0.0,SEC XBRL quarterly revenue + USASpending.gov federal contract obligations,https://api.usaspending.gov/api/v2/search/spending_over_time/,2026-09-12,"4/4 quarters, obligations $325644 / revenue $16783300000"
GIS,2020,0.0,SEC XBRL quarterly revenue + USASpending.gov federal contract obligations,https://api.usaspending.gov/api/v2/search/spending_over_time/,2026-09-12,"4/4 quarters, obligations $522126 / revenue $18286700000"
GIS,2021,0.0,SEC XBRL quarterly revenue + USASpending.gov federal contract obligations,https://api.usaspending.gov/api/v2/search/spending_over_time/,2026-09-12,"4/4 quarters, obligations $481308 / revenue $18607500000"
GIS,2022,0.0,SEC XBRL quarterly revenue + USASpending.gov federal contract obligations,https://api.usaspending.gov/api/v2/search/spending_over_time/,2026-09-12,"4/4 quarters, obligations $0 / revenue $19367200000"
GIS,2023,0.0,SEC XBRL quarterly revenue + USASpending.gov federal contract obligations,https://api.usaspending.gov/api/v2/search/spending_over_time/,2026-09-12,"4/4 quarters, obligations $0 / revenue $20200000000"
GIS,2024,0.0,SEC XBRL quarterly revenue + USASpending.gov federal contract obligations,https://api.usaspending.gov/api/v2/search/spending_over_time/,2026-09-12,"4/4 quarters, obligations $0 / revenue $19901300000"
GIS,2025,0.0,SEC XBRL quarterly revenue + USASpending.gov federal contract obligations,https://api.usaspending.gov/api/v2/search/spending_over_time/,2026-09-12,"4/4 quarters, obligations $-4028 / revenue $18776700000"
GL,2018,0.0,SEC XBRL quarterly revenue + USASpending.gov federal contract obligations,https://api.usaspending.gov/api/v2/search/spending_over_time/,2026-09-12,"4/4 quarters, obligations $0 / revenue $4303751000"
GL,2019,0.0,SEC XBRL quarterly revenue + USASpending.gov federal contract obligations,https://api.usaspending.gov/api/v2/search/spending_over_time/,2026-09-12,"4/4 quarters, obligations $0 / revenue $4527532000"
GL,2020,0.0,SEC XBRL quarterly revenue + USASpending.gov federal contract obligations,https://api.usaspending.gov/api/v2/search/spending_over_time/,2026-09-12,"4/4 quarters, obligations $0 / revenue $4737921000"
GL,2021,0.0,SEC XBRL quarterly revenue + USASpending.gov federal contract obligations,https://api.usaspending.gov/api/v2/search/spending_over_time/,2026-09-12,"4/4 quarters, obligations $0 / revenue $5112038000"
GL,2022,0.0,SEC XBRL quarterly revenue + USASpending.gov federal contract obligations,https://api.usaspending.gov/api/v2/search/spending_over_time/,2026-09-12,"4/4 quarters, obligations $0 / revenue $5226740000"
GL,2023,0.0,SEC XBRL quarterly revenue + USASpending.gov federal contract obligations,https://api.usaspending.gov/api/v2/search/spending_over_time/,2026-09-12,"4/4 quarters, obligations $0 / revenue $5447533000"
GL,2024,0.0,SEC XBRL quarterly revenue + USASpending.gov federal contract obligations,https://api.usaspending.gov/api/v2/search/spending_over_time/,2026-09-12,"4/4 quarters, obligations $0 / revenue $5778069000"
GL,2025,0.0,SEC XBRL quarterly revenue + USASpending.gov federal contract obligations,https://api.usaspending.gov/api/v2/search/spending_over_time/,2026-09-12,"4/4 quarters, obligations $0 / revenue $5994318000"
GLW,2018,0.0,SEC XBRL quarterly revenue + USASpending.gov federal contract obligations,https://api.usaspending.gov/api/v2/search/spending_over_time/,2026-09-12,"4/4 quarters, obligations $0 / revenue $11290000000"
GLW,2019,0.0,SEC XBRL quarterly revenue + USASpending.gov federal contract obligations,https://api.usaspending.gov/api/v2/search/spending_over_time/,2026-09-12,"4/4 quarters, obligations $0 / revenue $11503000000"
GLW,2020,0.0,SEC XBRL quarterly revenue + USASpending.gov federal contract obligations,https://api.usaspending.gov/api/v2/search/spending_over_time/,2026-09-12,"4/4 quarters, obligations $0 / revenue $11303000000"
GLW,2021,0.0,SEC XBRL quarterly revenue + USASpending.gov federal contract obligations,https://api.usaspending.gov/api/v2/search/spending_over_time/,2026-09-12,"4/4 quarters, obligations $0 / revenue $14082000000"
GLW,2022,0.0,SEC XBRL quarterly revenue + USASpending.gov federal contract obligations,https://api.usaspending.gov/api/v2/search/spending_over_time/,2026-09-12,"4/4 quarters, obligations $0 / revenue $14189000000"
GLW,2023,0.0,SEC XBRL quarterly revenue + USASpending.gov federal contract obligations,https://api.usaspending.gov/api/v2/search/spending_over_time/,2026-09-12,"4/4 quarters, obligations $0 / revenue $12588000000"
GLW,2024,0.0,SEC XBRL quarterly revenue + USASpending.gov federal contract obligations,https://api.usaspending.gov/api/v2/search/spending_over_time/,2026-09-12,"4/4 quarters, obligations $0 / revenue $13118000000"
GLW,2025,0.0,SEC XBRL quarterly revenue + USASpending.gov federal contract obligations,https://api.usaspending.gov/api/v2/search/spending_over_time/,2026-09-12,"4/4 quarters, obligations $0 / revenue $15629000000"
GM,2018,0.0022,SEC XBRL quarterly revenue + USASpending.gov federal contract obligations,https://api.usaspending.gov/api/v2/search/spending_over_time/,2026-09-12,"4/4 quarters, obligations $329291936 / revenue $147049000000"
GM,2019,0.0021,SEC XBRL quarterly revenue + USASpending.gov federal contract obligations,https://api.usaspending.gov/api/v2/search/spending_over_time/,2026-09-12,"4/4 quarters, obligations $263994860 / revenue $126329000000"
GM,2020,0.0062,SEC XBRL quarterly revenue + USASpending.gov federal contract obligations,https://api.usaspending.gov/api/v2/search/spending_over_time/,2026-09-12,"4/4 quarters, obligations $675054403 / revenue $108673000000"
GM,2021,0.0021,SEC XBRL quarterly revenue + USASpending.gov federal contract obligations,https://api.usaspending.gov/api/v2/search/spending_over_time/,2026-09-12,"4/4 quarters, obligations $241251354 / revenue $113590000000"
GM,2022,0.0018,SEC XBRL quarterly revenue + USASpending.gov federal contract obligations,https://api.usaspending.gov/api/v2/search/spending_over_time/,2026-09-12,"4/4 quarters, obligations $253276444 / revenue $143975000000"
GM,2023,0.0023,SEC XBRL quarterly revenue + USASpending.gov federal contract obligations,https://api.usaspending.gov/api/v2/search/spending_over_time/,2026-09-12,"4/4 quarters, obligations $361582594 / revenue $157658000000"
GM,2024,0.0014,SEC XBRL quarterly revenue + USASpending.gov federal contract obligations,https://api.usaspending.gov/api/v2/search/spending_over_time/,2026-09-12,"4/4 quarters, obligations $238939943 / revenue $171606000000"
GM,2025,0.0033,SEC XBRL quarterly revenue + USASpending.gov federal contract obligations,https://api.usaspending.gov/api/v2/search/spending_over_time/,2026-09-12,"4/4 quarters, obligations $547030660 / revenue $167971000000"
GNRC,2018,0.0004,SEC XBRL quarterly revenue + USASpending.gov federal contract obligations,https://api.usaspending.gov/api/v2/search/spending_over_time/,2026-09-12,"4/4 quarters, obligations $783464 / revenue $2023464000"
GNRC,2019,0.0003,SEC XBRL quarterly revenue + USASpending.gov federal contract obligations,https://api.usaspending.gov/api/v2/search/spending_over_time/,2026-09-12,"4/4 quarters, obligations $609082 / revenue $2204336000"
GNRC,2020,0.0003,SEC XBRL quarterly revenue + USASpending.gov federal contract obligations,https://api.usaspending.gov/api/v2/search/spending_over_time/,2026-09-12,"4/4 quarters, obligations $637892 / revenue $2485200000"
GNRC,2021,0.0001,SEC XBRL quarterly revenue + USASpending.gov federal contract obligations,https://api.usaspending.gov/api/v2/search/spending_over_time/,2026-09-12,"4/4 quarters, obligations $459196 / revenue $3737184000"
GNRC,2022,0.0002,SEC XBRL quarterly revenue + USASpending.gov federal contract obligations,https://api.usaspending.gov/api/v2/search/spending_over_time/,2026-09-12,"4/4 quarters, obligations $716317 / revenue $4564737000"
GNRC,2023,0.0001,SEC XBRL quarterly revenue + USASpending.gov federal contract obligations,https://api.usaspending.gov/api/v2/search/spending_over_time/,2026-09-12,"4/4 quarters, obligations $298700 / revenue $4022667000"
GNRC,2024,0.0001,SEC XBRL quarterly revenue + USASpending.gov federal contract obligations,https://api.usaspending.gov/api/v2/search/spending_over_time/,2026-09-12,"4/4 quarters, obligations $414103 / revenue $4295834000"
GNRC,2025,0.0001,SEC XBRL quarterly revenue + USASpending.gov federal contract obligations,https://api.usaspending.gov/api/v2/search/spending_over_time/,2026-09-12,"4/4 quarters, obligations $352711 / revenue $4209147000"
GOOG,2018,0.0,SEC XBRL quarterly revenue + USASpending.gov federal contract obligations,https://api.usaspending.gov/api/v2/search/spending_over_time/,2026-09-12,"4/4 quarters, obligations $-147499 / revenue $136819000000"
GOOG,2019,0.0,SEC XBRL quarterly revenue + USASpending.gov federal contract obligations,https://api.usaspending.gov/api/v2/search/spending_over_time/,2026-09-12,"4/4 quarters, obligations $-2614527 / revenue $161857000000"
GOOG,2020,0.0,SEC XBRL quarterly revenue + USASpending.gov federal contract obligations,https://api.usaspending.gov/api/v2/search/spending_over_time/,2026-09-12,"4/4 quarters, obligations $32297 / revenue $182527000000"
GOOG,2021,0.0,SEC XBRL quarterly revenue + USASpending.gov federal contract obligations,https://api.usaspending.gov/api/v2/search/spending_over_time/,2026-09-12,"4/4 quarters, obligations $1200542 / revenue $257637000000"
GOOG,2022,0.0,SEC XBRL quarterly revenue + USASpending.gov federal contract obligations,https://api.usaspending.gov/api/v2/search/spending_over_time/,2026-09-12,"4/4 quarters, obligations $1146346 / revenue $282836000000"
GOOG,2023,0.0,SEC XBRL quarterly revenue + USASpending.gov federal contract obligations,https://api.usaspending.gov/api/v2/search/spending_over_time/,2026-09-12,"4/4 quarters, obligations $10783 / revenue $307394000000"
GOOG,2024,0.0,SEC XBRL quarterly revenue + USASpending.gov federal contract obligations,https://api.usaspending.gov/api/v2/search/spending_over_time/,2026-09-12,"4/4 quarters, obligations $87431 / revenue $350018000000"
GOOG,2025,0.0,SEC XBRL quarterly revenue + USASpending.gov federal contract obligations,https://api.usaspending.gov/api/v2/search/spending_over_time/,2026-09-12,"4/4 quarters, obligations $43815 / revenue $402836000000"
GOOGL,2018,0.0,SEC XBRL quarterly revenue + USASpending.gov federal contract obligations,https://api.usaspending.gov/api/v2/search/spending_over_time/,2026-09-12,"4/4 quarters, obligations $-147499 / revenue $136819000000"
GOOGL,2019,0.0,SEC XBRL quarterly revenue + USASpending.gov federal contract obligations,https://api.usaspending.gov/api/v2/search/spending_over_time/,2026-09-12,"4/4 quarters, obligations $-2614527 / revenue $161857000000"
GOOGL,2020,0.0,SEC XBRL quarterly revenue + USASpending.gov federal contract obligations,https://api.usaspending.gov/api/v2/search/spending_over_time/,2026-09-12,"4/4 quarters, obligations $32297 / revenue $182527000000"
GOOGL,2021,0.0,SEC XBRL quarterly revenue + USASpending.gov federal contract obligations,https://api.usaspending.gov/api/v2/search/spending_over_time/,2026-09-12,"4/4 quarters, obligations $1200542 / revenue $257637000000"
GOOGL,2022,0.0,SEC XBRL quarterly revenue + USASpending.gov federal contract obligations,https://api.usaspending.gov/api/v2/search/spending_over_time/,2026-09-12,"4/4 quarters, obligations $1146346 / revenue $282836000000"
GOOGL,2023,0.0,SEC XBRL quarterly revenue + USASpending.gov federal contract obligations,https://api.usaspending.gov/api/v2/search/spending_over_time/,2026-09-12,"4/4 quarters, obligations $10783 / revenue $307394000000"
GOOGL,2024,0.0,SEC XBRL quarterly revenue + USASpending.gov federal contract obligations,https://api.usaspending.gov/api/v2/search/spending_over_time/,2026-09-12,"4/4 quarters, obligations $87431 / revenue $350018000000"
GOOGL,2025,0.0,SEC XBRL quarterly revenue + USASpending.gov federal contract obligations,https://api.usaspending.gov/api/v2/search/spending_over_time/,2026-09-12,"4/4 quarters, obligations $43815 / revenue $402836000000"
GPC,2018,0.0004,SEC XBRL quarterly revenue + USASpending.gov federal contract obligations,https://api.usaspending.gov/api/v2/search/spending_over_time/,2026-09-12,"4/4 quarters, obligations $5902369 / revenue $16831605000"
GPC,2019,0.0002,SEC XBRL quarterly revenue + USASpending.gov federal contract obligations,https://api.usaspending.gov/api/v2/search/spending_over_time/,2026-09-12,"4/4 quarters, obligations $4187197 / revenue $17522234000"
GPC,2020,0.0003,SEC XBRL quarterly revenue + USASpending.gov federal contract obligations,https://api.usaspending.gov/api/v2/search/spending_over_time/,2026-09-12,"4/4 quarters, obligations $4348326 / revenue $16537433000"
GPC,2021,0.0002,SEC XBRL quarterly revenue + USASpending.gov federal contract obligations,https://api.usaspending.gov/api/v2/search/spending_over_time/,2026-09-12,"4/4 quarters, obligations $3557712 / revenue $18870510000"
GPC,2022,0.0001,SEC XBRL quarterly revenue + USASpending.gov federal contract obligations,https://api.usaspending.gov/api/v2/search/spending_over_time/,2026-09-12,"4/4 quarters, obligations $3075312 / revenue $22095973000"
GPC,2023,0.0001,SEC XBRL quarterly revenue + USASpending.gov federal contract obligations,https://api.usaspending.gov/api/v2/search/spending_over_time/,2026-09-12,"4/4 quarters, obligations $3053625 / revenue $23090610000"
GPC,2024,0.0,SEC XBRL quarterly revenue + USASpending.gov federal contract obligations,https://api.usaspending.gov/api/v2/search/spending_over_time/,2026-09-12,"4/4 quarters, obligations $905417 / revenue $23486569000"
GPC,2025,0.0001,SEC XBRL quarterly revenue + USASpending.gov federal contract obligations,https://api.usaspending.gov/api/v2/search/spending_over_time/,2026-09-12,"4/4 quarters, obligations $1456994 / revenue $24300141000"
GPN,2018,0.0,SEC XBRL quarterly revenue + USASpending.gov federal contract obligations,https://api.usaspending.gov/api/v2/search/spending_over_time/,2026-09-12,"4/4 quarters, obligations $128279 / revenue $3366366000"
GPN,2019,0.0,SEC XBRL quarterly revenue + USASpending.gov federal contract obligations,https://api.usaspending.gov/api/v2/search/spending_over_time/,2026-09-12,"4/4 quarters, obligations $17600 / revenue $4911892000"
GPN,2020,0.0,SEC XBRL quarterly revenue + USASpending.gov federal contract obligations,https://api.usaspending.gov/api/v2/search/spending_over_time/,2026-09-12,"4/4 quarters, obligations $43200 / revenue $7423558000"
GPN,2021,0.0,SEC XBRL quarterly revenue + USASpending.gov federal contract obligations,https://api.usaspending.gov/api/v2/search/spending_over_time/,2026-09-12,"4/4 quarters, obligations $-3200 / revenue $8523762000"
GPN,2022,0.0,SEC XBRL quarterly revenue + USASpending.gov federal contract obligations,https://api.usaspending.gov/api/v2/search/spending_over_time/,2026-09-12,"4/4 quarters, obligations $-84379 / revenue $8975515000"
GPN,2023,0.0,SEC XBRL quarterly revenue + USASpending.gov federal contract obligations,https://api.usaspending.gov/api/v2/search/spending_over_time/,2026-09-12,"4/4 quarters, obligations $0 / revenue $7379784000"
GPN,2024,0.0,SEC XBRL quarterly revenue + USASpending.gov federal contract obligations,https://api.usaspending.gov/api/v2/search/spending_over_time/,2026-09-12,"4/4 quarters, obligations $0 / revenue $7735970000"
GPN,2025,0.0,SEC XBRL quarterly revenue + USASpending.gov federal contract obligations,https://api.usaspending.gov/api/v2/search/spending_over_time/,2026-09-12,"4/4 quarters, obligations $0 / revenue $7705878000"
GRMN,2018,0.0,SEC XBRL quarterly revenue + USASpending.gov federal contract obligations,https://api.usaspending.gov/api/v2/search/spending_over_time/,2026-09-12,"4/4 quarters, obligations $20098 / revenue $3347443000"
GRMN,2019,0.0,SEC XBRL quarterly revenue + USASpending.gov federal contract obligations,https://api.usaspending.gov/api/v2/search/spending_over_time/,2026-09-12,"3/4 quarters, obligations $47162 / revenue $2655273000"
GWW,2018,0.0109,SEC XBRL quarterly revenue + USASpending.gov federal contract obligations,https://api.usaspending.gov/api/v2/search/spending_over_time/,2026-09-12,"4/4 quarters, obligations $121823872 / revenue $11221000000"
GWW,2019,0.0143,SEC XBRL quarterly revenue + USASpending.gov federal contract obligations,https://api.usaspending.gov/api/v2/search/spending_over_time/,2026-09-12,"4/4 quarters, obligations $163974839 / revenue $11486000000"
GWW,2020,0.0187,SEC XBRL quarterly revenue + USASpending.gov federal contract obligations,https://api.usaspending.gov/api/v2/search/spending_over_time/,2026-09-12,"4/4 quarters, obligations $220271718 / revenue $11797000000"
GWW,2021,0.0151,SEC XBRL quarterly revenue + USASpending.gov federal contract obligations,https://api.usaspending.gov/api/v2/search/spending_over_time/,2026-09-12,"4/4 quarters, obligations $196891414 / revenue $13022000000"
GWW,2022,0.0145,SEC XBRL quarterly revenue + USASpending.gov federal contract obligations,https://api.usaspending.gov/api/v2/search/spending_over_time/,2026-09-12,"4/4 quarters, obligations $220799829 / revenue $15228000000"
GWW,2023,0.0162,SEC XBRL quarterly revenue + USASpending.gov federal contract obligations,https://api.usaspending.gov/api/v2/search/spending_over_time/,2026-09-12,"4/4 quarters, obligations $267722079 / revenue $16478000000"
GWW,2024,0.0189,SEC XBRL quarterly revenue + USASpending.gov federal contract obligations,https://api.usaspending.gov/api/v2/search/spending_over_time/,2026-09-12,"4/4 quarters, obligations $325113115 / revenue $17168000000"
GWW,2025,0.019,SEC XBRL quarterly revenue + USASpending.gov federal contract obligations,https://api.usaspending.gov/api/v2/search/spending_over_time/,2026-09-12,"4/4 quarters, obligations $341517030 / revenue $17942000000"
HAL,2018,0.0,SEC XBRL quarterly revenue + USASpending.gov federal contract obligations,https://api.usaspending.gov/api/v2/search/spending_over_time/,2026-09-12,"4/4 quarters, obligations $0 / revenue $23995000000"
HAL,2019,0.0,SEC XBRL quarterly revenue + USASpending.gov federal contract obligations,https://api.usaspending.gov/api/v2/search/spending_over_time/,2026-09-12,"4/4 quarters, obligations $0 / revenue $22408000000"
HAL,2020,0.0,SEC XBRL quarterly revenue + USASpending.gov federal contract obligations,https://api.usaspending.gov/api/v2/search/spending_over_time/,2026-09-12,"4/4 quarters, obligations $0 / revenue $14445000000"
HAL,2021,0.0,SEC XBRL quarterly revenue + USASpending.gov federal contract obligations,https://api.usaspending.gov/api/v2/search/spending_over_time/,2026-09-12,"4/4 quarters, obligations $0 / revenue $15295000000"
HAL,2022,0.0,SEC XBRL quarterly revenue + USASpending.gov federal contract obligations,https://api.usaspending.gov/api/v2/search/spending_over_time/,2026-09-12,"4/4 quarters, obligations $0 / revenue $20297000000"
HAL,2023,0.0,SEC XBRL quarterly revenue + USASpending.gov federal contract obligations,https://api.usaspending.gov/api/v2/search/spending_over_time/,2026-09-12,"4/4 quarters, obligations $0 / revenue $23018000000"
HAL,2024,0.0,SEC XBRL quarterly revenue + USASpending.gov federal contract obligations,https://api.usaspending.gov/api/v2/search/spending_over_time/,2026-09-12,"4/4 quarters, obligations $0 / revenue $22944000000"
HAL,2025,0.0,SEC XBRL quarterly revenue + USASpending.gov federal contract obligations,https://api.usaspending.gov/api/v2/search/spending_over_time/,2026-09-12,"4/4 quarters, obligations $0 / revenue $22184000000"
HAS,2018,0.0,SEC XBRL quarterly revenue + USASpending.gov federal contract obligations,https://api.usaspending.gov/api/v2/search/spending_over_time/,2026-09-12,"3/4 quarters, obligations $0 / revenue $3675188000"
HAS,2019,0.0,SEC XBRL quarterly revenue + USASpending.gov federal contract obligations,https://api.usaspending.gov/api/v2/search/spending_over_time/,2026-09-12,"4/4 quarters, obligations $0 / revenue $4720227000"
HAS,2020,0.0,SEC XBRL quarterly revenue + USASpending.gov federal contract obligations,https://api.usaspending.gov/api/v2/search/spending_over_time/,2026-09-12,"4/4 quarters, obligations $0 / revenue $5465471000"
HAS,2021,0.0,SEC XBRL quarterly revenue + USASpending.gov federal contract obligations,https://api.usaspending.gov/api/v2/search/spending_over_time/,2026-09-12,"4/4 quarters, obligations $0 / revenue $6420400000"
HAS,2022,0.0,SEC XBRL quarterly revenue + USASpending.gov federal contract obligations,https://api.usaspending.gov/api/v2/search/spending_over_time/,2026-09-12,"4/4 quarters, obligations $0 / revenue $5856700000"
HAS,2023,0.0,SEC XBRL quarterly revenue + USASpending.gov federal contract obligations,https://api.usaspending.gov/api/v2/search/spending_over_time/,2026-09-12,"3/4 quarters, obligations $0 / revenue $3499900000"
HAS,2024,0.0,SEC XBRL quarterly revenue + USASpending.gov federal contract obligations,https://api.usaspending.gov/api/v2/search/spending_over_time/,2026-09-12,"4/4 quarters, obligations $0 / revenue $4135500000"
HAS,2025,0.0,SEC XBRL quarterly revenue + USASpending.gov federal contract obligations,https://api.usaspending.gov/api/v2/search/spending_over_time/,2026-09-12,"4/4 quarters, obligations $0 / revenue $4701300000"
HCA,2018,0.0001,SEC XBRL quarterly revenue + USASpending.gov federal contract obligations,https://api.usaspending.gov/api/v2/search/spending_over_time/,2026-09-12,"4/4 quarters, obligations $3200519 / revenue $46677000000"
HCA,2019,0.0001,SEC XBRL quarterly revenue + USASpending.gov federal contract obligations,https://api.usaspending.gov/api/v2/search/spending_over_time/,2026-09-12,"4/4 quarters, obligations $3025545 / revenue $51336000000"
HCA,2020,0.0,SEC XBRL quarterly revenue + USASpending.gov federal contract obligations,https://api.usaspending.gov/api/v2/search/spending_over_time/,2026-09-12,"4/4 quarters, obligations $-4542 / revenue $51533000000"
HCA,2021,0.0,SEC XBRL quarterly revenue + USASpending.gov federal contract obligations,https://api.usaspending.gov/api/v2/search/spending_over_time/,2026-09-12,"3/4 quarters, obligations $0 / revenue $43688000000"
HD,2018,0.0,SEC XBRL quarterly revenue + USASpending.gov federal contract obligations,https://api.usaspending.gov/api/v2/search/spending_over_time/,2026-09-12,"4/4 quarters, obligations $10698 / revenue $105595000000"
HD,2019,0.0,SEC XBRL quarterly revenue + USASpending.gov federal contract obligations,https://api.usaspending.gov/api/v2/search/spending_over_time/,2026-09-12,"4/4 quarters, obligations $16566 / revenue $110934000000"
HD,2020,0.0,SEC XBRL quarterly revenue + USASpending.gov federal contract obligations,https://api.usaspending.gov/api/v2/search/spending_over_time/,2026-09-12,"4/4 quarters, obligations $25048 / revenue $125631000000"
HD,2021,0.0,SEC XBRL quarterly revenue + USASpending.gov federal contract obligations,https://api.usaspending.gov/api/v2/search/spending_over_time/,2026-09-12,"4/4 quarters, obligations $187885 / revenue $147699000000"
HD,2022,0.0,SEC XBRL quarterly revenue + USASpending.gov federal contract obligations,https://api.usaspending.gov/api/v2/search/spending_over_time/,2026-09-12,"4/4 quarters, obligations $6563 / revenue $157291000000"
HD,2023,0.0,SEC XBRL quarterly revenue + USASpending.gov federal contract obligations,https://api.usaspending.gov/api/v2/search/spending_over_time/,2026-09-12,"4/4 quarters, obligations $187728 / revenue $153714000000"
HD,2024,0.0,SEC XBRL quarterly revenue + USASpending.gov federal contract obligations,https://api.usaspending.gov/api/v2/search/spending_over_time/,2026-09-12,"4/4 quarters, obligations $-961 / revenue $154596000000"
HD,2025,0.0,SEC XBRL quarterly revenue + USASpending.gov federal contract obligations,https://api.usaspending.gov/api/v2/search/spending_over_time/,2026-09-12,"4/4 quarters, obligations $28044 / revenue $166189000000"
HIG,2018,0.0,SEC XBRL quarterly revenue + USASpending.gov federal contract obligations,https://api.usaspending.gov/api/v2/search/spending_over_time/,2026-09-12,"4/4 quarters, obligations $0 / revenue $18955000000"
HIG,2019,0.0,SEC XBRL quarterly revenue + USASpending.gov federal contract obligations,https://api.usaspending.gov/api/v2/search/spending_over_time/,2026-09-12,"4/4 quarters, obligations $0 / revenue $20740000000"
HIG,2020,0.0,SEC XBRL quarterly revenue + USASpending.gov federal contract obligations,https://api.usaspending.gov/api/v2/search/spending_over_time/,2026-09-12,"4/4 quarters, obligations $0 / revenue $6334000000"
HIG,2021,0.0,SEC XBRL quarterly revenue + USASpending.gov federal contract obligations,https://api.usaspending.gov/api/v2/search/spending_over_time/,2026-09-12,"4/4 quarters, obligations $0 / revenue $1569000000"
HIG,2022,0.0,SEC XBRL quarterly revenue + USASpending.gov federal contract obligations,https://api.usaspending.gov/api/v2/search/spending_over_time/,2026-09-12,"4/4 quarters, obligations $0 / revenue $22362000000"
HIG,2023,0.0,SEC XBRL quarterly revenue + USASpending.gov federal contract obligations,https://api.usaspending.gov/api/v2/search/spending_over_time/,2026-09-12,"4/4 quarters, obligations $0 / revenue $7441000000"
HIG,2024,0.0,SEC XBRL quarterly revenue + USASpending.gov federal contract obligations,https://api.usaspending.gov/api/v2/search/spending_over_time/,2026-09-12,"4/4 quarters, obligations $0 / revenue $1458000000"
HIG,2025,0.0,SEC XBRL quarterly revenue + USASpending.gov federal contract obligations,https://api.usaspending.gov/api/v2/search/spending_over_time/,2026-09-12,"4/4 quarters, obligations $0 / revenue $1506000000"
HII,2018,0.0,SEC XBRL quarterly revenue + USASpending.gov federal contract obligations,https://api.usaspending.gov/api/v2/search/spending_over_time/,2026-09-12,"4/4 quarters, obligations $0 / revenue $8176000000"
HII,2019,0.0,SEC XBRL quarterly revenue + USASpending.gov federal contract obligations,https://api.usaspending.gov/api/v2/search/spending_over_time/,2026-09-12,"4/4 quarters, obligations $0 / revenue $8899000000"
HII,2020,0.0622,SEC XBRL quarterly revenue + USASpending.gov federal contract obligations,https://api.usaspending.gov/api/v2/search/spending_over_time/,2026-09-12,"4/4 quarters, obligations $582687704 / revenue $9361000000"
HII,2021,0.6995,SEC XBRL quarterly revenue + USASpending.gov federal contract obligations,https://api.usaspending.gov/api/v2/search/spending_over_time/,2026-09-12,"4/4 quarters, obligations $6661766364 / revenue $9524000000"
HII,2022,0.5723,SEC XBRL quarterly revenue + USASpending.gov federal contract obligations,https://api.usaspending.gov/api/v2/search/spending_over_time/,2026-09-12,"4/4 quarters, obligations $6110255405 / revenue $10676000000"
HII,2023,0.8136,SEC XBRL quarterly revenue + USASpending.gov federal contract obligations,https://api.usaspending.gov/api/v2/search/spending_over_time/,2026-09-12,"4/4 quarters, obligations $9318746057 / revenue $11454000000"
HII,2024,0.5969,SEC XBRL quarterly revenue + USASpending.gov federal contract obligations,https://api.usaspending.gov/api/v2/search/spending_over_time/,2026-09-12,"4/4 quarters, obligations $6885423348 / revenue $11535000000"
HII,2025,0.7434,SEC XBRL quarterly revenue + USASpending.gov federal contract obligations,https://api.usaspending.gov/api/v2/search/spending_over_time/,2026-09-12,"4/4 quarters, obligations $9281122656 / revenue $12484000000"
HLT,2018,0.0001,SEC XBRL quarterly revenue + USASpending.gov federal contract obligations,https://api.usaspending.gov/api/v2/search/spending_over_time/,2026-09-12,"4/4 quarters, obligations $730715 / revenue $8906000000"
HLT,2019,0.0002,SEC XBRL quarterly revenue + USASpending.gov federal contract obligations,https://api.usaspending.gov/api/v2/search/spending_over_time/,2026-09-12,"4/4 quarters, obligations $1506680 / revenue $9452000000"
HLT,2020,0.0008,SEC XBRL quarterly revenue + USASpending.gov federal contract obligations,https://api.usaspending.gov/api/v2/search/spending_over_time/,2026-09-12,"4/4 quarters, obligations $3304660 / revenue $4307000000"
HLT,2021,0.0011,SEC XBRL quarterly revenue + USASpending.gov federal contract obligations,https://api.usaspending.gov/api/v2/search/spending_over_time/,2026-09-12,"4/4 quarters, obligations $6188706 / revenue $5788000000"
HLT,2022,0.0004,SEC XBRL quarterly revenue + USASpending.gov federal contract obligations,https://api.usaspending.gov/api/v2/search/spending_over_time/,2026-09-12,"4/4 quarters, obligations $3633372 / revenue $8773000000"
HLT,2023,0.0002,SEC XBRL quarterly revenue + USASpending.gov federal contract obligations,https://api.usaspending.gov/api/v2/search/spending_over_time/,2026-09-12,"4/4 quarters, obligations $1903464 / revenue $10235000000"
HLT,2024,0.0,SEC XBRL quarterly revenue + USASpending.gov federal contract obligations,https://api.usaspending.gov/api/v2/search/spending_over_time/,2026-09-12,"4/4 quarters, obligations $378981 / revenue $11174000000"
HLT,2025,0.0,SEC XBRL quarterly revenue + USASpending.gov federal contract obligations,https://api.usaspending.gov/api/v2/search/spending_over_time/,2026-09-12,"4/4 quarters, obligations $-79563 / revenue $12039000000"
HON,2018,0.0,SEC XBRL quarterly revenue + USASpending.gov federal contract obligations,https://api.usaspending.gov/api/v2/search/spending_over_time/,2026-09-12,"4/4 quarters, obligations $0 / revenue $41802000000"
HON,2019,0.0,SEC XBRL quarterly revenue + USASpending.gov federal contract obligations,https://api.usaspending.gov/api/v2/search/spending_over_time/,2026-09-12,"4/4 quarters, obligations $0 / revenue $36709000000"
HON,2020,0.043,SEC XBRL quarterly revenue + USASpending.gov federal contract obligations,https://api.usaspending.gov/api/v2/search/spending_over_time/,2026-09-12,"4/4 quarters, obligations $1403442808 / revenue $32637000000"
HON,2021,0.2208,SEC XBRL quarterly revenue + USASpending.gov federal contract obligations,https://api.usaspending.gov/api/v2/search/spending_over_time/,2026-09-12,"4/4 quarters, obligations $7594258425 / revenue $34392000000"
HON,2022,0.1851,SEC XBRL quarterly revenue + USASpending.gov federal contract obligations,https://api.usaspending.gov/api/v2/search/spending_over_time/,2026-09-12,"4/4 quarters, obligations $6564654228 / revenue $35466000000"
HON,2023,0.2445,SEC XBRL quarterly revenue + USASpending.gov federal contract obligations,https://api.usaspending.gov/api/v2/search/spending_over_time/,2026-09-12,"4/4 quarters, obligations $8071493086 / revenue $33009000000"
HON,2024,0.0418,SEC XBRL quarterly revenue + USASpending.gov federal contract obligations,https://api.usaspending.gov/api/v2/search/spending_over_time/,2026-09-12,"4/4 quarters, obligations $1450861887 / revenue $34717000000"
HON,2025,0.0238,SEC XBRL quarterly revenue + USASpending.gov federal contract obligations,https://api.usaspending.gov/api/v2/search/spending_over_time/,2026-09-12,"4/4 quarters, obligations $891532742 / revenue $37442000000"
HOOD,2020,0.0,SEC XBRL quarterly revenue + USASpending.gov federal contract obligations,https://api.usaspending.gov/api/v2/search/spending_over_time/,2026-09-12,"2/4 quarters, obligations $0 / revenue $456943000"
HOOD,2021,0.0,SEC XBRL quarterly revenue + USASpending.gov federal contract obligations,https://api.usaspending.gov/api/v2/search/spending_over_time/,2026-09-12,"4/4 quarters, obligations $0 / revenue $1815000000"
HOOD,2022,0.0,SEC XBRL quarterly revenue + USASpending.gov federal contract obligations,https://api.usaspending.gov/api/v2/search/spending_over_time/,2026-09-12,"4/4 quarters, obligations $0 / revenue $1358000000"
HOOD,2023,0.0,SEC XBRL quarterly revenue + USASpending.gov federal contract obligations,https://api.usaspending.gov/api/v2/search/spending_over_time/,2026-09-12,"4/4 quarters, obligations $0 / revenue $1865000000"
HOOD,2024,0.0,SEC XBRL quarterly revenue + USASpending.gov federal contract obligations,https://api.usaspending.gov/api/v2/search/spending_over_time/,2026-09-12,"4/4 quarters, obligations $0 / revenue $2951000000"
HOOD,2025,0.0,SEC XBRL quarterly revenue + USASpending.gov federal contract obligations,https://api.usaspending.gov/api/v2/search/spending_over_time/,2026-09-12,"4/4 quarters, obligations $0 / revenue $4473000000"
HPE,2018,0.0048,SEC XBRL quarterly revenue + USASpending.gov federal contract obligations,https://api.usaspending.gov/api/v2/search/spending_over_time/,2026-09-12,"4/4 quarters, obligations $148351109 / revenue $30852000000"
HPE,2019,0.006,SEC XBRL quarterly revenue + USASpending.gov federal contract obligations,https://api.usaspending.gov/api/v2/search/spending_over_time/,2026-09-12,"4/4 quarters, obligations $175832765 / revenue $29135000000"
HPE,2020,0.0097,SEC XBRL quarterly revenue + USASpending.gov federal contract obligations,https://api.usaspending.gov/api/v2/search/spending_over_time/,2026-09-12,"4/4 quarters, obligations $260863891 / revenue $26982000000"
HPE,2021,0.0037,SEC XBRL quarterly revenue + USASpending.gov federal contract obligations,https://api.usaspending.gov/api/v2/search/spending_over_time/,2026-09-12,"4/4 quarters, obligations $102975713 / revenue $27784000000"
HPE,2022,0.0052,SEC XBRL quarterly revenue + USASpending.gov federal contract obligations,https://api.usaspending.gov/api/v2/search/spending_over_time/,2026-09-12,"4/4 quarters, obligations $148599936 / revenue $28496000000"
HPE,2023,0.0052,SEC XBRL quarterly revenue + USASpending.gov federal contract obligations,https://api.usaspending.gov/api/v2/search/spending_over_time/,2026-09-12,"4/4 quarters, obligations $150696863 / revenue $29135000000"
HPE,2024,0.0039,SEC XBRL quarterly revenue + USASpending.gov federal contract obligations,https://api.usaspending.gov/api/v2/search/spending_over_time/,2026-09-12,"4/4 quarters, obligations $118473975 / revenue $30127000000"
HPE,2025,0.0038,SEC XBRL quarterly revenue + USASpending.gov federal contract obligations,https://api.usaspending.gov/api/v2/search/spending_over_time/,2026-09-12,"4/4 quarters, obligations $129945320 / revenue $34296000000"
HPQ,2018,0.0152,SEC XBRL quarterly revenue + USASpending.gov federal contract obligations,https://api.usaspending.gov/api/v2/search/spending_over_time/,2026-09-12,"4/4 quarters, obligations $890375711 / revenue $58472000000"
HPQ,2019,0.0152,SEC XBRL quarterly revenue + USASpending.gov federal contract obligations,https://api.usaspending.gov/api/v2/search/spending_over_time/,2026-09-12,"4/4 quarters, obligations $892122015 / revenue $58756000000"
HPQ,2020,0.0164,SEC XBRL quarterly revenue + USASpending.gov federal contract obligations,https://api.usaspending.gov/api/v2/search/spending_over_time/,2026-09-12,"4/4 quarters, obligations $930243616 / revenue $56639000000"
HPQ,2021,0.0163,SEC XBRL quarterly revenue + USASpending.gov federal contract obligations,https://api.usaspending.gov/api/v2/search/spending_over_time/,2026-09-12,"4/4 quarters, obligations $1033690450 / revenue $63460000000"
HPQ,2022,0.0225,SEC XBRL quarterly revenue + USASpending.gov federal contract obligations,https://api.usaspending.gov/api/v2/search/spending_over_time/,2026-09-12,"4/4 quarters, obligations $1412475219 / revenue $62910000000"
HPQ,2023,0.0297,SEC XBRL quarterly revenue + USASpending.gov federal contract obligations,https://api.usaspending.gov/api/v2/search/spending_over_time/,2026-09-12,"4/4 quarters, obligations $1596883262 / revenue $53718000000"
HPQ,2024,0.1556,SEC XBRL quarterly revenue + USASpending.gov federal contract obligations,https://api.usaspending.gov/api/v2/search/spending_over_time/,2026-09-12,"4/4 quarters, obligations $8332834158 / revenue $53559000000"
HPQ,2025,0.0827,SEC XBRL quarterly revenue + USASpending.gov federal contract obligations,https://api.usaspending.gov/api/v2/search/spending_over_time/,2026-09-12,"4/4 quarters, obligations $4570301053 / revenue $55295000000"
HRL,2018,0.0045,SEC XBRL quarterly revenue + USASpending.gov federal contract obligations,https://api.usaspending.gov/api/v2/search/spending_over_time/,2026-09-12,"4/4 quarters, obligations $43432090 / revenue $9545700000"
HRL,2019,0.0066,SEC XBRL quarterly revenue + USASpending.gov federal contract obligations,https://api.usaspending.gov/api/v2/search/spending_over_time/,2026-09-12,"4/4 quarters, obligations $62459918 / revenue $9497317000"
HRL,2020,0.0073,SEC XBRL quarterly revenue + USASpending.gov federal contract obligations,https://api.usaspending.gov/api/v2/search/spending_over_time/,2026-09-12,"4/4 quarters, obligations $70009564 / revenue $9608461000"
HRL,2021,0.0052,SEC XBRL quarterly revenue + USASpending.gov federal contract obligations,https://api.usaspending.gov/api/v2/search/spending_over_time/,2026-09-12,"4/4 quarters, obligations $59565705 / revenue $11386189000"
HRL,2022,0.0055,SEC XBRL quarterly revenue + USASpending.gov federal contract obligations,https://api.usaspending.gov/api/v2/search/spending_over_time/,2026-09-12,"4/4 quarters, obligations $68558356 / revenue $12458806000"
HRL,2023,0.0048,SEC XBRL quarterly revenue + USASpending.gov federal contract obligations,https://api.usaspending.gov/api/v2/search/spending_over_time/,2026-09-12,"4/4 quarters, obligations $58055020 / revenue $12110010000"
HRL,2024,0.0068,SEC XBRL quarterly revenue + USASpending.gov federal contract obligations,https://api.usaspending.gov/api/v2/search/spending_over_time/,2026-09-12,"4/4 quarters, obligations $81623956 / revenue $11920797000"
HRL,2025,0.0042,SEC XBRL quarterly revenue + USASpending.gov federal contract obligations,https://api.usaspending.gov/api/v2/search/spending_over_time/,2026-09-12,"4/4 quarters, obligations $50390219 / revenue $12106160000"
HSIC,2018,0.0038,SEC XBRL quarterly revenue + USASpending.gov federal contract obligations,https://api.usaspending.gov/api/v2/search/spending_over_time/,2026-09-12,"4/4 quarters, obligations $36005383 / revenue $9417603000"
HSIC,2019,0.0018,SEC XBRL quarterly revenue + USASpending.gov federal contract obligations,https://api.usaspending.gov/api/v2/search/spending_over_time/,2026-09-12,"4/4 quarters, obligations $30754041 / revenue $17462839000"
HSIC,2020,0.0034,SEC XBRL quarterly revenue + USASpending.gov federal contract obligations,https://api.usaspending.gov/api/v2/search/spending_over_time/,2026-09-12,"4/4 quarters, obligations $34577274 / revenue $10119141000"
HSIC,2021,0.008,SEC XBRL quarterly revenue + USASpending.gov federal contract obligations,https://api.usaspending.gov/api/v2/search/spending_over_time/,2026-09-12,"4/4 quarters, obligations $99189893 / revenue $12401000000"
HSIC,2022,0.0019,SEC XBRL quarterly revenue + USASpending.gov federal contract obligations,https://api.usaspending.gov/api/v2/search/spending_over_time/,2026-09-12,"4/4 quarters, obligations $23792140 / revenue $12647000000"
HSIC,2023,0.0018,SEC XBRL quarterly revenue + USASpending.gov federal contract obligations,https://api.usaspending.gov/api/v2/search/spending_over_time/,2026-09-12,"3/4 quarters, obligations $16822584 / revenue $9239000000"
HSIC,2024,0.0016,SEC XBRL quarterly revenue + USASpending.gov federal contract obligations,https://api.usaspending.gov/api/v2/search/spending_over_time/,2026-09-12,"4/4 quarters, obligations $20291712 / revenue $12673000000"
HSIC,2025,0.0,SEC XBRL quarterly revenue + USASpending.gov federal contract obligations,https://api.usaspending.gov/api/v2/search/spending_over_time/,2026-09-12,"4/4 quarters, obligations $-23688652 / revenue $13184000000"
HST,2018,0.0003,SEC XBRL quarterly revenue + USASpending.gov federal contract obligations,https://api.usaspending.gov/api/v2/search/spending_over_time/,2026-09-12,"4/4 quarters, obligations $1540564 / revenue $5524000000"
HST,2019,0.0005,SEC XBRL quarterly revenue + USASpending.gov federal contract obligations,https://api.usaspending.gov/api/v2/search/spending_over_time/,2026-09-12,"4/4 quarters, obligations $2891769 / revenue $5469000000"
HST,2020,0.0015,SEC XBRL quarterly revenue + USASpending.gov federal contract obligations,https://api.usaspending.gov/api/v2/search/spending_over_time/,2026-09-12,"4/4 quarters, obligations $2434735 / revenue $1620000000"
HST,2021,0.001,SEC XBRL quarterly revenue + USASpending.gov federal contract obligations,https://api.usaspending.gov/api/v2/search/spending_over_time/,2026-09-12,"4/4 quarters, obligations $2766335 / revenue $2890000000"
HST,2022,0.0001,SEC XBRL quarterly revenue + USASpending.gov federal contract obligations,https://api.usaspending.gov/api/v2/search/spending_over_time/,2026-09-12,"4/4 quarters, obligations $462427 / revenue $4907000000"
HST,2023,0.0002,SEC XBRL quarterly revenue + USASpending.gov federal contract obligations,https://api.usaspending.gov/api/v2/search/spending_over_time/,2026-09-12,"4/4 quarters, obligations $938049 / revenue $5311000000"
HST,2024,0.0004,SEC XBRL quarterly revenue + USASpending.gov federal contract obligations,https://api.usaspending.gov/api/v2/search/spending_over_time/,2026-09-12,"4/4 quarters, obligations $2467898 / revenue $5684000000"
HST,2025,0.0,SEC XBRL quarterly revenue + USASpending.gov federal contract obligations,https://api.usaspending.gov/api/v2/search/spending_over_time/,2026-09-12,"4/4 quarters, obligations $-295334 / revenue $6114000000"
HSY,2018,0.0,SEC XBRL quarterly revenue + USASpending.gov federal contract obligations,https://api.usaspending.gov/api/v2/search/spending_over_time/,2026-09-12,"3/4 quarters, obligations $220730 / revenue $6039454000"
HSY,2019,0.0,SEC XBRL quarterly revenue + USASpending.gov federal contract obligations,https://api.usaspending.gov/api/v2/search/spending_over_time/,2026-09-12,"4/4 quarters, obligations $379887 / revenue $7986252000"
HSY,2020,0.0,SEC XBRL quarterly revenue + USASpending.gov federal contract obligations,https://api.usaspending.gov/api/v2/search/spending_over_time/,2026-09-12,"4/4 quarters, obligations $86549 / revenue $8149719000"
HSY,2021,0.0001,SEC XBRL quarterly revenue + USASpending.gov federal contract obligations,https://api.usaspending.gov/api/v2/search/spending_over_time/,2026-09-12,"3/4 quarters, obligations $429003 / revenue $6611498000"
HSY,2022,0.0001,SEC XBRL quarterly revenue + USASpending.gov federal contract obligations,https://api.usaspending.gov/api/v2/search/spending_over_time/,2026-09-12,"3/4 quarters, obligations $551678 / revenue $7691141000"
HSY,2023,0.0,SEC XBRL quarterly revenue + USASpending.gov federal contract obligations,https://api.usaspending.gov/api/v2/search/spending_over_time/,2026-09-12,"3/4 quarters, obligations $131229 / revenue $8135005000"
HSY,2024,0.0,SEC XBRL quarterly revenue + USASpending.gov federal contract obligations,https://api.usaspending.gov/api/v2/search/spending_over_time/,2026-09-12,"4/4 quarters, obligations $251142 / revenue $11202263000"
HSY,2025,0.0,SEC XBRL quarterly revenue + USASpending.gov federal contract obligations,https://api.usaspending.gov/api/v2/search/spending_over_time/,2026-09-12,"4/4 quarters, obligations $76208 / revenue $11692576000"
HWM,2018,0.0,SEC XBRL quarterly revenue + USASpending.gov federal contract obligations,https://api.usaspending.gov/api/v2/search/spending_over_time/,2026-09-12,"4/4 quarters, obligations $0 / revenue $14014000000"
HWM,2019,0.0,SEC XBRL quarterly revenue + USASpending.gov federal contract obligations,https://api.usaspending.gov/api/v2/search/spending_over_time/,2026-09-12,"4/4 quarters, obligations $0 / revenue $7098000000"
HWM,2020,0.0,SEC XBRL quarterly revenue + USASpending.gov federal contract obligations,https://api.usaspending.gov/api/v2/search/spending_over_time/,2026-09-12,"4/4 quarters, obligations $0 / revenue $5259000000"
HWM,2021,0.0,SEC XBRL quarterly revenue + USASpending.gov federal contract obligations,https://api.usaspending.gov/api/v2/search/spending_over_time/,2026-09-12,"4/4 quarters, obligations $0 / revenue $4972000000"
HWM,2022,0.0,SEC XBRL quarterly revenue + USASpending.gov federal contract obligations,https://api.usaspending.gov/api/v2/search/spending_over_time/,2026-09-12,"4/4 quarters, obligations $0 / revenue $5663000000"
HWM,2023,0.0,SEC XBRL quarterly revenue + USASpending.gov federal contract obligations,https://api.usaspending.gov/api/v2/search/spending_over_time/,2026-09-12,"4/4 quarters, obligations $0 / revenue $6640000000"
HWM,2024,0.0,SEC XBRL quarterly revenue + USASpending.gov federal contract obligations,https://api.usaspending.gov/api/v2/search/spending_over_time/,2026-09-12,"4/4 quarters, obligations $0 / revenue $7430000000"
HWM,2025,0.0,SEC XBRL quarterly revenue + USASpending.gov federal contract obligations,https://api.usaspending.gov/api/v2/search/spending_over_time/,2026-09-12,"4/4 quarters, obligations $0 / revenue $8252000000"
IBKR,2018,0.0,SEC XBRL quarterly revenue + USASpending.gov federal contract obligations,https://api.usaspending.gov/api/v2/search/spending_over_time/,2026-09-12,"4/4 quarters, obligations $0 / revenue $925000000"
IBKR,2019,0.0,SEC XBRL quarterly revenue + USASpending.gov federal contract obligations,https://api.usaspending.gov/api/v2/search/spending_over_time/,2026-09-12,"4/4 quarters, obligations $0 / revenue $847000000"
IBKR,2020,0.0,SEC XBRL quarterly revenue + USASpending.gov federal contract obligations,https://api.usaspending.gov/api/v2/search/spending_over_time/,2026-09-12,"4/4 quarters, obligations $0 / revenue $1287000000"
IBKR,2021,0.0,SEC XBRL quarterly revenue + USASpending.gov federal contract obligations,https://api.usaspending.gov/api/v2/search/spending_over_time/,2026-09-12,"4/4 quarters, obligations $0 / revenue $1568000000"
IBKR,2022,0.0,SEC XBRL quarterly revenue + USASpending.gov federal contract obligations,https://api.usaspending.gov/api/v2/search/spending_over_time/,2026-09-12,"4/4 quarters, obligations $0 / revenue $1506000000"
IBKR,2023,0.0,SEC XBRL quarterly revenue + USASpending.gov federal contract obligations,https://api.usaspending.gov/api/v2/search/spending_over_time/,2026-09-12,"4/4 quarters, obligations $0 / revenue $1557000000"
IBKR,2024,0.0,SEC XBRL quarterly revenue + USASpending.gov federal contract obligations,https://api.usaspending.gov/api/v2/search/spending_over_time/,2026-09-12,"4/4 quarters, obligations $0 / revenue $1977000000"
IBKR,2025,0.0,SEC XBRL quarterly revenue + USASpending.gov federal contract obligations,https://api.usaspending.gov/api/v2/search/spending_over_time/,2026-09-12,"4/4 quarters, obligations $0 / revenue $2440000000"
IBM,2018,0.0,SEC XBRL quarterly revenue + USASpending.gov federal contract obligations,https://api.usaspending.gov/api/v2/search/spending_over_time/,2026-09-12,"4/4 quarters, obligations $0 / revenue $79591000000"
IBM,2019,0.0,SEC XBRL quarterly revenue + USASpending.gov federal contract obligations,https://api.usaspending.gov/api/v2/search/spending_over_time/,2026-09-12,"4/4 quarters, obligations $0 / revenue $57714000000"
IBM,2020,0.0052,SEC XBRL quarterly revenue + USASpending.gov federal contract obligations,https://api.usaspending.gov/api/v2/search/spending_over_time/,2026-09-12,"4/4 quarters, obligations $288714365 / revenue $55179000000"
IBM,2021,0.0201,SEC XBRL quarterly revenue + USASpending.gov federal contract obligations,https://api.usaspending.gov/api/v2/search/spending_over_time/,2026-09-12,"4/4 quarters, obligations $1155080196 / revenue $57350000000"
IBM,2022,0.0174,SEC XBRL quarterly revenue + USASpending.gov federal contract obligations,https://api.usaspending.gov/api/v2/search/spending_over_time/,2026-09-12,"4/4 quarters, obligations $1053668699 / revenue $60530000000"
IBM,2023,0.0186,SEC XBRL quarterly revenue + USASpending.gov federal contract obligations,https://api.usaspending.gov/api/v2/search/spending_over_time/,2026-09-12,"4/4 quarters, obligations $1148905801 / revenue $61860000000"
IBM,2024,0.0216,SEC XBRL quarterly revenue + USASpending.gov federal contract obligations,https://api.usaspending.gov/api/v2/search/spending_over_time/,2026-09-12,"4/4 quarters, obligations $1353278500 / revenue $62753000000"
IBM,2025,0.0157,SEC XBRL quarterly revenue + USASpending.gov federal contract obligations,https://api.usaspending.gov/api/v2/search/spending_over_time/,2026-09-12,"4/4 quarters, obligations $1062300710 / revenue $67535000000"
ICE,2018,0.0,SEC XBRL quarterly revenue + USASpending.gov federal contract obligations,https://api.usaspending.gov/api/v2/search/spending_over_time/,2026-09-12,"4/4 quarters, obligations $0 / revenue $6276000000"
ICE,2019,0.0,SEC XBRL quarterly revenue + USASpending.gov federal contract obligations,https://api.usaspending.gov/api/v2/search/spending_over_time/,2026-09-12,"4/4 quarters, obligations $0 / revenue $6547000000"
ICE,2020,0.0,SEC XBRL quarterly revenue + USASpending.gov federal contract obligations,https://api.usaspending.gov/api/v2/search/spending_over_time/,2026-09-12,"4/4 quarters, obligations $0 / revenue $8244000000"
ICE,2021,0.0,SEC XBRL quarterly revenue + USASpending.gov federal contract obligations,https://api.usaspending.gov/api/v2/search/spending_over_time/,2026-09-12,"4/4 quarters, obligations $0 / revenue $9168000000"
ICE,2022,0.0,SEC XBRL quarterly revenue + USASpending.gov federal contract obligations,https://api.usaspending.gov/api/v2/search/spending_over_time/,2026-09-12,"4/4 quarters, obligations $0 / revenue $9636000000"
ICE,2023,0.0,SEC XBRL quarterly revenue + USASpending.gov federal contract obligations,https://api.usaspending.gov/api/v2/search/spending_over_time/,2026-09-12,"4/4 quarters, obligations $0 / revenue $9903000000"
ICE,2024,0.0,SEC XBRL quarterly revenue + USASpending.gov federal contract obligations,https://api.usaspending.gov/api/v2/search/spending_over_time/,2026-09-12,"4/4 quarters, obligations $0 / revenue $11761000000"
ICE,2025,0.0,SEC XBRL quarterly revenue + USASpending.gov federal contract obligations,https://api.usaspending.gov/api/v2/search/spending_over_time/,2026-09-12,"4/4 quarters, obligations $0 / revenue $12640000000"
IDXX,2018,0.0,SEC XBRL quarterly revenue + USASpending.gov federal contract obligations,https://api.usaspending.gov/api/v2/search/spending_over_time/,2026-09-12,"4/4 quarters, obligations $0 / revenue $2213242000"
IDXX,2019,0.0,SEC XBRL quarterly revenue + USASpending.gov federal contract obligations,https://api.usaspending.gov/api/v2/search/spending_over_time/,2026-09-12,"4/4 quarters, obligations $0 / revenue $2406908000"
IDXX,2020,0.0,SEC XBRL quarterly revenue + USASpending.gov federal contract obligations,https://api.usaspending.gov/api/v2/search/spending_over_time/,2026-09-12,"4/4 quarters, obligations $0 / revenue $2706655000"
IDXX,2021,0.0,SEC XBRL quarterly revenue + USASpending.gov federal contract obligations,https://api.usaspending.gov/api/v2/search/spending_over_time/,2026-09-12,"4/4 quarters, obligations $0 / revenue $3215360000"
IDXX,2022,0.0,SEC XBRL quarterly revenue + USASpending.gov federal contract obligations,https://api.usaspending.gov/api/v2/search/spending_over_time/,2026-09-12,"4/4 quarters, obligations $0 / revenue $3367324000"
IDXX,2023,0.0,SEC XBRL quarterly revenue + USASpending.gov federal contract obligations,https://api.usaspending.gov/api/v2/search/spending_over_time/,2026-09-12,"4/4 quarters, obligations $0 / revenue $3660953000"
IDXX,2024,0.0,SEC XBRL quarterly revenue + USASpending.gov federal contract obligations,https://api.usaspending.gov/api/v2/search/spending_over_time/,2026-09-12,"4/4 quarters, obligations $0 / revenue $3897504000"
IDXX,2025,0.0,SEC XBRL quarterly revenue + USASpending.gov federal contract obligations,https://api.usaspending.gov/api/v2/search/spending_over_time/,2026-09-12,"4/4 quarters, obligations $0 / revenue $4303702000"
IEX,2018,0.0031,SEC XBRL quarterly revenue + USASpending.gov federal contract obligations,https://api.usaspending.gov/api/v2/search/spending_over_time/,2026-09-12,"4/4 quarters, obligations $7633896 / revenue $2483666000"
IEX,2019,0.0015,SEC XBRL quarterly revenue + USASpending.gov federal contract obligations,https://api.usaspending.gov/api/v2/search/spending_over_time/,2026-09-12,"4/4 quarters, obligations $3769669 / revenue $2494573000"
IEX,2020,0.0009,SEC XBRL quarterly revenue + USASpending.gov federal contract obligations,https://api.usaspending.gov/api/v2/search/spending_over_time/,2026-09-12,"4/4 quarters, obligations $2036427 / revenue $2351646000"
IEX,2021,0.001,SEC XBRL quarterly revenue + USASpending.gov federal contract obligations,https://api.usaspending.gov/api/v2/search/spending_over_time/,2026-09-12,"4/4 quarters, obligations $2749263 / revenue $2764800000"
IEX,2022,0.0019,SEC XBRL quarterly revenue + USASpending.gov federal contract obligations,https://api.usaspending.gov/api/v2/search/spending_over_time/,2026-09-12,"4/4 quarters, obligations $5920468 / revenue $3181900000"
IEX,2023,0.0015,SEC XBRL quarterly revenue + USASpending.gov federal contract obligations,https://api.usaspending.gov/api/v2/search/spending_over_time/,2026-09-12,"4/4 quarters, obligations $4837857 / revenue $3273900000"
IEX,2024,0.0008,SEC XBRL quarterly revenue + USASpending.gov federal contract obligations,https://api.usaspending.gov/api/v2/search/spending_over_time/,2026-09-12,"4/4 quarters, obligations $2686215 / revenue $3268800000"
IEX,2025,0.0007,SEC XBRL quarterly revenue + USASpending.gov federal contract obligations,https://api.usaspending.gov/api/v2/search/spending_over_time/,2026-09-12,"4/4 quarters, obligations $2457867 / revenue $3457500000"
IFF,2018,0.0,SEC XBRL quarterly revenue + USASpending.gov federal contract obligations,https://api.usaspending.gov/api/v2/search/spending_over_time/,2026-09-12,"4/4 quarters, obligations $0 / revenue $3977539000"
IFF,2019,0.0,SEC XBRL quarterly revenue + USASpending.gov federal contract obligations,https://api.usaspending.gov/api/v2/search/spending_over_time/,2026-09-12,"4/4 quarters, obligations $0 / revenue $5140000000"
IFF,2020,0.0,SEC XBRL quarterly revenue + USASpending.gov federal contract obligations,https://api.usaspending.gov/api/v2/search/spending_over_time/,2026-09-12,"4/4 quarters, obligations $0 / revenue $5084000000"
IFF,2021,0.0,SEC XBRL quarterly revenue + USASpending.gov federal contract obligations,https://api.usaspending.gov/api/v2/search/spending_over_time/,2026-09-12,"4/4 quarters, obligations $0 / revenue $11656000000"
IFF,2022,0.0,SEC XBRL quarterly revenue + USASpending.gov federal contract obligations,https://api.usaspending.gov/api/v2/search/spending_over_time/,2026-09-12,"4/4 quarters, obligations $0 / revenue $12440000000"
IFF,2023,0.0,SEC XBRL quarterly revenue + USASpending.gov federal contract obligations,https://api.usaspending.gov/api/v2/search/spending_over_time/,2026-09-12,"4/4 quarters, obligations $0 / revenue $11479000000"
IFF,2024,0.0,SEC XBRL quarterly revenue + USASpending.gov federal contract obligations,https://api.usaspending.gov/api/v2/search/spending_over_time/,2026-09-12,"4/4 quarters, obligations $0 / revenue $11484000000"
IFF,2025,0.0,SEC XBRL quarterly revenue + USASpending.gov federal contract obligations,https://api.usaspending.gov/api/v2/search/spending_over_time/,2026-09-12,"4/4 quarters, obligations $0 / revenue $10890000000"
INCY,2018,0.0003,SEC XBRL quarterly revenue + USASpending.gov federal contract obligations,https://api.usaspending.gov/api/v2/search/spending_over_time/,2026-09-12,"4/4 quarters, obligations $526520 / revenue $1881883000"
INCY,2019,0.0003,SEC XBRL quarterly revenue + USASpending.gov federal contract obligations,https://api.usaspending.gov/api/v2/search/spending_over_time/,2026-09-12,"4/4 quarters, obligations $572200 / revenue $2158759000"
INCY,2020,0.0003,SEC XBRL quarterly revenue + USASpending.gov federal contract obligations,https://api.usaspending.gov/api/v2/search/spending_over_time/,2026-09-12,"4/4 quarters, obligations $822494 / revenue $2666702000"
INCY,2021,0.0002,SEC XBRL quarterly revenue + USASpending.gov federal contract obligations,https://api.usaspending.gov/api/v2/search/spending_over_time/,2026-09-12,"4/4 quarters, obligations $555741 / revenue $2986267000"
INCY,2022,0.0003,SEC XBRL quarterly revenue + USASpending.gov federal contract obligations,https://api.usaspending.gov/api/v2/search/spending_over_time/,2026-09-12,"2/4 quarters, obligations $558880 / revenue $1644632000"
INTC,2018,0.0065,SEC XBRL quarterly revenue + USASpending.gov federal contract obligations,https://api.usaspending.gov/api/v2/search/spending_over_time/,2026-09-12,"4/4 quarters, obligations $461699468 / revenue $70848000000"
INTC,2019,0.0058,SEC XBRL quarterly revenue + USASpending.gov federal contract obligations,https://api.usaspending.gov/api/v2/search/spending_over_time/,2026-09-12,"4/4 quarters, obligations $414074237 / revenue $71965000000"
INTC,2020,0.0055,SEC XBRL quarterly revenue + USASpending.gov federal contract obligations,https://api.usaspending.gov/api/v2/search/spending_over_time/,2026-09-12,"4/4 quarters, obligations $424602770 / revenue $77867000000"
INTC,2021,0.0049,SEC XBRL quarterly revenue + USASpending.gov federal contract obligations,https://api.usaspending.gov/api/v2/search/spending_over_time/,2026-09-12,"4/4 quarters, obligations $385812436 / revenue $79024000000"
INTC,2022,0.0074,SEC XBRL quarterly revenue + USASpending.gov federal contract obligations,https://api.usaspending.gov/api/v2/search/spending_over_time/,2026-09-12,"3/4 quarters, obligations $355455222 / revenue $47716000000"
INTC,2023,0.01,SEC XBRL quarterly revenue + USASpending.gov federal contract obligations,https://api.usaspending.gov/api/v2/search/spending_over_time/,2026-09-12,"3/4 quarters, obligations $414814967 / revenue $41279000000"
INTC,2024,0.0082,SEC XBRL quarterly revenue + USASpending.gov federal contract obligations,https://api.usaspending.gov/api/v2/search/spending_over_time/,2026-09-12,"4/4 quarters, obligations $434772903 / revenue $53101000000"
INTC,2025,0.0104,SEC XBRL quarterly revenue + USASpending.gov federal contract obligations,https://api.usaspending.gov/api/v2/search/spending_over_time/,2026-09-12,"4/4 quarters, obligations $550350503 / revenue $52853000000"
INTU,2018,0.0439,SEC XBRL quarterly revenue + USASpending.gov federal contract obligations,https://api.usaspending.gov/api/v2/search/spending_over_time/,2026-09-12,"4/4 quarters, obligations $269097811 / revenue $6131000000"
INTU,2019,0.0515,SEC XBRL quarterly revenue + USASpending.gov federal contract obligations,https://api.usaspending.gov/api/v2/search/spending_over_time/,2026-09-12,"4/4 quarters, obligations $356853796 / revenue $6933000000"
INTU,2020,0.0402,SEC XBRL quarterly revenue + USASpending.gov federal contract obligations,https://api.usaspending.gov/api/v2/search/spending_over_time/,2026-09-12,"4/4 quarters, obligations $315132184 / revenue $7837000000"
INTU,2021,0.0407,SEC XBRL quarterly revenue + USASpending.gov federal contract obligations,https://api.usaspending.gov/api/v2/search/spending_over_time/,2026-09-12,"4/4 quarters, obligations $419488932 / revenue $10317000000"
INTU,2022,0.0274,SEC XBRL quarterly revenue + USASpending.gov federal contract obligations,https://api.usaspending.gov/api/v2/search/spending_over_time/,2026-09-12,"4/4 quarters, obligations $364958237 / revenue $13316000000"
INTU,2023,0.0263,SEC XBRL quarterly revenue + USASpending.gov federal contract obligations,https://api.usaspending.gov/api/v2/search/spending_over_time/,2026-09-12,"4/4 quarters, obligations $387297686 / revenue $14749000000"
INTU,2024,0.0264,SEC XBRL quarterly revenue + USASpending.gov federal contract obligations,https://api.usaspending.gov/api/v2/search/spending_over_time/,2026-09-12,"4/4 quarters, obligations $438767283 / revenue $16590000000"
INTU,2025,0.0304,SEC XBRL quarterly revenue + USASpending.gov federal contract obligations,https://api.usaspending.gov/api/v2/search/spending_over_time/,2026-09-12,"4/4 quarters, obligations $589869620 / revenue $19433000000"
INVH,2018,0.0,SEC XBRL quarterly revenue + USASpending.gov federal contract obligations,https://api.usaspending.gov/api/v2/search/spending_over_time/,2026-09-12,"4/4 quarters, obligations $0 / revenue $1722962000"
INVH,2019,0.0,SEC XBRL quarterly revenue + USASpending.gov federal contract obligations,https://api.usaspending.gov/api/v2/search/spending_over_time/,2026-09-12,"4/4 quarters, obligations $0 / revenue $1764685000"
INVH,2020,0.0,SEC XBRL quarterly revenue + USASpending.gov federal contract obligations,https://api.usaspending.gov/api/v2/search/spending_over_time/,2026-09-12,"4/4 quarters, obligations $0 / revenue $1822828000"
INVH,2021,0.0,SEC XBRL quarterly revenue + USASpending.gov federal contract obligations,https://api.usaspending.gov/api/v2/search/spending_over_time/,2026-09-12,"4/4 quarters, obligations $0 / revenue $1996615000"
INVH,2022,0.0,SEC XBRL quarterly revenue + USASpending.gov federal contract obligations,https://api.usaspending.gov/api/v2/search/spending_over_time/,2026-09-12,"4/4 quarters, obligations $0 / revenue $2238121000"
INVH,2023,0.0,SEC XBRL quarterly revenue + USASpending.gov federal contract obligations,https://api.usaspending.gov/api/v2/search/spending_over_time/,2026-09-12,"4/4 quarters, obligations $0 / revenue $2432278000"
INVH,2024,0.0,SEC XBRL quarterly revenue + USASpending.gov federal contract obligations,https://api.usaspending.gov/api/v2/search/spending_over_time/,2026-09-12,"4/4 quarters, obligations $0 / revenue $2618942000"
INVH,2025,0.0,SEC XBRL quarterly revenue + USASpending.gov federal contract obligations,https://api.usaspending.gov/api/v2/search/spending_over_time/,2026-09-12,"4/4 quarters, obligations $0 / revenue $2729296000"
IP,2018,0.0,SEC XBRL quarterly revenue + USASpending.gov federal contract obligations,https://api.usaspending.gov/api/v2/search/spending_over_time/,2026-09-12,"4/4 quarters, obligations $0 / revenue $23306000000"
IP,2019,0.0,SEC XBRL quarterly revenue + USASpending.gov federal contract obligations,https://api.usaspending.gov/api/v2/search/spending_over_time/,2026-09-12,"4/4 quarters, obligations $0 / revenue $22376000000"
IP,2020,0.0,SEC XBRL quarterly revenue + USASpending.gov federal contract obligations,https://api.usaspending.gov/api/v2/search/spending_over_time/,2026-09-12,"4/4 quarters, obligations $0 / revenue $17565000000"
IP,2021,0.0,SEC XBRL quarterly revenue + USASpending.gov federal contract obligations,https://api.usaspending.gov/api/v2/search/spending_over_time/,2026-09-12,"4/4 quarters, obligations $0 / revenue $19363000000"
IP,2022,0.0,SEC XBRL quarterly revenue + USASpending.gov federal contract obligations,https://api.usaspending.gov/api/v2/search/spending_over_time/,2026-09-12,"4/4 quarters, obligations $0 / revenue $21161000000"
IP,2023,0.0,SEC XBRL quarterly revenue + USASpending.gov federal contract obligations,https://api.usaspending.gov/api/v2/search/spending_over_time/,2026-09-12,"4/4 quarters, obligations $0 / revenue $16033000000"
IP,2024,0.0,SEC XBRL quarterly revenue + USASpending.gov federal contract obligations,https://api.usaspending.gov/api/v2/search/spending_over_time/,2026-09-12,"4/4 quarters, obligations $0 / revenue $15835000000"
IP,2025,0.0,SEC XBRL quarterly revenue + USASpending.gov federal contract obligations,https://api.usaspending.gov/api/v2/search/spending_over_time/,2026-09-12,"4/4 quarters, obligations $0 / revenue $23634000000"
IR,2018,0.0,SEC XBRL quarterly revenue + USASpending.gov federal contract obligations,https://api.usaspending.gov/api/v2/search/spending_over_time/,2026-09-12,"4/4 quarters, obligations $0 / revenue $2689800000"
IR,2019,0.0,SEC XBRL quarterly revenue + USASpending.gov federal contract obligations,https://api.usaspending.gov/api/v2/search/spending_over_time/,2026-09-12,"4/4 quarters, obligations $0 / revenue $2017500000"
IR,2020,0.0,SEC XBRL quarterly revenue + USASpending.gov federal contract obligations,https://api.usaspending.gov/api/v2/search/spending_over_time/,2026-09-12,"4/4 quarters, obligations $0 / revenue $3973200000"
IR,2021,0.0,SEC XBRL quarterly revenue + USASpending.gov federal contract obligations,https://api.usaspending.gov/api/v2/search/spending_over_time/,2026-09-12,"4/4 quarters, obligations $0 / revenue $5152400000"
IR,2022,0.0,SEC XBRL quarterly revenue + USASpending.gov federal contract obligations,https://api.usaspending.gov/api/v2/search/spending_over_time/,2026-09-12,"4/4 quarters, obligations $0 / revenue $5916300000"
IR,2023,0.0,SEC XBRL quarterly revenue + USASpending.gov federal contract obligations,https://api.usaspending.gov/api/v2/search/spending_over_time/,2026-09-12,"4/4 quarters, obligations $0 / revenue $6876100000"
IR,2024,0.0,SEC XBRL quarterly revenue + USASpending.gov federal contract obligations,https://api.usaspending.gov/api/v2/search/spending_over_time/,2026-09-12,"4/4 quarters, obligations $0 / revenue $7235000000"
IR,2025,0.0,SEC XBRL quarterly revenue + USASpending.gov federal contract obligations,https://api.usaspending.gov/api/v2/search/spending_over_time/,2026-09-12,"4/4 quarters, obligations $0 / revenue $7650900000"
IRM,2018,0.0059,SEC XBRL quarterly revenue + USASpending.gov federal contract obligations,https://api.usaspending.gov/api/v2/search/spending_over_time/,2026-09-12,"4/4 quarters, obligations $24852279 / revenue $4225761000"
IRM,2019,0.0083,SEC XBRL quarterly revenue + USASpending.gov federal contract obligations,https://api.usaspending.gov/api/v2/search/spending_over_time/,2026-09-12,"4/4 quarters, obligations $24147374 / revenue $2919978000"
IRM,2020,0.0063,SEC XBRL quarterly revenue + USASpending.gov federal contract obligations,https://api.usaspending.gov/api/v2/search/spending_over_time/,2026-09-12,"4/4 quarters, obligations $26091482 / revenue $4147270000"
IRM,2021,0.0078,SEC XBRL quarterly revenue + USASpending.gov federal contract obligations,https://api.usaspending.gov/api/v2/search/spending_over_time/,2026-09-12,"4/4 quarters, obligations $34856277 / revenue $4491531000"
IRM,2022,0.0123,SEC XBRL quarterly revenue + USASpending.gov federal contract obligations,https://api.usaspending.gov/api/v2/search/spending_over_time/,2026-09-12,"4/4 quarters, obligations $62859825 / revenue $5103574000"
IRM,2023,0.0089,SEC XBRL quarterly revenue + USASpending.gov federal contract obligations,https://api.usaspending.gov/api/v2/search/spending_over_time/,2026-09-12,"4/4 quarters, obligations $48918787 / revenue $5480289000"
IRM,2024,0.0114,SEC XBRL quarterly revenue + USASpending.gov federal contract obligations,https://api.usaspending.gov/api/v2/search/spending_over_time/,2026-09-12,"4/4 quarters, obligations $70390144 / revenue $6149909000"
IRM,2025,0.0097,SEC XBRL quarterly revenue + USASpending.gov federal contract obligations,https://api.usaspending.gov/api/v2/search/spending_over_time/,2026-09-12,"4/4 quarters, obligations $66997968 / revenue $6901737000"
ISRG,2018,0.0206,SEC XBRL quarterly revenue + USASpending.gov federal contract obligations,https://api.usaspending.gov/api/v2/search/spending_over_time/,2026-09-12,"4/4 quarters, obligations $76720567 / revenue $3724200000"
ISRG,2019,0.0194,SEC XBRL quarterly revenue + USASpending.gov federal contract obligations,https://api.usaspending.gov/api/v2/search/spending_over_time/,2026-09-12,"4/4 quarters, obligations $86723739 / revenue $4478500000"
ISRG,2020,0.0091,SEC XBRL quarterly revenue + USASpending.gov federal contract obligations,https://api.usaspending.gov/api/v2/search/spending_over_time/,2026-09-12,"4/4 quarters, obligations $39468815 / revenue $4358400000"
ISRG,2021,0.0117,SEC XBRL quarterly revenue + USASpending.gov federal contract obligations,https://api.usaspending.gov/api/v2/search/spending_over_time/,2026-09-12,"4/4 quarters, obligations $66589102 / revenue $5710100000"
ISRG,2022,0.013,SEC XBRL quarterly revenue + USASpending.gov federal contract obligations,https://api.usaspending.gov/api/v2/search/spending_over_time/,2026-09-12,"4/4 quarters, obligations $80820870 / revenue $6222200000"
ISRG,2023,0.0083,SEC XBRL quarterly revenue + USASpending.gov federal contract obligations,https://api.usaspending.gov/api/v2/search/spending_over_time/,2026-09-12,"4/4 quarters, obligations $58964241 / revenue $7124100000"
ISRG,2024,0.0104,SEC XBRL quarterly revenue + USASpending.gov federal contract obligations,https://api.usaspending.gov/api/v2/search/spending_over_time/,2026-09-12,"4/4 quarters, obligations $86550367 / revenue $8352100000"
ISRG,2025,0.0019,SEC XBRL quarterly revenue + USASpending.gov federal contract obligations,https://api.usaspending.gov/api/v2/search/spending_over_time/,2026-09-12,"4/4 quarters, obligations $19479458 / revenue $10064700000"
IT,2018,0.026,SEC XBRL quarterly revenue + USASpending.gov federal contract obligations,https://api.usaspending.gov/api/v2/search/spending_over_time/,2026-09-12,"4/4 quarters, obligations $103489416 / revenue $3975454000"
IT,2019,0.03,SEC XBRL quarterly revenue + USASpending.gov federal contract obligations,https://api.usaspending.gov/api/v2/search/spending_over_time/,2026-09-12,"4/4 quarters, obligations $127506732 / revenue $4245321000"
IT,2020,0.0347,SEC XBRL quarterly revenue + USASpending.gov federal contract obligations,https://api.usaspending.gov/api/v2/search/spending_over_time/,2026-09-12,"4/4 quarters, obligations $142342308 / revenue $4099403000"
IT,2021,0.0329,SEC XBRL quarterly revenue + USASpending.gov federal contract obligations,https://api.usaspending.gov/api/v2/search/spending_over_time/,2026-09-12,"4/4 quarters, obligations $155636801 / revenue $4733962000"
IT,2022,0.0315,SEC XBRL quarterly revenue + USASpending.gov federal contract obligations,https://api.usaspending.gov/api/v2/search/spending_over_time/,2026-09-12,"4/4 quarters, obligations $172678639 / revenue $5475846000"
IT,2023,0.037,SEC XBRL quarterly revenue + USASpending.gov federal contract obligations,https://api.usaspending.gov/api/v2/search/spending_over_time/,2026-09-12,"4/4 quarters, obligations $218300044 / revenue $5906956000"
IT,2024,0.0305,SEC XBRL quarterly revenue + USASpending.gov federal contract obligations,https://api.usaspending.gov/api/v2/search/spending_over_time/,2026-09-12,"4/4 quarters, obligations $191350802 / revenue $6267411000"
IT,2025,0.0077,SEC XBRL quarterly revenue + USASpending.gov federal contract obligations,https://api.usaspending.gov/api/v2/search/spending_over_time/,2026-09-12,"4/4 quarters, obligations $49863323 / revenue $6497226000"
ITW,2018,0.0011,SEC XBRL quarterly revenue + USASpending.gov federal contract obligations,https://api.usaspending.gov/api/v2/search/spending_over_time/,2026-09-12,"4/4 quarters, obligations $15825819 / revenue $14768000000"
ITW,2019,0.0009,SEC XBRL quarterly revenue + USASpending.gov federal contract obligations,https://api.usaspending.gov/api/v2/search/spending_over_time/,2026-09-12,"4/4 quarters, obligations $13109122 / revenue $14109000000"
ITW,2020,0.0008,SEC XBRL quarterly revenue + USASpending.gov federal contract obligations,https://api.usaspending.gov/api/v2/search/spending_over_time/,2026-09-12,"4/4 quarters, obligations $10585712 / revenue $12574000000"
ITW,2021,0.0005,SEC XBRL quarterly revenue + USASpending.gov federal contract obligations,https://api.usaspending.gov/api/v2/search/spending_over_time/,2026-09-12,"4/4 quarters, obligations $7571006 / revenue $14455000000"
ITW,2022,0.0007,SEC XBRL quarterly revenue + USASpending.gov federal contract obligations,https://api.usaspending.gov/api/v2/search/spending_over_time/,2026-09-12,"4/4 quarters, obligations $10758565 / revenue $15932000000"
ITW,2023,0.0011,SEC XBRL quarterly revenue + USASpending.gov federal contract obligations,https://api.usaspending.gov/api/v2/search/spending_over_time/,2026-09-12,"4/4 quarters, obligations $18181291 / revenue $16107000000"
ITW,2024,0.0014,SEC XBRL quarterly revenue + USASpending.gov federal contract obligations,https://api.usaspending.gov/api/v2/search/spending_over_time/,2026-09-12,"4/4 quarters, obligations $22940578 / revenue $15898000000"
ITW,2025,0.0009,SEC XBRL quarterly revenue + USASpending.gov federal contract obligations,https://api.usaspending.gov/api/v2/search/spending_over_time/,2026-09-12,"4/4 quarters, obligations $15104372 / revenue $16044000000"
IVZ,2018,0.0,SEC XBRL quarterly revenue + USASpending.gov federal contract obligations,https://api.usaspending.gov/api/v2/search/spending_over_time/,2026-09-12,"4/4 quarters, obligations $0 / revenue $5314100000"
IVZ,2019,0.0,SEC XBRL quarterly revenue + USASpending.gov federal contract obligations,https://api.usaspending.gov/api/v2/search/spending_over_time/,2026-09-12,"4/4 quarters, obligations $0 / revenue $6117400000"
IVZ,2020,0.0006,SEC XBRL quarterly revenue + USASpending.gov federal contract obligations,https://api.usaspending.gov/api/v2/search/spending_over_time/,2026-09-12,"4/4 quarters, obligations $3700000 / revenue $6145600000"
IVZ,2021,0.0005,SEC XBRL quarterly revenue + USASpending.gov federal contract obligations,https://api.usaspending.gov/api/v2/search/spending_over_time/,2026-09-12,"4/4 quarters, obligations $3150792 / revenue $6894500000"
IVZ,2022,0.0005,SEC XBRL quarterly revenue + USASpending.gov federal contract obligations,https://api.usaspending.gov/api/v2/search/spending_over_time/,2026-09-12,"4/4 quarters, obligations $2893875 / revenue $6048900000"
IVZ,2023,0.0001,SEC XBRL quarterly revenue + USASpending.gov federal contract obligations,https://api.usaspending.gov/api/v2/search/spending_over_time/,2026-09-12,"4/4 quarters, obligations $718922 / revenue $5716400000"
IVZ,2024,0.0001,SEC XBRL quarterly revenue + USASpending.gov federal contract obligations,https://api.usaspending.gov/api/v2/search/spending_over_time/,2026-09-12,"4/4 quarters, obligations $359482 / revenue $6067000000"
IVZ,2025,0.0,SEC XBRL quarterly revenue + USASpending.gov federal contract obligations,https://api.usaspending.gov/api/v2/search/spending_over_time/,2026-09-12,"4/4 quarters, obligations $-2395630 / revenue $6377100000"
J,2018,0.0,SEC XBRL quarterly revenue + USASpending.gov federal contract obligations,https://api.usaspending.gov/api/v2/search/spending_over_time/,2026-09-12,"4/4 quarters, obligations $0 / revenue $11879562000"
J,2019,0.0,SEC XBRL quarterly revenue + USASpending.gov federal contract obligations,https://api.usaspending.gov/api/v2/search/spending_over_time/,2026-09-12,"4/4 quarters, obligations $0 / revenue $13014129000"
J,2020,0.0,SEC XBRL quarterly revenue + USASpending.gov federal contract obligations,https://api.usaspending.gov/api/v2/search/spending_over_time/,2026-09-12,"3/4 quarters, obligations $0 / revenue $10206926000"
J,2021,0.0,SEC XBRL quarterly revenue + USASpending.gov federal contract obligations,https://api.usaspending.gov/api/v2/search/spending_over_time/,2026-09-12,"4/4 quarters, obligations $0 / revenue $14092632000"
J,2022,0.0,SEC XBRL quarterly revenue + USASpending.gov federal contract obligations,https://api.usaspending.gov/api/v2/search/spending_over_time/,2026-09-12,"3/4 quarters, obligations $0 / revenue $5124065000"
J,2023,0.0128,SEC XBRL quarterly revenue + USASpending.gov federal contract obligations,https://api.usaspending.gov/api/v2/search/spending_over_time/,2026-09-12,"4/4 quarters, obligations $141855457 / revenue $11112938000"
J,2024,0.1104,SEC XBRL quarterly revenue + USASpending.gov federal contract obligations,https://api.usaspending.gov/api/v2/search/spending_over_time/,2026-09-12,"4/4 quarters, obligations $1283233584 / revenue $11623669000"
J,2025,0.0341,SEC XBRL quarterly revenue + USASpending.gov federal contract obligations,https://api.usaspending.gov/api/v2/search/spending_over_time/,2026-09-12,"4/4 quarters, obligations $421885754 / revenue $12390108000"
JBHT,2018,0.0,SEC XBRL quarterly revenue + USASpending.gov federal contract obligations,https://api.usaspending.gov/api/v2/search/spending_over_time/,2026-09-12,"4/4 quarters, obligations $0 / revenue $8614874000"
JBHT,2019,0.0,SEC XBRL quarterly revenue + USASpending.gov federal contract obligations,https://api.usaspending.gov/api/v2/search/spending_over_time/,2026-09-12,"4/4 quarters, obligations $0 / revenue $9165257000"
JBHT,2020,0.0,SEC XBRL quarterly revenue + USASpending.gov federal contract obligations,https://api.usaspending.gov/api/v2/search/spending_over_time/,2026-09-12,"4/4 quarters, obligations $0 / revenue $9636574000"
JBHT,2021,0.0,SEC XBRL quarterly revenue + USASpending.gov federal contract obligations,https://api.usaspending.gov/api/v2/search/spending_over_time/,2026-09-12,"4/4 quarters, obligations $0 / revenue $12168302000"
JBHT,2022,0.0,SEC XBRL quarterly revenue + USASpending.gov federal contract obligations,https://api.usaspending.gov/api/v2/search/spending_over_time/,2026-09-12,"4/4 quarters, obligations $0 / revenue $14813999000"
JBHT,2023,0.0,SEC XBRL quarterly revenue + USASpending.gov federal contract obligations,https://api.usaspending.gov/api/v2/search/spending_over_time/,2026-09-12,"4/4 quarters, obligations $0 / revenue $12829665000"
JBHT,2024,0.0,SEC XBRL quarterly revenue + USASpending.gov federal contract obligations,https://api.usaspending.gov/api/v2/search/spending_over_time/,2026-09-12,"4/4 quarters, obligations $0 / revenue $12087204000"
JBHT,2025,0.0,SEC XBRL quarterly revenue + USASpending.gov federal contract obligations,https://api.usaspending.gov/api/v2/search/spending_over_time/,2026-09-12,"4/4 quarters, obligations $0 / revenue $11999096000"
JBL,2018,0.0,SEC XBRL quarterly revenue + USASpending.gov federal contract obligations,https://api.usaspending.gov/api/v2/search/spending_over_time/,2026-09-12,"4/4 quarters, obligations $49335 / revenue $23016159000"
JBL,2019,0.0,SEC XBRL quarterly revenue + USASpending.gov federal contract obligations,https://api.usaspending.gov/api/v2/search/spending_over_time/,2026-09-12,"4/4 quarters, obligations $39900 / revenue $26281423000"
JBL,2020,0.0,SEC XBRL quarterly revenue + USASpending.gov federal contract obligations,https://api.usaspending.gov/api/v2/search/spending_over_time/,2026-09-12,"4/4 quarters, obligations $29736 / revenue $27593302000"
JBL,2021,0.0,SEC XBRL quarterly revenue + USASpending.gov federal contract obligations,https://api.usaspending.gov/api/v2/search/spending_over_time/,2026-09-12,"4/4 quarters, obligations $0 / revenue $30019000000"
JBL,2022,0.0,SEC XBRL quarterly revenue + USASpending.gov federal contract obligations,https://api.usaspending.gov/api/v2/search/spending_over_time/,2026-09-12,"4/4 quarters, obligations $0 / revenue $34546000000"
JBL,2023,0.0,SEC XBRL quarterly revenue + USASpending.gov federal contract obligations,https://api.usaspending.gov/api/v2/search/spending_over_time/,2026-09-12,"4/4 quarters, obligations $0 / revenue $33454000000"
JBL,2024,0.0,SEC XBRL quarterly revenue + USASpending.gov federal contract obligations,https://api.usaspending.gov/api/v2/search/spending_over_time/,2026-09-12,"4/4 quarters, obligations $0 / revenue $27490000000"
JBL,2025,0.0,SEC XBRL quarterly revenue + USASpending.gov federal contract obligations,https://api.usaspending.gov/api/v2/search/spending_over_time/,2026-09-12,"4/4 quarters, obligations $0 / revenue $31113000000"
JCI,2018,0.0057,SEC XBRL quarterly revenue + USASpending.gov federal contract obligations,https://api.usaspending.gov/api/v2/search/spending_over_time/,2026-09-12,"4/4 quarters, obligations $179647925 / revenue $31559000000"
JKHY,2018,0.0,SEC XBRL quarterly revenue + USASpending.gov federal contract obligations,https://api.usaspending.gov/api/v2/search/spending_over_time/,2026-09-12,"4/4 quarters, obligations $15851 / revenue $1531122000"
JKHY,2019,0.0,SEC XBRL quarterly revenue + USASpending.gov federal contract obligations,https://api.usaspending.gov/api/v2/search/spending_over_time/,2026-09-12,"4/4 quarters, obligations $17902 / revenue $1630997000"
JKHY,2020,0.0,SEC XBRL quarterly revenue + USASpending.gov federal contract obligations,https://api.usaspending.gov/api/v2/search/spending_over_time/,2026-09-12,"4/4 quarters, obligations $1642 / revenue $1714104000"
JKHY,2021,0.0,SEC XBRL quarterly revenue + USASpending.gov federal contract obligations,https://api.usaspending.gov/api/v2/search/spending_over_time/,2026-09-12,"4/4 quarters, obligations $0 / revenue $1866016000"
JKHY,2022,0.0,SEC XBRL quarterly revenue + USASpending.gov federal contract obligations,https://api.usaspending.gov/api/v2/search/spending_over_time/,2026-09-12,"4/4 quarters, obligations $0 / revenue $1995448000"
JKHY,2023,0.0,SEC XBRL quarterly revenue + USASpending.gov federal contract obligations,https://api.usaspending.gov/api/v2/search/spending_over_time/,2026-09-12,"4/4 quarters, obligations $-372 / revenue $2160255000"
JKHY,2024,0.0,SEC XBRL quarterly revenue + USASpending.gov federal contract obligations,https://api.usaspending.gov/api/v2/search/spending_over_time/,2026-09-12,"4/4 quarters, obligations $0 / revenue $2273304000"
JKHY,2025,0.0,SEC XBRL quarterly revenue + USASpending.gov federal contract obligations,https://api.usaspending.gov/api/v2/search/spending_over_time/,2026-09-12,"4/4 quarters, obligations $0 / revenue $2464530000"
JNJ,2018,0.0034,SEC XBRL quarterly revenue + USASpending.gov federal contract obligations,https://api.usaspending.gov/api/v2/search/spending_over_time/,2026-09-12,"3/4 quarters, obligations $207461141 / revenue $60751000000"
JNJ,2019,0.0012,SEC XBRL quarterly revenue + USASpending.gov federal contract obligations,https://api.usaspending.gov/api/v2/search/spending_over_time/,2026-09-12,"4/4 quarters, obligations $101237901 / revenue $82059000000"
JNJ,2020,0.0015,SEC XBRL quarterly revenue + USASpending.gov federal contract obligations,https://api.usaspending.gov/api/v2/search/spending_over_time/,2026-09-12,"3/4 quarters, obligations $87214942 / revenue $60109000000"
JNJ,2021,0.0013,SEC XBRL quarterly revenue + USASpending.gov federal contract obligations,https://api.usaspending.gov/api/v2/search/spending_over_time/,2026-09-12,"4/4 quarters, obligations $119869509 / revenue $91446000000"
JNJ,2022,0.0016,SEC XBRL quarterly revenue + USASpending.gov federal contract obligations,https://api.usaspending.gov/api/v2/search/spending_over_time/,2026-09-12,"4/4 quarters, obligations $115132850 / revenue $69820000000"
JNJ,2023,0.0015,SEC XBRL quarterly revenue + USASpending.gov federal contract obligations,https://api.usaspending.gov/api/v2/search/spending_over_time/,2026-09-12,"4/4 quarters, obligations $123736869 / revenue $83747000000"
JNJ,2024,0.0008,SEC XBRL quarterly revenue + USASpending.gov federal contract obligations,https://api.usaspending.gov/api/v2/search/spending_over_time/,2026-09-12,"4/4 quarters, obligations $74466564 / revenue $88821000000"
JNJ,2025,0.0006,SEC XBRL quarterly revenue + USASpending.gov federal contract obligations,https://api.usaspending.gov/api/v2/search/spending_over_time/,2026-09-12,"4/4 quarters, obligations $57782833 / revenue $94193000000"
KDP,2018,0.0,SEC XBRL quarterly revenue + USASpending.gov federal contract obligations,https://api.usaspending.gov/api/v2/search/spending_over_time/,2026-09-12,"4/4 quarters, obligations $0 / revenue $7442000000"
KDP,2019,0.0,SEC XBRL quarterly revenue + USASpending.gov federal contract obligations,https://api.usaspending.gov/api/v2/search/spending_over_time/,2026-09-12,"4/4 quarters, obligations $0 / revenue $11120000000"
KDP,2020,0.0,SEC XBRL quarterly revenue + USASpending.gov federal contract obligations,https://api.usaspending.gov/api/v2/search/spending_over_time/,2026-09-12,"4/4 quarters, obligations $0 / revenue $11618000000"
KDP,2021,0.0,SEC XBRL quarterly revenue + USASpending.gov federal contract obligations,https://api.usaspending.gov/api/v2/search/spending_over_time/,2026-09-12,"4/4 quarters, obligations $0 / revenue $12683000000"
KDP,2022,0.0,SEC XBRL quarterly revenue + USASpending.gov federal contract obligations,https://api.usaspending.gov/api/v2/search/spending_over_time/,2026-09-12,"4/4 quarters, obligations $0 / revenue $14057000000"
KDP,2023,0.0,SEC XBRL quarterly revenue + USASpending.gov federal contract obligations,https://api.usaspending.gov/api/v2/search/spending_over_time/,2026-09-12,"4/4 quarters, obligations $0 / revenue $14814000000"
KDP,2024,0.0,SEC XBRL quarterly revenue + USASpending.gov federal contract obligations,https://api.usaspending.gov/api/v2/search/spending_over_time/,2026-09-12,"4/4 quarters, obligations $0 / revenue $15351000000"
KDP,2025,0.0,SEC XBRL quarterly revenue + USASpending.gov federal contract obligations,https://api.usaspending.gov/api/v2/search/spending_over_time/,2026-09-12,"4/4 quarters, obligations $0 / revenue $16603000000"
KEY,2018,0.0,SEC XBRL quarterly revenue + USASpending.gov federal contract obligations,https://api.usaspending.gov/api/v2/search/spending_over_time/,2026-09-12,"4/4 quarters, obligations $0 / revenue $6455000000"
KEY,2019,0.0,SEC XBRL quarterly revenue + USASpending.gov federal contract obligations,https://api.usaspending.gov/api/v2/search/spending_over_time/,2026-09-12,"4/4 quarters, obligations $0 / revenue $6400000000"
KEY,2020,0.0,SEC XBRL quarterly revenue + USASpending.gov federal contract obligations,https://api.usaspending.gov/api/v2/search/spending_over_time/,2026-09-12,"4/4 quarters, obligations $0 / revenue $6715000000"
KEY,2021,0.0,SEC XBRL quarterly revenue + USASpending.gov federal contract obligations,https://api.usaspending.gov/api/v2/search/spending_over_time/,2026-09-12,"4/4 quarters, obligations $0 / revenue $7292000000"
KEY,2022,0.0,SEC XBRL quarterly revenue + USASpending.gov federal contract obligations,https://api.usaspending.gov/api/v2/search/spending_over_time/,2026-09-12,"4/4 quarters, obligations $0 / revenue $1594000000"
KEY,2023,0.0,SEC XBRL quarterly revenue + USASpending.gov federal contract obligations,https://api.usaspending.gov/api/v2/search/spending_over_time/,2026-09-12,"4/4 quarters, obligations $0 / revenue $1435000000"
KEY,2024,0.0,SEC XBRL quarterly revenue + USASpending.gov federal contract obligations,https://api.usaspending.gov/api/v2/search/spending_over_time/,2026-09-12,"4/4 quarters, obligations $0 / revenue $1643000000"
KEY,2025,0.0,SEC XBRL quarterly revenue + USASpending.gov federal contract obligations,https://api.usaspending.gov/api/v2/search/spending_over_time/,2026-09-12,"4/4 quarters, obligations $0 / revenue $1749000000"
KEYS,2018,0.0066,SEC XBRL quarterly revenue + USASpending.gov federal contract obligations,https://api.usaspending.gov/api/v2/search/spending_over_time/,2026-09-12,"4/4 quarters, obligations $25718131 / revenue $3878000000"
KEYS,2019,0.012,SEC XBRL quarterly revenue + USASpending.gov federal contract obligations,https://api.usaspending.gov/api/v2/search/spending_over_time/,2026-09-12,"4/4 quarters, obligations $51827732 / revenue $4303000000"
KEYS,2020,0.0102,SEC XBRL quarterly revenue + USASpending.gov federal contract obligations,https://api.usaspending.gov/api/v2/search/spending_over_time/,2026-09-12,"4/4 quarters, obligations $43250817 / revenue $4221000000"
KEYS,2021,0.0047,SEC XBRL quarterly revenue + USASpending.gov federal contract obligations,https://api.usaspending.gov/api/v2/search/spending_over_time/,2026-09-12,"4/4 quarters, obligations $23115022 / revenue $4941000000"
KEYS,2022,0.0037,SEC XBRL quarterly revenue + USASpending.gov federal contract obligations,https://api.usaspending.gov/api/v2/search/spending_over_time/,2026-09-12,"4/4 quarters, obligations $19820522 / revenue $5420000000"
KEYS,2023,0.0078,SEC XBRL quarterly revenue + USASpending.gov federal contract obligations,https://api.usaspending.gov/api/v2/search/spending_over_time/,2026-09-12,"4/4 quarters, obligations $42495020 / revenue $5464000000"
KEYS,2024,0.0048,SEC XBRL quarterly revenue + USASpending.gov federal contract obligations,https://api.usaspending.gov/api/v2/search/spending_over_time/,2026-09-12,"4/4 quarters, obligations $23925828 / revenue $4979000000"
KEYS,2025,0.0032,SEC XBRL quarterly revenue + USASpending.gov federal contract obligations,https://api.usaspending.gov/api/v2/search/spending_over_time/,2026-09-12,"4/4 quarters, obligations $17085722 / revenue $5375000000"
KHC,2018,0.0,SEC XBRL quarterly revenue + USASpending.gov federal contract obligations,https://api.usaspending.gov/api/v2/search/spending_over_time/,2026-09-12,"4/4 quarters, obligations $311100 / revenue $26268000000"
KHC,2019,0.0,SEC XBRL quarterly revenue + USASpending.gov federal contract obligations,https://api.usaspending.gov/api/v2/search/spending_over_time/,2026-09-12,"4/4 quarters, obligations $403948 / revenue $24977000000"
KHC,2020,0.0,SEC XBRL quarterly revenue + USASpending.gov federal contract obligations,https://api.usaspending.gov/api/v2/search/spending_over_time/,2026-09-12,"4/4 quarters, obligations $268507 / revenue $26185000000"
KHC,2021,0.0,SEC XBRL quarterly revenue + USASpending.gov federal contract obligations,https://api.usaspending.gov/api/v2/search/spending_over_time/,2026-09-12,"4/4 quarters, obligations $0 / revenue $26042000000"
KHC,2022,0.0,SEC XBRL quarterly revenue + USASpending.gov federal contract obligations,https://api.usaspending.gov/api/v2/search/spending_over_time/,2026-09-12,"4/4 quarters, obligations $745547 / revenue $26485000000"
KHC,2023,0.0,SEC XBRL quarterly revenue + USASpending.gov federal contract obligations,https://api.usaspending.gov/api/v2/search/spending_over_time/,2026-09-12,"3/4 quarters, obligations $0 / revenue $19919000000"
KHC,2024,0.0,SEC XBRL quarterly revenue + USASpending.gov federal contract obligations,https://api.usaspending.gov/api/v2/search/spending_over_time/,2026-09-12,"4/4 quarters, obligations $568391 / revenue $25846000000"
KHC,2025,0.0,SEC XBRL quarterly revenue + USASpending.gov federal contract obligations,https://api.usaspending.gov/api/v2/search/spending_over_time/,2026-09-12,"4/4 quarters, obligations $0 / revenue $24942000000"
KIM,2018,0.0,SEC XBRL quarterly revenue + USASpending.gov federal contract obligations,https://api.usaspending.gov/api/v2/search/spending_over_time/,2026-09-12,"4/4 quarters, obligations $0 / revenue $1164762000"
KIM,2019,0.0,SEC XBRL quarterly revenue + USASpending.gov federal contract obligations,https://api.usaspending.gov/api/v2/search/spending_over_time/,2026-09-12,"4/4 quarters, obligations $0 / revenue $1158884000"
KIM,2020,0.0,SEC XBRL quarterly revenue + USASpending.gov federal contract obligations,https://api.usaspending.gov/api/v2/search/spending_over_time/,2026-09-12,"4/4 quarters, obligations $0 / revenue $279321000"
KIM,2021,0.0,SEC XBRL quarterly revenue + USASpending.gov federal contract obligations,https://api.usaspending.gov/api/v2/search/spending_over_time/,2026-09-12,"4/4 quarters, obligations $0 / revenue $1364585000"
KIM,2022,0.0,SEC XBRL quarterly revenue + USASpending.gov federal contract obligations,https://api.usaspending.gov/api/v2/search/spending_over_time/,2026-09-12,"4/4 quarters, obligations $0 / revenue $1727684000"
KIM,2023,0.0,SEC XBRL quarterly revenue + USASpending.gov federal contract obligations,https://api.usaspending.gov/api/v2/search/spending_over_time/,2026-09-12,"4/4 quarters, obligations $0 / revenue $1783400000"
KIM,2024,0.0,SEC XBRL quarterly revenue + USASpending.gov federal contract obligations,https://api.usaspending.gov/api/v2/search/spending_over_time/,2026-09-12,"4/4 quarters, obligations $0 / revenue $2037014000"
KIM,2025,0.0,SEC XBRL quarterly revenue + USASpending.gov federal contract obligations,https://api.usaspending.gov/api/v2/search/spending_over_time/,2026-09-12,"4/4 quarters, obligations $0 / revenue $2140116000"
KKR,2018,0.0016,SEC XBRL quarterly revenue + USASpending.gov federal contract obligations,https://api.usaspending.gov/api/v2/search/spending_over_time/,2026-09-12,"4/4 quarters, obligations $3734704 / revenue $2395836000"
KKR,2019,0.0035,SEC XBRL quarterly revenue + USASpending.gov federal contract obligations,https://api.usaspending.gov/api/v2/search/spending_over_time/,2026-09-12,"4/4 quarters, obligations $8205669 / revenue $2371277000"
KKR,2020,0.0015,SEC XBRL quarterly revenue + USASpending.gov federal contract obligations,https://api.usaspending.gov/api/v2/search/spending_over_time/,2026-09-12,"4/4 quarters, obligations $6461430 / revenue $4230891000"
KKR,2021,0.0006,SEC XBRL quarterly revenue + USASpending.gov federal contract obligations,https://api.usaspending.gov/api/v2/search/spending_over_time/,2026-09-12,"4/4 quarters, obligations $10159408 / revenue $16226040000"
KKR,2022,0.0007,SEC XBRL quarterly revenue + USASpending.gov federal contract obligations,https://api.usaspending.gov/api/v2/search/spending_over_time/,2026-09-12,"4/4 quarters, obligations $4086861 / revenue $5704180000"
KKR,2023,0.0005,SEC XBRL quarterly revenue + USASpending.gov federal contract obligations,https://api.usaspending.gov/api/v2/search/spending_over_time/,2026-09-12,"4/4 quarters, obligations $7583550 / revenue $14499312000"
KKR,2024,0.0009,SEC XBRL quarterly revenue + USASpending.gov federal contract obligations,https://api.usaspending.gov/api/v2/search/spending_over_time/,2026-09-12,"4/4 quarters, obligations $20288903 / revenue $21878698000"
KKR,2025,0.0045,SEC XBRL quarterly revenue + USASpending.gov federal contract obligations,https://api.usaspending.gov/api/v2/search/spending_over_time/,2026-09-12,"4/4 quarters, obligations $87528403 / revenue $19464307000"
KLAC,2018,0.0729,SEC XBRL quarterly revenue + USASpending.gov federal contract obligations,https://api.usaspending.gov/api/v2/search/spending_over_time/,2026-09-12,"4/4 quarters, obligations $313854115 / revenue $4304456000"
KLAC,2019,0.0654,SEC XBRL quarterly revenue + USASpending.gov federal contract obligations,https://api.usaspending.gov/api/v2/search/spending_over_time/,2026-09-12,"4/4 quarters, obligations $345120073 / revenue $5278613000"
KLAC,2020,0.0641,SEC XBRL quarterly revenue + USASpending.gov federal contract obligations,https://api.usaspending.gov/api/v2/search/spending_over_time/,2026-09-12,"4/4 quarters, obligations $389041970 / revenue $6073047000"
KLAC,2021,0.0463,SEC XBRL quarterly revenue + USASpending.gov federal contract obligations,https://api.usaspending.gov/api/v2/search/spending_over_time/,2026-09-12,"4/4 quarters, obligations $377712370 / revenue $8165712000"
KLAC,2022,0.0412,SEC XBRL quarterly revenue + USASpending.gov federal contract obligations,https://api.usaspending.gov/api/v2/search/spending_over_time/,2026-09-12,"4/4 quarters, obligations $431411445 / revenue $10483726000"
KLAC,2023,0.0389,SEC XBRL quarterly revenue + USASpending.gov federal contract obligations,https://api.usaspending.gov/api/v2/search/spending_over_time/,2026-09-12,"4/4 quarters, obligations $376261275 / revenue $9671427000"
KLAC,2024,0.0378,SEC XBRL quarterly revenue + USASpending.gov federal contract obligations,https://api.usaspending.gov/api/v2/search/spending_over_time/,2026-09-12,"4/4 quarters, obligations $409876178 / revenue $10846957000"
KLAC,2025,0.0274,SEC XBRL quarterly revenue + USASpending.gov federal contract obligations,https://api.usaspending.gov/api/v2/search/spending_over_time/,2026-09-12,"4/4 quarters, obligations $349358739 / revenue $12744612000"
KMB,2018,0.0,SEC XBRL quarterly revenue + USASpending.gov federal contract obligations,https://api.usaspending.gov/api/v2/search/spending_over_time/,2026-09-12,"4/4 quarters, obligations $0 / revenue $18486000000"
KMB,2019,0.0,SEC XBRL quarterly revenue + USASpending.gov federal contract obligations,https://api.usaspending.gov/api/v2/search/spending_over_time/,2026-09-12,"4/4 quarters, obligations $0 / revenue $18450000000"
KMB,2020,0.0,SEC XBRL quarterly revenue + USASpending.gov federal contract obligations,https://api.usaspending.gov/api/v2/search/spending_over_time/,2026-09-12,"4/4 quarters, obligations $0 / revenue $19140000000"
KMB,2021,0.0,SEC XBRL quarterly revenue + USASpending.gov federal contract obligations,https://api.usaspending.gov/api/v2/search/spending_over_time/,2026-09-12,"4/4 quarters, obligations $0 / revenue $19440000000"
KMB,2022,0.0,SEC XBRL quarterly revenue + USASpending.gov federal contract obligations,https://api.usaspending.gov/api/v2/search/spending_over_time/,2026-09-12,"4/4 quarters, obligations $0 / revenue $20175000000"
KMB,2023,0.0,SEC XBRL quarterly revenue + USASpending.gov federal contract obligations,https://api.usaspending.gov/api/v2/search/spending_over_time/,2026-09-12,"4/4 quarters, obligations $0 / revenue $17146000000"
KMB,2024,0.0,SEC XBRL quarterly revenue + USASpending.gov federal contract obligations,https://api.usaspending.gov/api/v2/search/spending_over_time/,2026-09-12,"4/4 quarters, obligations $0 / revenue $16805000000"
KMB,2025,0.0,SEC XBRL quarterly revenue + USASpending.gov federal contract obligations,https://api.usaspending.gov/api/v2/search/spending_over_time/,2026-09-12,"4/4 quarters, obligations $0 / revenue $16447000000"
KMI,2018,0.0075,SEC XBRL quarterly revenue + USASpending.gov federal contract obligations,https://api.usaspending.gov/api/v2/search/spending_over_time/,2026-09-12,"4/4 quarters, obligations $99594229 / revenue $13318000000"
KMI,2019,0.0044,SEC XBRL quarterly revenue + USASpending.gov federal contract obligations,https://api.usaspending.gov/api/v2/search/spending_over_time/,2026-09-12,"4/4 quarters, obligations $52666946 / revenue $12080000000"
KMI,2020,0.0054,SEC XBRL quarterly revenue + USASpending.gov federal contract obligations,https://api.usaspending.gov/api/v2/search/spending_over_time/,2026-09-12,"4/4 quarters, obligations $54328297 / revenue $10097000000"
KMI,2021,0.0031,SEC XBRL quarterly revenue + USASpending.gov federal contract obligations,https://api.usaspending.gov/api/v2/search/spending_over_time/,2026-09-12,"4/4 quarters, obligations $49792336 / revenue $16154000000"
KMI,2022,0.0076,SEC XBRL quarterly revenue + USASpending.gov federal contract obligations,https://api.usaspending.gov/api/v2/search/spending_over_time/,2026-09-12,"4/4 quarters, obligations $137979195 / revenue $18128000000"
KMI,2023,0.0019,SEC XBRL quarterly revenue + USASpending.gov federal contract obligations,https://api.usaspending.gov/api/v2/search/spending_over_time/,2026-09-12,"4/4 quarters, obligations $26176296 / revenue $13647000000"
KMI,2024,0.0024,SEC XBRL quarterly revenue + USASpending.gov federal contract obligations,https://api.usaspending.gov/api/v2/search/spending_over_time/,2026-09-12,"4/4 quarters, obligations $31739000 / revenue $13483000000"
KMI,2025,0.0,SEC XBRL quarterly revenue + USASpending.gov federal contract obligations,https://api.usaspending.gov/api/v2/search/spending_over_time/,2026-09-12,"4/4 quarters, obligations $0 / revenue $15202000000"
KR,2018,0.0,SEC XBRL quarterly revenue + USASpending.gov federal contract obligations,https://api.usaspending.gov/api/v2/search/spending_over_time/,2026-09-12,"3/4 quarters, obligations $0 / revenue $86876000000"
KR,2019,0.0,SEC XBRL quarterly revenue + USASpending.gov federal contract obligations,https://api.usaspending.gov/api/v2/search/spending_over_time/,2026-09-12,"3/4 quarters, obligations $0 / revenue $84428000000"
KR,2020,0.0,SEC XBRL quarterly revenue + USASpending.gov federal contract obligations,https://api.usaspending.gov/api/v2/search/spending_over_time/,2026-09-12,"3/4 quarters, obligations $0 / revenue $89105000000"
KR,2021,0.0,SEC XBRL quarterly revenue + USASpending.gov federal contract obligations,https://api.usaspending.gov/api/v2/search/spending_over_time/,2026-09-12,"3/4 quarters, obligations $0 / revenue $94279000000"
KR,2022,0.0,SEC XBRL quarterly revenue + USASpending.gov federal contract obligations,https://api.usaspending.gov/api/v2/search/spending_over_time/,2026-09-12,"2/4 quarters, obligations $0 / revenue $68836000000"
KR,2023,0.0,SEC XBRL quarterly revenue + USASpending.gov federal contract obligations,https://api.usaspending.gov/api/v2/search/spending_over_time/,2026-09-12,"2/4 quarters, obligations $0 / revenue $67810000000"
KR,2024,0.0,SEC XBRL quarterly revenue + USASpending.gov federal contract obligations,https://api.usaspending.gov/api/v2/search/spending_over_time/,2026-09-12,"2/4 quarters, obligations $0 / revenue $67546000000"
KR,2025,0.0,SEC XBRL quarterly revenue + USASpending.gov federal contract obligations,https://api.usaspending.gov/api/v2/search/spending_over_time/,2026-09-12,"2/4 quarters, obligations $0 / revenue $67799000000"
KVUE,2022,0.0,SEC XBRL quarterly revenue + USASpending.gov federal contract obligations,https://api.usaspending.gov/api/v2/search/spending_over_time/,2026-09-12,"3/4 quarters, obligations $0 / revenue $11183000000"
KVUE,2023,0.0,SEC XBRL quarterly revenue + USASpending.gov federal contract obligations,https://api.usaspending.gov/api/v2/search/spending_over_time/,2026-09-12,"4/4 quarters, obligations $0 / revenue $15296000000"
KVUE,2024,0.0,SEC XBRL quarterly revenue + USASpending.gov federal contract obligations,https://api.usaspending.gov/api/v2/search/spending_over_time/,2026-09-12,"4/4 quarters, obligations $0 / revenue $15455000000"
KVUE,2025,0.0,SEC XBRL quarterly revenue + USASpending.gov federal contract obligations,https://api.usaspending.gov/api/v2/search/spending_over_time/,2026-09-12,"4/4 quarters, obligations $0 / revenue $15124000000"
L,2018,0.0,SEC XBRL quarterly revenue + USASpending.gov federal contract obligations,https://api.usaspending.gov/api/v2/search/spending_over_time/,2026-09-12,"4/4 quarters, obligations $19530 / revenue $14066000000"
L,2019,0.0,SEC XBRL quarterly revenue + USASpending.gov federal contract obligations,https://api.usaspending.gov/api/v2/search/spending_over_time/,2026-09-12,"4/4 quarters, obligations $9236 / revenue $14931000000"
L,2020,0.0,SEC XBRL quarterly revenue + USASpending.gov federal contract obligations,https://api.usaspending.gov/api/v2/search/spending_over_time/,2026-09-12,"4/4 quarters, obligations $9205 / revenue $5854000000"
L,2021,0.0,SEC XBRL quarterly revenue + USASpending.gov federal contract obligations,https://api.usaspending.gov/api/v2/search/spending_over_time/,2026-09-12,"4/4 quarters, obligations $0 / revenue $2005000000"
L,2022,0.0,SEC XBRL quarterly revenue + USASpending.gov federal contract obligations,https://api.usaspending.gov/api/v2/search/spending_over_time/,2026-09-12,"4/4 quarters, obligations $0 / revenue $2087000000"
L,2023,0.0,SEC XBRL quarterly revenue + USASpending.gov federal contract obligations,https://api.usaspending.gov/api/v2/search/spending_over_time/,2026-09-12,"4/4 quarters, obligations $101376 / revenue $2360000000"
L,2024,0.0,SEC XBRL quarterly revenue + USASpending.gov federal contract obligations,https://api.usaspending.gov/api/v2/search/spending_over_time/,2026-09-12,"4/4 quarters, obligations $0 / revenue $2893000000"
L,2025,0.0,SEC XBRL quarterly revenue + USASpending.gov federal contract obligations,https://api.usaspending.gov/api/v2/search/spending_over_time/,2026-09-12,"4/4 quarters, obligations $0 / revenue $3174000000"
LDOS,2018,0.0,SEC XBRL quarterly revenue + USASpending.gov federal contract obligations,https://api.usaspending.gov/api/v2/search/spending_over_time/,2026-09-12,"4/4 quarters, obligations $0 / revenue $10194000000"
LDOS,2019,0.0,SEC XBRL quarterly revenue + USASpending.gov federal contract obligations,https://api.usaspending.gov/api/v2/search/spending_over_time/,2026-09-12,"3/4 quarters, obligations $0 / revenue $8052000000"
LDOS,2020,0.1005,SEC XBRL quarterly revenue + USASpending.gov federal contract obligations,https://api.usaspending.gov/api/v2/search/spending_over_time/,2026-09-12,"4/4 quarters, obligations $1195362377 / revenue $11898000000"
LDOS,2021,0.6695,SEC XBRL quarterly revenue + USASpending.gov federal contract obligations,https://api.usaspending.gov/api/v2/search/spending_over_time/,2026-09-12,"4/4 quarters, obligations $8965817062 / revenue $13391000000"
LDOS,2022,0.6563,SEC XBRL quarterly revenue + USASpending.gov federal contract obligations,https://api.usaspending.gov/api/v2/search/spending_over_time/,2026-09-12,"3/4 quarters, obligations $7035076205 / revenue $10720000000"
LDOS,2023,0.6306,SEC XBRL quarterly revenue + USASpending.gov federal contract obligations,https://api.usaspending.gov/api/v2/search/spending_over_time/,2026-09-12,"4/4 quarters, obligations $9672516291 / revenue $15339000000"
LDOS,2024,0.693,SEC XBRL quarterly revenue + USASpending.gov federal contract obligations,https://api.usaspending.gov/api/v2/search/spending_over_time/,2026-09-12,"3/4 quarters, obligations $8472746416 / revenue $12227000000"
LDOS,2025,0.5031,SEC XBRL quarterly revenue + USASpending.gov federal contract obligations,https://api.usaspending.gov/api/v2/search/spending_over_time/,2026-09-12,"4/4 quarters, obligations $8682663472 / revenue $17259000000"
LEN,2018,0.0,SEC XBRL quarterly revenue + USASpending.gov federal contract obligations,https://api.usaspending.gov/api/v2/search/spending_over_time/,2026-09-12,"4/4 quarters, obligations $0 / revenue $20571631000"
LEN,2019,0.0,SEC XBRL quarterly revenue + USASpending.gov federal contract obligations,https://api.usaspending.gov/api/v2/search/spending_over_time/,2026-09-12,"4/4 quarters, obligations $0 / revenue $22259561000"
LEN,2020,0.0,SEC XBRL quarterly revenue + USASpending.gov federal contract obligations,https://api.usaspending.gov/api/v2/search/spending_over_time/,2026-09-12,"4/4 quarters, obligations $0 / revenue $22488854000"
LEN,2021,0.0,SEC XBRL quarterly revenue + USASpending.gov federal contract obligations,https://api.usaspending.gov/api/v2/search/spending_over_time/,2026-09-12,"4/4 quarters, obligations $0 / revenue $27130676000"
LEN,2022,0.0,SEC XBRL quarterly revenue + USASpending.gov federal contract obligations,https://api.usaspending.gov/api/v2/search/spending_over_time/,2026-09-12,"4/4 quarters, obligations $0 / revenue $33671010000"
LEN,2023,0.0,SEC XBRL quarterly revenue + USASpending.gov federal contract obligations,https://api.usaspending.gov/api/v2/search/spending_over_time/,2026-09-12,"4/4 quarters, obligations $0 / revenue $34233366000"
LEN,2024,0.0,SEC XBRL quarterly revenue + USASpending.gov federal contract obligations,https://api.usaspending.gov/api/v2/search/spending_over_time/,2026-09-12,"4/4 quarters, obligations $0 / revenue $35441452000"
LEN,2025,0.0,SEC XBRL quarterly revenue + USASpending.gov federal contract obligations,https://api.usaspending.gov/api/v2/search/spending_over_time/,2026-09-12,"4/4 quarters, obligations $0 / revenue $34186934000"
LH,2018,0.0,SEC XBRL quarterly revenue + USASpending.gov federal contract obligations,https://api.usaspending.gov/api/v2/search/spending_over_time/,2026-09-12,"4/4 quarters, obligations $380681 / revenue $11333400000"
LH,2019,0.0001,SEC XBRL quarterly revenue + USASpending.gov federal contract obligations,https://api.usaspending.gov/api/v2/search/spending_over_time/,2026-09-12,"4/4 quarters, obligations $1555924 / revenue $11554800000"
LH,2020,0.0,SEC XBRL quarterly revenue + USASpending.gov federal contract obligations,https://api.usaspending.gov/api/v2/search/spending_over_time/,2026-09-12,"4/4 quarters, obligations $-312450 / revenue $13978500000"
LH,2021,0.0,SEC XBRL quarterly revenue + USASpending.gov federal contract obligations,https://api.usaspending.gov/api/v2/search/spending_over_time/,2026-09-12,"4/4 quarters, obligations $7498 / revenue $13136100000"
LH,2022,0.0,SEC XBRL quarterly revenue + USASpending.gov federal contract obligations,https://api.usaspending.gov/api/v2/search/spending_over_time/,2026-09-12,"4/4 quarters, obligations $-166030 / revenue $11863900000"
LH,2023,0.0003,SEC XBRL quarterly revenue + USASpending.gov federal contract obligations,https://api.usaspending.gov/api/v2/search/spending_over_time/,2026-09-12,"4/4 quarters, obligations $3805127 / revenue $12161600000"
LH,2024,0.0002,SEC XBRL quarterly revenue + USASpending.gov federal contract obligations,https://api.usaspending.gov/api/v2/search/spending_over_time/,2026-09-12,"4/4 quarters, obligations $2715620 / revenue $13008900000"
LH,2025,0.0001,SEC XBRL quarterly revenue + USASpending.gov federal contract obligations,https://api.usaspending.gov/api/v2/search/spending_over_time/,2026-09-12,"4/4 quarters, obligations $1851506 / revenue $13951700000"
LHX,2018,0.0,SEC XBRL quarterly revenue + USASpending.gov federal contract obligations,https://api.usaspending.gov/api/v2/search/spending_over_time/,2026-09-12,"4/4 quarters, obligations $0 / revenue $6431000000"
LHX,2019,0.0,SEC XBRL quarterly revenue + USASpending.gov federal contract obligations,https://api.usaspending.gov/api/v2/search/spending_over_time/,2026-09-12,"3/4 quarters, obligations $0 / revenue $8024000000"
LHX,2020,0.0822,SEC XBRL quarterly revenue + USASpending.gov federal contract obligations,https://api.usaspending.gov/api/v2/search/spending_over_time/,2026-09-12,"4/4 quarters, obligations $1508822435 / revenue $18366000000"
LHX,2021,0.3526,SEC XBRL quarterly revenue + USASpending.gov federal contract obligations,https://api.usaspending.gov/api/v2/search/spending_over_time/,2026-09-12,"4/4 quarters, obligations $6432771834 / revenue $18245000000"
LHX,2022,0.4256,SEC XBRL quarterly revenue + USASpending.gov federal contract obligations,https://api.usaspending.gov/api/v2/search/spending_over_time/,2026-09-12,"3/4 quarters, obligations $5502107994 / revenue $12927000000"
LHX,2023,0.429,SEC XBRL quarterly revenue + USASpending.gov federal contract obligations,https://api.usaspending.gov/api/v2/search/spending_over_time/,2026-09-12,"4/4 quarters, obligations $8330632986 / revenue $19419000000"
LHX,2024,0.4323,SEC XBRL quarterly revenue + USASpending.gov federal contract obligations,https://api.usaspending.gov/api/v2/search/spending_over_time/,2026-09-12,"3/4 quarters, obligations $6831784281 / revenue $15802000000"
LHX,2025,0.2355,SEC XBRL quarterly revenue + USASpending.gov federal contract obligations,https://api.usaspending.gov/api/v2/search/spending_over_time/,2026-09-12,"3/4 quarters, obligations $3819271285 / revenue $16217000000"
LII,2018,0.0,SEC XBRL quarterly revenue + USASpending.gov federal contract obligations,https://api.usaspending.gov/api/v2/search/spending_over_time/,2026-09-12,"2/4 quarters, obligations $0 / revenue $2010200000"
LIN,2018,0.0078,SEC XBRL quarterly revenue + USASpending.gov federal contract obligations,https://api.usaspending.gov/api/v2/search/spending_over_time/,2026-09-12,"4/4 quarters, obligations $115944219 / revenue $14836000000"
LIN,2019,0.0016,SEC XBRL quarterly revenue + USASpending.gov federal contract obligations,https://api.usaspending.gov/api/v2/search/spending_over_time/,2026-09-12,"4/4 quarters, obligations $44191582 / revenue $28228000000"
LIN,2020,0.0031,SEC XBRL quarterly revenue + USASpending.gov federal contract obligations,https://api.usaspending.gov/api/v2/search/spending_over_time/,2026-09-12,"4/4 quarters, obligations $83426193 / revenue $27243000000"
LIN,2021,0.0018,SEC XBRL quarterly revenue + USASpending.gov federal contract obligations,https://api.usaspending.gov/api/v2/search/spending_over_time/,2026-09-12,"4/4 quarters, obligations $55809091 / revenue $30793000000"
LIN,2022,0.003,SEC XBRL quarterly revenue + USASpending.gov federal contract obligations,https://api.usaspending.gov/api/v2/search/spending_over_time/,2026-09-12,"4/4 quarters, obligations $98970556 / revenue $33364000000"
LIN,2023,0.0023,SEC XBRL quarterly revenue + USASpending.gov federal contract obligations,https://api.usaspending.gov/api/v2/search/spending_over_time/,2026-09-12,"4/4 quarters, obligations $76724167 / revenue $32854000000"
LIN,2024,0.0026,SEC XBRL quarterly revenue + USASpending.gov federal contract obligations,https://api.usaspending.gov/api/v2/search/spending_over_time/,2026-09-12,"4/4 quarters, obligations $84306104 / revenue $33005000000"
LIN,2025,0.001,SEC XBRL quarterly revenue + USASpending.gov federal contract obligations,https://api.usaspending.gov/api/v2/search/spending_over_time/,2026-09-12,"4/4 quarters, obligations $35220064 / revenue $33986000000"
LITE,2018,0.0,SEC XBRL quarterly revenue + USASpending.gov federal contract obligations,https://api.usaspending.gov/api/v2/search/spending_over_time/,2026-09-12,"4/4 quarters, obligations $0 / revenue $1327700000"
LITE,2019,0.0003,SEC XBRL quarterly revenue + USASpending.gov federal contract obligations,https://api.usaspending.gov/api/v2/search/spending_over_time/,2026-09-12,"4/4 quarters, obligations $499950 / revenue $1745200000"
LITE,2020,0.0002,SEC XBRL quarterly revenue + USASpending.gov federal contract obligations,https://api.usaspending.gov/api/v2/search/spending_over_time/,2026-09-12,"4/4 quarters, obligations $367903 / revenue $1702100000"
LITE,2021,0.0,SEC XBRL quarterly revenue + USASpending.gov federal contract obligations,https://api.usaspending.gov/api/v2/search/spending_over_time/,2026-09-12,"3/4 quarters, obligations $0 / revenue $1260000000"
LITE,2022,0.0012,SEC XBRL quarterly revenue + USASpending.gov federal contract obligations,https://api.usaspending.gov/api/v2/search/spending_over_time/,2026-09-12,"4/4 quarters, obligations $2066258 / revenue $1770200000"
LITE,2023,0.0,SEC XBRL quarterly revenue + USASpending.gov federal contract obligations,https://api.usaspending.gov/api/v2/search/spending_over_time/,2026-09-12,"3/4 quarters, obligations $0 / revenue $1121000000"
LITE,2024,0.0,SEC XBRL quarterly revenue + USASpending.gov federal contract obligations,https://api.usaspending.gov/api/v2/search/spending_over_time/,2026-09-12,"4/4 quarters, obligations $30744 / revenue $1413900000"
LITE,2025,0.0,SEC XBRL quarterly revenue + USASpending.gov federal contract obligations,https://api.usaspending.gov/api/v2/search/spending_over_time/,2026-09-12,"4/4 quarters, obligations $0 / revenue $2105200000"
LLY,2018,0.0,SEC XBRL quarterly revenue + USASpending.gov federal contract obligations,https://api.usaspending.gov/api/v2/search/spending_over_time/,2026-09-12,"4/4 quarters, obligations $0 / revenue $21493300000"
LLY,2019,0.0,SEC XBRL quarterly revenue + USASpending.gov federal contract obligations,https://api.usaspending.gov/api/v2/search/spending_over_time/,2026-09-12,"4/4 quarters, obligations $0 / revenue $22319500000"
LLY,2020,0.0,SEC XBRL quarterly revenue + USASpending.gov federal contract obligations,https://api.usaspending.gov/api/v2/search/spending_over_time/,2026-09-12,"4/4 quarters, obligations $0 / revenue $24539800000"
LLY,2021,0.0,SEC XBRL quarterly revenue + USASpending.gov federal contract obligations,https://api.usaspending.gov/api/v2/search/spending_over_time/,2026-09-12,"4/4 quarters, obligations $0 / revenue $28318400000"
LLY,2022,0.0,SEC XBRL quarterly revenue + USASpending.gov federal contract obligations,https://api.usaspending.gov/api/v2/search/spending_over_time/,2026-09-12,"4/4 quarters, obligations $0 / revenue $28541400000"
LLY,2023,0.0,SEC XBRL quarterly revenue + USASpending.gov federal contract obligations,https://api.usaspending.gov/api/v2/search/spending_over_time/,2026-09-12,"4/4 quarters, obligations $0 / revenue $34124000000"
LLY,2024,0.0,SEC XBRL quarterly revenue + USASpending.gov federal contract obligations,https://api.usaspending.gov/api/v2/search/spending_over_time/,2026-09-12,"4/4 quarters, obligations $0 / revenue $45043000000"
LLY,2025,0.0,SEC XBRL quarterly revenue + USASpending.gov federal contract obligations,https://api.usaspending.gov/api/v2/search/spending_over_time/,2026-09-12,"4/4 quarters, obligations $0 / revenue $65179000000"
LMT,2018,0.0,SEC XBRL quarterly revenue + USASpending.gov federal contract obligations,https://api.usaspending.gov/api/v2/search/spending_over_time/,2026-09-12,"4/4 quarters, obligations $0 / revenue $53762000000"
LMT,2019,0.0,SEC XBRL quarterly revenue + USASpending.gov federal contract obligations,https://api.usaspending.gov/api/v2/search/spending_over_time/,2026-09-12,"4/4 quarters, obligations $0 / revenue $59812000000"
LMT,2020,0.1522,SEC XBRL quarterly revenue + USASpending.gov federal contract obligations,https://api.usaspending.gov/api/v2/search/spending_over_time/,2026-09-12,"4/4 quarters, obligations $9952166891 / revenue $65398000000"
LMT,2021,0.6227,SEC XBRL quarterly revenue + USASpending.gov federal contract obligations,https://api.usaspending.gov/api/v2/search/spending_over_time/,2026-09-12,"4/4 quarters, obligations $41751503667 / revenue $67044000000"
LMT,2022,0.9041,SEC XBRL quarterly revenue + USASpending.gov federal contract obligations,https://api.usaspending.gov/api/v2/search/spending_over_time/,2026-09-12,"4/4 quarters, obligations $59657953272 / revenue $65984000000"
LMT,2023,0.8986,SEC XBRL quarterly revenue + USASpending.gov federal contract obligations,https://api.usaspending.gov/api/v2/search/spending_over_time/,2026-09-12,"4/4 quarters, obligations $60720880227 / revenue $67571000000"
LMT,2024,0.81,SEC XBRL quarterly revenue + USASpending.gov federal contract obligations,https://api.usaspending.gov/api/v2/search/spending_over_time/,2026-09-12,"4/4 quarters, obligations $57545441211 / revenue $71043000000"
LMT,2025,0.7785,SEC XBRL quarterly revenue + USASpending.gov federal contract obligations,https://api.usaspending.gov/api/v2/search/spending_over_time/,2026-09-12,"4/4 quarters, obligations $58424907659 / revenue $75048000000"
LNT,2018,0.0,SEC XBRL quarterly revenue + USASpending.gov federal contract obligations,https://api.usaspending.gov/api/v2/search/spending_over_time/,2026-09-12,"4/4 quarters, obligations $136278 / revenue $3534500000"
LNT,2019,0.0003,SEC XBRL quarterly revenue + USASpending.gov federal contract obligations,https://api.usaspending.gov/api/v2/search/spending_over_time/,2026-09-12,"4/4 quarters, obligations $1044611 / revenue $3647500000"
LNT,2020,0.0,SEC XBRL quarterly revenue + USASpending.gov federal contract obligations,https://api.usaspending.gov/api/v2/search/spending_over_time/,2026-09-12,"4/4 quarters, obligations $136838 / revenue $3416000000"
LNT,2021,0.0001,SEC XBRL quarterly revenue + USASpending.gov federal contract obligations,https://api.usaspending.gov/api/v2/search/spending_over_time/,2026-09-12,"4/4 quarters, obligations $206764 / revenue $3669000000"
LNT,2022,0.0,SEC XBRL quarterly revenue + USASpending.gov federal contract obligations,https://api.usaspending.gov/api/v2/search/spending_over_time/,2026-09-12,"4/4 quarters, obligations $164531 / revenue $4205000000"
LNT,2023,0.0,SEC XBRL quarterly revenue + USASpending.gov federal contract obligations,https://api.usaspending.gov/api/v2/search/spending_over_time/,2026-09-12,"4/4 quarters, obligations $35000 / revenue $4027000000"
LNT,2024,0.0,SEC XBRL quarterly revenue + USASpending.gov federal contract obligations,https://api.usaspending.gov/api/v2/search/spending_over_time/,2026-09-12,"4/4 quarters, obligations $0 / revenue $3981000000"
LNT,2025,0.0,SEC XBRL quarterly revenue + USASpending.gov federal contract obligations,https://api.usaspending.gov/api/v2/search/spending_over_time/,2026-09-12,"4/4 quarters, obligations $0 / revenue $4362000000"
LOW,2018,0.0,SEC XBRL quarterly revenue + USASpending.gov federal contract obligations,https://api.usaspending.gov/api/v2/search/spending_over_time/,2026-09-12,"4/4 quarters, obligations $0 / revenue $71157000000"
LOW,2019,0.0,SEC XBRL quarterly revenue + USASpending.gov federal contract obligations,https://api.usaspending.gov/api/v2/search/spending_over_time/,2026-09-12,"4/4 quarters, obligations $0 / revenue $71767000000"
LOW,2020,0.0,SEC XBRL quarterly revenue + USASpending.gov federal contract obligations,https://api.usaspending.gov/api/v2/search/spending_over_time/,2026-09-12,"4/4 quarters, obligations $0 / revenue $85313000000"
LOW,2021,0.0,SEC XBRL quarterly revenue + USASpending.gov federal contract obligations,https://api.usaspending.gov/api/v2/search/spending_over_time/,2026-09-12,"4/4 quarters, obligations $0 / revenue $95221000000"
LOW,2022,0.0,SEC XBRL quarterly revenue + USASpending.gov federal contract obligations,https://api.usaspending.gov/api/v2/search/spending_over_time/,2026-09-12,"4/4 quarters, obligations $0 / revenue $95954000000"
LOW,2023,0.0,SEC XBRL quarterly revenue + USASpending.gov federal contract obligations,https://api.usaspending.gov/api/v2/search/spending_over_time/,2026-09-12,"4/4 quarters, obligations $0 / revenue $90219000000"
LOW,2024,0.0,SEC XBRL quarterly revenue + USASpending.gov federal contract obligations,https://api.usaspending.gov/api/v2/search/spending_over_time/,2026-09-12,"4/4 quarters, obligations $0 / revenue $83723000000"
LOW,2025,0.0,SEC XBRL quarterly revenue + USASpending.gov federal contract obligations,https://api.usaspending.gov/api/v2/search/spending_over_time/,2026-09-12,"4/4 quarters, obligations $0 / revenue $84256000000"
LRCX,2018,0.0,SEC XBRL quarterly revenue + USASpending.gov federal contract obligations,https://api.usaspending.gov/api/v2/search/spending_over_time/,2026-09-12,"4/4 quarters, obligations $0 / revenue $10871407000"
LRCX,2019,0.0,SEC XBRL quarterly revenue + USASpending.gov federal contract obligations,https://api.usaspending.gov/api/v2/search/spending_over_time/,2026-09-12,"4/4 quarters, obligations $0 / revenue $9549442000"
LRCX,2020,0.0,SEC XBRL quarterly revenue + USASpending.gov federal contract obligations,https://api.usaspending.gov/api/v2/search/spending_over_time/,2026-09-12,"4/4 quarters, obligations $0 / revenue $11928806000"
LRCX,2021,0.0,SEC XBRL quarterly revenue + USASpending.gov federal contract obligations,https://api.usaspending.gov/api/v2/search/spending_over_time/,2026-09-12,"4/4 quarters, obligations $0 / revenue $16523902000"
LRCX,2022,0.0,SEC XBRL quarterly revenue + USASpending.gov federal contract obligations,https://api.usaspending.gov/api/v2/search/spending_over_time/,2026-09-12,"4/4 quarters, obligations $0 / revenue $19047660000"
LRCX,2023,0.0,SEC XBRL quarterly revenue + USASpending.gov federal contract obligations,https://api.usaspending.gov/api/v2/search/spending_over_time/,2026-09-12,"4/4 quarters, obligations $0 / revenue $14317147000"
LRCX,2024,0.0,SEC XBRL quarterly revenue + USASpending.gov federal contract obligations,https://api.usaspending.gov/api/v2/search/spending_over_time/,2026-09-12,"4/4 quarters, obligations $0 / revenue $16209088000"
LRCX,2025,0.0,SEC XBRL quarterly revenue + USASpending.gov federal contract obligations,https://api.usaspending.gov/api/v2/search/spending_over_time/,2026-09-12,"4/4 quarters, obligations $0 / revenue $20560532000"
LULU,2018,0.0,SEC XBRL quarterly revenue + USASpending.gov federal contract obligations,https://api.usaspending.gov/api/v2/search/spending_over_time/,2026-09-12,"4/4 quarters, obligations $0 / revenue $3049663000"
LULU,2019,0.0,SEC XBRL quarterly revenue + USASpending.gov federal contract obligations,https://api.usaspending.gov/api/v2/search/spending_over_time/,2026-09-12,"4/4 quarters, obligations $0 / revenue $3749263000"
LULU,2020,0.0,SEC XBRL quarterly revenue + USASpending.gov federal contract obligations,https://api.usaspending.gov/api/v2/search/spending_over_time/,2026-09-12,"4/4 quarters, obligations $0 / revenue $4069821000"
LULU,2021,0.0,SEC XBRL quarterly revenue + USASpending.gov federal contract obligations,https://api.usaspending.gov/api/v2/search/spending_over_time/,2026-09-12,"4/4 quarters, obligations $0 / revenue $5857053000"
LULU,2022,0.0,SEC XBRL quarterly revenue + USASpending.gov federal contract obligations,https://api.usaspending.gov/api/v2/search/spending_over_time/,2026-09-12,"4/4 quarters, obligations $0 / revenue $7467793000"
LULU,2023,0.0,SEC XBRL quarterly revenue + USASpending.gov federal contract obligations,https://api.usaspending.gov/api/v2/search/spending_over_time/,2026-09-12,"4/4 quarters, obligations $0 / revenue $9186013000"
LULU,2024,0.0,SEC XBRL quarterly revenue + USASpending.gov federal contract obligations,https://api.usaspending.gov/api/v2/search/spending_over_time/,2026-09-12,"4/4 quarters, obligations $0 / revenue $10181732000"
LULU,2025,0.0,SEC XBRL quarterly revenue + USASpending.gov federal contract obligations,https://api.usaspending.gov/api/v2/search/spending_over_time/,2026-09-12,"4/4 quarters, obligations $0 / revenue $11073296000"
LUV,2018,0.0009,SEC XBRL quarterly revenue + USASpending.gov federal contract obligations,https://api.usaspending.gov/api/v2/search/spending_over_time/,2026-09-12,"4/4 quarters, obligations $19088201 / revenue $21965000000"
LUV,2019,0.0001,SEC XBRL quarterly revenue + USASpending.gov federal contract obligations,https://api.usaspending.gov/api/v2/search/spending_over_time/,2026-09-12,"4/4 quarters, obligations $2970504 / revenue $22426000000"
LUV,2020,0.0019,SEC XBRL quarterly revenue + USASpending.gov federal contract obligations,https://api.usaspending.gov/api/v2/search/spending_over_time/,2026-09-12,"4/4 quarters, obligations $17398097 / revenue $9048000000"
LUV,2021,0.0016,SEC XBRL quarterly revenue + USASpending.gov federal contract obligations,https://api.usaspending.gov/api/v2/search/spending_over_time/,2026-09-12,"4/4 quarters, obligations $25391311 / revenue $15790000000"
LUV,2022,0.0004,SEC XBRL quarterly revenue + USASpending.gov federal contract obligations,https://api.usaspending.gov/api/v2/search/spending_over_time/,2026-09-12,"4/4 quarters, obligations $9079149 / revenue $23814000000"
LUV,2023,0.0003,SEC XBRL quarterly revenue + USASpending.gov federal contract obligations,https://api.usaspending.gov/api/v2/search/spending_over_time/,2026-09-12,"4/4 quarters, obligations $7673773 / revenue $26091000000"
LUV,2024,0.0,SEC XBRL quarterly revenue + USASpending.gov federal contract obligations,https://api.usaspending.gov/api/v2/search/spending_over_time/,2026-09-12,"4/4 quarters, obligations $1204500 / revenue $27483000000"
LUV,2025,0.0,SEC XBRL quarterly revenue + USASpending.gov federal contract obligations,https://api.usaspending.gov/api/v2/search/spending_over_time/,2026-09-12,"4/4 quarters, obligations $341319 / revenue $28063000000"
LVS,2018,0.0,SEC XBRL quarterly revenue + USASpending.gov federal contract obligations,https://api.usaspending.gov/api/v2/search/spending_over_time/,2026-09-12,"4/4 quarters, obligations $20835 / revenue $13729000000"
LVS,2019,0.0,SEC XBRL quarterly revenue + USASpending.gov federal contract obligations,https://api.usaspending.gov/api/v2/search/spending_over_time/,2026-09-12,"4/4 quarters, obligations $0 / revenue $13739000000"
LVS,2020,0.0,SEC XBRL quarterly revenue + USASpending.gov federal contract obligations,https://api.usaspending.gov/api/v2/search/spending_over_time/,2026-09-12,"4/4 quarters, obligations $0 / revenue $2940000000"
LVS,2021,0.0,SEC XBRL quarterly revenue + USASpending.gov federal contract obligations,https://api.usaspending.gov/api/v2/search/spending_over_time/,2026-09-12,"4/4 quarters, obligations $0 / revenue $4234000000"
LVS,2022,0.0,SEC XBRL quarterly revenue + USASpending.gov federal contract obligations,https://api.usaspending.gov/api/v2/search/spending_over_time/,2026-09-12,"4/4 quarters, obligations $0 / revenue $4110000000"
LVS,2023,0.0,SEC XBRL quarterly revenue + USASpending.gov federal contract obligations,https://api.usaspending.gov/api/v2/search/spending_over_time/,2026-09-12,"4/4 quarters, obligations $0 / revenue $10372000000"
LVS,2024,0.0,SEC XBRL quarterly revenue + USASpending.gov federal contract obligations,https://api.usaspending.gov/api/v2/search/spending_over_time/,2026-09-12,"4/4 quarters, obligations $0 / revenue $11298000000"
LVS,2025,0.0,SEC XBRL quarterly revenue + USASpending.gov federal contract obligations,https://api.usaspending.gov/api/v2/search/spending_over_time/,2026-09-12,"4/4 quarters, obligations $0 / revenue $13017000000"
LYB,2018,0.0,SEC XBRL quarterly revenue + USASpending.gov federal contract obligations,https://api.usaspending.gov/api/v2/search/spending_over_time/,2026-09-12,"4/4 quarters, obligations $0 / revenue $39004000000"
LYB,2019,0.0,SEC XBRL quarterly revenue + USASpending.gov federal contract obligations,https://api.usaspending.gov/api/v2/search/spending_over_time/,2026-09-12,"4/4 quarters, obligations $0 / revenue $34727000000"
LYB,2020,0.0,SEC XBRL quarterly revenue + USASpending.gov federal contract obligations,https://api.usaspending.gov/api/v2/search/spending_over_time/,2026-09-12,"4/4 quarters, obligations $0 / revenue $27198000000"
LYB,2021,0.0,SEC XBRL quarterly revenue + USASpending.gov federal contract obligations,https://api.usaspending.gov/api/v2/search/spending_over_time/,2026-09-12,"4/4 quarters, obligations $0 / revenue $46173000000"
LYB,2022,0.0,SEC XBRL quarterly revenue + USASpending.gov federal contract obligations,https://api.usaspending.gov/api/v2/search/spending_over_time/,2026-09-12,"4/4 quarters, obligations $-29 / revenue $50451000000"
LYB,2023,0.0,SEC XBRL quarterly revenue + USASpending.gov federal contract obligations,https://api.usaspending.gov/api/v2/search/spending_over_time/,2026-09-12,"4/4 quarters, obligations $0 / revenue $33336000000"
LYB,2024,0.0,SEC XBRL quarterly revenue + USASpending.gov federal contract obligations,https://api.usaspending.gov/api/v2/search/spending_over_time/,2026-09-12,"4/4 quarters, obligations $0 / revenue $33394000000"
LYB,2025,0.0,SEC XBRL quarterly revenue + USASpending.gov federal contract obligations,https://api.usaspending.gov/api/v2/search/spending_over_time/,2026-09-12,"4/4 quarters, obligations $0 / revenue $30153000000"
LYV,2018,0.0,SEC XBRL quarterly revenue + USASpending.gov federal contract obligations,https://api.usaspending.gov/api/v2/search/spending_over_time/,2026-09-12,"4/4 quarters, obligations $9489 / revenue $10787800000"
LYV,2019,0.0,SEC XBRL quarterly revenue + USASpending.gov federal contract obligations,https://api.usaspending.gov/api/v2/search/spending_over_time/,2026-09-12,"4/4 quarters, obligations $101977 / revenue $11547969000"
LYV,2020,0.0,SEC XBRL quarterly revenue + USASpending.gov federal contract obligations,https://api.usaspending.gov/api/v2/search/spending_over_time/,2026-09-12,"4/4 quarters, obligations $-3350 / revenue $1861178000"
LYV,2021,0.0,SEC XBRL quarterly revenue + USASpending.gov federal contract obligations,https://api.usaspending.gov/api/v2/search/spending_over_time/,2026-09-12,"4/4 quarters, obligations $0 / revenue $6268447000"
LYV,2022,0.0,SEC XBRL quarterly revenue + USASpending.gov federal contract obligations,https://api.usaspending.gov/api/v2/search/spending_over_time/,2026-09-12,"4/4 quarters, obligations $0 / revenue $16681254000"
LYV,2023,0.0,SEC XBRL quarterly revenue + USASpending.gov federal contract obligations,https://api.usaspending.gov/api/v2/search/spending_over_time/,2026-09-12,"4/4 quarters, obligations $0 / revenue $22726317000"
LYV,2024,0.0,SEC XBRL quarterly revenue + USASpending.gov federal contract obligations,https://api.usaspending.gov/api/v2/search/spending_over_time/,2026-09-12,"4/4 quarters, obligations $0 / revenue $23155625000"
LYV,2025,0.0,SEC XBRL quarterly revenue + USASpending.gov federal contract obligations,https://api.usaspending.gov/api/v2/search/spending_over_time/,2026-09-12,"4/4 quarters, obligations $0 / revenue $25201406000"
MA,2018,0.0,SEC XBRL quarterly revenue + USASpending.gov federal contract obligations,https://api.usaspending.gov/api/v2/search/spending_over_time/,2026-09-12,"4/4 quarters, obligations $0 / revenue $14950000000"
MA,2019,0.0,SEC XBRL quarterly revenue + USASpending.gov federal contract obligations,https://api.usaspending.gov/api/v2/search/spending_over_time/,2026-09-12,"4/4 quarters, obligations $0 / revenue $22672000000"
MA,2020,0.0,SEC XBRL quarterly revenue + USASpending.gov federal contract obligations,https://api.usaspending.gov/api/v2/search/spending_over_time/,2026-09-12,"4/4 quarters, obligations $0 / revenue $15301000000"
MA,2021,0.0,SEC XBRL quarterly revenue + USASpending.gov federal contract obligations,https://api.usaspending.gov/api/v2/search/spending_over_time/,2026-09-12,"4/4 quarters, obligations $0 / revenue $18884000000"
MA,2022,0.0001,SEC XBRL quarterly revenue + USASpending.gov federal contract obligations,https://api.usaspending.gov/api/v2/search/spending_over_time/,2026-09-12,"4/4 quarters, obligations $1768943 / revenue $22237000000"
MA,2023,0.0001,SEC XBRL quarterly revenue + USASpending.gov federal contract obligations,https://api.usaspending.gov/api/v2/search/spending_over_time/,2026-09-12,"4/4 quarters, obligations $2148024 / revenue $25098000000"
MA,2024,0.0,SEC XBRL quarterly revenue + USASpending.gov federal contract obligations,https://api.usaspending.gov/api/v2/search/spending_over_time/,2026-09-12,"4/4 quarters, obligations $0 / revenue $28167000000"
MA,2025,0.0,SEC XBRL quarterly revenue + USASpending.gov federal contract obligations,https://api.usaspending.gov/api/v2/search/spending_over_time/,2026-09-12,"4/4 quarters, obligations $0 / revenue $32791000000"
MAA,2018,0.0,SEC XBRL quarterly revenue + USASpending.gov federal contract obligations,https://api.usaspending.gov/api/v2/search/spending_over_time/,2026-09-12,"2/4 quarters, obligations $0 / revenue $787181000"
MAA,2019,0.0,SEC XBRL quarterly revenue + USASpending.gov federal contract obligations,https://api.usaspending.gov/api/v2/search/spending_over_time/,2026-09-12,"4/4 quarters, obligations $0 / revenue $1641017000"
MAA,2020,0.0,SEC XBRL quarterly revenue + USASpending.gov federal contract obligations,https://api.usaspending.gov/api/v2/search/spending_over_time/,2026-09-12,"4/4 quarters, obligations $0 / revenue $1677984000"
MAA,2021,0.0,SEC XBRL quarterly revenue + USASpending.gov federal contract obligations,https://api.usaspending.gov/api/v2/search/spending_over_time/,2026-09-12,"4/4 quarters, obligations $0 / revenue $1778082000"
MAA,2022,0.0,SEC XBRL quarterly revenue + USASpending.gov federal contract obligations,https://api.usaspending.gov/api/v2/search/spending_over_time/,2026-09-12,"4/4 quarters, obligations $0 / revenue $2019866000"
MAA,2023,0.0,SEC XBRL quarterly revenue + USASpending.gov federal contract obligations,https://api.usaspending.gov/api/v2/search/spending_over_time/,2026-09-12,"4/4 quarters, obligations $0 / revenue $2148468000"
MAA,2024,0.0,SEC XBRL quarterly revenue + USASpending.gov federal contract obligations,https://api.usaspending.gov/api/v2/search/spending_over_time/,2026-09-12,"4/4 quarters, obligations $0 / revenue $2191015000"
MAA,2025,0.0,SEC XBRL quarterly revenue + USASpending.gov federal contract obligations,https://api.usaspending.gov/api/v2/search/spending_over_time/,2026-09-12,"4/4 quarters, obligations $0 / revenue $2209126000"
MAR,2018,0.0004,SEC XBRL quarterly revenue + USASpending.gov federal contract obligations,https://api.usaspending.gov/api/v2/search/spending_over_time/,2026-09-12,"4/4 quarters, obligations $8792997 / revenue $20758000000"
MAR,2019,0.0004,SEC XBRL quarterly revenue + USASpending.gov federal contract obligations,https://api.usaspending.gov/api/v2/search/spending_over_time/,2026-09-12,"4/4 quarters, obligations $9258442 / revenue $20972000000"
MAR,2020,0.0001,SEC XBRL quarterly revenue + USASpending.gov federal contract obligations,https://api.usaspending.gov/api/v2/search/spending_over_time/,2026-09-12,"4/4 quarters, obligations $1342754 / revenue $10571000000"
MAR,2021,0.0007,SEC XBRL quarterly revenue + USASpending.gov federal contract obligations,https://api.usaspending.gov/api/v2/search/spending_over_time/,2026-09-12,"4/4 quarters, obligations $9674285 / revenue $13857000000"
MAR,2022,0.0002,SEC XBRL quarterly revenue + USASpending.gov federal contract obligations,https://api.usaspending.gov/api/v2/search/spending_over_time/,2026-09-12,"4/4 quarters, obligations $3576712 / revenue $20773000000"
MAR,2023,0.0002,SEC XBRL quarterly revenue + USASpending.gov federal contract obligations,https://api.usaspending.gov/api/v2/search/spending_over_time/,2026-09-12,"4/4 quarters, obligations $5079686 / revenue $23713000000"
MAR,2024,0.0002,SEC XBRL quarterly revenue + USASpending.gov federal contract obligations,https://api.usaspending.gov/api/v2/search/spending_over_time/,2026-09-12,"4/4 quarters, obligations $4683879 / revenue $25100000000"
MAR,2025,0.0001,SEC XBRL quarterly revenue + USASpending.gov federal contract obligations,https://api.usaspending.gov/api/v2/search/spending_over_time/,2026-09-12,"4/4 quarters, obligations $1466613 / revenue $26186000000"
MCD,2018,0.0,SEC XBRL quarterly revenue + USASpending.gov federal contract obligations,https://api.usaspending.gov/api/v2/search/spending_over_time/,2026-09-12,"4/4 quarters, obligations $0 / revenue $21025200000"
MCD,2019,0.0,SEC XBRL quarterly revenue + USASpending.gov federal contract obligations,https://api.usaspending.gov/api/v2/search/spending_over_time/,2026-09-12,"4/4 quarters, obligations $0 / revenue $21285200000"
MCD,2020,0.0,SEC XBRL quarterly revenue + USASpending.gov federal contract obligations,https://api.usaspending.gov/api/v2/search/spending_over_time/,2026-09-12,"4/4 quarters, obligations $0 / revenue $19207800000"
MCD,2021,0.0,SEC XBRL quarterly revenue + USASpending.gov federal contract obligations,https://api.usaspending.gov/api/v2/search/spending_over_time/,2026-09-12,"4/4 quarters, obligations $0 / revenue $23222900000"
MCD,2022,0.0,SEC XBRL quarterly revenue + USASpending.gov federal contract obligations,https://api.usaspending.gov/api/v2/search/spending_over_time/,2026-09-12,"4/4 quarters, obligations $0 / revenue $23183000000"
MCD,2023,0.0,SEC XBRL quarterly revenue + USASpending.gov federal contract obligations,https://api.usaspending.gov/api/v2/search/spending_over_time/,2026-09-12,"4/4 quarters, obligations $0 / revenue $25494000000"
MCD,2024,0.0,SEC XBRL quarterly revenue + USASpending.gov federal contract obligations,https://api.usaspending.gov/api/v2/search/spending_over_time/,2026-09-12,"4/4 quarters, obligations $0 / revenue $25920000000"
MCD,2025,0.0,SEC XBRL quarterly revenue + USASpending.gov federal contract obligations,https://api.usaspending.gov/api/v2/search/spending_over_time/,2026-09-12,"4/4 quarters, obligations $0 / revenue $26885000000"
MCHP,2018,0.0005,SEC XBRL quarterly revenue + USASpending.gov federal contract obligations,https://api.usaspending.gov/api/v2/search/spending_over_time/,2026-09-12,"4/4 quarters, obligations $2359182 / revenue $5022000000"
MCHP,2019,0.0002,SEC XBRL quarterly revenue + USASpending.gov federal contract obligations,https://api.usaspending.gov/api/v2/search/spending_over_time/,2026-09-12,"4/4 quarters, obligations $960187 / revenue $5277600000"
MCHP,2020,0.0005,SEC XBRL quarterly revenue + USASpending.gov federal contract obligations,https://api.usaspending.gov/api/v2/search/spending_over_time/,2026-09-12,"4/4 quarters, obligations $2689093 / revenue $5297700000"
MCHP,2021,0.0011,SEC XBRL quarterly revenue + USASpending.gov federal contract obligations,https://api.usaspending.gov/api/v2/search/spending_over_time/,2026-09-12,"4/4 quarters, obligations $6832365 / revenue $6443800000"
MCHP,2022,0.0009,SEC XBRL quarterly revenue + USASpending.gov federal contract obligations,https://api.usaspending.gov/api/v2/search/spending_over_time/,2026-09-12,"4/4 quarters, obligations $7588545 / revenue $8050200000"
MCHP,2023,0.0014,SEC XBRL quarterly revenue + USASpending.gov federal contract obligations,https://api.usaspending.gov/api/v2/search/spending_over_time/,2026-09-12,"4/4 quarters, obligations $12050072 / revenue $8541300000"
MCHP,2024,0.0007,SEC XBRL quarterly revenue + USASpending.gov federal contract obligations,https://api.usaspending.gov/api/v2/search/spending_over_time/,2026-09-12,"4/4 quarters, obligations $3229461 / revenue $4756900000"
MCHP,2025,0.0009,SEC XBRL quarterly revenue + USASpending.gov federal contract obligations,https://api.usaspending.gov/api/v2/search/spending_over_time/,2026-09-12,"4/4 quarters, obligations $3868731 / revenue $4372400000"
MCK,2018,0.0,SEC XBRL quarterly revenue + USASpending.gov federal contract obligations,https://api.usaspending.gov/api/v2/search/spending_over_time/,2026-09-12,"4/4 quarters, obligations $0 / revenue $213518000000"
MCK,2019,0.0,SEC XBRL quarterly revenue + USASpending.gov federal contract obligations,https://api.usaspending.gov/api/v2/search/spending_over_time/,2026-09-12,"4/4 quarters, obligations $0 / revenue $224945000000"
MCK,2020,0.0134,SEC XBRL quarterly revenue + USASpending.gov federal contract obligations,https://api.usaspending.gov/api/v2/search/spending_over_time/,2026-09-12,"4/4 quarters, obligations $3175987962 / revenue $237621000000"
MCK,2021,0.0464,SEC XBRL quarterly revenue + USASpending.gov federal contract obligations,https://api.usaspending.gov/api/v2/search/spending_over_time/,2026-09-12,"4/4 quarters, obligations $11918865885 / revenue $257006000000"
MCK,2022,0.0455,SEC XBRL quarterly revenue + USASpending.gov federal contract obligations,https://api.usaspending.gov/api/v2/search/spending_over_time/,2026-09-12,"4/4 quarters, obligations $12453238614 / revenue $273903000000"
MCK,2023,0.0291,SEC XBRL quarterly revenue + USASpending.gov federal contract obligations,https://api.usaspending.gov/api/v2/search/spending_over_time/,2026-09-12,"4/4 quarters, obligations $8770187240 / revenue $301506000000"
MCK,2024,0.0269,SEC XBRL quarterly revenue + USASpending.gov federal contract obligations,https://api.usaspending.gov/api/v2/search/spending_over_time/,2026-09-12,"4/4 quarters, obligations $9261699501 / revenue $344583000000"
MCK,2025,0.0231,SEC XBRL quarterly revenue + USASpending.gov federal contract obligations,https://api.usaspending.gov/api/v2/search/spending_over_time/,2026-09-12,"4/4 quarters, obligations $9212271469 / revenue $397958000000"
MCO,2018,0.0019,SEC XBRL quarterly revenue + USASpending.gov federal contract obligations,https://api.usaspending.gov/api/v2/search/spending_over_time/,2026-09-12,"4/4 quarters, obligations $8541270 / revenue $4443000000"
MCO,2019,0.0025,SEC XBRL quarterly revenue + USASpending.gov federal contract obligations,https://api.usaspending.gov/api/v2/search/spending_over_time/,2026-09-12,"4/4 quarters, obligations $12148786 / revenue $4829000000"
MCO,2020,0.0021,SEC XBRL quarterly revenue + USASpending.gov federal contract obligations,https://api.usaspending.gov/api/v2/search/spending_over_time/,2026-09-12,"4/4 quarters, obligations $11157596 / revenue $5371000000"
MCO,2021,0.0023,SEC XBRL quarterly revenue + USASpending.gov federal contract obligations,https://api.usaspending.gov/api/v2/search/spending_over_time/,2026-09-12,"4/4 quarters, obligations $14566258 / revenue $6218000000"
MCO,2022,0.003,SEC XBRL quarterly revenue + USASpending.gov federal contract obligations,https://api.usaspending.gov/api/v2/search/spending_over_time/,2026-09-12,"4/4 quarters, obligations $16185717 / revenue $5468000000"
MCO,2023,0.0025,SEC XBRL quarterly revenue + USASpending.gov federal contract obligations,https://api.usaspending.gov/api/v2/search/spending_over_time/,2026-09-12,"4/4 quarters, obligations $14930415 / revenue $5916000000"
MCO,2024,0.0,SEC XBRL quarterly revenue + USASpending.gov federal contract obligations,https://api.usaspending.gov/api/v2/search/spending_over_time/,2026-09-12,"4/4 quarters, obligations $130418 / revenue $7088000000"
MCO,2025,0.0,SEC XBRL quarterly revenue + USASpending.gov federal contract obligations,https://api.usaspending.gov/api/v2/search/spending_over_time/,2026-09-12,"4/4 quarters, obligations $0 / revenue $7718000000"
MDT,2018,0.0082,SEC XBRL quarterly revenue + USASpending.gov federal contract obligations,https://api.usaspending.gov/api/v2/search/spending_over_time/,2026-09-12,"4/4 quarters, obligations $249219688 / revenue $30378000000"
MDT,2019,0.0044,SEC XBRL quarterly revenue + USASpending.gov federal contract obligations,https://api.usaspending.gov/api/v2/search/spending_over_time/,2026-09-12,"4/4 quarters, obligations $137441633 / revenue $30891000000"
MDT,2020,0.004,SEC XBRL quarterly revenue + USASpending.gov federal contract obligations,https://api.usaspending.gov/api/v2/search/spending_over_time/,2026-09-12,"4/4 quarters, obligations $110321313 / revenue $27869000000"
MDT,2021,0.0025,SEC XBRL quarterly revenue + USASpending.gov federal contract obligations,https://api.usaspending.gov/api/v2/search/spending_over_time/,2026-09-12,"4/4 quarters, obligations $78303502 / revenue $31797000000"
MDT,2022,0.0042,SEC XBRL quarterly revenue + USASpending.gov federal contract obligations,https://api.usaspending.gov/api/v2/search/spending_over_time/,2026-09-12,"4/4 quarters, obligations $129994786 / revenue $30808000000"
MDT,2023,0.0046,SEC XBRL quarterly revenue + USASpending.gov federal contract obligations,https://api.usaspending.gov/api/v2/search/spending_over_time/,2026-09-12,"4/4 quarters, obligations $147500464 / revenue $31957000000"
MDT,2024,0.0023,SEC XBRL quarterly revenue + USASpending.gov federal contract obligations,https://api.usaspending.gov/api/v2/search/spending_over_time/,2026-09-12,"4/4 quarters, obligations $77494533 / revenue $32996000000"
MDT,2025,0.0028,SEC XBRL quarterly revenue + USASpending.gov federal contract obligations,https://api.usaspending.gov/api/v2/search/spending_over_time/,2026-09-12,"4/4 quarters, obligations $96218440 / revenue $34758000000"
MET,2018,0.0003,SEC XBRL quarterly revenue + USASpending.gov federal contract obligations,https://api.usaspending.gov/api/v2/search/spending_over_time/,2026-09-12,"4/4 quarters, obligations $18100604 / revenue $67941000000"
MET,2019,0.0,SEC XBRL quarterly revenue + USASpending.gov federal contract obligations,https://api.usaspending.gov/api/v2/search/spending_over_time/,2026-09-12,"4/4 quarters, obligations $1374004 / revenue $69620000000"
MET,2020,0.0005,SEC XBRL quarterly revenue + USASpending.gov federal contract obligations,https://api.usaspending.gov/api/v2/search/spending_over_time/,2026-09-12,"4/4 quarters, obligations $10779033 / revenue $20418000000"
MET,2021,0.0083,SEC XBRL quarterly revenue + USASpending.gov federal contract obligations,https://api.usaspending.gov/api/v2/search/spending_over_time/,2026-09-12,"4/4 quarters, obligations $17307143 / revenue $2074000000"
MET,2022,0.0003,SEC XBRL quarterly revenue + USASpending.gov federal contract obligations,https://api.usaspending.gov/api/v2/search/spending_over_time/,2026-09-12,"4/4 quarters, obligations $19378280 / revenue $68770000000"
MET,2023,0.0009,SEC XBRL quarterly revenue + USASpending.gov federal contract obligations,https://api.usaspending.gov/api/v2/search/spending_over_time/,2026-09-12,"4/4 quarters, obligations $19612724 / revenue $20690000000"
MET,2024,0.0018,SEC XBRL quarterly revenue + USASpending.gov federal contract obligations,https://api.usaspending.gov/api/v2/search/spending_over_time/,2026-09-12,"4/4 quarters, obligations $4021368 / revenue $2245000000"
MET,2025,0.0014,SEC XBRL quarterly revenue + USASpending.gov federal contract obligations,https://api.usaspending.gov/api/v2/search/spending_over_time/,2026-09-12,"4/4 quarters, obligations $3402840 / revenue $2436000000"
META,2018,0.0,SEC XBRL quarterly revenue + USASpending.gov federal contract obligations,https://api.usaspending.gov/api/v2/search/spending_over_time/,2026-09-12,"4/4 quarters, obligations $0 / revenue $55838000000"
META,2019,0.0,SEC XBRL quarterly revenue + USASpending.gov federal contract obligations,https://api.usaspending.gov/api/v2/search/spending_over_time/,2026-09-12,"4/4 quarters, obligations $0 / revenue $70697000000"
META,2020,0.0,SEC XBRL quarterly revenue + USASpending.gov federal contract obligations,https://api.usaspending.gov/api/v2/search/spending_over_time/,2026-09-12,"4/4 quarters, obligations $0 / revenue $85965000000"
META,2021,0.0,SEC XBRL quarterly revenue + USASpending.gov federal contract obligations,https://api.usaspending.gov/api/v2/search/spending_over_time/,2026-09-12,"4/4 quarters, obligations $0 / revenue $117929000000"
META,2022,0.0,SEC XBRL quarterly revenue + USASpending.gov federal contract obligations,https://api.usaspending.gov/api/v2/search/spending_over_time/,2026-09-12,"4/4 quarters, obligations $0 / revenue $116609000000"
META,2023,0.0,SEC XBRL quarterly revenue + USASpending.gov federal contract obligations,https://api.usaspending.gov/api/v2/search/spending_over_time/,2026-09-12,"4/4 quarters, obligations $0 / revenue $134902000000"
META,2024,0.0,SEC XBRL quarterly revenue + USASpending.gov federal contract obligations,https://api.usaspending.gov/api/v2/search/spending_over_time/,2026-09-12,"4/4 quarters, obligations $0 / revenue $164501000000"
META,2025,0.0,SEC XBRL quarterly revenue + USASpending.gov federal contract obligations,https://api.usaspending.gov/api/v2/search/spending_over_time/,2026-09-12,"4/4 quarters, obligations $7400 / revenue $200966000000"
MGM,2018,0.0,SEC XBRL quarterly revenue + USASpending.gov federal contract obligations,https://api.usaspending.gov/api/v2/search/spending_over_time/,2026-09-12,"4/4 quarters, obligations $-1 / revenue $11763096000"
MGM,2019,0.0,SEC XBRL quarterly revenue + USASpending.gov federal contract obligations,https://api.usaspending.gov/api/v2/search/spending_over_time/,2026-09-12,"4/4 quarters, obligations $0 / revenue $12899672000"
MGM,2020,0.0,SEC XBRL quarterly revenue + USASpending.gov federal contract obligations,https://api.usaspending.gov/api/v2/search/spending_over_time/,2026-09-12,"4/4 quarters, obligations $0 / revenue $5162082000"
MGM,2021,0.0,SEC XBRL quarterly revenue + USASpending.gov federal contract obligations,https://api.usaspending.gov/api/v2/search/spending_over_time/,2026-09-12,"4/4 quarters, obligations $0 / revenue $9680140000"
MGM,2022,0.0,SEC XBRL quarterly revenue + USASpending.gov federal contract obligations,https://api.usaspending.gov/api/v2/search/spending_over_time/,2026-09-12,"4/4 quarters, obligations $0 / revenue $13127485000"
MGM,2023,0.0,SEC XBRL quarterly revenue + USASpending.gov federal contract obligations,https://api.usaspending.gov/api/v2/search/spending_over_time/,2026-09-12,"4/4 quarters, obligations $0 / revenue $16164249000"
MGM,2024,0.0,SEC XBRL quarterly revenue + USASpending.gov federal contract obligations,https://api.usaspending.gov/api/v2/search/spending_over_time/,2026-09-12,"4/4 quarters, obligations $0 / revenue $17240545000"
MGM,2025,0.0,SEC XBRL quarterly revenue + USASpending.gov federal contract obligations,https://api.usaspending.gov/api/v2/search/spending_over_time/,2026-09-12,"4/4 quarters, obligations $0 / revenue $17537683000"
MKC,2018,0.0,SEC XBRL quarterly revenue + USASpending.gov federal contract obligations,https://api.usaspending.gov/api/v2/search/spending_over_time/,2026-09-12,"4/4 quarters, obligations $0 / revenue $5302800000"
MKC,2019,0.0,SEC XBRL quarterly revenue + USASpending.gov federal contract obligations,https://api.usaspending.gov/api/v2/search/spending_over_time/,2026-09-12,"4/4 quarters, obligations $0 / revenue $5347400000"
MKC,2020,0.0,SEC XBRL quarterly revenue + USASpending.gov federal contract obligations,https://api.usaspending.gov/api/v2/search/spending_over_time/,2026-09-12,"4/4 quarters, obligations $0 / revenue $5601300000"
MKC,2021,0.0,SEC XBRL quarterly revenue + USASpending.gov federal contract obligations,https://api.usaspending.gov/api/v2/search/spending_over_time/,2026-09-12,"4/4 quarters, obligations $0 / revenue $6317900000"
MKC,2022,0.0,SEC XBRL quarterly revenue + USASpending.gov federal contract obligations,https://api.usaspending.gov/api/v2/search/spending_over_time/,2026-09-12,"4/4 quarters, obligations $0 / revenue $6350500000"
MKC,2023,0.0,SEC XBRL quarterly revenue + USASpending.gov federal contract obligations,https://api.usaspending.gov/api/v2/search/spending_over_time/,2026-09-12,"4/4 quarters, obligations $0 / revenue $6662200000"
MKC,2024,0.0,SEC XBRL quarterly revenue + USASpending.gov federal contract obligations,https://api.usaspending.gov/api/v2/search/spending_over_time/,2026-09-12,"4/4 quarters, obligations $0 / revenue $6723700000"
MKC,2025,0.0,SEC XBRL quarterly revenue + USASpending.gov federal contract obligations,https://api.usaspending.gov/api/v2/search/spending_over_time/,2026-09-12,"4/4 quarters, obligations $0 / revenue $6840300000"
MLM,2018,0.0003,SEC XBRL quarterly revenue + USASpending.gov federal contract obligations,https://api.usaspending.gov/api/v2/search/spending_over_time/,2026-09-12,"4/4 quarters, obligations $1144811 / revenue $4244300000"
MLM,2019,0.0003,SEC XBRL quarterly revenue + USASpending.gov federal contract obligations,https://api.usaspending.gov/api/v2/search/spending_over_time/,2026-09-12,"4/4 quarters, obligations $1191977 / revenue $4739100000"
MLM,2020,0.0001,SEC XBRL quarterly revenue + USASpending.gov federal contract obligations,https://api.usaspending.gov/api/v2/search/spending_over_time/,2026-09-12,"4/4 quarters, obligations $594084 / revenue $4729900000"
MLM,2021,0.0001,SEC XBRL quarterly revenue + USASpending.gov federal contract obligations,https://api.usaspending.gov/api/v2/search/spending_over_time/,2026-09-12,"4/4 quarters, obligations $797478 / revenue $5414000000"
MLM,2022,0.0,SEC XBRL quarterly revenue + USASpending.gov federal contract obligations,https://api.usaspending.gov/api/v2/search/spending_over_time/,2026-09-12,"4/4 quarters, obligations $0 / revenue $6161000000"
MLM,2023,0.0,SEC XBRL quarterly revenue + USASpending.gov federal contract obligations,https://api.usaspending.gov/api/v2/search/spending_over_time/,2026-09-12,"4/4 quarters, obligations $-279192 / revenue $5851000000"
MLM,2024,0.0,SEC XBRL quarterly revenue + USASpending.gov federal contract obligations,https://api.usaspending.gov/api/v2/search/spending_over_time/,2026-09-12,"4/4 quarters, obligations $-416 / revenue $5662000000"
MLM,2025,0.0,SEC XBRL quarterly revenue + USASpending.gov federal contract obligations,https://api.usaspending.gov/api/v2/search/spending_over_time/,2026-09-12,"4/4 quarters, obligations $62157 / revenue $6151000000"
MMM,2018,0.0039,SEC XBRL quarterly revenue + USASpending.gov federal contract obligations,https://api.usaspending.gov/api/v2/search/spending_over_time/,2026-09-12,"4/4 quarters, obligations $126362348 / revenue $32765000000"
MMM,2019,0.0035,SEC XBRL quarterly revenue + USASpending.gov federal contract obligations,https://api.usaspending.gov/api/v2/search/spending_over_time/,2026-09-12,"4/4 quarters, obligations $111792314 / revenue $32136000000"
MMM,2020,0.0185,SEC XBRL quarterly revenue + USASpending.gov federal contract obligations,https://api.usaspending.gov/api/v2/search/spending_over_time/,2026-09-12,"4/4 quarters, obligations $594774898 / revenue $32184000000"
MMM,2021,0.0024,SEC XBRL quarterly revenue + USASpending.gov federal contract obligations,https://api.usaspending.gov/api/v2/search/spending_over_time/,2026-09-12,"4/4 quarters, obligations $83537378 / revenue $35355000000"
MMM,2022,0.0037,SEC XBRL quarterly revenue + USASpending.gov federal contract obligations,https://api.usaspending.gov/api/v2/search/spending_over_time/,2026-09-12,"4/4 quarters, obligations $96694505 / revenue $26161000000"
MMM,2023,0.004,SEC XBRL quarterly revenue + USASpending.gov federal contract obligations,https://api.usaspending.gov/api/v2/search/spending_over_time/,2026-09-12,"4/4 quarters, obligations $97874450 / revenue $24610000000"
MMM,2024,0.0044,SEC XBRL quarterly revenue + USASpending.gov federal contract obligations,https://api.usaspending.gov/api/v2/search/spending_over_time/,2026-09-12,"4/4 quarters, obligations $108125606 / revenue $24575000000"
MMM,2025,0.0033,SEC XBRL quarterly revenue + USASpending.gov federal contract obligations,https://api.usaspending.gov/api/v2/search/spending_over_time/,2026-09-12,"4/4 quarters, obligations $82338037 / revenue $24948000000"
MNST,2018,0.0,SEC XBRL quarterly revenue + USASpending.gov federal contract obligations,https://api.usaspending.gov/api/v2/search/spending_over_time/,2026-09-12,"4/4 quarters, obligations $0 / revenue $3807183000"
MNST,2019,0.0,SEC XBRL quarterly revenue + USASpending.gov federal contract obligations,https://api.usaspending.gov/api/v2/search/spending_over_time/,2026-09-12,"4/4 quarters, obligations $0 / revenue $4200819000"
MNST,2020,0.0,SEC XBRL quarterly revenue + USASpending.gov federal contract obligations,https://api.usaspending.gov/api/v2/search/spending_over_time/,2026-09-12,"4/4 quarters, obligations $0 / revenue $4598638000"
MNST,2021,0.0,SEC XBRL quarterly revenue + USASpending.gov federal contract obligations,https://api.usaspending.gov/api/v2/search/spending_over_time/,2026-09-12,"4/4 quarters, obligations $0 / revenue $5541352000"
MNST,2022,0.0,SEC XBRL quarterly revenue + USASpending.gov federal contract obligations,https://api.usaspending.gov/api/v2/search/spending_over_time/,2026-09-12,"4/4 quarters, obligations $0 / revenue $6311050000"
MNST,2023,0.0,SEC XBRL quarterly revenue + USASpending.gov federal contract obligations,https://api.usaspending.gov/api/v2/search/spending_over_time/,2026-09-12,"4/4 quarters, obligations $0 / revenue $7140027000"
MNST,2024,0.0,SEC XBRL quarterly revenue + USASpending.gov federal contract obligations,https://api.usaspending.gov/api/v2/search/spending_over_time/,2026-09-12,"4/4 quarters, obligations $0 / revenue $7492709000"
MNST,2025,0.0,SEC XBRL quarterly revenue + USASpending.gov federal contract obligations,https://api.usaspending.gov/api/v2/search/spending_over_time/,2026-09-12,"4/4 quarters, obligations $0 / revenue $8294343000"
MO,2018,0.0,SEC XBRL quarterly revenue + USASpending.gov federal contract obligations,https://api.usaspending.gov/api/v2/search/spending_over_time/,2026-09-12,"4/4 quarters, obligations $0 / revenue $25364000000"
MO,2019,0.0,SEC XBRL quarterly revenue + USASpending.gov federal contract obligations,https://api.usaspending.gov/api/v2/search/spending_over_time/,2026-09-12,"4/4 quarters, obligations $0 / revenue $25110000000"
MO,2020,0.0,SEC XBRL quarterly revenue + USASpending.gov federal contract obligations,https://api.usaspending.gov/api/v2/search/spending_over_time/,2026-09-12,"4/4 quarters, obligations $0 / revenue $26153000000"
MO,2021,0.0,SEC XBRL quarterly revenue + USASpending.gov federal contract obligations,https://api.usaspending.gov/api/v2/search/spending_over_time/,2026-09-12,"4/4 quarters, obligations $0 / revenue $26013000000"
MO,2022,0.0,SEC XBRL quarterly revenue + USASpending.gov federal contract obligations,https://api.usaspending.gov/api/v2/search/spending_over_time/,2026-09-12,"4/4 quarters, obligations $0 / revenue $25096000000"
MO,2023,0.0,SEC XBRL quarterly revenue + USASpending.gov federal contract obligations,https://api.usaspending.gov/api/v2/search/spending_over_time/,2026-09-12,"4/4 quarters, obligations $0 / revenue $24483000000"
MO,2024,0.0,SEC XBRL quarterly revenue + USASpending.gov federal contract obligations,https://api.usaspending.gov/api/v2/search/spending_over_time/,2026-09-12,"4/4 quarters, obligations $0 / revenue $24018000000"
MO,2025,0.0,SEC XBRL quarterly revenue + USASpending.gov federal contract obligations,https://api.usaspending.gov/api/v2/search/spending_over_time/,2026-09-12,"4/4 quarters, obligations $0 / revenue $23279000000"
MOS,2018,0.0027,SEC XBRL quarterly revenue + USASpending.gov federal contract obligations,https://api.usaspending.gov/api/v2/search/spending_over_time/,2026-09-12,"4/4 quarters, obligations $26009886 / revenue $9587300000"
MOS,2019,0.0031,SEC XBRL quarterly revenue + USASpending.gov federal contract obligations,https://api.usaspending.gov/api/v2/search/spending_over_time/,2026-09-12,"4/4 quarters, obligations $27332510 / revenue $8906300000"
MOS,2020,0.002,SEC XBRL quarterly revenue + USASpending.gov federal contract obligations,https://api.usaspending.gov/api/v2/search/spending_over_time/,2026-09-12,"4/4 quarters, obligations $17218471 / revenue $8681700000"
MOS,2021,0.0017,SEC XBRL quarterly revenue + USASpending.gov federal contract obligations,https://api.usaspending.gov/api/v2/search/spending_over_time/,2026-09-12,"4/4 quarters, obligations $21236735 / revenue $12357400000"
MOS,2022,0.0012,SEC XBRL quarterly revenue + USASpending.gov federal contract obligations,https://api.usaspending.gov/api/v2/search/spending_over_time/,2026-09-12,"4/4 quarters, obligations $22493420 / revenue $19125200000"
MOS,2023,0.0014,SEC XBRL quarterly revenue + USASpending.gov federal contract obligations,https://api.usaspending.gov/api/v2/search/spending_over_time/,2026-09-12,"4/4 quarters, obligations $18512113 / revenue $13696100000"
MOS,2024,0.001,SEC XBRL quarterly revenue + USASpending.gov federal contract obligations,https://api.usaspending.gov/api/v2/search/spending_over_time/,2026-09-12,"4/4 quarters, obligations $11676176 / revenue $11122800000"
MOS,2025,0.0007,SEC XBRL quarterly revenue + USASpending.gov federal contract obligations,https://api.usaspending.gov/api/v2/search/spending_over_time/,2026-09-12,"4/4 quarters, obligations $8866159 / revenue $12052400000"
MPC,2018,0.0,SEC XBRL quarterly revenue + USASpending.gov federal contract obligations,https://api.usaspending.gov/api/v2/search/spending_over_time/,2026-09-12,"4/4 quarters, obligations $0 / revenue $96504000000"
MPC,2019,0.0,SEC XBRL quarterly revenue + USASpending.gov federal contract obligations,https://api.usaspending.gov/api/v2/search/spending_over_time/,2026-09-12,"4/4 quarters, obligations $0 / revenue $111148000000"
MPC,2020,0.0,SEC XBRL quarterly revenue + USASpending.gov federal contract obligations,https://api.usaspending.gov/api/v2/search/spending_over_time/,2026-09-12,"4/4 quarters, obligations $1104707 / revenue $69779000000"
MPC,2021,0.0001,SEC XBRL quarterly revenue + USASpending.gov federal contract obligations,https://api.usaspending.gov/api/v2/search/spending_over_time/,2026-09-12,"4/4 quarters, obligations $15629777 / revenue $119983000000"
MPC,2022,0.0009,SEC XBRL quarterly revenue + USASpending.gov federal contract obligations,https://api.usaspending.gov/api/v2/search/spending_over_time/,2026-09-12,"4/4 quarters, obligations $161033966 / revenue $177453000000"
MPC,2023,0.0025,SEC XBRL quarterly revenue + USASpending.gov federal contract obligations,https://api.usaspending.gov/api/v2/search/spending_over_time/,2026-09-12,"4/4 quarters, obligations $375773656 / revenue $148379000000"
MPC,2024,0.0021,SEC XBRL quarterly revenue + USASpending.gov federal contract obligations,https://api.usaspending.gov/api/v2/search/spending_over_time/,2026-09-12,"4/4 quarters, obligations $297908078 / revenue $138864000000"
MPC,2025,0.0045,SEC XBRL quarterly revenue + USASpending.gov federal contract obligations,https://api.usaspending.gov/api/v2/search/spending_over_time/,2026-09-12,"4/4 quarters, obligations $592260959 / revenue $132699000000"
MPWR,2018,0.0,SEC XBRL quarterly revenue + USASpending.gov federal contract obligations,https://api.usaspending.gov/api/v2/search/spending_over_time/,2026-09-12,"4/4 quarters, obligations $0 / revenue $582383000"
MPWR,2019,0.0,SEC XBRL quarterly revenue + USASpending.gov federal contract obligations,https://api.usaspending.gov/api/v2/search/spending_over_time/,2026-09-12,"4/4 quarters, obligations $0 / revenue $627921000"
MPWR,2020,0.0,SEC XBRL quarterly revenue + USASpending.gov federal contract obligations,https://api.usaspending.gov/api/v2/search/spending_over_time/,2026-09-12,"4/4 quarters, obligations $0 / revenue $844452000"
MPWR,2021,0.0,SEC XBRL quarterly revenue + USASpending.gov federal contract obligations,https://api.usaspending.gov/api/v2/search/spending_over_time/,2026-09-12,"4/4 quarters, obligations $0 / revenue $1207798000"
MPWR,2022,0.0,SEC XBRL quarterly revenue + USASpending.gov federal contract obligations,https://api.usaspending.gov/api/v2/search/spending_over_time/,2026-09-12,"4/4 quarters, obligations $0 / revenue $1794148000"
MPWR,2023,0.0,SEC XBRL quarterly revenue + USASpending.gov federal contract obligations,https://api.usaspending.gov/api/v2/search/spending_over_time/,2026-09-12,"4/4 quarters, obligations $0 / revenue $1821072000"
MPWR,2024,0.0,SEC XBRL quarterly revenue + USASpending.gov federal contract obligations,https://api.usaspending.gov/api/v2/search/spending_over_time/,2026-09-12,"4/4 quarters, obligations $0 / revenue $2207100000"
MPWR,2025,0.0,SEC XBRL quarterly revenue + USASpending.gov federal contract obligations,https://api.usaspending.gov/api/v2/search/spending_over_time/,2026-09-12,"4/4 quarters, obligations $0 / revenue $2790459000"
MRK,2018,0.0024,SEC XBRL quarterly revenue + USASpending.gov federal contract obligations,https://api.usaspending.gov/api/v2/search/spending_over_time/,2026-09-12,"4/4 quarters, obligations $101514229 / revenue $42294000000"
MRK,2019,0.0007,SEC XBRL quarterly revenue + USASpending.gov federal contract obligations,https://api.usaspending.gov/api/v2/search/spending_over_time/,2026-09-12,"4/4 quarters, obligations $27072160 / revenue $39121000000"
MRK,2020,0.0041,SEC XBRL quarterly revenue + USASpending.gov federal contract obligations,https://api.usaspending.gov/api/v2/search/spending_over_time/,2026-09-12,"4/4 quarters, obligations $171668916 / revenue $41518000000"
MRK,2021,0.0474,SEC XBRL quarterly revenue + USASpending.gov federal contract obligations,https://api.usaspending.gov/api/v2/search/spending_over_time/,2026-09-12,"4/4 quarters, obligations $2310566504 / revenue $48704000000"
MRK,2022,0.0001,SEC XBRL quarterly revenue + USASpending.gov federal contract obligations,https://api.usaspending.gov/api/v2/search/spending_over_time/,2026-09-12,"4/4 quarters, obligations $4044941 / revenue $59283000000"
MRK,2023,0.0006,SEC XBRL quarterly revenue + USASpending.gov federal contract obligations,https://api.usaspending.gov/api/v2/search/spending_over_time/,2026-09-12,"4/4 quarters, obligations $37140901 / revenue $60115000000"
MRK,2024,0.0024,SEC XBRL quarterly revenue + USASpending.gov federal contract obligations,https://api.usaspending.gov/api/v2/search/spending_over_time/,2026-09-12,"4/4 quarters, obligations $156255242 / revenue $64168000000"
MRK,2025,0.0001,SEC XBRL quarterly revenue + USASpending.gov federal contract obligations,https://api.usaspending.gov/api/v2/search/spending_over_time/,2026-09-12,"4/4 quarters, obligations $5566472 / revenue $65011000000"
MRNA,2018,0.0,SEC XBRL quarterly revenue + USASpending.gov federal contract obligations,https://api.usaspending.gov/api/v2/search/spending_over_time/,2026-09-12,"4/4 quarters, obligations $0 / revenue $135068000"
MRNA,2019,0.0,SEC XBRL quarterly revenue + USASpending.gov federal contract obligations,https://api.usaspending.gov/api/v2/search/spending_over_time/,2026-09-12,"4/4 quarters, obligations $0 / revenue $60209000"
MRNA,2020,1.0,SEC XBRL quarterly revenue + USASpending.gov federal contract obligations,https://api.usaspending.gov/api/v2/search/spending_over_time/,2026-09-12,"4/4 quarters, obligations $4146492979 / revenue $803000000 (raw ratio over 1.0, clipped)"
MRNA,2021,0.2918,SEC XBRL quarterly revenue + USASpending.gov federal contract obligations,https://api.usaspending.gov/api/v2/search/spending_over_time/,2026-09-12,"4/4 quarters, obligations $5389126388 / revenue $18471000000"
MRNA,2022,0.1107,SEC XBRL quarterly revenue + USASpending.gov federal contract obligations,https://api.usaspending.gov/api/v2/search/spending_over_time/,2026-09-12,"4/4 quarters, obligations $2132412885 / revenue $19263000000"
MRNA,2023,0.008,SEC XBRL quarterly revenue + USASpending.gov federal contract obligations,https://api.usaspending.gov/api/v2/search/spending_over_time/,2026-09-12,"4/4 quarters, obligations $54716587 / revenue $6848000000"
MRNA,2024,0.0036,SEC XBRL quarterly revenue + USASpending.gov federal contract obligations,https://api.usaspending.gov/api/v2/search/spending_over_time/,2026-09-12,"4/4 quarters, obligations $11535413 / revenue $3236000000"
MRNA,2025,0.0029,SEC XBRL quarterly revenue + USASpending.gov federal contract obligations,https://api.usaspending.gov/api/v2/search/spending_over_time/,2026-09-12,"4/4 quarters, obligations $5687282 / revenue $1944000000"
MRSH,2018,0.0027,SEC XBRL quarterly revenue + USASpending.gov federal contract obligations,https://api.usaspending.gov/api/v2/search/spending_over_time/,2026-09-12,"4/4 quarters, obligations $40648917 / revenue $14950000000"
MRSH,2019,0.0012,SEC XBRL quarterly revenue + USASpending.gov federal contract obligations,https://api.usaspending.gov/api/v2/search/spending_over_time/,2026-09-12,"4/4 quarters, obligations $20081506 / revenue $16652000000"
MRSH,2020,0.0025,SEC XBRL quarterly revenue + USASpending.gov federal contract obligations,https://api.usaspending.gov/api/v2/search/spending_over_time/,2026-09-12,"4/4 quarters, obligations $42941843 / revenue $17224000000"
MRSH,2021,0.0016,SEC XBRL quarterly revenue + USASpending.gov federal contract obligations,https://api.usaspending.gov/api/v2/search/spending_over_time/,2026-09-12,"4/4 quarters, obligations $30846647 / revenue $19820000000"
MRSH,2022,0.0023,SEC XBRL quarterly revenue + USASpending.gov federal contract obligations,https://api.usaspending.gov/api/v2/search/spending_over_time/,2026-09-12,"4/4 quarters, obligations $46646281 / revenue $20720000000"
MRSH,2023,0.0024,SEC XBRL quarterly revenue + USASpending.gov federal contract obligations,https://api.usaspending.gov/api/v2/search/spending_over_time/,2026-09-12,"4/4 quarters, obligations $54428179 / revenue $22736000000"
MRSH,2024,0.0013,SEC XBRL quarterly revenue + USASpending.gov federal contract obligations,https://api.usaspending.gov/api/v2/search/spending_over_time/,2026-09-12,"4/4 quarters, obligations $30639178 / revenue $24458000000"
MRSH,2025,0.0003,SEC XBRL quarterly revenue + USASpending.gov federal contract obligations,https://api.usaspending.gov/api/v2/search/spending_over_time/,2026-09-12,"4/4 quarters, obligations $8916346 / revenue $26981000000"
MRVL,2020,0.0,SEC XBRL quarterly revenue + USASpending.gov federal contract obligations,https://api.usaspending.gov/api/v2/search/spending_over_time/,2026-09-12,"3/4 quarters, obligations $0 / revenue $2171081000"
MRVL,2021,0.0,SEC XBRL quarterly revenue + USASpending.gov federal contract obligations,https://api.usaspending.gov/api/v2/search/spending_over_time/,2026-09-12,"4/4 quarters, obligations $0 / revenue $3917219000"
MRVL,2022,0.0,SEC XBRL quarterly revenue + USASpending.gov federal contract obligations,https://api.usaspending.gov/api/v2/search/spending_over_time/,2026-09-12,"4/4 quarters, obligations $0 / revenue $5844100000"
MRVL,2023,0.0,SEC XBRL quarterly revenue + USASpending.gov federal contract obligations,https://api.usaspending.gov/api/v2/search/spending_over_time/,2026-09-12,"4/4 quarters, obligations $0 / revenue $5499700000"
MRVL,2024,0.0,SEC XBRL quarterly revenue + USASpending.gov federal contract obligations,https://api.usaspending.gov/api/v2/search/spending_over_time/,2026-09-12,"4/4 quarters, obligations $0 / revenue $5376400000"
MRVL,2025,0.0,SEC XBRL quarterly revenue + USASpending.gov federal contract obligations,https://api.usaspending.gov/api/v2/search/spending_over_time/,2026-09-12,"4/4 quarters, obligations $0 / revenue $7793300000"
MSCI,2018,0.0002,SEC XBRL quarterly revenue + USASpending.gov federal contract obligations,https://api.usaspending.gov/api/v2/search/spending_over_time/,2026-09-12,"4/4 quarters, obligations $233032 / revenue $1433984000"
MSCI,2019,0.0,SEC XBRL quarterly revenue + USASpending.gov federal contract obligations,https://api.usaspending.gov/api/v2/search/spending_over_time/,2026-09-12,"4/4 quarters, obligations $53198 / revenue $1557796000"
MSCI,2020,0.0001,SEC XBRL quarterly revenue + USASpending.gov federal contract obligations,https://api.usaspending.gov/api/v2/search/spending_over_time/,2026-09-12,"4/4 quarters, obligations $113098 / revenue $1695390000"
MSCI,2021,0.0001,SEC XBRL quarterly revenue + USASpending.gov federal contract obligations,https://api.usaspending.gov/api/v2/search/spending_over_time/,2026-09-12,"4/4 quarters, obligations $133666 / revenue $2043544000"
MSCI,2022,0.0001,SEC XBRL quarterly revenue + USASpending.gov federal contract obligations,https://api.usaspending.gov/api/v2/search/spending_over_time/,2026-09-12,"4/4 quarters, obligations $246516 / revenue $2248598000"
MSCI,2023,0.0001,SEC XBRL quarterly revenue + USASpending.gov federal contract obligations,https://api.usaspending.gov/api/v2/search/spending_over_time/,2026-09-12,"4/4 quarters, obligations $302642 / revenue $2528920000"
MSCI,2024,0.0,SEC XBRL quarterly revenue + USASpending.gov federal contract obligations,https://api.usaspending.gov/api/v2/search/spending_over_time/,2026-09-12,"4/4 quarters, obligations $142592 / revenue $2856128000"
MSCI,2025,0.0,SEC XBRL quarterly revenue + USASpending.gov federal contract obligations,https://api.usaspending.gov/api/v2/search/spending_over_time/,2026-09-12,"4/4 quarters, obligations $97470 / revenue $3134459000"
MSFT,2018,0.0,SEC XBRL quarterly revenue + USASpending.gov federal contract obligations,https://api.usaspending.gov/api/v2/search/spending_over_time/,2026-09-12,"4/4 quarters, obligations $0 / revenue $118459000000"
MSFT,2019,0.0,SEC XBRL quarterly revenue + USASpending.gov federal contract obligations,https://api.usaspending.gov/api/v2/search/spending_over_time/,2026-09-12,"4/4 quarters, obligations $0 / revenue $134249000000"
MSFT,2020,0.0003,SEC XBRL quarterly revenue + USASpending.gov federal contract obligations,https://api.usaspending.gov/api/v2/search/spending_over_time/,2026-09-12,"4/4 quarters, obligations $43314906 / revenue $153284000000"
MSFT,2021,0.0023,SEC XBRL quarterly revenue + USASpending.gov federal contract obligations,https://api.usaspending.gov/api/v2/search/spending_over_time/,2026-09-12,"4/4 quarters, obligations $417669991 / revenue $184903000000"
MSFT,2022,0.0024,SEC XBRL quarterly revenue + USASpending.gov federal contract obligations,https://api.usaspending.gov/api/v2/search/spending_over_time/,2026-09-12,"4/4 quarters, obligations $484201181 / revenue $204094000000"
MSFT,2023,0.0023,SEC XBRL quarterly revenue + USASpending.gov federal contract obligations,https://api.usaspending.gov/api/v2/search/spending_over_time/,2026-09-12,"4/4 quarters, obligations $514679384 / revenue $227583000000"
MSFT,2024,0.002,SEC XBRL quarterly revenue + USASpending.gov federal contract obligations,https://api.usaspending.gov/api/v2/search/spending_over_time/,2026-09-12,"4/4 quarters, obligations $527542200 / revenue $261802000000"
MSFT,2025,0.0015,SEC XBRL quarterly revenue + USASpending.gov federal contract obligations,https://api.usaspending.gov/api/v2/search/spending_over_time/,2026-09-12,"4/4 quarters, obligations $455802414 / revenue $305453000000"
MSI,2018,0.0224,SEC XBRL quarterly revenue + USASpending.gov federal contract obligations,https://api.usaspending.gov/api/v2/search/spending_over_time/,2026-09-12,"4/4 quarters, obligations $164621578 / revenue $7344000000"
MSI,2019,0.0209,SEC XBRL quarterly revenue + USASpending.gov federal contract obligations,https://api.usaspending.gov/api/v2/search/spending_over_time/,2026-09-12,"4/4 quarters, obligations $164870577 / revenue $7888000000"
MSI,2020,0.0218,SEC XBRL quarterly revenue + USASpending.gov federal contract obligations,https://api.usaspending.gov/api/v2/search/spending_over_time/,2026-09-12,"4/4 quarters, obligations $161674336 / revenue $7414000000"
MSI,2021,0.0238,SEC XBRL quarterly revenue + USASpending.gov federal contract obligations,https://api.usaspending.gov/api/v2/search/spending_over_time/,2026-09-12,"3/4 quarters, obligations $144592034 / revenue $6064000000"
MSI,2022,0.0156,SEC XBRL quarterly revenue + USASpending.gov federal contract obligations,https://api.usaspending.gov/api/v2/search/spending_over_time/,2026-09-12,"3/4 quarters, obligations $105184035 / revenue $6739000000"
MSI,2023,0.0134,SEC XBRL quarterly revenue + USASpending.gov federal contract obligations,https://api.usaspending.gov/api/v2/search/spending_over_time/,2026-09-12,"3/4 quarters, obligations $101197165 / revenue $7575000000"
MSI,2024,0.019,SEC XBRL quarterly revenue + USASpending.gov federal contract obligations,https://api.usaspending.gov/api/v2/search/spending_over_time/,2026-09-12,"4/4 quarters, obligations $205119267 / revenue $10817000000"
MSI,2025,0.0174,SEC XBRL quarterly revenue + USASpending.gov federal contract obligations,https://api.usaspending.gov/api/v2/search/spending_over_time/,2026-09-12,"4/4 quarters, obligations $203672843 / revenue $11682000000"
MTB,2023,0.0,SEC XBRL quarterly revenue + USASpending.gov federal contract obligations,https://api.usaspending.gov/api/v2/search/spending_over_time/,2026-09-12,"2/4 quarters, obligations $0 / revenue $736000000"
MTB,2024,0.0001,SEC XBRL quarterly revenue + USASpending.gov federal contract obligations,https://api.usaspending.gov/api/v2/search/spending_over_time/,2026-09-12,"4/4 quarters, obligations $135000 / revenue $1541000000"
MTB,2025,0.0,SEC XBRL quarterly revenue + USASpending.gov federal contract obligations,https://api.usaspending.gov/api/v2/search/spending_over_time/,2026-09-12,"4/4 quarters, obligations $0 / revenue $1657000000"
MTD,2018,0.0,SEC XBRL quarterly revenue + USASpending.gov federal contract obligations,https://api.usaspending.gov/api/v2/search/spending_over_time/,2026-09-12,"4/4 quarters, obligations $0 / revenue $2935586000"
MTD,2019,0.0,SEC XBRL quarterly revenue + USASpending.gov federal contract obligations,https://api.usaspending.gov/api/v2/search/spending_over_time/,2026-09-12,"4/4 quarters, obligations $0 / revenue $3008652000"
MTD,2020,0.0,SEC XBRL quarterly revenue + USASpending.gov federal contract obligations,https://api.usaspending.gov/api/v2/search/spending_over_time/,2026-09-12,"4/4 quarters, obligations $0 / revenue $3085177000"
MTD,2021,0.0,SEC XBRL quarterly revenue + USASpending.gov federal contract obligations,https://api.usaspending.gov/api/v2/search/spending_over_time/,2026-09-12,"4/4 quarters, obligations $0 / revenue $3717930000"
MTD,2022,0.0,SEC XBRL quarterly revenue + USASpending.gov federal contract obligations,https://api.usaspending.gov/api/v2/search/spending_over_time/,2026-09-12,"4/4 quarters, obligations $0 / revenue $3919709000"
MTD,2023,0.0,SEC XBRL quarterly revenue + USASpending.gov federal contract obligations,https://api.usaspending.gov/api/v2/search/spending_over_time/,2026-09-12,"4/4 quarters, obligations $0 / revenue $3788309000"
MTD,2024,0.0,SEC XBRL quarterly revenue + USASpending.gov federal contract obligations,https://api.usaspending.gov/api/v2/search/spending_over_time/,2026-09-12,"4/4 quarters, obligations $0 / revenue $3872361000"
MTD,2025,0.0,SEC XBRL quarterly revenue + USASpending.gov federal contract obligations,https://api.usaspending.gov/api/v2/search/spending_over_time/,2026-09-12,"4/4 quarters, obligations $0 / revenue $4026399000"
MU,2018,0.0,SEC XBRL quarterly revenue + USASpending.gov federal contract obligations,https://api.usaspending.gov/api/v2/search/spending_over_time/,2026-09-12,"4/4 quarters, obligations $85180 / revenue $31501000000"
MU,2019,0.0,SEC XBRL quarterly revenue + USASpending.gov federal contract obligations,https://api.usaspending.gov/api/v2/search/spending_over_time/,2026-09-12,"4/4 quarters, obligations $113748 / revenue $20637000000"
MU,2020,0.0,SEC XBRL quarterly revenue + USASpending.gov federal contract obligations,https://api.usaspending.gov/api/v2/search/spending_over_time/,2026-09-12,"4/4 quarters, obligations $76571 / revenue $22064000000"
MU,2021,0.0,SEC XBRL quarterly revenue + USASpending.gov federal contract obligations,https://api.usaspending.gov/api/v2/search/spending_over_time/,2026-09-12,"4/4 quarters, obligations $0 / revenue $29619000000"
MU,2022,0.0,SEC XBRL quarterly revenue + USASpending.gov federal contract obligations,https://api.usaspending.gov/api/v2/search/spending_over_time/,2026-09-12,"4/4 quarters, obligations $0 / revenue $27156000000"
MU,2023,0.0,SEC XBRL quarterly revenue + USASpending.gov federal contract obligations,https://api.usaspending.gov/api/v2/search/spending_over_time/,2026-09-12,"4/4 quarters, obligations $0 / revenue $16181000000"
MU,2024,0.0,SEC XBRL quarterly revenue + USASpending.gov federal contract obligations,https://api.usaspending.gov/api/v2/search/spending_over_time/,2026-09-12,"4/4 quarters, obligations $0 / revenue $29094000000"
MU,2025,0.0,SEC XBRL quarterly revenue + USASpending.gov federal contract obligations,https://api.usaspending.gov/api/v2/search/spending_over_time/,2026-09-12,"4/4 quarters, obligations $0 / revenue $42312000000"
NCLH,2018,0.0,SEC XBRL quarterly revenue + USASpending.gov federal contract obligations,https://api.usaspending.gov/api/v2/search/spending_over_time/,2026-09-12,"4/4 quarters, obligations $0 / revenue $6055126000"
NCLH,2019,0.0,SEC XBRL quarterly revenue + USASpending.gov federal contract obligations,https://api.usaspending.gov/api/v2/search/spending_over_time/,2026-09-12,"4/4 quarters, obligations $0 / revenue $6462376000"
NCLH,2020,0.0,SEC XBRL quarterly revenue + USASpending.gov federal contract obligations,https://api.usaspending.gov/api/v2/search/spending_over_time/,2026-09-12,"4/4 quarters, obligations $0 / revenue $1279908000"
NCLH,2021,0.0,SEC XBRL quarterly revenue + USASpending.gov federal contract obligations,https://api.usaspending.gov/api/v2/search/spending_over_time/,2026-09-12,"4/4 quarters, obligations $0 / revenue $647986000"
NCLH,2022,0.0,SEC XBRL quarterly revenue + USASpending.gov federal contract obligations,https://api.usaspending.gov/api/v2/search/spending_over_time/,2026-09-12,"4/4 quarters, obligations $0 / revenue $4843760000"
NCLH,2023,0.0,SEC XBRL quarterly revenue + USASpending.gov federal contract obligations,https://api.usaspending.gov/api/v2/search/spending_over_time/,2026-09-12,"4/4 quarters, obligations $0 / revenue $8549924000"
NCLH,2024,0.0,SEC XBRL quarterly revenue + USASpending.gov federal contract obligations,https://api.usaspending.gov/api/v2/search/spending_over_time/,2026-09-12,"4/4 quarters, obligations $0 / revenue $9479651000"
NCLH,2025,0.0,SEC XBRL quarterly revenue + USASpending.gov federal contract obligations,https://api.usaspending.gov/api/v2/search/spending_over_time/,2026-09-12,"4/4 quarters, obligations $0 / revenue $9827592000"
NDAQ,2018,0.0,SEC XBRL quarterly revenue + USASpending.gov federal contract obligations,https://api.usaspending.gov/api/v2/search/spending_over_time/,2026-09-12,"4/4 quarters, obligations $0 / revenue $4277000000"
NDAQ,2019,0.0,SEC XBRL quarterly revenue + USASpending.gov federal contract obligations,https://api.usaspending.gov/api/v2/search/spending_over_time/,2026-09-12,"4/4 quarters, obligations $0 / revenue $4258000000"
NDAQ,2020,0.0,SEC XBRL quarterly revenue + USASpending.gov federal contract obligations,https://api.usaspending.gov/api/v2/search/spending_over_time/,2026-09-12,"4/4 quarters, obligations $21225 / revenue $5625000000"
NDAQ,2021,0.0,SEC XBRL quarterly revenue + USASpending.gov federal contract obligations,https://api.usaspending.gov/api/v2/search/spending_over_time/,2026-09-12,"4/4 quarters, obligations $0 / revenue $5886000000"
NDAQ,2022,0.0,SEC XBRL quarterly revenue + USASpending.gov federal contract obligations,https://api.usaspending.gov/api/v2/search/spending_over_time/,2026-09-12,"4/4 quarters, obligations $0 / revenue $6226000000"
NDAQ,2023,0.0,SEC XBRL quarterly revenue + USASpending.gov federal contract obligations,https://api.usaspending.gov/api/v2/search/spending_over_time/,2026-09-12,"4/4 quarters, obligations $0 / revenue $6064000000"
NDAQ,2024,0.0,SEC XBRL quarterly revenue + USASpending.gov federal contract obligations,https://api.usaspending.gov/api/v2/search/spending_over_time/,2026-09-12,"4/4 quarters, obligations $0 / revenue $7400000000"
NDAQ,2025,0.0002,SEC XBRL quarterly revenue + USASpending.gov federal contract obligations,https://api.usaspending.gov/api/v2/search/spending_over_time/,2026-09-12,"4/4 quarters, obligations $1437503 / revenue $8262000000"
NDSN,2018,0.0003,SEC XBRL quarterly revenue + USASpending.gov federal contract obligations,https://api.usaspending.gov/api/v2/search/spending_over_time/,2026-09-12,"4/4 quarters, obligations $706034 / revenue $2254668000"
NDSN,2019,0.0,SEC XBRL quarterly revenue + USASpending.gov federal contract obligations,https://api.usaspending.gov/api/v2/search/spending_over_time/,2026-09-12,"4/4 quarters, obligations $68489 / revenue $2194226000"
NDSN,2020,0.0,SEC XBRL quarterly revenue + USASpending.gov federal contract obligations,https://api.usaspending.gov/api/v2/search/spending_over_time/,2026-09-12,"4/4 quarters, obligations $41914 / revenue $2121100000"
NDSN,2021,0.0,SEC XBRL quarterly revenue + USASpending.gov federal contract obligations,https://api.usaspending.gov/api/v2/search/spending_over_time/,2026-09-12,"4/4 quarters, obligations $15050 / revenue $2362209000"
NDSN,2022,0.0,SEC XBRL quarterly revenue + USASpending.gov federal contract obligations,https://api.usaspending.gov/api/v2/search/spending_over_time/,2026-09-12,"4/4 quarters, obligations $91566 / revenue $2590278000"
NDSN,2023,0.0001,SEC XBRL quarterly revenue + USASpending.gov federal contract obligations,https://api.usaspending.gov/api/v2/search/spending_over_time/,2026-09-12,"4/4 quarters, obligations $369216 / revenue $2628632000"
NDSN,2024,0.0002,SEC XBRL quarterly revenue + USASpending.gov federal contract obligations,https://api.usaspending.gov/api/v2/search/spending_over_time/,2026-09-12,"4/4 quarters, obligations $431529 / revenue $2689921000"
NDSN,2025,0.0,SEC XBRL quarterly revenue + USASpending.gov federal contract obligations,https://api.usaspending.gov/api/v2/search/spending_over_time/,2026-09-12,"4/4 quarters, obligations $121876 / revenue $2791687000"
NEE,2018,0.0,SEC XBRL quarterly revenue + USASpending.gov federal contract obligations,https://api.usaspending.gov/api/v2/search/spending_over_time/,2026-09-12,"4/4 quarters, obligations $0 / revenue $15400000000"
NEE,2019,0.0,SEC XBRL quarterly revenue + USASpending.gov federal contract obligations,https://api.usaspending.gov/api/v2/search/spending_over_time/,2026-09-12,"4/4 quarters, obligations $0 / revenue $17500000000"
NEE,2020,0.0,SEC XBRL quarterly revenue + USASpending.gov federal contract obligations,https://api.usaspending.gov/api/v2/search/spending_over_time/,2026-09-12,"4/4 quarters, obligations $0 / revenue $17000000000"
NEE,2021,0.0,SEC XBRL quarterly revenue + USASpending.gov federal contract obligations,https://api.usaspending.gov/api/v2/search/spending_over_time/,2026-09-12,"4/4 quarters, obligations $0 / revenue $18800000000"
NEE,2022,0.0,SEC XBRL quarterly revenue + USASpending.gov federal contract obligations,https://api.usaspending.gov/api/v2/search/spending_over_time/,2026-09-12,"4/4 quarters, obligations $0 / revenue $23000000000"
NEE,2023,0.0001,SEC XBRL quarterly revenue + USASpending.gov federal contract obligations,https://api.usaspending.gov/api/v2/search/spending_over_time/,2026-09-12,"4/4 quarters, obligations $1451561 / revenue $24800000000"
NEE,2024,0.0014,SEC XBRL quarterly revenue + USASpending.gov federal contract obligations,https://api.usaspending.gov/api/v2/search/spending_over_time/,2026-09-12,"4/4 quarters, obligations $32948673 / revenue $23500000000"
NEE,2025,0.0012,SEC XBRL quarterly revenue + USASpending.gov federal contract obligations,https://api.usaspending.gov/api/v2/search/spending_over_time/,2026-09-12,"4/4 quarters, obligations $30849921 / revenue $25800000000"
NEM,2018,0.0,SEC XBRL quarterly revenue + USASpending.gov federal contract obligations,https://api.usaspending.gov/api/v2/search/spending_over_time/,2026-09-12,"4/4 quarters, obligations $0 / revenue $7253000000"
NEM,2019,0.0,SEC XBRL quarterly revenue + USASpending.gov federal contract obligations,https://api.usaspending.gov/api/v2/search/spending_over_time/,2026-09-12,"4/4 quarters, obligations $0 / revenue $9740000000"
NEM,2020,0.0,SEC XBRL quarterly revenue + USASpending.gov federal contract obligations,https://api.usaspending.gov/api/v2/search/spending_over_time/,2026-09-12,"4/4 quarters, obligations $0 / revenue $11497000000"
NEM,2021,0.0,SEC XBRL quarterly revenue + USASpending.gov federal contract obligations,https://api.usaspending.gov/api/v2/search/spending_over_time/,2026-09-12,"4/4 quarters, obligations $0 / revenue $12222000000"
NEM,2022,0.0,SEC XBRL quarterly revenue + USASpending.gov federal contract obligations,https://api.usaspending.gov/api/v2/search/spending_over_time/,2026-09-12,"4/4 quarters, obligations $0 / revenue $11915000000"
NEM,2023,0.0,SEC XBRL quarterly revenue + USASpending.gov federal contract obligations,https://api.usaspending.gov/api/v2/search/spending_over_time/,2026-09-12,"4/4 quarters, obligations $0 / revenue $11812000000"
NEM,2024,0.0,SEC XBRL quarterly revenue + USASpending.gov federal contract obligations,https://api.usaspending.gov/api/v2/search/spending_over_time/,2026-09-12,"4/4 quarters, obligations $0 / revenue $18682000000"
NEM,2025,0.0,SEC XBRL quarterly revenue + USASpending.gov federal contract obligations,https://api.usaspending.gov/api/v2/search/spending_over_time/,2026-09-12,"4/4 quarters, obligations $0 / revenue $22669000000"
NFLX,2018,0.0,SEC XBRL quarterly revenue + USASpending.gov federal contract obligations,https://api.usaspending.gov/api/v2/search/spending_over_time/,2026-09-12,"4/4 quarters, obligations $0 / revenue $15794341000"
NFLX,2019,0.0,SEC XBRL quarterly revenue + USASpending.gov federal contract obligations,https://api.usaspending.gov/api/v2/search/spending_over_time/,2026-09-12,"4/4 quarters, obligations $0 / revenue $20156447000"
NFLX,2020,0.0,SEC XBRL quarterly revenue + USASpending.gov federal contract obligations,https://api.usaspending.gov/api/v2/search/spending_over_time/,2026-09-12,"4/4 quarters, obligations $0 / revenue $24996056000"
NFLX,2021,0.0,SEC XBRL quarterly revenue + USASpending.gov federal contract obligations,https://api.usaspending.gov/api/v2/search/spending_over_time/,2026-09-12,"4/4 quarters, obligations $0 / revenue $29697844000"
NFLX,2022,0.0,SEC XBRL quarterly revenue + USASpending.gov federal contract obligations,https://api.usaspending.gov/api/v2/search/spending_over_time/,2026-09-12,"4/4 quarters, obligations $0 / revenue $31615550000"
NFLX,2023,0.0,SEC XBRL quarterly revenue + USASpending.gov federal contract obligations,https://api.usaspending.gov/api/v2/search/spending_over_time/,2026-09-12,"4/4 quarters, obligations $0 / revenue $33723297000"
NFLX,2024,0.0,SEC XBRL quarterly revenue + USASpending.gov federal contract obligations,https://api.usaspending.gov/api/v2/search/spending_over_time/,2026-09-12,"4/4 quarters, obligations $0 / revenue $39000966000"
NFLX,2025,0.0,SEC XBRL quarterly revenue + USASpending.gov federal contract obligations,https://api.usaspending.gov/api/v2/search/spending_over_time/,2026-09-12,"4/4 quarters, obligations $0 / revenue $45183036000"
NI,2018,0.002,SEC XBRL quarterly revenue + USASpending.gov federal contract obligations,https://api.usaspending.gov/api/v2/search/spending_over_time/,2026-09-12,"4/4 quarters, obligations $10134568 / revenue $4991100000"
NI,2019,0.0014,SEC XBRL quarterly revenue + USASpending.gov federal contract obligations,https://api.usaspending.gov/api/v2/search/spending_over_time/,2026-09-12,"4/4 quarters, obligations $7195515 / revenue $5053400000"
NI,2020,0.0034,SEC XBRL quarterly revenue + USASpending.gov federal contract obligations,https://api.usaspending.gov/api/v2/search/spending_over_time/,2026-09-12,"4/4 quarters, obligations $15107058 / revenue $4473200000"
NI,2021,0.0026,SEC XBRL quarterly revenue + USASpending.gov federal contract obligations,https://api.usaspending.gov/api/v2/search/spending_over_time/,2026-09-12,"4/4 quarters, obligations $12472990 / revenue $4731300000"
NI,2022,0.0037,SEC XBRL quarterly revenue + USASpending.gov federal contract obligations,https://api.usaspending.gov/api/v2/search/spending_over_time/,2026-09-12,"4/4 quarters, obligations $21074229 / revenue $5738600000"
NI,2023,0.0021,SEC XBRL quarterly revenue + USASpending.gov federal contract obligations,https://api.usaspending.gov/api/v2/search/spending_over_time/,2026-09-12,"4/4 quarters, obligations $11160842 / revenue $5347800000"
NI,2024,0.0008,SEC XBRL quarterly revenue + USASpending.gov federal contract obligations,https://api.usaspending.gov/api/v2/search/spending_over_time/,2026-09-12,"4/4 quarters, obligations $7097242 / revenue $9026100000"
NI,2025,0.0004,SEC XBRL quarterly revenue + USASpending.gov federal contract obligations,https://api.usaspending.gov/api/v2/search/spending_over_time/,2026-09-12,"4/4 quarters, obligations $4810004 / revenue $11159000000"
NKE,2018,0.0,SEC XBRL quarterly revenue + USASpending.gov federal contract obligations,https://api.usaspending.gov/api/v2/search/spending_over_time/,2026-09-12,"4/4 quarters, obligations $-1033 / revenue $38095000000"
NKE,2019,0.0,SEC XBRL quarterly revenue + USASpending.gov federal contract obligations,https://api.usaspending.gov/api/v2/search/spending_over_time/,2026-09-12,"4/4 quarters, obligations $-959 / revenue $40781000000"
NKE,2020,0.0,SEC XBRL quarterly revenue + USASpending.gov federal contract obligations,https://api.usaspending.gov/api/v2/search/spending_over_time/,2026-09-12,"4/4 quarters, obligations $0 / revenue $38254000000"
NKE,2021,0.0,SEC XBRL quarterly revenue + USASpending.gov federal contract obligations,https://api.usaspending.gov/api/v2/search/spending_over_time/,2026-09-12,"4/4 quarters, obligations $0 / revenue $46306000000"
NKE,2022,0.0,SEC XBRL quarterly revenue + USASpending.gov federal contract obligations,https://api.usaspending.gov/api/v2/search/spending_over_time/,2026-09-12,"4/4 quarters, obligations $40000 / revenue $49107000000"
NKE,2023,0.0,SEC XBRL quarterly revenue + USASpending.gov federal contract obligations,https://api.usaspending.gov/api/v2/search/spending_over_time/,2026-09-12,"4/4 quarters, obligations $0 / revenue $51542000000"
NKE,2024,0.0,SEC XBRL quarterly revenue + USASpending.gov federal contract obligations,https://api.usaspending.gov/api/v2/search/spending_over_time/,2026-09-12,"4/4 quarters, obligations $47700 / revenue $48978000000"
NKE,2025,0.0,SEC XBRL quarterly revenue + USASpending.gov federal contract obligations,https://api.usaspending.gov/api/v2/search/spending_over_time/,2026-09-12,"4/4 quarters, obligations $17560 / revenue $46513000000"
NOC,2018,0.0,SEC XBRL quarterly revenue + USASpending.gov federal contract obligations,https://api.usaspending.gov/api/v2/search/spending_over_time/,2026-09-12,"4/4 quarters, obligations $0 / revenue $30095000000"
NOC,2019,0.0,SEC XBRL quarterly revenue + USASpending.gov federal contract obligations,https://api.usaspending.gov/api/v2/search/spending_over_time/,2026-09-12,"4/4 quarters, obligations $0 / revenue $33841000000"
NOC,2020,0.0762,SEC XBRL quarterly revenue + USASpending.gov federal contract obligations,https://api.usaspending.gov/api/v2/search/spending_over_time/,2026-09-12,"4/4 quarters, obligations $2802631986 / revenue $36799000000"
NOC,2021,0.4217,SEC XBRL quarterly revenue + USASpending.gov federal contract obligations,https://api.usaspending.gov/api/v2/search/spending_over_time/,2026-09-12,"4/4 quarters, obligations $15040675597 / revenue $35667000000"
NOC,2022,0.3724,SEC XBRL quarterly revenue + USASpending.gov federal contract obligations,https://api.usaspending.gov/api/v2/search/spending_over_time/,2026-09-12,"4/4 quarters, obligations $13632248616 / revenue $36602000000"
NOC,2023,0.4186,SEC XBRL quarterly revenue + USASpending.gov federal contract obligations,https://api.usaspending.gov/api/v2/search/spending_over_time/,2026-09-12,"4/4 quarters, obligations $16445769802 / revenue $39290000000"
NOC,2024,0.4036,SEC XBRL quarterly revenue + USASpending.gov federal contract obligations,https://api.usaspending.gov/api/v2/search/spending_over_time/,2026-09-12,"4/4 quarters, obligations $16562016498 / revenue $41033000000"
NOC,2025,0.2504,SEC XBRL quarterly revenue + USASpending.gov federal contract obligations,https://api.usaspending.gov/api/v2/search/spending_over_time/,2026-09-12,"4/4 quarters, obligations $10506080878 / revenue $41954000000"
NOW,2018,0.0,SEC XBRL quarterly revenue + USASpending.gov federal contract obligations,https://api.usaspending.gov/api/v2/search/spending_over_time/,2026-09-12,"4/4 quarters, obligations $0 / revenue $2608816000"
NOW,2019,0.0,SEC XBRL quarterly revenue + USASpending.gov federal contract obligations,https://api.usaspending.gov/api/v2/search/spending_over_time/,2026-09-12,"4/4 quarters, obligations $0 / revenue $3460000000"
NOW,2020,0.0001,SEC XBRL quarterly revenue + USASpending.gov federal contract obligations,https://api.usaspending.gov/api/v2/search/spending_over_time/,2026-09-12,"4/4 quarters, obligations $531026 / revenue $4519000000"
NOW,2021,0.0001,SEC XBRL quarterly revenue + USASpending.gov federal contract obligations,https://api.usaspending.gov/api/v2/search/spending_over_time/,2026-09-12,"4/4 quarters, obligations $456779 / revenue $5896000000"
NOW,2022,0.0001,SEC XBRL quarterly revenue + USASpending.gov federal contract obligations,https://api.usaspending.gov/api/v2/search/spending_over_time/,2026-09-12,"4/4 quarters, obligations $505640 / revenue $7245000000"
NOW,2023,0.0001,SEC XBRL quarterly revenue + USASpending.gov federal contract obligations,https://api.usaspending.gov/api/v2/search/spending_over_time/,2026-09-12,"4/4 quarters, obligations $749147 / revenue $8971000000"
NOW,2024,0.0001,SEC XBRL quarterly revenue + USASpending.gov federal contract obligations,https://api.usaspending.gov/api/v2/search/spending_over_time/,2026-09-12,"4/4 quarters, obligations $749147 / revenue $10984000000"
NOW,2025,0.0001,SEC XBRL quarterly revenue + USASpending.gov federal contract obligations,https://api.usaspending.gov/api/v2/search/spending_over_time/,2026-09-12,"4/4 quarters, obligations $749147 / revenue $13278000000"
NRG,2018,0.0003,SEC XBRL quarterly revenue + USASpending.gov federal contract obligations,https://api.usaspending.gov/api/v2/search/spending_over_time/,2026-09-12,"4/4 quarters, obligations $2625305 / revenue $9478000000"
NRG,2019,0.0028,SEC XBRL quarterly revenue + USASpending.gov federal contract obligations,https://api.usaspending.gov/api/v2/search/spending_over_time/,2026-09-12,"4/4 quarters, obligations $23267809 / revenue $8261000000"
NRG,2020,0.0007,SEC XBRL quarterly revenue + USASpending.gov federal contract obligations,https://api.usaspending.gov/api/v2/search/spending_over_time/,2026-09-12,"4/4 quarters, obligations $5993046 / revenue $8690000000"
NRG,2021,0.0017,SEC XBRL quarterly revenue + USASpending.gov federal contract obligations,https://api.usaspending.gov/api/v2/search/spending_over_time/,2026-09-12,"4/4 quarters, obligations $44975767 / revenue $26777000000"
NRG,2022,0.0004,SEC XBRL quarterly revenue + USASpending.gov federal contract obligations,https://api.usaspending.gov/api/v2/search/spending_over_time/,2026-09-12,"4/4 quarters, obligations $14085398 / revenue $31488000000"
NRG,2023,0.0,SEC XBRL quarterly revenue + USASpending.gov federal contract obligations,https://api.usaspending.gov/api/v2/search/spending_over_time/,2026-09-12,"4/4 quarters, obligations $1361628 / revenue $28256000000"
NRG,2024,0.0,SEC XBRL quarterly revenue + USASpending.gov federal contract obligations,https://api.usaspending.gov/api/v2/search/spending_over_time/,2026-09-12,"4/4 quarters, obligations $48000 / revenue $27748000000"
NRG,2025,0.0,SEC XBRL quarterly revenue + USASpending.gov federal contract obligations,https://api.usaspending.gov/api/v2/search/spending_over_time/,2026-09-12,"4/4 quarters, obligations $155500 / revenue $30347000000"
NSC,2018,0.0,SEC XBRL quarterly revenue + USASpending.gov federal contract obligations,https://api.usaspending.gov/api/v2/search/spending_over_time/,2026-09-12,"4/4 quarters, obligations $21697 / revenue $11458000000"
NSC,2019,0.0,SEC XBRL quarterly revenue + USASpending.gov federal contract obligations,https://api.usaspending.gov/api/v2/search/spending_over_time/,2026-09-12,"4/4 quarters, obligations $22566 / revenue $11296000000"
NSC,2020,0.0,SEC XBRL quarterly revenue + USASpending.gov federal contract obligations,https://api.usaspending.gov/api/v2/search/spending_over_time/,2026-09-12,"4/4 quarters, obligations $55460 / revenue $9789000000"
NSC,2021,0.0,SEC XBRL quarterly revenue + USASpending.gov federal contract obligations,https://api.usaspending.gov/api/v2/search/spending_over_time/,2026-09-12,"4/4 quarters, obligations $-279479 / revenue $11142000000"
NSC,2022,0.0,SEC XBRL quarterly revenue + USASpending.gov federal contract obligations,https://api.usaspending.gov/api/v2/search/spending_over_time/,2026-09-12,"4/4 quarters, obligations $21040 / revenue $12745000000"
NSC,2023,0.0,SEC XBRL quarterly revenue + USASpending.gov federal contract obligations,https://api.usaspending.gov/api/v2/search/spending_over_time/,2026-09-12,"4/4 quarters, obligations $21880 / revenue $12156000000"
NSC,2024,0.0,SEC XBRL quarterly revenue + USASpending.gov federal contract obligations,https://api.usaspending.gov/api/v2/search/spending_over_time/,2026-09-12,"4/4 quarters, obligations $-16128 / revenue $12123000000"
NSC,2025,0.0,SEC XBRL quarterly revenue + USASpending.gov federal contract obligations,https://api.usaspending.gov/api/v2/search/spending_over_time/,2026-09-12,"4/4 quarters, obligations $-19207 / revenue $12180000000"
NTAP,2018,0.0,SEC XBRL quarterly revenue + USASpending.gov federal contract obligations,https://api.usaspending.gov/api/v2/search/spending_over_time/,2026-09-12,"4/4 quarters, obligations $0 / revenue $6174000000"
NTAP,2019,0.0,SEC XBRL quarterly revenue + USASpending.gov federal contract obligations,https://api.usaspending.gov/api/v2/search/spending_over_time/,2026-09-12,"4/4 quarters, obligations $0 / revenue $5762000000"
NTAP,2020,0.0,SEC XBRL quarterly revenue + USASpending.gov federal contract obligations,https://api.usaspending.gov/api/v2/search/spending_over_time/,2026-09-12,"4/4 quarters, obligations $0 / revenue $5524000000"
NTAP,2021,0.0,SEC XBRL quarterly revenue + USASpending.gov federal contract obligations,https://api.usaspending.gov/api/v2/search/spending_over_time/,2026-09-12,"4/4 quarters, obligations $6280 / revenue $6049000000"
NTAP,2022,0.0,SEC XBRL quarterly revenue + USASpending.gov federal contract obligations,https://api.usaspending.gov/api/v2/search/spending_over_time/,2026-09-12,"3/4 quarters, obligations $0 / revenue $4051000000"
NTAP,2023,0.0,SEC XBRL quarterly revenue + USASpending.gov federal contract obligations,https://api.usaspending.gov/api/v2/search/spending_over_time/,2026-09-12,"4/4 quarters, obligations $0 / revenue $6101000000"
NTAP,2024,0.0,SEC XBRL quarterly revenue + USASpending.gov federal contract obligations,https://api.usaspending.gov/api/v2/search/spending_over_time/,2026-09-12,"4/4 quarters, obligations $0 / revenue $6473000000"
NTAP,2025,0.0,SEC XBRL quarterly revenue + USASpending.gov federal contract obligations,https://api.usaspending.gov/api/v2/search/spending_over_time/,2026-09-12,"4/4 quarters, obligations $0 / revenue $6637000000"
NTRS,2018,0.0,SEC XBRL quarterly revenue + USASpending.gov federal contract obligations,https://api.usaspending.gov/api/v2/search/spending_over_time/,2026-09-12,"2/4 quarters, obligations $-192929 / revenue $1882100000"
NTRS,2019,0.0,SEC XBRL quarterly revenue + USASpending.gov federal contract obligations,https://api.usaspending.gov/api/v2/search/spending_over_time/,2026-09-12,"4/4 quarters, obligations $0 / revenue $3852100000"
NTRS,2020,0.0,SEC XBRL quarterly revenue + USASpending.gov federal contract obligations,https://api.usaspending.gov/api/v2/search/spending_over_time/,2026-09-12,"4/4 quarters, obligations $0 / revenue $3995000000"
NTRS,2021,0.0,SEC XBRL quarterly revenue + USASpending.gov federal contract obligations,https://api.usaspending.gov/api/v2/search/spending_over_time/,2026-09-12,"4/4 quarters, obligations $0 / revenue $4361100000"
NTRS,2022,0.0,SEC XBRL quarterly revenue + USASpending.gov federal contract obligations,https://api.usaspending.gov/api/v2/search/spending_over_time/,2026-09-12,"4/4 quarters, obligations $0 / revenue $4432600000"
NTRS,2023,0.0,SEC XBRL quarterly revenue + USASpending.gov federal contract obligations,https://api.usaspending.gov/api/v2/search/spending_over_time/,2026-09-12,"4/4 quarters, obligations $0 / revenue $4361800000"
NTRS,2024,0.0,SEC XBRL quarterly revenue + USASpending.gov federal contract obligations,https://api.usaspending.gov/api/v2/search/spending_over_time/,2026-09-12,"4/4 quarters, obligations $0 / revenue $4727800000"
NTRS,2025,0.0,SEC XBRL quarterly revenue + USASpending.gov federal contract obligations,https://api.usaspending.gov/api/v2/search/spending_over_time/,2026-09-12,"4/4 quarters, obligations $0 / revenue $5017800000"
NUE,2018,0.0,SEC XBRL quarterly revenue + USASpending.gov federal contract obligations,https://api.usaspending.gov/api/v2/search/spending_over_time/,2026-09-12,"4/4 quarters, obligations $429812 / revenue $25067279000"
NUE,2019,0.0001,SEC XBRL quarterly revenue + USASpending.gov federal contract obligations,https://api.usaspending.gov/api/v2/search/spending_over_time/,2026-09-12,"4/4 quarters, obligations $1690777 / revenue $22588858000"
NUE,2020,0.0,SEC XBRL quarterly revenue + USASpending.gov federal contract obligations,https://api.usaspending.gov/api/v2/search/spending_over_time/,2026-09-12,"3/4 quarters, obligations $542582 / revenue $15211698000"
NUE,2021,0.0,SEC XBRL quarterly revenue + USASpending.gov federal contract obligations,https://api.usaspending.gov/api/v2/search/spending_over_time/,2026-09-12,"3/4 quarters, obligations $290553 / revenue $26170716000"
NUE,2022,0.0,SEC XBRL quarterly revenue + USASpending.gov federal contract obligations,https://api.usaspending.gov/api/v2/search/spending_over_time/,2026-09-12,"3/4 quarters, obligations $89571 / revenue $31011712000"
NUE,2023,0.0,SEC XBRL quarterly revenue + USASpending.gov federal contract obligations,https://api.usaspending.gov/api/v2/search/spending_over_time/,2026-09-12,"3/4 quarters, obligations $654798 / revenue $25190000000"
NUE,2024,0.0,SEC XBRL quarterly revenue + USASpending.gov federal contract obligations,https://api.usaspending.gov/api/v2/search/spending_over_time/,2026-09-12,"4/4 quarters, obligations $770422 / revenue $30734000000"
NUE,2025,0.0,SEC XBRL quarterly revenue + USASpending.gov federal contract obligations,https://api.usaspending.gov/api/v2/search/spending_over_time/,2026-09-12,"3/4 quarters, obligations $685578 / revenue $23973000000"
NVDA,2018,0.0,SEC XBRL quarterly revenue + USASpending.gov federal contract obligations,https://api.usaspending.gov/api/v2/search/spending_over_time/,2026-09-12,"4/4 quarters, obligations $10199 / revenue $12422000000"
NVDA,2019,0.0,SEC XBRL quarterly revenue + USASpending.gov federal contract obligations,https://api.usaspending.gov/api/v2/search/spending_over_time/,2026-09-12,"4/4 quarters, obligations $-1200 / revenue $10018000000"
NVDA,2020,0.0,SEC XBRL quarterly revenue + USASpending.gov federal contract obligations,https://api.usaspending.gov/api/v2/search/spending_over_time/,2026-09-12,"4/4 quarters, obligations $1200 / revenue $14777000000"
NVDA,2021,0.0,SEC XBRL quarterly revenue + USASpending.gov federal contract obligations,https://api.usaspending.gov/api/v2/search/spending_over_time/,2026-09-12,"4/4 quarters, obligations $0 / revenue $24274000000"
NVDA,2022,0.0,SEC XBRL quarterly revenue + USASpending.gov federal contract obligations,https://api.usaspending.gov/api/v2/search/spending_over_time/,2026-09-12,"4/4 quarters, obligations $0 / revenue $28566000000"
NVDA,2023,0.0,SEC XBRL quarterly revenue + USASpending.gov federal contract obligations,https://api.usaspending.gov/api/v2/search/spending_over_time/,2026-09-12,"4/4 quarters, obligations $0 / revenue $44870000000"
NVDA,2024,0.0,SEC XBRL quarterly revenue + USASpending.gov federal contract obligations,https://api.usaspending.gov/api/v2/search/spending_over_time/,2026-09-12,"4/4 quarters, obligations $0 / revenue $113269000000"
NVDA,2025,0.0,SEC XBRL quarterly revenue + USASpending.gov federal contract obligations,https://api.usaspending.gov/api/v2/search/spending_over_time/,2026-09-12,"4/4 quarters, obligations $0 / revenue $187142000000"
NVR,2018,0.0001,SEC XBRL quarterly revenue + USASpending.gov federal contract obligations,https://api.usaspending.gov/api/v2/search/spending_over_time/,2026-09-12,"4/4 quarters, obligations $1015544 / revenue $7163674000"
NVR,2019,0.0001,SEC XBRL quarterly revenue + USASpending.gov federal contract obligations,https://api.usaspending.gov/api/v2/search/spending_over_time/,2026-09-12,"4/4 quarters, obligations $522019 / revenue $7388664000"
NVR,2020,0.0001,SEC XBRL quarterly revenue + USASpending.gov federal contract obligations,https://api.usaspending.gov/api/v2/search/spending_over_time/,2026-09-12,"4/4 quarters, obligations $595124 / revenue $7536923000"
NVR,2021,0.0001,SEC XBRL quarterly revenue + USASpending.gov federal contract obligations,https://api.usaspending.gov/api/v2/search/spending_over_time/,2026-09-12,"4/4 quarters, obligations $676403 / revenue $8951025000"
NVR,2022,0.0,SEC XBRL quarterly revenue + USASpending.gov federal contract obligations,https://api.usaspending.gov/api/v2/search/spending_over_time/,2026-09-12,"4/4 quarters, obligations $178583 / revenue $10526434000"
NVR,2023,0.0002,SEC XBRL quarterly revenue + USASpending.gov federal contract obligations,https://api.usaspending.gov/api/v2/search/spending_over_time/,2026-09-12,"4/4 quarters, obligations $2254615 / revenue $9518202000"
NVR,2024,0.0001,SEC XBRL quarterly revenue + USASpending.gov federal contract obligations,https://api.usaspending.gov/api/v2/search/spending_over_time/,2026-09-12,"4/4 quarters, obligations $574363 / revenue $10524479000"
NVR,2025,0.0,SEC XBRL quarterly revenue + USASpending.gov federal contract obligations,https://api.usaspending.gov/api/v2/search/spending_over_time/,2026-09-12,"4/4 quarters, obligations $159565 / revenue $10323959000"
NWS,2018,0.0095,SEC XBRL quarterly revenue + USASpending.gov federal contract obligations,https://api.usaspending.gov/api/v2/search/spending_over_time/,2026-09-12,"4/4 quarters, obligations $94329938 / revenue $9937000000"
NWS,2019,0.0123,SEC XBRL quarterly revenue + USASpending.gov federal contract obligations,https://api.usaspending.gov/api/v2/search/spending_over_time/,2026-09-12,"4/4 quarters, obligations $120155894 / revenue $9742000000"
NWS,2020,0.0105,SEC XBRL quarterly revenue + USASpending.gov federal contract obligations,https://api.usaspending.gov/api/v2/search/spending_over_time/,2026-09-12,"4/4 quarters, obligations $91296554 / revenue $8720000000"
NWS,2021,0.0064,SEC XBRL quarterly revenue + USASpending.gov federal contract obligations,https://api.usaspending.gov/api/v2/search/spending_over_time/,2026-09-12,"4/4 quarters, obligations $63794352 / revenue $10046000000"
NWS,2022,0.0053,SEC XBRL quarterly revenue + USASpending.gov federal contract obligations,https://api.usaspending.gov/api/v2/search/spending_over_time/,2026-09-12,"4/4 quarters, obligations $53991975 / revenue $10165000000"
NWS,2023,0.0034,SEC XBRL quarterly revenue + USASpending.gov federal contract obligations,https://api.usaspending.gov/api/v2/search/spending_over_time/,2026-09-12,"4/4 quarters, obligations $24150455 / revenue $7179000000"
NWS,2024,0.0014,SEC XBRL quarterly revenue + USASpending.gov federal contract obligations,https://api.usaspending.gov/api/v2/search/spending_over_time/,2026-09-12,"4/4 quarters, obligations $11900871 / revenue $8420000000"
NWS,2025,0.0021,SEC XBRL quarterly revenue + USASpending.gov federal contract obligations,https://api.usaspending.gov/api/v2/search/spending_over_time/,2026-09-12,"4/4 quarters, obligations $17746595 / revenue $8624000000"
NWSA,2018,0.0095,SEC XBRL quarterly revenue + USASpending.gov federal contract obligations,https://api.usaspending.gov/api/v2/search/spending_over_time/,2026-09-12,"4/4 quarters, obligations $94329938 / revenue $9937000000"
NWSA,2019,0.0123,SEC XBRL quarterly revenue + USASpending.gov federal contract obligations,https://api.usaspending.gov/api/v2/search/spending_over_time/,2026-09-12,"4/4 quarters, obligations $120155894 / revenue $9742000000"
NWSA,2020,0.0105,SEC XBRL quarterly revenue + USASpending.gov federal contract obligations,https://api.usaspending.gov/api/v2/search/spending_over_time/,2026-09-12,"4/4 quarters, obligations $91296554 / revenue $8720000000"
NWSA,2021,0.0064,SEC XBRL quarterly revenue + USASpending.gov federal contract obligations,https://api.usaspending.gov/api/v2/search/spending_over_time/,2026-09-12,"4/4 quarters, obligations $63794352 / revenue $10046000000"
NWSA,2022,0.0053,SEC XBRL quarterly revenue + USASpending.gov federal contract obligations,https://api.usaspending.gov/api/v2/search/spending_over_time/,2026-09-12,"4/4 quarters, obligations $53991975 / revenue $10165000000"
NWSA,2023,0.0034,SEC XBRL quarterly revenue + USASpending.gov federal contract obligations,https://api.usaspending.gov/api/v2/search/spending_over_time/,2026-09-12,"4/4 quarters, obligations $24150455 / revenue $7179000000"
NWSA,2024,0.0014,SEC XBRL quarterly revenue + USASpending.gov federal contract obligations,https://api.usaspending.gov/api/v2/search/spending_over_time/,2026-09-12,"4/4 quarters, obligations $11900871 / revenue $8420000000"
NWSA,2025,0.0021,SEC XBRL quarterly revenue + USASpending.gov federal contract obligations,https://api.usaspending.gov/api/v2/search/spending_over_time/,2026-09-12,"4/4 quarters, obligations $17746595 / revenue $8624000000"
O,2018,0.0,SEC XBRL quarterly revenue + USASpending.gov federal contract obligations,https://api.usaspending.gov/api/v2/search/spending_over_time/,2026-09-12,"4/4 quarters, obligations $0 / revenue $1327838000"
O,2019,0.0,SEC XBRL quarterly revenue + USASpending.gov federal contract obligations,https://api.usaspending.gov/api/v2/search/spending_over_time/,2026-09-12,"4/4 quarters, obligations $0 / revenue $1491591000"
O,2020,0.0,SEC XBRL quarterly revenue + USASpending.gov federal contract obligations,https://api.usaspending.gov/api/v2/search/spending_over_time/,2026-09-12,"4/4 quarters, obligations $0 / revenue $1651625000"
O,2021,0.0002,SEC XBRL quarterly revenue + USASpending.gov federal contract obligations,https://api.usaspending.gov/api/v2/search/spending_over_time/,2026-09-12,"4/4 quarters, obligations $341619 / revenue $2080463000"
O,2022,0.0,SEC XBRL quarterly revenue + USASpending.gov federal contract obligations,https://api.usaspending.gov/api/v2/search/spending_over_time/,2026-09-12,"4/4 quarters, obligations $0 / revenue $3343681000"
O,2023,0.0,SEC XBRL quarterly revenue + USASpending.gov federal contract obligations,https://api.usaspending.gov/api/v2/search/spending_over_time/,2026-09-12,"4/4 quarters, obligations $0 / revenue $4078993000"
O,2024,0.0,SEC XBRL quarterly revenue + USASpending.gov federal contract obligations,https://api.usaspending.gov/api/v2/search/spending_over_time/,2026-09-12,"4/4 quarters, obligations $0 / revenue $5271142000"
O,2025,0.0,SEC XBRL quarterly revenue + USASpending.gov federal contract obligations,https://api.usaspending.gov/api/v2/search/spending_over_time/,2026-09-12,"4/4 quarters, obligations $0 / revenue $5749377000"
ODFL,2018,0.0,SEC XBRL quarterly revenue + USASpending.gov federal contract obligations,https://api.usaspending.gov/api/v2/search/spending_over_time/,2026-09-12,"4/4 quarters, obligations $0 / revenue $4043695000"
ODFL,2019,0.0,SEC XBRL quarterly revenue + USASpending.gov federal contract obligations,https://api.usaspending.gov/api/v2/search/spending_over_time/,2026-09-12,"4/4 quarters, obligations $0 / revenue $4109111000"
ODFL,2020,0.0,SEC XBRL quarterly revenue + USASpending.gov federal contract obligations,https://api.usaspending.gov/api/v2/search/spending_over_time/,2026-09-12,"4/4 quarters, obligations $0 / revenue $4015129000"
ODFL,2021,0.0,SEC XBRL quarterly revenue + USASpending.gov federal contract obligations,https://api.usaspending.gov/api/v2/search/spending_over_time/,2026-09-12,"4/4 quarters, obligations $0 / revenue $5256328000"
ODFL,2022,0.0,SEC XBRL quarterly revenue + USASpending.gov federal contract obligations,https://api.usaspending.gov/api/v2/search/spending_over_time/,2026-09-12,"4/4 quarters, obligations $0 / revenue $6260077000"
ODFL,2023,0.0,SEC XBRL quarterly revenue + USASpending.gov federal contract obligations,https://api.usaspending.gov/api/v2/search/spending_over_time/,2026-09-12,"4/4 quarters, obligations $0 / revenue $5866152000"
ODFL,2024,0.0,SEC XBRL quarterly revenue + USASpending.gov federal contract obligations,https://api.usaspending.gov/api/v2/search/spending_over_time/,2026-09-12,"4/4 quarters, obligations $0 / revenue $5814810000"
ODFL,2025,0.0,SEC XBRL quarterly revenue + USASpending.gov federal contract obligations,https://api.usaspending.gov/api/v2/search/spending_over_time/,2026-09-12,"4/4 quarters, obligations $0 / revenue $5496389000"
OKE,2018,0.0,SEC XBRL quarterly revenue + USASpending.gov federal contract obligations,https://api.usaspending.gov/api/v2/search/spending_over_time/,2026-09-12,"4/4 quarters, obligations $0 / revenue $12593196000"
OKE,2019,0.0,SEC XBRL quarterly revenue + USASpending.gov federal contract obligations,https://api.usaspending.gov/api/v2/search/spending_over_time/,2026-09-12,"4/4 quarters, obligations $0 / revenue $10164367000"
OKE,2020,0.0,SEC XBRL quarterly revenue + USASpending.gov federal contract obligations,https://api.usaspending.gov/api/v2/search/spending_over_time/,2026-09-12,"4/4 quarters, obligations $0 / revenue $8542242000"
OKE,2021,0.0,SEC XBRL quarterly revenue + USASpending.gov federal contract obligations,https://api.usaspending.gov/api/v2/search/spending_over_time/,2026-09-12,"4/4 quarters, obligations $0 / revenue $16540000000"
OKE,2022,0.0,SEC XBRL quarterly revenue + USASpending.gov federal contract obligations,https://api.usaspending.gov/api/v2/search/spending_over_time/,2026-09-12,"4/4 quarters, obligations $0 / revenue $22387000000"
OKE,2023,0.0,SEC XBRL quarterly revenue + USASpending.gov federal contract obligations,https://api.usaspending.gov/api/v2/search/spending_over_time/,2026-09-12,"4/4 quarters, obligations $0 / revenue $17677000000"
OKE,2024,0.0,SEC XBRL quarterly revenue + USASpending.gov federal contract obligations,https://api.usaspending.gov/api/v2/search/spending_over_time/,2026-09-12,"4/4 quarters, obligations $0 / revenue $21698000000"
OKE,2025,0.0,SEC XBRL quarterly revenue + USASpending.gov federal contract obligations,https://api.usaspending.gov/api/v2/search/spending_over_time/,2026-09-12,"4/4 quarters, obligations $0 / revenue $33629000000"
ON,2018,0.0,SEC XBRL quarterly revenue + USASpending.gov federal contract obligations,https://api.usaspending.gov/api/v2/search/spending_over_time/,2026-09-12,"4/4 quarters, obligations $44850 / revenue $5878300000"
ON,2019,0.0,SEC XBRL quarterly revenue + USASpending.gov federal contract obligations,https://api.usaspending.gov/api/v2/search/spending_over_time/,2026-09-12,"4/4 quarters, obligations $17300 / revenue $5517900000"
ON,2020,0.0001,SEC XBRL quarterly revenue + USASpending.gov federal contract obligations,https://api.usaspending.gov/api/v2/search/spending_over_time/,2026-09-12,"3/4 quarters, obligations $278869 / revenue $3937700000"
ON,2021,0.0,SEC XBRL quarterly revenue + USASpending.gov federal contract obligations,https://api.usaspending.gov/api/v2/search/spending_over_time/,2026-09-12,"3/4 quarters, obligations $82000 / revenue $4997700000"
ON,2022,0.0,SEC XBRL quarterly revenue + USASpending.gov federal contract obligations,https://api.usaspending.gov/api/v2/search/spending_over_time/,2026-09-12,"3/4 quarters, obligations $148000 / revenue $6241200000"
ON,2023,0.0,SEC XBRL quarterly revenue + USASpending.gov federal contract obligations,https://api.usaspending.gov/api/v2/search/spending_over_time/,2026-09-12,"4/4 quarters, obligations $111050 / revenue $8253000000"
ON,2024,0.0,SEC XBRL quarterly revenue + USASpending.gov federal contract obligations,https://api.usaspending.gov/api/v2/search/spending_over_time/,2026-09-12,"4/4 quarters, obligations $0 / revenue $7082300000"
ON,2025,0.0,SEC XBRL quarterly revenue + USASpending.gov federal contract obligations,https://api.usaspending.gov/api/v2/search/spending_over_time/,2026-09-12,"3/4 quarters, obligations $0 / revenue $4444500000"
ORCL,2018,0.0,SEC XBRL quarterly revenue + USASpending.gov federal contract obligations,https://api.usaspending.gov/api/v2/search/spending_over_time/,2026-09-12,"4/4 quarters, obligations $0 / revenue $67814000000"
ORCL,2019,0.0,SEC XBRL quarterly revenue + USASpending.gov federal contract obligations,https://api.usaspending.gov/api/v2/search/spending_over_time/,2026-09-12,"4/4 quarters, obligations $0 / revenue $67952000000"
ORCL,2020,0.0018,SEC XBRL quarterly revenue + USASpending.gov federal contract obligations,https://api.usaspending.gov/api/v2/search/spending_over_time/,2026-09-12,"4/4 quarters, obligations $120050187 / revenue $68031000000"
ORCL,2021,0.0143,SEC XBRL quarterly revenue + USASpending.gov federal contract obligations,https://api.usaspending.gov/api/v2/search/spending_over_time/,2026-09-12,"4/4 quarters, obligations $1011247054 / revenue $70652000000"
ORCL,2022,0.0264,SEC XBRL quarterly revenue + USASpending.gov federal contract obligations,https://api.usaspending.gov/api/v2/search/spending_over_time/,2026-09-12,"4/4 quarters, obligations $2027972916 / revenue $76673000000"
ORCL,2023,0.0154,SEC XBRL quarterly revenue + USASpending.gov federal contract obligations,https://api.usaspending.gov/api/v2/search/spending_over_time/,2026-09-12,"4/4 quarters, obligations $794578248 / revenue $51628000000"
ORCL,2024,0.0173,SEC XBRL quarterly revenue + USASpending.gov federal contract obligations,https://api.usaspending.gov/api/v2/search/spending_over_time/,2026-09-12,"4/4 quarters, obligations $947767526 / revenue $54933000000"
ORCL,2025,0.0173,SEC XBRL quarterly revenue + USASpending.gov federal contract obligations,https://api.usaspending.gov/api/v2/search/spending_over_time/,2026-09-12,"4/4 quarters, obligations $1055968066 / revenue $61017000000"
ORLY,2018,0.0,SEC XBRL quarterly revenue + USASpending.gov federal contract obligations,https://api.usaspending.gov/api/v2/search/spending_over_time/,2026-09-12,"4/4 quarters, obligations $0 / revenue $9536428000"
ORLY,2019,0.0,SEC XBRL quarterly revenue + USASpending.gov federal contract obligations,https://api.usaspending.gov/api/v2/search/spending_over_time/,2026-09-12,"4/4 quarters, obligations $0 / revenue $10149985000"
ORLY,2020,0.0,SEC XBRL quarterly revenue + USASpending.gov federal contract obligations,https://api.usaspending.gov/api/v2/search/spending_over_time/,2026-09-12,"4/4 quarters, obligations $0 / revenue $11604493000"
ORLY,2021,0.0,SEC XBRL quarterly revenue + USASpending.gov federal contract obligations,https://api.usaspending.gov/api/v2/search/spending_over_time/,2026-09-12,"4/4 quarters, obligations $0 / revenue $13327563000"
ORLY,2022,0.0,SEC XBRL quarterly revenue + USASpending.gov federal contract obligations,https://api.usaspending.gov/api/v2/search/spending_over_time/,2026-09-12,"4/4 quarters, obligations $0 / revenue $14409860000"
ORLY,2023,0.0,SEC XBRL quarterly revenue + USASpending.gov federal contract obligations,https://api.usaspending.gov/api/v2/search/spending_over_time/,2026-09-12,"4/4 quarters, obligations $0 / revenue $15812250000"
ORLY,2024,0.0,SEC XBRL quarterly revenue + USASpending.gov federal contract obligations,https://api.usaspending.gov/api/v2/search/spending_over_time/,2026-09-12,"4/4 quarters, obligations $0 / revenue $16708479000"
ORLY,2025,0.0,SEC XBRL quarterly revenue + USASpending.gov federal contract obligations,https://api.usaspending.gov/api/v2/search/spending_over_time/,2026-09-12,"4/4 quarters, obligations $0 / revenue $17781992000"
OTIS,2019,0.0,SEC XBRL quarterly revenue + USASpending.gov federal contract obligations,https://api.usaspending.gov/api/v2/search/spending_over_time/,2026-09-12,"4/4 quarters, obligations $0 / revenue $13118000000"
OTIS,2020,0.0001,SEC XBRL quarterly revenue + USASpending.gov federal contract obligations,https://api.usaspending.gov/api/v2/search/spending_over_time/,2026-09-12,"4/4 quarters, obligations $705553 / revenue $12756000000"
OTIS,2021,0.0001,SEC XBRL quarterly revenue + USASpending.gov federal contract obligations,https://api.usaspending.gov/api/v2/search/spending_over_time/,2026-09-12,"4/4 quarters, obligations $1034994 / revenue $14298000000"
OTIS,2022,0.0005,SEC XBRL quarterly revenue + USASpending.gov federal contract obligations,https://api.usaspending.gov/api/v2/search/spending_over_time/,2026-09-12,"4/4 quarters, obligations $6371489 / revenue $13685000000"
OTIS,2023,0.0002,SEC XBRL quarterly revenue + USASpending.gov federal contract obligations,https://api.usaspending.gov/api/v2/search/spending_over_time/,2026-09-12,"4/4 quarters, obligations $2977687 / revenue $14209000000"
OTIS,2024,0.0003,SEC XBRL quarterly revenue + USASpending.gov federal contract obligations,https://api.usaspending.gov/api/v2/search/spending_over_time/,2026-09-12,"4/4 quarters, obligations $4071726 / revenue $14261000000"
OTIS,2025,0.0002,SEC XBRL quarterly revenue + USASpending.gov federal contract obligations,https://api.usaspending.gov/api/v2/search/spending_over_time/,2026-09-12,"4/4 quarters, obligations $3226180 / revenue $14431000000"
OXY,2018,0.0,SEC XBRL quarterly revenue + USASpending.gov federal contract obligations,https://api.usaspending.gov/api/v2/search/spending_over_time/,2026-09-12,"4/4 quarters, obligations $0 / revenue $17824000000"
OXY,2019,0.0,SEC XBRL quarterly revenue + USASpending.gov federal contract obligations,https://api.usaspending.gov/api/v2/search/spending_over_time/,2026-09-12,"4/4 quarters, obligations $0 / revenue $19192000000"
OXY,2020,0.0,SEC XBRL quarterly revenue + USASpending.gov federal contract obligations,https://api.usaspending.gov/api/v2/search/spending_over_time/,2026-09-12,"4/4 quarters, obligations $0 / revenue $17130000000"
OXY,2021,0.0,SEC XBRL quarterly revenue + USASpending.gov federal contract obligations,https://api.usaspending.gov/api/v2/search/spending_over_time/,2026-09-12,"4/4 quarters, obligations $0 / revenue $25959000000"
OXY,2022,0.0,SEC XBRL quarterly revenue + USASpending.gov federal contract obligations,https://api.usaspending.gov/api/v2/search/spending_over_time/,2026-09-12,"4/4 quarters, obligations $0 / revenue $36234000000"
OXY,2023,0.0,SEC XBRL quarterly revenue + USASpending.gov federal contract obligations,https://api.usaspending.gov/api/v2/search/spending_over_time/,2026-09-12,"4/4 quarters, obligations $0 / revenue $23230000000"
OXY,2024,0.0,SEC XBRL quarterly revenue + USASpending.gov federal contract obligations,https://api.usaspending.gov/api/v2/search/spending_over_time/,2026-09-12,"4/4 quarters, obligations $0 / revenue $22710000000"
OXY,2025,0.0,SEC XBRL quarterly revenue + USASpending.gov federal contract obligations,https://api.usaspending.gov/api/v2/search/spending_over_time/,2026-09-12,"4/4 quarters, obligations $0 / revenue $21569000000"
PANW,2018,0.0,SEC XBRL quarterly revenue + USASpending.gov federal contract obligations,https://api.usaspending.gov/api/v2/search/spending_over_time/,2026-09-12,"4/4 quarters, obligations $0 / revenue $2427800000"
PANW,2019,0.0,SEC XBRL quarterly revenue + USASpending.gov federal contract obligations,https://api.usaspending.gov/api/v2/search/spending_over_time/,2026-09-12,"4/4 quarters, obligations $0 / revenue $3015500000"
PANW,2020,0.0,SEC XBRL quarterly revenue + USASpending.gov federal contract obligations,https://api.usaspending.gov/api/v2/search/spending_over_time/,2026-09-12,"4/4 quarters, obligations $0 / revenue $3582500000"
PANW,2021,0.0,SEC XBRL quarterly revenue + USASpending.gov federal contract obligations,https://api.usaspending.gov/api/v2/search/spending_over_time/,2026-09-12,"4/4 quarters, obligations $-554450 / revenue $4557500000"
PANW,2022,0.0012,SEC XBRL quarterly revenue + USASpending.gov federal contract obligations,https://api.usaspending.gov/api/v2/search/spending_over_time/,2026-09-12,"4/4 quarters, obligations $7202535 / revenue $5817500000"
PANW,2023,0.0,SEC XBRL quarterly revenue + USASpending.gov federal contract obligations,https://api.usaspending.gov/api/v2/search/spending_over_time/,2026-09-12,"4/4 quarters, obligations $90000 / revenue $7207400000"
PANW,2024,0.0,SEC XBRL quarterly revenue + USASpending.gov federal contract obligations,https://api.usaspending.gov/api/v2/search/spending_over_time/,2026-09-12,"4/4 quarters, obligations $0 / revenue $8287900000"
PANW,2025,0.0,SEC XBRL quarterly revenue + USASpending.gov federal contract obligations,https://api.usaspending.gov/api/v2/search/spending_over_time/,2026-09-12,"4/4 quarters, obligations $0 / revenue $9556000000"
PAYX,2018,0.0,SEC XBRL quarterly revenue + USASpending.gov federal contract obligations,https://api.usaspending.gov/api/v2/search/spending_over_time/,2026-09-12,"4/4 quarters, obligations $0 / revenue $3432300000"
PAYX,2019,0.0,SEC XBRL quarterly revenue + USASpending.gov federal contract obligations,https://api.usaspending.gov/api/v2/search/spending_over_time/,2026-09-12,"4/4 quarters, obligations $0 / revenue $3947900000"
PAYX,2020,0.0,SEC XBRL quarterly revenue + USASpending.gov federal contract obligations,https://api.usaspending.gov/api/v2/search/spending_over_time/,2026-09-12,"4/4 quarters, obligations $0 / revenue $3897500000"
PAYX,2021,0.0,SEC XBRL quarterly revenue + USASpending.gov federal contract obligations,https://api.usaspending.gov/api/v2/search/spending_over_time/,2026-09-12,"4/4 quarters, obligations $0 / revenue $4274100000"
PAYX,2022,0.0,SEC XBRL quarterly revenue + USASpending.gov federal contract obligations,https://api.usaspending.gov/api/v2/search/spending_over_time/,2026-09-12,"4/4 quarters, obligations $0 / revenue $4748100000"
PAYX,2023,0.0,SEC XBRL quarterly revenue + USASpending.gov federal contract obligations,https://api.usaspending.gov/api/v2/search/spending_over_time/,2026-09-12,"4/4 quarters, obligations $0 / revenue $5030100000"
PAYX,2024,0.0,SEC XBRL quarterly revenue + USASpending.gov federal contract obligations,https://api.usaspending.gov/api/v2/search/spending_over_time/,2026-09-12,"4/4 quarters, obligations $0 / revenue $5214100000"
PAYX,2025,0.0,SEC XBRL quarterly revenue + USASpending.gov federal contract obligations,https://api.usaspending.gov/api/v2/search/spending_over_time/,2026-09-12,"4/4 quarters, obligations $0 / revenue $5843900000"
PCAR,2018,0.0,SEC XBRL quarterly revenue + USASpending.gov federal contract obligations,https://api.usaspending.gov/api/v2/search/spending_over_time/,2026-09-12,"4/4 quarters, obligations $0 / revenue $23495700000"
PCAR,2019,0.0,SEC XBRL quarterly revenue + USASpending.gov federal contract obligations,https://api.usaspending.gov/api/v2/search/spending_over_time/,2026-09-12,"4/4 quarters, obligations $0 / revenue $25599700000"
PCAR,2020,0.0,SEC XBRL quarterly revenue + USASpending.gov federal contract obligations,https://api.usaspending.gov/api/v2/search/spending_over_time/,2026-09-12,"4/4 quarters, obligations $0 / revenue $18728500000"
PCAR,2021,0.0,SEC XBRL quarterly revenue + USASpending.gov federal contract obligations,https://api.usaspending.gov/api/v2/search/spending_over_time/,2026-09-12,"4/4 quarters, obligations $0 / revenue $23522300000"
PCAR,2022,0.0,SEC XBRL quarterly revenue + USASpending.gov federal contract obligations,https://api.usaspending.gov/api/v2/search/spending_over_time/,2026-09-12,"4/4 quarters, obligations $0 / revenue $28819700000"
PCAR,2023,0.0,SEC XBRL quarterly revenue + USASpending.gov federal contract obligations,https://api.usaspending.gov/api/v2/search/spending_over_time/,2026-09-12,"4/4 quarters, obligations $0 / revenue $35127400000"
PCAR,2024,0.0,SEC XBRL quarterly revenue + USASpending.gov federal contract obligations,https://api.usaspending.gov/api/v2/search/spending_over_time/,2026-09-12,"4/4 quarters, obligations $0 / revenue $33663800000"
PCAR,2025,0.0,SEC XBRL quarterly revenue + USASpending.gov federal contract obligations,https://api.usaspending.gov/api/v2/search/spending_over_time/,2026-09-12,"4/4 quarters, obligations $0 / revenue $28444800000"
PCG,2018,0.0009,SEC XBRL quarterly revenue + USASpending.gov federal contract obligations,https://api.usaspending.gov/api/v2/search/spending_over_time/,2026-09-12,"4/4 quarters, obligations $14876935 / revenue $16759000000"
PCG,2019,0.0035,SEC XBRL quarterly revenue + USASpending.gov federal contract obligations,https://api.usaspending.gov/api/v2/search/spending_over_time/,2026-09-12,"4/4 quarters, obligations $60055769 / revenue $17129000000"
PCG,2020,0.0018,SEC XBRL quarterly revenue + USASpending.gov federal contract obligations,https://api.usaspending.gov/api/v2/search/spending_over_time/,2026-09-12,"4/4 quarters, obligations $32540215 / revenue $18469000000"
PCG,2021,0.0015,SEC XBRL quarterly revenue + USASpending.gov federal contract obligations,https://api.usaspending.gov/api/v2/search/spending_over_time/,2026-09-12,"4/4 quarters, obligations $30379698 / revenue $20642000000"
PCG,2022,0.001,SEC XBRL quarterly revenue + USASpending.gov federal contract obligations,https://api.usaspending.gov/api/v2/search/spending_over_time/,2026-09-12,"4/4 quarters, obligations $21651429 / revenue $21680000000"
PCG,2023,0.0011,SEC XBRL quarterly revenue + USASpending.gov federal contract obligations,https://api.usaspending.gov/api/v2/search/spending_over_time/,2026-09-12,"4/4 quarters, obligations $25681883 / revenue $24428000000"
PCG,2024,0.0005,SEC XBRL quarterly revenue + USASpending.gov federal contract obligations,https://api.usaspending.gov/api/v2/search/spending_over_time/,2026-09-12,"4/4 quarters, obligations $11548588 / revenue $24419000000"
PCG,2025,0.0,SEC XBRL quarterly revenue + USASpending.gov federal contract obligations,https://api.usaspending.gov/api/v2/search/spending_over_time/,2026-09-12,"4/4 quarters, obligations $0 / revenue $24935000000"
PEG,2018,0.0,SEC XBRL quarterly revenue + USASpending.gov federal contract obligations,https://api.usaspending.gov/api/v2/search/spending_over_time/,2026-09-12,"4/4 quarters, obligations $81881 / revenue $9696000000"
PEG,2019,0.0001,SEC XBRL quarterly revenue + USASpending.gov federal contract obligations,https://api.usaspending.gov/api/v2/search/spending_over_time/,2026-09-12,"4/4 quarters, obligations $614555 / revenue $9564000000"
PEG,2020,0.0002,SEC XBRL quarterly revenue + USASpending.gov federal contract obligations,https://api.usaspending.gov/api/v2/search/spending_over_time/,2026-09-12,"4/4 quarters, obligations $1568381 / revenue $9099000000"
PEG,2021,0.0,SEC XBRL quarterly revenue + USASpending.gov federal contract obligations,https://api.usaspending.gov/api/v2/search/spending_over_time/,2026-09-12,"4/4 quarters, obligations $77699 / revenue $10315000000"
PEG,2022,0.0,SEC XBRL quarterly revenue + USASpending.gov federal contract obligations,https://api.usaspending.gov/api/v2/search/spending_over_time/,2026-09-12,"4/4 quarters, obligations $210000 / revenue $11231000000"
PEG,2023,0.0,SEC XBRL quarterly revenue + USASpending.gov federal contract obligations,https://api.usaspending.gov/api/v2/search/spending_over_time/,2026-09-12,"4/4 quarters, obligations $0 / revenue $9254000000"
PEG,2024,0.0,SEC XBRL quarterly revenue + USASpending.gov federal contract obligations,https://api.usaspending.gov/api/v2/search/spending_over_time/,2026-09-12,"4/4 quarters, obligations $0 / revenue $9874000000"
PEG,2025,0.0,SEC XBRL quarterly revenue + USASpending.gov federal contract obligations,https://api.usaspending.gov/api/v2/search/spending_over_time/,2026-09-12,"4/4 quarters, obligations $0 / revenue $12123000000"
PEP,2018,0.0001,SEC XBRL quarterly revenue + USASpending.gov federal contract obligations,https://api.usaspending.gov/api/v2/search/spending_over_time/,2026-09-12,"4/4 quarters, obligations $3403396 / revenue $64661000000"
PEP,2019,0.0001,SEC XBRL quarterly revenue + USASpending.gov federal contract obligations,https://api.usaspending.gov/api/v2/search/spending_over_time/,2026-09-12,"4/4 quarters, obligations $3948578 / revenue $67161000000"
PEP,2020,0.0,SEC XBRL quarterly revenue + USASpending.gov federal contract obligations,https://api.usaspending.gov/api/v2/search/spending_over_time/,2026-09-12,"4/4 quarters, obligations $3125477 / revenue $70372000000"
PEP,2021,0.0001,SEC XBRL quarterly revenue + USASpending.gov federal contract obligations,https://api.usaspending.gov/api/v2/search/spending_over_time/,2026-09-12,"4/4 quarters, obligations $6961036 / revenue $79474000000"
PEP,2022,0.0001,SEC XBRL quarterly revenue + USASpending.gov federal contract obligations,https://api.usaspending.gov/api/v2/search/spending_over_time/,2026-09-12,"4/4 quarters, obligations $6474734 / revenue $86392000000"
PEP,2023,0.0,SEC XBRL quarterly revenue + USASpending.gov federal contract obligations,https://api.usaspending.gov/api/v2/search/spending_over_time/,2026-09-12,"4/4 quarters, obligations $3376765 / revenue $91471000000"
PEP,2024,0.0001,SEC XBRL quarterly revenue + USASpending.gov federal contract obligations,https://api.usaspending.gov/api/v2/search/spending_over_time/,2026-09-12,"4/4 quarters, obligations $5041510 / revenue $91854000000"
PEP,2025,0.0001,SEC XBRL quarterly revenue + USASpending.gov federal contract obligations,https://api.usaspending.gov/api/v2/search/spending_over_time/,2026-09-12,"4/4 quarters, obligations $5485731 / revenue $93925000000"
PFE,2018,0.0,SEC XBRL quarterly revenue + USASpending.gov federal contract obligations,https://api.usaspending.gov/api/v2/search/spending_over_time/,2026-09-12,"3/4 quarters, obligations $-25262486 / revenue $27359000000"
PFE,2019,0.0003,SEC XBRL quarterly revenue + USASpending.gov federal contract obligations,https://api.usaspending.gov/api/v2/search/spending_over_time/,2026-09-12,"4/4 quarters, obligations $14209932 / revenue $40905000000"
PFE,2020,0.0494,SEC XBRL quarterly revenue + USASpending.gov federal contract obligations,https://api.usaspending.gov/api/v2/search/spending_over_time/,2026-09-12,"4/4 quarters, obligations $2056858945 / revenue $41651000000"
PFE,2021,0.3491,SEC XBRL quarterly revenue + USASpending.gov federal contract obligations,https://api.usaspending.gov/api/v2/search/spending_over_time/,2026-09-12,"3/4 quarters, obligations $17313834814 / revenue $49601000000"
PFE,2022,0.1029,SEC XBRL quarterly revenue + USASpending.gov federal contract obligations,https://api.usaspending.gov/api/v2/search/spending_over_time/,2026-09-12,"3/4 quarters, obligations $8083987756 / revenue $78537000000"
PFE,2023,0.0,SEC XBRL quarterly revenue + USASpending.gov federal contract obligations,https://api.usaspending.gov/api/v2/search/spending_over_time/,2026-09-12,"3/4 quarters, obligations $-14151616 / revenue $46062000000"
PFE,2024,0.0,SEC XBRL quarterly revenue + USASpending.gov federal contract obligations,https://api.usaspending.gov/api/v2/search/spending_over_time/,2026-09-12,"4/4 quarters, obligations $-28784157 / revenue $63627000000"
PFE,2025,0.0,SEC XBRL quarterly revenue + USASpending.gov federal contract obligations,https://api.usaspending.gov/api/v2/search/spending_over_time/,2026-09-12,"4/4 quarters, obligations $1448615 / revenue $62579000000"
PG,2018,0.0,SEC XBRL quarterly revenue + USASpending.gov federal contract obligations,https://api.usaspending.gov/api/v2/search/spending_over_time/,2026-09-12,"4/4 quarters, obligations $124877 / revenue $66912000000"
PG,2019,0.0,SEC XBRL quarterly revenue + USASpending.gov federal contract obligations,https://api.usaspending.gov/api/v2/search/spending_over_time/,2026-09-12,"4/4 quarters, obligations $0 / revenue $69594000000"
PG,2020,0.0001,SEC XBRL quarterly revenue + USASpending.gov federal contract obligations,https://api.usaspending.gov/api/v2/search/spending_over_time/,2026-09-12,"4/4 quarters, obligations $7446322 / revenue $73975000000"
PG,2021,0.0,SEC XBRL quarterly revenue + USASpending.gov federal contract obligations,https://api.usaspending.gov/api/v2/search/spending_over_time/,2026-09-12,"4/4 quarters, obligations $-1693234 / revenue $78346000000"
PG,2022,0.0,SEC XBRL quarterly revenue + USASpending.gov federal contract obligations,https://api.usaspending.gov/api/v2/search/spending_over_time/,2026-09-12,"4/4 quarters, obligations $0 / revenue $80281000000"
PG,2023,0.0,SEC XBRL quarterly revenue + USASpending.gov federal contract obligations,https://api.usaspending.gov/api/v2/search/spending_over_time/,2026-09-12,"4/4 quarters, obligations $0 / revenue $83933000000"
PG,2024,0.0,SEC XBRL quarterly revenue + USASpending.gov federal contract obligations,https://api.usaspending.gov/api/v2/search/spending_over_time/,2026-09-12,"4/4 quarters, obligations $0 / revenue $84346000000"
PG,2025,0.0,SEC XBRL quarterly revenue + USASpending.gov federal contract obligations,https://api.usaspending.gov/api/v2/search/spending_over_time/,2026-09-12,"4/4 quarters, obligations $0 / revenue $85259000000"
PGR,2018,0.0007,SEC XBRL quarterly revenue + USASpending.gov federal contract obligations,https://api.usaspending.gov/api/v2/search/spending_over_time/,2026-09-12,"4/4 quarters, obligations $23658187 / revenue $31979000000"
PGR,2019,0.0011,SEC XBRL quarterly revenue + USASpending.gov federal contract obligations,https://api.usaspending.gov/api/v2/search/spending_over_time/,2026-09-12,"4/4 quarters, obligations $41150772 / revenue $39022300000"
PGR,2020,0.0007,SEC XBRL quarterly revenue + USASpending.gov federal contract obligations,https://api.usaspending.gov/api/v2/search/spending_over_time/,2026-09-12,"4/4 quarters, obligations $28120151 / revenue $42658100000"
PGR,2021,0.0006,SEC XBRL quarterly revenue + USASpending.gov federal contract obligations,https://api.usaspending.gov/api/v2/search/spending_over_time/,2026-09-12,"4/4 quarters, obligations $28001205 / revenue $47702000000"
PGR,2022,0.0007,SEC XBRL quarterly revenue + USASpending.gov federal contract obligations,https://api.usaspending.gov/api/v2/search/spending_over_time/,2026-09-12,"4/4 quarters, obligations $36631740 / revenue $49611000000"
PGR,2023,0.0004,SEC XBRL quarterly revenue + USASpending.gov federal contract obligations,https://api.usaspending.gov/api/v2/search/spending_over_time/,2026-09-12,"4/4 quarters, obligations $26636224 / revenue $62109000000"
PGR,2024,0.0005,SEC XBRL quarterly revenue + USASpending.gov federal contract obligations,https://api.usaspending.gov/api/v2/search/spending_over_time/,2026-09-12,"4/4 quarters, obligations $35720283 / revenue $75372000000"
PGR,2025,0.0002,SEC XBRL quarterly revenue + USASpending.gov federal contract obligations,https://api.usaspending.gov/api/v2/search/spending_over_time/,2026-09-12,"4/4 quarters, obligations $19903543 / revenue $87671000000"
PH,2018,0.0,SEC XBRL quarterly revenue + USASpending.gov federal contract obligations,https://api.usaspending.gov/api/v2/search/spending_over_time/,2026-09-12,"4/4 quarters, obligations $0 / revenue $14518407000"
PH,2019,0.0,SEC XBRL quarterly revenue + USASpending.gov federal contract obligations,https://api.usaspending.gov/api/v2/search/spending_over_time/,2026-09-12,"4/4 quarters, obligations $0 / revenue $14201470000"
PH,2020,0.0033,SEC XBRL quarterly revenue + USASpending.gov federal contract obligations,https://api.usaspending.gov/api/v2/search/spending_over_time/,2026-09-12,"4/4 quarters, obligations $45044110 / revenue $13505480000"
PH,2021,0.0096,SEC XBRL quarterly revenue + USASpending.gov federal contract obligations,https://api.usaspending.gov/api/v2/search/spending_over_time/,2026-09-12,"4/4 quarters, obligations $146689573 / revenue $15292584000"
PH,2022,0.0172,SEC XBRL quarterly revenue + USASpending.gov federal contract obligations,https://api.usaspending.gov/api/v2/search/spending_over_time/,2026-09-12,"4/4 quarters, obligations $295286201 / revenue $17181805000"
PH,2023,0.0262,SEC XBRL quarterly revenue + USASpending.gov federal contract obligations,https://api.usaspending.gov/api/v2/search/spending_over_time/,2026-09-12,"4/4 quarters, obligations $519787603 / revenue $19825849000"
PH,2024,0.0188,SEC XBRL quarterly revenue + USASpending.gov federal contract obligations,https://api.usaspending.gov/api/v2/search/spending_over_time/,2026-09-12,"4/4 quarters, obligations $374456323 / revenue $19908565000"
PH,2025,0.016,SEC XBRL quarterly revenue + USASpending.gov federal contract obligations,https://api.usaspending.gov/api/v2/search/spending_over_time/,2026-09-12,"4/4 quarters, obligations $327467163 / revenue $20461000000"
PHM,2018,0.0,SEC XBRL quarterly revenue + USASpending.gov federal contract obligations,https://api.usaspending.gov/api/v2/search/spending_over_time/,2026-09-12,"4/4 quarters, obligations $0 / revenue $10188331000"
PHM,2019,0.0,SEC XBRL quarterly revenue + USASpending.gov federal contract obligations,https://api.usaspending.gov/api/v2/search/spending_over_time/,2026-09-12,"4/4 quarters, obligations $0 / revenue $10212956000"
PHM,2020,0.0,SEC XBRL quarterly revenue + USASpending.gov federal contract obligations,https://api.usaspending.gov/api/v2/search/spending_over_time/,2026-09-12,"4/4 quarters, obligations $0 / revenue $11036081000"
PHM,2021,0.0,SEC XBRL quarterly revenue + USASpending.gov federal contract obligations,https://api.usaspending.gov/api/v2/search/spending_over_time/,2026-09-12,"4/4 quarters, obligations $0 / revenue $13736995000"
PHM,2022,0.0,SEC XBRL quarterly revenue + USASpending.gov federal contract obligations,https://api.usaspending.gov/api/v2/search/spending_over_time/,2026-09-12,"4/4 quarters, obligations $0 / revenue $16002979000"
PHM,2023,0.0,SEC XBRL quarterly revenue + USASpending.gov federal contract obligations,https://api.usaspending.gov/api/v2/search/spending_over_time/,2026-09-12,"4/4 quarters, obligations $0 / revenue $16061578000"
PHM,2024,0.0,SEC XBRL quarterly revenue + USASpending.gov federal contract obligations,https://api.usaspending.gov/api/v2/search/spending_over_time/,2026-09-12,"4/4 quarters, obligations $0 / revenue $17946950000"
PHM,2025,0.0,SEC XBRL quarterly revenue + USASpending.gov federal contract obligations,https://api.usaspending.gov/api/v2/search/spending_over_time/,2026-09-12,"4/4 quarters, obligations $0 / revenue $17311953000"
PKG,2018,0.0,SEC XBRL quarterly revenue + USASpending.gov federal contract obligations,https://api.usaspending.gov/api/v2/search/spending_over_time/,2026-09-12,"4/4 quarters, obligations $0 / revenue $7014600000"
PKG,2019,0.0,SEC XBRL quarterly revenue + USASpending.gov federal contract obligations,https://api.usaspending.gov/api/v2/search/spending_over_time/,2026-09-12,"4/4 quarters, obligations $0 / revenue $6964300000"
PKG,2020,0.0,SEC XBRL quarterly revenue + USASpending.gov federal contract obligations,https://api.usaspending.gov/api/v2/search/spending_over_time/,2026-09-12,"4/4 quarters, obligations $0 / revenue $6658200000"
PKG,2021,0.0,SEC XBRL quarterly revenue + USASpending.gov federal contract obligations,https://api.usaspending.gov/api/v2/search/spending_over_time/,2026-09-12,"4/4 quarters, obligations $0 / revenue $7730300000"
PKG,2022,0.0,SEC XBRL quarterly revenue + USASpending.gov federal contract obligations,https://api.usaspending.gov/api/v2/search/spending_over_time/,2026-09-12,"4/4 quarters, obligations $0 / revenue $8478000000"
PKG,2023,0.0,SEC XBRL quarterly revenue + USASpending.gov federal contract obligations,https://api.usaspending.gov/api/v2/search/spending_over_time/,2026-09-12,"4/4 quarters, obligations $0 / revenue $7802400000"
PKG,2024,0.0,SEC XBRL quarterly revenue + USASpending.gov federal contract obligations,https://api.usaspending.gov/api/v2/search/spending_over_time/,2026-09-12,"4/4 quarters, obligations $0 / revenue $8383300000"
PKG,2025,0.0,SEC XBRL quarterly revenue + USASpending.gov federal contract obligations,https://api.usaspending.gov/api/v2/search/spending_over_time/,2026-09-12,"4/4 quarters, obligations $0 / revenue $8989300000"
PLD,2018,0.0,SEC XBRL quarterly revenue + USASpending.gov federal contract obligations,https://api.usaspending.gov/api/v2/search/spending_over_time/,2026-09-12,"4/4 quarters, obligations $65820 / revenue $2804449000"
PLD,2019,0.0,SEC XBRL quarterly revenue + USASpending.gov federal contract obligations,https://api.usaspending.gov/api/v2/search/spending_over_time/,2026-09-12,"4/4 quarters, obligations $14462 / revenue $3330621000"
PLD,2020,0.0,SEC XBRL quarterly revenue + USASpending.gov federal contract obligations,https://api.usaspending.gov/api/v2/search/spending_over_time/,2026-09-12,"4/4 quarters, obligations $-14462 / revenue $4438735000"
PLD,2021,0.0,SEC XBRL quarterly revenue + USASpending.gov federal contract obligations,https://api.usaspending.gov/api/v2/search/spending_over_time/,2026-09-12,"4/4 quarters, obligations $0 / revenue $4759440000"
PLD,2022,0.0,SEC XBRL quarterly revenue + USASpending.gov federal contract obligations,https://api.usaspending.gov/api/v2/search/spending_over_time/,2026-09-12,"4/4 quarters, obligations $4464 / revenue $5973692000"
PLD,2023,0.0,SEC XBRL quarterly revenue + USASpending.gov federal contract obligations,https://api.usaspending.gov/api/v2/search/spending_over_time/,2026-09-12,"4/4 quarters, obligations $0 / revenue $8023469000"
PLD,2024,0.0,SEC XBRL quarterly revenue + USASpending.gov federal contract obligations,https://api.usaspending.gov/api/v2/search/spending_over_time/,2026-09-12,"4/4 quarters, obligations $0 / revenue $8201610000"
PLD,2025,0.0,SEC XBRL quarterly revenue + USASpending.gov federal contract obligations,https://api.usaspending.gov/api/v2/search/spending_over_time/,2026-09-12,"4/4 quarters, obligations $0 / revenue $8790127000"
PLTR,2020,0.0348,SEC XBRL quarterly revenue + USASpending.gov federal contract obligations,https://api.usaspending.gov/api/v2/search/spending_over_time/,2026-09-12,"4/4 quarters, obligations $38022399 / revenue $1092673000"
PLTR,2021,0.1554,SEC XBRL quarterly revenue + USASpending.gov federal contract obligations,https://api.usaspending.gov/api/v2/search/spending_over_time/,2026-09-12,"4/4 quarters, obligations $239665685 / revenue $1541889000"
PLTR,2022,0.2036,SEC XBRL quarterly revenue + USASpending.gov federal contract obligations,https://api.usaspending.gov/api/v2/search/spending_over_time/,2026-09-12,"4/4 quarters, obligations $388020289 / revenue $1905871000"
PLTR,2023,0.1483,SEC XBRL quarterly revenue + USASpending.gov federal contract obligations,https://api.usaspending.gov/api/v2/search/spending_over_time/,2026-09-12,"4/4 quarters, obligations $329934676 / revenue $2225012000"
PLTR,2024,0.2147,SEC XBRL quarterly revenue + USASpending.gov federal contract obligations,https://api.usaspending.gov/api/v2/search/spending_over_time/,2026-09-12,"4/4 quarters, obligations $615103799 / revenue $2865507000"
PLTR,2025,0.2022,SEC XBRL quarterly revenue + USASpending.gov federal contract obligations,https://api.usaspending.gov/api/v2/search/spending_over_time/,2026-09-12,"4/4 quarters, obligations $904834342 / revenue $4475446000"
PM,2018,0.0,SEC XBRL quarterly revenue + USASpending.gov federal contract obligations,https://api.usaspending.gov/api/v2/search/spending_over_time/,2026-09-12,"4/4 quarters, obligations $0 / revenue $29625000000"
PM,2019,0.0,SEC XBRL quarterly revenue + USASpending.gov federal contract obligations,https://api.usaspending.gov/api/v2/search/spending_over_time/,2026-09-12,"4/4 quarters, obligations $0 / revenue $29805000000"
PM,2020,0.0,SEC XBRL quarterly revenue + USASpending.gov federal contract obligations,https://api.usaspending.gov/api/v2/search/spending_over_time/,2026-09-12,"4/4 quarters, obligations $0 / revenue $28694000000"
PM,2021,0.0,SEC XBRL quarterly revenue + USASpending.gov federal contract obligations,https://api.usaspending.gov/api/v2/search/spending_over_time/,2026-09-12,"4/4 quarters, obligations $0 / revenue $31405000000"
PM,2022,0.0,SEC XBRL quarterly revenue + USASpending.gov federal contract obligations,https://api.usaspending.gov/api/v2/search/spending_over_time/,2026-09-12,"4/4 quarters, obligations $0 / revenue $31762000000"
PM,2023,0.0,SEC XBRL quarterly revenue + USASpending.gov federal contract obligations,https://api.usaspending.gov/api/v2/search/spending_over_time/,2026-09-12,"4/4 quarters, obligations $0 / revenue $35174000000"
PM,2024,0.0,SEC XBRL quarterly revenue + USASpending.gov federal contract obligations,https://api.usaspending.gov/api/v2/search/spending_over_time/,2026-09-12,"4/4 quarters, obligations $0 / revenue $37878000000"
PM,2025,0.0,SEC XBRL quarterly revenue + USASpending.gov federal contract obligations,https://api.usaspending.gov/api/v2/search/spending_over_time/,2026-09-12,"4/4 quarters, obligations $0 / revenue $40648000000"
PNC,2018,0.0001,SEC XBRL quarterly revenue + USASpending.gov federal contract obligations,https://api.usaspending.gov/api/v2/search/spending_over_time/,2026-09-12,"4/4 quarters, obligations $1745119 / revenue $16190000000"
PNC,2019,0.0,SEC XBRL quarterly revenue + USASpending.gov federal contract obligations,https://api.usaspending.gov/api/v2/search/spending_over_time/,2026-09-12,"4/4 quarters, obligations $-3885748 / revenue $16839000000"
PNC,2020,0.0001,SEC XBRL quarterly revenue + USASpending.gov federal contract obligations,https://api.usaspending.gov/api/v2/search/spending_over_time/,2026-09-12,"4/4 quarters, obligations $1490852 / revenue $16901000000"
PNC,2021,0.0,SEC XBRL quarterly revenue + USASpending.gov federal contract obligations,https://api.usaspending.gov/api/v2/search/spending_over_time/,2026-09-12,"4/4 quarters, obligations $488276 / revenue $19211000000"
PNC,2022,0.0,SEC XBRL quarterly revenue + USASpending.gov federal contract obligations,https://api.usaspending.gov/api/v2/search/spending_over_time/,2026-09-12,"4/4 quarters, obligations $107748 / revenue $21120000000"
PNC,2023,0.0,SEC XBRL quarterly revenue + USASpending.gov federal contract obligations,https://api.usaspending.gov/api/v2/search/spending_over_time/,2026-09-12,"4/4 quarters, obligations $-63257 / revenue $21490000000"
PNC,2024,0.0,SEC XBRL quarterly revenue + USASpending.gov federal contract obligations,https://api.usaspending.gov/api/v2/search/spending_over_time/,2026-09-12,"4/4 quarters, obligations $0 / revenue $21555000000"
PNC,2025,0.0,SEC XBRL quarterly revenue + USASpending.gov federal contract obligations,https://api.usaspending.gov/api/v2/search/spending_over_time/,2026-09-12,"4/4 quarters, obligations $-97969 / revenue $23099000000"
PNR,2018,0.0002,SEC XBRL quarterly revenue + USASpending.gov federal contract obligations,https://api.usaspending.gov/api/v2/search/spending_over_time/,2026-09-12,"4/4 quarters, obligations $592029 / revenue $2965100000"
PNR,2019,0.0,SEC XBRL quarterly revenue + USASpending.gov federal contract obligations,https://api.usaspending.gov/api/v2/search/spending_over_time/,2026-09-12,"4/4 quarters, obligations $90098 / revenue $2957200000"
PNR,2020,0.0,SEC XBRL quarterly revenue + USASpending.gov federal contract obligations,https://api.usaspending.gov/api/v2/search/spending_over_time/,2026-09-12,"3/4 quarters, obligations $71751 / revenue $2221800000"
PNR,2021,0.0,SEC XBRL quarterly revenue + USASpending.gov federal contract obligations,https://api.usaspending.gov/api/v2/search/spending_over_time/,2026-09-12,"3/4 quarters, obligations $28401 / revenue $2776200000"
PNR,2022,0.0,SEC XBRL quarterly revenue + USASpending.gov federal contract obligations,https://api.usaspending.gov/api/v2/search/spending_over_time/,2026-09-12,"3/4 quarters, obligations $50197 / revenue $3118900000"
PNR,2023,0.0,SEC XBRL quarterly revenue + USASpending.gov federal contract obligations,https://api.usaspending.gov/api/v2/search/spending_over_time/,2026-09-12,"3/4 quarters, obligations $0 / revenue $3119900000"
PNR,2024,0.0,SEC XBRL quarterly revenue + USASpending.gov federal contract obligations,https://api.usaspending.gov/api/v2/search/spending_over_time/,2026-09-12,"3/4 quarters, obligations $0 / revenue $3109900000"
PNW,2018,0.0008,SEC XBRL quarterly revenue + USASpending.gov federal contract obligations,https://api.usaspending.gov/api/v2/search/spending_over_time/,2026-09-12,"4/4 quarters, obligations $2797574 / revenue $3691247000"
PNW,2019,0.0014,SEC XBRL quarterly revenue + USASpending.gov federal contract obligations,https://api.usaspending.gov/api/v2/search/spending_over_time/,2026-09-12,"4/4 quarters, obligations $5018467 / revenue $3471209000"
PNW,2020,0.0009,SEC XBRL quarterly revenue + USASpending.gov federal contract obligations,https://api.usaspending.gov/api/v2/search/spending_over_time/,2026-09-12,"4/4 quarters, obligations $3401564 / revenue $3586982000"
PNW,2021,0.0006,SEC XBRL quarterly revenue + USASpending.gov federal contract obligations,https://api.usaspending.gov/api/v2/search/spending_over_time/,2026-09-12,"4/4 quarters, obligations $2471907 / revenue $3803835000"
PNW,2022,0.0007,SEC XBRL quarterly revenue + USASpending.gov federal contract obligations,https://api.usaspending.gov/api/v2/search/spending_over_time/,2026-09-12,"4/4 quarters, obligations $3189170 / revenue $4324385000"
PNW,2023,0.0042,SEC XBRL quarterly revenue + USASpending.gov federal contract obligations,https://api.usaspending.gov/api/v2/search/spending_over_time/,2026-09-12,"4/4 quarters, obligations $19849625 / revenue $4695991000"
PNW,2024,0.0007,SEC XBRL quarterly revenue + USASpending.gov federal contract obligations,https://api.usaspending.gov/api/v2/search/spending_over_time/,2026-09-12,"4/4 quarters, obligations $3681469 / revenue $5124915000"
PNW,2025,0.0009,SEC XBRL quarterly revenue + USASpending.gov federal contract obligations,https://api.usaspending.gov/api/v2/search/spending_over_time/,2026-09-12,"4/4 quarters, obligations $4799004 / revenue $5339939000"
PODD,2018,0.0,SEC XBRL quarterly revenue + USASpending.gov federal contract obligations,https://api.usaspending.gov/api/v2/search/spending_over_time/,2026-09-12,"4/4 quarters, obligations $0 / revenue $563800000"
PODD,2019,0.0,SEC XBRL quarterly revenue + USASpending.gov federal contract obligations,https://api.usaspending.gov/api/v2/search/spending_over_time/,2026-09-12,"4/4 quarters, obligations $0 / revenue $738200000"
PODD,2020,0.0,SEC XBRL quarterly revenue + USASpending.gov federal contract obligations,https://api.usaspending.gov/api/v2/search/spending_over_time/,2026-09-12,"4/4 quarters, obligations $0 / revenue $904400000"
PODD,2021,0.0,SEC XBRL quarterly revenue + USASpending.gov federal contract obligations,https://api.usaspending.gov/api/v2/search/spending_over_time/,2026-09-12,"4/4 quarters, obligations $0 / revenue $1098800000"
PODD,2022,0.0,SEC XBRL quarterly revenue + USASpending.gov federal contract obligations,https://api.usaspending.gov/api/v2/search/spending_over_time/,2026-09-12,"4/4 quarters, obligations $0 / revenue $1305300000"
PODD,2023,0.0,SEC XBRL quarterly revenue + USASpending.gov federal contract obligations,https://api.usaspending.gov/api/v2/search/spending_over_time/,2026-09-12,"4/4 quarters, obligations $0 / revenue $1697100000"
PODD,2024,0.0,SEC XBRL quarterly revenue + USASpending.gov federal contract obligations,https://api.usaspending.gov/api/v2/search/spending_over_time/,2026-09-12,"4/4 quarters, obligations $0 / revenue $2071600000"
PODD,2025,0.0,SEC XBRL quarterly revenue + USASpending.gov federal contract obligations,https://api.usaspending.gov/api/v2/search/spending_over_time/,2026-09-12,"4/4 quarters, obligations $0 / revenue $2708100000"
PPG,2018,0.0031,SEC XBRL quarterly revenue + USASpending.gov federal contract obligations,https://api.usaspending.gov/api/v2/search/spending_over_time/,2026-09-12,"2/4 quarters, obligations $24621113 / revenue $7912000000"
PRU,2018,0.0002,SEC XBRL quarterly revenue + USASpending.gov federal contract obligations,https://api.usaspending.gov/api/v2/search/spending_over_time/,2026-09-12,"4/4 quarters, obligations $13221144 / revenue $62992000000"
PRU,2019,0.0002,SEC XBRL quarterly revenue + USASpending.gov federal contract obligations,https://api.usaspending.gov/api/v2/search/spending_over_time/,2026-09-12,"4/4 quarters, obligations $13738999 / revenue $64807000000"
PRU,2020,0.0002,SEC XBRL quarterly revenue + USASpending.gov federal contract obligations,https://api.usaspending.gov/api/v2/search/spending_over_time/,2026-09-12,"4/4 quarters, obligations $11917428 / revenue $57033000000"
PRU,2021,0.0002,SEC XBRL quarterly revenue + USASpending.gov federal contract obligations,https://api.usaspending.gov/api/v2/search/spending_over_time/,2026-09-12,"4/4 quarters, obligations $10908613 / revenue $71247000000"
PRU,2022,0.0002,SEC XBRL quarterly revenue + USASpending.gov federal contract obligations,https://api.usaspending.gov/api/v2/search/spending_over_time/,2026-09-12,"4/4 quarters, obligations $10473027 / revenue $56881000000"
PRU,2023,0.0002,SEC XBRL quarterly revenue + USASpending.gov federal contract obligations,https://api.usaspending.gov/api/v2/search/spending_over_time/,2026-09-12,"4/4 quarters, obligations $10948709 / revenue $53979000000"
PRU,2024,0.0001,SEC XBRL quarterly revenue + USASpending.gov federal contract obligations,https://api.usaspending.gov/api/v2/search/spending_over_time/,2026-09-12,"4/4 quarters, obligations $7708000 / revenue $70405000000"
PRU,2025,0.0001,SEC XBRL quarterly revenue + USASpending.gov federal contract obligations,https://api.usaspending.gov/api/v2/search/spending_over_time/,2026-09-12,"4/4 quarters, obligations $8900000 / revenue $60774000000"
PSA,2018,0.0,SEC XBRL quarterly revenue + USASpending.gov federal contract obligations,https://api.usaspending.gov/api/v2/search/spending_over_time/,2026-09-12,"4/4 quarters, obligations $44310 / revenue $2754280000"
PSA,2019,0.0,SEC XBRL quarterly revenue + USASpending.gov federal contract obligations,https://api.usaspending.gov/api/v2/search/spending_over_time/,2026-09-12,"4/4 quarters, obligations $70914 / revenue $2846823000"
PSA,2020,0.0,SEC XBRL quarterly revenue + USASpending.gov federal contract obligations,https://api.usaspending.gov/api/v2/search/spending_over_time/,2026-09-12,"4/4 quarters, obligations $51755 / revenue $2915068000"
PSA,2021,0.0,SEC XBRL quarterly revenue + USASpending.gov federal contract obligations,https://api.usaspending.gov/api/v2/search/spending_over_time/,2026-09-12,"4/4 quarters, obligations $47053 / revenue $3415824000"
PSA,2022,0.0,SEC XBRL quarterly revenue + USASpending.gov federal contract obligations,https://api.usaspending.gov/api/v2/search/spending_over_time/,2026-09-12,"4/4 quarters, obligations $4848 / revenue $4182163000"
PSA,2023,0.0,SEC XBRL quarterly revenue + USASpending.gov federal contract obligations,https://api.usaspending.gov/api/v2/search/spending_over_time/,2026-09-12,"4/4 quarters, obligations $2424 / revenue $4517690000"
PSA,2024,0.0,SEC XBRL quarterly revenue + USASpending.gov federal contract obligations,https://api.usaspending.gov/api/v2/search/spending_over_time/,2026-09-12,"4/4 quarters, obligations $-1513 / revenue $4695616000"
PSA,2025,0.0,SEC XBRL quarterly revenue + USASpending.gov federal contract obligations,https://api.usaspending.gov/api/v2/search/spending_over_time/,2026-09-12,"4/4 quarters, obligations $0 / revenue $4824113000"
PSKY,2025,0.0,SEC XBRL quarterly revenue + USASpending.gov federal contract obligations,https://api.usaspending.gov/api/v2/search/spending_over_time/,2026-09-12,"2/4 quarters, obligations $0 / revenue $14041000000"
PSX,2018,0.0029,SEC XBRL quarterly revenue + USASpending.gov federal contract obligations,https://api.usaspending.gov/api/v2/search/spending_over_time/,2026-09-12,"4/4 quarters, obligations $321769027 / revenue $111461000000"
PSX,2019,0.0032,SEC XBRL quarterly revenue + USASpending.gov federal contract obligations,https://api.usaspending.gov/api/v2/search/spending_over_time/,2026-09-12,"4/4 quarters, obligations $344867496 / revenue $107293000000"
PSX,2020,0.0066,SEC XBRL quarterly revenue + USASpending.gov federal contract obligations,https://api.usaspending.gov/api/v2/search/spending_over_time/,2026-09-12,"4/4 quarters, obligations $426267172 / revenue $64129000000"
PSX,2021,0.0021,SEC XBRL quarterly revenue + USASpending.gov federal contract obligations,https://api.usaspending.gov/api/v2/search/spending_over_time/,2026-09-12,"4/4 quarters, obligations $229673475 / revenue $111476000000"
PSX,2022,0.003,SEC XBRL quarterly revenue + USASpending.gov federal contract obligations,https://api.usaspending.gov/api/v2/search/spending_over_time/,2026-09-12,"4/4 quarters, obligations $517581249 / revenue $169990000000"
PSX,2023,0.0033,SEC XBRL quarterly revenue + USASpending.gov federal contract obligations,https://api.usaspending.gov/api/v2/search/spending_over_time/,2026-09-12,"4/4 quarters, obligations $491245311 / revenue $147399000000"
PSX,2024,0.003,SEC XBRL quarterly revenue + USASpending.gov federal contract obligations,https://api.usaspending.gov/api/v2/search/spending_over_time/,2026-09-12,"4/4 quarters, obligations $432991307 / revenue $143153000000"
PSX,2025,0.0053,SEC XBRL quarterly revenue + USASpending.gov federal contract obligations,https://api.usaspending.gov/api/v2/search/spending_over_time/,2026-09-12,"4/4 quarters, obligations $707834513 / revenue $132376000000"
PTC,2018,0.0213,SEC XBRL quarterly revenue + USASpending.gov federal contract obligations,https://api.usaspending.gov/api/v2/search/spending_over_time/,2026-09-12,"4/4 quarters, obligations $26993106 / revenue $1269869000"
PTC,2019,0.0076,SEC XBRL quarterly revenue + USASpending.gov federal contract obligations,https://api.usaspending.gov/api/v2/search/spending_over_time/,2026-09-12,"4/4 quarters, obligations $9713832 / revenue $1277052000"
PTC,2020,0.0157,SEC XBRL quarterly revenue + USASpending.gov federal contract obligations,https://api.usaspending.gov/api/v2/search/spending_over_time/,2026-09-12,"4/4 quarters, obligations $24015700 / revenue $1531355000"
PTC,2021,0.0304,SEC XBRL quarterly revenue + USASpending.gov federal contract obligations,https://api.usaspending.gov/api/v2/search/spending_over_time/,2026-09-12,"4/4 quarters, obligations $55758005 / revenue $1835830000"
PTC,2022,0.0262,SEC XBRL quarterly revenue + USASpending.gov federal contract obligations,https://api.usaspending.gov/api/v2/search/spending_over_time/,2026-09-12,"4/4 quarters, obligations $50952376 / revenue $1941536000"
PTC,2023,0.0268,SEC XBRL quarterly revenue + USASpending.gov federal contract obligations,https://api.usaspending.gov/api/v2/search/spending_over_time/,2026-09-12,"4/4 quarters, obligations $58387636 / revenue $2181357000"
PTC,2024,0.0212,SEC XBRL quarterly revenue + USASpending.gov federal contract obligations,https://api.usaspending.gov/api/v2/search/spending_over_time/,2026-09-12,"4/4 quarters, obligations $49109458 / revenue $2313386000"
PTC,2025,0.0122,SEC XBRL quarterly revenue + USASpending.gov federal contract obligations,https://api.usaspending.gov/api/v2/search/spending_over_time/,2026-09-12,"4/4 quarters, obligations $34786019 / revenue $2859923000"
PWR,2018,0.0,SEC XBRL quarterly revenue + USASpending.gov federal contract obligations,https://api.usaspending.gov/api/v2/search/spending_over_time/,2026-09-12,"4/4 quarters, obligations $0 / revenue $11171423000"
PWR,2019,0.0,SEC XBRL quarterly revenue + USASpending.gov federal contract obligations,https://api.usaspending.gov/api/v2/search/spending_over_time/,2026-09-12,"4/4 quarters, obligations $0 / revenue $12112153000"
PWR,2020,0.0002,SEC XBRL quarterly revenue + USASpending.gov federal contract obligations,https://api.usaspending.gov/api/v2/search/spending_over_time/,2026-09-12,"4/4 quarters, obligations $2429171 / revenue $11202672000"
PWR,2021,0.002,SEC XBRL quarterly revenue + USASpending.gov federal contract obligations,https://api.usaspending.gov/api/v2/search/spending_over_time/,2026-09-12,"4/4 quarters, obligations $26067121 / revenue $12980213000"
PWR,2022,0.0036,SEC XBRL quarterly revenue + USASpending.gov federal contract obligations,https://api.usaspending.gov/api/v2/search/spending_over_time/,2026-09-12,"4/4 quarters, obligations $60882873 / revenue $17073903000"
PWR,2023,0.0037,SEC XBRL quarterly revenue + USASpending.gov federal contract obligations,https://api.usaspending.gov/api/v2/search/spending_over_time/,2026-09-12,"4/4 quarters, obligations $77412806 / revenue $20882206000"
PWR,2024,0.0014,SEC XBRL quarterly revenue + USASpending.gov federal contract obligations,https://api.usaspending.gov/api/v2/search/spending_over_time/,2026-09-12,"4/4 quarters, obligations $33810028 / revenue $23672795000"
PWR,2025,0.0,SEC XBRL quarterly revenue + USASpending.gov federal contract obligations,https://api.usaspending.gov/api/v2/search/spending_over_time/,2026-09-12,"4/4 quarters, obligations $210655 / revenue $28479697000"
PYPL,2018,0.0,SEC XBRL quarterly revenue + USASpending.gov federal contract obligations,https://api.usaspending.gov/api/v2/search/spending_over_time/,2026-09-12,"4/4 quarters, obligations $0 / revenue $15451000000"
PYPL,2019,0.0,SEC XBRL quarterly revenue + USASpending.gov federal contract obligations,https://api.usaspending.gov/api/v2/search/spending_over_time/,2026-09-12,"4/4 quarters, obligations $0 / revenue $17772000000"
Q,2025,0.0,SEC XBRL quarterly revenue + USASpending.gov federal contract obligations,https://api.usaspending.gov/api/v2/search/spending_over_time/,2026-09-12,"4/4 quarters, obligations $0 / revenue $4754000000"
QCOM,2018,0.0,SEC XBRL quarterly revenue + USASpending.gov federal contract obligations,https://api.usaspending.gov/api/v2/search/spending_over_time/,2026-09-12,"4/4 quarters, obligations $0 / revenue $21417000000"
QCOM,2019,0.0,SEC XBRL quarterly revenue + USASpending.gov federal contract obligations,https://api.usaspending.gov/api/v2/search/spending_over_time/,2026-09-12,"4/4 quarters, obligations $0 / revenue $24508000000"
QCOM,2020,0.0,SEC XBRL quarterly revenue + USASpending.gov federal contract obligations,https://api.usaspending.gov/api/v2/search/spending_over_time/,2026-09-12,"4/4 quarters, obligations $0 / revenue $26690000000"
QCOM,2021,0.0,SEC XBRL quarterly revenue + USASpending.gov federal contract obligations,https://api.usaspending.gov/api/v2/search/spending_over_time/,2026-09-12,"4/4 quarters, obligations $0 / revenue $36036000000"
QCOM,2022,0.0,SEC XBRL quarterly revenue + USASpending.gov federal contract obligations,https://api.usaspending.gov/api/v2/search/spending_over_time/,2026-09-12,"4/4 quarters, obligations $0 / revenue $42958000000"
QCOM,2023,0.0,SEC XBRL quarterly revenue + USASpending.gov federal contract obligations,https://api.usaspending.gov/api/v2/search/spending_over_time/,2026-09-12,"4/4 quarters, obligations $0 / revenue $36292000000"
QCOM,2024,0.0,SEC XBRL quarterly revenue + USASpending.gov federal contract obligations,https://api.usaspending.gov/api/v2/search/spending_over_time/,2026-09-12,"4/4 quarters, obligations $0 / revenue $40696000000"
QCOM,2025,0.0,SEC XBRL quarterly revenue + USASpending.gov federal contract obligations,https://api.usaspending.gov/api/v2/search/spending_over_time/,2026-09-12,"4/4 quarters, obligations $0 / revenue $44867000000"
RCL,2018,0.0,SEC XBRL quarterly revenue + USASpending.gov federal contract obligations,https://api.usaspending.gov/api/v2/search/spending_over_time/,2026-09-12,"4/4 quarters, obligations $0 / revenue $9493849000"
RCL,2019,0.0,SEC XBRL quarterly revenue + USASpending.gov federal contract obligations,https://api.usaspending.gov/api/v2/search/spending_over_time/,2026-09-12,"4/4 quarters, obligations $46501 / revenue $10950661000"
RCL,2020,0.0,SEC XBRL quarterly revenue + USASpending.gov federal contract obligations,https://api.usaspending.gov/api/v2/search/spending_over_time/,2026-09-12,"4/4 quarters, obligations $0 / revenue $2208805000"
RCL,2021,0.0,SEC XBRL quarterly revenue + USASpending.gov federal contract obligations,https://api.usaspending.gov/api/v2/search/spending_over_time/,2026-09-12,"4/4 quarters, obligations $0 / revenue $1532000000"
RCL,2022,0.0,SEC XBRL quarterly revenue + USASpending.gov federal contract obligations,https://api.usaspending.gov/api/v2/search/spending_over_time/,2026-09-12,"4/4 quarters, obligations $0 / revenue $8840000000"
RCL,2023,0.0,SEC XBRL quarterly revenue + USASpending.gov federal contract obligations,https://api.usaspending.gov/api/v2/search/spending_over_time/,2026-09-12,"4/4 quarters, obligations $0 / revenue $13900000000"
RCL,2024,0.0,SEC XBRL quarterly revenue + USASpending.gov federal contract obligations,https://api.usaspending.gov/api/v2/search/spending_over_time/,2026-09-12,"4/4 quarters, obligations $0 / revenue $16484000000"
RCL,2025,0.0,SEC XBRL quarterly revenue + USASpending.gov federal contract obligations,https://api.usaspending.gov/api/v2/search/spending_over_time/,2026-09-12,"4/4 quarters, obligations $0 / revenue $17935000000"
RDDT,2023,0.0,SEC XBRL quarterly revenue + USASpending.gov federal contract obligations,https://api.usaspending.gov/api/v2/search/spending_over_time/,2026-09-12,"4/4 quarters, obligations $0 / revenue $804029000"
RDDT,2024,0.0,SEC XBRL quarterly revenue + USASpending.gov federal contract obligations,https://api.usaspending.gov/api/v2/search/spending_over_time/,2026-09-12,"4/4 quarters, obligations $0 / revenue $1300205000"
RDDT,2025,0.0,SEC XBRL quarterly revenue + USASpending.gov federal contract obligations,https://api.usaspending.gov/api/v2/search/spending_over_time/,2026-09-12,"4/4 quarters, obligations $0 / revenue $2202506000"
REG,2018,0.0,SEC XBRL quarterly revenue + USASpending.gov federal contract obligations,https://api.usaspending.gov/api/v2/search/spending_over_time/,2026-09-12,"4/4 quarters, obligations $0 / revenue $1120975000"
REG,2019,0.0,SEC XBRL quarterly revenue + USASpending.gov federal contract obligations,https://api.usaspending.gov/api/v2/search/spending_over_time/,2026-09-12,"4/4 quarters, obligations $0 / revenue $1133138000"
REG,2020,0.0,SEC XBRL quarterly revenue + USASpending.gov federal contract obligations,https://api.usaspending.gov/api/v2/search/spending_over_time/,2026-09-12,"4/4 quarters, obligations $0 / revenue $1016175000"
REG,2021,0.0,SEC XBRL quarterly revenue + USASpending.gov federal contract obligations,https://api.usaspending.gov/api/v2/search/spending_over_time/,2026-09-12,"4/4 quarters, obligations $0 / revenue $1166161000"
REG,2022,0.0,SEC XBRL quarterly revenue + USASpending.gov federal contract obligations,https://api.usaspending.gov/api/v2/search/spending_over_time/,2026-09-12,"4/4 quarters, obligations $0 / revenue $1224022000"
REG,2023,0.0,SEC XBRL quarterly revenue + USASpending.gov federal contract obligations,https://api.usaspending.gov/api/v2/search/spending_over_time/,2026-09-12,"4/4 quarters, obligations $0 / revenue $1322466000"
REG,2024,0.0,SEC XBRL quarterly revenue + USASpending.gov federal contract obligations,https://api.usaspending.gov/api/v2/search/spending_over_time/,2026-09-12,"4/4 quarters, obligations $0 / revenue $1453904000"
REG,2025,0.0,SEC XBRL quarterly revenue + USASpending.gov federal contract obligations,https://api.usaspending.gov/api/v2/search/spending_over_time/,2026-09-12,"4/4 quarters, obligations $0 / revenue $1553524000"
REGN,2018,0.0158,SEC XBRL quarterly revenue + USASpending.gov federal contract obligations,https://api.usaspending.gov/api/v2/search/spending_over_time/,2026-09-12,"4/4 quarters, obligations $106185568 / revenue $6710800000"
REGN,2019,0.0266,SEC XBRL quarterly revenue + USASpending.gov federal contract obligations,https://api.usaspending.gov/api/v2/search/spending_over_time/,2026-09-12,"4/4 quarters, obligations $174189277 / revenue $6557600000"
REGN,2020,0.0751,SEC XBRL quarterly revenue + USASpending.gov federal contract obligations,https://api.usaspending.gov/api/v2/search/spending_over_time/,2026-09-12,"4/4 quarters, obligations $638387487 / revenue $8497100000"
REGN,2021,0.3463,SEC XBRL quarterly revenue + USASpending.gov federal contract obligations,https://api.usaspending.gov/api/v2/search/spending_over_time/,2026-09-12,"4/4 quarters, obligations $5565642324 / revenue $16071700000"
REGN,2022,0.0,SEC XBRL quarterly revenue + USASpending.gov federal contract obligations,https://api.usaspending.gov/api/v2/search/spending_over_time/,2026-09-12,"4/4 quarters, obligations $0 / revenue $12172900000"
REGN,2023,0.0249,SEC XBRL quarterly revenue + USASpending.gov federal contract obligations,https://api.usaspending.gov/api/v2/search/spending_over_time/,2026-09-12,"4/4 quarters, obligations $326475498 / revenue $13117200000"
REGN,2024,0.0,SEC XBRL quarterly revenue + USASpending.gov federal contract obligations,https://api.usaspending.gov/api/v2/search/spending_over_time/,2026-09-12,"4/4 quarters, obligations $0 / revenue $14202000000"
REGN,2025,0.0,SEC XBRL quarterly revenue + USASpending.gov federal contract obligations,https://api.usaspending.gov/api/v2/search/spending_over_time/,2026-09-12,"4/4 quarters, obligations $-331708160 / revenue $14342900000"
RJF,2018,0.0,SEC XBRL quarterly revenue + USASpending.gov federal contract obligations,https://api.usaspending.gov/api/v2/search/spending_over_time/,2026-09-12,"4/4 quarters, obligations $87423 / revenue $7714000000"
RJF,2019,0.0,SEC XBRL quarterly revenue + USASpending.gov federal contract obligations,https://api.usaspending.gov/api/v2/search/spending_over_time/,2026-09-12,"4/4 quarters, obligations $96217 / revenue $8079000000"
RJF,2020,0.0,SEC XBRL quarterly revenue + USASpending.gov federal contract obligations,https://api.usaspending.gov/api/v2/search/spending_over_time/,2026-09-12,"4/4 quarters, obligations $59733 / revenue $8368000000"
RJF,2021,0.0,SEC XBRL quarterly revenue + USASpending.gov federal contract obligations,https://api.usaspending.gov/api/v2/search/spending_over_time/,2026-09-12,"4/4 quarters, obligations $66400 / revenue $10468000000"
RJF,2022,0.0,SEC XBRL quarterly revenue + USASpending.gov federal contract obligations,https://api.usaspending.gov/api/v2/search/spending_over_time/,2026-09-12,"4/4 quarters, obligations $-50479 / revenue $11517000000"
RJF,2023,0.0,SEC XBRL quarterly revenue + USASpending.gov federal contract obligations,https://api.usaspending.gov/api/v2/search/spending_over_time/,2026-09-12,"4/4 quarters, obligations $26800 / revenue $13485000000"
RJF,2024,0.0,SEC XBRL quarterly revenue + USASpending.gov federal contract obligations,https://api.usaspending.gov/api/v2/search/spending_over_time/,2026-09-12,"4/4 quarters, obligations $0 / revenue $15438000000"
RJF,2025,0.0,SEC XBRL quarterly revenue + USASpending.gov federal contract obligations,https://api.usaspending.gov/api/v2/search/spending_over_time/,2026-09-12,"4/4 quarters, obligations $0 / revenue $16053000000"
RL,2018,0.0,SEC XBRL quarterly revenue + USASpending.gov federal contract obligations,https://api.usaspending.gov/api/v2/search/spending_over_time/,2026-09-12,"4/4 quarters, obligations $0 / revenue $6336500000"
RL,2019,0.0,SEC XBRL quarterly revenue + USASpending.gov federal contract obligations,https://api.usaspending.gov/api/v2/search/spending_over_time/,2026-09-12,"4/4 quarters, obligations $0 / revenue $6391400000"
RL,2020,0.0,SEC XBRL quarterly revenue + USASpending.gov federal contract obligations,https://api.usaspending.gov/api/v2/search/spending_over_time/,2026-09-12,"4/4 quarters, obligations $0 / revenue $4387900000"
RL,2021,0.0,SEC XBRL quarterly revenue + USASpending.gov federal contract obligations,https://api.usaspending.gov/api/v2/search/spending_over_time/,2026-09-12,"4/4 quarters, obligations $0 / revenue $5982800000"
RL,2022,0.0,SEC XBRL quarterly revenue + USASpending.gov federal contract obligations,https://api.usaspending.gov/api/v2/search/spending_over_time/,2026-09-12,"3/4 quarters, obligations $0 / revenue $4845600000"
RL,2023,0.0,SEC XBRL quarterly revenue + USASpending.gov federal contract obligations,https://api.usaspending.gov/api/v2/search/spending_over_time/,2026-09-12,"3/4 quarters, obligations $0 / revenue $5107800000"
RL,2024,0.0,SEC XBRL quarterly revenue + USASpending.gov federal contract obligations,https://api.usaspending.gov/api/v2/search/spending_over_time/,2026-09-12,"4/4 quarters, obligations $0 / revenue $6949600000"
RL,2025,0.0,SEC XBRL quarterly revenue + USASpending.gov federal contract obligations,https://api.usaspending.gov/api/v2/search/spending_over_time/,2026-09-12,"4/4 quarters, obligations $0 / revenue $7833100000"
RMD,2018,0.0,SEC XBRL quarterly revenue + USASpending.gov federal contract obligations,https://api.usaspending.gov/api/v2/search/spending_over_time/,2026-09-12,"4/4 quarters, obligations $-1584 / revenue $2454643000"
RMD,2019,0.0,SEC XBRL quarterly revenue + USASpending.gov federal contract obligations,https://api.usaspending.gov/api/v2/search/spending_over_time/,2026-09-12,"4/4 quarters, obligations $9960 / revenue $2784406000"
RMD,2020,0.0103,SEC XBRL quarterly revenue + USASpending.gov federal contract obligations,https://api.usaspending.gov/api/v2/search/spending_over_time/,2026-09-12,"4/4 quarters, obligations $31982100 / revenue $3091755000"
RMD,2021,0.0,SEC XBRL quarterly revenue + USASpending.gov federal contract obligations,https://api.usaspending.gov/api/v2/search/spending_over_time/,2026-09-12,"4/4 quarters, obligations $121425 / revenue $3443759000"
RMD,2022,0.0,SEC XBRL quarterly revenue + USASpending.gov federal contract obligations,https://api.usaspending.gov/api/v2/search/spending_over_time/,2026-09-12,"4/4 quarters, obligations $-62092 / revenue $3763276000"
RMD,2023,0.0,SEC XBRL quarterly revenue + USASpending.gov federal contract obligations,https://api.usaspending.gov/api/v2/search/spending_over_time/,2026-09-12,"4/4 quarters, obligations $0 / revenue $4504077000"
RMD,2024,0.0,SEC XBRL quarterly revenue + USASpending.gov federal contract obligations,https://api.usaspending.gov/api/v2/search/spending_over_time/,2026-09-12,"4/4 quarters, obligations $0 / revenue $4926773000"
RMD,2025,0.0,SEC XBRL quarterly revenue + USASpending.gov federal contract obligations,https://api.usaspending.gov/api/v2/search/spending_over_time/,2026-09-12,"4/4 quarters, obligations $0 / revenue $5398119000"
ROK,2018,0.0013,SEC XBRL quarterly revenue + USASpending.gov federal contract obligations,https://api.usaspending.gov/api/v2/search/spending_over_time/,2026-09-12,"4/4 quarters, obligations $8472386 / revenue $6721700000"
ROK,2019,0.0016,SEC XBRL quarterly revenue + USASpending.gov federal contract obligations,https://api.usaspending.gov/api/v2/search/spending_over_time/,2026-09-12,"4/4 quarters, obligations $10729081 / revenue $6737000000"
ROK,2020,0.0018,SEC XBRL quarterly revenue + USASpending.gov federal contract obligations,https://api.usaspending.gov/api/v2/search/spending_over_time/,2026-09-12,"4/4 quarters, obligations $11118141 / revenue $6210600000"
ROK,2021,0.001,SEC XBRL quarterly revenue + USASpending.gov federal contract obligations,https://api.usaspending.gov/api/v2/search/spending_over_time/,2026-09-12,"4/4 quarters, obligations $7367368 / revenue $7289400000"
ROK,2022,0.0014,SEC XBRL quarterly revenue + USASpending.gov federal contract obligations,https://api.usaspending.gov/api/v2/search/spending_over_time/,2026-09-12,"4/4 quarters, obligations $11429826 / revenue $7884100000"
ROK,2023,0.0014,SEC XBRL quarterly revenue + USASpending.gov federal contract obligations,https://api.usaspending.gov/api/v2/search/spending_over_time/,2026-09-12,"4/4 quarters, obligations $13144836 / revenue $9129000000"
ROK,2024,0.001,SEC XBRL quarterly revenue + USASpending.gov federal contract obligations,https://api.usaspending.gov/api/v2/search/spending_over_time/,2026-09-12,"4/4 quarters, obligations $7986015 / revenue $8093000000"
ROK,2025,0.0011,SEC XBRL quarterly revenue + USASpending.gov federal contract obligations,https://api.usaspending.gov/api/v2/search/spending_over_time/,2026-09-12,"4/4 quarters, obligations $9218214 / revenue $8566000000"
ROL,2018,0.001,SEC XBRL quarterly revenue + USASpending.gov federal contract obligations,https://api.usaspending.gov/api/v2/search/spending_over_time/,2026-09-12,"4/4 quarters, obligations $1786086 / revenue $1821565000"
ROL,2019,0.0009,SEC XBRL quarterly revenue + USASpending.gov federal contract obligations,https://api.usaspending.gov/api/v2/search/spending_over_time/,2026-09-12,"4/4 quarters, obligations $1756094 / revenue $2015477000"
ROL,2020,0.0006,SEC XBRL quarterly revenue + USASpending.gov federal contract obligations,https://api.usaspending.gov/api/v2/search/spending_over_time/,2026-09-12,"4/4 quarters, obligations $1327138 / revenue $2161220000"
ROL,2021,0.0006,SEC XBRL quarterly revenue + USASpending.gov federal contract obligations,https://api.usaspending.gov/api/v2/search/spending_over_time/,2026-09-12,"4/4 quarters, obligations $1520430 / revenue $2424300000"
ROL,2022,0.0004,SEC XBRL quarterly revenue + USASpending.gov federal contract obligations,https://api.usaspending.gov/api/v2/search/spending_over_time/,2026-09-12,"4/4 quarters, obligations $1210517 / revenue $2695823000"
ROL,2023,0.0006,SEC XBRL quarterly revenue + USASpending.gov federal contract obligations,https://api.usaspending.gov/api/v2/search/spending_over_time/,2026-09-12,"4/4 quarters, obligations $1772040 / revenue $3073278000"
ROL,2024,0.0001,SEC XBRL quarterly revenue + USASpending.gov federal contract obligations,https://api.usaspending.gov/api/v2/search/spending_over_time/,2026-09-12,"4/4 quarters, obligations $278430 / revenue $3388708000"
ROL,2025,0.0,SEC XBRL quarterly revenue + USASpending.gov federal contract obligations,https://api.usaspending.gov/api/v2/search/spending_over_time/,2026-09-12,"4/4 quarters, obligations $13100 / revenue $3761050000"
ROP,2018,0.0039,SEC XBRL quarterly revenue + USASpending.gov federal contract obligations,https://api.usaspending.gov/api/v2/search/spending_over_time/,2026-09-12,"4/4 quarters, obligations $20399227 / revenue $5191200000"
ROP,2019,0.0039,SEC XBRL quarterly revenue + USASpending.gov federal contract obligations,https://api.usaspending.gov/api/v2/search/spending_over_time/,2026-09-12,"4/4 quarters, obligations $20730504 / revenue $5366800000"
ROP,2020,0.0043,SEC XBRL quarterly revenue + USASpending.gov federal contract obligations,https://api.usaspending.gov/api/v2/search/spending_over_time/,2026-09-12,"4/4 quarters, obligations $20827758 / revenue $4854200000"
ROP,2021,0.0043,SEC XBRL quarterly revenue + USASpending.gov federal contract obligations,https://api.usaspending.gov/api/v2/search/spending_over_time/,2026-09-12,"4/4 quarters, obligations $20945303 / revenue $4833800000"
ROP,2022,0.0035,SEC XBRL quarterly revenue + USASpending.gov federal contract obligations,https://api.usaspending.gov/api/v2/search/spending_over_time/,2026-09-12,"4/4 quarters, obligations $19065994 / revenue $5371800000"
ROP,2023,0.0034,SEC XBRL quarterly revenue + USASpending.gov federal contract obligations,https://api.usaspending.gov/api/v2/search/spending_over_time/,2026-09-12,"4/4 quarters, obligations $20904257 / revenue $6177800000"
ROP,2024,0.0025,SEC XBRL quarterly revenue + USASpending.gov federal contract obligations,https://api.usaspending.gov/api/v2/search/spending_over_time/,2026-09-12,"4/4 quarters, obligations $17659971 / revenue $7039200000"
ROP,2025,0.0031,SEC XBRL quarterly revenue + USASpending.gov federal contract obligations,https://api.usaspending.gov/api/v2/search/spending_over_time/,2026-09-12,"4/4 quarters, obligations $24695144 / revenue $7902500000"
ROST,2018,0.0,SEC XBRL quarterly revenue + USASpending.gov federal contract obligations,https://api.usaspending.gov/api/v2/search/spending_over_time/,2026-09-12,"4/4 quarters, obligations $0 / revenue $14943959000"
ROST,2019,0.0,SEC XBRL quarterly revenue + USASpending.gov federal contract obligations,https://api.usaspending.gov/api/v2/search/spending_over_time/,2026-09-12,"4/4 quarters, obligations $0 / revenue $15733016000"
ROST,2020,0.0,SEC XBRL quarterly revenue + USASpending.gov federal contract obligations,https://api.usaspending.gov/api/v2/search/spending_over_time/,2026-09-12,"4/4 quarters, obligations $0 / revenue $12695339000"
ROST,2021,0.0,SEC XBRL quarterly revenue + USASpending.gov federal contract obligations,https://api.usaspending.gov/api/v2/search/spending_over_time/,2026-09-12,"4/4 quarters, obligations $0 / revenue $18145266000"
ROST,2022,0.0,SEC XBRL quarterly revenue + USASpending.gov federal contract obligations,https://api.usaspending.gov/api/v2/search/spending_over_time/,2026-09-12,"4/4 quarters, obligations $0 / revenue $18502247000"
ROST,2023,0.0,SEC XBRL quarterly revenue + USASpending.gov federal contract obligations,https://api.usaspending.gov/api/v2/search/spending_over_time/,2026-09-12,"4/4 quarters, obligations $0 / revenue $19568671000"
ROST,2024,0.0,SEC XBRL quarterly revenue + USASpending.gov federal contract obligations,https://api.usaspending.gov/api/v2/search/spending_over_time/,2026-09-12,"4/4 quarters, obligations $0 / revenue $21239441000"
ROST,2025,0.0,SEC XBRL quarterly revenue + USASpending.gov federal contract obligations,https://api.usaspending.gov/api/v2/search/spending_over_time/,2026-09-12,"4/4 quarters, obligations $0 / revenue $22027348000"
RSG,2018,0.0006,SEC XBRL quarterly revenue + USASpending.gov federal contract obligations,https://api.usaspending.gov/api/v2/search/spending_over_time/,2026-09-12,"4/4 quarters, obligations $5704614 / revenue $10041000000"
RSG,2019,0.0006,SEC XBRL quarterly revenue + USASpending.gov federal contract obligations,https://api.usaspending.gov/api/v2/search/spending_over_time/,2026-09-12,"4/4 quarters, obligations $5854787 / revenue $10299500000"
RSG,2020,0.0006,SEC XBRL quarterly revenue + USASpending.gov federal contract obligations,https://api.usaspending.gov/api/v2/search/spending_over_time/,2026-09-12,"4/4 quarters, obligations $5999100 / revenue $10153700000"
RSG,2021,0.0005,SEC XBRL quarterly revenue + USASpending.gov federal contract obligations,https://api.usaspending.gov/api/v2/search/spending_over_time/,2026-09-12,"4/4 quarters, obligations $6107747 / revenue $11295000000"
RSG,2022,0.0005,SEC XBRL quarterly revenue + USASpending.gov federal contract obligations,https://api.usaspending.gov/api/v2/search/spending_over_time/,2026-09-12,"4/4 quarters, obligations $6947049 / revenue $13511000000"
RSG,2023,0.0006,SEC XBRL quarterly revenue + USASpending.gov federal contract obligations,https://api.usaspending.gov/api/v2/search/spending_over_time/,2026-09-12,"4/4 quarters, obligations $8730676 / revenue $14965000000"
RSG,2024,0.0016,SEC XBRL quarterly revenue + USASpending.gov federal contract obligations,https://api.usaspending.gov/api/v2/search/spending_over_time/,2026-09-12,"4/4 quarters, obligations $26242572 / revenue $16032000000"
RSG,2025,0.0027,SEC XBRL quarterly revenue + USASpending.gov federal contract obligations,https://api.usaspending.gov/api/v2/search/spending_over_time/,2026-09-12,"4/4 quarters, obligations $44950189 / revenue $16591000000"
RTX,2018,0.0,SEC XBRL quarterly revenue + USASpending.gov federal contract obligations,https://api.usaspending.gov/api/v2/search/spending_over_time/,2026-09-12,"4/4 quarters, obligations $0 / revenue $66501000000"
RTX,2019,0.0,SEC XBRL quarterly revenue + USASpending.gov federal contract obligations,https://api.usaspending.gov/api/v2/search/spending_over_time/,2026-09-12,"4/4 quarters, obligations $0 / revenue $45349000000"
RTX,2020,0.0743,SEC XBRL quarterly revenue + USASpending.gov federal contract obligations,https://api.usaspending.gov/api/v2/search/spending_over_time/,2026-09-12,"4/4 quarters, obligations $4206027610 / revenue $56587000000"
RTX,2021,0.3355,SEC XBRL quarterly revenue + USASpending.gov federal contract obligations,https://api.usaspending.gov/api/v2/search/spending_over_time/,2026-09-12,"4/4 quarters, obligations $21600458100 / revenue $64388000000"
RTX,2022,0.4105,SEC XBRL quarterly revenue + USASpending.gov federal contract obligations,https://api.usaspending.gov/api/v2/search/spending_over_time/,2026-09-12,"4/4 quarters, obligations $27534656119 / revenue $67074000000"
RTX,2023,0.3659,SEC XBRL quarterly revenue + USASpending.gov federal contract obligations,https://api.usaspending.gov/api/v2/search/spending_over_time/,2026-09-12,"4/4 quarters, obligations $25218292282 / revenue $68920000000"
RTX,2024,0.0648,SEC XBRL quarterly revenue + USASpending.gov federal contract obligations,https://api.usaspending.gov/api/v2/search/spending_over_time/,2026-09-12,"4/4 quarters, obligations $5228902665 / revenue $80738000000"
RTX,2025,0.0719,SEC XBRL quarterly revenue + USASpending.gov federal contract obligations,https://api.usaspending.gov/api/v2/search/spending_over_time/,2026-09-12,"4/4 quarters, obligations $6373707251 / revenue $88603000000"
RVTY,2018,0.0052,SEC XBRL quarterly revenue + USASpending.gov federal contract obligations,https://api.usaspending.gov/api/v2/search/spending_over_time/,2026-09-12,"3/4 quarters, obligations $10712938 / revenue $2074634000"
RVTY,2019,0.0032,SEC XBRL quarterly revenue + USASpending.gov federal contract obligations,https://api.usaspending.gov/api/v2/search/spending_over_time/,2026-09-12,"4/4 quarters, obligations $9320526 / revenue $2883673000"
RVTY,2020,0.0043,SEC XBRL quarterly revenue + USASpending.gov federal contract obligations,https://api.usaspending.gov/api/v2/search/spending_over_time/,2026-09-12,"3/4 quarters, obligations $10472147 / revenue $2428139000"
RVTY,2021,0.0025,SEC XBRL quarterly revenue + USASpending.gov federal contract obligations,https://api.usaspending.gov/api/v2/search/spending_over_time/,2026-09-12,"4/4 quarters, obligations $10391569 / revenue $4154504000"
RVTY,2022,0.0031,SEC XBRL quarterly revenue + USASpending.gov federal contract obligations,https://api.usaspending.gov/api/v2/search/spending_over_time/,2026-09-12,"4/4 quarters, obligations $11298648 / revenue $3598518000"
RVTY,2023,0.0026,SEC XBRL quarterly revenue + USASpending.gov federal contract obligations,https://api.usaspending.gov/api/v2/search/spending_over_time/,2026-09-12,"4/4 quarters, obligations $7434010 / revenue $2821046000"
RVTY,2024,0.0054,SEC XBRL quarterly revenue + USASpending.gov federal contract obligations,https://api.usaspending.gov/api/v2/search/spending_over_time/,2026-09-12,"4/4 quarters, obligations $14740741 / revenue $2755026000"
RVTY,2025,0.0019,SEC XBRL quarterly revenue + USASpending.gov federal contract obligations,https://api.usaspending.gov/api/v2/search/spending_over_time/,2026-09-12,"4/4 quarters, obligations $5370962 / revenue $2856051000"
SBAC,2018,0.0001,SEC XBRL quarterly revenue + USASpending.gov federal contract obligations,https://api.usaspending.gov/api/v2/search/spending_over_time/,2026-09-12,"4/4 quarters, obligations $252254 / revenue $1865695000"
SBAC,2019,0.0001,SEC XBRL quarterly revenue + USASpending.gov federal contract obligations,https://api.usaspending.gov/api/v2/search/spending_over_time/,2026-09-12,"4/4 quarters, obligations $180351 / revenue $2014645000"
SBAC,2020,0.0001,SEC XBRL quarterly revenue + USASpending.gov federal contract obligations,https://api.usaspending.gov/api/v2/search/spending_over_time/,2026-09-12,"4/4 quarters, obligations $302767 / revenue $2083138000"
SBAC,2021,0.0002,SEC XBRL quarterly revenue + USASpending.gov federal contract obligations,https://api.usaspending.gov/api/v2/search/spending_over_time/,2026-09-12,"4/4 quarters, obligations $351468 / revenue $2308834000"
SBAC,2022,0.0001,SEC XBRL quarterly revenue + USASpending.gov federal contract obligations,https://api.usaspending.gov/api/v2/search/spending_over_time/,2026-09-12,"4/4 quarters, obligations $286510 / revenue $2633454000"
SBAC,2023,0.0001,SEC XBRL quarterly revenue + USASpending.gov federal contract obligations,https://api.usaspending.gov/api/v2/search/spending_over_time/,2026-09-12,"4/4 quarters, obligations $238133 / revenue $2711584000"
SBAC,2024,0.0001,SEC XBRL quarterly revenue + USASpending.gov federal contract obligations,https://api.usaspending.gov/api/v2/search/spending_over_time/,2026-09-12,"4/4 quarters, obligations $225217 / revenue $2679634000"
SBAC,2025,0.0001,SEC XBRL quarterly revenue + USASpending.gov federal contract obligations,https://api.usaspending.gov/api/v2/search/spending_over_time/,2026-09-12,"4/4 quarters, obligations $98275 / revenue $1567142000"
SBUX,2018,0.0,SEC XBRL quarterly revenue + USASpending.gov federal contract obligations,https://api.usaspending.gov/api/v2/search/spending_over_time/,2026-09-12,"3/4 quarters, obligations $19000 / revenue $18968100000"
SBUX,2019,0.0,SEC XBRL quarterly revenue + USASpending.gov federal contract obligations,https://api.usaspending.gov/api/v2/search/spending_over_time/,2026-09-12,"4/4 quarters, obligations $93374 / revenue $26973000000"
SBUX,2020,0.0,SEC XBRL quarterly revenue + USASpending.gov federal contract obligations,https://api.usaspending.gov/api/v2/search/spending_over_time/,2026-09-12,"4/4 quarters, obligations $19106 / revenue $23170300000"
SBUX,2021,0.0,SEC XBRL quarterly revenue + USASpending.gov federal contract obligations,https://api.usaspending.gov/api/v2/search/spending_over_time/,2026-09-12,"3/4 quarters, obligations $0 / revenue $22311200000"
SBUX,2022,0.0,SEC XBRL quarterly revenue + USASpending.gov federal contract obligations,https://api.usaspending.gov/api/v2/search/spending_over_time/,2026-09-12,"4/4 quarters, obligations $0 / revenue $32250300000"
SBUX,2023,0.0,SEC XBRL quarterly revenue + USASpending.gov federal contract obligations,https://api.usaspending.gov/api/v2/search/spending_over_time/,2026-09-12,"4/4 quarters, obligations $0 / revenue $35975600000"
SBUX,2024,0.0,SEC XBRL quarterly revenue + USASpending.gov federal contract obligations,https://api.usaspending.gov/api/v2/search/spending_over_time/,2026-09-12,"4/4 quarters, obligations $0 / revenue $36148700000"
SBUX,2025,0.0,SEC XBRL quarterly revenue + USASpending.gov federal contract obligations,https://api.usaspending.gov/api/v2/search/spending_over_time/,2026-09-12,"4/4 quarters, obligations $0 / revenue $37701700000"
SCHW,2018,0.0,SEC XBRL quarterly revenue + USASpending.gov federal contract obligations,https://api.usaspending.gov/api/v2/search/spending_over_time/,2026-09-12,"4/4 quarters, obligations $0 / revenue $10132000000"
SCHW,2019,0.0,SEC XBRL quarterly revenue + USASpending.gov federal contract obligations,https://api.usaspending.gov/api/v2/search/spending_over_time/,2026-09-12,"4/4 quarters, obligations $0 / revenue $10721000000"
SCHW,2020,0.0,SEC XBRL quarterly revenue + USASpending.gov federal contract obligations,https://api.usaspending.gov/api/v2/search/spending_over_time/,2026-09-12,"4/4 quarters, obligations $0 / revenue $11691000000"
SCHW,2021,0.0,SEC XBRL quarterly revenue + USASpending.gov federal contract obligations,https://api.usaspending.gov/api/v2/search/spending_over_time/,2026-09-12,"4/4 quarters, obligations $0 / revenue $18520000000"
SCHW,2022,0.0,SEC XBRL quarterly revenue + USASpending.gov federal contract obligations,https://api.usaspending.gov/api/v2/search/spending_over_time/,2026-09-12,"4/4 quarters, obligations $0 / revenue $20762000000"
SCHW,2023,0.0,SEC XBRL quarterly revenue + USASpending.gov federal contract obligations,https://api.usaspending.gov/api/v2/search/spending_over_time/,2026-09-12,"4/4 quarters, obligations $0 / revenue $18837000000"
SCHW,2024,0.0,SEC XBRL quarterly revenue + USASpending.gov federal contract obligations,https://api.usaspending.gov/api/v2/search/spending_over_time/,2026-09-12,"4/4 quarters, obligations $0 / revenue $19606000000"
SCHW,2025,0.0,SEC XBRL quarterly revenue + USASpending.gov federal contract obligations,https://api.usaspending.gov/api/v2/search/spending_over_time/,2026-09-12,"4/4 quarters, obligations $0 / revenue $23921000000"
SHW,2018,0.0,SEC XBRL quarterly revenue + USASpending.gov federal contract obligations,https://api.usaspending.gov/api/v2/search/spending_over_time/,2026-09-12,"4/4 quarters, obligations $0 / revenue $17534500000"
SHW,2019,0.0,SEC XBRL quarterly revenue + USASpending.gov federal contract obligations,https://api.usaspending.gov/api/v2/search/spending_over_time/,2026-09-12,"4/4 quarters, obligations $0 / revenue $17900800000"
SHW,2020,0.0,SEC XBRL quarterly revenue + USASpending.gov federal contract obligations,https://api.usaspending.gov/api/v2/search/spending_over_time/,2026-09-12,"4/4 quarters, obligations $0 / revenue $18361700000"
SHW,2021,0.0,SEC XBRL quarterly revenue + USASpending.gov federal contract obligations,https://api.usaspending.gov/api/v2/search/spending_over_time/,2026-09-12,"4/4 quarters, obligations $0 / revenue $19944600000"
SHW,2022,0.0,SEC XBRL quarterly revenue + USASpending.gov federal contract obligations,https://api.usaspending.gov/api/v2/search/spending_over_time/,2026-09-12,"4/4 quarters, obligations $0 / revenue $22148900000"
SHW,2023,0.0,SEC XBRL quarterly revenue + USASpending.gov federal contract obligations,https://api.usaspending.gov/api/v2/search/spending_over_time/,2026-09-12,"4/4 quarters, obligations $0 / revenue $23051900000"
SHW,2024,0.0,SEC XBRL quarterly revenue + USASpending.gov federal contract obligations,https://api.usaspending.gov/api/v2/search/spending_over_time/,2026-09-12,"4/4 quarters, obligations $0 / revenue $23098500000"
SHW,2025,0.0,SEC XBRL quarterly revenue + USASpending.gov federal contract obligations,https://api.usaspending.gov/api/v2/search/spending_over_time/,2026-09-12,"4/4 quarters, obligations $0 / revenue $23574300000"
SJM,2018,0.0,SEC XBRL quarterly revenue + USASpending.gov federal contract obligations,https://api.usaspending.gov/api/v2/search/spending_over_time/,2026-09-12,"4/4 quarters, obligations $0 / revenue $7608600000"
SJM,2019,0.0,SEC XBRL quarterly revenue + USASpending.gov federal contract obligations,https://api.usaspending.gov/api/v2/search/spending_over_time/,2026-09-12,"4/4 quarters, obligations $0 / revenue $7650700000"
SJM,2020,0.0,SEC XBRL quarterly revenue + USASpending.gov federal contract obligations,https://api.usaspending.gov/api/v2/search/spending_over_time/,2026-09-12,"4/4 quarters, obligations $0 / revenue $8070100000"
SJM,2021,0.0,SEC XBRL quarterly revenue + USASpending.gov federal contract obligations,https://api.usaspending.gov/api/v2/search/spending_over_time/,2026-09-12,"4/4 quarters, obligations $0 / revenue $7904900000"
SJM,2022,0.0,SEC XBRL quarterly revenue + USASpending.gov federal contract obligations,https://api.usaspending.gov/api/v2/search/spending_over_time/,2026-09-12,"4/4 quarters, obligations $0 / revenue $8169000000"
SJM,2023,0.0,SEC XBRL quarterly revenue + USASpending.gov federal contract obligations,https://api.usaspending.gov/api/v2/search/spending_over_time/,2026-09-12,"4/4 quarters, obligations $0 / revenue $8194900000"
SJM,2024,0.0,SEC XBRL quarterly revenue + USASpending.gov federal contract obligations,https://api.usaspending.gov/api/v2/search/spending_over_time/,2026-09-12,"4/4 quarters, obligations $0 / revenue $8831200000"
SJM,2025,0.0,SEC XBRL quarterly revenue + USASpending.gov federal contract obligations,https://api.usaspending.gov/api/v2/search/spending_over_time/,2026-09-12,"4/4 quarters, obligations $0 / revenue $8773200000"
SLB,2018,0.0,SEC XBRL quarterly revenue + USASpending.gov federal contract obligations,https://api.usaspending.gov/api/v2/search/spending_over_time/,2026-09-12,"4/4 quarters, obligations $0 / revenue $32815000000"
SLB,2019,0.0,SEC XBRL quarterly revenue + USASpending.gov federal contract obligations,https://api.usaspending.gov/api/v2/search/spending_over_time/,2026-09-12,"4/4 quarters, obligations $0 / revenue $32917000000"
SLB,2020,0.0,SEC XBRL quarterly revenue + USASpending.gov federal contract obligations,https://api.usaspending.gov/api/v2/search/spending_over_time/,2026-09-12,"4/4 quarters, obligations $0 / revenue $23601000000"
SLB,2021,0.0,SEC XBRL quarterly revenue + USASpending.gov federal contract obligations,https://api.usaspending.gov/api/v2/search/spending_over_time/,2026-09-12,"4/4 quarters, obligations $0 / revenue $22929000000"
SLB,2022,0.0,SEC XBRL quarterly revenue + USASpending.gov federal contract obligations,https://api.usaspending.gov/api/v2/search/spending_over_time/,2026-09-12,"4/4 quarters, obligations $0 / revenue $28091000000"
SLB,2023,0.0,SEC XBRL quarterly revenue + USASpending.gov federal contract obligations,https://api.usaspending.gov/api/v2/search/spending_over_time/,2026-09-12,"4/4 quarters, obligations $0 / revenue $33135000000"
SLB,2024,0.0,SEC XBRL quarterly revenue + USASpending.gov federal contract obligations,https://api.usaspending.gov/api/v2/search/spending_over_time/,2026-09-12,"4/4 quarters, obligations $0 / revenue $36289000000"
SLB,2025,0.0,SEC XBRL quarterly revenue + USASpending.gov federal contract obligations,https://api.usaspending.gov/api/v2/search/spending_over_time/,2026-09-12,"4/4 quarters, obligations $0 / revenue $35708000000"
SMCI,2018,0.0,SEC XBRL quarterly revenue + USASpending.gov federal contract obligations,https://api.usaspending.gov/api/v2/search/spending_over_time/,2026-09-12,"4/4 quarters, obligations $0 / revenue $3719399000"
SMCI,2019,0.0,SEC XBRL quarterly revenue + USASpending.gov federal contract obligations,https://api.usaspending.gov/api/v2/search/spending_over_time/,2026-09-12,"4/4 quarters, obligations $0 / revenue $3268480000"
SMCI,2020,0.0,SEC XBRL quarterly revenue + USASpending.gov federal contract obligations,https://api.usaspending.gov/api/v2/search/spending_over_time/,2026-09-12,"4/4 quarters, obligations $0 / revenue $3261090000"
SMCI,2021,0.0,SEC XBRL quarterly revenue + USASpending.gov federal contract obligations,https://api.usaspending.gov/api/v2/search/spending_over_time/,2026-09-12,"4/4 quarters, obligations $0 / revenue $4170015000"
SMCI,2022,0.0,SEC XBRL quarterly revenue + USASpending.gov federal contract obligations,https://api.usaspending.gov/api/v2/search/spending_over_time/,2026-09-12,"4/4 quarters, obligations $0 / revenue $6646275000"
SMCI,2023,0.0,SEC XBRL quarterly revenue + USASpending.gov federal contract obligations,https://api.usaspending.gov/api/v2/search/spending_over_time/,2026-09-12,"4/4 quarters, obligations $0 / revenue $9252753000"
SMCI,2024,0.0,SEC XBRL quarterly revenue + USASpending.gov federal contract obligations,https://api.usaspending.gov/api/v2/search/spending_over_time/,2026-09-12,"4/4 quarters, obligations $0 / revenue $20819873000"
SMCI,2025,0.0,SEC XBRL quarterly revenue + USASpending.gov federal contract obligations,https://api.usaspending.gov/api/v2/search/spending_over_time/,2026-09-12,"4/4 quarters, obligations $0 / revenue $28057105000"
SNA,2018,0.0143,SEC XBRL quarterly revenue + USASpending.gov federal contract obligations,https://api.usaspending.gov/api/v2/search/spending_over_time/,2026-09-12,"4/4 quarters, obligations $58229487 / revenue $4070400000"
SNA,2019,0.0193,SEC XBRL quarterly revenue + USASpending.gov federal contract obligations,https://api.usaspending.gov/api/v2/search/spending_over_time/,2026-09-12,"4/4 quarters, obligations $78607975 / revenue $4067700000"
SNA,2020,0.0211,SEC XBRL quarterly revenue + USASpending.gov federal contract obligations,https://api.usaspending.gov/api/v2/search/spending_over_time/,2026-09-12,"3/4 quarters, obligations $52805889 / revenue $2500800000"
SNA,2021,0.0097,SEC XBRL quarterly revenue + USASpending.gov federal contract obligations,https://api.usaspending.gov/api/v2/search/spending_over_time/,2026-09-12,"4/4 quarters, obligations $44206980 / revenue $4567100000"
SNA,2022,0.0084,SEC XBRL quarterly revenue + USASpending.gov federal contract obligations,https://api.usaspending.gov/api/v2/search/spending_over_time/,2026-09-12,"4/4 quarters, obligations $43996430 / revenue $5222200000"
SNA,2023,0.0088,SEC XBRL quarterly revenue + USASpending.gov federal contract obligations,https://api.usaspending.gov/api/v2/search/spending_over_time/,2026-09-12,"3/4 quarters, obligations $31094336 / revenue $3518600000"
SNA,2024,0.0009,SEC XBRL quarterly revenue + USASpending.gov federal contract obligations,https://api.usaspending.gov/api/v2/search/spending_over_time/,2026-09-12,"4/4 quarters, obligations $4365952 / revenue $4677600000"
SNA,2025,0.0003,SEC XBRL quarterly revenue + USASpending.gov federal contract obligations,https://api.usaspending.gov/api/v2/search/spending_over_time/,2026-09-12,"3/4 quarters, obligations $978695 / revenue $3486300000"
SNDK,2024,0.0,SEC XBRL quarterly revenue + USASpending.gov federal contract obligations,https://api.usaspending.gov/api/v2/search/spending_over_time/,2026-09-12,"3/4 quarters, obligations $0 / revenue $5464000000"
SNDK,2025,0.0,SEC XBRL quarterly revenue + USASpending.gov federal contract obligations,https://api.usaspending.gov/api/v2/search/spending_over_time/,2026-09-12,"3/4 quarters, obligations $0 / revenue $5904000000"
SNPS,2018,0.0003,SEC XBRL quarterly revenue + USASpending.gov federal contract obligations,https://api.usaspending.gov/api/v2/search/spending_over_time/,2026-09-12,"4/4 quarters, obligations $854653 / revenue $3121058000"
SNPS,2019,0.0003,SEC XBRL quarterly revenue + USASpending.gov federal contract obligations,https://api.usaspending.gov/api/v2/search/spending_over_time/,2026-09-12,"4/4 quarters, obligations $1176037 / revenue $3360694000"
SNPS,2020,0.0003,SEC XBRL quarterly revenue + USASpending.gov federal contract obligations,https://api.usaspending.gov/api/v2/search/spending_over_time/,2026-09-12,"4/4 quarters, obligations $1162053 / revenue $3685281000"
SNPS,2021,0.0003,SEC XBRL quarterly revenue + USASpending.gov federal contract obligations,https://api.usaspending.gov/api/v2/search/spending_over_time/,2026-09-12,"4/4 quarters, obligations $1108711 / revenue $4204193000"
SNPS,2022,0.0002,SEC XBRL quarterly revenue + USASpending.gov federal contract obligations,https://api.usaspending.gov/api/v2/search/spending_over_time/,2026-09-12,"4/4 quarters, obligations $746528 / revenue $4615714000"
SNPS,2023,0.0002,SEC XBRL quarterly revenue + USASpending.gov federal contract obligations,https://api.usaspending.gov/api/v2/search/spending_over_time/,2026-09-12,"4/4 quarters, obligations $863715 / revenue $5318014000"
SNPS,2024,0.0003,SEC XBRL quarterly revenue + USASpending.gov federal contract obligations,https://api.usaspending.gov/api/v2/search/spending_over_time/,2026-09-12,"4/4 quarters, obligations $1552209 / revenue $6127436000"
SNPS,2025,0.0001,SEC XBRL quarterly revenue + USASpending.gov federal contract obligations,https://api.usaspending.gov/api/v2/search/spending_over_time/,2026-09-12,"4/4 quarters, obligations $773525 / revenue $7054178000"
SO,2018,0.0295,SEC XBRL quarterly revenue + USASpending.gov federal contract obligations,https://api.usaspending.gov/api/v2/search/spending_over_time/,2026-09-12,"4/4 quarters, obligations $692618375 / revenue $23495000000"
SO,2019,0.0129,SEC XBRL quarterly revenue + USASpending.gov federal contract obligations,https://api.usaspending.gov/api/v2/search/spending_over_time/,2026-09-12,"4/4 quarters, obligations $282022983 / revenue $21830000000"
SO,2020,0.0139,SEC XBRL quarterly revenue + USASpending.gov federal contract obligations,https://api.usaspending.gov/api/v2/search/spending_over_time/,2026-09-12,"4/4 quarters, obligations $292808031 / revenue $21097000000"
SO,2021,0.0107,SEC XBRL quarterly revenue + USASpending.gov federal contract obligations,https://api.usaspending.gov/api/v2/search/spending_over_time/,2026-09-12,"4/4 quarters, obligations $252057108 / revenue $23463000000"
SO,2022,0.0128,SEC XBRL quarterly revenue + USASpending.gov federal contract obligations,https://api.usaspending.gov/api/v2/search/spending_over_time/,2026-09-12,"4/4 quarters, obligations $332473919 / revenue $25941000000"
SO,2023,0.0133,SEC XBRL quarterly revenue + USASpending.gov federal contract obligations,https://api.usaspending.gov/api/v2/search/spending_over_time/,2026-09-12,"4/4 quarters, obligations $329052512 / revenue $24828000000"
SO,2024,0.0104,SEC XBRL quarterly revenue + USASpending.gov federal contract obligations,https://api.usaspending.gov/api/v2/search/spending_over_time/,2026-09-12,"4/4 quarters, obligations $278349823 / revenue $26764000000"
SO,2025,0.0143,SEC XBRL quarterly revenue + USASpending.gov federal contract obligations,https://api.usaspending.gov/api/v2/search/spending_over_time/,2026-09-12,"4/4 quarters, obligations $412779645 / revenue $28942000000"
SOLV,2023,0.0031,SEC XBRL quarterly revenue + USASpending.gov federal contract obligations,https://api.usaspending.gov/api/v2/search/spending_over_time/,2026-09-12,"4/4 quarters, obligations $25113362 / revenue $8197000000"
SOLV,2024,0.005,SEC XBRL quarterly revenue + USASpending.gov federal contract obligations,https://api.usaspending.gov/api/v2/search/spending_over_time/,2026-09-12,"4/4 quarters, obligations $41004227 / revenue $8254000000"
SOLV,2025,0.0027,SEC XBRL quarterly revenue + USASpending.gov federal contract obligations,https://api.usaspending.gov/api/v2/search/spending_over_time/,2026-09-12,"4/4 quarters, obligations $22780649 / revenue $8325000000"
SPG,2018,0.0,SEC XBRL quarterly revenue + USASpending.gov federal contract obligations,https://api.usaspending.gov/api/v2/search/spending_over_time/,2026-09-12,"4/4 quarters, obligations $84644 / revenue $5645289000"
SPG,2019,0.0,SEC XBRL quarterly revenue + USASpending.gov federal contract obligations,https://api.usaspending.gov/api/v2/search/spending_over_time/,2026-09-12,"4/4 quarters, obligations $43200 / revenue $5755189000"
SPG,2020,0.0,SEC XBRL quarterly revenue + USASpending.gov federal contract obligations,https://api.usaspending.gov/api/v2/search/spending_over_time/,2026-09-12,"4/4 quarters, obligations $0 / revenue $4607504000"
SPG,2021,0.0,SEC XBRL quarterly revenue + USASpending.gov federal contract obligations,https://api.usaspending.gov/api/v2/search/spending_over_time/,2026-09-12,"4/4 quarters, obligations $-6000 / revenue $5116789000"
SPG,2022,0.0,SEC XBRL quarterly revenue + USASpending.gov federal contract obligations,https://api.usaspending.gov/api/v2/search/spending_over_time/,2026-09-12,"4/4 quarters, obligations $0 / revenue $5291448000"
SPG,2023,0.0,SEC XBRL quarterly revenue + USASpending.gov federal contract obligations,https://api.usaspending.gov/api/v2/search/spending_over_time/,2026-09-12,"4/4 quarters, obligations $0 / revenue $5658836000"
SPG,2024,0.0,SEC XBRL quarterly revenue + USASpending.gov federal contract obligations,https://api.usaspending.gov/api/v2/search/spending_over_time/,2026-09-12,"4/4 quarters, obligations $3732 / revenue $5963798000"
SPG,2025,0.0,SEC XBRL quarterly revenue + USASpending.gov federal contract obligations,https://api.usaspending.gov/api/v2/search/spending_over_time/,2026-09-12,"4/4 quarters, obligations $0 / revenue $6364505000"
SPGI,2018,0.0025,SEC XBRL quarterly revenue + USASpending.gov federal contract obligations,https://api.usaspending.gov/api/v2/search/spending_over_time/,2026-09-12,"3/4 quarters, obligations $11818577 / revenue $4722000000"
SRE,2018,0.0018,SEC XBRL quarterly revenue + USASpending.gov federal contract obligations,https://api.usaspending.gov/api/v2/search/spending_over_time/,2026-09-12,"4/4 quarters, obligations $16889338 / revenue $9447000000"
SRE,2019,0.0057,SEC XBRL quarterly revenue + USASpending.gov federal contract obligations,https://api.usaspending.gov/api/v2/search/spending_over_time/,2026-09-12,"4/4 quarters, obligations $57438164 / revenue $10141000000"
SRE,2020,0.0052,SEC XBRL quarterly revenue + USASpending.gov federal contract obligations,https://api.usaspending.gov/api/v2/search/spending_over_time/,2026-09-12,"4/4 quarters, obligations $53296800 / revenue $10310000000"
SRE,2021,0.0031,SEC XBRL quarterly revenue + USASpending.gov federal contract obligations,https://api.usaspending.gov/api/v2/search/spending_over_time/,2026-09-12,"4/4 quarters, obligations $35672390 / revenue $11676000000"
SRE,2022,0.0009,SEC XBRL quarterly revenue + USASpending.gov federal contract obligations,https://api.usaspending.gov/api/v2/search/spending_over_time/,2026-09-12,"4/4 quarters, obligations $13024574 / revenue $13722000000"
SRE,2023,0.0034,SEC XBRL quarterly revenue + USASpending.gov federal contract obligations,https://api.usaspending.gov/api/v2/search/spending_over_time/,2026-09-12,"4/4 quarters, obligations $50552336 / revenue $14848000000"
SRE,2024,0.0025,SEC XBRL quarterly revenue + USASpending.gov federal contract obligations,https://api.usaspending.gov/api/v2/search/spending_over_time/,2026-09-12,"4/4 quarters, obligations $29669870 / revenue $11818000000"
SRE,2025,0.0002,SEC XBRL quarterly revenue + USASpending.gov federal contract obligations,https://api.usaspending.gov/api/v2/search/spending_over_time/,2026-09-12,"4/4 quarters, obligations $2613536 / revenue $12418000000"
STE,2018,0.0093,SEC XBRL quarterly revenue + USASpending.gov federal contract obligations,https://api.usaspending.gov/api/v2/search/spending_over_time/,2026-09-12,"4/4 quarters, obligations $25321028 / revenue $2729930000"
STE,2019,0.0063,SEC XBRL quarterly revenue + USASpending.gov federal contract obligations,https://api.usaspending.gov/api/v2/search/spending_over_time/,2026-09-12,"4/4 quarters, obligations $18884175 / revenue $2976117000"
STE,2020,0.0091,SEC XBRL quarterly revenue + USASpending.gov federal contract obligations,https://api.usaspending.gov/api/v2/search/spending_over_time/,2026-09-12,"4/4 quarters, obligations $27864991 / revenue $3056979000"
STE,2021,0.0088,SEC XBRL quarterly revenue + USASpending.gov federal contract obligations,https://api.usaspending.gov/api/v2/search/spending_over_time/,2026-09-12,"4/4 quarters, obligations $37436771 / revenue $4247909000"
STE,2022,0.0107,SEC XBRL quarterly revenue + USASpending.gov federal contract obligations,https://api.usaspending.gov/api/v2/search/spending_over_time/,2026-09-12,"4/4 quarters, obligations $47875914 / revenue $4465700000"
STE,2023,0.009,SEC XBRL quarterly revenue + USASpending.gov federal contract obligations,https://api.usaspending.gov/api/v2/search/spending_over_time/,2026-09-12,"4/4 quarters, obligations $44907288 / revenue $5000566000"
STE,2024,0.0082,SEC XBRL quarterly revenue + USASpending.gov federal contract obligations,https://api.usaspending.gov/api/v2/search/spending_over_time/,2026-09-12,"4/4 quarters, obligations $44097608 / revenue $5398387000"
STE,2025,0.0068,SEC XBRL quarterly revenue + USASpending.gov federal contract obligations,https://api.usaspending.gov/api/v2/search/spending_over_time/,2026-09-12,"4/4 quarters, obligations $39809029 / revenue $5828100000"
STLD,2018,0.0,SEC XBRL quarterly revenue + USASpending.gov federal contract obligations,https://api.usaspending.gov/api/v2/search/spending_over_time/,2026-09-12,"4/4 quarters, obligations $19000 / revenue $11821839000"
STLD,2019,0.0,SEC XBRL quarterly revenue + USASpending.gov federal contract obligations,https://api.usaspending.gov/api/v2/search/spending_over_time/,2026-09-12,"4/4 quarters, obligations $19000 / revenue $10464991000"
STLD,2020,0.0,SEC XBRL quarterly revenue + USASpending.gov federal contract obligations,https://api.usaspending.gov/api/v2/search/spending_over_time/,2026-09-12,"4/4 quarters, obligations $19000 / revenue $9592977000"
STLD,2021,0.0,SEC XBRL quarterly revenue + USASpending.gov federal contract obligations,https://api.usaspending.gov/api/v2/search/spending_over_time/,2026-09-12,"4/4 quarters, obligations $10000 / revenue $18408850000"
STLD,2022,0.0,SEC XBRL quarterly revenue + USASpending.gov federal contract obligations,https://api.usaspending.gov/api/v2/search/spending_over_time/,2026-09-12,"4/4 quarters, obligations $10000 / revenue $22260774000"
STLD,2023,0.0,SEC XBRL quarterly revenue + USASpending.gov federal contract obligations,https://api.usaspending.gov/api/v2/search/spending_over_time/,2026-09-12,"4/4 quarters, obligations $48500 / revenue $18795316000"
STLD,2024,0.0,SEC XBRL quarterly revenue + USASpending.gov federal contract obligations,https://api.usaspending.gov/api/v2/search/spending_over_time/,2026-09-12,"4/4 quarters, obligations $13500 / revenue $17540390000"
STLD,2025,0.0,SEC XBRL quarterly revenue + USASpending.gov federal contract obligations,https://api.usaspending.gov/api/v2/search/spending_over_time/,2026-09-12,"4/4 quarters, obligations $13500 / revenue $18176581000"
STT,2018,0.0012,SEC XBRL quarterly revenue + USASpending.gov federal contract obligations,https://api.usaspending.gov/api/v2/search/spending_over_time/,2026-09-12,"4/4 quarters, obligations $14768204 / revenue $12131000000"
STT,2019,0.001,SEC XBRL quarterly revenue + USASpending.gov federal contract obligations,https://api.usaspending.gov/api/v2/search/spending_over_time/,2026-09-12,"4/4 quarters, obligations $11900431 / revenue $11756000000"
STT,2020,0.0012,SEC XBRL quarterly revenue + USASpending.gov federal contract obligations,https://api.usaspending.gov/api/v2/search/spending_over_time/,2026-09-12,"4/4 quarters, obligations $14583299 / revenue $11703000000"
STT,2021,0.0012,SEC XBRL quarterly revenue + USASpending.gov federal contract obligations,https://api.usaspending.gov/api/v2/search/spending_over_time/,2026-09-12,"4/4 quarters, obligations $13851248 / revenue $12027000000"
STT,2022,0.0004,SEC XBRL quarterly revenue + USASpending.gov federal contract obligations,https://api.usaspending.gov/api/v2/search/spending_over_time/,2026-09-12,"4/4 quarters, obligations $4870507 / revenue $12148000000"
STT,2023,0.0013,SEC XBRL quarterly revenue + USASpending.gov federal contract obligations,https://api.usaspending.gov/api/v2/search/spending_over_time/,2026-09-12,"4/4 quarters, obligations $16032910 / revenue $11945000000"
STT,2024,0.0009,SEC XBRL quarterly revenue + USASpending.gov federal contract obligations,https://api.usaspending.gov/api/v2/search/spending_over_time/,2026-09-12,"4/4 quarters, obligations $11885469 / revenue $13000000000"
STT,2025,0.0008,SEC XBRL quarterly revenue + USASpending.gov federal contract obligations,https://api.usaspending.gov/api/v2/search/spending_over_time/,2026-09-12,"4/4 quarters, obligations $11615839 / revenue $13944000000"
STX,2018,0.0,SEC XBRL quarterly revenue + USASpending.gov federal contract obligations,https://api.usaspending.gov/api/v2/search/spending_over_time/,2026-09-12,"4/4 quarters, obligations $-10475 / revenue $11344000000"
STX,2019,0.0,SEC XBRL quarterly revenue + USASpending.gov federal contract obligations,https://api.usaspending.gov/api/v2/search/spending_over_time/,2026-09-12,"3/4 quarters, obligations $0 / revenue $7262000000"
STX,2020,0.0,SEC XBRL quarterly revenue + USASpending.gov federal contract obligations,https://api.usaspending.gov/api/v2/search/spending_over_time/,2026-09-12,"4/4 quarters, obligations $0 / revenue $10245000000"
STX,2021,0.0,SEC XBRL quarterly revenue + USASpending.gov federal contract obligations,https://api.usaspending.gov/api/v2/search/spending_over_time/,2026-09-12,"4/4 quarters, obligations $0 / revenue $11483000000"
STX,2022,0.0,SEC XBRL quarterly revenue + USASpending.gov federal contract obligations,https://api.usaspending.gov/api/v2/search/spending_over_time/,2026-09-12,"3/4 quarters, obligations $0 / revenue $7317000000"
STX,2023,0.0,SEC XBRL quarterly revenue + USASpending.gov federal contract obligations,https://api.usaspending.gov/api/v2/search/spending_over_time/,2026-09-12,"4/4 quarters, obligations $0 / revenue $6471000000"
STX,2024,0.0,SEC XBRL quarterly revenue + USASpending.gov federal contract obligations,https://api.usaspending.gov/api/v2/search/spending_over_time/,2026-09-12,"4/4 quarters, obligations $0 / revenue $8035000000"
STX,2025,0.0,SEC XBRL quarterly revenue + USASpending.gov federal contract obligations,https://api.usaspending.gov/api/v2/search/spending_over_time/,2026-09-12,"3/4 quarters, obligations $0 / revenue $7233000000"
STZ,2018,0.0,SEC XBRL quarterly revenue + USASpending.gov federal contract obligations,https://api.usaspending.gov/api/v2/search/spending_over_time/,2026-09-12,"4/4 quarters, obligations $0 / revenue $8080800000"
STZ,2019,0.0,SEC XBRL quarterly revenue + USASpending.gov federal contract obligations,https://api.usaspending.gov/api/v2/search/spending_over_time/,2026-09-12,"4/4 quarters, obligations $0 / revenue $8237800000"
STZ,2020,0.0,SEC XBRL quarterly revenue + USASpending.gov federal contract obligations,https://api.usaspending.gov/api/v2/search/spending_over_time/,2026-09-12,"4/4 quarters, obligations $0 / revenue $8564800000"
STZ,2021,0.0,SEC XBRL quarterly revenue + USASpending.gov federal contract obligations,https://api.usaspending.gov/api/v2/search/spending_over_time/,2026-09-12,"4/4 quarters, obligations $0 / revenue $8671200000"
STZ,2022,0.0,SEC XBRL quarterly revenue + USASpending.gov federal contract obligations,https://api.usaspending.gov/api/v2/search/spending_over_time/,2026-09-12,"4/4 quarters, obligations $0 / revenue $9557300000"
STZ,2023,0.0,SEC XBRL quarterly revenue + USASpending.gov federal contract obligations,https://api.usaspending.gov/api/v2/search/spending_over_time/,2026-09-12,"4/4 quarters, obligations $0 / revenue $9820400000"
STZ,2024,0.0,SEC XBRL quarterly revenue + USASpending.gov federal contract obligations,https://api.usaspending.gov/api/v2/search/spending_over_time/,2026-09-12,"4/4 quarters, obligations $0 / revenue $10183700000"
STZ,2025,0.0,SEC XBRL quarterly revenue + USASpending.gov federal contract obligations,https://api.usaspending.gov/api/v2/search/spending_over_time/,2026-09-12,"4/4 quarters, obligations $0 / revenue $9383000000"
SW,2024,0.0,SEC XBRL quarterly revenue + USASpending.gov federal contract obligations,https://api.usaspending.gov/api/v2/search/spending_over_time/,2026-09-12,"4/4 quarters, obligations $0 / revenue $21109000000"
SW,2025,0.0,SEC XBRL quarterly revenue + USASpending.gov federal contract obligations,https://api.usaspending.gov/api/v2/search/spending_over_time/,2026-09-12,"4/4 quarters, obligations $0 / revenue $31179000000"
SWK,2018,0.0005,SEC XBRL quarterly revenue + USASpending.gov federal contract obligations,https://api.usaspending.gov/api/v2/search/spending_over_time/,2026-09-12,"4/4 quarters, obligations $6565581 / revenue $14362700000"
SWK,2019,0.0004,SEC XBRL quarterly revenue + USASpending.gov federal contract obligations,https://api.usaspending.gov/api/v2/search/spending_over_time/,2026-09-12,"4/4 quarters, obligations $5878693 / revenue $14442200000"
SWK,2020,0.0005,SEC XBRL quarterly revenue + USASpending.gov federal contract obligations,https://api.usaspending.gov/api/v2/search/spending_over_time/,2026-09-12,"3/4 quarters, obligations $4773802 / revenue $9055000000"
SWK,2021,0.0004,SEC XBRL quarterly revenue + USASpending.gov federal contract obligations,https://api.usaspending.gov/api/v2/search/spending_over_time/,2026-09-12,"4/4 quarters, obligations $5683653 / revenue $15302100000"
SWK,2022,0.0005,SEC XBRL quarterly revenue + USASpending.gov federal contract obligations,https://api.usaspending.gov/api/v2/search/spending_over_time/,2026-09-12,"4/4 quarters, obligations $8726926 / revenue $16809700000"
SWK,2023,0.0007,SEC XBRL quarterly revenue + USASpending.gov federal contract obligations,https://api.usaspending.gov/api/v2/search/spending_over_time/,2026-09-12,"3/4 quarters, obligations $7751031 / revenue $11622200000"
SWK,2024,0.0001,SEC XBRL quarterly revenue + USASpending.gov federal contract obligations,https://api.usaspending.gov/api/v2/search/spending_over_time/,2026-09-12,"4/4 quarters, obligations $1064802 / revenue $15365700000"
SWK,2025,0.0,SEC XBRL quarterly revenue + USASpending.gov federal contract obligations,https://api.usaspending.gov/api/v2/search/spending_over_time/,2026-09-12,"3/4 quarters, obligations $17943 / revenue $11445800000"
SWKS,2018,0.0,SEC XBRL quarterly revenue + USASpending.gov federal contract obligations,https://api.usaspending.gov/api/v2/search/spending_over_time/,2026-09-12,"4/4 quarters, obligations $0 / revenue $3788100000"
SWKS,2019,0.0,SEC XBRL quarterly revenue + USASpending.gov federal contract obligations,https://api.usaspending.gov/api/v2/search/spending_over_time/,2026-09-12,"4/4 quarters, obligations $0 / revenue $3300900000"
SWKS,2020,0.0,SEC XBRL quarterly revenue + USASpending.gov federal contract obligations,https://api.usaspending.gov/api/v2/search/spending_over_time/,2026-09-12,"3/4 quarters, obligations $0 / revenue $2459700000"
SWKS,2021,0.0,SEC XBRL quarterly revenue + USASpending.gov federal contract obligations,https://api.usaspending.gov/api/v2/search/spending_over_time/,2026-09-12,"4/4 quarters, obligations $0 / revenue $5109100000"
SWKS,2022,0.0,SEC XBRL quarterly revenue + USASpending.gov federal contract obligations,https://api.usaspending.gov/api/v2/search/spending_over_time/,2026-09-12,"3/4 quarters, obligations $0 / revenue $4071800000"
SWKS,2023,0.0,SEC XBRL quarterly revenue + USASpending.gov federal contract obligations,https://api.usaspending.gov/api/v2/search/spending_over_time/,2026-09-12,"4/4 quarters, obligations $0 / revenue $4644600000"
SWKS,2024,0.0,SEC XBRL quarterly revenue + USASpending.gov federal contract obligations,https://api.usaspending.gov/api/v2/search/spending_over_time/,2026-09-12,"4/4 quarters, obligations $138436 / revenue $4045000000"
SWKS,2025,0.0,SEC XBRL quarterly revenue + USASpending.gov federal contract obligations,https://api.usaspending.gov/api/v2/search/spending_over_time/,2026-09-12,"3/4 quarters, obligations $1435 / revenue $3018400000"
SYK,2018,0.0064,SEC XBRL quarterly revenue + USASpending.gov federal contract obligations,https://api.usaspending.gov/api/v2/search/spending_over_time/,2026-09-12,"4/4 quarters, obligations $87494905 / revenue $13601000000"
SYK,2019,0.0043,SEC XBRL quarterly revenue + USASpending.gov federal contract obligations,https://api.usaspending.gov/api/v2/search/spending_over_time/,2026-09-12,"4/4 quarters, obligations $64487054 / revenue $14884000000"
SYK,2020,0.0052,SEC XBRL quarterly revenue + USASpending.gov federal contract obligations,https://api.usaspending.gov/api/v2/search/spending_over_time/,2026-09-12,"4/4 quarters, obligations $74056722 / revenue $14351000000"
SYK,2021,0.0049,SEC XBRL quarterly revenue + USASpending.gov federal contract obligations,https://api.usaspending.gov/api/v2/search/spending_over_time/,2026-09-12,"4/4 quarters, obligations $84333877 / revenue $17108000000"
SYK,2022,0.0053,SEC XBRL quarterly revenue + USASpending.gov federal contract obligations,https://api.usaspending.gov/api/v2/search/spending_over_time/,2026-09-12,"4/4 quarters, obligations $98280833 / revenue $18449000000"
SYK,2023,0.0062,SEC XBRL quarterly revenue + USASpending.gov federal contract obligations,https://api.usaspending.gov/api/v2/search/spending_over_time/,2026-09-12,"4/4 quarters, obligations $127795245 / revenue $20498000000"
SYK,2024,0.0041,SEC XBRL quarterly revenue + USASpending.gov federal contract obligations,https://api.usaspending.gov/api/v2/search/spending_over_time/,2026-09-12,"4/4 quarters, obligations $93507387 / revenue $22595000000"
SYK,2025,0.0048,SEC XBRL quarterly revenue + USASpending.gov federal contract obligations,https://api.usaspending.gov/api/v2/search/spending_over_time/,2026-09-12,"4/4 quarters, obligations $121271983 / revenue $25116000000"
SYY,2018,0.0042,SEC XBRL quarterly revenue + USASpending.gov federal contract obligations,https://api.usaspending.gov/api/v2/search/spending_over_time/,2026-09-12,"4/4 quarters, obligations $252462846 / revenue $59646396000"
SYY,2019,0.0042,SEC XBRL quarterly revenue + USASpending.gov federal contract obligations,https://api.usaspending.gov/api/v2/search/spending_over_time/,2026-09-12,"4/4 quarters, obligations $251310753 / revenue $60460983000"
SYY,2020,0.0061,SEC XBRL quarterly revenue + USASpending.gov federal contract obligations,https://api.usaspending.gov/api/v2/search/spending_over_time/,2026-09-12,"4/4 quarters, obligations $279580178 / revenue $45901624000"
SYY,2021,0.0044,SEC XBRL quarterly revenue + USASpending.gov federal contract obligations,https://api.usaspending.gov/api/v2/search/spending_over_time/,2026-09-12,"3/4 quarters, obligations $193676471 / revenue $44418028000"
SYY,2022,0.003,SEC XBRL quarterly revenue + USASpending.gov federal contract obligations,https://api.usaspending.gov/api/v2/search/spending_over_time/,2026-09-12,"4/4 quarters, obligations $209095179 / revenue $70773553000"
SYY,2023,0.0024,SEC XBRL quarterly revenue + USASpending.gov federal contract obligations,https://api.usaspending.gov/api/v2/search/spending_over_time/,2026-09-12,"3/4 quarters, obligations $139814972 / revenue $57783676000"
SYY,2024,0.0025,SEC XBRL quarterly revenue + USASpending.gov federal contract obligations,https://api.usaspending.gov/api/v2/search/spending_over_time/,2026-09-12,"4/4 quarters, obligations $202166269 / revenue $80571000000"
SYY,2025,0.0023,SEC XBRL quarterly revenue + USASpending.gov federal contract obligations,https://api.usaspending.gov/api/v2/search/spending_over_time/,2026-09-12,"4/4 quarters, obligations $191783409 / revenue $82645000000"
T,2018,0.0047,SEC XBRL quarterly revenue + USASpending.gov federal contract obligations,https://api.usaspending.gov/api/v2/search/spending_over_time/,2026-09-12,"4/4 quarters, obligations $809859264 / revenue $170756000000"
T,2019,0.0041,SEC XBRL quarterly revenue + USASpending.gov federal contract obligations,https://api.usaspending.gov/api/v2/search/spending_over_time/,2026-09-12,"4/4 quarters, obligations $750248700 / revenue $181193000000"
T,2020,0.0085,SEC XBRL quarterly revenue + USASpending.gov federal contract obligations,https://api.usaspending.gov/api/v2/search/spending_over_time/,2026-09-12,"4/4 quarters, obligations $1218789913 / revenue $143050000000"
T,2021,0.008,SEC XBRL quarterly revenue + USASpending.gov federal contract obligations,https://api.usaspending.gov/api/v2/search/spending_over_time/,2026-09-12,"4/4 quarters, obligations $1067495903 / revenue $134038000000"
T,2022,0.0086,SEC XBRL quarterly revenue + USASpending.gov federal contract obligations,https://api.usaspending.gov/api/v2/search/spending_over_time/,2026-09-12,"4/4 quarters, obligations $1039276326 / revenue $120741000000"
T,2023,0.0111,SEC XBRL quarterly revenue + USASpending.gov federal contract obligations,https://api.usaspending.gov/api/v2/search/spending_over_time/,2026-09-12,"4/4 quarters, obligations $1361386590 / revenue $122428000000"
T,2024,0.0113,SEC XBRL quarterly revenue + USASpending.gov federal contract obligations,https://api.usaspending.gov/api/v2/search/spending_over_time/,2026-09-12,"4/4 quarters, obligations $1386413788 / revenue $122336000000"
T,2025,0.0117,SEC XBRL quarterly revenue + USASpending.gov federal contract obligations,https://api.usaspending.gov/api/v2/search/spending_over_time/,2026-09-12,"4/4 quarters, obligations $1476327779 / revenue $125648000000"
TAP,2018,0.0,SEC XBRL quarterly revenue + USASpending.gov federal contract obligations,https://api.usaspending.gov/api/v2/search/spending_over_time/,2026-09-12,"4/4 quarters, obligations $0 / revenue $10769600000"
TAP,2019,0.0,SEC XBRL quarterly revenue + USASpending.gov federal contract obligations,https://api.usaspending.gov/api/v2/search/spending_over_time/,2026-09-12,"4/4 quarters, obligations $0 / revenue $10579400000"
TAP,2020,0.0,SEC XBRL quarterly revenue + USASpending.gov federal contract obligations,https://api.usaspending.gov/api/v2/search/spending_over_time/,2026-09-12,"4/4 quarters, obligations $0 / revenue $11723800000"
TAP,2021,0.0,SEC XBRL quarterly revenue + USASpending.gov federal contract obligations,https://api.usaspending.gov/api/v2/search/spending_over_time/,2026-09-12,"4/4 quarters, obligations $0 / revenue $12449900000"
TAP,2022,0.0,SEC XBRL quarterly revenue + USASpending.gov federal contract obligations,https://api.usaspending.gov/api/v2/search/spending_over_time/,2026-09-12,"4/4 quarters, obligations $0 / revenue $12807500000"
TAP,2023,0.0,SEC XBRL quarterly revenue + USASpending.gov federal contract obligations,https://api.usaspending.gov/api/v2/search/spending_over_time/,2026-09-12,"4/4 quarters, obligations $0 / revenue $13884600000"
TAP,2024,0.0,SEC XBRL quarterly revenue + USASpending.gov federal contract obligations,https://api.usaspending.gov/api/v2/search/spending_over_time/,2026-09-12,"4/4 quarters, obligations $0 / revenue $13734300000"
TAP,2025,0.0,SEC XBRL quarterly revenue + USASpending.gov federal contract obligations,https://api.usaspending.gov/api/v2/search/spending_over_time/,2026-09-12,"4/4 quarters, obligations $0 / revenue $13040300000"
TDG,2018,0.0,SEC XBRL quarterly revenue + USASpending.gov federal contract obligations,https://api.usaspending.gov/api/v2/search/spending_over_time/,2026-09-12,"4/4 quarters, obligations $0 / revenue $3956040000"
TDG,2019,0.0,SEC XBRL quarterly revenue + USASpending.gov federal contract obligations,https://api.usaspending.gov/api/v2/search/spending_over_time/,2026-09-12,"4/4 quarters, obligations $0 / revenue $5695000000"
TDG,2020,0.0,SEC XBRL quarterly revenue + USASpending.gov federal contract obligations,https://api.usaspending.gov/api/v2/search/spending_over_time/,2026-09-12,"3/4 quarters, obligations $0 / revenue $3638000000"
TDG,2021,0.0639,SEC XBRL quarterly revenue + USASpending.gov federal contract obligations,https://api.usaspending.gov/api/v2/search/spending_over_time/,2026-09-12,"3/4 quarters, obligations $228670665 / revenue $3580000000"
TDG,2022,0.0642,SEC XBRL quarterly revenue + USASpending.gov federal contract obligations,https://api.usaspending.gov/api/v2/search/spending_over_time/,2026-09-12,"4/4 quarters, obligations $348481052 / revenue $5428000000"
TDG,2023,0.1116,SEC XBRL quarterly revenue + USASpending.gov federal contract obligations,https://api.usaspending.gov/api/v2/search/spending_over_time/,2026-09-12,"3/4 quarters, obligations $584043593 / revenue $5233000000"
TDG,2024,0.0283,SEC XBRL quarterly revenue + USASpending.gov federal contract obligations,https://api.usaspending.gov/api/v2/search/spending_over_time/,2026-09-12,"4/4 quarters, obligations $230714322 / revenue $8157000000"
TDG,2025,0.0598,SEC XBRL quarterly revenue + USASpending.gov federal contract obligations,https://api.usaspending.gov/api/v2/search/spending_over_time/,2026-09-12,"4/4 quarters, obligations $544435498 / revenue $9110000000"
TDY,2018,0.0757,SEC XBRL quarterly revenue + USASpending.gov federal contract obligations,https://api.usaspending.gov/api/v2/search/spending_over_time/,2026-09-12,"3/4 quarters, obligations $164242068 / revenue $2169300000"
TDY,2019,0.1029,SEC XBRL quarterly revenue + USASpending.gov federal contract obligations,https://api.usaspending.gov/api/v2/search/spending_over_time/,2026-09-12,"4/4 quarters, obligations $325580599 / revenue $3163600000"
TDY,2020,0.078,SEC XBRL quarterly revenue + USASpending.gov federal contract obligations,https://api.usaspending.gov/api/v2/search/spending_over_time/,2026-09-12,"3/4 quarters, obligations $177616039 / revenue $2276900000"
TDY,2021,0.0767,SEC XBRL quarterly revenue + USASpending.gov federal contract obligations,https://api.usaspending.gov/api/v2/search/spending_over_time/,2026-09-12,"4/4 quarters, obligations $310331426 / revenue $4047900000"
TDY,2022,0.0537,SEC XBRL quarterly revenue + USASpending.gov federal contract obligations,https://api.usaspending.gov/api/v2/search/spending_over_time/,2026-09-12,"4/4 quarters, obligations $290649943 / revenue $5416100000"
TDY,2023,0.0476,SEC XBRL quarterly revenue + USASpending.gov federal contract obligations,https://api.usaspending.gov/api/v2/search/spending_over_time/,2026-09-12,"4/4 quarters, obligations $269260895 / revenue $5651200000"
TDY,2024,0.0702,SEC XBRL quarterly revenue + USASpending.gov federal contract obligations,https://api.usaspending.gov/api/v2/search/spending_over_time/,2026-09-12,"4/4 quarters, obligations $397891903 / revenue $5670000000"
TDY,2025,0.0487,SEC XBRL quarterly revenue + USASpending.gov federal contract obligations,https://api.usaspending.gov/api/v2/search/spending_over_time/,2026-09-12,"4/4 quarters, obligations $297710038 / revenue $6115400000"
TECH,2018,0.0028,SEC XBRL quarterly revenue + USASpending.gov federal contract obligations,https://api.usaspending.gov/api/v2/search/spending_over_time/,2026-09-12,"4/4 quarters, obligations $1892384 / revenue $681707000"
TECH,2019,0.003,SEC XBRL quarterly revenue + USASpending.gov federal contract obligations,https://api.usaspending.gov/api/v2/search/spending_over_time/,2026-09-12,"4/4 quarters, obligations $2197595 / revenue $744702000"
TECH,2020,0.0025,SEC XBRL quarterly revenue + USASpending.gov federal contract obligations,https://api.usaspending.gov/api/v2/search/spending_over_time/,2026-09-12,"4/4 quarters, obligations $1980162 / revenue $798966000"
TECH,2021,0.0026,SEC XBRL quarterly revenue + USASpending.gov federal contract obligations,https://api.usaspending.gov/api/v2/search/spending_over_time/,2026-09-12,"4/4 quarters, obligations $2689804 / revenue $1029575000"
TECH,2022,0.0012,SEC XBRL quarterly revenue + USASpending.gov federal contract obligations,https://api.usaspending.gov/api/v2/search/spending_over_time/,2026-09-12,"4/4 quarters, obligations $1372439 / revenue $1119840000"
TECH,2023,0.0021,SEC XBRL quarterly revenue + USASpending.gov federal contract obligations,https://api.usaspending.gov/api/v2/search/spending_over_time/,2026-09-12,"4/4 quarters, obligations $2375589 / revenue $1144999000"
TECH,2024,0.0014,SEC XBRL quarterly revenue + USASpending.gov federal contract obligations,https://api.usaspending.gov/api/v2/search/spending_over_time/,2026-09-12,"4/4 quarters, obligations $1660135 / revenue $1196016000"
TECH,2025,0.0006,SEC XBRL quarterly revenue + USASpending.gov federal contract obligations,https://api.usaspending.gov/api/v2/search/spending_over_time/,2026-09-12,"4/4 quarters, obligations $688214 / revenue $1215578000"
TEL,2018,0.0036,SEC XBRL quarterly revenue + USASpending.gov federal contract obligations,https://api.usaspending.gov/api/v2/search/spending_over_time/,2026-09-12,"4/4 quarters, obligations $50834516 / revenue $13999000000"
TEL,2019,0.0013,SEC XBRL quarterly revenue + USASpending.gov federal contract obligations,https://api.usaspending.gov/api/v2/search/spending_over_time/,2026-09-12,"4/4 quarters, obligations $17096243 / revenue $13269000000"
TEL,2020,0.0008,SEC XBRL quarterly revenue + USASpending.gov federal contract obligations,https://api.usaspending.gov/api/v2/search/spending_over_time/,2026-09-12,"4/4 quarters, obligations $9639917 / revenue $12526000000"
TEL,2021,0.0007,SEC XBRL quarterly revenue + USASpending.gov federal contract obligations,https://api.usaspending.gov/api/v2/search/spending_over_time/,2026-09-12,"4/4 quarters, obligations $10385618 / revenue $15219000000"
TEL,2022,0.0003,SEC XBRL quarterly revenue + USASpending.gov federal contract obligations,https://api.usaspending.gov/api/v2/search/spending_over_time/,2026-09-12,"4/4 quarters, obligations $4535178 / revenue $16304000000"
TEL,2023,0.0002,SEC XBRL quarterly revenue + USASpending.gov federal contract obligations,https://api.usaspending.gov/api/v2/search/spending_over_time/,2026-09-12,"4/4 quarters, obligations $2886850 / revenue $16024000000"
TEL,2024,0.0002,SEC XBRL quarterly revenue + USASpending.gov federal contract obligations,https://api.usaspending.gov/api/v2/search/spending_over_time/,2026-09-12,"4/4 quarters, obligations $2732874 / revenue $15850000000"
TEL,2025,0.0008,SEC XBRL quarterly revenue + USASpending.gov federal contract obligations,https://api.usaspending.gov/api/v2/search/spending_over_time/,2026-09-12,"4/4 quarters, obligations $14852735 / revenue $18095000000"
TER,2018,0.0086,SEC XBRL quarterly revenue + USASpending.gov federal contract obligations,https://api.usaspending.gov/api/v2/search/spending_over_time/,2026-09-12,"3/4 quarters, obligations $13610195 / revenue $1573873000"
TER,2019,0.0112,SEC XBRL quarterly revenue + USASpending.gov federal contract obligations,https://api.usaspending.gov/api/v2/search/spending_over_time/,2026-09-12,"4/4 quarters, obligations $25780104 / revenue $2294965000"
TER,2020,0.0111,SEC XBRL quarterly revenue + USASpending.gov federal contract obligations,https://api.usaspending.gov/api/v2/search/spending_over_time/,2026-09-12,"4/4 quarters, obligations $32438490 / revenue $2911212000"
TER,2021,0.0044,SEC XBRL quarterly revenue + USASpending.gov federal contract obligations,https://api.usaspending.gov/api/v2/search/spending_over_time/,2026-09-12,"3/4 quarters, obligations $12137538 / revenue $2752380000"
TER,2022,0.0053,SEC XBRL quarterly revenue + USASpending.gov federal contract obligations,https://api.usaspending.gov/api/v2/search/spending_over_time/,2026-09-12,"3/4 quarters, obligations $12420245 / revenue $2327972000"
TER,2023,0.0116,SEC XBRL quarterly revenue + USASpending.gov federal contract obligations,https://api.usaspending.gov/api/v2/search/spending_over_time/,2026-09-12,"3/4 quarters, obligations $22864895 / revenue $1972566000"
TER,2024,0.0135,SEC XBRL quarterly revenue + USASpending.gov federal contract obligations,https://api.usaspending.gov/api/v2/search/spending_over_time/,2026-09-12,"4/4 quarters, obligations $37997344 / revenue $2819880000"
TER,2025,0.0189,SEC XBRL quarterly revenue + USASpending.gov federal contract obligations,https://api.usaspending.gov/api/v2/search/spending_over_time/,2026-09-12,"4/4 quarters, obligations $60261687 / revenue $3190024000"
TGT,2018,0.0002,SEC XBRL quarterly revenue + USASpending.gov federal contract obligations,https://api.usaspending.gov/api/v2/search/spending_over_time/,2026-09-12,"4/4 quarters, obligations $14357837 / revenue $75361000000"
TGT,2019,0.0002,SEC XBRL quarterly revenue + USASpending.gov federal contract obligations,https://api.usaspending.gov/api/v2/search/spending_over_time/,2026-09-12,"4/4 quarters, obligations $18326495 / revenue $77691000000"
TGT,2020,0.0002,SEC XBRL quarterly revenue + USASpending.gov federal contract obligations,https://api.usaspending.gov/api/v2/search/spending_over_time/,2026-09-12,"4/4 quarters, obligations $21069067 / revenue $88620000000"
TGT,2021,0.0002,SEC XBRL quarterly revenue + USASpending.gov federal contract obligations,https://api.usaspending.gov/api/v2/search/spending_over_time/,2026-09-12,"4/4 quarters, obligations $17888464 / revenue $103348000000"
TGT,2022,0.0003,SEC XBRL quarterly revenue + USASpending.gov federal contract obligations,https://api.usaspending.gov/api/v2/search/spending_over_time/,2026-09-12,"4/4 quarters, obligations $32628688 / revenue $108721000000"
TGT,2023,0.0002,SEC XBRL quarterly revenue + USASpending.gov federal contract obligations,https://api.usaspending.gov/api/v2/search/spending_over_time/,2026-09-12,"4/4 quarters, obligations $21913643 / revenue $106888000000"
TGT,2024,0.0002,SEC XBRL quarterly revenue + USASpending.gov federal contract obligations,https://api.usaspending.gov/api/v2/search/spending_over_time/,2026-09-12,"4/4 quarters, obligations $20233125 / revenue $107570000000"
TGT,2025,0.0004,SEC XBRL quarterly revenue + USASpending.gov federal contract obligations,https://api.usaspending.gov/api/v2/search/spending_over_time/,2026-09-12,"4/4 quarters, obligations $45795718 / revenue $105242000000"
TJX,2018,0.0,SEC XBRL quarterly revenue + USASpending.gov federal contract obligations,https://api.usaspending.gov/api/v2/search/spending_over_time/,2026-09-12,"4/4 quarters, obligations $0 / revenue $38806314000"
TJX,2019,0.0,SEC XBRL quarterly revenue + USASpending.gov federal contract obligations,https://api.usaspending.gov/api/v2/search/spending_over_time/,2026-09-12,"4/4 quarters, obligations $0 / revenue $40637855000"
TJX,2020,0.0,SEC XBRL quarterly revenue + USASpending.gov federal contract obligations,https://api.usaspending.gov/api/v2/search/spending_over_time/,2026-09-12,"4/4 quarters, obligations $0 / revenue $33400214000"
TJX,2021,0.0,SEC XBRL quarterly revenue + USASpending.gov federal contract obligations,https://api.usaspending.gov/api/v2/search/spending_over_time/,2026-09-12,"4/4 quarters, obligations $0 / revenue $45638824000"
TJX,2022,0.0,SEC XBRL quarterly revenue + USASpending.gov federal contract obligations,https://api.usaspending.gov/api/v2/search/spending_over_time/,2026-09-12,"4/4 quarters, obligations $0 / revenue $49270386000"
TJX,2023,0.0,SEC XBRL quarterly revenue + USASpending.gov federal contract obligations,https://api.usaspending.gov/api/v2/search/spending_over_time/,2026-09-12,"4/4 quarters, obligations $0 / revenue $52326000000"
TJX,2024,0.0,SEC XBRL quarterly revenue + USASpending.gov federal contract obligations,https://api.usaspending.gov/api/v2/search/spending_over_time/,2026-09-12,"4/4 quarters, obligations $0 / revenue $56421000000"
TJX,2025,0.0,SEC XBRL quarterly revenue + USASpending.gov federal contract obligations,https://api.usaspending.gov/api/v2/search/spending_over_time/,2026-09-12,"4/4 quarters, obligations $0 / revenue $58979000000"
TKO,2023,0.0008,SEC XBRL quarterly revenue + USASpending.gov federal contract obligations,https://api.usaspending.gov/api/v2/search/spending_over_time/,2026-09-12,"4/4 quarters, obligations $2563006 / revenue $3224796000"
TKO,2024,0.0007,SEC XBRL quarterly revenue + USASpending.gov federal contract obligations,https://api.usaspending.gov/api/v2/search/spending_over_time/,2026-09-12,"4/4 quarters, obligations $3617987 / revenue $4884241000"
TKO,2025,0.008,SEC XBRL quarterly revenue + USASpending.gov federal contract obligations,https://api.usaspending.gov/api/v2/search/spending_over_time/,2026-09-12,"4/4 quarters, obligations $37923121 / revenue $4735151000"
TMO,2018,0.0001,SEC XBRL quarterly revenue + USASpending.gov federal contract obligations,https://api.usaspending.gov/api/v2/search/spending_over_time/,2026-09-12,"4/4 quarters, obligations $2778634 / revenue $24358000000"
TMO,2019,0.0,SEC XBRL quarterly revenue + USASpending.gov federal contract obligations,https://api.usaspending.gov/api/v2/search/spending_over_time/,2026-09-12,"4/4 quarters, obligations $649503 / revenue $25542000000"
TMO,2020,0.0001,SEC XBRL quarterly revenue + USASpending.gov federal contract obligations,https://api.usaspending.gov/api/v2/search/spending_over_time/,2026-09-12,"4/4 quarters, obligations $1939989 / revenue $32218000000"
TMO,2021,0.0,SEC XBRL quarterly revenue + USASpending.gov federal contract obligations,https://api.usaspending.gov/api/v2/search/spending_over_time/,2026-09-12,"3/4 quarters, obligations $425734 / revenue $29881000000"
TMO,2022,0.0,SEC XBRL quarterly revenue + USASpending.gov federal contract obligations,https://api.usaspending.gov/api/v2/search/spending_over_time/,2026-09-12,"3/4 quarters, obligations $-49186259 / revenue $34238000000"
TMO,2023,0.0098,SEC XBRL quarterly revenue + USASpending.gov federal contract obligations,https://api.usaspending.gov/api/v2/search/spending_over_time/,2026-09-12,"3/4 quarters, obligations $316454207 / revenue $32170000000"
TMO,2024,0.0029,SEC XBRL quarterly revenue + USASpending.gov federal contract obligations,https://api.usaspending.gov/api/v2/search/spending_over_time/,2026-09-12,"4/4 quarters, obligations $125897340 / revenue $42879000000"
TMO,2025,0.0023,SEC XBRL quarterly revenue + USASpending.gov federal contract obligations,https://api.usaspending.gov/api/v2/search/spending_over_time/,2026-09-12,"4/4 quarters, obligations $103569726 / revenue $44556000000"
TMUS,2018,0.0005,SEC XBRL quarterly revenue + USASpending.gov federal contract obligations,https://api.usaspending.gov/api/v2/search/spending_over_time/,2026-09-12,"4/4 quarters, obligations $23170238 / revenue $43310000000"
TMUS,2019,0.0006,SEC XBRL quarterly revenue + USASpending.gov federal contract obligations,https://api.usaspending.gov/api/v2/search/spending_over_time/,2026-09-12,"4/4 quarters, obligations $25257143 / revenue $44998000000"
TMUS,2020,0.0006,SEC XBRL quarterly revenue + USASpending.gov federal contract obligations,https://api.usaspending.gov/api/v2/search/spending_over_time/,2026-09-12,"4/4 quarters, obligations $42949644 / revenue $68397000000"
TMUS,2021,0.0009,SEC XBRL quarterly revenue + USASpending.gov federal contract obligations,https://api.usaspending.gov/api/v2/search/spending_over_time/,2026-09-12,"4/4 quarters, obligations $73942454 / revenue $80118000000"
TMUS,2022,0.0005,SEC XBRL quarterly revenue + USASpending.gov federal contract obligations,https://api.usaspending.gov/api/v2/search/spending_over_time/,2026-09-12,"4/4 quarters, obligations $42462671 / revenue $79571000000"
TMUS,2023,0.0004,SEC XBRL quarterly revenue + USASpending.gov federal contract obligations,https://api.usaspending.gov/api/v2/search/spending_over_time/,2026-09-12,"4/4 quarters, obligations $29860530 / revenue $78558000000"
TMUS,2024,0.0006,SEC XBRL quarterly revenue + USASpending.gov federal contract obligations,https://api.usaspending.gov/api/v2/search/spending_over_time/,2026-09-12,"4/4 quarters, obligations $47410692 / revenue $81400000000"
TMUS,2025,0.0006,SEC XBRL quarterly revenue + USASpending.gov federal contract obligations,https://api.usaspending.gov/api/v2/search/spending_over_time/,2026-09-12,"4/4 quarters, obligations $49321380 / revenue $88309000000"
TPL,2019,0.0,SEC XBRL quarterly revenue + USASpending.gov federal contract obligations,https://api.usaspending.gov/api/v2/search/spending_over_time/,2026-09-12,"4/4 quarters, obligations $0 / revenue $490496000"
TPL,2020,0.0,SEC XBRL quarterly revenue + USASpending.gov federal contract obligations,https://api.usaspending.gov/api/v2/search/spending_over_time/,2026-09-12,"4/4 quarters, obligations $0 / revenue $302565000"
TPL,2021,0.0,SEC XBRL quarterly revenue + USASpending.gov federal contract obligations,https://api.usaspending.gov/api/v2/search/spending_over_time/,2026-09-12,"4/4 quarters, obligations $0 / revenue $450958000"
TPL,2022,0.0,SEC XBRL quarterly revenue + USASpending.gov federal contract obligations,https://api.usaspending.gov/api/v2/search/spending_over_time/,2026-09-12,"4/4 quarters, obligations $0 / revenue $667422000"
TPL,2023,0.0,SEC XBRL quarterly revenue + USASpending.gov federal contract obligations,https://api.usaspending.gov/api/v2/search/spending_over_time/,2026-09-12,"4/4 quarters, obligations $0 / revenue $631595000"
TPL,2024,0.0,SEC XBRL quarterly revenue + USASpending.gov federal contract obligations,https://api.usaspending.gov/api/v2/search/spending_over_time/,2026-09-12,"4/4 quarters, obligations $0 / revenue $705823000"
TPL,2025,0.0,SEC XBRL quarterly revenue + USASpending.gov federal contract obligations,https://api.usaspending.gov/api/v2/search/spending_over_time/,2026-09-12,"4/4 quarters, obligations $0 / revenue $798190000"
TPR,2018,0.0187,SEC XBRL quarterly revenue + USASpending.gov federal contract obligations,https://api.usaspending.gov/api/v2/search/spending_over_time/,2026-09-12,"4/4 quarters, obligations $112229625 / revenue $5988100000"
TPR,2019,0.0153,SEC XBRL quarterly revenue + USASpending.gov federal contract obligations,https://api.usaspending.gov/api/v2/search/spending_over_time/,2026-09-12,"4/4 quarters, obligations $92002392 / revenue $6019000000"
TPR,2020,0.0231,SEC XBRL quarterly revenue + USASpending.gov federal contract obligations,https://api.usaspending.gov/api/v2/search/spending_over_time/,2026-09-12,"4/4 quarters, obligations $107522050 / revenue $4645100000"
TPR,2021,0.0129,SEC XBRL quarterly revenue + USASpending.gov federal contract obligations,https://api.usaspending.gov/api/v2/search/spending_over_time/,2026-09-12,"3/4 quarters, obligations $56334546 / revenue $4369600000"
TPR,2022,0.0106,SEC XBRL quarterly revenue + USASpending.gov federal contract obligations,https://api.usaspending.gov/api/v2/search/spending_over_time/,2026-09-12,"4/4 quarters, obligations $76442047 / revenue $7229000000"
TPR,2023,0.0089,SEC XBRL quarterly revenue + USASpending.gov federal contract obligations,https://api.usaspending.gov/api/v2/search/spending_over_time/,2026-09-12,"3/4 quarters, obligations $46363488 / revenue $5213500000"
TPR,2024,0.0056,SEC XBRL quarterly revenue + USASpending.gov federal contract obligations,https://api.usaspending.gov/api/v2/search/spending_over_time/,2026-09-12,"4/4 quarters, obligations $37932265 / revenue $6776400000"
TPR,2025,0.0026,SEC XBRL quarterly revenue + USASpending.gov federal contract obligations,https://api.usaspending.gov/api/v2/search/spending_over_time/,2026-09-12,"4/4 quarters, obligations $19393318 / revenue $7514800000"
TRGP,2018,0.0,SEC XBRL quarterly revenue + USASpending.gov federal contract obligations,https://api.usaspending.gov/api/v2/search/spending_over_time/,2026-09-12,"4/4 quarters, obligations $0 / revenue $10484000000"
TRGP,2019,0.0,SEC XBRL quarterly revenue + USASpending.gov federal contract obligations,https://api.usaspending.gov/api/v2/search/spending_over_time/,2026-09-12,"4/4 quarters, obligations $0 / revenue $7736600000"
TRGP,2020,0.0,SEC XBRL quarterly revenue + USASpending.gov federal contract obligations,https://api.usaspending.gov/api/v2/search/spending_over_time/,2026-09-12,"4/4 quarters, obligations $0 / revenue $6874100000"
TRGP,2021,0.0,SEC XBRL quarterly revenue + USASpending.gov federal contract obligations,https://api.usaspending.gov/api/v2/search/spending_over_time/,2026-09-12,"4/4 quarters, obligations $0 / revenue $16093100000"
TRGP,2022,0.0,SEC XBRL quarterly revenue + USASpending.gov federal contract obligations,https://api.usaspending.gov/api/v2/search/spending_over_time/,2026-09-12,"4/4 quarters, obligations $0 / revenue $19820700000"
TRGP,2023,0.0,SEC XBRL quarterly revenue + USASpending.gov federal contract obligations,https://api.usaspending.gov/api/v2/search/spending_over_time/,2026-09-12,"4/4 quarters, obligations $0 / revenue $16060300000"
TRGP,2024,0.0,SEC XBRL quarterly revenue + USASpending.gov federal contract obligations,https://api.usaspending.gov/api/v2/search/spending_over_time/,2026-09-12,"4/4 quarters, obligations $0 / revenue $16381500000"
TRGP,2025,0.0,SEC XBRL quarterly revenue + USASpending.gov federal contract obligations,https://api.usaspending.gov/api/v2/search/spending_over_time/,2026-09-12,"4/4 quarters, obligations $0 / revenue $17028300000"
TRMB,2018,0.0063,SEC XBRL quarterly revenue + USASpending.gov federal contract obligations,https://api.usaspending.gov/api/v2/search/spending_over_time/,2026-09-12,"4/4 quarters, obligations $19603609 / revenue $3108400000"
TRMB,2019,0.0046,SEC XBRL quarterly revenue + USASpending.gov federal contract obligations,https://api.usaspending.gov/api/v2/search/spending_over_time/,2026-09-12,"3/4 quarters, obligations $11247993 / revenue $2440300000"
TRMB,2020,0.006,SEC XBRL quarterly revenue + USASpending.gov federal contract obligations,https://api.usaspending.gov/api/v2/search/spending_over_time/,2026-09-12,"4/4 quarters, obligations $18778940 / revenue $3142000000"
TRMB,2021,0.0039,SEC XBRL quarterly revenue + USASpending.gov federal contract obligations,https://api.usaspending.gov/api/v2/search/spending_over_time/,2026-09-12,"4/4 quarters, obligations $14156941 / revenue $3587400000"
TRMB,2022,0.0042,SEC XBRL quarterly revenue + USASpending.gov federal contract obligations,https://api.usaspending.gov/api/v2/search/spending_over_time/,2026-09-12,"3/4 quarters, obligations $11360339 / revenue $2735100000"
TRMB,2023,0.0048,SEC XBRL quarterly revenue + USASpending.gov federal contract obligations,https://api.usaspending.gov/api/v2/search/spending_over_time/,2026-09-12,"4/4 quarters, obligations $18068367 / revenue $3798700000"
TRMB,2024,0.0042,SEC XBRL quarterly revenue + USASpending.gov federal contract obligations,https://api.usaspending.gov/api/v2/search/spending_over_time/,2026-09-12,"3/4 quarters, obligations $11218651 / revenue $2699900000"
TRMB,2025,0.0024,SEC XBRL quarterly revenue + USASpending.gov federal contract obligations,https://api.usaspending.gov/api/v2/search/spending_over_time/,2026-09-12,"4/4 quarters, obligations $8711932 / revenue $3600900000"
TROW,2018,0.0,SEC XBRL quarterly revenue + USASpending.gov federal contract obligations,https://api.usaspending.gov/api/v2/search/spending_over_time/,2026-09-12,"4/4 quarters, obligations $0 / revenue $5372600000"
TROW,2019,0.0,SEC XBRL quarterly revenue + USASpending.gov federal contract obligations,https://api.usaspending.gov/api/v2/search/spending_over_time/,2026-09-12,"4/4 quarters, obligations $0 / revenue $5617900000"
TROW,2020,0.0,SEC XBRL quarterly revenue + USASpending.gov federal contract obligations,https://api.usaspending.gov/api/v2/search/spending_over_time/,2026-09-12,"4/4 quarters, obligations $0 / revenue $6206700000"
TROW,2021,0.0,SEC XBRL quarterly revenue + USASpending.gov federal contract obligations,https://api.usaspending.gov/api/v2/search/spending_over_time/,2026-09-12,"4/4 quarters, obligations $0 / revenue $7671900000"
TROW,2022,0.0,SEC XBRL quarterly revenue + USASpending.gov federal contract obligations,https://api.usaspending.gov/api/v2/search/spending_over_time/,2026-09-12,"4/4 quarters, obligations $0 / revenue $6488400000"
TROW,2023,0.0,SEC XBRL quarterly revenue + USASpending.gov federal contract obligations,https://api.usaspending.gov/api/v2/search/spending_over_time/,2026-09-12,"4/4 quarters, obligations $0 / revenue $6460500000"
TROW,2024,0.0,SEC XBRL quarterly revenue + USASpending.gov federal contract obligations,https://api.usaspending.gov/api/v2/search/spending_over_time/,2026-09-12,"4/4 quarters, obligations $0 / revenue $7093600000"
TROW,2025,0.0,SEC XBRL quarterly revenue + USASpending.gov federal contract obligations,https://api.usaspending.gov/api/v2/search/spending_over_time/,2026-09-12,"4/4 quarters, obligations $0 / revenue $7314800000"
TRV,2018,0.0,SEC XBRL quarterly revenue + USASpending.gov federal contract obligations,https://api.usaspending.gov/api/v2/search/spending_over_time/,2026-09-12,"4/4 quarters, obligations $0 / revenue $30282000000"
TRV,2019,0.0,SEC XBRL quarterly revenue + USASpending.gov federal contract obligations,https://api.usaspending.gov/api/v2/search/spending_over_time/,2026-09-12,"4/4 quarters, obligations $0 / revenue $31581000000"
TRV,2020,0.0,SEC XBRL quarterly revenue + USASpending.gov federal contract obligations,https://api.usaspending.gov/api/v2/search/spending_over_time/,2026-09-12,"4/4 quarters, obligations $0 / revenue $31981000000"
TRV,2021,0.0,SEC XBRL quarterly revenue + USASpending.gov federal contract obligations,https://api.usaspending.gov/api/v2/search/spending_over_time/,2026-09-12,"4/4 quarters, obligations $0 / revenue $34816000000"
TRV,2022,0.0,SEC XBRL quarterly revenue + USASpending.gov federal contract obligations,https://api.usaspending.gov/api/v2/search/spending_over_time/,2026-09-12,"4/4 quarters, obligations $0 / revenue $36884000000"
TRV,2023,0.0,SEC XBRL quarterly revenue + USASpending.gov federal contract obligations,https://api.usaspending.gov/api/v2/search/spending_over_time/,2026-09-12,"4/4 quarters, obligations $0 / revenue $41364000000"
TRV,2024,0.0,SEC XBRL quarterly revenue + USASpending.gov federal contract obligations,https://api.usaspending.gov/api/v2/search/spending_over_time/,2026-09-12,"4/4 quarters, obligations $0 / revenue $46423000000"
TRV,2025,0.0,SEC XBRL quarterly revenue + USASpending.gov federal contract obligations,https://api.usaspending.gov/api/v2/search/spending_over_time/,2026-09-12,"4/4 quarters, obligations $0 / revenue $48828000000"
TSCO,2018,0.0,SEC XBRL quarterly revenue + USASpending.gov federal contract obligations,https://api.usaspending.gov/api/v2/search/spending_over_time/,2026-09-12,"4/4 quarters, obligations $224753 / revenue $7911046000"
TSCO,2019,0.0,SEC XBRL quarterly revenue + USASpending.gov federal contract obligations,https://api.usaspending.gov/api/v2/search/spending_over_time/,2026-09-12,"4/4 quarters, obligations $161440 / revenue $8351931000"
TSCO,2020,0.0,SEC XBRL quarterly revenue + USASpending.gov federal contract obligations,https://api.usaspending.gov/api/v2/search/spending_over_time/,2026-09-12,"4/4 quarters, obligations $293092 / revenue $18362439000"
TSCO,2021,0.0,SEC XBRL quarterly revenue + USASpending.gov federal contract obligations,https://api.usaspending.gov/api/v2/search/spending_over_time/,2026-09-12,"4/4 quarters, obligations $91188 / revenue $12731105000"
TSCO,2022,0.0,SEC XBRL quarterly revenue + USASpending.gov federal contract obligations,https://api.usaspending.gov/api/v2/search/spending_over_time/,2026-09-12,"4/4 quarters, obligations $361097 / revenue $14204717000"
TSCO,2023,0.0,SEC XBRL quarterly revenue + USASpending.gov federal contract obligations,https://api.usaspending.gov/api/v2/search/spending_over_time/,2026-09-12,"3/4 quarters, obligations $111824 / revenue $10371046000"
TSCO,2024,0.0,SEC XBRL quarterly revenue + USASpending.gov federal contract obligations,https://api.usaspending.gov/api/v2/search/spending_over_time/,2026-09-12,"4/4 quarters, obligations $166379 / revenue $14883231000"
TSCO,2025,0.0,SEC XBRL quarterly revenue + USASpending.gov federal contract obligations,https://api.usaspending.gov/api/v2/search/spending_over_time/,2026-09-12,"4/4 quarters, obligations $237622 / revenue $15524046000"
TSLA,2018,0.0,SEC XBRL quarterly revenue + USASpending.gov federal contract obligations,https://api.usaspending.gov/api/v2/search/spending_over_time/,2026-09-12,"4/4 quarters, obligations $0 / revenue $21461000000"
TSLA,2019,0.0,SEC XBRL quarterly revenue + USASpending.gov federal contract obligations,https://api.usaspending.gov/api/v2/search/spending_over_time/,2026-09-12,"4/4 quarters, obligations $0 / revenue $24578000000"
TSLA,2020,0.0001,SEC XBRL quarterly revenue + USASpending.gov federal contract obligations,https://api.usaspending.gov/api/v2/search/spending_over_time/,2026-09-12,"4/4 quarters, obligations $1744442 / revenue $31536000000"
TSLA,2021,0.0002,SEC XBRL quarterly revenue + USASpending.gov federal contract obligations,https://api.usaspending.gov/api/v2/search/spending_over_time/,2026-09-12,"4/4 quarters, obligations $12786718 / revenue $53823000000"
TSLA,2022,0.0001,SEC XBRL quarterly revenue + USASpending.gov federal contract obligations,https://api.usaspending.gov/api/v2/search/spending_over_time/,2026-09-12,"4/4 quarters, obligations $10935806 / revenue $81462000000"
TSLA,2023,0.0001,SEC XBRL quarterly revenue + USASpending.gov federal contract obligations,https://api.usaspending.gov/api/v2/search/spending_over_time/,2026-09-12,"4/4 quarters, obligations $9604851 / revenue $96773000000"
TSLA,2024,0.0001,SEC XBRL quarterly revenue + USASpending.gov federal contract obligations,https://api.usaspending.gov/api/v2/search/spending_over_time/,2026-09-12,"4/4 quarters, obligations $11182842 / revenue $97690000000"
TSLA,2025,0.0001,SEC XBRL quarterly revenue + USASpending.gov federal contract obligations,https://api.usaspending.gov/api/v2/search/spending_over_time/,2026-09-12,"4/4 quarters, obligations $6987983 / revenue $94827000000"
TSN,2018,0.0027,SEC XBRL quarterly revenue + USASpending.gov federal contract obligations,https://api.usaspending.gov/api/v2/search/spending_over_time/,2026-09-12,"4/4 quarters, obligations $109179603 / revenue $40016000000"
TSN,2019,0.0052,SEC XBRL quarterly revenue + USASpending.gov federal contract obligations,https://api.usaspending.gov/api/v2/search/spending_over_time/,2026-09-12,"4/4 quarters, obligations $224603856 / revenue $43027000000"
TSN,2020,0.0039,SEC XBRL quarterly revenue + USASpending.gov federal contract obligations,https://api.usaspending.gov/api/v2/search/spending_over_time/,2026-09-12,"3/4 quarters, obligations $124725958 / revenue $32370000000"
TSN,2021,0.0028,SEC XBRL quarterly revenue + USASpending.gov federal contract obligations,https://api.usaspending.gov/api/v2/search/spending_over_time/,2026-09-12,"4/4 quarters, obligations $133790479 / revenue $47049000000"
TSN,2022,0.0046,SEC XBRL quarterly revenue + USASpending.gov federal contract obligations,https://api.usaspending.gov/api/v2/search/spending_over_time/,2026-09-12,"4/4 quarters, obligations $247010003 / revenue $53282000000"
TSN,2023,0.0041,SEC XBRL quarterly revenue + USASpending.gov federal contract obligations,https://api.usaspending.gov/api/v2/search/spending_over_time/,2026-09-12,"3/4 quarters, obligations $162714097 / revenue $39800000000"
TSN,2024,0.0044,SEC XBRL quarterly revenue + USASpending.gov federal contract obligations,https://api.usaspending.gov/api/v2/search/spending_over_time/,2026-09-12,"4/4 quarters, obligations $236007796 / revenue $53613000000"
TSN,2025,0.0042,SEC XBRL quarterly revenue + USASpending.gov federal contract obligations,https://api.usaspending.gov/api/v2/search/spending_over_time/,2026-09-12,"4/4 quarters, obligations $233794925 / revenue $55131000000"
TT,2018,0.0006,SEC XBRL quarterly revenue + USASpending.gov federal contract obligations,https://api.usaspending.gov/api/v2/search/spending_over_time/,2026-09-12,"4/4 quarters, obligations $7253791 / revenue $12343800000"
TT,2019,0.001,SEC XBRL quarterly revenue + USASpending.gov federal contract obligations,https://api.usaspending.gov/api/v2/search/spending_over_time/,2026-09-12,"4/4 quarters, obligations $13723940 / revenue $13075900000"
TT,2020,0.0008,SEC XBRL quarterly revenue + USASpending.gov federal contract obligations,https://api.usaspending.gov/api/v2/search/spending_over_time/,2026-09-12,"4/4 quarters, obligations $10146000 / revenue $12454700000"
TT,2021,0.0014,SEC XBRL quarterly revenue + USASpending.gov federal contract obligations,https://api.usaspending.gov/api/v2/search/spending_over_time/,2026-09-12,"4/4 quarters, obligations $19209361 / revenue $14136400000"
TT,2022,0.0024,SEC XBRL quarterly revenue + USASpending.gov federal contract obligations,https://api.usaspending.gov/api/v2/search/spending_over_time/,2026-09-12,"4/4 quarters, obligations $38713348 / revenue $15991700000"
TT,2023,0.0047,SEC XBRL quarterly revenue + USASpending.gov federal contract obligations,https://api.usaspending.gov/api/v2/search/spending_over_time/,2026-09-12,"4/4 quarters, obligations $83491361 / revenue $17677600000"
TT,2024,0.0006,SEC XBRL quarterly revenue + USASpending.gov federal contract obligations,https://api.usaspending.gov/api/v2/search/spending_over_time/,2026-09-12,"4/4 quarters, obligations $12252191 / revenue $19838200000"
TT,2025,0.0,SEC XBRL quarterly revenue + USASpending.gov federal contract obligations,https://api.usaspending.gov/api/v2/search/spending_over_time/,2026-09-12,"4/4 quarters, obligations $111207 / revenue $21321900000"
TTD,2018,0.0,SEC XBRL quarterly revenue + USASpending.gov federal contract obligations,https://api.usaspending.gov/api/v2/search/spending_over_time/,2026-09-12,"4/4 quarters, obligations $0 / revenue $477294000"
TTD,2019,0.0,SEC XBRL quarterly revenue + USASpending.gov federal contract obligations,https://api.usaspending.gov/api/v2/search/spending_over_time/,2026-09-12,"4/4 quarters, obligations $0 / revenue $661058000"
TTD,2020,0.0,SEC XBRL quarterly revenue + USASpending.gov federal contract obligations,https://api.usaspending.gov/api/v2/search/spending_over_time/,2026-09-12,"4/4 quarters, obligations $0 / revenue $836033000"
TTD,2021,0.0,SEC XBRL quarterly revenue + USASpending.gov federal contract obligations,https://api.usaspending.gov/api/v2/search/spending_over_time/,2026-09-12,"4/4 quarters, obligations $0 / revenue $1196467000"
TTD,2022,0.0,SEC XBRL quarterly revenue + USASpending.gov federal contract obligations,https://api.usaspending.gov/api/v2/search/spending_over_time/,2026-09-12,"4/4 quarters, obligations $0 / revenue $1577795000"
TTD,2023,0.0,SEC XBRL quarterly revenue + USASpending.gov federal contract obligations,https://api.usaspending.gov/api/v2/search/spending_over_time/,2026-09-12,"4/4 quarters, obligations $0 / revenue $1946120000"
TTD,2024,0.0,SEC XBRL quarterly revenue + USASpending.gov federal contract obligations,https://api.usaspending.gov/api/v2/search/spending_over_time/,2026-09-12,"4/4 quarters, obligations $0 / revenue $2444831000"
TTD,2025,0.0,SEC XBRL quarterly revenue + USASpending.gov federal contract obligations,https://api.usaspending.gov/api/v2/search/spending_over_time/,2026-09-12,"4/4 quarters, obligations $0 / revenue $2896284000"
TTWO,2018,0.0,SEC XBRL quarterly revenue + USASpending.gov federal contract obligations,https://api.usaspending.gov/api/v2/search/spending_over_time/,2026-09-12,"4/4 quarters, obligations $0 / revenue $2579661000"
TTWO,2019,0.0,SEC XBRL quarterly revenue + USASpending.gov federal contract obligations,https://api.usaspending.gov/api/v2/search/spending_over_time/,2026-09-12,"4/4 quarters, obligations $0 / revenue $2867436000"
TTWO,2020,0.0,SEC XBRL quarterly revenue + USASpending.gov federal contract obligations,https://api.usaspending.gov/api/v2/search/spending_over_time/,2026-09-12,"4/4 quarters, obligations $0 / revenue $3293882000"
TTWO,2021,0.0,SEC XBRL quarterly revenue + USASpending.gov federal contract obligations,https://api.usaspending.gov/api/v2/search/spending_over_time/,2026-09-12,"4/4 quarters, obligations $0 / revenue $3414259000"
TTWO,2022,0.0,SEC XBRL quarterly revenue + USASpending.gov federal contract obligations,https://api.usaspending.gov/api/v2/search/spending_over_time/,2026-09-12,"4/4 quarters, obligations $0 / revenue $4833700000"
TTWO,2023,0.0,SEC XBRL quarterly revenue + USASpending.gov federal contract obligations,https://api.usaspending.gov/api/v2/search/spending_over_time/,2026-09-12,"4/4 quarters, obligations $0 / revenue $5396400000"
TTWO,2024,0.0,SEC XBRL quarterly revenue + USASpending.gov federal contract obligations,https://api.usaspending.gov/api/v2/search/spending_over_time/,2026-09-12,"4/4 quarters, obligations $0 / revenue $5450500000"
TTWO,2025,0.0,SEC XBRL quarterly revenue + USASpending.gov federal contract obligations,https://api.usaspending.gov/api/v2/search/spending_over_time/,2026-09-12,"4/4 quarters, obligations $0 / revenue $6559100000"
TXN,2018,0.0,SEC XBRL quarterly revenue + USASpending.gov federal contract obligations,https://api.usaspending.gov/api/v2/search/spending_over_time/,2026-09-12,"4/4 quarters, obligations $0 / revenue $15784000000"
TXN,2019,0.0,SEC XBRL quarterly revenue + USASpending.gov federal contract obligations,https://api.usaspending.gov/api/v2/search/spending_over_time/,2026-09-12,"4/4 quarters, obligations $-4046 / revenue $14383000000"
TXN,2020,0.0,SEC XBRL quarterly revenue + USASpending.gov federal contract obligations,https://api.usaspending.gov/api/v2/search/spending_over_time/,2026-09-12,"4/4 quarters, obligations $-3592 / revenue $14461000000"
TXN,2021,0.0,SEC XBRL quarterly revenue + USASpending.gov federal contract obligations,https://api.usaspending.gov/api/v2/search/spending_over_time/,2026-09-12,"4/4 quarters, obligations $0 / revenue $18344000000"
TXN,2022,0.0,SEC XBRL quarterly revenue + USASpending.gov federal contract obligations,https://api.usaspending.gov/api/v2/search/spending_over_time/,2026-09-12,"4/4 quarters, obligations $0 / revenue $20028000000"
TXN,2023,0.0,SEC XBRL quarterly revenue + USASpending.gov federal contract obligations,https://api.usaspending.gov/api/v2/search/spending_over_time/,2026-09-12,"4/4 quarters, obligations $0 / revenue $17519000000"
TXN,2024,0.0,SEC XBRL quarterly revenue + USASpending.gov federal contract obligations,https://api.usaspending.gov/api/v2/search/spending_over_time/,2026-09-12,"4/4 quarters, obligations $0 / revenue $15641000000"
TXN,2025,0.0,SEC XBRL quarterly revenue + USASpending.gov federal contract obligations,https://api.usaspending.gov/api/v2/search/spending_over_time/,2026-09-12,"4/4 quarters, obligations $0 / revenue $17682000000"
TXT,2018,0.0,SEC XBRL quarterly revenue + USASpending.gov federal contract obligations,https://api.usaspending.gov/api/v2/search/spending_over_time/,2026-09-12,"4/4 quarters, obligations $0 / revenue $13972000000"
TXT,2019,0.0,SEC XBRL quarterly revenue + USASpending.gov federal contract obligations,https://api.usaspending.gov/api/v2/search/spending_over_time/,2026-09-12,"3/4 quarters, obligations $0 / revenue $9595000000"
TXT,2020,0.0262,SEC XBRL quarterly revenue + USASpending.gov federal contract obligations,https://api.usaspending.gov/api/v2/search/spending_over_time/,2026-09-12,"4/4 quarters, obligations $314520625 / revenue $12019000000"
TXT,2021,0.0645,SEC XBRL quarterly revenue + USASpending.gov federal contract obligations,https://api.usaspending.gov/api/v2/search/spending_over_time/,2026-09-12,"4/4 quarters, obligations $821207901 / revenue $12727000000"
TXT,2022,0.0805,SEC XBRL quarterly revenue + USASpending.gov federal contract obligations,https://api.usaspending.gov/api/v2/search/spending_over_time/,2026-09-12,"4/4 quarters, obligations $1055745728 / revenue $13113000000"
TXT,2023,0.1572,SEC XBRL quarterly revenue + USASpending.gov federal contract obligations,https://api.usaspending.gov/api/v2/search/spending_over_time/,2026-09-12,"3/4 quarters, obligations $1612599996 / revenue $10259000000"
TXT,2024,0.2386,SEC XBRL quarterly revenue + USASpending.gov federal contract obligations,https://api.usaspending.gov/api/v2/search/spending_over_time/,2026-09-12,"4/4 quarters, obligations $3268789684 / revenue $13702000000"
TXT,2025,0.1836,SEC XBRL quarterly revenue + USASpending.gov federal contract obligations,https://api.usaspending.gov/api/v2/search/spending_over_time/,2026-09-12,"3/4 quarters, obligations $1950815172 / revenue $10624000000"
TYL,2018,0.0,SEC XBRL quarterly revenue + USASpending.gov federal contract obligations,https://api.usaspending.gov/api/v2/search/spending_over_time/,2026-09-12,"4/4 quarters, obligations $0 / revenue $935282000"
TYL,2019,0.0,SEC XBRL quarterly revenue + USASpending.gov federal contract obligations,https://api.usaspending.gov/api/v2/search/spending_over_time/,2026-09-12,"4/4 quarters, obligations $5600 / revenue $1086427000"
TYL,2020,0.0002,SEC XBRL quarterly revenue + USASpending.gov federal contract obligations,https://api.usaspending.gov/api/v2/search/spending_over_time/,2026-09-12,"4/4 quarters, obligations $204689 / revenue $1116663000"
TYL,2021,0.0003,SEC XBRL quarterly revenue + USASpending.gov federal contract obligations,https://api.usaspending.gov/api/v2/search/spending_over_time/,2026-09-12,"4/4 quarters, obligations $495347 / revenue $1592287000"
TYL,2022,0.0099,SEC XBRL quarterly revenue + USASpending.gov federal contract obligations,https://api.usaspending.gov/api/v2/search/spending_over_time/,2026-09-12,"4/4 quarters, obligations $18227878 / revenue $1850204000"
TYL,2023,0.0102,SEC XBRL quarterly revenue + USASpending.gov federal contract obligations,https://api.usaspending.gov/api/v2/search/spending_over_time/,2026-09-12,"4/4 quarters, obligations $19949440 / revenue $1951751000"
TYL,2024,0.0002,SEC XBRL quarterly revenue + USASpending.gov federal contract obligations,https://api.usaspending.gov/api/v2/search/spending_over_time/,2026-09-12,"4/4 quarters, obligations $437549 / revenue $2137803000"
TYL,2025,0.0069,SEC XBRL quarterly revenue + USASpending.gov federal contract obligations,https://api.usaspending.gov/api/v2/search/spending_over_time/,2026-09-12,"4/4 quarters, obligations $16155570 / revenue $2332340000"
UAL,2018,0.0003,SEC XBRL quarterly revenue + USASpending.gov federal contract obligations,https://api.usaspending.gov/api/v2/search/spending_over_time/,2026-09-12,"4/4 quarters, obligations $10567847 / revenue $41303000000"
UAL,2019,0.0001,SEC XBRL quarterly revenue + USASpending.gov federal contract obligations,https://api.usaspending.gov/api/v2/search/spending_over_time/,2026-09-12,"4/4 quarters, obligations $3773924 / revenue $43259000000"
UAL,2020,0.001,SEC XBRL quarterly revenue + USASpending.gov federal contract obligations,https://api.usaspending.gov/api/v2/search/spending_over_time/,2026-09-12,"4/4 quarters, obligations $15802433 / revenue $15355000000"
UAL,2021,0.0005,SEC XBRL quarterly revenue + USASpending.gov federal contract obligations,https://api.usaspending.gov/api/v2/search/spending_over_time/,2026-09-12,"4/4 quarters, obligations $11802254 / revenue $24634000000"
UAL,2022,0.0001,SEC XBRL quarterly revenue + USASpending.gov federal contract obligations,https://api.usaspending.gov/api/v2/search/spending_over_time/,2026-09-12,"4/4 quarters, obligations $4348878 / revenue $44955000000"
UAL,2023,0.0001,SEC XBRL quarterly revenue + USASpending.gov federal contract obligations,https://api.usaspending.gov/api/v2/search/spending_over_time/,2026-09-12,"4/4 quarters, obligations $4977493 / revenue $53717000000"
UAL,2024,0.0001,SEC XBRL quarterly revenue + USASpending.gov federal contract obligations,https://api.usaspending.gov/api/v2/search/spending_over_time/,2026-09-12,"4/4 quarters, obligations $7939683 / revenue $57063000000"
UAL,2025,0.0002,SEC XBRL quarterly revenue + USASpending.gov federal contract obligations,https://api.usaspending.gov/api/v2/search/spending_over_time/,2026-09-12,"4/4 quarters, obligations $9407361 / revenue $59070000000"
UBER,2018,0.0,SEC XBRL quarterly revenue + USASpending.gov federal contract obligations,https://api.usaspending.gov/api/v2/search/spending_over_time/,2026-09-12,"4/4 quarters, obligations $0 / revenue $10433000000"
UBER,2019,0.0,SEC XBRL quarterly revenue + USASpending.gov federal contract obligations,https://api.usaspending.gov/api/v2/search/spending_over_time/,2026-09-12,"4/4 quarters, obligations $0 / revenue $13000000000"
UBER,2020,0.0,SEC XBRL quarterly revenue + USASpending.gov federal contract obligations,https://api.usaspending.gov/api/v2/search/spending_over_time/,2026-09-12,"4/4 quarters, obligations $0 / revenue $11139000000"
UBER,2021,0.0,SEC XBRL quarterly revenue + USASpending.gov federal contract obligations,https://api.usaspending.gov/api/v2/search/spending_over_time/,2026-09-12,"4/4 quarters, obligations $418444 / revenue $17455000000"
UBER,2022,0.0,SEC XBRL quarterly revenue + USASpending.gov federal contract obligations,https://api.usaspending.gov/api/v2/search/spending_over_time/,2026-09-12,"4/4 quarters, obligations $265449 / revenue $31877000000"
UBER,2023,0.0,SEC XBRL quarterly revenue + USASpending.gov federal contract obligations,https://api.usaspending.gov/api/v2/search/spending_over_time/,2026-09-12,"4/4 quarters, obligations $335556 / revenue $37281000000"
UBER,2024,0.0,SEC XBRL quarterly revenue + USASpending.gov federal contract obligations,https://api.usaspending.gov/api/v2/search/spending_over_time/,2026-09-12,"4/4 quarters, obligations $155516 / revenue $43978000000"
UBER,2025,0.0,SEC XBRL quarterly revenue + USASpending.gov federal contract obligations,https://api.usaspending.gov/api/v2/search/spending_over_time/,2026-09-12,"4/4 quarters, obligations $208127 / revenue $52017000000"
UHS,2018,0.0,SEC XBRL quarterly revenue + USASpending.gov federal contract obligations,https://api.usaspending.gov/api/v2/search/spending_over_time/,2026-09-12,"4/4 quarters, obligations $0 / revenue $10772278000"
UHS,2019,0.0,SEC XBRL quarterly revenue + USASpending.gov federal contract obligations,https://api.usaspending.gov/api/v2/search/spending_over_time/,2026-09-12,"4/4 quarters, obligations $0 / revenue $11378259000"
UHS,2020,0.0,SEC XBRL quarterly revenue + USASpending.gov federal contract obligations,https://api.usaspending.gov/api/v2/search/spending_over_time/,2026-09-12,"4/4 quarters, obligations $0 / revenue $11558897000"
UHS,2021,0.0,SEC XBRL quarterly revenue + USASpending.gov federal contract obligations,https://api.usaspending.gov/api/v2/search/spending_over_time/,2026-09-12,"4/4 quarters, obligations $0 / revenue $12642117000"
UHS,2022,0.0,SEC XBRL quarterly revenue + USASpending.gov federal contract obligations,https://api.usaspending.gov/api/v2/search/spending_over_time/,2026-09-12,"4/4 quarters, obligations $0 / revenue $13399370000"
UHS,2023,0.0001,SEC XBRL quarterly revenue + USASpending.gov federal contract obligations,https://api.usaspending.gov/api/v2/search/spending_over_time/,2026-09-12,"4/4 quarters, obligations $727401 / revenue $14281976000"
UHS,2024,0.0,SEC XBRL quarterly revenue + USASpending.gov federal contract obligations,https://api.usaspending.gov/api/v2/search/spending_over_time/,2026-09-12,"4/4 quarters, obligations $-1494207 / revenue $15827935000"
UHS,2025,0.0,SEC XBRL quarterly revenue + USASpending.gov federal contract obligations,https://api.usaspending.gov/api/v2/search/spending_over_time/,2026-09-12,"4/4 quarters, obligations $0 / revenue $17364829000"
ULTA,2018,0.0,SEC XBRL quarterly revenue + USASpending.gov federal contract obligations,https://api.usaspending.gov/api/v2/search/spending_over_time/,2026-09-12,"4/4 quarters, obligations $0 / revenue $6529491000"
ULTA,2019,0.0,SEC XBRL quarterly revenue + USASpending.gov federal contract obligations,https://api.usaspending.gov/api/v2/search/spending_over_time/,2026-09-12,"4/4 quarters, obligations $0 / revenue $7216866000"
ULTA,2020,0.0,SEC XBRL quarterly revenue + USASpending.gov federal contract obligations,https://api.usaspending.gov/api/v2/search/spending_over_time/,2026-09-12,"4/4 quarters, obligations $0 / revenue $6259170000"
ULTA,2021,0.0,SEC XBRL quarterly revenue + USASpending.gov federal contract obligations,https://api.usaspending.gov/api/v2/search/spending_over_time/,2026-09-12,"4/4 quarters, obligations $0 / revenue $8100202000"
ULTA,2022,0.0,SEC XBRL quarterly revenue + USASpending.gov federal contract obligations,https://api.usaspending.gov/api/v2/search/spending_over_time/,2026-09-12,"4/4 quarters, obligations $0 / revenue $9711195000"
ULTA,2023,0.0,SEC XBRL quarterly revenue + USASpending.gov federal contract obligations,https://api.usaspending.gov/api/v2/search/spending_over_time/,2026-09-12,"4/4 quarters, obligations $0 / revenue $10879778000"
ULTA,2024,0.0,SEC XBRL quarterly revenue + USASpending.gov federal contract obligations,https://api.usaspending.gov/api/v2/search/spending_over_time/,2026-09-12,"4/4 quarters, obligations $0 / revenue $11362333000"
ULTA,2025,0.0,SEC XBRL quarterly revenue + USASpending.gov federal contract obligations,https://api.usaspending.gov/api/v2/search/spending_over_time/,2026-09-12,"4/4 quarters, obligations $0 / revenue $11982078000"
UNH,2018,0.0041,SEC XBRL quarterly revenue + USASpending.gov federal contract obligations,https://api.usaspending.gov/api/v2/search/spending_over_time/,2026-09-12,"4/4 quarters, obligations $916646233 / revenue $226247000000"
UNH,2019,0.0037,SEC XBRL quarterly revenue + USASpending.gov federal contract obligations,https://api.usaspending.gov/api/v2/search/spending_over_time/,2026-09-12,"4/4 quarters, obligations $892277309 / revenue $242155000000"
UNH,2020,0.0095,SEC XBRL quarterly revenue + USASpending.gov federal contract obligations,https://api.usaspending.gov/api/v2/search/spending_over_time/,2026-09-12,"4/4 quarters, obligations $2435592941 / revenue $257141000000"
UNH,2021,0.0343,SEC XBRL quarterly revenue + USASpending.gov federal contract obligations,https://api.usaspending.gov/api/v2/search/spending_over_time/,2026-09-12,"4/4 quarters, obligations $9875429311 / revenue $287597000000"
UNH,2022,0.0037,SEC XBRL quarterly revenue + USASpending.gov federal contract obligations,https://api.usaspending.gov/api/v2/search/spending_over_time/,2026-09-12,"4/4 quarters, obligations $1189644113 / revenue $324162000000"
UNH,2023,0.0032,SEC XBRL quarterly revenue + USASpending.gov federal contract obligations,https://api.usaspending.gov/api/v2/search/spending_over_time/,2026-09-12,"4/4 quarters, obligations $1202096257 / revenue $371622000000"
UNH,2024,0.0565,SEC XBRL quarterly revenue + USASpending.gov federal contract obligations,https://api.usaspending.gov/api/v2/search/spending_over_time/,2026-09-12,"4/4 quarters, obligations $22620578700 / revenue $400278000000"
UNH,2025,0.0507,SEC XBRL quarterly revenue + USASpending.gov federal contract obligations,https://api.usaspending.gov/api/v2/search/spending_over_time/,2026-09-12,"4/4 quarters, obligations $22708285201 / revenue $447567000000"
UNP,2018,0.0,SEC XBRL quarterly revenue + USASpending.gov federal contract obligations,https://api.usaspending.gov/api/v2/search/spending_over_time/,2026-09-12,"4/4 quarters, obligations $0 / revenue $22832000000"
UNP,2019,0.0,SEC XBRL quarterly revenue + USASpending.gov federal contract obligations,https://api.usaspending.gov/api/v2/search/spending_over_time/,2026-09-12,"4/4 quarters, obligations $4760 / revenue $21708000000"
UNP,2020,0.0,SEC XBRL quarterly revenue + USASpending.gov federal contract obligations,https://api.usaspending.gov/api/v2/search/spending_over_time/,2026-09-12,"4/4 quarters, obligations $50000 / revenue $18589000000"
UNP,2021,0.0,SEC XBRL quarterly revenue + USASpending.gov federal contract obligations,https://api.usaspending.gov/api/v2/search/spending_over_time/,2026-09-12,"4/4 quarters, obligations $4917 / revenue $21804000000"
UNP,2022,0.0,SEC XBRL quarterly revenue + USASpending.gov federal contract obligations,https://api.usaspending.gov/api/v2/search/spending_over_time/,2026-09-12,"4/4 quarters, obligations $0 / revenue $24875000000"
UNP,2023,0.0,SEC XBRL quarterly revenue + USASpending.gov federal contract obligations,https://api.usaspending.gov/api/v2/search/spending_over_time/,2026-09-12,"4/4 quarters, obligations $91280 / revenue $24119000000"
UNP,2024,0.0,SEC XBRL quarterly revenue + USASpending.gov federal contract obligations,https://api.usaspending.gov/api/v2/search/spending_over_time/,2026-09-12,"4/4 quarters, obligations $8000 / revenue $24250000000"
UNP,2025,0.0,SEC XBRL quarterly revenue + USASpending.gov federal contract obligations,https://api.usaspending.gov/api/v2/search/spending_over_time/,2026-09-12,"4/4 quarters, obligations $1332 / revenue $24510000000"
UPS,2018,0.0,SEC XBRL quarterly revenue + USASpending.gov federal contract obligations,https://api.usaspending.gov/api/v2/search/spending_over_time/,2026-09-12,"4/4 quarters, obligations $0 / revenue $71861000000"
UPS,2019,0.0,SEC XBRL quarterly revenue + USASpending.gov federal contract obligations,https://api.usaspending.gov/api/v2/search/spending_over_time/,2026-09-12,"4/4 quarters, obligations $0 / revenue $74094000000"
UPS,2020,0.0012,SEC XBRL quarterly revenue + USASpending.gov federal contract obligations,https://api.usaspending.gov/api/v2/search/spending_over_time/,2026-09-12,"4/4 quarters, obligations $101907712 / revenue $84628000000"
UPS,2021,0.0028,SEC XBRL quarterly revenue + USASpending.gov federal contract obligations,https://api.usaspending.gov/api/v2/search/spending_over_time/,2026-09-12,"4/4 quarters, obligations $267681858 / revenue $97287000000"
UPS,2022,0.0021,SEC XBRL quarterly revenue + USASpending.gov federal contract obligations,https://api.usaspending.gov/api/v2/search/spending_over_time/,2026-09-12,"4/4 quarters, obligations $215203757 / revenue $100338000000"
UPS,2023,0.0035,SEC XBRL quarterly revenue + USASpending.gov federal contract obligations,https://api.usaspending.gov/api/v2/search/spending_over_time/,2026-09-12,"4/4 quarters, obligations $320801121 / revenue $90958000000"
UPS,2024,0.0025,SEC XBRL quarterly revenue + USASpending.gov federal contract obligations,https://api.usaspending.gov/api/v2/search/spending_over_time/,2026-09-12,"4/4 quarters, obligations $230587589 / revenue $91070000000"
UPS,2025,0.0016,SEC XBRL quarterly revenue + USASpending.gov federal contract obligations,https://api.usaspending.gov/api/v2/search/spending_over_time/,2026-09-12,"4/4 quarters, obligations $144936313 / revenue $88661000000"
URI,2018,0.0009,SEC XBRL quarterly revenue + USASpending.gov federal contract obligations,https://api.usaspending.gov/api/v2/search/spending_over_time/,2026-09-12,"4/4 quarters, obligations $7126045 / revenue $8047000000"
URI,2019,0.0012,SEC XBRL quarterly revenue + USASpending.gov federal contract obligations,https://api.usaspending.gov/api/v2/search/spending_over_time/,2026-09-12,"4/4 quarters, obligations $11381297 / revenue $9351000000"
URI,2020,0.0013,SEC XBRL quarterly revenue + USASpending.gov federal contract obligations,https://api.usaspending.gov/api/v2/search/spending_over_time/,2026-09-12,"4/4 quarters, obligations $11176355 / revenue $8530000000"
URI,2021,0.0013,SEC XBRL quarterly revenue + USASpending.gov federal contract obligations,https://api.usaspending.gov/api/v2/search/spending_over_time/,2026-09-12,"4/4 quarters, obligations $12416097 / revenue $9716000000"
URI,2022,0.0012,SEC XBRL quarterly revenue + USASpending.gov federal contract obligations,https://api.usaspending.gov/api/v2/search/spending_over_time/,2026-09-12,"4/4 quarters, obligations $13663661 / revenue $11642000000"
URI,2023,0.0012,SEC XBRL quarterly revenue + USASpending.gov federal contract obligations,https://api.usaspending.gov/api/v2/search/spending_over_time/,2026-09-12,"4/4 quarters, obligations $17506868 / revenue $14332000000"
URI,2024,0.001,SEC XBRL quarterly revenue + USASpending.gov federal contract obligations,https://api.usaspending.gov/api/v2/search/spending_over_time/,2026-09-12,"4/4 quarters, obligations $15530932 / revenue $15345000000"
URI,2025,0.0007,SEC XBRL quarterly revenue + USASpending.gov federal contract obligations,https://api.usaspending.gov/api/v2/search/spending_over_time/,2026-09-12,"4/4 quarters, obligations $9377616 / revenue $13273000000"
USB,2018,0.0,SEC XBRL quarterly revenue + USASpending.gov federal contract obligations,https://api.usaspending.gov/api/v2/search/spending_over_time/,2026-09-12,"4/4 quarters, obligations $0 / revenue $22637000000"
USB,2019,0.0,SEC XBRL quarterly revenue + USASpending.gov federal contract obligations,https://api.usaspending.gov/api/v2/search/spending_over_time/,2026-09-12,"3/4 quarters, obligations $0 / revenue $17319000000"
USB,2023,0.0,SEC XBRL quarterly revenue + USASpending.gov federal contract obligations,https://api.usaspending.gov/api/v2/search/spending_over_time/,2026-09-12,"4/4 quarters, obligations $0 / revenue $28144000000"
USB,2024,0.0,SEC XBRL quarterly revenue + USASpending.gov federal contract obligations,https://api.usaspending.gov/api/v2/search/spending_over_time/,2026-09-12,"4/4 quarters, obligations $0 / revenue $27455000000"
USB,2025,0.0,SEC XBRL quarterly revenue + USASpending.gov federal contract obligations,https://api.usaspending.gov/api/v2/search/spending_over_time/,2026-09-12,"4/4 quarters, obligations $0 / revenue $28656000000"
V,2018,0.0003,SEC XBRL quarterly revenue + USASpending.gov federal contract obligations,https://api.usaspending.gov/api/v2/search/spending_over_time/,2026-09-12,"4/4 quarters, obligations $6800116 / revenue $21253000000"
V,2019,0.0005,SEC XBRL quarterly revenue + USASpending.gov federal contract obligations,https://api.usaspending.gov/api/v2/search/spending_over_time/,2026-09-12,"3/4 quarters, obligations $8030517 / revenue $17471000000"
VEEV,2018,0.0,SEC XBRL quarterly revenue + USASpending.gov federal contract obligations,https://api.usaspending.gov/api/v2/search/spending_over_time/,2026-09-12,"4/4 quarters, obligations $0 / revenue $815871000"
VEEV,2019,0.0,SEC XBRL quarterly revenue + USASpending.gov federal contract obligations,https://api.usaspending.gov/api/v2/search/spending_over_time/,2026-09-12,"4/4 quarters, obligations $0 / revenue $1024896000"
VEEV,2020,0.0,SEC XBRL quarterly revenue + USASpending.gov federal contract obligations,https://api.usaspending.gov/api/v2/search/spending_over_time/,2026-09-12,"4/4 quarters, obligations $0 / revenue $1379816000"
VEEV,2021,0.0,SEC XBRL quarterly revenue + USASpending.gov federal contract obligations,https://api.usaspending.gov/api/v2/search/spending_over_time/,2026-09-12,"4/4 quarters, obligations $0 / revenue $1762039000"
VEEV,2022,0.0,SEC XBRL quarterly revenue + USASpending.gov federal contract obligations,https://api.usaspending.gov/api/v2/search/spending_over_time/,2026-09-12,"4/4 quarters, obligations $0 / revenue $2077170000"
VEEV,2023,0.0,SEC XBRL quarterly revenue + USASpending.gov federal contract obligations,https://api.usaspending.gov/api/v2/search/spending_over_time/,2026-09-12,"4/4 quarters, obligations $0 / revenue $2296444000"
VEEV,2024,0.0,SEC XBRL quarterly revenue + USASpending.gov federal contract obligations,https://api.usaspending.gov/api/v2/search/spending_over_time/,2026-09-12,"4/4 quarters, obligations $0 / revenue $2656351000"
VEEV,2025,0.0,SEC XBRL quarterly revenue + USASpending.gov federal contract obligations,https://api.usaspending.gov/api/v2/search/spending_over_time/,2026-09-12,"4/4 quarters, obligations $0 / revenue $3080246000"
VICI,2018,0.0,SEC XBRL quarterly revenue + USASpending.gov federal contract obligations,https://api.usaspending.gov/api/v2/search/spending_over_time/,2026-09-12,"4/4 quarters, obligations $0 / revenue $897977000"
VICI,2019,0.0,SEC XBRL quarterly revenue + USASpending.gov federal contract obligations,https://api.usaspending.gov/api/v2/search/spending_over_time/,2026-09-12,"4/4 quarters, obligations $0 / revenue $894798000"
VICI,2020,0.0,SEC XBRL quarterly revenue + USASpending.gov federal contract obligations,https://api.usaspending.gov/api/v2/search/spending_over_time/,2026-09-12,"4/4 quarters, obligations $0 / revenue $1225574000"
VICI,2021,0.0,SEC XBRL quarterly revenue + USASpending.gov federal contract obligations,https://api.usaspending.gov/api/v2/search/spending_over_time/,2026-09-12,"4/4 quarters, obligations $0 / revenue $1509568000"
VICI,2022,0.0,SEC XBRL quarterly revenue + USASpending.gov federal contract obligations,https://api.usaspending.gov/api/v2/search/spending_over_time/,2026-09-12,"4/4 quarters, obligations $0 / revenue $2600697000"
VICI,2023,0.0,SEC XBRL quarterly revenue + USASpending.gov federal contract obligations,https://api.usaspending.gov/api/v2/search/spending_over_time/,2026-09-12,"4/4 quarters, obligations $0 / revenue $3611988000"
VICI,2024,0.0,SEC XBRL quarterly revenue + USASpending.gov federal contract obligations,https://api.usaspending.gov/api/v2/search/spending_over_time/,2026-09-12,"4/4 quarters, obligations $0 / revenue $3849205000"
VICI,2025,0.0,SEC XBRL quarterly revenue + USASpending.gov federal contract obligations,https://api.usaspending.gov/api/v2/search/spending_over_time/,2026-09-12,"4/4 quarters, obligations $0 / revenue $4006116000"
VLO,2018,0.0,SEC XBRL quarterly revenue + USASpending.gov federal contract obligations,https://api.usaspending.gov/api/v2/search/spending_over_time/,2026-09-12,"4/4 quarters, obligations $0 / revenue $117033000000"
VLO,2019,0.0,SEC XBRL quarterly revenue + USASpending.gov federal contract obligations,https://api.usaspending.gov/api/v2/search/spending_over_time/,2026-09-12,"4/4 quarters, obligations $0 / revenue $108324000000"
VLO,2020,0.0,SEC XBRL quarterly revenue + USASpending.gov federal contract obligations,https://api.usaspending.gov/api/v2/search/spending_over_time/,2026-09-12,"4/4 quarters, obligations $0 / revenue $64912000000"
VLO,2021,0.0,SEC XBRL quarterly revenue + USASpending.gov federal contract obligations,https://api.usaspending.gov/api/v2/search/spending_over_time/,2026-09-12,"4/4 quarters, obligations $0 / revenue $113977000000"
VLO,2022,0.0,SEC XBRL quarterly revenue + USASpending.gov federal contract obligations,https://api.usaspending.gov/api/v2/search/spending_over_time/,2026-09-12,"4/4 quarters, obligations $0 / revenue $176383000000"
VLO,2023,0.0,SEC XBRL quarterly revenue + USASpending.gov federal contract obligations,https://api.usaspending.gov/api/v2/search/spending_over_time/,2026-09-12,"4/4 quarters, obligations $0 / revenue $144766000000"
VLO,2024,0.0,SEC XBRL quarterly revenue + USASpending.gov federal contract obligations,https://api.usaspending.gov/api/v2/search/spending_over_time/,2026-09-12,"4/4 quarters, obligations $0 / revenue $129881000000"
VLO,2025,0.0,SEC XBRL quarterly revenue + USASpending.gov federal contract obligations,https://api.usaspending.gov/api/v2/search/spending_over_time/,2026-09-12,"4/4 quarters, obligations $0 / revenue $122687000000"
VMC,2018,0.0,SEC XBRL quarterly revenue + USASpending.gov federal contract obligations,https://api.usaspending.gov/api/v2/search/spending_over_time/,2026-09-12,"4/4 quarters, obligations $50197 / revenue $4382869000"
VMC,2019,0.0,SEC XBRL quarterly revenue + USASpending.gov federal contract obligations,https://api.usaspending.gov/api/v2/search/spending_over_time/,2026-09-12,"4/4 quarters, obligations $36008 / revenue $4929103000"
VMC,2020,0.0,SEC XBRL quarterly revenue + USASpending.gov federal contract obligations,https://api.usaspending.gov/api/v2/search/spending_over_time/,2026-09-12,"4/4 quarters, obligations $116617 / revenue $4856826000"
VMC,2021,0.0,SEC XBRL quarterly revenue + USASpending.gov federal contract obligations,https://api.usaspending.gov/api/v2/search/spending_over_time/,2026-09-12,"4/4 quarters, obligations $225800 / revenue $5552200000"
VMC,2022,0.0,SEC XBRL quarterly revenue + USASpending.gov federal contract obligations,https://api.usaspending.gov/api/v2/search/spending_over_time/,2026-09-12,"4/4 quarters, obligations $12874 / revenue $7315200000"
VMC,2023,0.0,SEC XBRL quarterly revenue + USASpending.gov federal contract obligations,https://api.usaspending.gov/api/v2/search/spending_over_time/,2026-09-12,"4/4 quarters, obligations $12252 / revenue $7781900000"
VMRK,2018,0.0,SEC XBRL quarterly revenue + USASpending.gov federal contract obligations,https://api.usaspending.gov/api/v2/search/spending_over_time/,2026-09-12,"4/4 quarters, obligations $0 / revenue $753000"
VMRK,2019,0.0,SEC XBRL quarterly revenue + USASpending.gov federal contract obligations,https://api.usaspending.gov/api/v2/search/spending_over_time/,2026-09-12,"4/4 quarters, obligations $0 / revenue $384000"
VRSK,2018,0.0059,SEC XBRL quarterly revenue + USASpending.gov federal contract obligations,https://api.usaspending.gov/api/v2/search/spending_over_time/,2026-09-12,"2/4 quarters, obligations $7117258 / revenue $1200000000"
VRSN,2018,0.0,SEC XBRL quarterly revenue + USASpending.gov federal contract obligations,https://api.usaspending.gov/api/v2/search/spending_over_time/,2026-09-12,"4/4 quarters, obligations $0 / revenue $1214969000"
VRSN,2019,0.0,SEC XBRL quarterly revenue + USASpending.gov federal contract obligations,https://api.usaspending.gov/api/v2/search/spending_over_time/,2026-09-12,"4/4 quarters, obligations $0 / revenue $1231661000"
VRSN,2020,0.0,SEC XBRL quarterly revenue + USASpending.gov federal contract obligations,https://api.usaspending.gov/api/v2/search/spending_over_time/,2026-09-12,"4/4 quarters, obligations $0 / revenue $1265100000"
VRSN,2021,0.0,SEC XBRL quarterly revenue + USASpending.gov federal contract obligations,https://api.usaspending.gov/api/v2/search/spending_over_time/,2026-09-12,"4/4 quarters, obligations $0 / revenue $1327600000"
VRSN,2022,0.0,SEC XBRL quarterly revenue + USASpending.gov federal contract obligations,https://api.usaspending.gov/api/v2/search/spending_over_time/,2026-09-12,"4/4 quarters, obligations $0 / revenue $1424900000"
VRSN,2023,0.0,SEC XBRL quarterly revenue + USASpending.gov federal contract obligations,https://api.usaspending.gov/api/v2/search/spending_over_time/,2026-09-12,"4/4 quarters, obligations $0 / revenue $1493100000"
VRSN,2024,0.0,SEC XBRL quarterly revenue + USASpending.gov federal contract obligations,https://api.usaspending.gov/api/v2/search/spending_over_time/,2026-09-12,"4/4 quarters, obligations $0 / revenue $1557400000"
VRSN,2025,0.0,SEC XBRL quarterly revenue + USASpending.gov federal contract obligations,https://api.usaspending.gov/api/v2/search/spending_over_time/,2026-09-12,"4/4 quarters, obligations $0 / revenue $1656600000"
VRT,2019,0.0016,SEC XBRL quarterly revenue + USASpending.gov federal contract obligations,https://api.usaspending.gov/api/v2/search/spending_over_time/,2026-09-12,"4/4 quarters, obligations $7067314 / revenue $4431100000"
VRT,2020,0.0007,SEC XBRL quarterly revenue + USASpending.gov federal contract obligations,https://api.usaspending.gov/api/v2/search/spending_over_time/,2026-09-12,"4/4 quarters, obligations $2931045 / revenue $4370500000"
VRT,2021,0.0006,SEC XBRL quarterly revenue + USASpending.gov federal contract obligations,https://api.usaspending.gov/api/v2/search/spending_over_time/,2026-09-12,"4/4 quarters, obligations $3024191 / revenue $4998100000"
VRT,2022,0.0002,SEC XBRL quarterly revenue + USASpending.gov federal contract obligations,https://api.usaspending.gov/api/v2/search/spending_over_time/,2026-09-12,"4/4 quarters, obligations $1279846 / revenue $5691500000"
VRT,2023,0.0004,SEC XBRL quarterly revenue + USASpending.gov federal contract obligations,https://api.usaspending.gov/api/v2/search/spending_over_time/,2026-09-12,"4/4 quarters, obligations $2577274 / revenue $6863200000"
VRT,2024,0.0004,SEC XBRL quarterly revenue + USASpending.gov federal contract obligations,https://api.usaspending.gov/api/v2/search/spending_over_time/,2026-09-12,"4/4 quarters, obligations $3324249 / revenue $8011800000"
VRT,2025,0.0007,SEC XBRL quarterly revenue + USASpending.gov federal contract obligations,https://api.usaspending.gov/api/v2/search/spending_over_time/,2026-09-12,"4/4 quarters, obligations $6741140 / revenue $10229900000"
VRTX,2018,0.0,SEC XBRL quarterly revenue + USASpending.gov federal contract obligations,https://api.usaspending.gov/api/v2/search/spending_over_time/,2026-09-12,"4/4 quarters, obligations $0 / revenue $3047597000"
VRTX,2019,0.0,SEC XBRL quarterly revenue + USASpending.gov federal contract obligations,https://api.usaspending.gov/api/v2/search/spending_over_time/,2026-09-12,"4/4 quarters, obligations $0 / revenue $4162821000"
VRTX,2020,0.0,SEC XBRL quarterly revenue + USASpending.gov federal contract obligations,https://api.usaspending.gov/api/v2/search/spending_over_time/,2026-09-12,"4/4 quarters, obligations $0 / revenue $6205683000"
VRTX,2021,0.0,SEC XBRL quarterly revenue + USASpending.gov federal contract obligations,https://api.usaspending.gov/api/v2/search/spending_over_time/,2026-09-12,"4/4 quarters, obligations $0 / revenue $7574400000"
VRTX,2022,0.0,SEC XBRL quarterly revenue + USASpending.gov federal contract obligations,https://api.usaspending.gov/api/v2/search/spending_over_time/,2026-09-12,"4/4 quarters, obligations $0 / revenue $8930700000"
VRTX,2023,0.0,SEC XBRL quarterly revenue + USASpending.gov federal contract obligations,https://api.usaspending.gov/api/v2/search/spending_over_time/,2026-09-12,"4/4 quarters, obligations $0 / revenue $9869200000"
VRTX,2024,0.0,SEC XBRL quarterly revenue + USASpending.gov federal contract obligations,https://api.usaspending.gov/api/v2/search/spending_over_time/,2026-09-12,"4/4 quarters, obligations $0 / revenue $11020100000"
VRTX,2025,0.0,SEC XBRL quarterly revenue + USASpending.gov federal contract obligations,https://api.usaspending.gov/api/v2/search/spending_over_time/,2026-09-12,"4/4 quarters, obligations $0 / revenue $12001300000"
VST,2018,0.0014,SEC XBRL quarterly revenue + USASpending.gov federal contract obligations,https://api.usaspending.gov/api/v2/search/spending_over_time/,2026-09-12,"4/4 quarters, obligations $13112000 / revenue $9144000000"
VST,2019,0.0016,SEC XBRL quarterly revenue + USASpending.gov federal contract obligations,https://api.usaspending.gov/api/v2/search/spending_over_time/,2026-09-12,"4/4 quarters, obligations $18592545 / revenue $11665000000"
VST,2020,0.0024,SEC XBRL quarterly revenue + USASpending.gov federal contract obligations,https://api.usaspending.gov/api/v2/search/spending_over_time/,2026-09-12,"4/4 quarters, obligations $26404083 / revenue $10850000000"
VST,2021,0.0014,SEC XBRL quarterly revenue + USASpending.gov federal contract obligations,https://api.usaspending.gov/api/v2/search/spending_over_time/,2026-09-12,"4/4 quarters, obligations $25577529 / revenue $17700000000"
VST,2022,0.0016,SEC XBRL quarterly revenue + USASpending.gov federal contract obligations,https://api.usaspending.gov/api/v2/search/spending_over_time/,2026-09-12,"4/4 quarters, obligations $24974818 / revenue $15631000000"
VST,2023,0.0013,SEC XBRL quarterly revenue + USASpending.gov federal contract obligations,https://api.usaspending.gov/api/v2/search/spending_over_time/,2026-09-12,"4/4 quarters, obligations $18249841 / revenue $13804000000"
VST,2024,0.001,SEC XBRL quarterly revenue + USASpending.gov federal contract obligations,https://api.usaspending.gov/api/v2/search/spending_over_time/,2026-09-12,"4/4 quarters, obligations $14753398 / revenue $14761000000"
VST,2025,0.0005,SEC XBRL quarterly revenue + USASpending.gov federal contract obligations,https://api.usaspending.gov/api/v2/search/spending_over_time/,2026-09-12,"4/4 quarters, obligations $8008647 / revenue $17586000000"
VTR,2018,0.0002,SEC XBRL quarterly revenue + USASpending.gov federal contract obligations,https://api.usaspending.gov/api/v2/search/spending_over_time/,2026-09-12,"4/4 quarters, obligations $893253 / revenue $3745810000"
VTR,2019,0.0002,SEC XBRL quarterly revenue + USASpending.gov federal contract obligations,https://api.usaspending.gov/api/v2/search/spending_over_time/,2026-09-12,"4/4 quarters, obligations $744323 / revenue $3872750000"
VTR,2020,0.0,SEC XBRL quarterly revenue + USASpending.gov federal contract obligations,https://api.usaspending.gov/api/v2/search/spending_over_time/,2026-09-12,"4/4 quarters, obligations $-62270 / revenue $3795357000"
VTR,2021,0.0,SEC XBRL quarterly revenue + USASpending.gov federal contract obligations,https://api.usaspending.gov/api/v2/search/spending_over_time/,2026-09-12,"4/4 quarters, obligations $155364 / revenue $3828007000"
VTR,2022,0.0003,SEC XBRL quarterly revenue + USASpending.gov federal contract obligations,https://api.usaspending.gov/api/v2/search/spending_over_time/,2026-09-12,"4/4 quarters, obligations $1242176 / revenue $4129193000"
VTR,2023,0.0002,SEC XBRL quarterly revenue + USASpending.gov federal contract obligations,https://api.usaspending.gov/api/v2/search/spending_over_time/,2026-09-12,"4/4 quarters, obligations $1024715 / revenue $4497827000"
VTR,2024,0.0,SEC XBRL quarterly revenue + USASpending.gov federal contract obligations,https://api.usaspending.gov/api/v2/search/spending_over_time/,2026-09-12,"4/4 quarters, obligations $-4895 / revenue $4924266000"
VTR,2025,0.0,SEC XBRL quarterly revenue + USASpending.gov federal contract obligations,https://api.usaspending.gov/api/v2/search/spending_over_time/,2026-09-12,"4/4 quarters, obligations $0 / revenue $5833980000"
VTRS,2020,0.0,SEC XBRL quarterly revenue + USASpending.gov federal contract obligations,https://api.usaspending.gov/api/v2/search/spending_over_time/,2026-09-12,"3/4 quarters, obligations $0 / revenue $8232200000"
VTRS,2021,0.0,SEC XBRL quarterly revenue + USASpending.gov federal contract obligations,https://api.usaspending.gov/api/v2/search/spending_over_time/,2026-09-12,"4/4 quarters, obligations $0 / revenue $17813600000"
VTRS,2022,0.0,SEC XBRL quarterly revenue + USASpending.gov federal contract obligations,https://api.usaspending.gov/api/v2/search/spending_over_time/,2026-09-12,"4/4 quarters, obligations $-3 / revenue $16218100000"
VTRS,2023,0.0,SEC XBRL quarterly revenue + USASpending.gov federal contract obligations,https://api.usaspending.gov/api/v2/search/spending_over_time/,2026-09-12,"4/4 quarters, obligations $0 / revenue $15388400000"
VTRS,2024,0.0,SEC XBRL quarterly revenue + USASpending.gov federal contract obligations,https://api.usaspending.gov/api/v2/search/spending_over_time/,2026-09-12,"4/4 quarters, obligations $0 / revenue $14692800000"
VTRS,2025,0.0,SEC XBRL quarterly revenue + USASpending.gov federal contract obligations,https://api.usaspending.gov/api/v2/search/spending_over_time/,2026-09-12,"4/4 quarters, obligations $0 / revenue $14250400000"
VZ,2018,0.0046,SEC XBRL quarterly revenue + USASpending.gov federal contract obligations,https://api.usaspending.gov/api/v2/search/spending_over_time/,2026-09-12,"4/4 quarters, obligations $601065249 / revenue $130863000000"
VZ,2019,0.006,SEC XBRL quarterly revenue + USASpending.gov federal contract obligations,https://api.usaspending.gov/api/v2/search/spending_over_time/,2026-09-12,"4/4 quarters, obligations $793723621 / revenue $131868000000"
VZ,2020,0.0099,SEC XBRL quarterly revenue + USASpending.gov federal contract obligations,https://api.usaspending.gov/api/v2/search/spending_over_time/,2026-09-12,"4/4 quarters, obligations $1271407113 / revenue $128292000000"
VZ,2021,0.0037,SEC XBRL quarterly revenue + USASpending.gov federal contract obligations,https://api.usaspending.gov/api/v2/search/spending_over_time/,2026-09-12,"4/4 quarters, obligations $493838739 / revenue $133613000000"
VZ,2022,0.0049,SEC XBRL quarterly revenue + USASpending.gov federal contract obligations,https://api.usaspending.gov/api/v2/search/spending_over_time/,2026-09-12,"4/4 quarters, obligations $666596790 / revenue $136835000000"
VZ,2023,0.0051,SEC XBRL quarterly revenue + USASpending.gov federal contract obligations,https://api.usaspending.gov/api/v2/search/spending_over_time/,2026-09-12,"4/4 quarters, obligations $682741171 / revenue $133974000000"
VZ,2024,0.0001,SEC XBRL quarterly revenue + USASpending.gov federal contract obligations,https://api.usaspending.gov/api/v2/search/spending_over_time/,2026-09-12,"4/4 quarters, obligations $7926246 / revenue $134788000000"
VZ,2025,0.0001,SEC XBRL quarterly revenue + USASpending.gov federal contract obligations,https://api.usaspending.gov/api/v2/search/spending_over_time/,2026-09-12,"4/4 quarters, obligations $10409602 / revenue $138191000000"
WAB,2018,0.0,SEC XBRL quarterly revenue + USASpending.gov federal contract obligations,https://api.usaspending.gov/api/v2/search/spending_over_time/,2026-09-12,"4/4 quarters, obligations $158199 / revenue $4363500000"
WAB,2019,0.0001,SEC XBRL quarterly revenue + USASpending.gov federal contract obligations,https://api.usaspending.gov/api/v2/search/spending_over_time/,2026-09-12,"4/4 quarters, obligations $1104670 / revenue $8200000000"
WAB,2020,0.0,SEC XBRL quarterly revenue + USASpending.gov federal contract obligations,https://api.usaspending.gov/api/v2/search/spending_over_time/,2026-09-12,"4/4 quarters, obligations $1434 / revenue $7556000000"
WAB,2021,0.0,SEC XBRL quarterly revenue + USASpending.gov federal contract obligations,https://api.usaspending.gov/api/v2/search/spending_over_time/,2026-09-12,"4/4 quarters, obligations $25100 / revenue $7822000000"
WAB,2022,0.0001,SEC XBRL quarterly revenue + USASpending.gov federal contract obligations,https://api.usaspending.gov/api/v2/search/spending_over_time/,2026-09-12,"4/4 quarters, obligations $520804 / revenue $8362000000"
WAB,2023,0.0005,SEC XBRL quarterly revenue + USASpending.gov federal contract obligations,https://api.usaspending.gov/api/v2/search/spending_over_time/,2026-09-12,"4/4 quarters, obligations $4811098 / revenue $9677000000"
WAB,2024,0.0001,SEC XBRL quarterly revenue + USASpending.gov federal contract obligations,https://api.usaspending.gov/api/v2/search/spending_over_time/,2026-09-12,"4/4 quarters, obligations $573293 / revenue $10387000000"
WAB,2025,0.0,SEC XBRL quarterly revenue + USASpending.gov federal contract obligations,https://api.usaspending.gov/api/v2/search/spending_over_time/,2026-09-12,"4/4 quarters, obligations $32322 / revenue $11167000000"
WAT,2018,0.0132,SEC XBRL quarterly revenue + USASpending.gov federal contract obligations,https://api.usaspending.gov/api/v2/search/spending_over_time/,2026-09-12,"4/4 quarters, obligations $32021403 / revenue $2419929000"
WAT,2019,0.014,SEC XBRL quarterly revenue + USASpending.gov federal contract obligations,https://api.usaspending.gov/api/v2/search/spending_over_time/,2026-09-12,"4/4 quarters, obligations $33584298 / revenue $2406596000"
WAT,2020,0.0201,SEC XBRL quarterly revenue + USASpending.gov federal contract obligations,https://api.usaspending.gov/api/v2/search/spending_over_time/,2026-09-12,"4/4 quarters, obligations $47536635 / revenue $2365365000"
WAT,2021,0.0111,SEC XBRL quarterly revenue + USASpending.gov federal contract obligations,https://api.usaspending.gov/api/v2/search/spending_over_time/,2026-09-12,"4/4 quarters, obligations $31041542 / revenue $2785874000"
WAT,2022,0.0148,SEC XBRL quarterly revenue + USASpending.gov federal contract obligations,https://api.usaspending.gov/api/v2/search/spending_over_time/,2026-09-12,"4/4 quarters, obligations $44107987 / revenue $2971956000"
WAT,2023,0.0126,SEC XBRL quarterly revenue + USASpending.gov federal contract obligations,https://api.usaspending.gov/api/v2/search/spending_over_time/,2026-09-12,"4/4 quarters, obligations $37290130 / revenue $2956416000"
WAT,2024,0.0112,SEC XBRL quarterly revenue + USASpending.gov federal contract obligations,https://api.usaspending.gov/api/v2/search/spending_over_time/,2026-09-12,"4/4 quarters, obligations $33142342 / revenue $2958387000"
WAT,2025,0.0085,SEC XBRL quarterly revenue + USASpending.gov federal contract obligations,https://api.usaspending.gov/api/v2/search/spending_over_time/,2026-09-12,"4/4 quarters, obligations $26916862 / revenue $3165286000"
WBD,2018,0.0,SEC XBRL quarterly revenue + USASpending.gov federal contract obligations,https://api.usaspending.gov/api/v2/search/spending_over_time/,2026-09-12,"4/4 quarters, obligations $0 / revenue $10553000000"
WBD,2019,0.0,SEC XBRL quarterly revenue + USASpending.gov federal contract obligations,https://api.usaspending.gov/api/v2/search/spending_over_time/,2026-09-12,"4/4 quarters, obligations $0 / revenue $11144000000"
WBD,2020,0.0,SEC XBRL quarterly revenue + USASpending.gov federal contract obligations,https://api.usaspending.gov/api/v2/search/spending_over_time/,2026-09-12,"4/4 quarters, obligations $0 / revenue $10671000000"
WBD,2021,0.0,SEC XBRL quarterly revenue + USASpending.gov federal contract obligations,https://api.usaspending.gov/api/v2/search/spending_over_time/,2026-09-12,"4/4 quarters, obligations $0 / revenue $12191000000"
WBD,2022,0.0,SEC XBRL quarterly revenue + USASpending.gov federal contract obligations,https://api.usaspending.gov/api/v2/search/spending_over_time/,2026-09-12,"4/4 quarters, obligations $0 / revenue $33817000000"
WBD,2023,0.0,SEC XBRL quarterly revenue + USASpending.gov federal contract obligations,https://api.usaspending.gov/api/v2/search/spending_over_time/,2026-09-12,"4/4 quarters, obligations $0 / revenue $41321000000"
WBD,2024,0.0,SEC XBRL quarterly revenue + USASpending.gov federal contract obligations,https://api.usaspending.gov/api/v2/search/spending_over_time/,2026-09-12,"4/4 quarters, obligations $0 / revenue $39321000000"
WBD,2025,0.0,SEC XBRL quarterly revenue + USASpending.gov federal contract obligations,https://api.usaspending.gov/api/v2/search/spending_over_time/,2026-09-12,"4/4 quarters, obligations $0 / revenue $37296000000"
WDAY,2018,0.0,SEC XBRL quarterly revenue + USASpending.gov federal contract obligations,https://api.usaspending.gov/api/v2/search/spending_over_time/,2026-09-12,"4/4 quarters, obligations $68291 / revenue $2616032000"
WDAY,2019,0.0,SEC XBRL quarterly revenue + USASpending.gov federal contract obligations,https://api.usaspending.gov/api/v2/search/spending_over_time/,2026-09-12,"4/4 quarters, obligations $0 / revenue $3439535000"
WDAY,2020,0.0,SEC XBRL quarterly revenue + USASpending.gov federal contract obligations,https://api.usaspending.gov/api/v2/search/spending_over_time/,2026-09-12,"4/4 quarters, obligations $0 / revenue $4162611000"
WDAY,2021,0.0,SEC XBRL quarterly revenue + USASpending.gov federal contract obligations,https://api.usaspending.gov/api/v2/search/spending_over_time/,2026-09-12,"4/4 quarters, obligations $0 / revenue $4894341000"
WDAY,2022,0.0,SEC XBRL quarterly revenue + USASpending.gov federal contract obligations,https://api.usaspending.gov/api/v2/search/spending_over_time/,2026-09-12,"4/4 quarters, obligations $115000 / revenue $5945901000"
WDAY,2023,0.0,SEC XBRL quarterly revenue + USASpending.gov federal contract obligations,https://api.usaspending.gov/api/v2/search/spending_over_time/,2026-09-12,"4/4 quarters, obligations $-8023 / revenue $6983442000"
WDAY,2024,0.0,SEC XBRL quarterly revenue + USASpending.gov federal contract obligations,https://api.usaspending.gov/api/v2/search/spending_over_time/,2026-09-12,"4/4 quarters, obligations $0 / revenue $8157000000"
WDAY,2025,0.0,SEC XBRL quarterly revenue + USASpending.gov federal contract obligations,https://api.usaspending.gov/api/v2/search/spending_over_time/,2026-09-12,"4/4 quarters, obligations $0 / revenue $9231000000"
WDC,2018,0.0,SEC XBRL quarterly revenue + USASpending.gov federal contract obligations,https://api.usaspending.gov/api/v2/search/spending_over_time/,2026-09-12,"4/4 quarters, obligations $0 / revenue $19391000000"
WDC,2019,0.0,SEC XBRL quarterly revenue + USASpending.gov federal contract obligations,https://api.usaspending.gov/api/v2/search/spending_over_time/,2026-09-12,"3/4 quarters, obligations $0 / revenue $11348000000"
WDC,2020,0.0,SEC XBRL quarterly revenue + USASpending.gov federal contract obligations,https://api.usaspending.gov/api/v2/search/spending_over_time/,2026-09-12,"4/4 quarters, obligations $0 / revenue $16618000000"
WDC,2021,0.0,SEC XBRL quarterly revenue + USASpending.gov federal contract obligations,https://api.usaspending.gov/api/v2/search/spending_over_time/,2026-09-12,"4/4 quarters, obligations $0 / revenue $17833000000"
WDC,2022,0.0,SEC XBRL quarterly revenue + USASpending.gov federal contract obligations,https://api.usaspending.gov/api/v2/search/spending_over_time/,2026-09-12,"3/4 quarters, obligations $0 / revenue $12016000000"
WDC,2023,0.0036,SEC XBRL quarterly revenue + USASpending.gov federal contract obligations,https://api.usaspending.gov/api/v2/search/spending_over_time/,2026-09-12,"4/4 quarters, obligations $7039161 / revenue $1973000000"
WDC,2024,0.0002,SEC XBRL quarterly revenue + USASpending.gov federal contract obligations,https://api.usaspending.gov/api/v2/search/spending_over_time/,2026-09-12,"4/4 quarters, obligations $1934000 / revenue $8377000000"
WDC,2025,0.0002,SEC XBRL quarterly revenue + USASpending.gov federal contract obligations,https://api.usaspending.gov/api/v2/search/spending_over_time/,2026-09-12,"3/4 quarters, obligations $1771210 / revenue $7717000000"
WEC,2018,0.0,SEC XBRL quarterly revenue + USASpending.gov federal contract obligations,https://api.usaspending.gov/api/v2/search/spending_over_time/,2026-09-12,"4/4 quarters, obligations $0 / revenue $7679500000"
WEC,2019,0.0,SEC XBRL quarterly revenue + USASpending.gov federal contract obligations,https://api.usaspending.gov/api/v2/search/spending_over_time/,2026-09-12,"4/4 quarters, obligations $0 / revenue $7523100000"
WEC,2020,0.0,SEC XBRL quarterly revenue + USASpending.gov federal contract obligations,https://api.usaspending.gov/api/v2/search/spending_over_time/,2026-09-12,"4/4 quarters, obligations $0 / revenue $7241700000"
WEC,2021,0.0,SEC XBRL quarterly revenue + USASpending.gov federal contract obligations,https://api.usaspending.gov/api/v2/search/spending_over_time/,2026-09-12,"4/4 quarters, obligations $0 / revenue $8316000000"
WEC,2022,0.0,SEC XBRL quarterly revenue + USASpending.gov federal contract obligations,https://api.usaspending.gov/api/v2/search/spending_over_time/,2026-09-12,"4/4 quarters, obligations $0 / revenue $9597400000"
WEC,2023,0.0,SEC XBRL quarterly revenue + USASpending.gov federal contract obligations,https://api.usaspending.gov/api/v2/search/spending_over_time/,2026-09-12,"4/4 quarters, obligations $0 / revenue $8893000000"
WEC,2024,0.0,SEC XBRL quarterly revenue + USASpending.gov federal contract obligations,https://api.usaspending.gov/api/v2/search/spending_over_time/,2026-09-12,"4/4 quarters, obligations $37853 / revenue $8599900000"
WEC,2025,0.0,SEC XBRL quarterly revenue + USASpending.gov federal contract obligations,https://api.usaspending.gov/api/v2/search/spending_over_time/,2026-09-12,"4/4 quarters, obligations $270224 / revenue $9800100000"
WFC,2018,0.0,SEC XBRL quarterly revenue + USASpending.gov federal contract obligations,https://api.usaspending.gov/api/v2/search/spending_over_time/,2026-09-12,"4/4 quarters, obligations $0 / revenue $86408000000"
WFC,2019,0.0,SEC XBRL quarterly revenue + USASpending.gov federal contract obligations,https://api.usaspending.gov/api/v2/search/spending_over_time/,2026-09-12,"4/4 quarters, obligations $0 / revenue $85063000000"
WFC,2020,0.0,SEC XBRL quarterly revenue + USASpending.gov federal contract obligations,https://api.usaspending.gov/api/v2/search/spending_over_time/,2026-09-12,"3/4 quarters, obligations $0 / revenue $54415000000"
WM,2018,0.0009,SEC XBRL quarterly revenue + USASpending.gov federal contract obligations,https://api.usaspending.gov/api/v2/search/spending_over_time/,2026-09-12,"4/4 quarters, obligations $12852884 / revenue $14914000000"
WM,2019,0.0007,SEC XBRL quarterly revenue + USASpending.gov federal contract obligations,https://api.usaspending.gov/api/v2/search/spending_over_time/,2026-09-12,"4/4 quarters, obligations $11057214 / revenue $15455000000"
WM,2020,0.0009,SEC XBRL quarterly revenue + USASpending.gov federal contract obligations,https://api.usaspending.gov/api/v2/search/spending_over_time/,2026-09-12,"4/4 quarters, obligations $14328996 / revenue $15218000000"
WM,2021,0.0008,SEC XBRL quarterly revenue + USASpending.gov federal contract obligations,https://api.usaspending.gov/api/v2/search/spending_over_time/,2026-09-12,"4/4 quarters, obligations $14839624 / revenue $17931000000"
WM,2022,0.0009,SEC XBRL quarterly revenue + USASpending.gov federal contract obligations,https://api.usaspending.gov/api/v2/search/spending_over_time/,2026-09-12,"4/4 quarters, obligations $17591506 / revenue $19698000000"
WM,2023,0.0008,SEC XBRL quarterly revenue + USASpending.gov federal contract obligations,https://api.usaspending.gov/api/v2/search/spending_over_time/,2026-09-12,"4/4 quarters, obligations $16451897 / revenue $20426000000"
WM,2024,0.0006,SEC XBRL quarterly revenue + USASpending.gov federal contract obligations,https://api.usaspending.gov/api/v2/search/spending_over_time/,2026-09-12,"4/4 quarters, obligations $13612787 / revenue $22063000000"
WM,2025,0.0004,SEC XBRL quarterly revenue + USASpending.gov federal contract obligations,https://api.usaspending.gov/api/v2/search/spending_over_time/,2026-09-12,"4/4 quarters, obligations $10475902 / revenue $25204000000"
WMB,2018,0.0,SEC XBRL quarterly revenue + USASpending.gov federal contract obligations,https://api.usaspending.gov/api/v2/search/spending_over_time/,2026-09-12,"4/4 quarters, obligations $0 / revenue $8604000000"
WMB,2019,0.0,SEC XBRL quarterly revenue + USASpending.gov federal contract obligations,https://api.usaspending.gov/api/v2/search/spending_over_time/,2026-09-12,"4/4 quarters, obligations $0 / revenue $8140000000"
WMB,2020,0.0,SEC XBRL quarterly revenue + USASpending.gov federal contract obligations,https://api.usaspending.gov/api/v2/search/spending_over_time/,2026-09-12,"4/4 quarters, obligations $0 / revenue $7653000000"
WMB,2021,0.0,SEC XBRL quarterly revenue + USASpending.gov federal contract obligations,https://api.usaspending.gov/api/v2/search/spending_over_time/,2026-09-12,"4/4 quarters, obligations $0 / revenue $12784000000"
WMB,2022,0.0,SEC XBRL quarterly revenue + USASpending.gov federal contract obligations,https://api.usaspending.gov/api/v2/search/spending_over_time/,2026-09-12,"4/4 quarters, obligations $0 / revenue $17773000000"
WMB,2023,0.0,SEC XBRL quarterly revenue + USASpending.gov federal contract obligations,https://api.usaspending.gov/api/v2/search/spending_over_time/,2026-09-12,"4/4 quarters, obligations $0 / revenue $11996000000"
WMB,2024,0.0,SEC XBRL quarterly revenue + USASpending.gov federal contract obligations,https://api.usaspending.gov/api/v2/search/spending_over_time/,2026-09-12,"4/4 quarters, obligations $0 / revenue $12632000000"
WMB,2025,0.0,SEC XBRL quarterly revenue + USASpending.gov federal contract obligations,https://api.usaspending.gov/api/v2/search/spending_over_time/,2026-09-12,"4/4 quarters, obligations $0 / revenue $14899000000"
WMT,2018,0.0,SEC XBRL quarterly revenue + USASpending.gov federal contract obligations,https://api.usaspending.gov/api/v2/search/spending_over_time/,2026-09-12,"4/4 quarters, obligations $0 / revenue $507736000000"
WMT,2019,0.0,SEC XBRL quarterly revenue + USASpending.gov federal contract obligations,https://api.usaspending.gov/api/v2/search/spending_over_time/,2026-09-12,"4/4 quarters, obligations $0 / revenue $517061000000"
WMT,2020,0.0,SEC XBRL quarterly revenue + USASpending.gov federal contract obligations,https://api.usaspending.gov/api/v2/search/spending_over_time/,2026-09-12,"4/4 quarters, obligations $0 / revenue $544856000000"
WMT,2021,0.0,SEC XBRL quarterly revenue + USASpending.gov federal contract obligations,https://api.usaspending.gov/api/v2/search/spending_over_time/,2026-09-12,"4/4 quarters, obligations $0 / revenue $567222000000"
WMT,2022,0.0,SEC XBRL quarterly revenue + USASpending.gov federal contract obligations,https://api.usaspending.gov/api/v2/search/spending_over_time/,2026-09-12,"4/4 quarters, obligations $0 / revenue $594663000000"
WMT,2023,0.0,SEC XBRL quarterly revenue + USASpending.gov federal contract obligations,https://api.usaspending.gov/api/v2/search/spending_over_time/,2026-09-12,"4/4 quarters, obligations $0 / revenue $633466000000"
WMT,2024,0.0,SEC XBRL quarterly revenue + USASpending.gov federal contract obligations,https://api.usaspending.gov/api/v2/search/spending_over_time/,2026-09-12,"4/4 quarters, obligations $0 / revenue $667622000000"
WMT,2025,0.0,SEC XBRL quarterly revenue + USASpending.gov federal contract obligations,https://api.usaspending.gov/api/v2/search/spending_over_time/,2026-09-12,"4/4 quarters, obligations $0 / revenue $696330000000"
WRB,2018,0.0,SEC XBRL quarterly revenue + USASpending.gov federal contract obligations,https://api.usaspending.gov/api/v2/search/spending_over_time/,2026-09-12,"4/4 quarters, obligations $0 / revenue $7691651000"
WRB,2019,0.0,SEC XBRL quarterly revenue + USASpending.gov federal contract obligations,https://api.usaspending.gov/api/v2/search/spending_over_time/,2026-09-12,"4/4 quarters, obligations $0 / revenue $2196184000"
WRB,2020,0.0,SEC XBRL quarterly revenue + USASpending.gov federal contract obligations,https://api.usaspending.gov/api/v2/search/spending_over_time/,2026-09-12,"4/4 quarters, obligations $0 / revenue $358253000"
WRB,2021,0.0,SEC XBRL quarterly revenue + USASpending.gov federal contract obligations,https://api.usaspending.gov/api/v2/search/spending_over_time/,2026-09-12,"4/4 quarters, obligations $0 / revenue $449739000"
WRB,2022,0.0,SEC XBRL quarterly revenue + USASpending.gov federal contract obligations,https://api.usaspending.gov/api/v2/search/spending_over_time/,2026-09-12,"4/4 quarters, obligations $0 / revenue $477437000"
WRB,2023,0.0,SEC XBRL quarterly revenue + USASpending.gov federal contract obligations,https://api.usaspending.gov/api/v2/search/spending_over_time/,2026-09-12,"4/4 quarters, obligations $0 / revenue $471841000"
WRB,2024,0.0,SEC XBRL quarterly revenue + USASpending.gov federal contract obligations,https://api.usaspending.gov/api/v2/search/spending_over_time/,2026-09-12,"4/4 quarters, obligations $0 / revenue $505753000"
WRB,2025,0.0,SEC XBRL quarterly revenue + USASpending.gov federal contract obligations,https://api.usaspending.gov/api/v2/search/spending_over_time/,2026-09-12,"4/4 quarters, obligations $0 / revenue $555763000"
WSM,2018,0.0,SEC XBRL quarterly revenue + USASpending.gov federal contract obligations,https://api.usaspending.gov/api/v2/search/spending_over_time/,2026-09-12,"4/4 quarters, obligations $0 / revenue $5515067000"
WSM,2019,0.0,SEC XBRL quarterly revenue + USASpending.gov federal contract obligations,https://api.usaspending.gov/api/v2/search/spending_over_time/,2026-09-12,"4/4 quarters, obligations $0 / revenue $5890854000"
WSM,2020,0.0,SEC XBRL quarterly revenue + USASpending.gov federal contract obligations,https://api.usaspending.gov/api/v2/search/spending_over_time/,2026-09-12,"4/4 quarters, obligations $0 / revenue $6334106000"
WSM,2021,0.0,SEC XBRL quarterly revenue + USASpending.gov federal contract obligations,https://api.usaspending.gov/api/v2/search/spending_over_time/,2026-09-12,"4/4 quarters, obligations $0 / revenue $8037580000"
WSM,2022,0.0,SEC XBRL quarterly revenue + USASpending.gov federal contract obligations,https://api.usaspending.gov/api/v2/search/spending_over_time/,2026-09-12,"4/4 quarters, obligations $0 / revenue $8722367000"
WSM,2023,0.0,SEC XBRL quarterly revenue + USASpending.gov federal contract obligations,https://api.usaspending.gov/api/v2/search/spending_over_time/,2026-09-12,"4/4 quarters, obligations $0 / revenue $7924794000"
WSM,2024,0.0,SEC XBRL quarterly revenue + USASpending.gov federal contract obligations,https://api.usaspending.gov/api/v2/search/spending_over_time/,2026-09-12,"4/4 quarters, obligations $0 / revenue $7528260000"
WSM,2025,0.0,SEC XBRL quarterly revenue + USASpending.gov federal contract obligations,https://api.usaspending.gov/api/v2/search/spending_over_time/,2026-09-12,"4/4 quarters, obligations $0 / revenue $7911905000"
WST,2018,0.0,SEC XBRL quarterly revenue + USASpending.gov federal contract obligations,https://api.usaspending.gov/api/v2/search/spending_over_time/,2026-09-12,"4/4 quarters, obligations $-1 / revenue $1717400000"
WST,2019,0.0,SEC XBRL quarterly revenue + USASpending.gov federal contract obligations,https://api.usaspending.gov/api/v2/search/spending_over_time/,2026-09-12,"4/4 quarters, obligations $22215 / revenue $1839900000"
WST,2020,0.0001,SEC XBRL quarterly revenue + USASpending.gov federal contract obligations,https://api.usaspending.gov/api/v2/search/spending_over_time/,2026-09-12,"4/4 quarters, obligations $113789 / revenue $2146900000"
WST,2021,0.0,SEC XBRL quarterly revenue + USASpending.gov federal contract obligations,https://api.usaspending.gov/api/v2/search/spending_over_time/,2026-09-12,"4/4 quarters, obligations $0 / revenue $2831600000"
WST,2022,0.0,SEC XBRL quarterly revenue + USASpending.gov federal contract obligations,https://api.usaspending.gov/api/v2/search/spending_over_time/,2026-09-12,"4/4 quarters, obligations $0 / revenue $2886900000"
WST,2023,0.0,SEC XBRL quarterly revenue + USASpending.gov federal contract obligations,https://api.usaspending.gov/api/v2/search/spending_over_time/,2026-09-12,"4/4 quarters, obligations $0 / revenue $2949800000"
WST,2024,0.0,SEC XBRL quarterly revenue + USASpending.gov federal contract obligations,https://api.usaspending.gov/api/v2/search/spending_over_time/,2026-09-12,"4/4 quarters, obligations $0 / revenue $2893200000"
WST,2025,0.0,SEC XBRL quarterly revenue + USASpending.gov federal contract obligations,https://api.usaspending.gov/api/v2/search/spending_over_time/,2026-09-12,"4/4 quarters, obligations $0 / revenue $3074100000"
WTW,2018,0.0,SEC XBRL quarterly revenue + USASpending.gov federal contract obligations,https://api.usaspending.gov/api/v2/search/spending_over_time/,2026-09-12,"4/4 quarters, obligations $219066 / revenue $8513000000"
WTW,2019,0.0001,SEC XBRL quarterly revenue + USASpending.gov federal contract obligations,https://api.usaspending.gov/api/v2/search/spending_over_time/,2026-09-12,"4/4 quarters, obligations $1036456 / revenue $8972000000"
WTW,2020,0.0005,SEC XBRL quarterly revenue + USASpending.gov federal contract obligations,https://api.usaspending.gov/api/v2/search/spending_over_time/,2026-09-12,"4/4 quarters, obligations $4611206 / revenue $8615000000"
WTW,2021,0.0004,SEC XBRL quarterly revenue + USASpending.gov federal contract obligations,https://api.usaspending.gov/api/v2/search/spending_over_time/,2026-09-12,"4/4 quarters, obligations $3661629 / revenue $8998000000"
WTW,2022,0.0001,SEC XBRL quarterly revenue + USASpending.gov federal contract obligations,https://api.usaspending.gov/api/v2/search/spending_over_time/,2026-09-12,"4/4 quarters, obligations $1102525 / revenue $8726000000"
WTW,2023,0.0,SEC XBRL quarterly revenue + USASpending.gov federal contract obligations,https://api.usaspending.gov/api/v2/search/spending_over_time/,2026-09-12,"4/4 quarters, obligations $456662 / revenue $9304000000"
WTW,2024,0.0001,SEC XBRL quarterly revenue + USASpending.gov federal contract obligations,https://api.usaspending.gov/api/v2/search/spending_over_time/,2026-09-12,"4/4 quarters, obligations $632952 / revenue $9739000000"
WTW,2025,0.0,SEC XBRL quarterly revenue + USASpending.gov federal contract obligations,https://api.usaspending.gov/api/v2/search/spending_over_time/,2026-09-12,"4/4 quarters, obligations $-94341 / revenue $9516000000"
WY,2018,0.0,SEC XBRL quarterly revenue + USASpending.gov federal contract obligations,https://api.usaspending.gov/api/v2/search/spending_over_time/,2026-09-12,"4/4 quarters, obligations $4060 / revenue $7476000000"
WY,2019,0.0,SEC XBRL quarterly revenue + USASpending.gov federal contract obligations,https://api.usaspending.gov/api/v2/search/spending_over_time/,2026-09-12,"4/4 quarters, obligations $0 / revenue $6554000000"
WY,2020,0.0,SEC XBRL quarterly revenue + USASpending.gov federal contract obligations,https://api.usaspending.gov/api/v2/search/spending_over_time/,2026-09-12,"4/4 quarters, obligations $8365 / revenue $7532000000"
WY,2021,0.0,SEC XBRL quarterly revenue + USASpending.gov federal contract obligations,https://api.usaspending.gov/api/v2/search/spending_over_time/,2026-09-12,"4/4 quarters, obligations $4308 / revenue $10201000000"
WY,2022,0.0,SEC XBRL quarterly revenue + USASpending.gov federal contract obligations,https://api.usaspending.gov/api/v2/search/spending_over_time/,2026-09-12,"4/4 quarters, obligations $0 / revenue $10184000000"
WY,2023,0.0,SEC XBRL quarterly revenue + USASpending.gov federal contract obligations,https://api.usaspending.gov/api/v2/search/spending_over_time/,2026-09-12,"4/4 quarters, obligations $6294 / revenue $7674000000"
WY,2024,0.0,SEC XBRL quarterly revenue + USASpending.gov federal contract obligations,https://api.usaspending.gov/api/v2/search/spending_over_time/,2026-09-12,"4/4 quarters, obligations $19000 / revenue $7124000000"
WY,2025,0.0,SEC XBRL quarterly revenue + USASpending.gov federal contract obligations,https://api.usaspending.gov/api/v2/search/spending_over_time/,2026-09-12,"4/4 quarters, obligations $5047 / revenue $6905000000"
WYNN,2018,0.0,SEC XBRL quarterly revenue + USASpending.gov federal contract obligations,https://api.usaspending.gov/api/v2/search/spending_over_time/,2026-09-12,"4/4 quarters, obligations $0 / revenue $6717660000"
WYNN,2019,0.0,SEC XBRL quarterly revenue + USASpending.gov federal contract obligations,https://api.usaspending.gov/api/v2/search/spending_over_time/,2026-09-12,"4/4 quarters, obligations $0 / revenue $6611099000"
WYNN,2020,0.0,SEC XBRL quarterly revenue + USASpending.gov federal contract obligations,https://api.usaspending.gov/api/v2/search/spending_over_time/,2026-09-12,"4/4 quarters, obligations $0 / revenue $2095861000"
WYNN,2021,0.0,SEC XBRL quarterly revenue + USASpending.gov federal contract obligations,https://api.usaspending.gov/api/v2/search/spending_over_time/,2026-09-12,"4/4 quarters, obligations $0 / revenue $3763664000"
WYNN,2022,0.0,SEC XBRL quarterly revenue + USASpending.gov federal contract obligations,https://api.usaspending.gov/api/v2/search/spending_over_time/,2026-09-12,"4/4 quarters, obligations $0 / revenue $3756825000"
WYNN,2023,0.0,SEC XBRL quarterly revenue + USASpending.gov federal contract obligations,https://api.usaspending.gov/api/v2/search/spending_over_time/,2026-09-12,"4/4 quarters, obligations $0 / revenue $6531897000"
WYNN,2024,0.0,SEC XBRL quarterly revenue + USASpending.gov federal contract obligations,https://api.usaspending.gov/api/v2/search/spending_over_time/,2026-09-12,"4/4 quarters, obligations $0 / revenue $7127961000"
WYNN,2025,0.0,SEC XBRL quarterly revenue + USASpending.gov federal contract obligations,https://api.usaspending.gov/api/v2/search/spending_over_time/,2026-09-12,"4/4 quarters, obligations $0 / revenue $7137924000"
XEL,2018,0.0014,SEC XBRL quarterly revenue + USASpending.gov federal contract obligations,https://api.usaspending.gov/api/v2/search/spending_over_time/,2026-09-12,"4/4 quarters, obligations $15942463 / revenue $11537000000"
XEL,2019,0.0016,SEC XBRL quarterly revenue + USASpending.gov federal contract obligations,https://api.usaspending.gov/api/v2/search/spending_over_time/,2026-09-12,"3/4 quarters, obligations $14018785 / revenue $8731000000"
XYL,2018,0.003,SEC XBRL quarterly revenue + USASpending.gov federal contract obligations,https://api.usaspending.gov/api/v2/search/spending_over_time/,2026-09-12,"4/4 quarters, obligations $15800196 / revenue $5207000000"
XYL,2019,0.0021,SEC XBRL quarterly revenue + USASpending.gov federal contract obligations,https://api.usaspending.gov/api/v2/search/spending_over_time/,2026-09-12,"4/4 quarters, obligations $11257035 / revenue $5249000000"
XYL,2020,0.0026,SEC XBRL quarterly revenue + USASpending.gov federal contract obligations,https://api.usaspending.gov/api/v2/search/spending_over_time/,2026-09-12,"4/4 quarters, obligations $12466236 / revenue $4731000000"
XYL,2021,0.0026,SEC XBRL quarterly revenue + USASpending.gov federal contract obligations,https://api.usaspending.gov/api/v2/search/spending_over_time/,2026-09-12,"4/4 quarters, obligations $13605842 / revenue $5195000000"
XYL,2022,0.0023,SEC XBRL quarterly revenue + USASpending.gov federal contract obligations,https://api.usaspending.gov/api/v2/search/spending_over_time/,2026-09-12,"4/4 quarters, obligations $12519659 / revenue $5522000000"
XYL,2023,0.0016,SEC XBRL quarterly revenue + USASpending.gov federal contract obligations,https://api.usaspending.gov/api/v2/search/spending_over_time/,2026-09-12,"4/4 quarters, obligations $12018627 / revenue $7364000000"
XYL,2024,0.0002,SEC XBRL quarterly revenue + USASpending.gov federal contract obligations,https://api.usaspending.gov/api/v2/search/spending_over_time/,2026-09-12,"4/4 quarters, obligations $1950766 / revenue $8562000000"
XYL,2025,0.0001,SEC XBRL quarterly revenue + USASpending.gov federal contract obligations,https://api.usaspending.gov/api/v2/search/spending_over_time/,2026-09-12,"4/4 quarters, obligations $980281 / revenue $9035000000"
XYZ,2018,0.0019,SEC XBRL quarterly revenue + USASpending.gov federal contract obligations,https://api.usaspending.gov/api/v2/search/spending_over_time/,2026-09-12,"4/4 quarters, obligations $6131862 / revenue $3298177000"
XYZ,2019,0.001,SEC XBRL quarterly revenue + USASpending.gov federal contract obligations,https://api.usaspending.gov/api/v2/search/spending_over_time/,2026-09-12,"4/4 quarters, obligations $4826192 / revenue $4713500000"
XYZ,2020,0.0005,SEC XBRL quarterly revenue + USASpending.gov federal contract obligations,https://api.usaspending.gov/api/v2/search/spending_over_time/,2026-09-12,"4/4 quarters, obligations $5135673 / revenue $9497578000"
XYZ,2021,0.0003,SEC XBRL quarterly revenue + USASpending.gov federal contract obligations,https://api.usaspending.gov/api/v2/search/spending_over_time/,2026-09-12,"4/4 quarters, obligations $5932609 / revenue $17661203000"
XYZ,2022,0.0001,SEC XBRL quarterly revenue + USASpending.gov federal contract obligations,https://api.usaspending.gov/api/v2/search/spending_over_time/,2026-09-12,"4/4 quarters, obligations $2252179 / revenue $17531587000"
XYZ,2023,0.0001,SEC XBRL quarterly revenue + USASpending.gov federal contract obligations,https://api.usaspending.gov/api/v2/search/spending_over_time/,2026-09-12,"4/4 quarters, obligations $1244703 / revenue $21915623000"
XYZ,2024,0.0003,SEC XBRL quarterly revenue + USASpending.gov federal contract obligations,https://api.usaspending.gov/api/v2/search/spending_over_time/,2026-09-12,"4/4 quarters, obligations $8201001 / revenue $24121053000"
XYZ,2025,0.0003,SEC XBRL quarterly revenue + USASpending.gov federal contract obligations,https://api.usaspending.gov/api/v2/search/spending_over_time/,2026-09-12,"4/4 quarters, obligations $6068059 / revenue $24193683000"
YUM,2018,0.0,SEC XBRL quarterly revenue + USASpending.gov federal contract obligations,https://api.usaspending.gov/api/v2/search/spending_over_time/,2026-09-12,"4/4 quarters, obligations $0 / revenue $5688000000"
YUM,2019,0.0,SEC XBRL quarterly revenue + USASpending.gov federal contract obligations,https://api.usaspending.gov/api/v2/search/spending_over_time/,2026-09-12,"4/4 quarters, obligations $0 / revenue $5597000000"
YUM,2020,0.0,SEC XBRL quarterly revenue + USASpending.gov federal contract obligations,https://api.usaspending.gov/api/v2/search/spending_over_time/,2026-09-12,"4/4 quarters, obligations $0 / revenue $5652000000"
YUM,2021,0.0,SEC XBRL quarterly revenue + USASpending.gov federal contract obligations,https://api.usaspending.gov/api/v2/search/spending_over_time/,2026-09-12,"4/4 quarters, obligations $0 / revenue $6584000000"
YUM,2022,0.0,SEC XBRL quarterly revenue + USASpending.gov federal contract obligations,https://api.usaspending.gov/api/v2/search/spending_over_time/,2026-09-12,"4/4 quarters, obligations $0 / revenue $6842000000"
YUM,2023,0.0,SEC XBRL quarterly revenue + USASpending.gov federal contract obligations,https://api.usaspending.gov/api/v2/search/spending_over_time/,2026-09-12,"4/4 quarters, obligations $0 / revenue $7076000000"
YUM,2024,0.0,SEC XBRL quarterly revenue + USASpending.gov federal contract obligations,https://api.usaspending.gov/api/v2/search/spending_over_time/,2026-09-12,"4/4 quarters, obligations $0 / revenue $7549000000"
YUM,2025,0.0,SEC XBRL quarterly revenue + USASpending.gov federal contract obligations,https://api.usaspending.gov/api/v2/search/spending_over_time/,2026-09-12,"4/4 quarters, obligations $0 / revenue $8214000000"
ZBH,2018,0.0065,SEC XBRL quarterly revenue + USASpending.gov federal contract obligations,https://api.usaspending.gov/api/v2/search/spending_over_time/,2026-09-12,"4/4 quarters, obligations $51176966 / revenue $7932900000"
ZBH,2019,0.0032,SEC XBRL quarterly revenue + USASpending.gov federal contract obligations,https://api.usaspending.gov/api/v2/search/spending_over_time/,2026-09-12,"4/4 quarters, obligations $25185685 / revenue $7982200000"
ZBH,2020,0.0035,SEC XBRL quarterly revenue + USASpending.gov federal contract obligations,https://api.usaspending.gov/api/v2/search/spending_over_time/,2026-09-12,"4/4 quarters, obligations $24906918 / revenue $7024500000"
ZBH,2021,0.005,SEC XBRL quarterly revenue + USASpending.gov federal contract obligations,https://api.usaspending.gov/api/v2/search/spending_over_time/,2026-09-12,"4/4 quarters, obligations $33829892 / revenue $6827300000"
ZBH,2022,0.0044,SEC XBRL quarterly revenue + USASpending.gov federal contract obligations,https://api.usaspending.gov/api/v2/search/spending_over_time/,2026-09-12,"4/4 quarters, obligations $30422825 / revenue $6939900000"
ZBH,2023,0.0048,SEC XBRL quarterly revenue + USASpending.gov federal contract obligations,https://api.usaspending.gov/api/v2/search/spending_over_time/,2026-09-12,"4/4 quarters, obligations $35548693 / revenue $7394200000"
ZBH,2024,0.0031,SEC XBRL quarterly revenue + USASpending.gov federal contract obligations,https://api.usaspending.gov/api/v2/search/spending_over_time/,2026-09-12,"4/4 quarters, obligations $23861296 / revenue $7678600000"
ZBH,2025,0.0029,SEC XBRL quarterly revenue + USASpending.gov federal contract obligations,https://api.usaspending.gov/api/v2/search/spending_over_time/,2026-09-12,"4/4 quarters, obligations $23734503 / revenue $8231500000"
ZBRA,2018,0.0,SEC XBRL quarterly revenue + USASpending.gov federal contract obligations,https://api.usaspending.gov/api/v2/search/spending_over_time/,2026-09-12,"4/4 quarters, obligations $0 / revenue $4218000000"
ZBRA,2019,0.0,SEC XBRL quarterly revenue + USASpending.gov federal contract obligations,https://api.usaspending.gov/api/v2/search/spending_over_time/,2026-09-12,"4/4 quarters, obligations $0 / revenue $4485000000"
ZBRA,2020,0.0,SEC XBRL quarterly revenue + USASpending.gov federal contract obligations,https://api.usaspending.gov/api/v2/search/spending_over_time/,2026-09-12,"4/4 quarters, obligations $521 / revenue $4448000000"
ZBRA,2021,0.0,SEC XBRL quarterly revenue + USASpending.gov federal contract obligations,https://api.usaspending.gov/api/v2/search/spending_over_time/,2026-09-12,"3/4 quarters, obligations $637 / revenue $4191000000"
ZBRA,2022,0.0,SEC XBRL quarterly revenue + USASpending.gov federal contract obligations,https://api.usaspending.gov/api/v2/search/spending_over_time/,2026-09-12,"3/4 quarters, obligations $-9725 / revenue $4403000000"
ZBRA,2023,0.0,SEC XBRL quarterly revenue + USASpending.gov federal contract obligations,https://api.usaspending.gov/api/v2/search/spending_over_time/,2026-09-12,"3/4 quarters, obligations $-48430 / revenue $3370000000"
ZBRA,2024,0.0,SEC XBRL quarterly revenue + USASpending.gov federal contract obligations,https://api.usaspending.gov/api/v2/search/spending_over_time/,2026-09-12,"4/4 quarters, obligations $0 / revenue $4981000000"
ZBRA,2025,0.0,SEC XBRL quarterly revenue + USASpending.gov federal contract obligations,https://api.usaspending.gov/api/v2/search/spending_over_time/,2026-09-12,"4/4 quarters, obligations $-726 / revenue $5396000000"
ZTS,2018,0.0003,SEC XBRL quarterly revenue + USASpending.gov federal contract obligations,https://api.usaspending.gov/api/v2/search/spending_over_time/,2026-09-12,"4/4 quarters, obligations $1523880 / revenue $5825000000"
ZTS,2019,0.0008,SEC XBRL quarterly revenue + USASpending.gov federal contract obligations,https://api.usaspending.gov/api/v2/search/spending_over_time/,2026-09-12,"4/4 quarters, obligations $4707243 / revenue $6260000000"
ZTS,2020,0.0001,SEC XBRL quarterly revenue + USASpending.gov federal contract obligations,https://api.usaspending.gov/api/v2/search/spending_over_time/,2026-09-12,"4/4 quarters, obligations $913734 / revenue $6675000000"
ZTS,2021,0.0001,SEC XBRL quarterly revenue + USASpending.gov federal contract obligations,https://api.usaspending.gov/api/v2/search/spending_over_time/,2026-09-12,"4/4 quarters, obligations $665795 / revenue $7776000000"
ZTS,2022,0.0004,SEC XBRL quarterly revenue + USASpending.gov federal contract obligations,https://api.usaspending.gov/api/v2/search/spending_over_time/,2026-09-12,"4/4 quarters, obligations $3444615 / revenue $8080000000"
ZTS,2023,0.0001,SEC XBRL quarterly revenue + USASpending.gov federal contract obligations,https://api.usaspending.gov/api/v2/search/spending_over_time/,2026-09-12,"4/4 quarters, obligations $796458 / revenue $8544000000"
ZTS,2024,0.0001,SEC XBRL quarterly revenue + USASpending.gov federal contract obligations,https://api.usaspending.gov/api/v2/search/spending_over_time/,2026-09-12,"4/4 quarters, obligations $746182 / revenue $9256000000"
ZTS,2025,0.0001,SEC XBRL quarterly revenue + USASpending.gov federal contract obligations,https://api.usaspending.gov/api/v2/search/spending_over_time/,2026-09-12,"4/4 quarters, obligations $550855 / revenue $9467000000"
