ticker,year,value,source,source_url,retrieved,note
A,2026,4,SBTi Target Dashboard,https://files.sciencebasedtargets.org/production/files/companies-excel.xlsx,2026-09-13,"SBTi 'Agilent Technologies, Inc' (sbti_id 40012876, matched by isin): near_term=Targets set 1.5°C; net_zero=Targets set; date_updated 2023-10-12"
AAPL,2026,3,SBTi Target Dashboard,https://files.sciencebasedtargets.org/production/files/companies-excel.xlsx,2026-09-13,"SBTi 'Apple, Inc.' (sbti_id 40003329, matched by isin): near_term=Targets set 1.5°C; net_zero=-; date_updated 2021-05-06"
ABBV,2026,3,SBTi Target Dashboard,https://files.sciencebasedtargets.org/production/files/companies-excel.xlsx,2026-09-13,"SBTi 'AbbVie' (sbti_id 40009630, matched by isin): near_term=Targets set 1.5°C; net_zero=-; date_updated 2023-04-27"
ABNB,2026,3,SBTi Target Dashboard,https://files.sciencebasedtargets.org/production/files/companies-excel.xlsx,2026-09-13,"SBTi 'Airbnb, Inc' (sbti_id 40002346, matched by isin): near_term=Targets set 1.5°C; net_zero=-; date_updated 2022-10-20"
ABT,2026,2,SBTi Target Dashboard,https://files.sciencebasedtargets.org/production/files/companies-excel.xlsx,2026-09-13,"SBTi 'Abbott' (sbti_id 40011504, matched by isin): near_term=Targets set Well-below 2°C; net_zero=-; date_updated 2022-09-29"
ACGL,2026,0,SBTi Target Dashboard,https://files.sciencebasedtargets.org/production/files/companies-excel.xlsx,2026-09-13,not listed on SBTi dashboard on 2026-09-13
ACN,2026,4,SBTi Target Dashboard,https://files.sciencebasedtargets.org/production/files/companies-excel.xlsx,2026-09-13,"SBTi 'Accenture' (sbti_id 40001698, matched by isin): near_term=Targets set 1.5°C; net_zero=Targets set; date_updated 2024-06-13"
ADBE,2026,4,SBTi Target Dashboard,https://files.sciencebasedtargets.org/production/files/companies-excel.xlsx,2026-09-13,"SBTi 'Adobe, Inc.' (sbti_id 40002432, matched by isin): near_term=Targets set 1.5°C; net_zero=Targets set; date_updated 2024-08-08"
ADI,2026,3,SBTi Target Dashboard,https://files.sciencebasedtargets.org/production/files/companies-excel.xlsx,2026-09-13,"SBTi 'Analog Devices, Inc.' (sbti_id 40000069, matched by isin): near_term=Targets set 1.5°C; net_zero=Commitment removed; date_updated 2021-07-15"
ADM,2026,0,SBTi Target Dashboard,https://files.sciencebasedtargets.org/production/files/companies-excel.xlsx,2026-09-13,"SBTi 'Archer Daniels Midland' (sbti_id 40002338, matched by isin): near_term=Commitment removed; net_zero=-; date_updated 2022-04-28"
ADP,2026,0,SBTi Target Dashboard,https://files.sciencebasedtargets.org/production/files/companies-excel.xlsx,2026-09-13,not listed on SBTi dashboard on 2026-09-13
ADSK,2026,3,SBTi Target Dashboard,https://files.sciencebasedtargets.org/production/files/companies-excel.xlsx,2026-09-13,"SBTi 'Autodesk, Inc.' (sbti_id 40006055, matched by isin): near_term=Targets set 1.5°C; net_zero=-; date_updated 2021-11-04"
AEE,2026,0,SBTi Target Dashboard,https://files.sciencebasedtargets.org/production/files/companies-excel.xlsx,2026-09-13,not listed on SBTi dashboard on 2026-09-13
AEP,2026,0,SBTi Target Dashboard,https://files.sciencebasedtargets.org/production/files/companies-excel.xlsx,2026-09-13,not listed on SBTi dashboard on 2026-09-13
AES,2026,0,SBTi Target Dashboard,https://files.sciencebasedtargets.org/production/files/companies-excel.xlsx,2026-09-13,not listed on SBTi dashboard on 2026-09-13
AFL,2026,0,SBTi Target Dashboard,https://files.sciencebasedtargets.org/production/files/companies-excel.xlsx,2026-09-13,not listed on SBTi dashboard on 2026-09-13
AIG,2026,0,SBTi Target Dashboard,https://files.sciencebasedtargets.org/production/files/companies-excel.xlsx,2026-09-13,not listed on SBTi dashboard on 2026-09-13
AIZ,2026,0,SBTi Target Dashboard,https://files.sciencebasedtargets.org/production/files/companies-excel.xlsx,2026-09-13,not listed on SBTi dashboard on 2026-09-13
AJG,2026,0,SBTi Target Dashboard,https://files.sciencebasedtargets.org/production/files/companies-excel.xlsx,2026-09-13,not listed on SBTi dashboard on 2026-09-13
AKAM,2026,0,SBTi Target Dashboard,https://files.sciencebasedtargets.org/production/files/companies-excel.xlsx,2026-09-13,"SBTi 'Akamai Technologies INC' (sbti_id 40008538, matched by isin): near_term=Commitment removed; net_zero=Commitment removed; date_updated 2021-09-23"
ALB,2026,0,SBTi Target Dashboard,https://files.sciencebasedtargets.org/production/files/companies-excel.xlsx,2026-09-13,not listed on SBTi dashboard on 2026-09-13
ALGN,2026,0,SBTi Target Dashboard,https://files.sciencebasedtargets.org/production/files/companies-excel.xlsx,2026-09-13,not listed on SBTi dashboard on 2026-09-13
ALL,2026,0,SBTi Target Dashboard,https://files.sciencebasedtargets.org/production/files/companies-excel.xlsx,2026-09-13,not listed on SBTi dashboard on 2026-09-13
ALLE,2026,0,SBTi Target Dashboard,https://files.sciencebasedtargets.org/production/files/companies-excel.xlsx,2026-09-13,not listed on SBTi dashboard on 2026-09-13
AMAT,2026,3,SBTi Target Dashboard,https://files.sciencebasedtargets.org/production/files/companies-excel.xlsx,2026-09-13,"SBTi 'Applied Materials' (sbti_id 40007245, matched by isin): near_term=Targets set 1.5°C; net_zero=-; date_updated 2023-11-30"
AMCR,2026,4,SBTi Target Dashboard,https://files.sciencebasedtargets.org/production/files/companies-excel.xlsx,2026-09-13,"SBTi 'Amcor plc' (sbti_id 40001916, matched by name): near_term=Targets set 1.5°C; net_zero=Targets set; date_updated 2025-12-04"
AMD,2026,2,SBTi Target Dashboard,https://files.sciencebasedtargets.org/production/files/companies-excel.xlsx,2026-09-13,"SBTi 'Advanced Micro Devices, Inc' (sbti_id 40015387, matched by isin): near_term=Targets set Well-below 2°C; net_zero=-; date_updated 2016-06-27"
AME,2026,0,SBTi Target Dashboard,https://files.sciencebasedtargets.org/production/files/companies-excel.xlsx,2026-09-13,not listed on SBTi dashboard on 2026-09-13
AMGN,2026,3,SBTi Target Dashboard,https://files.sciencebasedtargets.org/production/files/companies-excel.xlsx,2026-09-13,"SBTi 'Amgen Inc.' (sbti_id 40013586, matched by name): near_term=Targets set 1.5°C; net_zero=-; date_updated 2022-09-22"
AMP,2026,0,SBTi Target Dashboard,https://files.sciencebasedtargets.org/production/files/companies-excel.xlsx,2026-09-13,not listed on SBTi dashboard on 2026-09-13
AMT,2026,2,SBTi Target Dashboard,https://files.sciencebasedtargets.org/production/files/companies-excel.xlsx,2026-09-13,"SBTi 'American Tower Corporation' (sbti_id 40002602, matched by isin): near_term=Targets set Well-below 2°C; net_zero=-; date_updated 2021-10-28"
AMZN,2026,0,SBTi Target Dashboard,https://files.sciencebasedtargets.org/production/files/companies-excel.xlsx,2026-09-13,"SBTi 'Amazon' (sbti_id 40010768, matched by isin): near_term=Commitment removed; net_zero=-; date_updated 2020-06-18"
ANET,2026,4,SBTi Target Dashboard,https://files.sciencebasedtargets.org/production/files/companies-excel.xlsx,2026-09-13,"SBTi 'Arista Networks, Inc.' (sbti_id 40016903, matched by name): near_term=Targets set 1.5°C; net_zero=Targets set; date_updated 2025-04-24"
AON,2026,3,SBTi Target Dashboard,https://files.sciencebasedtargets.org/production/files/companies-excel.xlsx,2026-09-13,"SBTi 'Aon plc' (sbti_id 40010894, matched by isin): near_term=Targets set 1.5°C; net_zero=-; date_updated 2023-05-25"
AOS,2026,0,SBTi Target Dashboard,https://files.sciencebasedtargets.org/production/files/companies-excel.xlsx,2026-09-13,not listed on SBTi dashboard on 2026-09-13
APA,2026,0,SBTi Target Dashboard,https://files.sciencebasedtargets.org/production/files/companies-excel.xlsx,2026-09-13,not listed on SBTi dashboard on 2026-09-13
APD,2026,0,SBTi Target Dashboard,https://files.sciencebasedtargets.org/production/files/companies-excel.xlsx,2026-09-13,not listed on SBTi dashboard on 2026-09-13
APH,2026,0,SBTi Target Dashboard,https://files.sciencebasedtargets.org/production/files/companies-excel.xlsx,2026-09-13,not listed on SBTi dashboard on 2026-09-13
APO,2026,0,SBTi Target Dashboard,https://files.sciencebasedtargets.org/production/files/companies-excel.xlsx,2026-09-13,not listed on SBTi dashboard on 2026-09-13
APP,2026,0,SBTi Target Dashboard,https://files.sciencebasedtargets.org/production/files/companies-excel.xlsx,2026-09-13,not listed on SBTi dashboard on 2026-09-13
APTV,2026,3,SBTi Target Dashboard,https://files.sciencebasedtargets.org/production/files/companies-excel.xlsx,2026-09-13,"SBTi 'Aptiv PLC' (sbti_id 40005379, matched by name): near_term=Targets set 1.5°C; net_zero=-; date_updated 2023-12-07"
ARE,2026,0,SBTi Target Dashboard,https://files.sciencebasedtargets.org/production/files/companies-excel.xlsx,2026-09-13,not listed on SBTi dashboard on 2026-09-13
ARES,2026,0,SBTi Target Dashboard,https://files.sciencebasedtargets.org/production/files/companies-excel.xlsx,2026-09-13,not listed on SBTi dashboard on 2026-09-13
ATO,2026,0,SBTi Target Dashboard,https://files.sciencebasedtargets.org/production/files/companies-excel.xlsx,2026-09-13,not listed on SBTi dashboard on 2026-09-13
AVGO,2026,0,SBTi Target Dashboard,https://files.sciencebasedtargets.org/production/files/companies-excel.xlsx,2026-09-13,"SBTi 'Broadcom Inc.' (sbti_id 40004565, matched by isin): near_term=Commitment removed; net_zero=-; date_updated 2024-02-29"
AVY,2026,3,SBTi Target Dashboard,https://files.sciencebasedtargets.org/production/files/companies-excel.xlsx,2026-09-13,"SBTi 'Avery Dennison Corporation' (sbti_id 40009028, matched by isin): near_term=Targets set 1.5°C; net_zero=-; date_updated 2021-10-21"
AWK,2026,0,SBTi Target Dashboard,https://files.sciencebasedtargets.org/production/files/companies-excel.xlsx,2026-09-13,not listed on SBTi dashboard on 2026-09-13
AXON,2026,0,SBTi Target Dashboard,https://files.sciencebasedtargets.org/production/files/companies-excel.xlsx,2026-09-13,not listed on SBTi dashboard on 2026-09-13
AXP,2026,4,SBTi Target Dashboard,https://files.sciencebasedtargets.org/production/files/companies-excel.xlsx,2026-09-13,"SBTi 'American Express Company' (sbti_id 40011545, matched by isin): near_term=Targets set 1.5°C; net_zero=Targets set; date_updated 2024-10-24"
AZO,2026,0,SBTi Target Dashboard,https://files.sciencebasedtargets.org/production/files/companies-excel.xlsx,2026-09-13,not listed on SBTi dashboard on 2026-09-13
BA,2026,0,SBTi Target Dashboard,https://files.sciencebasedtargets.org/production/files/companies-excel.xlsx,2026-09-13,not listed on SBTi dashboard on 2026-09-13
BAC,2026,0,SBTi Target Dashboard,https://files.sciencebasedtargets.org/production/files/companies-excel.xlsx,2026-09-13,not listed on SBTi dashboard on 2026-09-13
BALL,2026,3,SBTi Target Dashboard,https://files.sciencebasedtargets.org/production/files/companies-excel.xlsx,2026-09-13,"SBTi 'Ball Corporation' (sbti_id 40000783, matched by isin): near_term=Targets set 1.5°C; net_zero=-; date_updated 2020-04-23"
BAX,2026,0,SBTi Target Dashboard,https://files.sciencebasedtargets.org/production/files/companies-excel.xlsx,2026-09-13,not listed on SBTi dashboard on 2026-09-13
BBY,2026,3,SBTi Target Dashboard,https://files.sciencebasedtargets.org/production/files/companies-excel.xlsx,2026-09-13,"SBTi 'Best Buy Co., Inc.' (sbti_id 40002585, matched by isin): near_term=Targets set 1.5°C; net_zero=-; date_updated 2019-07-01"
BDX,2026,4,SBTi Target Dashboard,https://files.sciencebasedtargets.org/production/files/companies-excel.xlsx,2026-09-13,"SBTi 'BD (Becton, Dickinson & Company)' (sbti_id 40000251, matched by isin): near_term=Targets set 1.5°C; net_zero=Targets set; date_updated 2024-05-16"
BEN,2026,0,SBTi Target Dashboard,https://files.sciencebasedtargets.org/production/files/companies-excel.xlsx,2026-09-13,not listed on SBTi dashboard on 2026-09-13
BF.B,2026,0,SBTi Target Dashboard,https://files.sciencebasedtargets.org/production/files/companies-excel.xlsx,2026-09-13,not listed on SBTi dashboard on 2026-09-13
BG,2026,2,SBTi Target Dashboard,https://files.sciencebasedtargets.org/production/files/companies-excel.xlsx,2026-09-13,"SBTi 'Bunge Limited' (sbti_id 40012156, matched by manual): near_term=Targets set Well-below 2°C; net_zero=-; date_updated 2021-11-25; manual match: 'Bunge Limited' became Bunge Global SA (redomiciled 2023); ISIN retired"
BIIB,2026,0,SBTi Target Dashboard,https://files.sciencebasedtargets.org/production/files/companies-excel.xlsx,2026-09-13,"SBTi 'Biogen Inc.' (sbti_id 40008014, matched by isin): near_term=Commitment removed; net_zero=Commitment removed; date_updated 2020-09-01"
BKNG,2026,4,SBTi Target Dashboard,https://files.sciencebasedtargets.org/production/files/companies-excel.xlsx,2026-09-13,"SBTi 'Booking Holdings Inc.' (sbti_id 40003698, matched by isin): near_term=Targets set 1.5°C; net_zero=Targets set; date_updated 2024-03-07"
BKR,2026,0,SBTi Target Dashboard,https://files.sciencebasedtargets.org/production/files/companies-excel.xlsx,2026-09-13,not listed on SBTi dashboard on 2026-09-13
BLDR,2026,0,SBTi Target Dashboard,https://files.sciencebasedtargets.org/production/files/companies-excel.xlsx,2026-09-13,not listed on SBTi dashboard on 2026-09-13
BLK,2026,0,SBTi Target Dashboard,https://files.sciencebasedtargets.org/production/files/companies-excel.xlsx,2026-09-13,not listed on SBTi dashboard on 2026-09-13
BMY,2026,4,SBTi Target Dashboard,https://files.sciencebasedtargets.org/production/files/companies-excel.xlsx,2026-09-13,"SBTi 'Bristol Myers Squibb' (sbti_id 40001526, matched by isin): near_term=Targets set 1.5°C; net_zero=Targets set; date_updated 2024-07-18"
BNY,2026,0,SBTi Target Dashboard,https://files.sciencebasedtargets.org/production/files/companies-excel.xlsx,2026-09-13,not listed on SBTi dashboard on 2026-09-13
BR,2026,4,SBTi Target Dashboard,https://files.sciencebasedtargets.org/production/files/companies-excel.xlsx,2026-09-13,"SBTi 'Broadridge Financial Solutions, Inc.' (sbti_id 40002661, matched by isin): near_term=Targets set 1.5°C; net_zero=Targets set; date_updated 2025-01-09"
BRK.B,2026,0,SBTi Target Dashboard,https://files.sciencebasedtargets.org/production/files/companies-excel.xlsx,2026-09-13,not listed on SBTi dashboard on 2026-09-13
BRO,2026,0,SBTi Target Dashboard,https://files.sciencebasedtargets.org/production/files/companies-excel.xlsx,2026-09-13,not listed on SBTi dashboard on 2026-09-13
BSX,2026,4,SBTi Target Dashboard,https://files.sciencebasedtargets.org/production/files/companies-excel.xlsx,2026-09-13,"SBTi 'Boston Scientific Corporation' (sbti_id 40016069, matched by isin): near_term=Targets set 1.5°C; net_zero=Targets set; date_updated 2026-05-07"
BX,2026,0,SBTi Target Dashboard,https://files.sciencebasedtargets.org/production/files/companies-excel.xlsx,2026-09-13,not listed on SBTi dashboard on 2026-09-13
BXP,2026,3,SBTi Target Dashboard,https://files.sciencebasedtargets.org/production/files/companies-excel.xlsx,2026-09-13,"SBTi 'BXP' (sbti_id 40013023, matched by isin): near_term=Targets set 1.5°C; net_zero=Commitment removed; date_updated 2025-03-27"
C,2026,0,SBTi Target Dashboard,https://files.sciencebasedtargets.org/production/files/companies-excel.xlsx,2026-09-13,not listed on SBTi dashboard on 2026-09-13
CAH,2026,3,SBTi Target Dashboard,https://files.sciencebasedtargets.org/production/files/companies-excel.xlsx,2026-09-13,"SBTi 'Cardinal Health, Inc.' (sbti_id 40000125, matched by isin): near_term=Targets set 1.5°C; net_zero=-; date_updated 2024-03-14"
CARR,2026,4,SBTi Target Dashboard,https://files.sciencebasedtargets.org/production/files/companies-excel.xlsx,2026-09-13,"SBTi 'Carrier Global Corporation' (sbti_id 40008060, matched by isin): near_term=Targets set 1.5°C; net_zero=Targets set; date_updated 2024-06-13"
CASY,2026,0,SBTi Target Dashboard,https://files.sciencebasedtargets.org/production/files/companies-excel.xlsx,2026-09-13,not listed on SBTi dashboard on 2026-09-13
CAT,2026,0,SBTi Target Dashboard,https://files.sciencebasedtargets.org/production/files/companies-excel.xlsx,2026-09-13,not listed on SBTi dashboard on 2026-09-13
CB,2026,0,SBTi Target Dashboard,https://files.sciencebasedtargets.org/production/files/companies-excel.xlsx,2026-09-13,not listed on SBTi dashboard on 2026-09-13
CBOE,2026,0,SBTi Target Dashboard,https://files.sciencebasedtargets.org/production/files/companies-excel.xlsx,2026-09-13,not listed on SBTi dashboard on 2026-09-13
CBRE,2026,4,SBTi Target Dashboard,https://files.sciencebasedtargets.org/production/files/companies-excel.xlsx,2026-09-13,"SBTi 'CBRE' (sbti_id 40005539, matched by isin): near_term=Targets set 1.5°C; net_zero=Targets set; date_updated 2024-12-05"
CCI,2026,0,SBTi Target Dashboard,https://files.sciencebasedtargets.org/production/files/companies-excel.xlsx,2026-09-13,not listed on SBTi dashboard on 2026-09-13
CCL,2026,0,SBTi Target Dashboard,https://files.sciencebasedtargets.org/production/files/companies-excel.xlsx,2026-09-13,not listed on SBTi dashboard on 2026-09-13
CDNS,2026,4,SBTi Target Dashboard,https://files.sciencebasedtargets.org/production/files/companies-excel.xlsx,2026-09-13,"SBTi 'Cadence Design Systems' (sbti_id 40014559, matched by isin): near_term=Targets set 1.5°C; net_zero=Targets set; date_updated 2024-08-15"
CDW,2026,3,SBTi Target Dashboard,https://files.sciencebasedtargets.org/production/files/companies-excel.xlsx,2026-09-13,"SBTi 'CDW Corporation' (sbti_id 40010913, matched by isin): near_term=Targets set 1.5°C; net_zero=-; date_updated 2024-11-28"
CEG,2026,0,SBTi Target Dashboard,https://files.sciencebasedtargets.org/production/files/companies-excel.xlsx,2026-09-13,not listed on SBTi dashboard on 2026-09-13
CF,2026,0,SBTi Target Dashboard,https://files.sciencebasedtargets.org/production/files/companies-excel.xlsx,2026-09-13,not listed on SBTi dashboard on 2026-09-13
CFG,2026,0,SBTi Target Dashboard,https://files.sciencebasedtargets.org/production/files/companies-excel.xlsx,2026-09-13,not listed on SBTi dashboard on 2026-09-13
CHD,2026,3,SBTi Target Dashboard,https://files.sciencebasedtargets.org/production/files/companies-excel.xlsx,2026-09-13,"SBTi 'Church & Dwight Co. Inc.' (sbti_id 40001594, matched by isin): near_term=Targets set 1.5°C; net_zero=-; date_updated 2022-08-04"
CHRW,2026,0,SBTi Target Dashboard,https://files.sciencebasedtargets.org/production/files/companies-excel.xlsx,2026-09-13,not listed on SBTi dashboard on 2026-09-13
CHTR,2026,0,SBTi Target Dashboard,https://files.sciencebasedtargets.org/production/files/companies-excel.xlsx,2026-09-13,not listed on SBTi dashboard on 2026-09-13
CI,2026,1,SBTi Target Dashboard,https://files.sciencebasedtargets.org/production/files/companies-excel.xlsx,2026-09-13,"SBTi 'The Cigna Group' (sbti_id 40013591, matched by isin): near_term=Committed; net_zero=-; date_updated 2024-05-02"
CIEN,2026,3,SBTi Target Dashboard,https://files.sciencebasedtargets.org/production/files/companies-excel.xlsx,2026-09-13,"SBTi 'Ciena Corporation' (sbti_id 40000064, matched by isin): near_term=Targets set 1.5°C; net_zero=-; date_updated 2023-08-31"
CINF,2026,0,SBTi Target Dashboard,https://files.sciencebasedtargets.org/production/files/companies-excel.xlsx,2026-09-13,not listed on SBTi dashboard on 2026-09-13
CL,2026,4,SBTi Target Dashboard,https://files.sciencebasedtargets.org/production/files/companies-excel.xlsx,2026-09-13,"SBTi 'Colgate Palmolive Company' (sbti_id 40013763, matched by isin): near_term=Targets set 1.5°C; net_zero=Targets set; date_updated 2022-10-06"
CLX,2026,3,SBTi Target Dashboard,https://files.sciencebasedtargets.org/production/files/companies-excel.xlsx,2026-09-13,"SBTi 'The Clorox Company' (sbti_id 40006501, matched by isin): near_term=Targets set 1.5°C; net_zero=Commitment removed; date_updated 2021-09-23"
CMCSA,2026,3,SBTi Target Dashboard,https://files.sciencebasedtargets.org/production/files/companies-excel.xlsx,2026-09-13,"SBTi 'Comcast' (sbti_id 40005901, matched by isin): near_term=Targets set 1.5°C; net_zero=-; date_updated 2025-04-24"
CME,2026,0,SBTi Target Dashboard,https://files.sciencebasedtargets.org/production/files/companies-excel.xlsx,2026-09-13,not listed on SBTi dashboard on 2026-09-13
CMG,2026,3,SBTi Target Dashboard,https://files.sciencebasedtargets.org/production/files/companies-excel.xlsx,2026-09-13,"SBTi 'Chipotle Mexican Grill, Inc.' (sbti_id 40011261, matched by isin): near_term=Targets set 1.5°C; net_zero=-; date_updated 2021-11-04"
CMI,2026,3,SBTi Target Dashboard,https://files.sciencebasedtargets.org/production/files/companies-excel.xlsx,2026-09-13,"SBTi 'Cummins' (sbti_id 40010401, matched by isin): near_term=Targets set 1.5°C; net_zero=-; date_updated 2021-10-14"
CMS,2026,0,SBTi Target Dashboard,https://files.sciencebasedtargets.org/production/files/companies-excel.xlsx,2026-09-13,not listed on SBTi dashboard on 2026-09-13
CNC,2026,0,SBTi Target Dashboard,https://files.sciencebasedtargets.org/production/files/companies-excel.xlsx,2026-09-13,not listed on SBTi dashboard on 2026-09-13
CNP,2026,0,SBTi Target Dashboard,https://files.sciencebasedtargets.org/production/files/companies-excel.xlsx,2026-09-13,not listed on SBTi dashboard on 2026-09-13
COF,2026,0,SBTi Target Dashboard,https://files.sciencebasedtargets.org/production/files/companies-excel.xlsx,2026-09-13,not listed on SBTi dashboard on 2026-09-13
COHR,2026,0,SBTi Target Dashboard,https://files.sciencebasedtargets.org/production/files/companies-excel.xlsx,2026-09-13,not listed on SBTi dashboard on 2026-09-13
COIN,2026,0,SBTi Target Dashboard,https://files.sciencebasedtargets.org/production/files/companies-excel.xlsx,2026-09-13,not listed on SBTi dashboard on 2026-09-13
COO,2026,0,SBTi Target Dashboard,https://files.sciencebasedtargets.org/production/files/companies-excel.xlsx,2026-09-13,not listed on SBTi dashboard on 2026-09-13
COP,2026,0,SBTi Target Dashboard,https://files.sciencebasedtargets.org/production/files/companies-excel.xlsx,2026-09-13,not listed on SBTi dashboard on 2026-09-13
COR,2026,3,SBTi Target Dashboard,https://files.sciencebasedtargets.org/production/files/companies-excel.xlsx,2026-09-13,"SBTi 'Cencora' (sbti_id 40001254, matched by isin): near_term=Targets set 1.5°C; net_zero=-; date_updated 2023-01-26"
COST,2026,0,SBTi Target Dashboard,https://files.sciencebasedtargets.org/production/files/companies-excel.xlsx,2026-09-13,not listed on SBTi dashboard on 2026-09-13
CPAY,2026,0,SBTi Target Dashboard,https://files.sciencebasedtargets.org/production/files/companies-excel.xlsx,2026-09-13,not listed on SBTi dashboard on 2026-09-13
CPRT,2026,0,SBTi Target Dashboard,https://files.sciencebasedtargets.org/production/files/companies-excel.xlsx,2026-09-13,"not listed on SBTi dashboard on 2026-09-13; its unit 'Copart UK Ltd' is listed (near_term=Targets set, net_zero=Commitment removed) but not counted - unit target only; Copart UK Limited is in Copart's 10-K Exhibit 21"
CPT,2026,0,SBTi Target Dashboard,https://files.sciencebasedtargets.org/production/files/companies-excel.xlsx,2026-09-13,not listed on SBTi dashboard on 2026-09-13
CRH,2026,3,SBTi Target Dashboard,https://files.sciencebasedtargets.org/production/files/companies-excel.xlsx,2026-09-13,"SBTi 'CRH plc' (sbti_id 40003836, matched by isin): near_term=Targets set 1.5°C; net_zero=-; date_updated 2023-03-02"
CRL,2026,3,SBTi Target Dashboard,https://files.sciencebasedtargets.org/production/files/companies-excel.xlsx,2026-09-13,"SBTi 'Charles River Laboratories, Inc.' (sbti_id 40001945, matched by isin): near_term=Targets set 1.5°C; net_zero=-; date_updated 2021-02-04"
CRM,2026,4,SBTi Target Dashboard,https://files.sciencebasedtargets.org/production/files/companies-excel.xlsx,2026-09-13,"SBTi 'Salesforce.com, Inc.' (sbti_id 40006395, matched by isin): near_term=Targets set 1.5°C; net_zero=Targets set; date_updated 2025-04-17"
CRWD,2026,3,SBTi Target Dashboard,https://files.sciencebasedtargets.org/production/files/companies-excel.xlsx,2026-09-13,"SBTi 'CrowdStrike' (sbti_id 40008901, matched by isin): near_term=Targets set 1.5°C; net_zero=Commitment removed; date_updated 2026-07-02"
CSCO,2026,4,SBTi Target Dashboard,https://files.sciencebasedtargets.org/production/files/companies-excel.xlsx,2026-09-13,"SBTi 'Cisco Systems, Inc.' (sbti_id 40013885, matched by isin): near_term=Targets set 1.5°C; net_zero=Targets set; date_updated 2022-07-21"
CSGP,2026,4,SBTi Target Dashboard,https://files.sciencebasedtargets.org/production/files/companies-excel.xlsx,2026-09-13,"SBTi 'CoStar Group, Inc.' (sbti_id 40000740, matched by isin): near_term=Targets set 1.5°C; net_zero=Targets set; date_updated 2025-04-24"
CSX,2026,2,SBTi Target Dashboard,https://files.sciencebasedtargets.org/production/files/companies-excel.xlsx,2026-09-13,"SBTi 'CSX Corporation' (sbti_id 40005090, matched by isin): near_term=Targets set Well-below 2°C; net_zero=-; date_updated 2020-05-14"
CTAS,2026,0,SBTi Target Dashboard,https://files.sciencebasedtargets.org/production/files/companies-excel.xlsx,2026-09-13,not listed on SBTi dashboard on 2026-09-13
CTSH,2026,4,SBTi Target Dashboard,https://files.sciencebasedtargets.org/production/files/companies-excel.xlsx,2026-09-13,"SBTi 'Cognizant Technology Solutions Corporation' (sbti_id 40009441, matched by isin): near_term=Targets set 1.5°C; net_zero=Targets set; date_updated 2023-03-16"
CTVA,2026,0,SBTi Target Dashboard,https://files.sciencebasedtargets.org/production/files/companies-excel.xlsx,2026-09-13,"SBTi 'Corteva Agriscience' (sbti_id 40006471, matched by isin): near_term=Commitment removed; net_zero=-; date_updated 2021-05-01"
CVNA,2026,0,SBTi Target Dashboard,https://files.sciencebasedtargets.org/production/files/companies-excel.xlsx,2026-09-13,not listed on SBTi dashboard on 2026-09-13
CVS,2026,4,SBTi Target Dashboard,https://files.sciencebasedtargets.org/production/files/companies-excel.xlsx,2026-09-13,"SBTi 'CVS Health' (sbti_id 40015440, matched by isin): near_term=Targets set 1.5°C; net_zero=Targets set; date_updated 2021-10-01"
CVX,2026,0,SBTi Target Dashboard,https://files.sciencebasedtargets.org/production/files/companies-excel.xlsx,2026-09-13,not listed on SBTi dashboard on 2026-09-13
D,2026,0,SBTi Target Dashboard,https://files.sciencebasedtargets.org/production/files/companies-excel.xlsx,2026-09-13,not listed on SBTi dashboard on 2026-09-13
DAL,2026,2,SBTi Target Dashboard,https://files.sciencebasedtargets.org/production/files/companies-excel.xlsx,2026-09-13,"SBTi 'Delta Air Lines' (sbti_id 40006584, matched by isin): near_term=Targets set Well-below 2°C; net_zero=Committed; date_updated 2022-09-01"
DASH,2026,0,SBTi Target Dashboard,https://files.sciencebasedtargets.org/production/files/companies-excel.xlsx,2026-09-13,not listed on SBTi dashboard on 2026-09-13
DD,2026,3,SBTi Target Dashboard,https://files.sciencebasedtargets.org/production/files/companies-excel.xlsx,2026-09-13,"SBTi 'DuPont de Nemours, Inc.' (sbti_id 40008452, matched by name): near_term=Targets set 1.5°C; net_zero=Committed; date_updated 2024-08-15"
DDOG,2026,0,SBTi Target Dashboard,https://files.sciencebasedtargets.org/production/files/companies-excel.xlsx,2026-09-13,not listed on SBTi dashboard on 2026-09-13
DE,2026,3,SBTi Target Dashboard,https://files.sciencebasedtargets.org/production/files/companies-excel.xlsx,2026-09-13,"SBTi 'Deere & Company' (sbti_id 40000363, matched by isin): near_term=Targets set 1.5°C; net_zero=-; date_updated 2023-10-26"
DECK,2026,3,SBTi Target Dashboard,https://files.sciencebasedtargets.org/production/files/companies-excel.xlsx,2026-09-13,"SBTi 'Deckers Brands' (sbti_id 40013855, matched by isin): near_term=Targets set 1.5°C; net_zero=-; date_updated 2021-11-04"
DELL,2026,4,SBTi Target Dashboard,https://files.sciencebasedtargets.org/production/files/companies-excel.xlsx,2026-09-13,"SBTi 'Dell Technologies' (sbti_id 40003670, matched by name): near_term=Targets set 1.5°C; net_zero=Targets set; date_updated 2024-09-19"
DG,2026,0,SBTi Target Dashboard,https://files.sciencebasedtargets.org/production/files/companies-excel.xlsx,2026-09-13,not listed on SBTi dashboard on 2026-09-13
DGX,2026,0,SBTi Target Dashboard,https://files.sciencebasedtargets.org/production/files/companies-excel.xlsx,2026-09-13,not listed on SBTi dashboard on 2026-09-13
DHI,2026,0,SBTi Target Dashboard,https://files.sciencebasedtargets.org/production/files/companies-excel.xlsx,2026-09-13,not listed on SBTi dashboard on 2026-09-13
DHR,2026,4,SBTi Target Dashboard,https://files.sciencebasedtargets.org/production/files/companies-excel.xlsx,2026-09-13,"SBTi 'Danaher Corporation' (sbti_id 40003214, matched by isin): near_term=Targets set 1.5°C; net_zero=Targets set; date_updated 2026-08-27"
DIS,2026,3,SBTi Target Dashboard,https://files.sciencebasedtargets.org/production/files/companies-excel.xlsx,2026-09-13,"SBTi 'The Walt Disney Company' (sbti_id 40009720, matched by isin): near_term=Targets set 1.5°C; net_zero=-; date_updated 2023-11-16"
DLR,2026,3,SBTi Target Dashboard,https://files.sciencebasedtargets.org/production/files/companies-excel.xlsx,2026-09-13,"SBTi 'Digital Realty' (sbti_id 40001399, matched by isin): near_term=Targets set 1.5°C; net_zero=Committed; date_updated 2025-06-26"
DLTR,2026,0,SBTi Target Dashboard,https://files.sciencebasedtargets.org/production/files/companies-excel.xlsx,2026-09-13,not listed on SBTi dashboard on 2026-09-13
DOC,2026,2,SBTi Target Dashboard,https://files.sciencebasedtargets.org/production/files/companies-excel.xlsx,2026-09-13,"SBTi 'Healthpeak Properties, Inc.' (sbti_id 40006397, matched by name): near_term=Targets set Well-below 2°C; net_zero=-; date_updated 2019-12-12"
DOV,2026,2,SBTi Target Dashboard,https://files.sciencebasedtargets.org/production/files/companies-excel.xlsx,2026-09-13,"SBTi 'Dover Corporation' (sbti_id 40001498, matched by isin): near_term=Targets set Well-below 2°C; net_zero=-; date_updated 2021-06-23"
DOW,2026,0,SBTi Target Dashboard,https://files.sciencebasedtargets.org/production/files/companies-excel.xlsx,2026-09-13,not listed on SBTi dashboard on 2026-09-13
DPZ,2026,4,SBTi Target Dashboard,https://files.sciencebasedtargets.org/production/files/companies-excel.xlsx,2026-09-13,"SBTi 'Domino’s Pizza, Inc.' (sbti_id 40011162, matched by isin): near_term=Targets set 1.5°C; net_zero=Targets set; date_updated 2024-10-31"
DRI,2026,0,SBTi Target Dashboard,https://files.sciencebasedtargets.org/production/files/companies-excel.xlsx,2026-09-13,not listed on SBTi dashboard on 2026-09-13
DTE,2026,0,SBTi Target Dashboard,https://files.sciencebasedtargets.org/production/files/companies-excel.xlsx,2026-09-13,not listed on SBTi dashboard on 2026-09-13
DUK,2026,0,SBTi Target Dashboard,https://files.sciencebasedtargets.org/production/files/companies-excel.xlsx,2026-09-13,not listed on SBTi dashboard on 2026-09-13
DVA,2026,3,SBTi Target Dashboard,https://files.sciencebasedtargets.org/production/files/companies-excel.xlsx,2026-09-13,"SBTi 'DaVita' (sbti_id 40006011, matched by isin): near_term=Targets set 1.5°C; net_zero=-; date_updated 2021-05-27"
DVN,2026,0,SBTi Target Dashboard,https://files.sciencebasedtargets.org/production/files/companies-excel.xlsx,2026-09-13,not listed on SBTi dashboard on 2026-09-13
DXCM,2026,0,SBTi Target Dashboard,https://files.sciencebasedtargets.org/production/files/companies-excel.xlsx,2026-09-13,"SBTi 'Dexcom, Inc.' (sbti_id 40013984, matched by isin): near_term=Commitment removed; net_zero=-; date_updated 2023-06-08"
EBAY,2026,4,SBTi Target Dashboard,https://files.sciencebasedtargets.org/production/files/companies-excel.xlsx,2026-09-13,"SBTi 'eBay Inc.' (sbti_id 40003430, matched by isin): near_term=Targets set 1.5°C; net_zero=Targets set; date_updated 2025-02-27"
ECHO,2026,0,SBTi Target Dashboard,https://files.sciencebasedtargets.org/production/files/companies-excel.xlsx,2026-09-13,not listed on SBTi dashboard on 2026-09-13
ECL,2026,4,SBTi Target Dashboard,https://files.sciencebasedtargets.org/production/files/companies-excel.xlsx,2026-09-13,"SBTi 'Ecolab Inc.' (sbti_id 40008610, matched by isin): near_term=Targets set 1.5°C; net_zero=Targets set; date_updated 2024-08-29"
ED,2026,0,SBTi Target Dashboard,https://files.sciencebasedtargets.org/production/files/companies-excel.xlsx,2026-09-13,not listed on SBTi dashboard on 2026-09-13
EFX,2026,3,SBTi Target Dashboard,https://files.sciencebasedtargets.org/production/files/companies-excel.xlsx,2026-09-13,"SBTi 'Equifax Inc.' (sbti_id 40014347, matched by name): near_term=Targets set 1.5°C; net_zero=-; date_updated 2023-10-05"
EG,2026,0,SBTi Target Dashboard,https://files.sciencebasedtargets.org/production/files/companies-excel.xlsx,2026-09-13,not listed on SBTi dashboard on 2026-09-13
EIX,2026,0,SBTi Target Dashboard,https://files.sciencebasedtargets.org/production/files/companies-excel.xlsx,2026-09-13,not listed on SBTi dashboard on 2026-09-13
EL,2026,3,SBTi Target Dashboard,https://files.sciencebasedtargets.org/production/files/companies-excel.xlsx,2026-09-13,"SBTi 'The Estée Lauder Companies' (sbti_id 40008489, matched by isin): near_term=Targets set 1.5°C; net_zero=-; date_updated 2026-07-02"
ELV,2026,3,SBTi Target Dashboard,https://files.sciencebasedtargets.org/production/files/companies-excel.xlsx,2026-09-13,"SBTi 'Elevance Health' (sbti_id 40011861, matched by isin): near_term=Targets set 1.5°C; net_zero=-; date_updated 2024-09-19"
EME,2026,0,SBTi Target Dashboard,https://files.sciencebasedtargets.org/production/files/companies-excel.xlsx,2026-09-13,"SBTi 'EMCOR Group, Inc.' (sbti_id 40010518, matched by name): near_term=Commitment removed; net_zero=-; date_updated 2022-12-08"
EMR,2026,4,SBTi Target Dashboard,https://files.sciencebasedtargets.org/production/files/companies-excel.xlsx,2026-09-13,"SBTi 'Emerson Electric Co.' (sbti_id 40012996, matched by isin): near_term=Targets set 1.5°C; net_zero=Targets set; date_updated 2023-05-18"
EOG,2026,0,SBTi Target Dashboard,https://files.sciencebasedtargets.org/production/files/companies-excel.xlsx,2026-09-13,not listed on SBTi dashboard on 2026-09-13
EQIX,2026,4,SBTi Target Dashboard,https://files.sciencebasedtargets.org/production/files/companies-excel.xlsx,2026-09-13,"SBTi 'Equinix, Inc.' (sbti_id 40005547, matched by isin): near_term=Targets set 1.5°C; net_zero=Targets set; date_updated 2025-04-17"
EQT,2026,0,SBTi Target Dashboard,https://files.sciencebasedtargets.org/production/files/companies-excel.xlsx,2026-09-13,not listed on SBTi dashboard on 2026-09-13
ERIE,2026,0,SBTi Target Dashboard,https://files.sciencebasedtargets.org/production/files/companies-excel.xlsx,2026-09-13,not listed on SBTi dashboard on 2026-09-13
ES,2026,0,SBTi Target Dashboard,https://files.sciencebasedtargets.org/production/files/companies-excel.xlsx,2026-09-13,"SBTi 'Eversource Energy' (sbti_id 40015961, matched by name): near_term=Commitment removed; net_zero=-; date_updated 2022-11-30"
ESS,2026,3,SBTi Target Dashboard,https://files.sciencebasedtargets.org/production/files/companies-excel.xlsx,2026-09-13,"SBTi 'Essex Property Trust, Inc.' (sbti_id 40006954, matched by isin): near_term=Targets set 1.5°C; net_zero=-; date_updated 2025-06-19"
ETN,2026,4,SBTi Target Dashboard,https://files.sciencebasedtargets.org/production/files/companies-excel.xlsx,2026-09-13,"SBTi 'Eaton' (sbti_id 40010794, matched by isin): near_term=Targets set 1.5°C; net_zero=Targets set; date_updated 2025-04-10"
ETR,2026,0,SBTi Target Dashboard,https://files.sciencebasedtargets.org/production/files/companies-excel.xlsx,2026-09-13,not listed on SBTi dashboard on 2026-09-13
EVRG,2026,0,SBTi Target Dashboard,https://files.sciencebasedtargets.org/production/files/companies-excel.xlsx,2026-09-13,not listed on SBTi dashboard on 2026-09-13
EW,2026,3,SBTi Target Dashboard,https://files.sciencebasedtargets.org/production/files/companies-excel.xlsx,2026-09-13,"SBTi 'Edwards Lifesciences' (sbti_id 40006807, matched by isin): near_term=Targets set 1.5°C; net_zero=-; date_updated 2023-07-13"
EXC,2026,0,SBTi Target Dashboard,https://files.sciencebasedtargets.org/production/files/companies-excel.xlsx,2026-09-13,not listed on SBTi dashboard on 2026-09-13
EXE,2026,0,SBTi Target Dashboard,https://files.sciencebasedtargets.org/production/files/companies-excel.xlsx,2026-09-13,not listed on SBTi dashboard on 2026-09-13
EXPD,2026,0,SBTi Target Dashboard,https://files.sciencebasedtargets.org/production/files/companies-excel.xlsx,2026-09-13,not listed on SBTi dashboard on 2026-09-13
EXPE,2026,3,SBTi Target Dashboard,https://files.sciencebasedtargets.org/production/files/companies-excel.xlsx,2026-09-13,"SBTi 'Expedia Group' (sbti_id 40010462, matched by isin): near_term=Targets set 1.5°C; net_zero=-; date_updated 2024-09-19"
EXR,2026,0,SBTi Target Dashboard,https://files.sciencebasedtargets.org/production/files/companies-excel.xlsx,2026-09-13,not listed on SBTi dashboard on 2026-09-13
F,2026,2,SBTi Target Dashboard,https://files.sciencebasedtargets.org/production/files/companies-excel.xlsx,2026-09-13,"SBTi 'Ford Motor Company' (sbti_id 40002522, matched by isin): near_term=Targets set 1.5°C/Well-below 2°C; net_zero=Commitment removed; date_updated 2021-03-31"
FANG,2026,0,SBTi Target Dashboard,https://files.sciencebasedtargets.org/production/files/companies-excel.xlsx,2026-09-13,not listed on SBTi dashboard on 2026-09-13
FAST,2026,0,SBTi Target Dashboard,https://files.sciencebasedtargets.org/production/files/companies-excel.xlsx,2026-09-13,not listed on SBTi dashboard on 2026-09-13
FCX,2026,0,SBTi Target Dashboard,https://files.sciencebasedtargets.org/production/files/companies-excel.xlsx,2026-09-13,"SBTi 'Freeport-McMoRan Inc.' (sbti_id 40012671, matched by isin): near_term=Commitment removed; net_zero=-; date_updated 2022-04-14"
FDS,2026,3,SBTi Target Dashboard,https://files.sciencebasedtargets.org/production/files/companies-excel.xlsx,2026-09-13,"SBTi 'FactSet Research Systems Inc' (sbti_id 40002147, matched by isin): near_term=Targets set 1.5°C; net_zero=-; date_updated 2024-09-26"
FDX,2026,3,SBTi Target Dashboard,https://files.sciencebasedtargets.org/production/files/companies-excel.xlsx,2026-09-13,"SBTi 'FedEx Corporation' (sbti_id 40003401, matched by isin): near_term=Targets set 1.5°C; net_zero=-; date_updated 2026-04-23"
FDXF,2026,0,SBTi Target Dashboard,https://files.sciencebasedtargets.org/production/files/companies-excel.xlsx,2026-09-13,not listed on SBTi dashboard on 2026-09-13
FE,2026,0,SBTi Target Dashboard,https://files.sciencebasedtargets.org/production/files/companies-excel.xlsx,2026-09-13,not listed on SBTi dashboard on 2026-09-13
FERG,2026,0,SBTi Target Dashboard,https://files.sciencebasedtargets.org/production/files/companies-excel.xlsx,2026-09-13,not listed on SBTi dashboard on 2026-09-13
FFIV,2026,3,SBTi Target Dashboard,https://files.sciencebasedtargets.org/production/files/companies-excel.xlsx,2026-09-13,"SBTi 'F5, Inc.' (sbti_id 40016096, matched by isin): near_term=Targets set 1.5°C; net_zero=-; date_updated 2024-09-05"
FICO,2026,0,SBTi Target Dashboard,https://files.sciencebasedtargets.org/production/files/companies-excel.xlsx,2026-09-13,not listed on SBTi dashboard on 2026-09-13
FIS,2026,0,SBTi Target Dashboard,https://files.sciencebasedtargets.org/production/files/companies-excel.xlsx,2026-09-13,not listed on SBTi dashboard on 2026-09-13
FISV,2026,0,SBTi Target Dashboard,https://files.sciencebasedtargets.org/production/files/companies-excel.xlsx,2026-09-13,not listed on SBTi dashboard on 2026-09-13
FITB,2026,0,SBTi Target Dashboard,https://files.sciencebasedtargets.org/production/files/companies-excel.xlsx,2026-09-13,not listed on SBTi dashboard on 2026-09-13
FIX,2026,0,SBTi Target Dashboard,https://files.sciencebasedtargets.org/production/files/companies-excel.xlsx,2026-09-13,not listed on SBTi dashboard on 2026-09-13
FLEX,2026,3,SBTi Target Dashboard,https://files.sciencebasedtargets.org/production/files/companies-excel.xlsx,2026-09-13,"SBTi 'Flex Ltd.' (sbti_id 40000977, matched by isin): near_term=Targets set 1.5°C; net_zero=-; date_updated 2021-04-22"
FOX,2026,0,SBTi Target Dashboard,https://files.sciencebasedtargets.org/production/files/companies-excel.xlsx,2026-09-13,not listed on SBTi dashboard on 2026-09-13
FOXA,2026,0,SBTi Target Dashboard,https://files.sciencebasedtargets.org/production/files/companies-excel.xlsx,2026-09-13,not listed on SBTi dashboard on 2026-09-13
FRT,2026,3,SBTi Target Dashboard,https://files.sciencebasedtargets.org/production/files/companies-excel.xlsx,2026-09-13,"SBTi 'Federal Realty Investment Trust' (sbti_id 40013781, matched by name): near_term=Targets set 1.5°C; net_zero=-; date_updated 2022-09-29"
FSLR,2026,4,SBTi Target Dashboard,https://files.sciencebasedtargets.org/production/files/companies-excel.xlsx,2026-09-13,"SBTi 'First Solar Inc' (sbti_id 40009073, matched by isin): near_term=Targets set 1.5°C; net_zero=Targets set; date_updated 2023-08-31"
FTNT,2026,3,SBTi Target Dashboard,https://files.sciencebasedtargets.org/production/files/companies-excel.xlsx,2026-09-13,"SBTi 'Fortinet' (sbti_id 40015131, matched by name): near_term=Targets set 1.5°C; net_zero=Commitment removed; date_updated 2025-01-16"
FTV,2026,0,SBTi Target Dashboard,https://files.sciencebasedtargets.org/production/files/companies-excel.xlsx,2026-09-13,not listed on SBTi dashboard on 2026-09-13
GD,2026,0,SBTi Target Dashboard,https://files.sciencebasedtargets.org/production/files/companies-excel.xlsx,2026-09-13,not listed on SBTi dashboard on 2026-09-13
GDDY,2026,0,SBTi Target Dashboard,https://files.sciencebasedtargets.org/production/files/companies-excel.xlsx,2026-09-13,not listed on SBTi dashboard on 2026-09-13
GE,2026,0,SBTi Target Dashboard,https://files.sciencebasedtargets.org/production/files/companies-excel.xlsx,2026-09-13,not listed on SBTi dashboard on 2026-09-13
GEHC,2026,4,SBTi Target Dashboard,https://files.sciencebasedtargets.org/production/files/companies-excel.xlsx,2026-09-13,"SBTi 'GE Healthcare' (sbti_id 40006854, matched by isin): near_term=Targets set 1.5°C; net_zero=Targets set; date_updated 2024-06-27"
GEN,2026,0,SBTi Target Dashboard,https://files.sciencebasedtargets.org/production/files/companies-excel.xlsx,2026-09-13,not listed on SBTi dashboard on 2026-09-13
GEV,2026,0,SBTi Target Dashboard,https://files.sciencebasedtargets.org/production/files/companies-excel.xlsx,2026-09-13,not listed on SBTi dashboard on 2026-09-13
GILD,2026,3,SBTi Target Dashboard,https://files.sciencebasedtargets.org/production/files/companies-excel.xlsx,2026-09-13,"SBTi 'Gilead Sciences, Inc.' (sbti_id 40009388, matched by isin): near_term=Targets set 1.5°C; net_zero=-; date_updated 2021-05-27"
GIS,2026,4,SBTi Target Dashboard,https://files.sciencebasedtargets.org/production/files/companies-excel.xlsx,2026-09-13,"SBTi 'General Mills Inc.' (sbti_id 40007978, matched by isin): near_term=Targets set 1.5°C; net_zero=Targets set; date_updated 2024-09-26"
GL,2026,0,SBTi Target Dashboard,https://files.sciencebasedtargets.org/production/files/companies-excel.xlsx,2026-09-13,not listed on SBTi dashboard on 2026-09-13
GLW,2026,3,SBTi Target Dashboard,https://files.sciencebasedtargets.org/production/files/companies-excel.xlsx,2026-09-13,"SBTi 'Corning Incorporated' (sbti_id 40010002, matched by isin): near_term=Targets set 1.5°C; net_zero=-; date_updated 2023-09-21"
GM,2026,2,SBTi Target Dashboard,https://files.sciencebasedtargets.org/production/files/companies-excel.xlsx,2026-09-13,"SBTi 'General Motors' (sbti_id 40001768, matched by isin): near_term=Targets set 1.5°C/Well-below 2°C; net_zero=Commitment removed; date_updated 2021-05-20"
GNRC,2026,0,SBTi Target Dashboard,https://files.sciencebasedtargets.org/production/files/companies-excel.xlsx,2026-09-13,not listed on SBTi dashboard on 2026-09-13
GOOG,2026,3,SBTi Target Dashboard,https://files.sciencebasedtargets.org/production/files/companies-excel.xlsx,2026-09-13,"SBTi 'Alphabet Inc.' (sbti_id 40009770, matched by isin): near_term=Targets set 1.5°C; net_zero=-; date_updated 2025-07-03"
GOOGL,2026,3,SBTi Target Dashboard,https://files.sciencebasedtargets.org/production/files/companies-excel.xlsx,2026-09-13,"SBTi 'Alphabet Inc.' (sbti_id 40009770, matched by isin): near_term=Targets set 1.5°C; net_zero=-; date_updated 2025-07-03; matched to share class GOOG (same SEC CIK)"
GPC,2026,0,SBTi Target Dashboard,https://files.sciencebasedtargets.org/production/files/companies-excel.xlsx,2026-09-13,not listed on SBTi dashboard on 2026-09-13
GPN,2026,0,SBTi Target Dashboard,https://files.sciencebasedtargets.org/production/files/companies-excel.xlsx,2026-09-13,not listed on SBTi dashboard on 2026-09-13
GRMN,2026,0,SBTi Target Dashboard,https://files.sciencebasedtargets.org/production/files/companies-excel.xlsx,2026-09-13,not listed on SBTi dashboard on 2026-09-13
GS,2026,0,SBTi Target Dashboard,https://files.sciencebasedtargets.org/production/files/companies-excel.xlsx,2026-09-13,not listed on SBTi dashboard on 2026-09-13
GWW,2026,0,SBTi Target Dashboard,https://files.sciencebasedtargets.org/production/files/companies-excel.xlsx,2026-09-13,not listed on SBTi dashboard on 2026-09-13
HAL,2026,0,SBTi Target Dashboard,https://files.sciencebasedtargets.org/production/files/companies-excel.xlsx,2026-09-13,not listed on SBTi dashboard on 2026-09-13
HAS,2026,4,SBTi Target Dashboard,https://files.sciencebasedtargets.org/production/files/companies-excel.xlsx,2026-09-13,"SBTi 'Hasbro, Inc.' (sbti_id 40004794, matched by isin): near_term=Targets set 1.5°C; net_zero=Targets set; date_updated 2023-07-20"
HBAN,2026,0,SBTi Target Dashboard,https://files.sciencebasedtargets.org/production/files/companies-excel.xlsx,2026-09-13,not listed on SBTi dashboard on 2026-09-13
HCA,2026,0,SBTi Target Dashboard,https://files.sciencebasedtargets.org/production/files/companies-excel.xlsx,2026-09-13,not listed on SBTi dashboard on 2026-09-13
HD,2026,3,SBTi Target Dashboard,https://files.sciencebasedtargets.org/production/files/companies-excel.xlsx,2026-09-13,"SBTi 'The Home Depot' (sbti_id 40012640, matched by isin): near_term=Targets set 1.5°C; net_zero=-; date_updated 2024-03-28"
HIG,2026,0,SBTi Target Dashboard,https://files.sciencebasedtargets.org/production/files/companies-excel.xlsx,2026-09-13,not listed on SBTi dashboard on 2026-09-13
HII,2026,0,SBTi Target Dashboard,https://files.sciencebasedtargets.org/production/files/companies-excel.xlsx,2026-09-13,not listed on SBTi dashboard on 2026-09-13
HLT,2026,3,SBTi Target Dashboard,https://files.sciencebasedtargets.org/production/files/companies-excel.xlsx,2026-09-13,"SBTi 'Hilton' (sbti_id 40009671, matched by isin): near_term=Targets set 1.5°C; net_zero=-; date_updated 2022-07-21"
HON,2026,2,SBTi Target Dashboard,https://files.sciencebasedtargets.org/production/files/companies-excel.xlsx,2026-09-13,"SBTi 'Honeywell International Inc.' (sbti_id 40013585, matched by name): near_term=Targets set Well-below 2°C; net_zero=-; date_updated 2023-05-11"
HONA,2026,0,SBTi Target Dashboard,https://files.sciencebasedtargets.org/production/files/companies-excel.xlsx,2026-09-13,not listed on SBTi dashboard on 2026-09-13
HOOD,2026,0,SBTi Target Dashboard,https://files.sciencebasedtargets.org/production/files/companies-excel.xlsx,2026-09-13,not listed on SBTi dashboard on 2026-09-13
HPE,2026,4,SBTi Target Dashboard,https://files.sciencebasedtargets.org/production/files/companies-excel.xlsx,2026-09-13,"SBTi 'Hewlett Packard Enterprise Company' (sbti_id 40000722, matched by isin): near_term=Targets set 1.5°C; net_zero=Targets set; date_updated 2022-07-21"
HPQ,2026,4,SBTi Target Dashboard,https://files.sciencebasedtargets.org/production/files/companies-excel.xlsx,2026-09-13,"SBTi 'HP Inc.' (sbti_id 40005167, matched by isin): near_term=Targets set 1.5°C; net_zero=Targets set; date_updated 2024-12-12"
HRL,2026,3,SBTi Target Dashboard,https://files.sciencebasedtargets.org/production/files/companies-excel.xlsx,2026-09-13,"SBTi 'Hormel Foods Corporation' (sbti_id 40015152, matched by isin): near_term=Targets set 1.5°C; net_zero=-; date_updated 2023-10-19"
HSIC,2026,4,SBTi Target Dashboard,https://files.sciencebasedtargets.org/production/files/companies-excel.xlsx,2026-09-13,"SBTi 'Henry Schein, Inc.' (sbti_id 40013152, matched by name): near_term=Targets set 1.5°C; net_zero=Targets set; date_updated 2025-01-16"
HST,2026,3,SBTi Target Dashboard,https://files.sciencebasedtargets.org/production/files/companies-excel.xlsx,2026-09-13,"SBTi 'Host Hotels & Resorts, Inc.' (sbti_id 40014983, matched by isin): near_term=Targets set 1.5°C; net_zero=-; date_updated 2025-09-04"
HSY,2026,3,SBTi Target Dashboard,https://files.sciencebasedtargets.org/production/files/companies-excel.xlsx,2026-09-13,"SBTi 'The Hershey Company' (sbti_id 40011284, matched by isin): near_term=Targets set 1.5°C; net_zero=-; date_updated 2024-06-13"
HUBB,2026,0,SBTi Target Dashboard,https://files.sciencebasedtargets.org/production/files/companies-excel.xlsx,2026-09-13,not listed on SBTi dashboard on 2026-09-13
HUM,2026,3,SBTi Target Dashboard,https://files.sciencebasedtargets.org/production/files/companies-excel.xlsx,2026-09-13,"SBTi 'Humana Inc.' (sbti_id 40001977, matched by isin): near_term=Targets set 1.5°C; net_zero=-; date_updated 2025-06-05"
HWM,2026,0,SBTi Target Dashboard,https://files.sciencebasedtargets.org/production/files/companies-excel.xlsx,2026-09-13,not listed on SBTi dashboard on 2026-09-13
IBKR,2026,0,SBTi Target Dashboard,https://files.sciencebasedtargets.org/production/files/companies-excel.xlsx,2026-09-13,not listed on SBTi dashboard on 2026-09-13
IBM,2026,0,SBTi Target Dashboard,https://files.sciencebasedtargets.org/production/files/companies-excel.xlsx,2026-09-13,not listed on SBTi dashboard on 2026-09-13
ICE,2026,0,SBTi Target Dashboard,https://files.sciencebasedtargets.org/production/files/companies-excel.xlsx,2026-09-13,not listed on SBTi dashboard on 2026-09-13
IDXX,2026,0,SBTi Target Dashboard,https://files.sciencebasedtargets.org/production/files/companies-excel.xlsx,2026-09-13,not listed on SBTi dashboard on 2026-09-13
IEX,2026,0,SBTi Target Dashboard,https://files.sciencebasedtargets.org/production/files/companies-excel.xlsx,2026-09-13,not listed on SBTi dashboard on 2026-09-13
IFF,2026,3,SBTi Target Dashboard,https://files.sciencebasedtargets.org/production/files/companies-excel.xlsx,2026-09-13,"SBTi 'International Flavors & Fragrances Inc.' (sbti_id 40004510, matched by isin): near_term=Targets set 1.5°C; net_zero=-; date_updated 2023-08-03"
INCY,2026,0,SBTi Target Dashboard,https://files.sciencebasedtargets.org/production/files/companies-excel.xlsx,2026-09-13,not listed on SBTi dashboard on 2026-09-13
INTC,2026,0,SBTi Target Dashboard,https://files.sciencebasedtargets.org/production/files/companies-excel.xlsx,2026-09-13,not listed on SBTi dashboard on 2026-09-13
INTU,2026,4,SBTi Target Dashboard,https://files.sciencebasedtargets.org/production/files/companies-excel.xlsx,2026-09-13,"SBTi 'Intuit' (sbti_id 40010122, matched by isin): near_term=Targets set 1.5°C; net_zero=Targets set; date_updated 2023-07-13"
INVH,2026,0,SBTi Target Dashboard,https://files.sciencebasedtargets.org/production/files/companies-excel.xlsx,2026-09-13,not listed on SBTi dashboard on 2026-09-13
IP,2026,2,SBTi Target Dashboard,https://files.sciencebasedtargets.org/production/files/companies-excel.xlsx,2026-09-13,"SBTi 'International Paper Company' (sbti_id 40002456, matched by isin): near_term=Targets set Well-below 2°C; net_zero=-; date_updated 2021-11-11"
IQV,2026,4,SBTi Target Dashboard,https://files.sciencebasedtargets.org/production/files/companies-excel.xlsx,2026-09-13,"SBTi 'IQVIA Holdings Inc' (sbti_id 40015893, matched by isin): near_term=Targets set 1.5°C; net_zero=Targets set; date_updated 2023-11-23"
IR,2026,4,SBTi Target Dashboard,https://files.sciencebasedtargets.org/production/files/companies-excel.xlsx,2026-09-13,"SBTi 'Ingersoll Rand Inc.' (sbti_id 40013052, matched by isin): near_term=Targets set 1.5°C; net_zero=Targets set; date_updated 2024-12-12"
IRM,2026,4,SBTi Target Dashboard,https://files.sciencebasedtargets.org/production/files/companies-excel.xlsx,2026-09-13,"SBTi 'Iron Mountain' (sbti_id 40007941, matched by isin): near_term=Targets set 1.5°C; net_zero=Targets set; date_updated 2024-11-14"
ISRG,2026,0,SBTi Target Dashboard,https://files.sciencebasedtargets.org/production/files/companies-excel.xlsx,2026-09-13,not listed on SBTi dashboard on 2026-09-13
IT,2026,3,SBTi Target Dashboard,https://files.sciencebasedtargets.org/production/files/companies-excel.xlsx,2026-09-13,"SBTi 'Gartner, Inc.' (sbti_id 40011144, matched by isin): near_term=Targets set 1.5°C; net_zero=-; date_updated 2024-01-04"
ITW,2026,0,SBTi Target Dashboard,https://files.sciencebasedtargets.org/production/files/companies-excel.xlsx,2026-09-13,not listed on SBTi dashboard on 2026-09-13
IVZ,2026,0,SBTi Target Dashboard,https://files.sciencebasedtargets.org/production/files/companies-excel.xlsx,2026-09-13,not listed on SBTi dashboard on 2026-09-13
J,2026,4,SBTi Target Dashboard,https://files.sciencebasedtargets.org/production/files/companies-excel.xlsx,2026-09-13,"SBTi 'Jacobs' (sbti_id 40005053, matched by manual): near_term=Targets set 1.5°C; net_zero=Targets set; date_updated 2022-04-21; manual match: 'Jacobs' = Jacobs Engineering Group, reorganised as Jacobs Solutions 2022; ISIN retired"
JBHT,2026,0,SBTi Target Dashboard,https://files.sciencebasedtargets.org/production/files/companies-excel.xlsx,2026-09-13,not listed on SBTi dashboard on 2026-09-13
JBL,2026,0,SBTi Target Dashboard,https://files.sciencebasedtargets.org/production/files/companies-excel.xlsx,2026-09-13,"SBTi 'Jabil Inc.' (sbti_id 40014256, matched by isin): near_term=Commitment removed; net_zero=Commitment removed; date_updated 2022-10-20"
JCI,2026,3,SBTi Target Dashboard,https://files.sciencebasedtargets.org/production/files/companies-excel.xlsx,2026-09-13,"SBTi 'Johnson Controls International plc' (sbti_id 40009254, matched by isin): near_term=Targets set 1.5°C; net_zero=-; date_updated 2021-03-25"
JKHY,2026,0,SBTi Target Dashboard,https://files.sciencebasedtargets.org/production/files/companies-excel.xlsx,2026-09-13,"SBTi 'Jack Henry and Associates, Inc.' (sbti_id 40009307, matched by name): near_term=Commitment removed; net_zero=-; date_updated 2023-01-05"
JNJ,2026,3,SBTi Target Dashboard,https://files.sciencebasedtargets.org/production/files/companies-excel.xlsx,2026-09-13,"SBTi 'Johnson & Johnson' (sbti_id 40007032, matched by isin): near_term=Targets set 1.5°C; net_zero=Commitment removed; date_updated 2024-04-04"
JPM,2026,0,SBTi Target Dashboard,https://files.sciencebasedtargets.org/production/files/companies-excel.xlsx,2026-09-13,not listed on SBTi dashboard on 2026-09-13
KDP,2026,3,SBTi Target Dashboard,https://files.sciencebasedtargets.org/production/files/companies-excel.xlsx,2026-09-13,"SBTi 'Keurig Dr Pepper' (sbti_id 40000587, matched by name): near_term=Targets set 1.5°C; net_zero=-; date_updated 2025-03-20"
KEY,2026,0,SBTi Target Dashboard,https://files.sciencebasedtargets.org/production/files/companies-excel.xlsx,2026-09-13,not listed on SBTi dashboard on 2026-09-13
KEYS,2026,3,SBTi Target Dashboard,https://files.sciencebasedtargets.org/production/files/companies-excel.xlsx,2026-09-13,"SBTi 'Keysight Technologies, Inc.' (sbti_id 40003570, matched by isin): near_term=Targets set 1.5°C; net_zero=-; date_updated 2023-11-09"
KHC,2026,4,SBTi Target Dashboard,https://files.sciencebasedtargets.org/production/files/companies-excel.xlsx,2026-09-13,"SBTi 'The Kraft Heinz Company' (sbti_id 40004111, matched by isin): near_term=Targets set 1.5°C; net_zero=Targets set; date_updated 2025-05-15"
KIM,2026,2,SBTi Target Dashboard,https://files.sciencebasedtargets.org/production/files/companies-excel.xlsx,2026-09-13,"SBTi 'Kimco Realty Corporation' (sbti_id 40000165, matched by isin): near_term=Targets set Well-below 2°C; net_zero=-; date_updated 2021-02-25"
KKR,2026,0,SBTi Target Dashboard,https://files.sciencebasedtargets.org/production/files/companies-excel.xlsx,2026-09-13,not listed on SBTi dashboard on 2026-09-13
KLAC,2026,3,SBTi Target Dashboard,https://files.sciencebasedtargets.org/production/files/companies-excel.xlsx,2026-09-13,"SBTi 'KLA Corporation' (sbti_id 40003411, matched by isin): near_term=Targets set 1.5°C; net_zero=-; date_updated 2024-08-15"
KMB,2026,2,SBTi Target Dashboard,https://files.sciencebasedtargets.org/production/files/companies-excel.xlsx,2026-09-13,"SBTi 'Kimberly-Clark Corporation' (sbti_id 40002897, matched by isin): near_term=Targets set Well-below 2°C; net_zero=-; date_updated 2020-06-25"
KMI,2026,0,SBTi Target Dashboard,https://files.sciencebasedtargets.org/production/files/companies-excel.xlsx,2026-09-13,not listed on SBTi dashboard on 2026-09-13
KO,2026,0,SBTi Target Dashboard,https://files.sciencebasedtargets.org/production/files/companies-excel.xlsx,2026-09-13,not listed on SBTi dashboard on 2026-09-13
KR,2026,0,SBTi Target Dashboard,https://files.sciencebasedtargets.org/production/files/companies-excel.xlsx,2026-09-13,"SBTi 'The Kroger Co.' (sbti_id 40003560, matched by isin): near_term=Commitment removed; net_zero=-; date_updated 2022-06-30"
KVUE,2026,3,SBTi Target Dashboard,https://files.sciencebasedtargets.org/production/files/companies-excel.xlsx,2026-09-13,"SBTi 'Kenvue Inc.' (sbti_id 40009801, matched by isin): near_term=Targets set 1.5°C; net_zero=Commitment removed; date_updated 2024-05-02"
L,2026,0,SBTi Target Dashboard,https://files.sciencebasedtargets.org/production/files/companies-excel.xlsx,2026-09-13,not listed on SBTi dashboard on 2026-09-13
LDOS,2026,0,SBTi Target Dashboard,https://files.sciencebasedtargets.org/production/files/companies-excel.xlsx,2026-09-13,not listed on SBTi dashboard on 2026-09-13
LEN,2026,0,SBTi Target Dashboard,https://files.sciencebasedtargets.org/production/files/companies-excel.xlsx,2026-09-13,not listed on SBTi dashboard on 2026-09-13
LH,2026,3,SBTi Target Dashboard,https://files.sciencebasedtargets.org/production/files/companies-excel.xlsx,2026-09-13,"SBTi 'Labcorp' (sbti_id 40005137, matched by name): near_term=Targets set 1.5°C; net_zero=-; date_updated 2023-08-24"
LHX,2026,0,SBTi Target Dashboard,https://files.sciencebasedtargets.org/production/files/companies-excel.xlsx,2026-09-13,not listed on SBTi dashboard on 2026-09-13
LII,2026,2,SBTi Target Dashboard,https://files.sciencebasedtargets.org/production/files/companies-excel.xlsx,2026-09-13,"SBTi 'Lennox International Inc.' (sbti_id 40012485, matched by isin): near_term=Targets set Well-below 2°C; net_zero=-; date_updated 2022-01-06"
LIN,2026,2,SBTi Target Dashboard,https://files.sciencebasedtargets.org/production/files/companies-excel.xlsx,2026-09-13,"SBTi 'Linde plc' (sbti_id 40004033, matched by isin): near_term=Targets set Well-below 2°C; net_zero=-; date_updated 2022-10-20"
LITE,2026,4,SBTi Target Dashboard,https://files.sciencebasedtargets.org/production/files/companies-excel.xlsx,2026-09-13,"SBTi 'Lumentum Holdings Inc' (sbti_id 40007469, matched by isin): near_term=Targets set 1.5°C; net_zero=Targets set; date_updated 2025-01-23"
LLY,2026,0,SBTi Target Dashboard,https://files.sciencebasedtargets.org/production/files/companies-excel.xlsx,2026-09-13,not listed on SBTi dashboard on 2026-09-13
LMT,2026,0,SBTi Target Dashboard,https://files.sciencebasedtargets.org/production/files/companies-excel.xlsx,2026-09-13,not listed on SBTi dashboard on 2026-09-13
LNT,2026,0,SBTi Target Dashboard,https://files.sciencebasedtargets.org/production/files/companies-excel.xlsx,2026-09-13,not listed on SBTi dashboard on 2026-09-13
LOW,2026,0,SBTi Target Dashboard,https://files.sciencebasedtargets.org/production/files/companies-excel.xlsx,2026-09-13,"SBTi 'Lowe's Companies, Inc.' (sbti_id 40008843, matched by isin): near_term=Commitment removed; net_zero=Commitment removed; date_updated 2022-04-28"
LRCX,2026,3,SBTi Target Dashboard,https://files.sciencebasedtargets.org/production/files/companies-excel.xlsx,2026-09-13,"SBTi 'Lam Research Corporation' (sbti_id 40002772, matched by name): near_term=Targets set 1.5°C; net_zero=-; date_updated 2025-06-05"
LULU,2026,4,SBTi Target Dashboard,https://files.sciencebasedtargets.org/production/files/companies-excel.xlsx,2026-09-13,"SBTi 'lululemon' (sbti_id 40015556, matched by isin): near_term=Targets set 1.5°C; net_zero=Targets set; date_updated 2024-03-07"
LUV,2026,0,SBTi Target Dashboard,https://files.sciencebasedtargets.org/production/files/companies-excel.xlsx,2026-09-13,not listed on SBTi dashboard on 2026-09-13
LVS,2026,3,SBTi Target Dashboard,https://files.sciencebasedtargets.org/production/files/companies-excel.xlsx,2026-09-13,"SBTi 'Las Vegas Sands Corp' (sbti_id 40012647, matched by isin): near_term=Targets set 1.5°C; net_zero=-; date_updated 2025-07-24"
LYB,2026,0,SBTi Target Dashboard,https://files.sciencebasedtargets.org/production/files/companies-excel.xlsx,2026-09-13,"SBTi 'LyondellBasell Industries N.V.' (sbti_id 40016050, matched by isin): near_term=Commitment removed; net_zero=-; date_updated 2023-02-02"
LYV,2026,0,SBTi Target Dashboard,https://files.sciencebasedtargets.org/production/files/companies-excel.xlsx,2026-09-13,not listed on SBTi dashboard on 2026-09-13
MA,2026,3,SBTi Target Dashboard,https://files.sciencebasedtargets.org/production/files/companies-excel.xlsx,2026-09-13,"SBTi 'Mastercard' (sbti_id 40014096, matched by isin): near_term=Targets set 1.5°C; net_zero=-; date_updated 2026-09-10"
MAA,2026,0,SBTi Target Dashboard,https://files.sciencebasedtargets.org/production/files/companies-excel.xlsx,2026-09-13,not listed on SBTi dashboard on 2026-09-13
MAR,2026,4,SBTi Target Dashboard,https://files.sciencebasedtargets.org/production/files/companies-excel.xlsx,2026-09-13,"SBTi 'Marriott International, Inc.' (sbti_id 40012608, matched by isin): near_term=Targets set 1.5°C; net_zero=Targets set; date_updated 2024-04-25"
MAS,2026,0,SBTi Target Dashboard,https://files.sciencebasedtargets.org/production/files/companies-excel.xlsx,2026-09-13,not listed on SBTi dashboard on 2026-09-13
MCD,2026,4,SBTi Target Dashboard,https://files.sciencebasedtargets.org/production/files/companies-excel.xlsx,2026-09-13,"SBTi 'McDonald's Corporation' (sbti_id 40006743, matched by isin): near_term=Targets set 1.5°C; net_zero=Targets set; date_updated 2023-12-07"
MCHP,2026,0,SBTi Target Dashboard,https://files.sciencebasedtargets.org/production/files/companies-excel.xlsx,2026-09-13,not listed on SBTi dashboard on 2026-09-13
MCK,2026,3,SBTi Target Dashboard,https://files.sciencebasedtargets.org/production/files/companies-excel.xlsx,2026-09-13,"SBTi 'McKesson Corporation' (sbti_id 40003977, matched by isin): near_term=Targets set 1.5°C; net_zero=-; date_updated 2023-01-19"
MCO,2026,4,SBTi Target Dashboard,https://files.sciencebasedtargets.org/production/files/companies-excel.xlsx,2026-09-13,"SBTi 'Moody's Corporation' (sbti_id 40009531, matched by isin): near_term=Targets set 1.5°C; net_zero=Targets set; date_updated 2022-05-12"
MDLZ,2026,4,SBTi Target Dashboard,https://files.sciencebasedtargets.org/production/files/companies-excel.xlsx,2026-09-13,"SBTi 'Mondelez International Inc' (sbti_id 40006911, matched by isin): near_term=Targets set 1.5°C; net_zero=Targets set; date_updated 2024-04-11"
MDT,2026,3,SBTi Target Dashboard,https://files.sciencebasedtargets.org/production/files/companies-excel.xlsx,2026-09-13,"SBTi 'Medtronic PLC' (sbti_id 40013615, matched by isin): near_term=Targets set 1.5°C; net_zero=Commitment removed; date_updated 2025-07-24"
MET,2026,1,SBTi Target Dashboard,https://files.sciencebasedtargets.org/production/files/companies-excel.xlsx,2026-09-13,"SBTi 'MetLife, Inc.' (sbti_id 40015075, matched by isin): near_term=Committed; net_zero=-; date_updated 2016-04-20"
META,2026,3,SBTi Target Dashboard,https://files.sciencebasedtargets.org/production/files/companies-excel.xlsx,2026-09-13,"SBTi 'Meta Platforms, Inc.' (sbti_id 40011493, matched by isin): near_term=Targets set 1.5°C; net_zero=Commitment removed; date_updated 2024-02-29"
MGM,2026,3,SBTi Target Dashboard,https://files.sciencebasedtargets.org/production/files/companies-excel.xlsx,2026-09-13,"SBTi 'MGM Resorts International' (sbti_id 40012348, matched by isin): near_term=Targets set 1.5°C; net_zero=-; date_updated 2023-05-04"
MKC,2026,4,SBTi Target Dashboard,https://files.sciencebasedtargets.org/production/files/companies-excel.xlsx,2026-09-13,"SBTi 'McCormick & Company, Incorporated' (sbti_id 40000956, matched by isin): near_term=Targets set 1.5°C; net_zero=Targets set; date_updated 2023-11-23"
MLM,2026,3,SBTi Target Dashboard,https://files.sciencebasedtargets.org/production/files/companies-excel.xlsx,2026-09-13,"SBTi 'Martin Marietta Materials, Inc.' (sbti_id 40000939, matched by isin): near_term=Targets set 1.5°C; net_zero=-; date_updated 2026-03-12"
MMM,2026,3,SBTi Target Dashboard,https://files.sciencebasedtargets.org/production/files/companies-excel.xlsx,2026-09-13,"SBTi '3M' (sbti_id 40001115, matched by isin): near_term=Targets set 1.5°C; net_zero=-; date_updated 2024-10-03"
MNST,2026,0,SBTi Target Dashboard,https://files.sciencebasedtargets.org/production/files/companies-excel.xlsx,2026-09-13,"SBTi 'Monster Beverage Corporation' (sbti_id 40015566, matched by isin): near_term=Commitment removed; net_zero=-; date_updated 2024-01-18"
MO,2026,4,SBTi Target Dashboard,https://files.sciencebasedtargets.org/production/files/companies-excel.xlsx,2026-09-13,"SBTi 'Altria Group, Inc.' (sbti_id 40004335, matched by isin): near_term=Targets set 1.5°C; net_zero=Targets set; date_updated 2024-10-03"
MOS,2026,0,SBTi Target Dashboard,https://files.sciencebasedtargets.org/production/files/companies-excel.xlsx,2026-09-13,not listed on SBTi dashboard on 2026-09-13
MPC,2026,0,SBTi Target Dashboard,https://files.sciencebasedtargets.org/production/files/companies-excel.xlsx,2026-09-13,not listed on SBTi dashboard on 2026-09-13
MPWR,2026,0,SBTi Target Dashboard,https://files.sciencebasedtargets.org/production/files/companies-excel.xlsx,2026-09-13,not listed on SBTi dashboard on 2026-09-13
MRK,2026,4,SBTi Target Dashboard,https://files.sciencebasedtargets.org/production/files/companies-excel.xlsx,2026-09-13,"SBTi 'Merck & Co., Inc., Rahway, NJ USA, which is known as MSD outside the U.S. and Canada' (sbti_id 40005417, matched by isin): near_term=Targets set 1.5°C; net_zero=Targets set; date_updated 2025-07-10"
MRNA,2026,4,SBTi Target Dashboard,https://files.sciencebasedtargets.org/production/files/companies-excel.xlsx,2026-09-13,"SBTi 'Moderna, Inc.' (sbti_id 40008085, matched by isin): near_term=Targets set 1.5°C; net_zero=Targets set; date_updated 2025-01-09"
MRSH,2026,4,SBTi Target Dashboard,https://files.sciencebasedtargets.org/production/files/companies-excel.xlsx,2026-09-13,"SBTi 'Marsh McLennan' (sbti_id 40000243, matched by name): near_term=Targets set 1.5°C; net_zero=Targets set; date_updated 2024-08-01"
MRVL,2026,3,SBTi Target Dashboard,https://files.sciencebasedtargets.org/production/files/companies-excel.xlsx,2026-09-13,"SBTi 'Marvell Technology Inc.' (sbti_id 40006650, matched by isin): near_term=Targets set 1.5°C; net_zero=Commitment removed; date_updated 2024-03-14"
MS,2026,0,SBTi Target Dashboard,https://files.sciencebasedtargets.org/production/files/companies-excel.xlsx,2026-09-13,not listed on SBTi dashboard on 2026-09-13
MSCI,2026,4,SBTi Target Dashboard,https://files.sciencebasedtargets.org/production/files/companies-excel.xlsx,2026-09-13,"SBTi 'MSCI Inc.' (sbti_id 40003345, matched by isin): near_term=Targets set 1.5°C; net_zero=Targets set; date_updated 2022-12-08"
MSFT,2026,3,SBTi Target Dashboard,https://files.sciencebasedtargets.org/production/files/companies-excel.xlsx,2026-09-13,"SBTi 'Microsoft Corporation' (sbti_id 40005011, matched by isin): near_term=Targets set 1.5°C; net_zero=Commitment removed; date_updated 2020-01-01"
MSI,2026,0,SBTi Target Dashboard,https://files.sciencebasedtargets.org/production/files/companies-excel.xlsx,2026-09-13,not listed on SBTi dashboard on 2026-09-13
MTB,2026,0,SBTi Target Dashboard,https://files.sciencebasedtargets.org/production/files/companies-excel.xlsx,2026-09-13,not listed on SBTi dashboard on 2026-09-13
MTD,2026,4,SBTi Target Dashboard,https://files.sciencebasedtargets.org/production/files/companies-excel.xlsx,2026-09-13,"SBTi 'Mettler-Toledo International Inc.' (sbti_id 40015377, matched by isin): near_term=Targets set 1.5°C; net_zero=Targets set; date_updated 2022-12-01"
MU,2026,0,SBTi Target Dashboard,https://files.sciencebasedtargets.org/production/files/companies-excel.xlsx,2026-09-13,not listed on SBTi dashboard on 2026-09-13
NCLH,2026,0,SBTi Target Dashboard,https://files.sciencebasedtargets.org/production/files/companies-excel.xlsx,2026-09-13,not listed on SBTi dashboard on 2026-09-13
NDAQ,2026,4,SBTi Target Dashboard,https://files.sciencebasedtargets.org/production/files/companies-excel.xlsx,2026-09-13,"SBTi 'Nasdaq, Inc.' (sbti_id 40005542, matched by isin): near_term=Targets set 1.5°C; net_zero=Targets set; date_updated 2025-10-30"
NDSN,2026,0,SBTi Target Dashboard,https://files.sciencebasedtargets.org/production/files/companies-excel.xlsx,2026-09-13,not listed on SBTi dashboard on 2026-09-13
NEE,2026,0,SBTi Target Dashboard,https://files.sciencebasedtargets.org/production/files/companies-excel.xlsx,2026-09-13,not listed on SBTi dashboard on 2026-09-13
NEM,2026,2,SBTi Target Dashboard,https://files.sciencebasedtargets.org/production/files/companies-excel.xlsx,2026-09-13,"SBTi 'Newmont Corporation' (sbti_id 40004162, matched by isin): near_term=Targets set Well-below 2°C; net_zero=-; date_updated 2022-10-27"
NFLX,2026,3,SBTi Target Dashboard,https://files.sciencebasedtargets.org/production/files/companies-excel.xlsx,2026-09-13,"SBTi 'Netflix' (sbti_id 40010747, matched by isin): near_term=Targets set 1.5°C; net_zero=Commitment removed; date_updated 2023-03-30"
NI,2026,0,SBTi Target Dashboard,https://files.sciencebasedtargets.org/production/files/companies-excel.xlsx,2026-09-13,not listed on SBTi dashboard on 2026-09-13
NKE,2026,3,SBTi Target Dashboard,https://files.sciencebasedtargets.org/production/files/companies-excel.xlsx,2026-09-13,"SBTi 'NIKE, Inc.' (sbti_id 40004519, matched by isin): near_term=Targets set 1.5°C; net_zero=-; date_updated 2019-09-19"
NOC,2026,0,SBTi Target Dashboard,https://files.sciencebasedtargets.org/production/files/companies-excel.xlsx,2026-09-13,not listed on SBTi dashboard on 2026-09-13
NOW,2026,3,SBTi Target Dashboard,https://files.sciencebasedtargets.org/production/files/companies-excel.xlsx,2026-09-13,"SBTi 'ServiceNow Inc.' (sbti_id 40003116, matched by isin): near_term=Targets set 1.5°C; net_zero=-; date_updated 2021-12-16"
NRG,2026,3,SBTi Target Dashboard,https://files.sciencebasedtargets.org/production/files/companies-excel.xlsx,2026-09-13,"SBTi 'NRG Energy Inc' (sbti_id 40012374, matched by isin): near_term=Targets set 1.5°C; net_zero=Commitment removed; date_updated 2021-03-11"
NSC,2026,2,SBTi Target Dashboard,https://files.sciencebasedtargets.org/production/files/companies-excel.xlsx,2026-09-13,"SBTi 'Norfolk Southern Corporation' (sbti_id 40015206, matched by isin): near_term=Targets set Well-below 2°C; net_zero=-; date_updated 2021-07-29"
NTAP,2026,3,SBTi Target Dashboard,https://files.sciencebasedtargets.org/production/files/companies-excel.xlsx,2026-09-13,"SBTi 'NetApp Inc.' (sbti_id 40005427, matched by isin): near_term=Targets set 1.5°C; net_zero=-; date_updated 2025-01-16"
NTRS,2026,1,SBTi Target Dashboard,https://files.sciencebasedtargets.org/production/files/companies-excel.xlsx,2026-09-13,"SBTi 'Northern Trust' (sbti_id 40005759, matched by isin): near_term=Committed; net_zero=Committed; date_updated 2022-09-15"
NUE,2026,0,SBTi Target Dashboard,https://files.sciencebasedtargets.org/production/files/companies-excel.xlsx,2026-09-13,not listed on SBTi dashboard on 2026-09-13
NVDA,2026,3,SBTi Target Dashboard,https://files.sciencebasedtargets.org/production/files/companies-excel.xlsx,2026-09-13,"SBTi 'NVIDIA' (sbti_id 40018902, matched by isin): near_term=Targets set 1.5°C; net_zero=-; date_updated 2025-07-10"
NVR,2026,0,SBTi Target Dashboard,https://files.sciencebasedtargets.org/production/files/companies-excel.xlsx,2026-09-13,not listed on SBTi dashboard on 2026-09-13
NWS,2026,4,SBTi Target Dashboard,https://files.sciencebasedtargets.org/production/files/companies-excel.xlsx,2026-09-13,"SBTi 'News Corp' (sbti_id 40007841, matched by isin): near_term=Targets set 1.5°C; net_zero=Targets set; date_updated 2023-06-29"
NWSA,2026,4,SBTi Target Dashboard,https://files.sciencebasedtargets.org/production/files/companies-excel.xlsx,2026-09-13,"SBTi 'News Corp' (sbti_id 40007841, matched by isin): near_term=Targets set 1.5°C; net_zero=Targets set; date_updated 2023-06-29; matched to share class NWS (same SEC CIK)"
NXPI,2026,3,SBTi Target Dashboard,https://files.sciencebasedtargets.org/production/files/companies-excel.xlsx,2026-09-13,"SBTi 'NXP Semiconductors' (sbti_id 40004048, matched by isin): near_term=Targets set 1.5°C; net_zero=-; date_updated 2024-07-25"
O,2026,0,SBTi Target Dashboard,https://files.sciencebasedtargets.org/production/files/companies-excel.xlsx,2026-09-13,not listed on SBTi dashboard on 2026-09-13
ODFL,2026,0,SBTi Target Dashboard,https://files.sciencebasedtargets.org/production/files/companies-excel.xlsx,2026-09-13,not listed on SBTi dashboard on 2026-09-13
OKE,2026,0,SBTi Target Dashboard,https://files.sciencebasedtargets.org/production/files/companies-excel.xlsx,2026-09-13,not listed on SBTi dashboard on 2026-09-13
OMC,2026,3,SBTi Target Dashboard,https://files.sciencebasedtargets.org/production/files/companies-excel.xlsx,2026-09-13,"SBTi 'Omnicom Group' (sbti_id 40012783, matched by isin): near_term=Targets set 1.5°C; net_zero=-; date_updated 2023-06-15"
ON,2026,3,SBTi Target Dashboard,https://files.sciencebasedtargets.org/production/files/companies-excel.xlsx,2026-09-13,"SBTi 'onsemi' (sbti_id 40003133, matched by isin): near_term=Targets set 1.5°C; net_zero=-; date_updated 2025-01-09"
ORCL,2026,0,SBTi Target Dashboard,https://files.sciencebasedtargets.org/production/files/companies-excel.xlsx,2026-09-13,not listed on SBTi dashboard on 2026-09-13
ORLY,2026,0,SBTi Target Dashboard,https://files.sciencebasedtargets.org/production/files/companies-excel.xlsx,2026-09-13,not listed on SBTi dashboard on 2026-09-13
OTIS,2026,3,SBTi Target Dashboard,https://files.sciencebasedtargets.org/production/files/companies-excel.xlsx,2026-09-13,"SBTi 'Otis Worldwide Corporation' (sbti_id 40010878, matched by isin): near_term=Targets set 1.5°C; net_zero=-; date_updated 2024-05-16"
OXY,2026,0,SBTi Target Dashboard,https://files.sciencebasedtargets.org/production/files/companies-excel.xlsx,2026-09-13,not listed on SBTi dashboard on 2026-09-13
PANW,2026,4,SBTi Target Dashboard,https://files.sciencebasedtargets.org/production/files/companies-excel.xlsx,2026-09-13,"SBTi 'Palo Alto Networks' (sbti_id 40002883, matched by isin): near_term=Targets set 1.5°C; net_zero=Targets set; date_updated 2024-09-19"
PAYX,2026,0,SBTi Target Dashboard,https://files.sciencebasedtargets.org/production/files/companies-excel.xlsx,2026-09-13,not listed on SBTi dashboard on 2026-09-13
PCAR,2026,2,SBTi Target Dashboard,https://files.sciencebasedtargets.org/production/files/companies-excel.xlsx,2026-09-13,"SBTi 'PACCAR Inc' (sbti_id 40000021, matched by isin): near_term=Targets set Well-below 2°C; net_zero=-; date_updated 2021-05-06"
PCG,2026,0,SBTi Target Dashboard,https://files.sciencebasedtargets.org/production/files/companies-excel.xlsx,2026-09-13,"SBTi 'PG&E Corporation' (sbti_id 40015754, matched by isin): near_term=Commitment removed; net_zero=-; date_updated 2022-08-04"
PEG,2026,0,SBTi Target Dashboard,https://files.sciencebasedtargets.org/production/files/companies-excel.xlsx,2026-09-13,"SBTi 'Public Service Enterprise Group Inc. (PSEG)' (sbti_id 40010459, matched by isin): near_term=Commitment removed; net_zero=-; date_updated 2021-09-29"
PEP,2026,4,SBTi Target Dashboard,https://files.sciencebasedtargets.org/production/files/companies-excel.xlsx,2026-09-13,"SBTi 'PepsiCo, Inc.' (sbti_id 40010750, matched by isin): near_term=Targets set 1.5°C; net_zero=Targets set; date_updated 2025-05-29"
PFE,2026,3,SBTi Target Dashboard,https://files.sciencebasedtargets.org/production/files/companies-excel.xlsx,2026-09-13,"SBTi 'Pfizer Inc.' (sbti_id 40013466, matched by isin): near_term=Targets set 1.5°C; net_zero=Commitment removed; date_updated 2022-06-02"
PFG,2026,0,SBTi Target Dashboard,https://files.sciencebasedtargets.org/production/files/companies-excel.xlsx,2026-09-13,"SBTi 'Principal Financial Group, Inc.' (sbti_id 40000055, matched by isin): near_term=Commitment removed; net_zero=-; date_updated 2015-06-01"
PG,2026,3,SBTi Target Dashboard,https://files.sciencebasedtargets.org/production/files/companies-excel.xlsx,2026-09-13,"SBTi 'Procter & Gamble Company' (sbti_id 40004926, matched by isin): near_term=Targets set 1.5°C; net_zero=Commitment removed; date_updated 2023-11-09"
PGR,2026,0,SBTi Target Dashboard,https://files.sciencebasedtargets.org/production/files/companies-excel.xlsx,2026-09-13,not listed on SBTi dashboard on 2026-09-13
PH,2026,3,SBTi Target Dashboard,https://files.sciencebasedtargets.org/production/files/companies-excel.xlsx,2026-09-13,"SBTi 'Parker Hannifin Corporation' (sbti_id 40005041, matched by isin): near_term=Targets set 1.5°C; net_zero=-; date_updated 2025-09-04"
PHM,2026,0,SBTi Target Dashboard,https://files.sciencebasedtargets.org/production/files/companies-excel.xlsx,2026-09-13,not listed on SBTi dashboard on 2026-09-13
PKG,2026,0,SBTi Target Dashboard,https://files.sciencebasedtargets.org/production/files/companies-excel.xlsx,2026-09-13,not listed on SBTi dashboard on 2026-09-13
PLD,2026,4,SBTi Target Dashboard,https://files.sciencebasedtargets.org/production/files/companies-excel.xlsx,2026-09-13,"SBTi 'Prologis Inc.' (sbti_id 40005659, matched by isin): near_term=Targets set 1.5°C; net_zero=Targets set; date_updated 2024-04-25"
PLTR,2026,0,SBTi Target Dashboard,https://files.sciencebasedtargets.org/production/files/companies-excel.xlsx,2026-09-13,"SBTi 'Palantir Technologies Inc.' (sbti_id 40014284, matched by isin): near_term=Commitment removed; net_zero=-; date_updated 2021-10-14"
PM,2026,4,SBTi Target Dashboard,https://files.sciencebasedtargets.org/production/files/companies-excel.xlsx,2026-09-13,"SBTi 'Philip Morris International' (sbti_id 40002667, matched by isin): near_term=Targets set 1.5°C; net_zero=Targets set; date_updated 2026-01-08"
PNC,2026,0,SBTi Target Dashboard,https://files.sciencebasedtargets.org/production/files/companies-excel.xlsx,2026-09-13,not listed on SBTi dashboard on 2026-09-13
PNR,2026,0,SBTi Target Dashboard,https://files.sciencebasedtargets.org/production/files/companies-excel.xlsx,2026-09-13,not listed on SBTi dashboard on 2026-09-13
PNW,2026,0,SBTi Target Dashboard,https://files.sciencebasedtargets.org/production/files/companies-excel.xlsx,2026-09-13,not listed on SBTi dashboard on 2026-09-13
PODD,2026,0,SBTi Target Dashboard,https://files.sciencebasedtargets.org/production/files/companies-excel.xlsx,2026-09-13,not listed on SBTi dashboard on 2026-09-13
PPG,2026,3,SBTi Target Dashboard,https://files.sciencebasedtargets.org/production/files/companies-excel.xlsx,2026-09-13,"SBTi 'PPG Industries, Inc.' (sbti_id 40006010, matched by isin): near_term=Targets set 1.5°C; net_zero=-; date_updated 2023-05-25"
PPL,2026,0,SBTi Target Dashboard,https://files.sciencebasedtargets.org/production/files/companies-excel.xlsx,2026-09-13,not listed on SBTi dashboard on 2026-09-13
PRU,2026,0,SBTi Target Dashboard,https://files.sciencebasedtargets.org/production/files/companies-excel.xlsx,2026-09-13,not listed on SBTi dashboard on 2026-09-13
PSA,2026,0,SBTi Target Dashboard,https://files.sciencebasedtargets.org/production/files/companies-excel.xlsx,2026-09-13,not listed on SBTi dashboard on 2026-09-13
PSKY,2026,3,SBTi Target Dashboard,https://files.sciencebasedtargets.org/production/files/companies-excel.xlsx,2026-09-13,"SBTi 'Paramount Global' (sbti_id 40013210, matched by manual): near_term=Targets set 1.5°C; net_zero=Commitment removed; date_updated 2026-03-19; manual match: 'Paramount Global' is a subsidiary of Paramount Skydance since the 2025 merger"
PSX,2026,0,SBTi Target Dashboard,https://files.sciencebasedtargets.org/production/files/companies-excel.xlsx,2026-09-13,not listed on SBTi dashboard on 2026-09-13
PTC,2026,4,SBTi Target Dashboard,https://files.sciencebasedtargets.org/production/files/companies-excel.xlsx,2026-09-13,"SBTi 'PTC Inc.' (sbti_id 40014590, matched by manual): near_term=Targets set 1.5°C; net_zero=Targets set; date_updated 2024-09-12; manual match: 'PTC Inc.' - name too short for the automatic name rule"
PWR,2026,0,SBTi Target Dashboard,https://files.sciencebasedtargets.org/production/files/companies-excel.xlsx,2026-09-13,not listed on SBTi dashboard on 2026-09-13
PYPL,2026,3,SBTi Target Dashboard,https://files.sciencebasedtargets.org/production/files/companies-excel.xlsx,2026-09-13,"SBTi 'PayPal' (sbti_id 40009668, matched by isin): near_term=Targets set 1.5°C; net_zero=-; date_updated 2021-04-08"
Q,2026,0,SBTi Target Dashboard,https://files.sciencebasedtargets.org/production/files/companies-excel.xlsx,2026-09-13,not listed on SBTi dashboard on 2026-09-13
QCOM,2026,4,SBTi Target Dashboard,https://files.sciencebasedtargets.org/production/files/companies-excel.xlsx,2026-09-13,"SBTi 'Qualcomm Incorporated' (sbti_id 40005716, matched by isin): near_term=Targets set 1.5°C; net_zero=Targets set; date_updated 2023-10-05"
RCL,2026,0,SBTi Target Dashboard,https://files.sciencebasedtargets.org/production/files/companies-excel.xlsx,2026-09-13,not listed on SBTi dashboard on 2026-09-13
RDDT,2026,0,SBTi Target Dashboard,https://files.sciencebasedtargets.org/production/files/companies-excel.xlsx,2026-09-13,not listed on SBTi dashboard on 2026-09-13
REG,2026,2,SBTi Target Dashboard,https://files.sciencebasedtargets.org/production/files/companies-excel.xlsx,2026-09-13,"SBTi 'Regency Centers Corporation' (sbti_id 40011626, matched by isin): near_term=Targets set Well-below 2°C; net_zero=-; date_updated 2022-04-28"
REGN,2026,0,SBTi Target Dashboard,https://files.sciencebasedtargets.org/production/files/companies-excel.xlsx,2026-09-13,not listed on SBTi dashboard on 2026-09-13
RF,2026,0,SBTi Target Dashboard,https://files.sciencebasedtargets.org/production/files/companies-excel.xlsx,2026-09-13,not listed on SBTi dashboard on 2026-09-13
RJF,2026,0,SBTi Target Dashboard,https://files.sciencebasedtargets.org/production/files/companies-excel.xlsx,2026-09-13,not listed on SBTi dashboard on 2026-09-13
RL,2026,3,SBTi Target Dashboard,https://files.sciencebasedtargets.org/production/files/companies-excel.xlsx,2026-09-13,"SBTi 'Ralph Lauren Corporation' (sbti_id 40015354, matched by isin): near_term=Targets set 1.5°C; net_zero=Commitment removed; date_updated 2020-12-03"
RMD,2026,0,SBTi Target Dashboard,https://files.sciencebasedtargets.org/production/files/companies-excel.xlsx,2026-09-13,"SBTi 'ResMed Inc' (sbti_id 40008798, matched by isin): near_term=Commitment removed; net_zero=Commitment removed; date_updated 2023-02-23"
ROK,2026,4,SBTi Target Dashboard,https://files.sciencebasedtargets.org/production/files/companies-excel.xlsx,2026-09-13,"SBTi 'Rockwell Automation Inc.' (sbti_id 40001619, matched by isin): near_term=Targets set 1.5°C; net_zero=Targets set; date_updated 2026-05-14"
ROL,2026,0,SBTi Target Dashboard,https://files.sciencebasedtargets.org/production/files/companies-excel.xlsx,2026-09-13,not listed on SBTi dashboard on 2026-09-13
ROP,2026,0,SBTi Target Dashboard,https://files.sciencebasedtargets.org/production/files/companies-excel.xlsx,2026-09-13,"SBTi 'Roper Technologies, Inc.' (sbti_id 40010844, matched by isin): near_term=Commitment removed; net_zero=-; date_updated 2024-05-02"
ROST,2026,0,SBTi Target Dashboard,https://files.sciencebasedtargets.org/production/files/companies-excel.xlsx,2026-09-13,not listed on SBTi dashboard on 2026-09-13
RSG,2026,2,SBTi Target Dashboard,https://files.sciencebasedtargets.org/production/files/companies-excel.xlsx,2026-09-13,"SBTi 'Republic Services' (sbti_id 40009241, matched by isin): near_term=Targets set Well-below 2°C; net_zero=-; date_updated 2019-09-23"
RTX,2026,0,SBTi Target Dashboard,https://files.sciencebasedtargets.org/production/files/companies-excel.xlsx,2026-09-13,not listed on SBTi dashboard on 2026-09-13
RVTY,2026,0,SBTi Target Dashboard,https://files.sciencebasedtargets.org/production/files/companies-excel.xlsx,2026-09-13,"SBTi 'PerkinElmer' (sbti_id 40004278, matched by name): near_term=Commitment removed; net_zero=-; date_updated 2022-05-05; highest of 2 dashboard rows"
SBAC,2026,3,SBTi Target Dashboard,https://files.sciencebasedtargets.org/production/files/companies-excel.xlsx,2026-09-13,"SBTi 'SBA Communications Corporation' (sbti_id 40006957, matched by isin): near_term=Targets set 1.5°C; net_zero=-; date_updated 2025-08-28"
SBUX,2026,3,SBTi Target Dashboard,https://files.sciencebasedtargets.org/production/files/companies-excel.xlsx,2026-09-13,"SBTi 'Starbucks' (sbti_id 40000857, matched by isin): near_term=Targets set 1.5°C; net_zero=-; date_updated 2021-09-23"
SCHW,2026,0,SBTi Target Dashboard,https://files.sciencebasedtargets.org/production/files/companies-excel.xlsx,2026-09-13,not listed on SBTi dashboard on 2026-09-13
SHW,2026,0,SBTi Target Dashboard,https://files.sciencebasedtargets.org/production/files/companies-excel.xlsx,2026-09-13,not listed on SBTi dashboard on 2026-09-13
SJM,2026,2,SBTi Target Dashboard,https://files.sciencebasedtargets.org/production/files/companies-excel.xlsx,2026-09-13,"SBTi 'The J.M. Smucker Company' (sbti_id 40000309, matched by isin): near_term=Targets set Well-below 2°C; net_zero=-; date_updated 2021-09-16"
SLB,2026,0,SBTi Target Dashboard,https://files.sciencebasedtargets.org/production/files/companies-excel.xlsx,2026-09-13,not listed on SBTi dashboard on 2026-09-13
SMCI,2026,3,SBTi Target Dashboard,https://files.sciencebasedtargets.org/production/files/companies-excel.xlsx,2026-09-13,"SBTi 'Super Micro Computer, Inc.' (sbti_id 40005203, matched by name): near_term=Targets set 1.5°C; net_zero=-; date_updated 2024-09-05"
SNA,2026,0,SBTi Target Dashboard,https://files.sciencebasedtargets.org/production/files/companies-excel.xlsx,2026-09-13,not listed on SBTi dashboard on 2026-09-13
SNDK,2026,1,SBTi Target Dashboard,https://files.sciencebasedtargets.org/production/files/companies-excel.xlsx,2026-09-13,"SBTi 'Sandisk' (sbti_id 40026978, matched by name): near_term=Committed; net_zero=Committed; date_updated 2026-01-08"
SNPS,2026,3,SBTi Target Dashboard,https://files.sciencebasedtargets.org/production/files/companies-excel.xlsx,2026-09-13,"SBTi 'Synopsys, Inc.' (sbti_id 40001274, matched by isin): near_term=Targets set 1.5°C; net_zero=-; date_updated 2023-09-28"
SO,2026,0,SBTi Target Dashboard,https://files.sciencebasedtargets.org/production/files/companies-excel.xlsx,2026-09-13,not listed on SBTi dashboard on 2026-09-13
SOLV,2026,1,SBTi Target Dashboard,https://files.sciencebasedtargets.org/production/files/companies-excel.xlsx,2026-09-13,"SBTi 'SOLVENTUM CORPORATION' (sbti_id 40020995, matched by isin): near_term=Committed; net_zero=Committed; date_updated 2025-03-13"
SPG,2026,3,SBTi Target Dashboard,https://files.sciencebasedtargets.org/production/files/companies-excel.xlsx,2026-09-13,"SBTi 'Simon Property Group' (sbti_id 40003858, matched by isin): near_term=Targets set 1.5°C; net_zero=-; date_updated 2020-10-08"
SPGI,2026,4,SBTi Target Dashboard,https://files.sciencebasedtargets.org/production/files/companies-excel.xlsx,2026-09-13,"SBTi 'S&P Global Inc.' (sbti_id 40003679, matched by isin): near_term=Targets set 1.5°C; net_zero=Targets set; date_updated 2024-11-28"
SRE,2026,0,SBTi Target Dashboard,https://files.sciencebasedtargets.org/production/files/companies-excel.xlsx,2026-09-13,not listed on SBTi dashboard on 2026-09-13
STE,2026,1,SBTi Target Dashboard,https://files.sciencebasedtargets.org/production/files/companies-excel.xlsx,2026-09-13,"SBTi 'STERIS' (sbti_id 40017778, matched by isin): near_term=Committed; net_zero=-; date_updated 2024-12-05"
STLD,2026,0,SBTi Target Dashboard,https://files.sciencebasedtargets.org/production/files/companies-excel.xlsx,2026-09-13,not listed on SBTi dashboard on 2026-09-13
STT,2026,0,SBTi Target Dashboard,https://files.sciencebasedtargets.org/production/files/companies-excel.xlsx,2026-09-13,not listed on SBTi dashboard on 2026-09-13
STX,2026,3,SBTi Target Dashboard,https://files.sciencebasedtargets.org/production/files/companies-excel.xlsx,2026-09-13,"SBTi 'Seagate Technology' (sbti_id 40006753, matched by name): near_term=Targets set 1.5°C; net_zero=-; date_updated 2026-08-20"
STZ,2026,0,SBTi Target Dashboard,https://files.sciencebasedtargets.org/production/files/companies-excel.xlsx,2026-09-13,not listed on SBTi dashboard on 2026-09-13
SW,2026,2,SBTi Target Dashboard,https://files.sciencebasedtargets.org/production/files/companies-excel.xlsx,2026-09-13,"SBTi 'Smurfit Kappa Group' (sbti_id 40000368, matched by manual): near_term=Targets set Well-below 2°C; net_zero=-; date_updated 2022-01-13; manual match: 'Smurfit Kappa Group' merged into Smurfit Westrock plc 2024; highest of 2 dashboard rows"
SWK,2026,3,SBTi Target Dashboard,https://files.sciencebasedtargets.org/production/files/companies-excel.xlsx,2026-09-13,"SBTi 'Stanley Black & Decker' (sbti_id 40011620, matched by isin): near_term=Targets set 1.5°C; net_zero=-; date_updated 2025-01-16"
SWKS,2026,0,SBTi Target Dashboard,https://files.sciencebasedtargets.org/production/files/companies-excel.xlsx,2026-09-13,not listed on SBTi dashboard on 2026-09-13
SYF,2026,0,SBTi Target Dashboard,https://files.sciencebasedtargets.org/production/files/companies-excel.xlsx,2026-09-13,not listed on SBTi dashboard on 2026-09-13
SYK,2026,0,SBTi Target Dashboard,https://files.sciencebasedtargets.org/production/files/companies-excel.xlsx,2026-09-13,"SBTi 'STRYKER CORPORATION' (sbti_id 40008600, matched by name): near_term=Commitment removed; net_zero=-; date_updated 2024-01-11"
SYY,2026,2,SBTi Target Dashboard,https://files.sciencebasedtargets.org/production/files/companies-excel.xlsx,2026-09-13,"SBTi 'Sysco Corporation' (sbti_id 40014225, matched by isin): near_term=Targets set Well-below 2°C; net_zero=-; date_updated 2022-08-25"
T,2026,3,SBTi Target Dashboard,https://files.sciencebasedtargets.org/production/files/companies-excel.xlsx,2026-09-13,"SBTi 'AT&T Inc.' (sbti_id 40013776, matched by isin): near_term=Targets set 1.5°C; net_zero=-; date_updated 2021-05-20"
TAP,2026,4,SBTi Target Dashboard,https://files.sciencebasedtargets.org/production/files/companies-excel.xlsx,2026-09-13,"SBTi 'Molson Coors Brewing Company' (sbti_id 40001823, matched by isin): near_term=Targets set 1.5°C; net_zero=Targets set; date_updated 2024-01-04"
TDG,2026,0,SBTi Target Dashboard,https://files.sciencebasedtargets.org/production/files/companies-excel.xlsx,2026-09-13,not listed on SBTi dashboard on 2026-09-13
TDY,2026,0,SBTi Target Dashboard,https://files.sciencebasedtargets.org/production/files/companies-excel.xlsx,2026-09-13,not listed on SBTi dashboard on 2026-09-13
TECH,2026,3,SBTi Target Dashboard,https://files.sciencebasedtargets.org/production/files/companies-excel.xlsx,2026-09-13,"SBTi 'Bio-Techne' (sbti_id 40016149, matched by isin): near_term=Targets set 1.5°C; net_zero=-; date_updated 2026-08-27"
TEL,2026,3,SBTi Target Dashboard,https://files.sciencebasedtargets.org/production/files/companies-excel.xlsx,2026-09-13,"SBTi 'TE Connectivity Ltd' (sbti_id 40001391, matched by name): near_term=Targets set 1.5°C; net_zero=-; date_updated 2024-04-11"
TER,2026,4,SBTi Target Dashboard,https://files.sciencebasedtargets.org/production/files/companies-excel.xlsx,2026-09-13,"SBTi 'Teradyne, Inc.' (sbti_id 40008027, matched by isin): near_term=Targets set 1.5°C; net_zero=Targets set; date_updated 2026-06-25"
TFC,2026,0,SBTi Target Dashboard,https://files.sciencebasedtargets.org/production/files/companies-excel.xlsx,2026-09-13,not listed on SBTi dashboard on 2026-09-13
TGT,2026,2,SBTi Target Dashboard,https://files.sciencebasedtargets.org/production/files/companies-excel.xlsx,2026-09-13,"SBTi 'Target Corporation' (sbti_id 40002625, matched by isin): near_term=Targets set 2°C; net_zero=Committed; date_updated 2021-07-01"
TJX,2026,0,SBTi Target Dashboard,https://files.sciencebasedtargets.org/production/files/companies-excel.xlsx,2026-09-13,not listed on SBTi dashboard on 2026-09-13
TKO,2026,0,SBTi Target Dashboard,https://files.sciencebasedtargets.org/production/files/companies-excel.xlsx,2026-09-13,not listed on SBTi dashboard on 2026-09-13
TMO,2026,4,SBTi Target Dashboard,https://files.sciencebasedtargets.org/production/files/companies-excel.xlsx,2026-09-13,"SBTi 'Thermo Fisher Scientific Inc.' (sbti_id 40002694, matched by isin): near_term=Targets set 1.5°C; net_zero=Targets set; date_updated 2023-04-13"
TMUS,2026,4,SBTi Target Dashboard,https://files.sciencebasedtargets.org/production/files/companies-excel.xlsx,2026-09-13,"SBTi 'T-Mobile USA, Inc.' (sbti_id 40003553, matched by isin): near_term=Targets set 1.5°C; net_zero=Targets set; date_updated 2022-11-24"
TPL,2026,0,SBTi Target Dashboard,https://files.sciencebasedtargets.org/production/files/companies-excel.xlsx,2026-09-13,not listed on SBTi dashboard on 2026-09-13
TPR,2026,4,SBTi Target Dashboard,https://files.sciencebasedtargets.org/production/files/companies-excel.xlsx,2026-09-13,"SBTi 'Tapestry, Inc.' (sbti_id 40010593, matched by isin): near_term=Targets set 1.5°C; net_zero=Targets set; date_updated 2026-05-21"
TRGP,2026,0,SBTi Target Dashboard,https://files.sciencebasedtargets.org/production/files/companies-excel.xlsx,2026-09-13,not listed on SBTi dashboard on 2026-09-13
TRMB,2026,3,SBTi Target Dashboard,https://files.sciencebasedtargets.org/production/files/companies-excel.xlsx,2026-09-13,"SBTi 'Trimble Inc' (sbti_id 40013292, matched by name): near_term=Targets set 1.5°C; net_zero=-; date_updated 2022-08-25"
TROW,2026,0,SBTi Target Dashboard,https://files.sciencebasedtargets.org/production/files/companies-excel.xlsx,2026-09-13,not listed on SBTi dashboard on 2026-09-13
TRV,2026,0,SBTi Target Dashboard,https://files.sciencebasedtargets.org/production/files/companies-excel.xlsx,2026-09-13,not listed on SBTi dashboard on 2026-09-13
TSCO,2026,0,SBTi Target Dashboard,https://files.sciencebasedtargets.org/production/files/companies-excel.xlsx,2026-09-13,"SBTi 'Tractor Supply Company' (sbti_id 40007783, matched by isin): near_term=Commitment removed; net_zero=-; date_updated 2023-10-26"
TSLA,2026,0,SBTi Target Dashboard,https://files.sciencebasedtargets.org/production/files/companies-excel.xlsx,2026-09-13,"SBTi 'Tesla Inc.' (sbti_id 40009923, matched by isin): near_term=Commitment removed; net_zero=-; date_updated 2021-10-26"
TSN,2026,2,SBTi Target Dashboard,https://files.sciencebasedtargets.org/production/files/companies-excel.xlsx,2026-09-13,"SBTi 'Tyson Foods, Inc.' (sbti_id 40001494, matched by isin): near_term=Targets set 2°C; net_zero=-; date_updated 2018-09-26"
TT,2026,4,SBTi Target Dashboard,https://files.sciencebasedtargets.org/production/files/companies-excel.xlsx,2026-09-13,"SBTi 'Trane Technologies Plc.' (sbti_id 40005184, matched by name): near_term=Targets set 1.5°C; net_zero=Targets set; date_updated 2022-04-28"
TTD,2026,0,SBTi Target Dashboard,https://files.sciencebasedtargets.org/production/files/companies-excel.xlsx,2026-09-13,not listed on SBTi dashboard on 2026-09-13
TTWO,2026,3,SBTi Target Dashboard,https://files.sciencebasedtargets.org/production/files/companies-excel.xlsx,2026-09-13,"SBTi 'Take-Two Interactive Software, Inc.' (sbti_id 40004277, matched by isin): near_term=Targets set 1.5°C; net_zero=-; date_updated 2024-12-12"
TXN,2026,3,SBTi Target Dashboard,https://files.sciencebasedtargets.org/production/files/companies-excel.xlsx,2026-09-13,"SBTi 'Texas Instruments' (sbti_id 40016887, matched by name): near_term=Targets set 1.5°C; net_zero=-; date_updated 2026-04-30"
TXT,2026,0,SBTi Target Dashboard,https://files.sciencebasedtargets.org/production/files/companies-excel.xlsx,2026-09-13,"not listed on SBTi dashboard on 2026-09-13; its unit 'Kautex Textron' is listed (near_term=Targets set, net_zero=Targets set) but not counted - unit target only; Kautex entities are in Textron's 10-K Exhibit 21"
TYL,2026,0,SBTi Target Dashboard,https://files.sciencebasedtargets.org/production/files/companies-excel.xlsx,2026-09-13,not listed on SBTi dashboard on 2026-09-13
UAL,2026,2,SBTi Target Dashboard,https://files.sciencebasedtargets.org/production/files/companies-excel.xlsx,2026-09-13,"SBTi 'United Airlines, Inc.' (sbti_id 40005583, matched by isin): near_term=Targets set Well-below 2°C; net_zero=Commitment removed; date_updated 2023-06-08"
UBER,2026,4,SBTi Target Dashboard,https://files.sciencebasedtargets.org/production/files/companies-excel.xlsx,2026-09-13,"SBTi 'Uber Technologies, Inc.' (sbti_id 40000011, matched by isin): near_term=Targets set 1.5°C; net_zero=Targets set; date_updated 2023-04-13"
UDR,2026,0,SBTi Target Dashboard,https://files.sciencebasedtargets.org/production/files/companies-excel.xlsx,2026-09-13,"SBTi 'UDR' (sbti_id 40013723, matched by isin): near_term=Commitment removed; net_zero=-; date_updated 2021-08-05"
UHS,2026,0,SBTi Target Dashboard,https://files.sciencebasedtargets.org/production/files/companies-excel.xlsx,2026-09-13,not listed on SBTi dashboard on 2026-09-13
ULTA,2026,3,SBTi Target Dashboard,https://files.sciencebasedtargets.org/production/files/companies-excel.xlsx,2026-09-13,"SBTi 'Ulta Beauty, Inc.' (sbti_id 40012126, matched by isin): near_term=Targets set 1.5°C; net_zero=-; date_updated 2023-11-30"
UNH,2026,3,SBTi Target Dashboard,https://files.sciencebasedtargets.org/production/files/companies-excel.xlsx,2026-09-13,"SBTi 'UnitedHealth Group' (sbti_id 40004642, matched by name): near_term=Targets set 1.5°C; net_zero=Committed; date_updated 2025-05-29"
UNP,2026,3,SBTi Target Dashboard,https://files.sciencebasedtargets.org/production/files/companies-excel.xlsx,2026-09-13,"SBTi 'Union Pacific Corporation' (sbti_id 40005282, matched by isin): near_term=Targets set 1.5°C; net_zero=Commitment removed; date_updated 2024-03-28"
UPS,2026,0,SBTi Target Dashboard,https://files.sciencebasedtargets.org/production/files/companies-excel.xlsx,2026-09-13,not listed on SBTi dashboard on 2026-09-13
URI,2026,0,SBTi Target Dashboard,https://files.sciencebasedtargets.org/production/files/companies-excel.xlsx,2026-09-13,not listed on SBTi dashboard on 2026-09-13
USB,2026,0,SBTi Target Dashboard,https://files.sciencebasedtargets.org/production/files/companies-excel.xlsx,2026-09-13,not listed on SBTi dashboard on 2026-09-13
V,2026,4,SBTi Target Dashboard,https://files.sciencebasedtargets.org/production/files/companies-excel.xlsx,2026-09-13,"SBTi 'Visa Inc.' (sbti_id 40007796, matched by isin): near_term=Targets set 1.5°C; net_zero=Targets set; date_updated 2025-01-09"
VEEV,2026,3,SBTi Target Dashboard,https://files.sciencebasedtargets.org/production/files/companies-excel.xlsx,2026-09-13,"SBTi 'Veeva Systems Inc.' (sbti_id 40005368, matched by isin): near_term=Targets set 1.5°C; net_zero=-; date_updated 2025-08-28"
VICI,2026,0,SBTi Target Dashboard,https://files.sciencebasedtargets.org/production/files/companies-excel.xlsx,2026-09-13,not listed on SBTi dashboard on 2026-09-13
VLO,2026,0,SBTi Target Dashboard,https://files.sciencebasedtargets.org/production/files/companies-excel.xlsx,2026-09-13,not listed on SBTi dashboard on 2026-09-13
VLTO,2026,1,SBTi Target Dashboard,https://files.sciencebasedtargets.org/production/files/companies-excel.xlsx,2026-09-13,"SBTi 'Veralto' (sbti_id 40017076, matched by isin): near_term=Committed; net_zero=-; date_updated 2024-11-28"
VMC,2026,0,SBTi Target Dashboard,https://files.sciencebasedtargets.org/production/files/companies-excel.xlsx,2026-09-13,not listed on SBTi dashboard on 2026-09-13
VMRK,2026,2,SBTi Target Dashboard,https://files.sciencebasedtargets.org/production/files/companies-excel.xlsx,2026-09-13,"SBTi 'Equity Residential' (sbti_id 40006199, matched by isin): near_term=Targets set Well-below 2°C; net_zero=-; date_updated 2023-03-23"
VRSK,2026,4,SBTi Target Dashboard,https://files.sciencebasedtargets.org/production/files/companies-excel.xlsx,2026-09-13,"SBTi 'Verisk Analytics' (sbti_id 40009845, matched by isin): near_term=Targets set 1.5°C; net_zero=Targets set; date_updated 2025-02-20"
VRSN,2026,0,SBTi Target Dashboard,https://files.sciencebasedtargets.org/production/files/companies-excel.xlsx,2026-09-13,not listed on SBTi dashboard on 2026-09-13
VRT,2026,0,SBTi Target Dashboard,https://files.sciencebasedtargets.org/production/files/companies-excel.xlsx,2026-09-13,not listed on SBTi dashboard on 2026-09-13
VRTX,2026,0,SBTi Target Dashboard,https://files.sciencebasedtargets.org/production/files/companies-excel.xlsx,2026-09-13,not listed on SBTi dashboard on 2026-09-13
VST,2026,3,SBTi Target Dashboard,https://files.sciencebasedtargets.org/production/files/companies-excel.xlsx,2026-09-13,"SBTi 'Vistra Corp.' (sbti_id 40011199, matched by isin): near_term=Targets set 1.5°C; net_zero=-; date_updated 2024-08-08"
VTR,2026,3,SBTi Target Dashboard,https://files.sciencebasedtargets.org/production/files/companies-excel.xlsx,2026-09-13,"SBTi 'Ventas, Inc.' (sbti_id 40009376, matched by isin): near_term=Targets set 1.5°C; net_zero=-; date_updated 2024-02-29"
VTRS,2026,3,SBTi Target Dashboard,https://files.sciencebasedtargets.org/production/files/companies-excel.xlsx,2026-09-13,"SBTi 'Viatris Inc.' (sbti_id 40000438, matched by isin): near_term=Targets set 1.5°C; net_zero=-; date_updated 2022-12-08"
VZ,2026,3,SBTi Target Dashboard,https://files.sciencebasedtargets.org/production/files/companies-excel.xlsx,2026-09-13,"SBTi 'Verizon' (sbti_id 40001929, matched by isin): near_term=Targets set 1.5°C; net_zero=Committed; date_updated 2024-10-17"
WAB,2026,0,SBTi Target Dashboard,https://files.sciencebasedtargets.org/production/files/companies-excel.xlsx,2026-09-13,not listed on SBTi dashboard on 2026-09-13
WAT,2026,4,SBTi Target Dashboard,https://files.sciencebasedtargets.org/production/files/companies-excel.xlsx,2026-09-13,"SBTi 'Waters Corporation' (sbti_id 40014894, matched by isin): near_term=Targets set 1.5°C; net_zero=Targets set; date_updated 2025-12-18"
WBD,2026,0,SBTi Target Dashboard,https://files.sciencebasedtargets.org/production/files/companies-excel.xlsx,2026-09-13,not listed on SBTi dashboard on 2026-09-13
WDAY,2026,3,SBTi Target Dashboard,https://files.sciencebasedtargets.org/production/files/companies-excel.xlsx,2026-09-13,"SBTi 'Workday, Inc.' (sbti_id 40009355, matched by isin): near_term=Targets set 1.5°C; net_zero=-; date_updated 2022-03-24"
WDC,2026,3,SBTi Target Dashboard,https://files.sciencebasedtargets.org/production/files/companies-excel.xlsx,2026-09-13,"SBTi 'Western Digital' (sbti_id 40000938, matched by isin): near_term=Targets set 1.5°C; net_zero=-; date_updated 2021-09-09"
WEC,2026,0,SBTi Target Dashboard,https://files.sciencebasedtargets.org/production/files/companies-excel.xlsx,2026-09-13,not listed on SBTi dashboard on 2026-09-13
WELL,2026,2,SBTi Target Dashboard,https://files.sciencebasedtargets.org/production/files/companies-excel.xlsx,2026-09-13,"SBTi 'Welltower Inc.' (sbti_id 40006499, matched by name): near_term=Targets set Well-below 2°C; net_zero=-; date_updated 2022-09-22"
WFC,2026,0,SBTi Target Dashboard,https://files.sciencebasedtargets.org/production/files/companies-excel.xlsx,2026-09-13,not listed on SBTi dashboard on 2026-09-13
WM,2026,3,SBTi Target Dashboard,https://files.sciencebasedtargets.org/production/files/companies-excel.xlsx,2026-09-13,"SBTi 'WM' (sbti_id 40005982, matched by isin): near_term=Targets set 1.5°C; net_zero=-; date_updated 2023-07-20"
WMB,2026,0,SBTi Target Dashboard,https://files.sciencebasedtargets.org/production/files/companies-excel.xlsx,2026-09-13,not listed on SBTi dashboard on 2026-09-13
WMT,2026,3,SBTi Target Dashboard,https://files.sciencebasedtargets.org/production/files/companies-excel.xlsx,2026-09-13,"SBTi 'Walmart Inc.' (sbti_id 40012486, matched by isin): near_term=Targets set 1.5°C; net_zero=Commitment removed; date_updated 2026-07-23"
WRB,2026,0,SBTi Target Dashboard,https://files.sciencebasedtargets.org/production/files/companies-excel.xlsx,2026-09-13,not listed on SBTi dashboard on 2026-09-13
WSM,2026,3,SBTi Target Dashboard,https://files.sciencebasedtargets.org/production/files/companies-excel.xlsx,2026-09-13,"SBTi 'Williams-Sonoma, Inc.' (sbti_id 40010485, matched by isin): near_term=Targets set 1.5°C; net_zero=-; date_updated 2021-05-20"
WST,2026,3,SBTi Target Dashboard,https://files.sciencebasedtargets.org/production/files/companies-excel.xlsx,2026-09-13,"SBTi 'West Pharmaceutical Services, Inc.' (sbti_id 40003146, matched by name): near_term=Targets set 1.5°C; net_zero=-; date_updated 2026-06-11"
WTW,2026,4,SBTi Target Dashboard,https://files.sciencebasedtargets.org/production/files/companies-excel.xlsx,2026-09-13,"SBTi 'WTW' (sbti_id 40013496, matched by isin): near_term=Targets set 1.5°C; net_zero=Targets set; date_updated 2024-11-28"
WY,2026,3,SBTi Target Dashboard,https://files.sciencebasedtargets.org/production/files/companies-excel.xlsx,2026-09-13,"SBTi 'Weyerhaeuser Company' (sbti_id 40004853, matched by isin): near_term=Targets set 1.5°C; net_zero=Commitment removed; date_updated 2021-12-16"
WYNN,2026,0,SBTi Target Dashboard,https://files.sciencebasedtargets.org/production/files/companies-excel.xlsx,2026-09-13,not listed on SBTi dashboard on 2026-09-13
XEL,2026,0,SBTi Target Dashboard,https://files.sciencebasedtargets.org/production/files/companies-excel.xlsx,2026-09-13,not listed on SBTi dashboard on 2026-09-13
XOM,2026,0,SBTi Target Dashboard,https://files.sciencebasedtargets.org/production/files/companies-excel.xlsx,2026-09-13,not listed on SBTi dashboard on 2026-09-13
XYL,2026,3,SBTi Target Dashboard,https://files.sciencebasedtargets.org/production/files/companies-excel.xlsx,2026-09-13,"SBTi 'Xylem Inc.' (sbti_id 40007717, matched by isin): near_term=Targets set 1.5°C; net_zero=Commitment removed; date_updated 2025-01-09"
XYZ,2026,3,SBTi Target Dashboard,https://files.sciencebasedtargets.org/production/files/companies-excel.xlsx,2026-09-13,"SBTi 'Block, Inc.' (sbti_id 40007919, matched by isin): near_term=Targets set 1.5°C; net_zero=Commitment removed; date_updated 2023-08-10"
YUM,2026,3,SBTi Target Dashboard,https://files.sciencebasedtargets.org/production/files/companies-excel.xlsx,2026-09-13,"SBTi 'Yum! Brands, Inc.' (sbti_id 40001982, matched by isin): near_term=Targets set 1.5°C; net_zero=Commitment removed; date_updated 2021-05-20"
ZBH,2026,4,SBTi Target Dashboard,https://files.sciencebasedtargets.org/production/files/companies-excel.xlsx,2026-09-13,"SBTi 'Zimmer Biomet' (sbti_id 40006164, matched by isin): near_term=Targets set 1.5°C; net_zero=Targets set; date_updated 2026-04-30"
ZBRA,2026,3,SBTi Target Dashboard,https://files.sciencebasedtargets.org/production/files/companies-excel.xlsx,2026-09-13,"SBTi 'Zebra Technologies Corporation' (sbti_id 40000674, matched by isin): near_term=Targets set 1.5°C; net_zero=-; date_updated 2022-08-25"
ZTS,2026,0,SBTi Target Dashboard,https://files.sciencebasedtargets.org/production/files/companies-excel.xlsx,2026-09-13,not listed on SBTi dashboard on 2026-09-13
